200,1.53775,1.18581
201,1.54006,1.18933
202,1.54229,1.19289
203,1.54441,1.19649
204,1.54643,1.20013
205,1.54835,1.20383
206,1.55015,1.2076
207,1.55186,1.21143
208,1.55345,1.21533
209,1.55494,1.21931
210,1.55632,1.22338
211,1.55759,1.22754
212,1.55875,1.23181
213,1.55979,1.23618
214,1.56072,1.24068
215,1.56153,1.24531
216,1.56223,1.25008
217,1.5628,1.25501
218,1.56326,1.26011
219,1.56359,1.26539
220,1.56379,1.27088
221,1.56386,1.27659
222,1.5638,1.28256
223,1.5636,1.2888
224,1.56327,1.29536
225,1.56279,1.30226
226,1.56217,1.30955
227,1.56141,1.31729
228,1.56051,1.32553
229,1.55948,1.33437
230,1.55832,1.3439
231,1.55706,1.35424
232,1.55574,1.36553
233,1.55441,1.37796
234,1.55318,1.39176
235,1.5522,1.40723
236,1.55173,1.42476
237,1.55223,1.44486
238,1.55439,1.46805
239,1.55937,1.49491
240,1.56904,1.52592
241,1.58632,1.56094
242,1.6154,1.59823
243,1.66103,1.63252
244,1.72559,1.65238
245,1.8004,1.64366
246,1.86483,1.60145
247,1.89994,1.53935
248,1.90393,1.47887
249,1.88806,1.4328
250,1.86411,1.40288
251,1.83919,1.38599
252,1.81641,1.37807
253,1.79661,1.376
254,1.77979,1.37777
255,1.76562,1.38207
256,1.7537,1.38807
257,1.74368,1.39522
258,1.73526,1.40318
259,1.72817,1.41173
260,1.72219,1.4207
261,1.71715,1.43
262,1.71293,1.43957
263,1.70942,1.44934
264,1.70653,1.45931
265,1.7042,1.46945
266,1.70239,1.47974
267,1.70104,1.49017
268,1.70012,1.50074
269,1.69959,1.51145
270,1.69945,1.52228
271,1.69966,1.53324
272,1.70023,1.54432
273,1.70115,1.55553
274,1.7024,1.56685
275,1.70398,1.57829
276,1.70589,1.58984
277,1.70813,1.6015
278,1.71069,1.61327
279,1.7136,1.62514
280,1.71684,1.6371
281,1.72042,1.64915
282,1.72434,1.66128
283,1.72861,1.67349
284,1.73324,1.68576
285,1.73822,1.69808
286,1.74359,1.71045
287,1.74933,1.72285
288,1.75545,1.73528
289,1.76196,1.74771
290,1.76887,1.76014
291,1.77617,1.77254
292,1.78389,1.7849
293,1.79202,1.79721
294,1.80058,1.80945
295,1.80955,1.82158
296,1.81895,1.83361
297,1.82878,1.84549
298,1.83903,1.85722
299,1.84972,1.86876
300,1.86084,1.8801
301,1.87237,1.8912
302,1.88433,1.90204
303,1.89669,1.9126
304,1.90945,1.92284
305,1.92261,1.93275
306,1.93615,1.94229
307,1.95005,1.95143
308,1.96429,1.96015
309,1.97885,1.96843
310,1.99371,1.97624
311,2.00884,1.98356
312,2.02422,1.99036
313,2.03982,1.99662
314,2.0556,2.00232
315,2.07153,2.00745
316,2.08756,2.012
317,2.10367,2.01596
318,2.11981,2.01932
319,2.13595,2.02206
320,2.15203,2.02419
321,2.16802,2.02572
322,2.18387,2.02666
323,2.19955,2.02702
324,2.21501,2.0268
325,2.23021,2.02602
326,2.2451,2.02472
327,2.25967,2.02291
328,2.27387,2.02062
329,2.28768,2.0179
330,2.30106,2.01476
331,2.31398,2.01124
332,2.32643,2.00739
333,2.33839,2.00325
334,2.34985,1.99885
335,2.3608,1.99424
336,2.37124,1.98946
337,2.38115,1.98455
338,2.39053,1.97955
339,2.39941,1.97451
340,2.40778,1.96945
341,2.41566,1.96443
342,2.42307,1.95946
343,2.43001,1.9546
344,2.4365,1.94987
345,2.44258,1.94529
346,2.44826,1.9409
347,2.45358,1.93671
348,2.45855,1.93276
349,2.4632,1.92905
350,2.46756,1.92561
351,2.47166,1.92244
352,2.47553,1.91956
353,2.4792,1.91698
354,2.4827,1.91469
355,2.48606,1.91271
356,2.48929,1.91104
357,2.49244,1.90968
358,2.49553,1.90861
359,2.49858,1.90784
360,2.50162,1.90736
361,2.50468,1.90717
362,2.50777,1.90725
363,2.51091,1.90759
364,2.51414,1.90817
365,2.51746,1.90899
366,2.5209,1.91002
367,2.52447,1.91126
368,2.52818,1.91269
369,2.53205,1.91429
370,2.53609,1.91603
371,2.54031,1.91789
372,2.54471,1.91987
373,2.54931,1.92194
374,2.55412,1.92408
375,2.55912,1.92627
376,2.56432,1.92849
377,2.56973,1.93071
378,2.57534,1.93293
379,2.58115,1.93511
380,2.58716,1.93724
381,2.59335,1.9393
382,2.59972,1.94128
383,2.60626,1.94315
384,2.61296,1.9449
385,2.61981,1.94651
386,2.62679,1.94798
387,2.63389,1.94928
388,2.6411,1.95042
389,2.6484,1.95137
390,2.65577,1.95212
391,2.66319,1.95268
392,2.67065,1.95304
393,2.67813,1.95319
394,2.68562,1.95313
395,2.69308,1.95287
396,2.70051,1.95239
397,2.70789,1.9517
398,2.7152,1.95082
399,2.72242,1.94974
400,2.72954,1.94848
401,2.73655,1.94703
402,2.74342,1.94542
403,2.75014,1.94364
404,2.75671,1.94172
405,2.76311,1.93966
406,2.76934,1.93749
407,2.77538,1.9352
408,2.78122,1.93282
409,2.78687,1.93036
410,2.79231,1.92784
411,2.79755,1.92527
412,2.80258,1.92266
413,2.8074,1.92003
414,2.81201,1.91741
415,2.81642,1.91479
416,2.82062,1.91219
417,2.82463,1.90963
418,2.82843,1.90712
419,2.83204,1.90467
420,2.83547,1.9023
421,2.83872,1.9
422,2.84181,1.8978
423,2.84472,1.89571
424,2.84748,1.89373
425,2.8501,1.89186
426,2.85258,1.89013
427,2.85494,1.88852
428,2.85717,1.88705
429,2.85929,1.88573
430,2.86132,1.88456
431,2.86325,1.88354
432,2.86511,1.88266
433,2.86689,1.88195
434,2.86861,1.88139
435,2.87028,1.881
436,2.8719,1.88076
437,2.87348,1.88068
438,2.87504,1.88075
439,2.87658,1.88099
440,2.87811,1.88139
441,2.87964,1.88194
442,2.88117,1.88264
443,2.88271,1.88349
444,2.88427,1.8845
445,2.88585,1.88565
446,2.88747,1.88694
447,2.88912,1.88837
448,2.89081,1.88994
449,2.89255,1.89164
450,2.89434,1.89348
451,2.89619,1.89543
452,2.8981,1.89752
453,2.90008,1.89971
454,2.90213,1.90203
455,2.90425,1.90445
456,2.90645,1.90698
457,2.90874,1.90962
458,2.9111,1.91235
459,2.91355,1.91517
460,2.9161,1.91809
461,2.91873,1.92109
462,2.92146,1.92417
463,2.92428,1.92733
464,2.92721,1.93057
465,2.93023,1.93387
466,2.93336,1.93724
467,2.93659,1.94068
468,2.93992,1.94417
469,2.94335,1.94771
470,2.9469,1.9513
471,2.95055,1.95495
472,2.95432,1.95863
473,2.95818,1.96235
474,2.96216,1.96611
475,2.96625,1.9699
476,2.97045,1.97372
477,2.97476,1.97757
478,2.97918,1.98143
479,2.98371,1.98532
480,2.98835,1.98922
481,2.9931,1.99313
482,2.99797,1.99705
483,3.00294,2.00097
484,3.00802,2.0049
485,3.01321,2.00883
486,3.01851,2.01276
487,3.02392,2.01668
488,3.02944,2.02059
489,3.03506,2.02448
490,3.04079,2.02837
491,3.04663,2.03223
492,3.05257,2.03608
493,3.05862,2.03991
494,3.06477,2.04371
495,3.07102,2.04748
496,3.07738,2.05122
497,3.08383,2.05493
498,3.09038,2.05861
499,3.09704,2.06225
500,3.10379,2.06585
501,3.11064,2.06941
502,3.11759,2.07293
503,3.12462,2.0764
504,3.13176,2.07983
505,3.13898,2.0832
506,3.1463,2.08653
507,3.1537,2.0898
508,3.1612,2.09301
509,3.16878,2.09617
510,3.17644,2.09927
511,3.1842,2.10231
512,3.19203,2.10529
513,3.19995,2.1082
514,3.20794,2.11105
515,3.21602,2.11383
516,3.22417,2.11654
517,3.2324,2.11918
518,3.2407,2.12175
519,3.24908,2.12425
520,3.25753,2.12667
521,3.26605,2.12902
522,3.27463,2.13129
523,3.28329,2.13348
524,3.29201,2.13558
525,3.30079,2.13761
526,3.30964,2.13956
527,3.31854,2.14142
528,3.32751,2.1432
529,3.33653,2.14489
530,3.34561,2.14649
531,3.35474,2.14801
532,3.36393,2.14944
533,3.37317,2.15077
534,3.38245,2.15202
535,3.39178,2.15317
536,3.40116,2.15424
537,3.41058,2.1552
538,3.42005,2.15607
539,3.42955,2.15685
540,3.4391,2.15754
541,3.44868,2.15812
542,3.45829,2.15861
543,3.46794,2.159
544,3.47762,2.15929
545,3.48734,2.15948
546,3.49708,2.15958
547,3.50684,2.15957
548,3.51663,2.15946
549,3.52645,2.15925
550,3.53628,2.15895
551,3.54613,2.15853
552,3.556,2.15802
553,3.56589,2.15741
554,3.57579,2.15669
555,3.5857,2.15587
556,3.59563,2.15494
557,3.60556,2.15392
558,3.6155,2.15279
559,3.62544,2.15156
560,3.63539,2.15022
561,3.64534,2.14878
562,3.65528,2.14724
563,3.66523,2.14559
564,3.67517,2.14384
565,3.68511,2.14199
566,3.69504,2.14004
567,3.70496,2.13798
568,3.71487,2.13582
569,3.72476,2.13356
570,3.73464,2.1312
571,3.74451,2.12873
572,3.75436,2.12617
573,3.76419,2.1235
574,3.774,2.12073
575,3.78378,2.11787
576,3.79354,2.1149
577,3.80328,2.11184
578,3.81299,2.10867
579,3.82267,2.10542
580,3.83232,2.10206
581,3.84193,2.09861
582,3.85152,2.09506
583,3.86106,2.09141
584,3.87058,2.08767
585,3.88005,2.08384
586,3.88948,2.07992
587,3.89887,2.0759
588,3.90822,2.07179
589,3.91753,2.06759
590,3.92679,2.0633
591,3.93601,2.05893
592,3.94517,2.05446
593,3.95429,2.04991
594,3.96336,2.04528
595,3.97237,2.04055
596,3.98133,2.03575
597,3.99024,2.03086
598,3.9991,2.02589
599,4.00789,2.02084
600,4.01663,2.01571
601,4.02531,2.01051
602,4.03393,2.00522
603,4.04249,1.99986
604,4.05099,1.99443
605,4.05942,1.98892
606,4.06779,1.98334
607,4.0761,1.97768
608,4.08434,1.97196
609,4.09251,1.96616
610,4.10062,1.96031
611,4.10866,1.95438
612,4.11663,1.94838
613,4.12453,1.94233
614,4.13236,1.93621
615,4.14012,1.93003
616,4.1478,1.92379
617,4.15542,1.91749
618,4.16296,1.91113
619,4.17043,1.90472
620,4.17782,1.89825
621,4.18514,1.89173
622,4.19238,1.88515
623,4.19955,1.87853
624,4.20664,1.87185
625,4.21366,1.86513
626,4.22059,1.85836
627,4.22745,1.85154
628,4.23424,1.84468
629,4.24094,1.83778
630,4.24757,1.83083
631,4.25412,1.82384
632,4.26058,1.81682
633,4.26697,1.80975
634,4.27328,1.80265
635,4.27951,1.79552
636,4.28567,1.78834
637,4.29174,1.78114
638,4.29773,1.77391
639,4.30364,1.76664
640,4.30947,1.75935
641,4.31523,1.75202
642,4.3209,1.74467
643,4.32649,1.7373
644,4.33201,1.7299
645,4.33744,1.72248
646,4.3428,1.71503
647,4.34807,1.70757
648,4.35327,1.70009
649,4.35838,1.69258
650,4.36342,1.68506
651,4.36838,1.67753
652,4.37326,1.66998
653,4.37806,1.66241
654,4.38279,1.65484
655,4.38743,1.64725
656,4.392,1.63965
657,4.39649,1.63204
658,4.40091,1.62442
659,4.40525,1.6168
660,4.40951,1.60917
661,4.4137,1.60153
662,4.41781,1.59389
663,4.42184,1.58625
664,4.4258,1.5786
665,4.42969,1.57095
666,4.4335,1.5633
667,4.43724,1.55565
668,4.44091,1.54801
669,4.4445,1.54036
670,4.44803,1.53272
671,4.45148,1.52508
672,4.45486,1.51744
673,4.45817,1.50982
674,4.46141,1.50219
675,4.46458,1.49458
676,4.46768,1.48697
677,4.47071,1.47937
678,4.47367,1.47178
679,4.47657,1.4642
680,4.4794,1.45663
681,4.48216,1.44907
682,4.48486,1.44153
683,4.4875,1.43399
684,4.49006,1.42648
685,4.49257,1.41897
686,4.49501,1.41148
687,4.49739,1.404
688,4.49971,1.39654
689,4.50196,1.3891
690,4.50415,1.38167
691,4.50629,1.37426
692,4.50836,1.36687
693,4.51038,1.3595
694,4.51233,1.35215
695,4.51423,1.34481
696,4.51607,1.3375
697,4.51785,1.33021
698,4.51958,1.32294
699,4.52125,1.31569
700,4.52287,1.30846
701,4.52443,1.30125
702,4.52594,1.29407
703,4.5274,1.28691
704,4.5288,1.27977
705,4.53015,1.27266
706,4.53145,1.26557
707,4.5327,1.2585
708,4.5339,1.25146
709,4.53505,1.24445
710,4.53615,1.23746
711,4.5372,1.23049
712,4.53821,1.22355
713,4.53917,1.21664
714,4.54008,1.20976
715,4.54094,1.2029
716,4.54176,1.19607
717,4.54254,1.18926
718,4.54327,1.18249
719,4.54396,1.17574
720,4.5446,1.16902
721,4.5452,1.16233
722,4.54577,1.15566
723,4.54628,1.14903
724,4.54676,1.14242
725,4.5472,1.13584
726,4.5476,1.12929
727,4.54796,1.12277
728,4.54828,1.11628
729,4.54856,1.10981
730,4.54881,1.10338
731,4.54902,1.09698
732,4.54919,1.0906
733,4.54933,1.08426
734,4.54943,1.07794
735,4.54949,1.07166
736,4.54952,1.06541
737,4.54952,1.05918
738,4.54949,1.05299
739,4.54942,1.04682
740,4.54932,1.04069
741,4.54919,1.03458
742,4.54902,1.02851
743,4.54883,1.02247
744,4.5486,1.01645
745,4.54835,1.01047
746,4.54806,1.00452
747,4.54775,0.99859
748,4.54741,0.9927
749,4.54704,0.98684
750,4.54664,0.98101
751,4.54622,0.97521
752,4.54576,0.96944
753,4.54529,0.9637
754,4.54478,0.95799
755,4.54425,0.95231
756,4.5437,0.94666
757,4.54312,0.94104
758,4.54251,0.93545
759,4.54189,0.92989
760,4.54124,0.92436
761,4.54056,0.91886
762,4.53987,0.91339
763,4.53915,0.90795
764,4.53841,0.90254
765,4.53764,0.89716
766,4.53686,0.89181
767,4.53606,0.88648
768,4.53523,0.88119
769,4.53439,0.87593
770,4.53352,0.8707
771,4.53264,0.86549
772,4.53173,0.86032
773,4.53081,0.85517
774,4.52987,0.85005
775,4.52891,0.84496
776,4.52794,0.83991
777,4.52694,0.83487
778,4.52593,0.82987
779,4.52491,0.8249
780,4.52386,0.81995
781,4.5228,0.81504
782,4.52173,0.81015
783,4.52064,0.80529
784,4.51953,0.80045
785,4.51841,0.79565
786,4.51727,0.79087
787,4.51612,0.78612
788,4.51496,0.7814
789,4.51378,0.7767
790,4.51259,0.77204
791,4.51138,0.7674
792,4.51016,0.76278
793,4.50893,0.7582
794,4.50769,0.75364
795,4.50643,0.7491
796,4.50516,0.7446
797,4.50388,0.74012
798,4.50259,0.73566
799,4.50129,0.73123
800,4.49998,0.72683
801,4.49865,0.72246
802,4.49731,0.71811
803,4.49597,0.71378
804,4.49461,0.70948
805,4.49325,0.70521
806,4.49187,0.70096
807,4.49049,0.69674
808,4.48909,0.69254
809,4.48769,0.68837
810,4.48627,0.68422
811,4.48485,0.6801
812,4.48342,0.676
813,4.48198,0.67192
814,4.48054,0.66787
815,4.47908,0.66385
816,4.47762,0.65984
817,4.47615,0.65587
818,4.47467,0.65191
819,4.47319,0.64798
820,4.4717,0.64407
821,4.4702,0.64019
822,4.46869,0.63633
823,4.46718,0.63249
824,4.46566,0.62867
825,4.46414,0.62488
826,4.46261,0.62111
827,4.46107,0.61737
828,4.45953,0.61364
829,4.45798,0.60994
830,4.45643,0.60626
831,4.45487,0.6026
832,4.45331,0.59896
833,4.45174,0.59535
834,4.45016,0.59176
835,4.44858,0.58819
836,4.447,0.58464
837,4.44541,0.58111
838,4.44382,0.5776
839,4.44222,0.57411
840,4.44062,0.57065
841,4.43902,0.5672
842,4.43741,0.56378
843,4.4358,0.56038
844,4.43418,0.55699
845,4.43256,0.55363
846,4.43094,0.55029
847,4.42931,0.54696
848,4.42768,0.54366
849,4.42605,0.54038
850,4.42441,0.53711
851,4.42277,0.53387
852,4.42113,0.53065
853,4.41949,0.52744
854,4.41784,0.52425
855,4.41619,0.52109
856,4.41454,0.51794
857,4.41289,0.51481
858,4.41123,0.5117
859,4.40957,0.50861
860,4.40791,0.50553
861,4.40625,0.50248
862,4.40459,0.49944
863,4.40292,0.49642
864,4.40125,0.49342
865,4.39959,0.49044
866,4.39792,0.48748
867,4.39624,0.48453
868,4.39457,0.4816
869,4.3929,0.47869
870,4.39122,0.47579
871,4.38954,0.47291
872,4.38787,0.47005
873,4.38619,0.46721
874,4.38451,0.46438
875,4.38283,0.46157
876,4.38115,0.45878
877,4.37947,0.45601
878,4.37778,0.45325
879,4.3761,0.4505
880,4.37442,0.44777
881,4.37273,0.44506
882,4.37105,0.44237
883,4.36936,0.43969
884,4.36768,0.43703
885,4.36599,0.43438
886,4.36431,0.43175
887,4.36262,0.42913
888,4.36094,0.42653
889,4.35925,0.42395
890,4.35757,0.42138
891,4.35588,0.41882
892,4.3542,0.41628
893,4.35251,0.41376
894,4.35083,0.41125
895,4.34915,0.40875
896,4.34746,0.40627
897,4.34578,0.40381
898,4.3441,0.40136
899,4.34242,0.39892
900,4.34073,0.3965
901,4.33905,0.39409
902,4.33737,0.3917
903,4.33569,0.38932
904,4.33402,0.38695
905,4.33234,0.3846
906,4.33066,0.38226
907,4.32898,0.37994
908,4.32731,0.37762
909,4.32564,0.37533
910,4.32396,0.37304
911,4.32229,0.37077
912,4.32062,0.36852
913,4.31895,0.36627
914,4.31728,0.36404
915,4.31561,0.36182
916,4.31394,0.35962
917,4.31228,0.35743
918,4.31062,0.35525
919,4.30895,0.35308
920,4.30729,0.35093
921,4.30563,0.34879
922,4.30397,0.34666
923,4.30231,0.34454
924,4.30066,0.34244
925,4.299,0.34035
926,4.29735,0.33827
927,4.2957,0.3362
928,4.29405,0.33414
929,4.2924,0.3321
930,4.29075,0.33007
931,4.28911,0.32805
932,4.28746,0.32604
933,4.28582,0.32404
934,4.28418,0.32206
935,4.28254,0.32009
936,4.28091,0.31812
937,4.27927,0.31617
938,4.27764,0.31423
939,4.27601,0.31231
940,4.27438,0.31039
941,4.27275,0.30848
942,4.27112,0.30659
943,4.2695,0.3047
944,4.26788,0.30283
945,4.26626,0.30097
946,4.26464,0.29912
947,4.26302,0.29728
948,4.26141,0.29545
949,4.25979,0.29363
950,4.25818,0.29182
951,4.25657,0.29002
952,4.25497,0.28823
953,4.25336,0.28645
954,4.25176,0.28468
955,4.25016,0.28293
956,4.24856,0.28118
957,4.24697,0.27944
958,4.24537,0.27771
959,4.24378,0.27599
960,4.24219,0.27429
961,4.2406,0.27259
962,4.23902,0.2709
963,4.23743,0.26922
964,4.23585,0.26755
965,4.23427,0.26589
966,4.2327,0.26424
967,4.23112,0.2626
968,4.22955,0.26097
969,4.22798,0.25935
970,4.22641,0.25774
971,4.22485,0.25613
972,4.22328,0.25454
973,4.22172,0.25296
974,4.22016,0.25138
975,4.21861,0.24981
976,4.21705,0.24825
977,4.2155,0.24671
978,4.21395,0.24517
979,4.2124,0.24363
980,4.21086,0.24211
981,4.20932,0.2406
982,4.20778,0.23909
983,4.20624,0.2376
984,4.2047,0.23611
985,4.20317,0.23463
986,4.20164,0.23316
987,4.20011,0.23169
988,4.19858,0.23024
989,4.19706,0.22879
990,4.19554,0.22735
991,4.19402,0.22593
992,4.19251,0.2245
993,4.19099,0.22309
994,4.18948,0.22168
995,4.18797,0.22029
996,4.18646,0.2189
997,4.18496,0.21752
998,4.18346,0.21614
999,4.18196,0.21478
1000,4.18046,0.21342
1000,4.17897,0.21207
1002,4.17748,0.21073
1002,4.17599,0.20939
1004,4.1745,0.20806
1004,4.17302,0.20674
1006,4.17153,0.20543
1006,4.17005,0.20413
1008,4.16858,0.20283
1008,4.1671,0.20154
1010,4.16563,0.20026
1010,4.16416,0.19898
1012,4.16269,0.19771
1012,4.16123,0.19645
1014,4.15977,0.1952
1014,4.15831,0.19395
1016,4.15685,0.19271
1016,4.1554,0.19148
1018,4.15394,0.19026
1018,4.15249,0.18904
1020,4.15105,0.18783
1020,4.1496,0.18662
1022,4.14816,0.18542
1022,4.14672,0.18423
1024,4.14528,0.18305
1025,4.14385,0.18187
1026,4.14242,0.1807
1027,4.14099,0.17954
1028,4.13956,0.17838
1029,4.13813,0.17723
1030,4.13671,0.17609
1031,4.13529,0.17495
1032,4.13388,0.17382
1033,4.13246,0.1727
1034,4.13105,0.17158
1035,4.12964,0.17047
1036,4.12823,0.16936
1037,4.12683,0.16826
1038,4.12543,0.16717
1039,4.12403,0.16608
1040,4.12263,0.165
1041,4.12124,0.16393
1042,4.11984,0.16286
1043,4.11846,0.16181
1044,4.11707,0.16075
1045,4.11568,0.1597
1046,4.1143,0.15866
1047,4.11292,0.15762
1048,4.11155,0.15659
1049,4.11017,0.15556
1050,4.1088,0.15455
1051,4.10743,0.15353
1052,4.10606,0.15252
1053,4.1047,0.15152
1054,4.10334,0.15053
1055,4.10198,0.14953
1056,4.10062,0.14855
1057,4.09927,0.14757
1058,4.09791,0.1466
1059,4.09656,0.14562
1060,4.09522,0.14467
1061,4.09387,0.14371
1062,4.09253,0.14276
1063,4.09119,0.14181
1064,4.08985,0.14088
1065,4.08852,0.13994
1066,4.08718,0.13901
1067,4.08586,0.13809
1068,4.08453,0.13717
1069,4.0832,0.13625
1070,4.08188,0.13535
1071,4.08056,0.13445
1072,4.07925,0.13355
1073,4.07793,0.13265
1074,4.07662,0.13177
1075,4.07531,0.13089
1076,4.074,0.13001
1077,4.07269,0.12914
1078,4.07139,0.12828
1079,4.07009,0.12742
1080,4.06879,0.12656
1081,4.0675,0.12571
1082,4.06621,0.12487
1083,4.06492,0.12402
1084,4.06363,0.12318
1085,4.06234,0.12236
1086,4.06106,0.12153
1087,4.05978,0.12071
1088,4.0585,0.11989
1089,4.05723,0.11908
1090,4.05595,0.11828
1091,4.05468,0.11747
1092,4.05341,0.11668
1093,4.05215,0.11589
1094,4.05088,0.1151
1095,4.04962,0.11431
1096,4.04836,0.11354
1097,4.04711,0.11276
1098,4.04585,0.11199
1099,4.0446,0.11123
1100,4.04335,0.11047
1101,4.0421,0.10972
1102,4.04086,0.10896
1103,4.03962,0.10822
1104,4.03838,0.10748
1105,4.03714,0.10674
1106,4.0359,0.106
1107,4.03467,0.10528
1108,4.03344,0.10456
1109,4.03221,0.10383
1110,4.03099,0.10312
1111,4.02977,0.10241
1112,4.02854,0.10171
1113,4.02732,0.101
1114,4.02611,0.1003
1115,4.0249,0.09961
1116,4.02368,0.09892
1117,4.02247,0.09823
1118,4.02127,0.09755
1119,4.02006,0.09688
1120,4.01886,0.09621
1121,4.01766,0.09554
1122,4.01646,0.09487
1123,4.01527,0.09422
1124,4.01408,0.09356
1125,4.01288,0.0929
1126,4.0117,0.09226
1127,4.01051,0.09162
1128,4.00933,0.09098
1129,4.00814,0.09034
1130,4.00697,0.08971
1131,4.00579,0.08908
1132,4.00462,0.08846
1133,4.00344,0.08783
1134,4.00227,0.08722
1135,4.00111,0.08661
1136,3.99994,0.086
1137,3.99878,0.08539
1138,3.99762,0.0848
1139,3.99646,0.0842
1140,3.9953,0.08361
1141,3.99415,0.08301
1142,3.993,0.08243
1143,3.99185,0.08185
1144,3.9907,0.08127
1145,3.98955,0.08069
1146,3.98842,0.08013
1147,3.98728,0.07956
1148,3.98614,0.079
1149,3.985,0.07844
1150,3.98387,0.07788
1151,3.98274,0.07733
1152,3.98161,0.07678
1153,3.98048,0.07623
1154,3.97936,0.0757
1155,3.97824,0.07516
1156,3.97711,0.07463
1157,3.97599,0.07409
1158,3.97488,0.07357
1159,3.97377,0.07305
1160,3.97266,0.07253
1161,3.97154,0.07201
1162,3.97044,0.07149
1163,3.96934,0.07099
1164,3.96823,0.07048
1165,3.96713,0.06997
1166,3.96603,0.06947
1167,3.96494,0.06898
1168,3.96385,0.06849
1169,3.96275,0.068
1170,3.96166,0.06751
1171,3.96058,0.06703
1172,3.95949,0.06655
1173,3.95841,0.06607
1174,3.95733,0.0656
1175,3.95625,0.06513
1176,3.95518,0.06467
1177,3.9541,0.0642
1178,3.95303,0.06374
1179,3.95196,0.06328
1180,3.95089,0.06283
1181,3.94983,0.06238
1182,3.94876,0.06193
1183,3.9477,0.06149
1184,3.94664,0.06105
1185,3.94559,0.06061
1186,3.94453,0.06018
1187,3.94347,0.05974
1188,3.94243,0.05932
1189,3.94138,0.0589
1190,3.94033,0.05847
1191,3.93929,0.05805
1192,3.93824,0.05763
1193,3.93721,0.05722
1194,3.93617,0.05682
1195,3.93513,0.05641
1196,3.9341,0.056
1197,3.93307,0.0556
1198,3.93204,0.05521
1199,3.93101,0.05481
1200,3.92998,0.05441
1201,3.92896,0.05403
1202,3.92794,0.05364
1203,3.92692,0.05326
1204,3.92591,0.05288
1205,3.92489,0.0525
1206,3.92388,0.05213
1207,3.92287,0.05176
1208,3.92186,0.05139
1209,3.92085,0.05102
1210,3.91985,0.05066
1211,3.91885,0.0503
1212,3.91785,0.04994
1213,3.91685,0.04958
1214,3.91585,0.04923
1215,3.91486,0.04888
1216,3.91387,0.04854
1217,3.91288,0.04819
1218,3.91189,0.04785
1219,3.9109,0.04751
1220,3.90992,0.04718
1221,3.90894,0.04685
1222,3.90796,0.04652
1223,3.90698,0.04618
1224,3.90601,0.04586
1225,3.90504,0.04554
1226,3.90406,0.04522
1227,3.90309,0.0449
1228,3.90212,0.04459
1229,3.90116,0.04428
1230,3.9002,0.04397
1231,3.89924,0.04367
1232,3.89827,0.04336
1233,3.89732,0.04306
1234,3.89637,0.04277
1235,3.89541,0.04247
1236,3.89446,0.04217
1237,3.89351,0.04188
1238,3.89257,0.0416
1239,3.89162,0.04131
1240,3.89068,0.04103
1241,3.88973,0.04075
1242,3.88879,0.04047
1243,3.88786,0.0402
1244,3.88693,0.03992
1245,3.88599,0.03965
1246,3.88506,0.03938
1247,3.88413,0.03912
1248,3.88321,0.03886
1249,3.88228,0.0386
1250,3.88136,0.03834
1251,3.88043,0.03808
1252,3.87952,0.03783
1253,3.8786,0.03758
1254,3.87769,0.03733
1255,3.87677,0.03708
1256,3.87586,0.03683
1257,3.87495,0.0366
1258,3.87405,0.03636
1259,3.87314,0.03612
1260,3.87224,0.03589
1261,3.87133,0.03565
1262,3.87044,0.03543
1263,3.86954,0.0352
1264,3.86865,0.03498
1265,3.86775,0.03475
1266,3.86686,0.03453
1267,3.86597,0.03431
1268,3.86508,0.0341
1269,3.8642,0.03389
1270,3.86331,0.03367
1271,3.86243,0.03346
1272,3.86155,0.03326
1273,3.86068,0.03306
1274,3.8598,0.03285
1275,3.85892,0.03265
1276,3.85805,0.03245
1277,3.85718,0.03226
1278,3.85632,0.03207
1279,3.85545,0.03188
1280,3.85459,0.03168
1281,3.85372,0.03149
1282,3.85287,0.03131
1283,3.85201,0.03113
1284,3.85115,0.03095
1285,3.8503,0.03077
1286,3.84944,0.03059
1287,3.84859,0.03042
1288,3.84775,0.03025
1289,3.8469,0.03008
1290,3.84606,0.02991
1291,3.84521,0.02974
1292,3.84437,0.02959
1293,3.84354,0.02943
1294,3.8427,0.02927
1295,3.84186,0.02911
1296,3.84103,0.02895
1297,3.8402,0.0288
1298,3.83937,0.02865
1299,3.83855,0.0285
1300,3.83772,0.02836
1301,3.83689,0.02821
1302,3.83607,0.02807
1303,3.83526,0.02793
1304,3.83444,0.02779
1305,3.83362,0.02765
1306,3.83281,0.02752
1307,3.832,0.02738
1308,3.83119,0.02726
1309,3.83038,0.02713
1310,3.82958,0.027
1311,3.82877,0.02687
1312,3.82797,0.02675
1313,3.82717,0.02663
1314,3.82638,0.02652
1315,3.82558,0.0264
1316,3.82478,0.02628
1317,3.82399,0.02617
1318,3.8232,0.02606
1319,3.82242,0.02595
1320,3.82163,0.02584
1321,3.82085,0.02574
1322,3.82006,0.02563
1323,3.81928,0.02553
1324,3.8185,0.02543
1325,3.81773,0.02534
1326,3.81695,0.02524
1327,3.81618,0.02515
1328,3.81541,0.02505
1329,3.81464,0.02496
1330,3.81388,0.02488
1331,3.81311,0.02479
1332,3.81235,0.02471
1333,3.81158,0.02462
1334,3.81083,0.02454
1335,3.81007,0.02446
1336,3.80932,0.02439
1337,3.80857,0.02431
1338,3.80781,0.02423
1339,3.80706,0.02416
1340,3.80632,0.02409
1341,3.80557,0.02403
1342,3.80483,0.02396
1343,3.80409,0.02389
1344,3.80335,0.02383
1345,3.80261,0.02377
1346,3.80188,0.02371
1347,3.80115,0.02365
1348,3.80041,0.0236
1349,3.79968,0.02354
1350,3.79895,0.02349
1351,3.79823,0.02344
1352,3.79751,0.02339
1353,3.79679,0.02335
1354,3.79607,0.0233
1355,3.79535,0.02325
1356,3.79463,0.02321
1357,3.79392,0.02317
1358,3.79321,0.02314
1359,3.79251,0.0231
1360,3.7918,0.02306
1361,3.79109,0.02303
1362,3.79038,0.02299
1363,3.78969,0.02297
1364,3.78899,0.02294
1365,3.78829,0.02291
1366,3.7876,0.02288
1367,3.7869,0.02286
1368,3.78621,0.02284
1369,3.78553,0.02282
1370,3.78484,0.0228
1371,3.78416,0.02278
1372,3.78347,0.02277
1373,3.78279,0.02275
1374,3.78211,0.02274
1375,3.78144,0.02273
1376,3.78077,0.02272
1377,3.78009,0.02272
1378,3.77942,0.02271
1379,3.77875,0.0227
1380,3.77809,0.0227
1381,3.77743,0.0227
1382,3.77677,0.0227
1383,3.77611,0.02271
1384,3.77545,0.02271
1385,3.77479,0.02271
1386,3.77415,0.02272
1387,3.7735,0.02273
1388,3.77285,0.02274
1389,3.7722,0.02275
1390,3.77156,0.02276
1391,3.77091,0.02277
1392,3.77028,0.02279
1393,3.76965,0.02281
1394,3.76901,0.02283
1395,3.76838,0.02285
1396,3.76775,0.02287
1397,3.76712,0.02289
1398,3.7665,0.02292
1399,3.76588,0.02295
1400,3.76526,0.02298
1401,3.76464,0.02301
1402,3.76403,0.02304
1403,3.76341,0.02307
1404,3.76281,0.0231
1405,3.76221,0.02314
1406,3.7616,0.02318
1407,3.761,0.02322
1408,3.7604,0.02325
1409,3.7598,0.02329
1410,3.75922,0.02334
1411,3.75863,0.02338
1412,3.75805,0.02343
1413,3.75747,0.02347
1414,3.75689,0.02352
1415,3.7563,0.02356
1416,3.75574,0.02361
1417,3.75517,0.02365
1418,3.75461,0.0237
1419,3.75405,0.02374
1420,3.75348,0.02379
1421,3.75292,0.02384
1422,3.75237,0.02388
1423,3.75182,0.02393
1424,3.75127,0.02397
1425,3.75072,0.02402
1426,3.75017,0.02407
1427,3.74962,0.02411
1428,3.74908,0.02416
1429,3.74854,0.0242
1430,3.74801,0.02425
1431,3.74747,0.0243
1432,3.74694,0.02434
1433,3.7464,0.02439
1434,3.74587,0.02443
1435,3.74535,0.02448
1436,3.74483,0.02453
1437,3.7443,0.02457
1438,3.74378,0.02462
1439,3.74326,0.02467
1440,3.74274,0.02471
1441,3.74222,0.02476
1442,3.74171,0.02481
1443,3.7412,0.02485
1444,3.74069,0.0249
1445,3.74018,0.02494
1446,3.73967,0.02499
1447,3.73917,0.02504
1448,3.73867,0.02508
1449,3.73817,0.02513
1450,3.73767,0.02518
1451,3.73717,0.02523
1452,3.73667,0.02527
1453,3.73617,0.02532
1454,3.73568,0.02537
1455,3.73519,0.02541
1456,3.73471,0.02546
1457,3.73422,0.02551
1458,3.73373,0.02555
1459,3.73324,0.0256
1460,3.73276,0.02565
1461,3.73228,0.0257
1462,3.7318,0.02574
1463,3.73132,0.02579
1464,3.73084,0.02584
1465,3.73037,0.02589
1466,3.72989,0.02593
1467,3.72942,0.02598
1468,3.72895,0.02603
1469,3.72848,0.02608
1470,3.72801,0.02612
1471,3.72755,0.02617
1472,3.72708,0.02622
1473,3.72661,0.02627
1474,3.72615,0.02631
1475,3.72569,0.02636
1476,3.72523,0.02641
1477,3.72478,0.02646
1478,3.72432,0.0265
1479,3.72386,0.02655
1480,3.7234,0.0266
1481,3.72295,0.02665
1482,3.72251,0.0267
1483,3.72206,0.02674
1484,3.72161,0.02679
1485,3.72116,0.02684
1486,3.72071,0.02689
1487,3.72026,0.02694
1488,3.71982,0.02699
1489,3.71938,0.02703
1490,3.71894,0.02708
1491,3.7185,0.02713
1492,3.71806,0.02718
1493,3.71762,0.02723
1494,3.71719,0.02728
1495,3.71676,0.02732
1496,3.71632,0.02737
1497,3.71589,0.02742
1498,3.71546,0.02747
1499,3.71503,0.02752
1500,3.7146,0.02757
1501,3.71417,0.02762
1502,3.71375,0.02766
1503,3.71333,0.02771
1504,3.7129,0.02776
1505,3.71248,0.02781
1506,3.71206,0.02786
1507,3.71163,0.02791
1508,3.71121,0.02796
1509,3.7108,0.02801
1510,3.71038,0.02806
1511,3.70997,0.02811
1512,3.70955,0.02815
1513,3.70914,0.0282
1514,3.70872,0.02825
1515,3.70831,0.0283
1516,3.70791,0.02835
1517,3.7075,0.0284
1518,3.70709,0.02845
1519,3.70668,0.0285
1520,3.70628,0.02855
1521,3.70587,0.0286
1522,3.70547,0.02865
1523,3.70507,0.0287
1524,3.70467,0.02875
1525,3.70427,0.0288
1526,3.70387,0.02885
1527,3.70347,0.0289
1528,3.70307,0.02895
1529,3.70267,0.029
1530,3.70228,0.02905
1531,3.70189,0.0291
1532,3.7015,0.02915
1533,3.70111,0.0292
1534,3.70071,0.02924
1535,3.70032,0.02929
1536,3.69993,0.02934
1537,3.69955,0.0294
1538,3.69916,0.02945
1539,3.69878,0.0295
1540,3.69839,0.02955
1541,3.69801,0.0296
1542,3.69762,0.02965
1543,3.69724,0.0297
1544,3.69686,0.02975
1545,3.69648,0.0298
1546,3.6961,0.02985
1547,3.69572,0.0299
1548,3.69535,0.02995
1549,3.69497,0.03
1550,3.69459,0.03005
1551,3.69422,0.0301
1552,3.69385,0.03015
1553,3.69347,0.0302
1554,3.6931,0.03025
1555,3.69273,0.0303
1556,3.69236,0.03035
1557,3.69199,0.0304
1558,3.69162,0.03046
1559,3.69126,0.03051
1560,3.69089,0.03056
1561,3.69053,0.03061
1562,3.69016,0.03066
1563,3.6898,0.03071
1564,3.68944,0.03076
1565,3.68907,0.03081
1566,3.68871,0.03086
1567,3.68835,0.03091
1568,3.688,0.03097
1569,3.68764,0.03102
1570,3.68728,0.03107
1571,3.68692,0.03112
1572,3.68657,0.03117
1573,3.68621,0.03122
1574,3.68586,0.03127
1575,3.68551,0.03133
1576,3.68516,0.03138
1577,3.6848,0.03143
1578,3.68445,0.03148
1579,3.6841,0.03153
1580,3.68375,0.03158
1581,3.6834,0.03164
1582,3.68306,0.03169
1583,3.68271,0.03174
1584,3.68237,0.03179
1585,3.68202,0.03184
1586,3.68168,0.03189
1587,3.68133,0.03195
1588,3.68099,0.032
1589,3.68065,0.03205
1590,3.68031,0.0321
1591,3.67997,0.03215
1592,3.67963,0.03221
1593,3.67929,0.03226
1594,3.67895,0.03231
1595,3.67861,0.03236
1596,3.67828,0.03242
1597,3.67794,0.03247
1598,3.67761,0.03252
1599,3.67728,0.03257
1600,3.67694,0.03263
1601,3.67661,0.03268
1602,3.67628,0.03273
1603,3.67595,0.03278
1604,3.67561,0.03283
1605,3.67528,0.03289
1606,3.67496,0.03294
1607,3.67463,0.03299
1608,3.6743,0.03305
1609,3.67398,0.0331
1610,3.67365,0.03315
1611,3.67332,0.0332
1612,3.673,0.03326
1613,3.67268,0.03331
1614,3.67235,0.03336
1615,3.67203,0.03342
1616,3.67171,0.03347
1617,3.67139,0.03352
1618,3.67107,0.03357
1619,3.67075,0.03363
1620,3.67043,0.03368
1621,3.67011,0.03373
1622,3.6698,0.03379
1623,3.66948,0.03384
1624,3.66917,0.03389
1625,3.66885,0.03395
1626,3.66853,0.034
1627,3.66822,0.03405
1628,3.6679,0.03411
1629,3.66759,0.03416
1630,3.66728,0.03421
1631,3.66697,0.03427
1632,3.66666,0.03432
1633,3.66635,0.03438
1634,3.66604,0.03443
1635,3.66573,0.03448
1636,3.66542,0.03454
1637,3.66511,0.03459
1638,3.66481,0.03464
1639,3.66451,0.0347
1640,3.6642,0.03475
1641,3.6639,0.03481
1642,3.66359,0.03486
1643,3.66329,0.03491
1644,3.66298,0.03497
1645,3.66268,0.03502
1646,3.66238,0.03508
1647,3.66208,0.03513
1648,3.66178,0.03518
1649,3.66148,0.03524
1650,3.66118,0.03529
1651,3.66088,0.03535
1652,3.66059,0.0354
1653,3.66029,0.03545
1654,3.65999,0.03551
1655,3.6597,0.03556
1656,3.6594,0.03562
1657,3.65911,0.03567
1658,3.65881,0.03573
1659,3.65852,0.03578
1660,3.65823,0.03584
1661,3.65793,0.03589
1662,3.65764,0.03595
1663,3.65735,0.036
1664,3.65706,0.03605
1665,3.65677,0.03611
1666,3.65648,0.03616
1667,3.65619,0.03622
1668,3.65591,0.03627
1669,3.65562,0.03633
1670,3.65533,0.03638
1671,3.65504,0.03644
1672,3.65476,0.03649
1673,3.65447,0.03655
1674,3.65419,0.0366
1675,3.65391,0.03666
1676,3.65362,0.03671
1677,3.65334,0.03677
1678,3.65305,0.03682
1679,3.65277,0.03688
1680,3.65249,0.03693
1681,3.65221,0.03699
1682,3.65193,0.03705
1683,3.65165,0.0371
1684,3.65138,0.03716
1685,3.6511,0.03721
1686,3.65082,0.03727
1687,3.65054,0.03732
1688,3.65026,0.03738
1689,3.64999,0.03743
1690,3.64971,0.03749
1691,3.64944,0.03755
1692,3.64916,0.0376
1693,3.64889,0.03766
1694,3.64861,0.03771
1695,3.64834,0.03777
1696,3.64807,0.03782
1697,3.64779,0.03788
1698,3.64752,0.03794
1699,3.64725,0.03799
1700,3.64698,0.03805
1701,3.64671,0.0381
1702,3.64645,0.03816
1703,3.64618,0.03822
1704,3.64591,0.03827
1705,3.64564,0.03833
1706,3.64537,0.03838
1707,3.6451,0.03844
1708,3.64484,0.0385
1709,3.64457,0.03855
1710,3.64431,0.03861
1711,3.64404,0.03867
1712,3.64378,0.03872
1713,3.64351,0.03878
1714,3.64325,0.03883
1715,3.64299,0.03889
1716,3.64273,0.03895
1717,3.64246,0.039
1718,3.6422,0.03906
1719,3.64194,0.03912
1720,3.64168,0.03917
1721,3.64142,0.03923
1722,3.64116,0.03929
1723,3.6409,0.03934
1724,3.64064,0.0394
1725,3.64039,0.03946
1726,3.64013,0.03951
1727,3.63987,0.03957
1728,3.63962,0.03963
1729,3.63936,0.03969
1730,3.63911,0.03974
1731,3.63885,0.0398
1732,3.63859,0.03986
1733,3.63834,0.03991
1734,3.63809,0.03997
1735,3.63784,0.04003
1736,3.63758,0.04009
1737,3.63733,0.04014
1738,3.63708,0.0402
1739,3.63683,0.04026
1740,3.63658,0.04031
1741,3.63632,0.04037
1742,3.63607,0.04043
1743,3.63582,0.04049
1744,3.63558,0.04054
1745,3.63533,0.0406
1746,3.63508,0.04066
1747,3.63484,0.04072
1748,3.63459,0.04077
1749,3.63434,0.04083
1750,3.63409,0.04089
1751,3.63385,0.04095
1752,3.6336,0.041
1753,3.63336,0.04106
1754,3.63311,0.04112
1755,3.63287,0.04118
1756,3.63263,0.04124
1757,3.63238,0.04129
1758,3.63214,0.04135
1759,3.6319,0.04141
1760,3.63165,0.04147
1761,3.63141,0.04153
1762,3.63117,0.04158
1763,3.63093,0.04164
1764,3.63069,0.0417
1765,3.63045,0.04176
1766,3.63021,0.04182
1767,3.62997,0.04188
1768,3.62974,0.04193
1769,3.6295,0.04199
1770,3.62926,0.04205
1771,3.62902,0.04211
1772,3.62878,0.04217
1773,3.62855,0.04223
1774,3.62831,0.04228
1775,3.62808,0.04234
1776,3.62784,0.0424
1777,3.62761,0.04246
1778,3.62737,0.04252
1779,3.62714,0.04258
1780,3.6269,0.04264
1781,3.62667,0.04269
1782,3.62644,0.04275
1783,3.62621,0.04281
1784,3.62598,0.04287
1785,3.62575,0.04293
1786,3.62551,0.04299
1787,3.62528,0.04305
1788,3.62505,0.04311
1789,3.62482,0.04316
1790,3.62459,0.04322
1791,3.62436,0.04328
1792,3.62413,0.04334
1793,3.62391,0.0434
1794,3.62368,0.04346
1795,3.62345,0.04352
1796,3.62322,0.04358
1797,3.623,0.04364
1798,3.62277,0.0437
1799,3.62254,0.04376
1800,3.62232,0.04382
1801,3.62209,0.04387
1802,3.62187,0.04393
1803,3.62164,0.04399
1804,3.62142,0.04405
1805,3.6212,0.04411
1806,3.62097,0.04417
1807,3.62075,0.04423
1808,3.62053,0.04429
1809,3.6203,0.04435
1810,3.62008,0.04441
1811,3.61986,0.04447
1812,3.61964,0.04453
1813,3.61942,0.04459
1814,3.6192,0.04465
1815,3.61898,0.04471
1816,3.61876,0.04477
1817,3.61854,0.04483
1818,3.61832,0.04489
1819,3.6181,0.04495
1820,3.61788,0.04501
1821,3.61766,0.04507
1822,3.61745,0.04513
1823,3.61723,0.04519
1824,3.61702,0.04525
1825,3.6168,0.04531
1826,3.61658,0.04537
1827,3.61637,0.04543
1828,3.61615,0.04549
1829,3.61594,0.04555
1830,3.61572,0.04561
1831,3.61551,0.04567
1832,3.61529,0.04573
1833,3.61508,0.04579
1834,3.61487,0.04585
1835,3.61466,0.04591
1836,3.61444,0.04597
1837,3.61423,0.04603
1838,3.61402,0.04609
1839,3.61381,0.04615
1840,3.61359,0.04621
1841,3.61338,0.04627
1842,3.61317,0.04634
1843,3.61296,0.0464
1844,3.61275,0.04646
1845,3.61255,0.04652
1846,3.61234,0.04658
1847,3.61213,0.04664
1848,3.61192,0.0467
1849,3.61171,0.04676
1850,3.6115,0.04682
1851,3.61129,0.04688
1852,3.61109,0.04694
1853,3.61088,0.047
1854,3.61067,0.04707
1855,3.61047,0.04713
1856,3.61026,0.04719
1857,3.61006,0.04725
1858,3.60985,0.04731
1859,3.60965,0.04737
1860,3.60944,0.04743
1861,3.60924,0.04749
1862,3.60903,0.04756
1863,3.60883,0.04762
1864,3.60863,0.04768
1865,3.60843,0.04774
1866,3.60822,0.0478
1867,3.60802,0.04786
1868,3.60782,0.04792
1869,3.60762,0.04799
1870,3.60742,0.04805
1871,3.60721,0.04811
1872,3.60701,0.04817
1873,3.60681,0.04823
1874,3.60661,0.04829
1875,3.60641,0.04835
1876,3.60622,0.04842
1877,3.60602,0.04848
1878,3.60582,0.04854
1879,3.60562,0.0486
1880,3.60542,0.04866
1881,3.60522,0.04873
1882,3.60502,0.04879
1883,3.60483,0.04885
1884,3.60463,0.04891
1885,3.60443,0.04897
1886,3.60424,0.04904
1887,3.60404,0.0491
1888,3.60385,0.04916
1889,3.60365,0.04922
1890,3.60346,0.04928
1891,3.60326,0.04935
1892,3.60307,0.04941
1893,3.60287,0.04947
1894,3.60268,0.04953
1895,3.60248,0.04959
1896,3.60229,0.04966
1897,3.6021,0.04972
1898,3.60191,0.04978
1899,3.60171,0.04984
1900,3.60152,0.04991
1901,3.60133,0.04997
1902,3.60114,0.05003
1903,3.60095,0.05009
1904,3.60075,0.05016
1905,3.60056,0.05022
1906,3.60037,0.05028
1907,3.60018,0.05034
1908,3.59999,0.05041
1909,3.5998,0.05047
1910,3.59962,0.05053
1911,3.59943,0.0506
1912,3.59924,0.05066
1913,3.59905,0.05072
1914,3.59886,0.05078
1915,3.59867,0.05085
1916,3.59848,0.05091
1917,3.5983,0.05097
1918,3.59811,0.05104
1919,3.59792,0.0511
1920,3.59774,0.05116
1921,3.59755,0.05122
1922,3.59737,0.05129
1923,3.59718,0.05135
1924,3.597,0.05141
1925,3.59681,0.05148
1926,3.59663,0.05154
1927,3.59644,0.0516
1928,3.59625,0.05167
1929,3.59607,0.05173
1930,3.59589,0.05179
1931,3.5957,0.05186
1932,3.59552,0.05192
1933,3.59534,0.05198
1934,3.59516,0.05205
1935,3.59498,0.05211
1936,3.59479,0.05217
1937,3.59461,0.05224
1938,3.59443,0.0523
1939,3.59425,0.05236
1940,3.59406,0.05243
1941,3.59388,0.05249
1942,3.5937,0.05256
1943,3.59352,0.05262
1944,3.59335,0.05268
1945,3.59317,0.05275
1946,3.59299,0.05281
1947,3.59281,0.05287
1948,3.59263,0.05294
1949,3.59245,0.053
1950,3.59227,0.05307
1951,3.59209,0.05313
1952,3.59191,0.05319
1953,3.59173,0.05326
1954,3.59156,0.05332
1955,3.59138,0.05339
1956,3.59121,0.05345
1957,3.59103,0.05351
1958,3.59085,0.05358
1959,3.59068,0.05364
1960,3.5905,0.05371
1961,3.59032,0.05377
1962,3.59015,0.05384
1963,3.58997,0.0539
1964,3.5898,0.05396
1965,3.58962,0.05403
1966,3.58945,0.05409
1967,3.58928,0.05416
1968,3.5891,0.05422
1969,3.58893,0.05429
1970,3.58876,0.05435
1971,3.58858,0.05442
1972,3.58841,0.05448
1973,3.58824,0.05454
1974,3.58806,0.05461
1975,3.58789,0.05467
1976,3.58772,0.05474
1977,3.58755,0.0548
1978,3.58738,0.05487
1979,3.58721,0.05493
1980,3.58704,0.055
1981,3.58686,0.05506
1982,3.58669,0.05513
1983,3.58652,0.05519
1984,3.58635,0.05526
1985,3.58618,0.05532
1986,3.58601,0.05539
1987,3.58584,0.05545
1988,3.58567,0.05552
1989,3.5855,0.05558
1990,3.58534,0.05565
1991,3.58517,0.05571
1992,3.585,0.05578
1993,3.58483,0.05584
1994,3.58467,0.05591
1995,3.5845,0.05597
1996,3.58433,0.05604
1997,3.58416,0.0561
1998,3.584,0.05617
1999,3.58383,0.05623
2000,3.58366,0.0563
2001,3.5835,0.05636
2001,3.58333,0.05643
2003,3.58317,0.05649
2004,3.583,0.05656
2005,3.58284,0.05663
2005,3.58267,0.05669
2007,3.58251,0.05676
2008,3.58234,0.05682
2009,3.58218,0.05689
2009,3.58201,0.05695
2011,3.58185,0.05702
2012,3.58168,0.05708
2013,3.58152,0.05715
2013,3.58136,0.05722
2015,3.5812,0.05728
2016,3.58104,0.05735
2017,3.58087,0.05741
2017,3.58071,0.05748
2019,3.58055,0.05754
2020,3.58039,0.05761
2021,3.58023,0.05768
2021,3.58006,0.05774
2023,3.5799,0.05781
2024,3.57974,0.05787
2025,3.57958,0.05794
2025,3.57942,0.05801
2027,3.57926,0.05807
2028,3.5791,0.05814
2029,3.57894,0.0582
2029,3.57878,0.05827
2031,3.57862,0.05834
2032,3.57846,0.0584
2033,3.5783,0.05847
2033,3.57815,0.05854
2035,3.57799,0.0586
2036,3.57783,0.05867
2037,3.57767,0.05873
2037,3.57751,0.0588
2039,3.57735,0.05887
2040,3.5772,0.05893
2041,3.57704,0.059
2041,3.57688,0.05907
2043,3.57673,0.05913
2044,3.57657,0.0592
2045,3.57641,0.05927
2045,3.57626,0.05933
2047,3.5761,0.0594
2048,3.57594,0.05947
2049,3.57579,0.05953
2050,3.57563,0.0596
2051,3.57547,0.05967
2052,3.57532,0.05973
2053,3.57517,0.0598
2054,3.57501,0.05987
2055,3.57486,0.05993
2056,3.57471,0.06
2057,3.57455,0.06007
2058,3.5744,0.06013
2059,3.57424,0.0602
2060,3.57409,0.06027
2061,3.57394,0.06033
2062,3.57378,0.0604
2063,3.57363,0.06047
2064,3.57347,0.06053
2065,3.57332,0.0606
2066,3.57317,0.06067
2067,3.57302,0.06074
2068,3.57287,0.0608
2069,3.57272,0.06087
2070,3.57257,0.06094
2071,3.57242,0.06101
2072,3.57227,0.06107
2073,3.57211,0.06114
2074,3.57196,0.06121
2075,3.57181,0.06127
2076,3.57166,0.06134
2077,3.57151,0.06141
2078,3.57136,0.06148
2079,3.57121,0.06154
2080,3.57106,0.06161
2081,3.57091,0.06168
2082,3.57077,0.06175
2083,3.57062,0.06181
2084,3.57047,0.06188
2085,3.57032,0.06195
2086,3.57017,0.06202
2087,3.57002,0.06208
2088,3.56987,0.06215
2089,3.56973,0.06222
2090,3.56958,0.06229
2091,3.56943,0.06235
2092,3.56928,0.06242
2093,3.56914,0.06249
2094,3.56899,0.06256
2095,3.56884,0.06263
2096,3.5687,0.06269
2097,3.56855,0.06276
2098,3.56841,0.06283
2099,3.56826,0.0629
2100,3.56811,0.06297
2101,3.56797,0.06303
2102,3.56782,0.0631
2103,3.56768,0.06317
2104,3.56753,0.06324
2105,3.56739,0.06331
2106,3.56724,0.06337
2107,3.5671,0.06344
2108,3.56695,0.06351
2109,3.56681,0.06358
2110,3.56667,0.06365
2111,3.56652,0.06372
2112,3.56638,0.06378
2113,3.56624,0.06385
2114,3.56609,0.06392
2115,3.56595,0.06399
2116,3.56581,0.06406
2117,3.56566,0.06412
2118,3.56552,0.06419
2119,3.56538,0.06426
2120,3.56524,0.06433
2121,3.5651,0.0644
2122,3.56495,0.06447
2123,3.56481,0.06454
2124,3.56467,0.0646
2125,3.56453,0.06467
2126,3.56439,0.06474
2127,3.56425,0.06481
2128,3.56411,0.06488
2129,3.56397,0.06495
2130,3.56383,0.06502
2131,3.56368,0.06509
2132,3.56354,0.06515
2133,3.5634,0.06522
2134,3.56327,0.06529
2135,3.56313,0.06536
2136,3.56299,0.06543
2137,3.56285,0.0655
2138,3.56271,0.06557
2139,3.56257,0.06564
2140,3.56243,0.06571
2141,3.56229,0.06577
2142,3.56216,0.06584
2143,3.56202,0.06591
2144,3.56188,0.06598
2145,3.56174,0.06605
2146,3.5616,0.06612
2147,3.56146,0.06619
2148,3.56133,0.06626
2149,3.56119,0.06633
2150,3.56106,0.0664
2151,3.56092,0.06647
2152,3.56078,0.06653
2153,3.56065,0.0666
2154,3.56051,0.06667
2155,3.56037,0.06674
2156,3.56024,0.06681
2157,3.5601,0.06688
2158,3.55997,0.06695
2159,3.55983,0.06702
2160,3.55969,0.06709
2161,3.55956,0.06716
2162,3.55942,0.06723
2163,3.55929,0.0673
2164,3.55916,0.06737
2165,3.55902,0.06744
2166,3.55889,0.06751
2167,3.55875,0.06758
2168,3.55862,0.06765
2169,3.55849,0.06772
2170,3.55835,0.06779
2171,3.55822,0.06785
2172,3.55808,0.06792
2173,3.55795,0.06799
2174,3.55782,0.06806
2175,3.55768,0.06813
2176,3.55755,0.0682
2177,3.55742,0.06827
2178,3.55729,0.06834
2179,3.55716,0.06841
2180,3.55702,0.06848
2181,3.55689,0.06855
2182,3.55676,0.06862
2183,3.55663,0.06869
2184,3.5565,0.06876
2185,3.55637,0.06883
2186,3.55623,0.0689
2187,3.5561,0.06897
2188,3.55597,0.06904
2189,3.55584,0.06911
2190,3.55571,0.06918
2191,3.55558,0.06925
2192,3.55545,0.06932
2193,3.55532,0.06939
2194,3.55519,0.06946
2195,3.55506,0.06954
2196,3.55493,0.06961
2197,3.5548,0.06968
2198,3.55467,0.06975
2199,3.55454,0.06982
2200,3.55442,0.06989
2201,3.55429,0.06996
2202,3.55416,0.07003
2203,3.55403,0.0701
2204,3.5539,0.07017
2205,3.55377,0.07024
2206,3.55364,0.07031
2207,3.55352,0.07038
2208,3.55339,0.07045
2209,3.55326,0.07052
2210,3.55313,0.07059
2211,3.55301,0.07066
2212,3.55288,0.07073
2213,3.55275,0.0708
2214,3.55263,0.07087
2215,3.5525,0.07095
2216,3.55237,0.07102
2217,3.55224,0.07109
2218,3.55212,0.07116
2219,3.55199,0.07123
2220,3.55186,0.0713
2221,3.55174,0.07137
2222,3.55161,0.07144
2223,3.55149,0.07151
2224,3.55136,0.07158
2225,3.55124,0.07165
2226,3.55111,0.07172
2227,3.55099,0.0718
2228,3.55086,0.07187
2229,3.55074,0.07194
2230,3.55061,0.07201
2231,3.55049,0.07208
2232,3.55036,0.07215
2233,3.55024,0.07222
2234,3.55012,0.07229
2235,3.54999,0.07236
2236,3.54987,0.07244
2237,3.54975,0.07251
2238,3.54962,0.07258
2239,3.5495,0.07265
2240,3.54938,0.07272
2241,3.54925,0.07279
2242,3.54913,0.07286
2243,3.54901,0.07293
2244,3.54889,0.07301
2245,3.54876,0.07308
2246,3.54864,0.07315
2247,3.54852,0.07322
2248,3.5484,0.07329
2249,3.54827,0.07336
2250,3.54815,0.07343
2251,3.54803,0.07351
2252,3.54791,0.07358
2253,3.54779,0.07365
2254,3.54767,0.07372
2255,3.54755,0.07379
2256,3.54743,0.07386
2257,3.5473,0.07394
2258,3.54718,0.07401
2259,3.54706,0.07408
2260,3.54694,0.07415
2261,3.54682,0.07422
2262,3.5467,0.07429
2263,3.54658,0.07437
2264,3.54646,0.07444
2265,3.54634,0.07451
2266,3.54622,0.07458
2267,3.5461,0.07465
2268,3.54598,0.07473
2269,3.54586,0.0748
2270,3.54575,0.07487
2271,3.54563,0.07494
2272,3.54551,0.07501
2273,3.54539,0.07509
2274,3.54527,0.07516
2275,3.54515,0.07523
2276,3.54504,0.0753
2277,3.54492,0.07537
2278,3.5448,0.07545
2279,3.54468,0.07552
2280,3.54456,0.07559
2281,3.54444,0.07566
2282,3.54432,0.07573
2283,3.54421,0.07581
2284,3.54409,0.07588
2285,3.54398,0.07595
2286,3.54386,0.07602
2287,3.54374,0.0761
2288,3.54363,0.07617
2289,3.54351,0.07624
2290,3.54339,0.07631
2291,3.54328,0.07639
2292,3.54316,0.07646
2293,3.54304,0.07653
2294,3.54293,0.0766
2295,3.54281,0.07667
2296,3.5427,0.07675
2297,3.54258,0.07682
2298,3.54246,0.07689
2299,3.54235,0.07696
2300,3.54223,0.07704
2301,3.54212,0.07711
2302,3.54201,0.07718
2303,3.54189,0.07726
2304,3.54178,0.07733
2305,3.54166,0.0774
2306,3.54155,0.07747
2307,3.54143,0.07755
2308,3.54132,0.07762
2309,3.54121,0.07769
2310,3.54109,0.07776
2311,3.54098,0.07784
2312,3.54086,0.07791
2313,3.54075,0.07798
2314,3.54063,0.07806
2315,3.54052,0.07813
2316,3.54041,0.0782
2317,3.5403,0.07827
2318,3.54018,0.07835
2319,3.54007,0.07842
2320,3.53996,0.07849
2321,3.53985,0.07857
2322,3.53973,0.07864
2323,3.53962,0.07871
2324,3.53951,0.07879
2325,3.5394,0.07886
2326,3.53929,0.07893
2327,3.53917,0.07901
2328,3.53906,0.07908
2329,3.53895,0.07915
2330,3.53884,0.07922
2331,3.53872,0.0793
2332,3.53861,0.07937
2333,3.5385,0.07944
2334,3.53839,0.07952
2335,3.53828,0.07959
2336,3.53817,0.07966
2337,3.53806,0.07974
2338,3.53795,0.07981
2339,3.53784,0.07988
2340,3.53773,0.07996
2341,3.53762,0.08003
2342,3.53751,0.0801
2343,3.5374,0.08018
2344,3.53729,0.08025
2345,3.53718,0.08032
2346,3.53707,0.0804
2347,3.53696,0.08047
2348,3.53685,0.08054
2349,3.53674,0.08062
2350,3.53663,0.08069
2351,3.53652,0.08077
2352,3.53642,0.08084
2353,3.53631,0.08091
2354,3.5362,0.08099
2355,3.53609,0.08106
2356,3.53598,0.08113
2357,3.53587,0.08121
2358,3.53577,0.08128
2359,3.53566,0.08136
2360,3.53555,0.08143
2361,3.53544,0.0815
2362,3.53533,0.08158
2363,3.53523,0.08165
2364,3.53512,0.08172
2365,3.53501,0.0818
2366,3.5349,0.08187
2367,3.5348,0.08195
2368,3.53469,0.08202
2369,3.53458,0.08209
2370,3.53448,0.08217
2371,3.53437,0.08224
2372,3.53426,0.08232
2373,3.53416,0.08239
2374,3.53405,0.08246
2375,3.53395,0.08254
2376,3.53384,0.08261
2377,3.53373,0.08269
2378,3.53363,0.08276
2379,3.53352,0.08284
2380,3.53341,0.08291
2381,3.53331,0.08298
2382,3.5332,0.08306
2383,3.5331,0.08313
2384,3.53299,0.08321
2385,3.53289,0.08328
2386,3.53278,0.08335
2387,3.53268,0.08343
2388,3.53257,0.0835
2389,3.53247,0.08358
2390,3.53236,0.08365
2391,3.53226,0.08373
2392,3.53216,0.0838
2393,3.53205,0.08388
2394,3.53195,0.08395
2395,3.53184,0.08402
2396,3.53174,0.0841
2397,3.53163,0.08417
2398,3.53153,0.08425
2399,3.53143,0.08432
2400,3.53132,0.0844
2401,3.53122,0.08447
2402,3.53112,0.08455
2403,3.53101,0.08462
2404,3.53091,0.0847
2405,3.53081,0.08477
2406,3.53071,0.08484
2407,3.5306,0.08492
2408,3.5305,0.08499
2409,3.5304,0.08507
2410,3.5303,0.08514
2411,3.53019,0.08522
2412,3.53009,0.08529
2413,3.52999,0.08537
2414,3.52989,0.08544
2415,3.52978,0.08552
2416,3.52968,0.08559
2417,3.52958,0.08567
2418,3.52948,0.08574
2419,3.52937,0.08582
2420,3.52927,0.08589
2421,3.52917,0.08597
2422,3.52907,0.08604
2423,3.52897,0.08612
2424,3.52887,0.08619
2425,3.52877,0.08627
2426,3.52867,0.08634
2427,3.52857,0.08642
2428,3.52847,0.08649
2429,3.52837,0.08657
2430,3.52827,0.08664
2431,3.52817,0.08672
2432,3.52807,0.08679
2433,3.52797,0.08687
2434,3.52787,0.08694
2435,3.52776,0.08702
2436,3.52766,0.08709
2437,3.52756,0.08717
2438,3.52747,0.08724
2439,3.52737,0.08732
2440,3.52727,0.08739
2441,3.52717,0.08747
2442,3.52707,0.08754
2443,3.52697,0.08762
2444,3.52687,0.0877
2445,3.52677,0.08777
2446,3.52668,0.08785
2447,3.52658,0.08792
2448,3.52648,0.088
2449,3.52638,0.08807
2450,3.52628,0.08815
2451,3.52618,0.08822
2452,3.52608,0.0883
2453,3.52598,0.08837
2454,3.52589,0.08845
2455,3.52579,0.08853
2456,3.52569,0.0886
2457,3.52559,0.08868
2458,3.5255,0.08875
2459,3.5254,0.08883
2460,3.5253,0.0889
2461,3.52521,0.08898
2462,3.52511,0.08906
2463,3.52501,0.08913
2464,3.52492,0.08921
2465,3.52482,0.08928
2466,3.52472,0.08936
2467,3.52462,0.08943
2468,3.52453,0.08951
2469,3.52443,0.08959
2470,3.52433,0.08966
2471,3.52424,0.08974
2472,3.52414,0.08981
2473,3.52404,0.08989
2474,3.52395,0.08996
2475,3.52385,0.09004
2476,3.52376,0.09012
2477,3.52366,0.09019
2478,3.52357,0.09027
2479,3.52347,0.09034
2480,3.52338,0.09042
2481,3.52328,0.0905
2482,3.52319,0.09057
2483,3.52309,0.09065
2484,3.523,0.09072
2485,3.5229,0.0908
2486,3.52281,0.09088
2487,3.52271,0.09095
2488,3.52262,0.09103
2489,3.52252,0.0911
2490,3.52243,0.09118
2491,3.52233,0.09126
2492,3.52223,0.09133
2493,3.52214,0.09141
2494,3.52205,0.09149
2495,3.52195,0.09156
2496,3.52186,0.09164
2497,3.52177,0.09171
2498,3.52167,0.09179
2499,3.52158,0.09187
2500,3.52149,0.09194
2501,3.52139,0.09202
2502,3.5213,0.0921
2503,3.52121,0.09217
2504,3.52111,0.09225
2505,3.52102,0.09233
2506,3.52093,0.0924
2507,3.52083,0.09248
2508,3.52074,0.09255
2509,3.52065,0.09263
2510,3.52055,0.09271
2511,3.52046,0.09278
2512,3.52037,0.09286
2513,3.52028,0.09294
2514,3.52018,0.09301
2515,3.52009,0.09309
2516,3.52,0.09317
2517,3.51991,0.09324
2518,3.51982,0.09332
2519,3.51973,0.0934
2520,3.51963,0.09347
2521,3.51954,0.09355
2522,3.51945,0.09363
2523,3.51936,0.0937
2524,3.51927,0.09378
2525,3.51918,0.09386
2526,3.51909,0.09393
2527,3.51899,0.09401
2528,3.5189,0.09409
2529,3.51881,0.09416
2530,3.51872,0.09424
2531,3.51863,0.09432
2532,3.51854,0.09439
2533,3.51845,0.09447
2534,3.51836,0.09455
2535,3.51827,0.09463
2536,3.51818,0.0947
2537,3.51809,0.09478
2538,3.518,0.09486
2539,3.51791,0.09493
2540,3.51782,0.09501
2541,3.51773,0.09509
2542,3.51764,0.09516
2543,3.51755,0.09524
2544,3.51746,0.09532
2545,3.51737,0.0954
2546,3.51728,0.09547
2547,3.51719,0.09555
2548,3.5171,0.09563
2549,3.51701,0.0957
2550,3.51692,0.09578
2551,3.51683,0.09586
2552,3.51674,0.09593
2553,3.51665,0.09601
2554,3.51656,0.09609
2555,3.51648,0.09617
2556,3.51639,0.09624
2557,3.5163,0.09632
2558,3.51621,0.0964
2559,3.51612,0.09648
2560,3.51604,0.09655
2561,3.51595,0.09663
2562,3.51586,0.09671
2563,3.51577,0.09679
2564,3.51568,0.09686
2565,3.5156,0.09694
2566,3.51551,0.09702
2567,3.51542,0.09709
2568,3.51533,0.09717
2569,3.51524,0.09725
2570,3.51515,0.09733
2571,3.51507,0.0974
2572,3.51498,0.09748
2573,3.51489,0.09756
2574,3.51481,0.09764
2575,3.51472,0.09771
2576,3.51463,0.09779
2577,3.51455,0.09787
2578,3.51446,0.09795
2579,3.51437,0.09803
2580,3.51429,0.0981
2581,3.5142,0.09818
2582,3.51411,0.09826
2583,3.51403,0.09834
2584,3.51394,0.09841
2585,3.51386,0.09849
2586,3.51377,0.09857
2587,3.51368,0.09865
2588,3.5136,0.09872
2589,3.51351,0.0988
2590,3.51342,0.09888
2591,3.51334,0.09896
2592,3.51325,0.09903
2593,3.51317,0.09911
2594,3.51308,0.09919
2595,3.513,0.09927
2596,3.51291,0.09935
2597,3.51283,0.09942
2598,3.51274,0.0995
2599,3.51266,0.09958
2600,3.51257,0.09966
2601,3.51249,0.09974
2602,3.5124,0.09981
2603,3.51232,0.09989
2604,3.51223,0.09997
2605,3.51215,0.10005
2606,3.51206,0.10013
2607,3.51198,0.1002
2608,3.51189,0.10028
2609,3.51181,0.10036
2610,3.51172,0.10044
2611,3.51164,0.10052
2612,3.51156,0.10059
2613,3.51147,0.10067
2614,3.51139,0.10075
2615,3.5113,0.10083
2616,3.51122,0.10091
2617,3.51114,0.10098
2618,3.51105,0.10106
2619,3.51097,0.10114
2620,3.51089,0.10122
2621,3.51081,0.1013
2622,3.51072,0.10138
2623,3.51064,0.10145
2624,3.51056,0.10153
2625,3.51047,0.10161
2626,3.51039,0.10169
2627,3.51031,0.10177
2628,3.51022,0.10185
2629,3.51014,0.10192
2630,3.51006,0.102
2631,3.50997,0.10208
2632,3.50989,0.10216
2633,3.50981,0.10224
2634,3.50973,0.10232
2635,3.50964,0.10239
2636,3.50956,0.10247
2637,3.50948,0.10255
2638,3.5094,0.10263
2639,3.50932,0.10271
2640,3.50924,0.10279
2641,3.50915,0.10287
2642,3.50907,0.10294
2643,3.50899,0.10302
2644,3.50891,0.1031
2645,3.50883,0.10318
2646,3.50875,0.10326
2647,3.50867,0.10334
2648,3.50858,0.10342
2649,3.5085,0.10349
2650,3.50842,0.10357
2651,3.50834,0.10365
2652,3.50826,0.10373
2653,3.50818,0.10381
2654,3.5081,0.10389
2655,3.50801,0.10397
2656,3.50793,0.10404
2657,3.50785,0.10412
2658,3.50777,0.1042
2659,3.50769,0.10428
2660,3.50761,0.10436
2661,3.50753,0.10444
2662,3.50745,0.10452
2663,3.50737,0.1046
2664,3.50729,0.10468
2665,3.50721,0.10475
2666,3.50713,0.10483
2667,3.50705,0.10491
2668,3.50697,0.10499
2669,3.50689,0.10507
2670,3.50681,0.10515
2671,3.50673,0.10523
2672,3.50665,0.10531
2673,3.50657,0.10539
2674,3.50649,0.10546
2675,3.50642,0.10554
2676,3.50634,0.10562
2677,3.50626,0.1057
2678,3.50618,0.10578
2679,3.5061,0.10586
2680,3.50602,0.10594
2681,3.50594,0.10602
2682,3.50586,0.1061
2683,3.50578,0.10618
2684,3.50571,0.10625
2685,3.50563,0.10633
2686,3.50555,0.10641
2687,3.50547,0.10649
2688,3.50539,0.10657
2689,3.50531,0.10665
2690,3.50524,0.10673
2691,3.50516,0.10681
2692,3.50508,0.10689
2693,3.505,0.10697
2694,3.50492,0.10705
2695,3.50485,0.10713
2696,3.50477,0.1072
2697,3.50469,0.10728
2698,3.50461,0.10736
2699,3.50453,0.10744
2700,3.50445,0.10752
2701,3.50438,0.1076
2702,3.5043,0.10768
2703,3.50422,0.10776
2704,3.50415,0.10784
2705,3.50407,0.10792
2706,3.50399,0.108
2707,3.50392,0.10808
2708,3.50384,0.10816
2709,3.50376,0.10824
2710,3.50369,0.10832
2711,3.50361,0.1084
2712,3.50353,0.10848
2713,3.50346,0.10855
2714,3.50338,0.10863
2715,3.5033,0.10871
2716,3.50323,0.10879
2717,3.50315,0.10887
2718,3.50307,0.10895
2719,3.503,0.10903
2720,3.50292,0.10911
2721,3.50284,0.10919
2722,3.50277,0.10927
2723,3.50269,0.10935
2724,3.50261,0.10943
2725,3.50254,0.10951
2726,3.50246,0.10959
2727,3.50239,0.10967
2728,3.50231,0.10975
2729,3.50224,0.10983
2730,3.50216,0.10991
2731,3.50209,0.10999
2732,3.50201,0.11007
2733,3.50194,0.11015
2734,3.50186,0.11023
2735,3.50179,0.11031
2736,3.50171,0.11039
2737,3.50164,0.11047
2738,3.50156,0.11055
2739,3.50149,0.11063
2740,3.50141,0.11071
2741,3.50134,0.11079
2742,3.50126,0.11087
2743,3.50119,0.11095
2744,3.50111,0.11102
2745,3.50104,0.1111
2746,3.50096,0.11118
2747,3.50089,0.11126
2748,3.50082,0.11134
2749,3.50074,0.11142
2750,3.50067,0.1115
2751,3.50059,0.11158
2752,3.50052,0.11166
2753,3.50045,0.11174
2754,3.50037,0.11183
2755,3.5003,0.11191
2756,3.50023,0.11199
2757,3.50015,0.11207
2758,3.50008,0.11215
2759,3.50001,0.11223
2760,3.49993,0.11231
2761,3.49986,0.11239
2762,3.49979,0.11247
2763,3.49971,0.11255
2764,3.49964,0.11263
2765,3.49956,0.11271
2766,3.49949,0.11279
2767,3.49942,0.11287
2768,3.49934,0.11295
2769,3.49927,0.11303
2770,3.4992,0.11311
2771,3.49913,0.11319
2772,3.49905,0.11327
2773,3.49898,0.11335
2774,3.49891,0.11343
2775,3.49884,0.11351
2776,3.49877,0.11359
2777,3.49869,0.11367
2778,3.49862,0.11375
2779,3.49855,0.11383
2780,3.49848,0.11391
2781,3.4984,0.11399
2782,3.49833,0.11407
2783,3.49826,0.11415
2784,3.49819,0.11423
2785,3.49812,0.11431
2786,3.49804,0.11439
2787,3.49797,0.11447
2788,3.4979,0.11455
2789,3.49783,0.11463
2790,3.49776,0.11471
2791,3.49768,0.11479
2792,3.49761,0.11487
2793,3.49754,0.11495
2794,3.49747,0.11504
2795,3.4974,0.11512
2796,3.49733,0.1152
2797,3.49726,0.11528
2798,3.49719,0.11536
2799,3.49712,0.11544
2800,3.49705,0.11552
2801,3.49698,0.1156
2802,3.4969,0.11568
2803,3.49683,0.11576
2804,3.49676,0.11584
2805,3.49669,0.11592
2806,3.49662,0.116
2807,3.49655,0.11608
2808,3.49648,0.11616
2809,3.49641,0.11624
2810,3.49634,0.11633
2811,3.49627,0.11641
2812,3.4962,0.11649
2813,3.49613,0.11657
2814,3.49606,0.11665
2815,3.49599,0.11673
2816,3.49592,0.11681
2817,3.49585,0.11689
2818,3.49578,0.11697
2819,3.49571,0.11705
2820,3.49564,0.11713
2821,3.49557,0.11721
2822,3.4955,0.11729
2823,3.49543,0.11738
2824,3.49536,0.11746
2825,3.49529,0.11754
2826,3.49522,0.11762
2827,3.49516,0.1177
2828,3.49509,0.11778
2829,3.49502,0.11786
2830,3.49495,0.11794
2831,3.49488,0.11802
2832,3.49481,0.1181
2833,3.49474,0.11818
2834,3.49467,0.11827
2835,3.4946,0.11835
2836,3.49453,0.11843
2837,3.49446,0.11851
2838,3.4944,0.11859
2839,3.49433,0.11867
2840,3.49426,0.11875
2841,3.49419,0.11883
2842,3.49412,0.11891
2843,3.49405,0.11899
2844,3.49398,0.11907
2845,3.49392,0.11916
2846,3.49385,0.11924
2847,3.49378,0.11932
2848,3.49371,0.1194
2849,3.49365,0.11948
2850,3.49358,0.11956
2851,3.49351,0.11964
2852,3.49344,0.11972
2853,3.49338,0.11981
2854,3.49331,0.11989
2855,3.49324,0.11997
2856,3.49317,0.12005
2857,3.4931,0.12013
2858,3.49304,0.12021
2859,3.49297,0.12029
2860,3.4929,0.12037
2861,3.49283,0.12046
2862,3.49277,0.12054
2863,3.4927,0.12062
2864,3.49263,0.1207
2865,3.49256,0.12078
2866,3.4925,0.12086
2867,3.49243,0.12094
2868,3.49236,0.12102
2869,3.4923,0.12111
2870,3.49223,0.12119
2871,3.49216,0.12127
2872,3.4921,0.12135
2873,3.49203,0.12143
2874,3.49197,0.12151
2875,3.4919,0.12159
2876,3.49183,0.12168
2877,3.49177,0.12176
2878,3.4917,0.12184
2879,3.49163,0.12192
2880,3.49157,0.122
2881,3.4915,0.12208
2882,3.49144,0.12216
2883,3.49137,0.12225
2884,3.4913,0.12233
2885,3.49124,0.12241
2886,3.49117,0.12249
2887,3.49111,0.12257
2888,3.49104,0.12265
2889,3.49097,0.12273
2890,3.49091,0.12282
2891,3.49084,0.1229
2892,3.49078,0.12298
2893,3.49071,0.12306
2894,3.49064,0.12314
2895,3.49058,0.12322
2896,3.49051,0.12331
2897,3.49045,0.12339
2898,3.49039,0.12347
2899,3.49032,0.12355
2900,3.49026,0.12363
2901,3.49019,0.12371
2902,3.49013,0.1238
2903,3.49006,0.12388
2904,3.49,0.12396
2905,3.48993,0.12404
2906,3.48987,0.12412
2907,3.4898,0.1242
2908,3.48974,0.12429
2909,3.48967,0.12437
2910,3.48961,0.12445
2911,3.48954,0.12453
2912,3.48948,0.12461
2913,3.48942,0.1247
2914,3.48935,0.12478
2915,3.48929,0.12486
2916,3.48922,0.12494
2917,3.48916,0.12502
2918,3.48909,0.1251
2919,3.48903,0.12519
2920,3.48896,0.12527
2921,3.4889,0.12535
2922,3.48884,0.12543
2923,3.48877,0.12551
2924,3.48871,0.1256
2925,3.48865,0.12568
2926,3.48858,0.12576
2927,3.48852,0.12584
2928,3.48846,0.12592
2929,3.48839,0.12601
2930,3.48833,0.12609
2931,3.48827,0.12617
2932,3.4882,0.12625
2933,3.48814,0.12633
2934,3.48808,0.12642
2935,3.48801,0.1265
2936,3.48795,0.12658
2937,3.48789,0.12666
2938,3.48782,0.12674
2939,3.48776,0.12683
2940,3.4877,0.12691
2941,3.48763,0.12699
2942,3.48757,0.12707
2943,3.48751,0.12715
2944,3.48745,0.12724
2945,3.48738,0.12732
2946,3.48732,0.1274
2947,3.48726,0.12748
2948,3.48719,0.12756
2949,3.48713,0.12765
2950,3.48707,0.12773
2951,3.48701,0.12781
2952,3.48695,0.12789
2953,3.48689,0.12798
2954,3.48682,0.12806
2955,3.48676,0.12814
2956,3.4867,0.12822
2957,3.48664,0.1283
2958,3.48658,0.12839
2959,3.48651,0.12847
2960,3.48645,0.12855
2961,3.48639,0.12863
2962,3.48633,0.12872
2963,3.48627,0.1288
2964,3.48621,0.12888
2965,3.48614,0.12896
2966,3.48608,0.12904
2967,3.48602,0.12913
2968,3.48596,0.12921
2969,3.4859,0.12929
2970,3.48583,0.12937
2971,3.48577,0.12946
2972,3.48571,0.12954
2973,3.48565,0.12962
2974,3.48559,0.1297
2975,3.48553,0.12979
2976,3.48547,0.12987
2977,3.48541,0.12995
2978,3.48535,0.13003
2979,3.48529,0.13012
2980,3.48523,0.1302
2981,3.48517,0.13028
2982,3.4851,0.13036
2983,3.48504,0.13045
2984,3.48498,0.13053
2985,3.48492,0.13061
2986,3.48486,0.13069
2987,3.4848,0.13078
2988,3.48474,0.13086
2989,3.48468,0.13094
2990,3.48462,0.13102
2991,3.48456,0.13111
2992,3.4845,0.13119
2993,3.48444,0.13127
2994,3.48438,0.13135
2995,3.48432,0.13144
2996,3.48426,0.13152
2997,3.4842,0.1316
2998,3.48414,0.13168
2999,3.48408,0.13177
3000,3.48402,0.13185
3001,3.48396,0.13193
3002,3.4839,0.13201
3003,3.48384,0.1321
3004,3.48378,0.13218
3005,3.48372,0.13226
3006,3.48366,0.13234
3007,3.4836,0.13243
3008,3.48354,0.13251
3009,3.48348,0.13259
3010,3.48343,0.13268
3011,3.48337,0.13276
3012,3.48331,0.13284
3013,3.48325,0.13292
3014,3.48319,0.13301
3015,3.48313,0.13309
3016,3.48307,0.13317
3017,3.48301,0.13325
3018,3.48295,0.13334
3019,3.48289,0.13342
3020,3.48283,0.1335
3021,3.48278,0.13359
3022,3.48272,0.13367
3023,3.48266,0.13375
3024,3.4826,0.13383
3025,3.48254,0.13392
3026,3.48248,0.134
3027,3.48242,0.13408
3028,3.48236,0.13417
3029,3.4823,0.13425
3030,3.48225,0.13433
3031,3.48219,0.13441
3032,3.48213,0.1345
3033,3.48207,0.13458
3034,3.48202,0.13466
3035,3.48196,0.13475
3036,3.4819,0.13483
3037,3.48184,0.13491
3038,3.48178,0.135
3039,3.48173,0.13508
3040,3.48167,0.13516
3041,3.48161,0.13524
3042,3.48155,0.13533
3043,3.4815,0.13541
3044,3.48144,0.13549
3045,3.48138,0.13558
3046,3.48132,0.13566
3047,3.48127,0.13574
3048,3.48121,0.13583
3049,3.48115,0.13591
3050,3.48109,0.13599
3051,3.48103,0.13607
3052,3.48098,0.13616
3053,3.48092,0.13624
3054,3.48086,0.13632
3055,3.4808,0.13641
3056,3.48075,0.13649
3057,3.48069,0.13657
3058,3.48063,0.13666
3059,3.48058,0.13674
3060,3.48052,0.13682
3061,3.48046,0.13691
3062,3.48041,0.13699
3063,3.48035,0.13707
3064,3.48029,0.13715
3065,3.48024,0.13724
3066,3.48018,0.13732
3067,3.48012,0.1374
3068,3.48007,0.13749
3069,3.48001,0.13757
3070,3.47996,0.13765
3071,3.4799,0.13774
3072,3.47984,0.13782
3073,3.47979,0.1379
3074,3.47973,0.13799
3075,3.47967,0.13807
3076,3.47962,0.13815
3077,3.47956,0.13824
3078,3.4795,0.13832
3079,3.47945,0.1384
3080,3.47939,0.13849
3081,3.47934,0.13857
3082,3.47928,0.13865
3083,3.47922,0.13874
3084,3.47917,0.13882
3085,3.47911,0.1389
3086,3.47905,0.13899
3087,3.479,0.13907
3088,3.47894,0.13915
3089,3.47889,0.13924
3090,3.47883,0.13932
3091,3.47878,0.1394
3092,3.47872,0.13949
3093,3.47867,0.13957
3094,3.47861,0.13965
3095,3.47856,0.13974
3096,3.4785,0.13982
3097,3.47845,0.1399
3098,3.47839,0.13999
3099,3.47834,0.14007
3100,3.47828,0.14015
3101,3.47823,0.14024
3102,3.47817,0.14032
3103,3.47812,0.14041
3104,3.47806,0.14049
3105,3.47801,0.14057
3106,3.47795,0.14066
3107,3.4779,0.14074
3108,3.47784,0.14082
3109,3.47779,0.14091
3110,3.47773,0.14099
3111,3.47768,0.14107
3112,3.47762,0.14116
3113,3.47757,0.14124
3114,3.47751,0.14132
3115,3.47746,0.14141
3116,3.4774,0.14149
3117,3.47735,0.14157
3118,3.4773,0.14166
3119,3.47724,0.14174
3120,3.47719,0.14183
3121,3.47713,0.14191
3122,3.47708,0.14199
3123,3.47703,0.14208
3124,3.47697,0.14216
3125,3.47692,0.14224
3126,3.47687,0.14233
3127,3.47681,0.14241
3128,3.47676,0.14249
3129,3.4767,0.14258
3130,3.47665,0.14266
3131,3.4766,0.14275
3132,3.47654,0.14283
3133,3.47649,0.14291
3134,3.47644,0.143
3135,3.47638,0.14308
3136,3.47633,0.14316
3137,3.47628,0.14325
3138,3.47622,0.14333
3139,3.47617,0.14342
3140,3.47611,0.1435
3141,3.47606,0.14358
3142,3.47601,0.14367
3143,3.47595,0.14375
3144,3.4759,0.14383
3145,3.47585,0.14392
3146,3.47579,0.144
3147,3.47574,0.14409
3148,3.47569,0.14417
3149,3.47563,0.14425
3150,3.47558,0.14434
3151,3.47553,0.14442
3152,3.47548,0.1445
3153,3.47543,0.14459
3154,3.47537,0.14467
3155,3.47532,0.14476
3156,3.47527,0.14484
3157,3.47522,0.14492
3158,3.47516,0.14501
3159,3.47511,0.14509
3160,3.47506,0.14518
3161,3.47501,0.14526
3162,3.47495,0.14534
3163,3.4749,0.14543
3164,3.47485,0.14551
3165,3.4748,0.1456
3166,3.47474,0.14568
3167,3.47469,0.14576
3168,3.47464,0.14585
3169,3.47459,0.14593
3170,3.47453,0.14602
3171,3.47448,0.1461
3172,3.47443,0.14618
3173,3.47438,0.14627
3174,3.47433,0.14635
3175,3.47427,0.14643
3176,3.47422,0.14652
3177,3.47417,0.1466
3178,3.47412,0.14669
3179,3.47407,0.14677
3180,3.47401,0.14685
3181,3.47396,0.14694
3182,3.47391,0.14702
3183,3.47386,0.14711
3184,3.47381,0.14719
3185,3.47376,0.14728
3186,3.47371,0.14736
3187,3.47366,0.14744
3188,3.47361,0.14753
3189,3.47355,0.14761
3190,3.4735,0.1477
3191,3.47345,0.14778
3192,3.4734,0.14786
3193,3.47335,0.14795
3194,3.4733,0.14803
3195,3.47325,0.14812
3196,3.4732,0.1482
3197,3.47315,0.14829
3198,3.4731,0.14837
3199,3.47304,0.14845
3200,3.47299,0.14854
3201,3.47294,0.14862
3202,3.47289,0.14871
3203,3.47284,0.14879
3204,3.47279,0.14887
3205,3.47274,0.14896
3206,3.47269,0.14904
3207,3.47264,0.14913
3208,3.47258,0.14921
3209,3.47253,0.14929
3210,3.47248,0.14938
3211,3.47243,0.14946
3212,3.47238,0.14955
3213,3.47233,0.14963
3214,3.47228,0.14972
3215,3.47224,0.1498
3216,3.47219,0.14989
3217,3.47214,0.14997
3218,3.47209,0.15005
3219,3.47204,0.15014
3220,3.47199,0.15022
3221,3.47194,0.15031
3222,3.47189,0.15039
3223,3.47184,0.15048
3224,3.47179,0.15056
3225,3.47174,0.15064
3226,3.47169,0.15073
3227,3.47164,0.15081
3228,3.47159,0.1509
3229,3.47154,0.15098
3230,3.47149,0.15107
3231,3.47144,0.15115
3232,3.47139,0.15123
3233,3.47134,0.15132
3234,3.47129,0.1514
3235,3.47124,0.15149
3236,3.47119,0.15157
3237,3.47114,0.15166
3238,3.47109,0.15174
3239,3.47104,0.15183
3240,3.47099,0.15191
3241,3.47094,0.15199
3242,3.47089,0.15208
3243,3.47084,0.15216
3244,3.4708,0.15225
3245,3.47075,0.15233
3246,3.4707,0.15242
3247,3.47065,0.1525
3248,3.4706,0.15259
3249,3.47055,0.15267
3250,3.4705,0.15275
3251,3.47046,0.15284
3252,3.47041,0.15292
3253,3.47036,0.15301
3254,3.47031,0.15309
3255,3.47026,0.15318
3256,3.47021,0.15326
3257,3.47016,0.15335
3258,3.47012,0.15343
3259,3.47007,0.15352
3260,3.47002,0.1536
3261,3.46997,0.15368
3262,3.46992,0.15377
3263,3.46987,0.15385
3264,3.46982,0.15394
3265,3.46978,0.15402
3266,3.46973,0.15411
3267,3.46968,0.15419
3268,3.46963,0.15428
3269,3.46958,0.15436
3270,3.46953,0.15445
3271,3.46948,0.15453
3272,3.46944,0.15461
3273,3.46939,0.1547
3274,3.46934,0.15478
3275,3.46929,0.15487
3276,3.46925,0.15495
3277,3.4692,0.15504
3278,3.46915,0.15512
3279,3.4691,0.15521
3280,3.46906,0.15529
3281,3.46901,0.15538
3282,3.46896,0.15546
3283,3.46891,0.15555
3284,3.46887,0.15563
3285,3.46882,0.15572
3286,3.46877,0.1558
3287,3.46872,0.15589
3288,3.46868,0.15597
3289,3.46863,0.15605
3290,3.46858,0.15614
3291,3.46853,0.15622
3292,3.46849,0.15631
3293,3.46844,0.15639
3294,3.46839,0.15648
3295,3.46834,0.15656
3296,3.4683,0.15665
3297,3.46825,0.15673
3298,3.4682,0.15682
3299,3.46815,0.1569
3300,3.46811,0.15699
3301,3.46806,0.15707
3302,3.46801,0.15716
3303,3.46797,0.15724
3304,3.46792,0.15733
3305,3.46787,0.15741
3306,3.46783,0.1575
3307,3.46778,0.15758
3308,3.46773,0.15767
3309,3.46769,0.15775
3310,3.46764,0.15784
3311,3.46759,0.15792
3312,3.46755,0.158
3313,3.4675,0.15809
3314,3.46745,0.15817
3315,3.46741,0.15826
3316,3.46736,0.15834
3317,3.46732,0.15843
3318,3.46727,0.15851
3319,3.46722,0.1586
3320,3.46718,0.15868
3321,3.46713,0.15877
3322,3.46709,0.15885
3323,3.46704,0.15894
3324,3.46699,0.15902
3325,3.46695,0.15911
3326,3.4669,0.15919
3327,3.46685,0.15928
3328,3.46681,0.15936
3329,3.46676,0.15945
3330,3.46672,0.15953
3331,3.46667,0.15962
3332,3.46663,0.1597
3333,3.46658,0.15979
3334,3.46653,0.15987
3335,3.46649,0.15996
3336,3.46644,0.16004
3337,3.4664,0.16013
3338,3.46635,0.16021
3339,3.46631,0.1603
3340,3.46626,0.16038
3341,3.46622,0.16047
3342,3.46617,0.16055
3343,3.46613,0.16064
3344,3.46608,0.16072
3345,3.46603,0.16081
3346,3.46599,0.16089
3347,3.46594,0.16098
3348,3.4659,0.16106
3349,3.46585,0.16115
3350,3.46581,0.16123
3351,3.46576,0.16132
3352,3.46572,0.1614
3353,3.46567,0.16149
3354,3.46563,0.16157
3355,3.46558,0.16166
3356,3.46554,0.16174
3357,3.46549,0.16183
3358,3.46545,0.16191
3359,3.4654,0.162
3360,3.46536,0.16209
3361,3.46531,0.16217
3362,3.46527,0.16226
3363,3.46523,0.16234
3364,3.46518,0.16243
3365,3.46514,0.16251
3366,3.46509,0.1626
3367,3.46505,0.16268
3368,3.465,0.16277
3369,3.46496,0.16285
3370,3.46491,0.16294
3371,3.46487,0.16302
3372,3.46482,0.16311
3373,3.46478,0.16319
3374,3.46474,0.16328
3375,3.46469,0.16336
3376,3.46465,0.16345
3377,3.4646,0.16353
3378,3.46456,0.16362
3379,3.46452,0.1637
3380,3.46447,0.16379
3381,3.46443,0.16387
3382,3.46438,0.16396
3383,3.46434,0.16404
3384,3.4643,0.16413
3385,3.46425,0.16421
3386,3.46421,0.1643
3387,3.46416,0.16438
3388,3.46412,0.16447
3389,3.46408,0.16455
3390,3.46403,0.16464
3391,3.46399,0.16473
3392,3.46395,0.16481
3393,3.4639,0.1649
3394,3.46386,0.16498
3395,3.46382,0.16507
3396,3.46377,0.16515
3397,3.46373,0.16524
3398,3.46369,0.16532
3399,3.46364,0.16541
3400,3.4636,0.16549
3401,3.46355,0.16558
3402,3.46351,0.16566
3403,3.46347,0.16575
3404,3.46343,0.16583
3405,3.46338,0.16592
3406,3.46334,0.16601
3407,3.4633,0.16609
3408,3.46325,0.16618
3409,3.46321,0.16626
3410,3.46317,0.16635
3411,3.46312,0.16643
3412,3.46308,0.16652
3413,3.46304,0.1666
3414,3.46299,0.16669
3415,3.46295,0.16677
3416,3.46291,0.16686
3417,3.46287,0.16694
3418,3.46282,0.16703
3419,3.46278,0.16712
3420,3.46274,0.1672
3421,3.46269,0.16729
3422,3.46265,0.16737
3423,3.46261,0.16746
3424,3.46257,0.16754
3425,3.46252,0.16763
3426,3.46248,0.16771
3427,3.46244,0.1678
3428,3.4624,0.16788
3429,3.46235,0.16797
3430,3.46231,0.16806
3431,3.46227,0.16814
3432,3.46223,0.16823
3433,3.46219,0.16831
3434,3.46214,0.1684
3435,3.4621,0.16848
3436,3.46206,0.16857
3437,3.46202,0.16865
3438,3.46197,0.16874
3439,3.46193,0.16882
3440,3.46189,0.16891
3441,3.46185,0.169
3442,3.46181,0.16908
3443,3.46176,0.16917
3444,3.46172,0.16925
3445,3.46168,0.16934
3446,3.46164,0.16942
3447,3.4616,0.16951
3448,3.46156,0.16959
3449,3.46151,0.16968
3450,3.46147,0.16977
3451,3.46143,0.16985
3452,3.46139,0.16994
3453,3.46135,0.17002
3454,3.46131,0.17011
3455,3.46126,0.17019
3456,3.46122,0.17028
3457,3.46118,0.17036
3458,3.46114,0.17045
3459,3.4611,0.17054
3460,3.46106,0.17062
3461,3.46102,0.17071
3462,3.46097,0.17079
3463,3.46093,0.17088
3464,3.46089,0.17096
3465,3.46085,0.17105
3466,3.46081,0.17113
3467,3.46077,0.17122
3468,3.46073,0.17131
3469,3.46069,0.17139
3470,3.46065,0.17148
3471,3.4606,0.17156
3472,3.46056,0.17165
3473,3.46052,0.17173
3474,3.46048,0.17182
3475,3.46044,0.17191
3476,3.4604,0.17199
3477,3.46036,0.17208
3478,3.46032,0.17216
3479,3.46028,0.17225
3480,3.46024,0.17233
3481,3.4602,0.17242
3482,3.46015,0.17251
3483,3.46011,0.17259
3484,3.46007,0.17268
3485,3.46003,0.17276
3486,3.45999,0.17285
3487,3.45995,0.17293
3488,3.45991,0.17302
3489,3.45987,0.17311
3490,3.45983,0.17319
3491,3.45979,0.17328
3492,3.45975,0.17336
3493,3.45971,0.17345
3494,3.45967,0.17353
3495,3.45963,0.17362
3496,3.45959,0.17371
3497,3.45955,0.17379
3498,3.45951,0.17388
3499,3.45947,0.17396
3500,3.45943,0.17405
3501,3.45939,0.17413
3502,3.45935,0.17422
3503,3.45931,0.17431
3504,3.45927,0.17439
3505,3.45923,0.17448
3506,3.45919,0.17456
3507,3.45915,0.17465
3508,3.45911,0.17473
3509,3.45907,0.17482
3510,3.45903,0.17491
3511,3.45899,0.17499
3512,3.45895,0.17508
3513,3.45891,0.17516
3514,3.45887,0.17525
3515,3.45883,0.17534
3516,3.45879,0.17542
3517,3.45875,0.17551
3518,3.45871,0.17559
3519,3.45867,0.17568
3520,3.45863,0.17576
3521,3.45859,0.17585
3522,3.45855,0.17594
3523,3.45851,0.17602
3524,3.45847,0.17611
3525,3.45844,0.17619
3526,3.4584,0.17628
3527,3.45836,0.17637
3528,3.45832,0.17645
3529,3.45828,0.17654
3530,3.45824,0.17662
3531,3.4582,0.17671
3532,3.45816,0.17679
3533,3.45812,0.17688
3534,3.45808,0.17697
3535,3.45804,0.17705
3536,3.45801,0.17714
3537,3.45797,0.17722
3538,3.45793,0.17731
3539,3.45789,0.1774
3540,3.45785,0.17748
3541,3.45781,0.17757
3542,3.45777,0.17765
3543,3.45773,0.17774
3544,3.45769,0.17783
3545,3.45766,0.17791
3546,3.45762,0.178
3547,3.45758,0.17808
3548,3.45754,0.17817
3549,3.4575,0.17826
3550,3.45746,0.17834
3551,3.45742,0.17843
3552,3.45739,0.17851
3553,3.45735,0.1786
3554,3.45731,0.17868
3555,3.45727,0.17877
3556,3.45723,0.17886
3557,3.45719,0.17894
3558,3.45715,0.17903
3559,3.45712,0.17911
3560,3.45708,0.1792
3561,3.45704,0.17929
3562,3.457,0.17937
3563,3.45696,0.17946
3564,3.45693,0.17954
3565,3.45689,0.17963
3566,3.45685,0.17972
3567,3.45681,0.1798
3568,3.45677,0.17989
3569,3.45674,0.17997
3570,3.4567,0.18006
3571,3.45666,0.18015
3572,3.45662,0.18023
3573,3.45658,0.18032
3574,3.45655,0.1804
3575,3.45651,0.18049
3576,3.45647,0.18058
3577,3.45643,0.18066
3578,3.45639,0.18075
3579,3.45636,0.18083
3580,3.45632,0.18092
3581,3.45628,0.18101
3582,3.45624,0.18109
3583,3.45621,0.18118
3584,3.45617,0.18127
3585,3.45613,0.18135
3586,3.45609,0.18144
3587,3.45606,0.18152
3588,3.45602,0.18161
3589,3.45598,0.1817
3590,3.45594,0.18178
3591,3.45591,0.18187
3592,3.45587,0.18195
3593,3.45583,0.18204
3594,3.45579,0.18213
3595,3.45576,0.18221
3596,3.45572,0.1823
3597,3.45568,0.18238
3598,3.45565,0.18247
3599,3.45561,0.18256
3600,3.45557,0.18264
3601,3.45553,0.18273
3602,3.4555,0.18282
3603,3.45546,0.1829
3604,3.45542,0.18299
3605,3.45539,0.18307
3606,3.45535,0.18316
3607,3.45531,0.18325
3608,3.45528,0.18333
3609,3.45524,0.18342
3610,3.4552,0.1835
3611,3.45517,0.18359
3612,3.45513,0.18368
3613,3.45509,0.18376
3614,3.45506,0.18385
3615,3.45502,0.18394
3616,3.45498,0.18402
3617,3.45495,0.18411
3618,3.45491,0.18419
3619,3.45487,0.18428
3620,3.45484,0.18437
3621,3.4548,0.18445
3622,3.45476,0.18454
3623,3.45473,0.18462
3624,3.45469,0.18471
3625,3.45465,0.1848
3626,3.45462,0.18488
3627,3.45458,0.18497
3628,3.45454,0.18506
3629,3.45451,0.18514
3630,3.45447,0.18523
3631,3.45443,0.18531
3632,3.4544,0.1854
3633,3.45436,0.18549
3634,3.45433,0.18557
3635,3.45429,0.18566
3636,3.45425,0.18575
3637,3.45422,0.18583
3638,3.45418,0.18592
3639,3.45415,0.186
3640,3.45411,0.18609
3641,3.45407,0.18618
3642,3.45404,0.18626
3643,3.454,0.18635
3644,3.45397,0.18644
3645,3.45393,0.18652
3646,3.4539,0.18661
3647,3.45386,0.18669
3648,3.45382,0.18678
3649,3.45379,0.18687
3650,3.45375,0.18695
3651,3.45372,0.18704
3652,3.45368,0.18713
3653,3.45365,0.18721
3654,3.45361,0.1873
3655,3.45357,0.18738
3656,3.45354,0.18747
3657,3.4535,0.18756
3658,3.45347,0.18764
3659,3.45343,0.18773
3660,3.4534,0.18782
3661,3.45336,0.1879
3662,3.45333,0.18799
3663,3.45329,0.18807
3664,3.45326,0.18816
3665,3.45322,0.18825
3666,3.45319,0.18833
3667,3.45315,0.18842
3668,3.45311,0.18851
3669,3.45308,0.18859
3670,3.45304,0.18868
3671,3.45301,0.18877
3672,3.45297,0.18885
3673,3.45294,0.18894
3674,3.4529,0.18902
3675,3.45287,0.18911
3676,3.45283,0.1892
3677,3.4528,0.18928
3678,3.45276,0.18937
3679,3.45273,0.18946
3680,3.45269,0.18954
3681,3.45266,0.18963
3682,3.45262,0.18971
3683,3.45259,0.1898
3684,3.45256,0.18989
3685,3.45252,0.18997
3686,3.45249,0.19006
3687,3.45245,0.19015
3688,3.45242,0.19023
3689,3.45238,0.19032
3690,3.45235,0.19041
3691,3.45231,0.19049
3692,3.45228,0.19058
3693,3.45224,0.19067
3694,3.45221,0.19075
3695,3.45218,0.19084
3696,3.45214,0.19092
3697,3.45211,0.19101
3698,3.45207,0.1911
3699,3.45204,0.19118
3700,3.452,0.19127
3701,3.45197,0.19136
3702,3.45193,0.19144
3703,3.4519,0.19153
3704,3.45187,0.19162
3705,3.45183,0.1917
3706,3.4518,0.19179
3707,3.45176,0.19187
3708,3.45173,0.19196
3709,3.4517,0.19205
3710,3.45166,0.19213
3711,3.45163,0.19222
3712,3.45159,0.19231
3713,3.45156,0.19239
3714,3.45153,0.19248
3715,3.45149,0.19257
3716,3.45146,0.19265
3717,3.45142,0.19274
3718,3.45139,0.19283
3719,3.45136,0.19291
3720,3.45132,0.193
3721,3.45129,0.19309
3722,3.45125,0.19317
3723,3.45122,0.19326
3724,3.45119,0.19335
3725,3.45115,0.19343
3726,3.45112,0.19352
3727,3.45109,0.1936
3728,3.45105,0.19369
3729,3.45102,0.19378
3730,3.45099,0.19386
3731,3.45095,0.19395
3732,3.45092,0.19404
3733,3.45088,0.19412
3734,3.45085,0.19421
3735,3.45082,0.1943
3736,3.45078,0.19438
3737,3.45075,0.19447
3738,3.45072,0.19456
3739,3.45068,0.19464
3740,3.45065,0.19473
3741,3.45062,0.19482
3742,3.45058,0.1949
3743,3.45055,0.19499
3744,3.45052,0.19508
3745,3.45049,0.19516
3746,3.45045,0.19525
3747,3.45042,0.19533
3748,3.45039,0.19542
3749,3.45035,0.19551
3750,3.45032,0.19559
3751,3.45029,0.19568
3752,3.45025,0.19577
3753,3.45022,0.19585
3754,3.45019,0.19594
3755,3.45016,0.19603
3756,3.45012,0.19611
3757,3.45009,0.1962
3758,3.45006,0.19629
3759,3.45002,0.19637
3760,3.44999,0.19646
3761,3.44996,0.19655
3762,3.44993,0.19663
3763,3.44989,0.19672
3764,3.44986,0.19681
3765,3.44983,0.19689
3766,3.44979,0.19698
3767,3.44976,0.19707
3768,3.44973,0.19715
3769,3.4497,0.19724
3770,3.44966,0.19733
3771,3.44963,0.19741
3772,3.4496,0.1975
3773,3.44957,0.19758
3774,3.44953,0.19767
3775,3.4495,0.19776
3776,3.44947,0.19784
3777,3.44944,0.19793
3778,3.44941,0.19802
3779,3.44937,0.1981
3780,3.44934,0.19819
3781,3.44931,0.19828
3782,3.44928,0.19836
3783,3.44924,0.19845
3784,3.44921,0.19854
3785,3.44918,0.19862
3786,3.44915,0.19871
3787,3.44912,0.1988
3788,3.44908,0.19888
3789,3.44905,0.19897
3790,3.44902,0.19906
3791,3.44899,0.19914
3792,3.44896,0.19923
3793,3.44892,0.19932
3794,3.44889,0.1994
3795,3.44886,0.19949
3796,3.44883,0.19958
3797,3.4488,0.19966
3798,3.44876,0.19975
3799,3.44873,0.19984
3800,3.4487,0.19992
3801,3.44867,0.20001
3802,3.44864,0.2001
3803,3.44861,0.20018
3804,3.44857,0.20027
3805,3.44854,0.20036
3806,3.44851,0.20044
3807,3.44848,0.20053
3808,3.44845,0.20062
3809,3.44842,0.2007
3810,3.44838,0.20079
3811,3.44835,0.20088
3812,3.44832,0.20096
3813,3.44829,0.20105
3814,3.44826,0.20114
3815,3.44823,0.20122
3816,3.4482,0.20131
3817,3.44816,0.2014
3818,3.44813,0.20148
3819,3.4481,0.20157
3820,3.44807,0.20166
3821,3.44804,0.20174
3822,3.44801,0.20183
3823,3.44798,0.20192
3824,3.44795,0.202
3825,3.44791,0.20209
3826,3.44788,0.20218
3827,3.44785,0.20226
3828,3.44782,0.20235
3829,3.44779,0.20244
3830,3.44776,0.20252
3831,3.44773,0.20261
3832,3.4477,0.2027
3833,3.44767,0.20278
3834,3.44764,0.20287
3835,3.4476,0.20296
3836,3.44757,0.20304
3837,3.44754,0.20313
3838,3.44751,0.20322
3839,3.44748,0.2033
3840,3.44745,0.20339
3841,3.44742,0.20348
3842,3.44739,0.20356
3843,3.44736,0.20365
3844,3.44733,0.20374
3845,3.4473,0.20382
3846,3.44727,0.20391
3847,3.44724,0.204
3848,3.4472,0.20409
3849,3.44717,0.20417
3850,3.44714,0.20426
3851,3.44711,0.20435
3852,3.44708,0.20443
3853,3.44705,0.20452
3854,3.44702,0.20461
3855,3.44699,0.20469
3856,3.44696,0.20478
3857,3.44693,0.20487
3858,3.4469,0.20495
3859,3.44687,0.20504
3860,3.44684,0.20513
3861,3.44681,0.20521
3862,3.44678,0.2053
3863,3.44675,0.20539
3864,3.44672,0.20547
3865,3.44669,0.20556
3866,3.44666,0.20565
3867,3.44663,0.20573
3868,3.4466,0.20582
3869,3.44657,0.20591
3870,3.44654,0.20599
3871,3.44651,0.20608
3872,3.44648,0.20617
3873,3.44645,0.20625
3874,3.44642,0.20634
3875,3.44639,0.20643
3876,3.44636,0.20651
3877,3.44633,0.2066
3878,3.4463,0.20669
3879,3.44627,0.20678
3880,3.44624,0.20686
3881,3.44621,0.20695
3882,3.44618,0.20704
3883,3.44615,0.20712
3884,3.44612,0.20721
3885,3.44609,0.2073
3886,3.44606,0.20738
3887,3.44603,0.20747
3888,3.446,0.20756
3889,3.44597,0.20764
3890,3.44594,0.20773
3891,3.44591,0.20782
3892,3.44588,0.2079
3893,3.44585,0.20799
3894,3.44582,0.20808
3895,3.44579,0.20816
3896,3.44576,0.20825
3897,3.44573,0.20834
3898,3.4457,0.20842
3899,3.44567,0.20851
3900,3.44564,0.2086
3901,3.44562,0.20868
3902,3.44559,0.20877
3903,3.44556,0.20886
3904,3.44553,0.20895
3905,3.4455,0.20903
3906,3.44547,0.20912
3907,3.44544,0.20921
3908,3.44541,0.20929
3909,3.44538,0.20938
3910,3.44535,0.20947
3911,3.44532,0.20955
3912,3.44529,0.20964
3913,3.44527,0.20973
3914,3.44524,0.20981
3915,3.44521,0.2099
3916,3.44518,0.20999
3917,3.44515,0.21007
3918,3.44512,0.21016
3919,3.44509,0.21025
3920,3.44506,0.21033
3921,3.44503,0.21042
3922,3.445,0.21051
3923,3.44498,0.2106
3924,3.44495,0.21068
3925,3.44492,0.21077
3926,3.44489,0.21086
3927,3.44486,0.21094
3928,3.44483,0.21103
3929,3.4448,0.21112
3930,3.44477,0.2112
3931,3.44475,0.21129
3932,3.44472,0.21138
3933,3.44469,0.21146
3934,3.44466,0.21155
3935,3.44463,0.21164
3936,3.4446,0.21173
3937,3.44457,0.21181
3938,3.44455,0.2119
3939,3.44452,0.21199
3940,3.44449,0.21207
3941,3.44446,0.21216
3942,3.44443,0.21225
3943,3.4444,0.21233
3944,3.44438,0.21242
3945,3.44435,0.21251
3946,3.44432,0.21259
3947,3.44429,0.21268
3948,3.44426,0.21277
3949,3.44423,0.21286
3950,3.44421,0.21294
3951,3.44418,0.21303
3952,3.44415,0.21312
3953,3.44412,0.2132
3954,3.44409,0.21329
3955,3.44406,0.21338
3956,3.44404,0.21346
3957,3.44401,0.21355
3958,3.44398,0.21364
3959,3.44395,0.21372
3960,3.44392,0.21381
3961,3.4439,0.2139
3962,3.44387,0.21398
3963,3.44384,0.21407
3964,3.44381,0.21416
3965,3.44378,0.21425
3966,3.44376,0.21433
3967,3.44373,0.21442
3968,3.4437,0.21451
3969,3.44367,0.21459
3970,3.44365,0.21468
3971,3.44362,0.21477
3972,3.44359,0.21485
3973,3.44356,0.21494
3974,3.44353,0.21503
3975,3.44351,0.21511
3976,3.44348,0.2152
3977,3.44345,0.21529
3978,3.44342,0.21538
3979,3.44339,0.21546
3980,3.44337,0.21555
3981,3.44334,0.21564
3982,3.44331,0.21572
3983,3.44328,0.21581
3984,3.44326,0.2159
3985,3.44323,0.21598
3986,3.4432,0.21607
3987,3.44318,0.21616
3988,3.44315,0.21624
3989,3.44312,0.21633
3990,3.44309,0.21642
3991,3.44307,0.21651
3992,3.44304,0.21659
3993,3.44301,0.21668
3994,3.44298,0.21677
3995,3.44296,0.21685
3996,3.44293,0.21694
3997,3.4429,0.21703
3998,3.44287,0.21711
3999,3.44285,0.2172
4000,3.44282,0.21729
4001,3.44279,0.21738
4002,3.44277,0.21746
4003,3.44274,0.21755
4003,3.44271,0.21764
4005,3.44268,0.21772
4006,3.44266,0.21781
4006,3.44263,0.2179
4008,3.4426,0.21798
4009,3.44258,0.21807
4010,3.44255,0.21816
4011,3.44252,0.21824
4011,3.4425,0.21833
4013,3.44247,0.21842
4014,3.44244,0.21851
4014,3.44242,0.21859
4016,3.44239,0.21868
4017,3.44236,0.21877
4018,3.44233,0.21885
4019,3.44231,0.21894
4019,3.44228,0.21903
4021,3.44225,0.21912
4022,3.44223,0.2192
4022,3.4422,0.21929
4024,3.44217,0.21938
4025,3.44215,0.21946
4026,3.44212,0.21955
4027,3.44209,0.21964
4027,3.44207,0.21972
4029,3.44204,0.21981
4030,3.44202,0.2199
4030,3.44199,0.21999
4032,3.44196,0.22007
4033,3.44194,0.22016
4034,3.44191,0.22025
4035,3.44188,0.22033
4035,3.44186,0.22042
4037,3.44183,0.22051
4038,3.4418,0.22059
4038,3.44178,0.22068
4040,3.44175,0.22077
4041,3.44172,0.22086
4042,3.4417,0.22094
4043,3.44167,0.22103
4043,3.44165,0.22112
4045,3.44162,0.2212
4046,3.44159,0.22129
4046,3.44157,0.22138
4048,3.44154,0.22146
4049,3.44152,0.22155
4050,3.44149,0.22164
4051,3.44146,0.22173
4051,3.44144,0.22181
4053,3.44141,0.2219
4054,3.44138,0.22199
4054,3.44136,0.22207
4056,3.44133,0.22216
4057,3.44131,0.22225
4058,3.44128,0.22233
4059,3.44125,0.22242
4059,3.44123,0.22251
4061,3.4412,0.2226
4062,3.44118,0.22268
4062,3.44115,0.22277
4064,3.44112,0.22286
4065,3.4411,0.22294
4066,3.44107,0.22303
4067,3.44105,0.22312
4067,3.44102,0.2232
4069,3.441,0.22329
4070,3.44097,0.22338
4070,3.44094,0.22347
4072,3.44092,0.22355
4073,3.44089,0.22364
4074,3.44087,0.22373
4075,3.44084,0.22381
4075,3.44082,0.2239
4077,3.44079,0.22399
4078,3.44077,0.22407
4078,3.44074,0.22416
4080,3.44071,0.22425
4081,3.44069,0.22434
4082,3.44066,0.22442
4083,3.44064,0.22451
4083,3.44061,0.2246
4085,3.44059,0.22468
4086,3.44056,0.22477
4086,3.44054,0.22486
4088,3.44051,0.22495
4089,3.44049,0.22503
4090,3.44046,0.22512
4091,3.44043,0.22521
4091,3.44041,0.22529
4093,3.44038,0.22538
4094,3.44036,0.22547
4094,3.44033,0.22555
4096,3.44031,0.22564
4097,3.44028,0.22573
4098,3.44026,0.22581
4099,3.44023,0.2259
4100,3.44021,0.22599
4101,3.44018,0.22608
4102,3.44016,0.22616
4103,3.44013,0.22625
4104,3.44011,0.22634
4105,3.44008,0.22642
4106,3.44006,0.22651
4107,3.44003,0.2266
4108,3.44001,0.22669
4109,3.43998,0.22677
4110,3.43996,0.22686
4111,3.43993,0.22695
4112,3.43991,0.22703
4113,3.43988,0.22712
4114,3.43986,0.22721
4115,3.43984,0.2273
4116,3.43981,0.22738
4117,3.43979,0.22747
4118,3.43976,0.22756
4119,3.43974,0.22764
4120,3.43971,0.22773
4121,3.43969,0.22782
4122,3.43966,0.22791
4123,3.43964,0.22799
4124,3.43961,0.22808
4125,3.43959,0.22817
4126,3.43956,0.22825
4127,3.43954,0.22834
4128,3.43951,0.22843
4129,3.43949,0.22851
4130,3.43947,0.2286
4131,3.43944,0.22869
4132,3.43942,0.22878
4133,3.43939,0.22886
4134,3.43937,0.22895
4135,3.43934,0.22904
4136,3.43932,0.22912
4137,3.43929,0.22921
4138,3.43927,0.2293
4139,3.43924,0.22938
4140,3.43922,0.22947
4141,3.4392,0.22956
4142,3.43917,0.22965
4143,3.43915,0.22973
4144,3.43912,0.22982
4145,3.4391,0.22991
4146,3.43907,0.22999
4147,3.43905,0.23008
4148,3.43903,0.23017
4149,3.439,0.23026
4150,3.43898,0.23034
4151,3.43895,0.23043
4152,3.43893,0.23052
4153,3.43891,0.2306
4154,3.43888,0.23069
4155,3.43886,0.23078
4156,3.43883,0.23087
4157,3.43881,0.23095
4158,3.43879,0.23104
4159,3.43876,0.23113
4160,3.43874,0.23121
4161,3.43871,0.2313
4162,3.43869,0.23139
4163,3.43867,0.23148
4164,3.43864,0.23156
4165,3.43862,0.23165
4166,3.4386,0.23174
4167,3.43857,0.23182
4168,3.43855,0.23191
4169,3.43852,0.232
4170,3.4385,0.23209
4171,3.43848,0.23217
4172,3.43845,0.23226
4173,3.43843,0.23235
4174,3.43841,0.23243
4175,3.43838,0.23252
4176,3.43836,0.23261
4177,3.43833,0.23269
4178,3.43831,0.23278
4179,3.43829,0.23287
4180,3.43826,0.23296
4181,3.43824,0.23304
4182,3.43822,0.23313
4183,3.43819,0.23322
4184,3.43817,0.2333
4185,3.43815,0.23339
4186,3.43812,0.23348
4187,3.4381,0.23356
4188,3.43808,0.23365
4189,3.43805,0.23374
4190,3.43803,0.23383
4191,3.43801,0.23391
4192,3.43798,0.234
4193,3.43796,0.23409
4194,3.43794,0.23417
4195,3.43791,0.23426
4196,3.43789,0.23435
4197,3.43787,0.23444
4198,3.43784,0.23452
4199,3.43782,0.23461
4200,3.4378,0.2347
4201,3.43777,0.23478
4202,3.43775,0.23487
4203,3.43773,0.23496
4204,3.4377,0.23505
4205,3.43768,0.23513
4206,3.43766,0.23522
4207,3.43764,0.23531
4208,3.43761,0.23539
4209,3.43759,0.23548
4210,3.43757,0.23557
4211,3.43754,0.23566
4212,3.43752,0.23574
4213,3.4375,0.23583
4214,3.43747,0.23592
4215,3.43745,0.236
4216,3.43743,0.23609
4217,3.43741,0.23618
4218,3.43738,0.23627
4219,3.43736,0.23635
4220,3.43734,0.23644
4221,3.43731,0.23653
4222,3.43729,0.23661
4223,3.43727,0.2367
4224,3.43725,0.23679
4225,3.43722,0.23688
4226,3.4372,0.23696
4227,3.43718,0.23705
4228,3.43716,0.23714
4229,3.43713,0.23722
4230,3.43711,0.23731
4231,3.43709,0.2374
4232,3.43707,0.23749
4233,3.43704,0.23757
4234,3.43702,0.23766
4235,3.437,0.23775
4236,3.43698,0.23783
4237,3.43695,0.23792
4238,3.43693,0.23801
4239,3.43691,0.23809
4240,3.43689,0.23818
4241,3.43686,0.23827
4242,3.43684,0.23836
4243,3.43682,0.23844
4244,3.4368,0.23853
4245,3.43677,0.23862
4246,3.43675,0.2387
4247,3.43673,0.23879
4248,3.43671,0.23888
4249,3.43668,0.23897
4250,3.43666,0.23905
4251,3.43664,0.23914
4252,3.43662,0.23923
4253,3.43659,0.23931
4254,3.43657,0.2394
4255,3.43655,0.23949
4256,3.43653,0.23958
4257,3.43651,0.23966
4258,3.43648,0.23975
4259,3.43646,0.23984
4260,3.43644,0.23992
4261,3.43642,0.24001
4262,3.4364,0.2401
4263,3.43637,0.24019
4264,3.43635,0.24027
4265,3.43633,0.24036
4266,3.43631,0.24045
4267,3.43629,0.24053
4268,3.43626,0.24062
4269,3.43624,0.24071
4270,3.43622,0.2408
4271,3.4362,0.24088
4272,3.43618,0.24097
4273,3.43615,0.24106
4274,3.43613,0.24114
4275,3.43611,0.24123
4276,3.43609,0.24132
4277,3.43607,0.2414
4278,3.43605,0.24149
4279,3.43602,0.24158
4280,3.436,0.24167
4281,3.43598,0.24175
4282,3.43596,0.24184
4283,3.43594,0.24193
4284,3.43592,0.24201
4285,3.43589,0.2421
4286,3.43587,0.24219
4287,3.43585,0.24228
4288,3.43583,0.24236
4289,3.43581,0.24245
4290,3.43579,0.24254
4291,3.43576,0.24263
4292,3.43574,0.24271
4293,3.43572,0.2428
4294,3.4357,0.24289
4295,3.43568,0.24297
4296,3.43566,0.24306
4297,3.43564,0.24315
4298,3.43561,0.24323
4299,3.43559,0.24332
4300,3.43557,0.24341
4301,3.43555,0.2435
4302,3.43553,0.24358
4303,3.43551,0.24367
4304,3.43549,0.24376
4305,3.43546,0.24384
4306,3.43544,0.24393
4307,3.43542,0.24402
4308,3.4354,0.24411
4309,3.43538,0.24419
4310,3.43536,0.24428
4311,3.43534,0.24437
4312,3.43532,0.24445
4313,3.4353,0.24454
4314,3.43527,0.24463
4315,3.43525,0.24472
4316,3.43523,0.2448
4317,3.43521,0.24489
4318,3.43519,0.24498
4319,3.43517,0.24506
4320,3.43515,0.24515
4321,3.43513,0.24524
4322,3.43511,0.24533
4323,3.43508,0.24541
4324,3.43506,0.2455
4325,3.43504,0.24559
4326,3.43502,0.24567
4327,3.435,0.24576
4328,3.43498,0.24585
4329,3.43496,0.24593
4330,3.43494,0.24602
4331,3.43492,0.24611
4332,3.4349,0.2462
4333,3.43488,0.24628
4334,3.43486,0.24637
4335,3.43483,0.24646
4336,3.43481,0.24654
4337,3.43479,0.24663
4338,3.43477,0.24672
4339,3.43475,0.24681
4340,3.43473,0.24689
4341,3.43471,0.24698
4342,3.43469,0.24707
4343,3.43467,0.24715
4344,3.43465,0.24724
4345,3.43463,0.24733
4346,3.43461,0.24742
4347,3.43459,0.2475
4348,3.43457,0.24759
4349,3.43455,0.24768
4350,3.43452,0.24777
4351,3.4345,0.24785
4352,3.43448,0.24794
4353,3.43446,0.24803
4354,3.43444,0.24811
4355,3.43442,0.2482
4356,3.4344,0.24829
4357,3.43438,0.24837
4358,3.43436,0.24846
4359,3.43434,0.24855
4360,3.43432,0.24864
4361,3.4343,0.24872
4362,3.43428,0.24881
4363,3.43426,0.2489
4364,3.43424,0.24898
4365,3.43422,0.24907
4366,3.4342,0.24916
4367,3.43418,0.24925
4368,3.43416,0.24933
4369,3.43414,0.24942
4370,3.43412,0.24951
4371,3.4341,0.24959
4372,3.43408,0.24968
4373,3.43406,0.24977
4374,3.43404,0.24986
4375,3.43402,0.24994
4376,3.434,0.25003
4377,3.43398,0.25012
4378,3.43396,0.2502
4379,3.43394,0.25029
4380,3.43392,0.25038
4381,3.4339,0.25047
4382,3.43388,0.25055
4383,3.43386,0.25064
4384,3.43384,0.25073
4385,3.43382,0.25081
4386,3.4338,0.2509
4387,3.43378,0.25099
4388,3.43376,0.25107
4389,3.43374,0.25116
4390,3.43372,0.25125
4391,3.4337,0.25134
4392,3.43368,0.25142
4393,3.43366,0.25151
4394,3.43364,0.2516
4395,3.43362,0.25168
4396,3.4336,0.25177
4397,3.43358,0.25186
4398,3.43356,0.25195
4399,3.43354,0.25203
4400,3.43352,0.25212
4401,3.4335,0.25221
4402,3.43348,0.25229
4403,3.43346,0.25238
4404,3.43344,0.25247
4405,3.43342,0.25256
4406,3.4334,0.25264
4407,3.43338,0.25273
4408,3.43336,0.25282
4409,3.43334,0.2529
4410,3.43333,0.25299
4411,3.43331,0.25308
4412,3.43329,0.25317
4413,3.43327,0.25325
4414,3.43325,0.25334
4415,3.43323,0.25343
4416,3.43321,0.25351
4417,3.43319,0.2536
4418,3.43317,0.25369
4419,3.43315,0.25377
4420,3.43313,0.25386
4421,3.43311,0.25395
4422,3.43309,0.25404
4423,3.43307,0.25412
4424,3.43305,0.25421
4425,3.43303,0.2543
4426,3.43302,0.25438
4427,3.433,0.25447
4428,3.43298,0.25456
4429,3.43296,0.25465
4430,3.43294,0.25473
4431,3.43292,0.25482
4432,3.4329,0.25491
4433,3.43288,0.25499
4434,3.43286,0.25508
4435,3.43284,0.25517
4436,3.43282,0.25526
4437,3.4328,0.25534
4438,3.43279,0.25543
4439,3.43277,0.25552
4440,3.43275,0.2556
4441,3.43273,0.25569
4442,3.43271,0.25578
4443,3.43269,0.25587
4444,3.43267,0.25595
4445,3.43265,0.25604
4446,3.43263,0.25613
4447,3.43261,0.25621
4448,3.4326,0.2563
4449,3.43258,0.25639
4450,3.43256,0.25648
4451,3.43254,0.25656
4452,3.43252,0.25665
4453,3.4325,0.25674
4454,3.43248,0.25682
4455,3.43246,0.25691
4456,3.43245,0.257
4457,3.43243,0.25708
4458,3.43241,0.25717
4459,3.43239,0.25726
4460,3.43237,0.25735
4461,3.43235,0.25743
4462,3.43233,0.25752
4463,3.43231,0.25761
4464,3.4323,0.25769
4465,3.43228,0.25778
4466,3.43226,0.25787
4467,3.43224,0.25796
4468,3.43222,0.25804
4469,3.4322,0.25813
4470,3.43218,0.25822
4471,3.43217,0.2583
4472,3.43215,0.25839
4473,3.43213,0.25848
4474,3.43211,0.25857
4475,3.43209,0.25865
4476,3.43207,0.25874
4477,3.43205,0.25883
4478,3.43204,0.25891
4479,3.43202,0.259
4480,3.432,0.25909
4481,3.43198,0.25917
4482,3.43196,0.25926
4483,3.43194,0.25935
4484,3.43193,0.25944
4485,3.43191,0.25952
4486,3.43189,0.25961
4487,3.43187,0.2597
4488,3.43185,0.25978
4489,3.43183,0.25987
4490,3.43182,0.25996
4491,3.4318,0.26005
4492,3.43178,0.26013
4493,3.43176,0.26022
4494,3.43174,0.26031
4495,3.43173,0.26039
4496,3.43171,0.26048
4497,3.43169,0.26057
4498,3.43167,0.26065
4499,3.43165,0.26074
4500,3.43164,0.26083
4501,3.43162,0.26092
4502,3.4316,0.261
4503,3.43158,0.26109
4504,3.43156,0.26118
4505,3.43154,0.26126
4506,3.43153,0.26135
4507,3.43151,0.26144
4508,3.43149,0.26153
4509,3.43147,0.26161
4510,3.43146,0.2617
4511,3.43144,0.26179
4512,3.43142,0.26187
4513,3.4314,0.26196
4514,3.43138,0.26205
4515,3.43137,0.26214
4516,3.43135,0.26222
4517,3.43133,0.26231
4518,3.43131,0.2624
4519,3.43129,0.26248
4520,3.43128,0.26257
4521,3.43126,0.26266
4522,3.43124,0.26274
4523,3.43122,0.26283
4524,3.43121,0.26292
4525,3.43119,0.26301
4526,3.43117,0.26309
4527,3.43115,0.26318
4528,3.43113,0.26327
4529,3.43112,0.26335
4530,3.4311,0.26344
4531,3.43108,0.26353
4532,3.43106,0.26361
4533,3.43105,0.2637
4534,3.43103,0.26379
4535,3.43101,0.26388
4536,3.43099,0.26396
4537,3.43098,0.26405
4538,3.43096,0.26414
4539,3.43094,0.26422
4540,3.43092,0.26431
4541,3.43091,0.2644
4542,3.43089,0.26449
4543,3.43087,0.26457
4544,3.43085,0.26466
4545,3.43084,0.26475
4546,3.43082,0.26483
4547,3.4308,0.26492
4548,3.43078,0.26501
4549,3.43077,0.26509
4550,3.43075,0.26518
4551,3.43073,0.26527
4552,3.43072,0.26536
4553,3.4307,0.26544
4554,3.43068,0.26553
4555,3.43066,0.26562
4556,3.43065,0.2657
4557,3.43063,0.26579
4558,3.43061,0.26588
4559,3.4306,0.26596
4560,3.43058,0.26605
4561,3.43056,0.26614
4562,3.43054,0.26623
4563,3.43053,0.26631
4564,3.43051,0.2664
4565,3.43049,0.26649
4566,3.43048,0.26657
4567,3.43046,0.26666
4568,3.43044,0.26675
4569,3.43042,0.26683
4570,3.43041,0.26692
4571,3.43039,0.26701
4572,3.43037,0.2671
4573,3.43036,0.26718
4574,3.43034,0.26727
4575,3.43032,0.26736
4576,3.43031,0.26744
4577,3.43029,0.26753
4578,3.43027,0.26762
4579,3.43025,0.2677
4580,3.43024,0.26779
4581,3.43022,0.26788
4582,3.4302,0.26797
4583,3.43019,0.26805
4584,3.43017,0.26814
4585,3.43015,0.26823
4586,3.43014,0.26831
4587,3.43012,0.2684
4588,3.4301,0.26849
4589,3.43009,0.26858
4590,3.43007,0.26866
4591,3.43005,0.26875
4592,3.43004,0.26884
4593,3.43002,0.26892
4594,3.43,0.26901
4595,3.42999,0.2691
4596,3.42997,0.26918
4597,3.42995,0.26927
4598,3.42994,0.26936
4599,3.42992,0.26944
4600,3.4299,0.26953
4601,3.42989,0.26962
4602,3.42987,0.26971
4603,3.42985,0.26979
4604,3.42984,0.26988
4605,3.42982,0.26997
4606,3.4298,0.27005
4607,3.42979,0.27014
4608,3.42977,0.27023
4609,3.42975,0.27031
4610,3.42974,0.2704
4611,3.42972,0.27049
4612,3.42971,0.27058
4613,3.42969,0.27066
4614,3.42967,0.27075
4615,3.42966,0.27084
4616,3.42964,0.27092
4617,3.42962,0.27101
4618,3.42961,0.2711
4619,3.42959,0.27119
4620,3.42957,0.27127
4621,3.42956,0.27136
4622,3.42954,0.27145
4623,3.42953,0.27153
4624,3.42951,0.27162
4625,3.42949,0.27171
4626,3.42948,0.27179
4627,3.42946,0.27188
4628,3.42944,0.27197
4629,3.42943,0.27205
4630,3.42941,0.27214
4631,3.4294,0.27223
4632,3.42938,0.27232
4633,3.42936,0.2724
4634,3.42935,0.27249
4635,3.42933,0.27258
4636,3.42932,0.27266
4637,3.4293,0.27275
4638,3.42928,0.27284
4639,3.42927,0.27292
4640,3.42925,0.27301
4641,3.42924,0.2731
4642,3.42922,0.27319
4643,3.4292,0.27327
4644,3.42919,0.27336
4645,3.42917,0.27345
4646,3.42916,0.27353
4647,3.42914,0.27362
4648,3.42912,0.27371
4649,3.42911,0.2738
4650,3.42909,0.27388
4651,3.42908,0.27397
4652,3.42906,0.27406
4653,3.42904,0.27414
4654,3.42903,0.27423
4655,3.42901,0.27432
4656,3.429,0.2744
4657,3.42898,0.27449
4658,3.42897,0.27458
4659,3.42895,0.27466
4660,3.42893,0.27475
4661,3.42892,0.27484
4662,3.4289,0.27493
4663,3.42889,0.27501
4664,3.42887,0.2751
4665,3.42886,0.27519
4666,3.42884,0.27527
4667,3.42882,0.27536
4668,3.42881,0.27545
4669,3.42879,0.27553
4670,3.42878,0.27562
4671,3.42876,0.27571
4672,3.42875,0.27579
4673,3.42873,0.27588
4674,3.42872,0.27597
4675,3.4287,0.27606
4676,3.42868,0.27614
4677,3.42867,0.27623
4678,3.42865,0.27632
4679,3.42864,0.2764
4680,3.42862,0.27649
4681,3.42861,0.27658
4682,3.42859,0.27666
4683,3.42858,0.27675
4684,3.42856,0.27684
4685,3.42854,0.27692
4686,3.42853,0.27701
4687,3.42851,0.2771
4688,3.4285,0.27719
4689,3.42848,0.27727
4690,3.42847,0.27736
4691,3.42845,0.27745
4692,3.42844,0.27753
4693,3.42842,0.27762
4694,3.42841,0.27771
4695,3.42839,0.27779
4696,3.42838,0.27788
4697,3.42836,0.27797
4698,3.42835,0.27806
4699,3.42833,0.27814
4700,3.42832,0.27823
4701,3.4283,0.27832
4702,3.42829,0.2784
4703,3.42827,0.27849
4704,3.42826,0.27858
4705,3.42824,0.27866
4706,3.42823,0.27875
4707,3.42821,0.27884
4708,3.4282,0.27892
4709,3.42818,0.27901
4710,3.42816,0.2791
4711,3.42815,0.27918
4712,3.42813,0.27927
4713,3.42812,0.27936
4714,3.42811,0.27945
4715,3.42809,0.27953
4716,3.42807,0.27962
4717,3.42806,0.27971
4718,3.42805,0.27979
4719,3.42803,0.27988
4720,3.42801,0.27997
4721,3.428,0.28005
4722,3.42799,0.28014
4723,3.42797,0.28023
4724,3.42796,0.28031
4725,3.42794,0.2804
4726,3.42793,0.28049
4727,3.42791,0.28058
4728,3.4279,0.28066
4729,3.42788,0.28075
4730,3.42787,0.28084
4731,3.42785,0.28092
4732,3.42784,0.28101
4733,3.42782,0.2811
4734,3.42781,0.28118
4735,3.42779,0.28127
4736,3.42778,0.28136
4737,3.42776,0.28144
4738,3.42775,0.28153
4739,3.42773,0.28162
4740,3.42772,0.2817
4741,3.42771,0.28179
4742,3.42769,0.28188
4743,3.42768,0.28197
4744,3.42766,0.28205
4745,3.42765,0.28214
4746,3.42763,0.28223
4747,3.42762,0.28231
4748,3.4276,0.2824
4749,3.42759,0.28249
4750,3.42757,0.28257
4751,3.42756,0.28266
4752,3.42755,0.28275
4753,3.42753,0.28283
4754,3.42752,0.28292
4755,3.4275,0.28301
4756,3.42749,0.28309
4757,3.42747,0.28318
4758,3.42746,0.28327
4759,3.42744,0.28336
4760,3.42743,0.28344
4761,3.42742,0.28353
4762,3.4274,0.28362
4763,3.42739,0.2837
4764,3.42737,0.28379
4765,3.42736,0.28388
4766,3.42734,0.28396
4767,3.42733,0.28405
4768,3.42732,0.28414
4769,3.4273,0.28422
4770,3.42729,0.28431
4771,3.42727,0.2844
4772,3.42726,0.28448
4773,3.42724,0.28457
4774,3.42723,0.28466
4775,3.42722,0.28475
4776,3.4272,0.28483
4777,3.42719,0.28492
4778,3.42717,0.28501
4779,3.42716,0.28509
4780,3.42714,0.28518
4781,3.42713,0.28527
4782,3.42712,0.28535
4783,3.4271,0.28544
4784,3.42709,0.28553
4785,3.42707,0.28561
4786,3.42706,0.2857
4787,3.42705,0.28579
4788,3.42703,0.28587
4789,3.42702,0.28596
4790,3.427,0.28605
4791,3.42699,0.28613
4792,3.42698,0.28622
4793,3.42696,0.28631
4794,3.42695,0.28639
4795,3.42694,0.28648
4796,3.42692,0.28657
4797,3.42691,0.28666
4798,3.42689,0.28674
4799,3.42688,0.28683
4800,3.42687,0.28692
4801,3.42685,0.287
4802,3.42684,0.28709
4803,3.42682,0.28718
4804,3.42681,0.28726
4805,3.4268,0.28735
4806,3.42678,0.28744
4807,3.42677,0.28752
4808,3.42676,0.28761
4809,3.42674,0.2877
4810,3.42673,0.28778
4811,3.42671,0.28787
4812,3.4267,0.28796
4813,3.42669,0.28804
4814,3.42667,0.28813
4815,3.42666,0.28822
4816,3.42665,0.2883
4817,3.42663,0.28839
4818,3.42662,0.28848
4819,3.42661,0.28857
4820,3.42659,0.28865
4821,3.42658,0.28874
4822,3.42657,0.28883
4823,3.42655,0.28891
4824,3.42654,0.289
4825,3.42652,0.28909
4826,3.42651,0.28917
4827,3.4265,0.28926
4828,3.42648,0.28935
4829,3.42647,0.28943
4830,3.42646,0.28952
4831,3.42644,0.28961
4832,3.42643,0.28969
4833,3.42642,0.28978
4834,3.4264,0.28987
4835,3.42639,0.28995
4836,3.42638,0.29004
4837,3.42636,0.29013
4838,3.42635,0.29021
4839,3.42634,0.2903
4840,3.42632,0.29039
4841,3.42631,0.29047
4842,3.4263,0.29056
4843,3.42628,0.29065
4844,3.42627,0.29073
4845,3.42626,0.29082
4846,3.42624,0.29091
4847,3.42623,0.29099
4848,3.42622,0.29108
4849,3.4262,0.29117
4850,3.42619,0.29125
4851,3.42618,0.29134
4852,3.42616,0.29143
4853,3.42615,0.29152
4854,3.42614,0.2916
4855,3.42612,0.29169
4856,3.42611,0.29178
4857,3.4261,0.29186
4858,3.42609,0.29195
4859,3.42607,0.29204
4860,3.42606,0.29212
4861,3.42605,0.29221
4862,3.42603,0.2923
4863,3.42602,0.29238
4864,3.42601,0.29247
4865,3.42599,0.29256
4866,3.42598,0.29264
4867,3.42597,0.29273
4868,3.42596,0.29282
4869,3.42594,0.2929
4870,3.42593,0.29299
4871,3.42592,0.29308
4872,3.4259,0.29316
4873,3.42589,0.29325
4874,3.42588,0.29334
4875,3.42586,0.29342
4876,3.42585,0.29351
4877,3.42584,0.2936
4878,3.42583,0.29368
4879,3.42581,0.29377
4880,3.4258,0.29386
4881,3.42579,0.29394
4882,3.42577,0.29403
4883,3.42576,0.29412
4884,3.42575,0.2942
4885,3.42574,0.29429
4886,3.42572,0.29438
4887,3.42571,0.29446
4888,3.4257,0.29455
4889,3.42568,0.29464
4890,3.42567,0.29472
4891,3.42566,0.29481
4892,3.42565,0.2949
4893,3.42563,0.29498
4894,3.42562,0.29507
4895,3.42561,0.29516
4896,3.4256,0.29524
4897,3.42558,0.29533
4898,3.42557,0.29542
4899,3.42556,0.2955
4900,3.42555,0.29559
4901,3.42553,0.29568
4902,3.42552,0.29576
4903,3.42551,0.29585
4904,3.4255,0.29594
4905,3.42548,0.29602
4906,3.42547,0.29611
4907,3.42546,0.2962
4908,3.42544,0.29628
4909,3.42543,0.29637
4910,3.42542,0.29646
4911,3.42541,0.29654
4912,3.4254,0.29663
4913,3.42538,0.29672
4914,3.42537,0.2968
4915,3.42536,0.29689
4916,3.42535,0.29698
4917,3.42533,0.29706
4918,3.42532,0.29715
4919,3.42531,0.29724
4920,3.4253,0.29733
4921,3.42528,0.29741
4922,3.42527,0.2975
4923,3.42526,0.29759
4924,3.42525,0.29767
4925,3.42523,0.29776
4926,3.42522,0.29785
4927,3.42521,0.29793
4928,3.4252,0.29802
4929,3.42519,0.29811
4930,3.42517,0.29819
4931,3.42516,0.29828
4932,3.42515,0.29837
4933,3.42514,0.29845
4934,3.42512,0.29854
4935,3.42511,0.29863
4936,3.4251,0.29871
4937,3.42509,0.2988
4938,3.42508,0.29888
4939,3.42506,0.29897
4940,3.42505,0.29906
4941,3.42504,0.29914
4942,3.42503,0.29923
4943,3.42502,0.29932
4944,3.425,0.2994
4945,3.42499,0.29949
4946,3.42498,0.29958
4947,3.42497,0.29966
4948,3.42496,0.29975
4949,3.42494,0.29984
4950,3.42493,0.29993
4951,3.42492,0.30001
4952,3.42491,0.3001
4953,3.4249,0.30018
4954,3.42488,0.30027
4955,3.42487,0.30036
4956,3.42486,0.30044
4957,3.42485,0.30053
4958,3.42484,0.30062
4959,3.42482,0.3007
4960,3.42481,0.30079
4961,3.4248,0.30088
4962,3.42479,0.30096
4963,3.42478,0.30105
4964,3.42476,0.30114
4965,3.42475,0.30122
4966,3.42474,0.30131
4967,3.42473,0.3014
4968,3.42472,0.30148
4969,3.42471,0.30157
4970,3.42469,0.30166
4971,3.42468,0.30174
4972,3.42467,0.30183
4973,3.42466,0.30192
4974,3.42465,0.302
4975,3.42464,0.30209
4976,3.42462,0.30218
4977,3.42461,0.30226
4978,3.4246,0.30235
4979,3.42459,0.30244
4980,3.42458,0.30252
4981,3.42457,0.30261
4982,3.42455,0.3027
4983,3.42454,0.30278
4984,3.42453,0.30287
4985,3.42452,0.30296
4986,3.42451,0.30304
4987,3.4245,0.30313
4988,3.42448,0.30322
4989,3.42447,0.3033
4990,3.42446,0.30339
4991,3.42445,0.30348
4992,3.42444,0.30356
4993,3.42443,0.30365
4994,3.42442,0.30374
4995,3.4244,0.30382
4996,3.42439,0.30391
4997,3.42438,0.304
4998,3.42437,0.30408
4999,3.42436,0.30417
5000,3.42435,0.30426
5001,3.42434,0.30434
5002,3.42432,0.30443
5003,3.42431,0.30451
5004,3.4243,0.3046
5005,3.42429,0.30469
5006,3.42428,0.30477
5007,3.42427,0.30486
5008,3.42426,0.30495
5009,3.42424,0.30503
5010,3.42423,0.30512
5011,3.42422,0.30521
5012,3.42421,0.30529
5013,3.4242,0.30538
5014,3.42419,0.30547
5015,3.42418,0.30555
5016,3.42417,0.30564
5017,3.42415,0.30573
5018,3.42414,0.30581
5019,3.42413,0.3059
5020,3.42412,0.30599
5021,3.42411,0.30607
5022,3.4241,0.30616
5023,3.42409,0.30625
5024,3.42408,0.30633
5025,3.42407,0.30642
5026,3.42405,0.3065
5027,3.42404,0.30659
5028,3.42403,0.30668
5029,3.42402,0.30676
5030,3.42401,0.30685
5031,3.424,0.30694
5032,3.42399,0.30702
5033,3.42398,0.30711
5034,3.42397,0.3072
5035,3.42396,0.30728
5036,3.42394,0.30737
5037,3.42393,0.30746
5038,3.42392,0.30754
5039,3.42391,0.30763
5040,3.4239,0.30772
5041,3.42389,0.3078
5042,3.42388,0.30789
5043,3.42387,0.30798
5044,3.42386,0.30806
5045,3.42385,0.30815
5046,3.42383,0.30823
5047,3.42382,0.30832
5048,3.42381,0.30841
5049,3.4238,0.30849
5050,3.42379,0.30858
5051,3.42378,0.30867
5052,3.42377,0.30875
5053,3.42376,0.30884
5054,3.42375,0.30893
5055,3.42374,0.30901
5056,3.42373,0.3091
5057,3.42372,0.30919
5058,3.42371,0.30927
5059,3.42369,0.30936
5060,3.42368,0.30945
5061,3.42367,0.30953
5062,3.42366,0.30962
5063,3.42365,0.30971
5064,3.42364,0.30979
5065,3.42363,0.30988
5066,3.42362,0.30996
5067,3.42361,0.31005
5068,3.4236,0.31014
5069,3.42359,0.31022
5070,3.42358,0.31031
5071,3.42357,0.3104
5072,3.42356,0.31048
5073,3.42355,0.31057
5074,3.42353,0.31066
5075,3.42352,0.31074
5076,3.42351,0.31083
5077,3.4235,0.31092
5078,3.42349,0.311
5079,3.42348,0.31109
5080,3.42347,0.31118
5081,3.42346,0.31126
5082,3.42345,0.31135
5083,3.42344,0.31144
5084,3.42343,0.31152
5085,3.42342,0.31161
5086,3.42341,0.31169
5087,3.4234,0.31178
5088,3.42339,0.31187
5089,3.42338,0.31195
5090,3.42337,0.31204
5091,3.42336,0.31213
5092,3.42335,0.31221
5093,3.42334,0.3123
5094,3.42333,0.31239
5095,3.42332,0.31247
5096,3.42331,0.31256
5097,3.42329,0.31264
5098,3.42328,0.31273
5099,3.42327,0.31282
5100,3.42326,0.3129
5101,3.42325,0.31299
5102,3.42324,0.31308
5103,3.42323,0.31316
5104,3.42322,0.31325
5105,3.42321,0.31334
5106,3.4232,0.31342
5107,3.42319,0.31351
5108,3.42318,0.3136
5109,3.42317,0.31368
5110,3.42316,0.31377
5111,3.42315,0.31386
5112,3.42314,0.31394
5113,3.42313,0.31403
5114,3.42312,0.31411
5115,3.42311,0.3142
5116,3.4231,0.31429
5117,3.42309,0.31437
5118,3.42308,0.31446
5119,3.42307,0.31455
5120,3.42306,0.31463
5121,3.42305,0.31472
5122,3.42304,0.31481
5123,3.42303,0.31489
5124,3.42302,0.31498
5125,3.42301,0.31506
5126,3.423,0.31515
5127,3.42299,0.31524
5128,3.42298,0.31532
5129,3.42297,0.31541
5130,3.42296,0.3155
5131,3.42295,0.31558
5132,3.42294,0.31567
5133,3.42293,0.31576
5134,3.42292,0.31584
5135,3.42291,0.31593
5136,3.4229,0.31601
5137,3.42289,0.3161
5138,3.42288,0.31619
5139,3.42287,0.31627
5140,3.42286,0.31636
5141,3.42285,0.31645
5142,3.42284,0.31653
5143,3.42283,0.31662
5144,3.42282,0.31671
5145,3.42281,0.31679
5146,3.4228,0.31688
5147,3.42279,0.31696
5148,3.42278,0.31705
5149,3.42277,0.31714
5150,3.42276,0.31722
5151,3.42275,0.31731
5152,3.42274,0.3174
5153,3.42273,0.31748
5154,3.42273,0.31757
5155,3.42272,0.31766
5156,3.42271,0.31774
5157,3.4227,0.31783
5158,3.42269,0.31791
5159,3.42268,0.318
5160,3.42267,0.31809
5161,3.42266,0.31817
5162,3.42265,0.31826
5163,3.42264,0.31835
5164,3.42263,0.31843
5165,3.42262,0.31852
5166,3.42261,0.3186
5167,3.4226,0.31869
5168,3.42259,0.31878
5169,3.42258,0.31886
5170,3.42257,0.31895
5171,3.42256,0.31904
5172,3.42255,0.31912
5173,3.42254,0.31921
5174,3.42253,0.3193
5175,3.42252,0.31938
5176,3.42251,0.31947
5177,3.42251,0.31955
5178,3.4225,0.31964
5179,3.42249,0.31973
5180,3.42248,0.31981
5181,3.42247,0.3199
5182,3.42246,0.31999
5183,3.42245,0.32007
5184,3.42244,0.32016
5185,3.42243,0.32024
5186,3.42242,0.32033
5187,3.42241,0.32042
5188,3.4224,0.3205
5189,3.42239,0.32059
5190,3.42238,0.32068
5191,3.42237,0.32076
5192,3.42236,0.32085
5193,3.42236,0.32093
5194,3.42235,0.32102
5195,3.42234,0.32111
5196,3.42233,0.32119
5197,3.42232,0.32128
5198,3.42231,0.32137
5199,3.4223,0.32145
5200,3.42229,0.32154
5201,3.42228,0.32163
5202,3.42227,0.32171
5203,3.42226,0.3218
5204,3.42225,0.32188
5205,3.42225,0.32197
5206,3.42224,0.32206
5207,3.42223,0.32214
5208,3.42222,0.32223
5209,3.42221,0.32232
5210,3.4222,0.3224
5211,3.42219,0.32249
5212,3.42218,0.32257
5213,3.42217,0.32266
5214,3.42216,0.32275
5215,3.42215,0.32283
5216,3.42214,0.32292
5217,3.42214,0.32301
5218,3.42213,0.32309
5219,3.42212,0.32318
5220,3.42211,0.32326
5221,3.4221,0.32335
5222,3.42209,0.32344
5223,3.42208,0.32352
5224,3.42207,0.32361
5225,3.42206,0.3237
5226,3.42205,0.32378
5227,3.42205,0.32387
5228,3.42204,0.32395
5229,3.42203,0.32404
5230,3.42202,0.32413
5231,3.42201,0.32421
5232,3.422,0.3243
5233,3.42199,0.32438
5234,3.42198,0.32447
5235,3.42197,0.32456
5236,3.42197,0.32464
5237,3.42196,0.32473
5238,3.42195,0.32482
5239,3.42194,0.3249
5240,3.42193,0.32499
5241,3.42192,0.32508
5242,3.42191,0.32516
5243,3.4219,0.32525
5244,3.4219,0.32533
5245,3.42189,0.32542
5246,3.42188,0.32551
5247,3.42187,0.32559
5248,3.42186,0.32568
5249,3.42185,0.32576
5250,3.42184,0.32585
5251,3.42183,0.32594
5252,3.42183,0.32602
5253,3.42182,0.32611
5254,3.42181,0.32619
5255,3.4218,0.32628
5256,3.42179,0.32637
5257,3.42178,0.32645
5258,3.42177,0.32654
5259,3.42177,0.32663
5260,3.42176,0.32671
5261,3.42175,0.3268
5262,3.42174,0.32688
5263,3.42173,0.32697
5264,3.42172,0.32706
5265,3.42171,0.32714
5266,3.42171,0.32723
5267,3.4217,0.32732
5268,3.42169,0.3274
5269,3.42168,0.32749
5270,3.42167,0.32757
5271,3.42166,0.32766
5272,3.42165,0.32775
5273,3.42165,0.32783
5274,3.42164,0.32792
5275,3.42163,0.328
5276,3.42162,0.32809
5277,3.42161,0.32818
5278,3.4216,0.32826
5279,3.4216,0.32835
5280,3.42159,0.32843
5281,3.42158,0.32852
5282,3.42157,0.32861
5283,3.42156,0.32869
5284,3.42155,0.32878
5285,3.42155,0.32887
5286,3.42154,0.32895
5287,3.42153,0.32904
5288,3.42152,0.32912
5289,3.42151,0.32921
5290,3.4215,0.3293
5291,3.42149,0.32938
5292,3.42149,0.32947
5293,3.42148,0.32956
5294,3.42147,0.32964
5295,3.42146,0.32973
5296,3.42145,0.32981
5297,3.42145,0.3299
5298,3.42144,0.32999
5299,3.42143,0.33007
5300,3.42142,0.33016
5301,3.42141,0.33024
5302,3.4214,0.33033
5303,3.4214,0.33042
5304,3.42139,0.3305
5305,3.42138,0.33059
5306,3.42137,0.33067
5307,3.42136,0.33076
5308,3.42136,0.33085
5309,3.42135,0.33093
5310,3.42134,0.33102
5311,3.42133,0.33111
5312,3.42132,0.33119
5313,3.42132,0.33128
5314,3.42131,0.33136
5315,3.4213,0.33145
5316,3.42129,0.33154
5317,3.42128,0.33162
5318,3.42128,0.33171
5319,3.42127,0.33179
5320,3.42126,0.33188
5321,3.42125,0.33197
5322,3.42124,0.33205
5323,3.42124,0.33214
5324,3.42123,0.33222
5325,3.42122,0.33231
5326,3.42121,0.3324
5327,3.4212,0.33248
5328,3.4212,0.33257
5329,3.42119,0.33265
5330,3.42118,0.33274
5331,3.42117,0.33283
5332,3.42116,0.33291
5333,3.42116,0.333
5334,3.42115,0.33308
5335,3.42114,0.33317
5336,3.42113,0.33326
5337,3.42112,0.33334
5338,3.42112,0.33343
5339,3.42111,0.33351
5340,3.4211,0.3336
5341,3.42109,0.33369
5342,3.42109,0.33377
5343,3.42108,0.33386
5344,3.42107,0.33394
5345,3.42106,0.33403
5346,3.42105,0.33412
5347,3.42105,0.3342
5348,3.42104,0.33429
5349,3.42103,0.33437
5350,3.42102,0.33446
5351,3.42102,0.33455
5352,3.42101,0.33463
5353,3.421,0.33472
5354,3.42099,0.33481
5355,3.42099,0.33489
5356,3.42098,0.33498
5357,3.42097,0.33506
5358,3.42096,0.33515
5359,3.42095,0.33524
5360,3.42095,0.33532
5361,3.42094,0.33541
5362,3.42093,0.33549
5363,3.42092,0.33558
5364,3.42092,0.33566
5365,3.42091,0.33575
5366,3.4209,0.33584
5367,3.42089,0.33592
5368,3.42089,0.33601
5369,3.42088,0.3361
5370,3.42087,0.33618
5371,3.42086,0.33627
5372,3.42086,0.33635
5373,3.42085,0.33644
5374,3.42084,0.33653
5375,3.42083,0.33661
5376,3.42083,0.3367
5377,3.42082,0.33678
5378,3.42081,0.33687
5379,3.4208,0.33696
5380,3.4208,0.33704
5381,3.42079,0.33713
5382,3.42078,0.33721
5383,3.42077,0.3373
5384,3.42077,0.33738
5385,3.42076,0.33747
5386,3.42075,0.33756
5387,3.42075,0.33764
5388,3.42074,0.33773
5389,3.42073,0.33781
5390,3.42072,0.3379
5391,3.42072,0.33799
5392,3.42071,0.33807
5393,3.4207,0.33816
5394,3.42069,0.33824
5395,3.42069,0.33833
5396,3.42068,0.33842
5397,3.42067,0.3385
5398,3.42066,0.33859
5399,3.42066,0.33867
5400,3.42065,0.33876
5401,3.42064,0.33885
5402,3.42064,0.33893
5403,3.42063,0.33902
5404,3.42062,0.3391
5405,3.42061,0.33919
5406,3.42061,0.33928
5407,3.4206,0.33936
5408,3.42059,0.33945
5409,3.42059,0.33953
5410,3.42058,0.33962
5411,3.42057,0.3397
5412,3.42056,0.33979
5413,3.42056,0.33988
5414,3.42055,0.33996
5415,3.42054,0.34005
5416,3.42054,0.34013
5417,3.42053,0.34022
5418,3.42052,0.34031
5419,3.42051,0.34039
5420,3.42051,0.34048
5421,3.4205,0.34056
5422,3.42049,0.34065
5423,3.42049,0.34074
5424,3.42048,0.34082
5425,3.42047,0.34091
5426,3.42047,0.34099
5427,3.42046,0.34108
5428,3.42045,0.34117
5429,3.42044,0.34125
5430,3.42044,0.34134
5431,3.42043,0.34142
5432,3.42042,0.34151
5433,3.42042,0.34159
5434,3.42041,0.34168
5435,3.4204,0.34177
5436,3.4204,0.34185
5437,3.42039,0.34194
5438,3.42038,0.34202
5439,3.42037,0.34211
5440,3.42037,0.3422
5441,3.42036,0.34228
5442,3.42035,0.34237
5443,3.42035,0.34245
5444,3.42034,0.34254
5445,3.42033,0.34263
5446,3.42033,0.34271
5447,3.42032,0.3428
5448,3.42031,0.34288
5449,3.42031,0.34297
5450,3.4203,0.34306
5451,3.42029,0.34314
5452,3.42029,0.34323
5453,3.42028,0.34331
5454,3.42027,0.3434
5455,3.42027,0.34348
5456,3.42026,0.34357
5457,3.42025,0.34366
5458,3.42025,0.34374
5459,3.42024,0.34383
5460,3.42023,0.34391
5461,3.42023,0.344
5462,3.42022,0.34408
5463,3.42021,0.34417
5464,3.42021,0.34426
5465,3.4202,0.34434
5466,3.42019,0.34443
5467,3.42019,0.34451
5468,3.42018,0.3446
5469,3.42017,0.34469
5470,3.42017,0.34477
5471,3.42016,0.34486
5472,3.42015,0.34494
5473,3.42015,0.34503
5474,3.42014,0.34511
5475,3.42013,0.3452
5476,3.42013,0.34529
5477,3.42012,0.34537
5478,3.42011,0.34546
5479,3.42011,0.34554
5480,3.4201,0.34563
5481,3.42009,0.34571
5482,3.42009,0.3458
5483,3.42008,0.34589
5484,3.42008,0.34597
5485,3.42007,0.34606
5486,3.42006,0.34614
5487,3.42006,0.34623
5488,3.42005,0.34632
5489,3.42004,0.3464
5490,3.42004,0.34649
5491,3.42003,0.34657
5492,3.42002,0.34666
5493,3.42002,0.34674
5494,3.42001,0.34683
5495,3.42001,0.34692
5496,3.42,0.347
5497,3.41999,0.34709
5498,3.41999,0.34717
5499,3.41998,0.34726
5500,3.41997,0.34735
5501,3.41997,0.34743
5502,3.41996,0.34752
5503,3.41995,0.3476
5504,3.41995,0.34769
5505,3.41994,0.34777
5506,3.41994,0.34786
5507,3.41993,0.34794
5508,3.41992,0.34803
5509,3.41992,0.34812
5510,3.41991,0.3482
5511,3.4199,0.34829
5512,3.4199,0.34837
5513,3.41989,0.34846
5514,3.41989,0.34854
5515,3.41988,0.34863
5516,3.41987,0.34872
5517,3.41987,0.3488
5518,3.41986,0.34889
5519,3.41986,0.34897
5520,3.41985,0.34906
5521,3.41984,0.34914
5522,3.41984,0.34923
5523,3.41983,0.34932
5524,3.41982,0.3494
5525,3.41982,0.34949
5526,3.41981,0.34957
5527,3.41981,0.34966
5528,3.4198,0.34974
5529,3.41979,0.34983
5530,3.41979,0.34992
5531,3.41978,0.35
5532,3.41978,0.35009
5533,3.41977,0.35017
5534,3.41976,0.35026
5535,3.41976,0.35034
5536,3.41975,0.35043
5537,3.41975,0.35052
5538,3.41974,0.3506
5539,3.41973,0.35069
5540,3.41973,0.35077
5541,3.41972,0.35086
5542,3.41972,0.35094
5543,3.41971,0.35103
5544,3.4197,0.35112
5545,3.4197,0.3512
5546,3.41969,0.35129
5547,3.41969,0.35137
5548,3.41968,0.35146
5549,3.41967,0.35154
5550,3.41967,0.35163
5551,3.41966,0.35172
5552,3.41966,0.3518
5553,3.41965,0.35189
5554,3.41964,0.35197
5555,3.41964,0.35206
5556,3.41963,0.35214
5557,3.41963,0.35223
5558,3.41962,0.35232
5559,3.41962,0.3524
5560,3.41961,0.35249
5561,3.4196,0.35257
5562,3.4196,0.35266
5563,3.41959,0.35274
5564,3.41959,0.35283
5565,3.41958,0.35291
5566,3.41958,0.353
5567,3.41957,0.35309
5568,3.41956,0.35317
5569,3.41956,0.35326
5570,3.41955,0.35334
5571,3.41955,0.35343
5572,3.41954,0.35351
5573,3.41954,0.3536
5574,3.41953,0.35369
5575,3.41952,0.35377
5576,3.41952,0.35386
5577,3.41951,0.35394
5578,3.41951,0.35403
5579,3.4195,0.35411
5580,3.4195,0.3542
5581,3.41949,0.35428
5582,3.41948,0.35437
5583,3.41948,0.35446
5584,3.41947,0.35454
5585,3.41947,0.35463
5586,3.41946,0.35471
5587,3.41946,0.3548
5588,3.41945,0.35488
5589,3.41945,0.35497
5590,3.41944,0.35506
5591,3.41944,0.35514
5592,3.41943,0.35523
5593,3.41942,0.35531
5594,3.41942,0.3554
5595,3.41941,0.35548
5596,3.41941,0.35557
5597,3.4194,0.35565
5598,3.4194,0.35574
5599,3.41939,0.35583
5600,3.41939,0.35591
5601,3.41938,0.356
5602,3.41938,0.35608
5603,3.41937,0.35617
5604,3.41936,0.35625
5605,3.41936,0.35634
5606,3.41935,0.35642
5607,3.41935,0.35651
5608,3.41934,0.3566
5609,3.41934,0.35668
5610,3.41933,0.35677
5611,3.41933,0.35685
5612,3.41932,0.35694
5613,3.41932,0.35702
5614,3.41931,0.35711
5615,3.4193,0.35719
5616,3.4193,0.35728
5617,3.41929,0.35737
5618,3.41929,0.35745
5619,3.41928,0.35754
5620,3.41928,0.35762
5621,3.41927,0.35771
5622,3.41927,0.35779
5623,3.41926,0.35788
5624,3.41926,0.35796
5625,3.41925,0.35805
5626,3.41925,0.35814
5627,3.41924,0.35822
5628,3.41924,0.35831
5629,3.41923,0.35839
5630,3.41923,0.35848
5631,3.41922,0.35856
5632,3.41922,0.35865
5633,3.41921,0.35873
5634,3.41921,0.35882
5635,3.4192,0.35891
5636,3.4192,0.35899
5637,3.41919,0.35908
5638,3.41919,0.35916
5639,3.41918,0.35925
5640,3.41918,0.35933
5641,3.41917,0.35942
5642,3.41916,0.3595
5643,3.41916,0.35959
5644,3.41915,0.35968
5645,3.41915,0.35976
5646,3.41914,0.35985
5647,3.41914,0.35993
5648,3.41913,0.36002
5649,3.41913,0.3601
5650,3.41912,0.36019
5651,3.41912,0.36027
5652,3.41911,0.36036
5653,3.41911,0.36044
5654,3.4191,0.36053
5655,3.4191,0.36062
5656,3.41909,0.3607
5657,3.41909,0.36079
5658,3.41908,0.36087
5659,3.41908,0.36096
5660,3.41907,0.36104
5661,3.41907,0.36113
5662,3.41906,0.36121
5663,3.41906,0.3613
5664,3.41905,0.36138
5665,3.41905,0.36147
5666,3.41904,0.36156
5667,3.41904,0.36164
5668,3.41903,0.36173
5669,3.41903,0.36181
5670,3.41903,0.3619
5671,3.41902,0.36198
5672,3.41902,0.36207
5673,3.41901,0.36215
5674,3.41901,0.36224
5675,3.419,0.36232
5676,3.419,0.36241
5677,3.41899,0.36249
5678,3.41899,0.36258
5679,3.41898,0.36267
5680,3.41898,0.36275
5681,3.41897,0.36284
5682,3.41897,0.36292
5683,3.41896,0.36301
5684,3.41896,0.36309
5685,3.41895,0.36318
5686,3.41895,0.36326
5687,3.41894,0.36335
5688,3.41894,0.36343
5689,3.41893,0.36352
5690,3.41893,0.36361
5691,3.41893,0.36369
5692,3.41892,0.36378
5693,3.41892,0.36386
5694,3.41891,0.36395
5695,3.41891,0.36403
5696,3.4189,0.36412
5697,3.4189,0.3642
5698,3.41889,0.36429
5699,3.41889,0.36437
5700,3.41888,0.36446
5701,3.41888,0.36454
5702,3.41887,0.36463
5703,3.41887,0.36472
5704,3.41886,0.3648
5705,3.41886,0.36489
5706,3.41886,0.36497
5707,3.41885,0.36506
5708,3.41885,0.36514
5709,3.41884,0.36523
5710,3.41884,0.36531
5711,3.41883,0.3654
5712,3.41883,0.36548
5713,3.41882,0.36557
5714,3.41882,0.36565
5715,3.41881,0.36574
5716,3.41881,0.36583
5717,3.41881,0.36591
5718,3.4188,0.366
5719,3.4188,0.36608
5720,3.41879,0.36617
5721,3.41879,0.36625
5722,3.41878,0.36634
5723,3.41878,0.36642
5724,3.41877,0.36651
5725,3.41877,0.36659
5726,3.41877,0.36668
5727,3.41876,0.36676
5728,3.41876,0.36685
5729,3.41875,0.36693
5730,3.41875,0.36702
5731,3.41874,0.36711
5732,3.41874,0.36719
5733,3.41874,0.36728
5734,3.41873,0.36736
5735,3.41873,0.36745
5736,3.41872,0.36753
5737,3.41872,0.36762
5738,3.41871,0.3677
5739,3.41871,0.36779
5740,3.41871,0.36787
5741,3.4187,0.36796
5742,3.4187,0.36804
5743,3.41869,0.36813
5744,3.41869,0.36821
5745,3.41868,0.3683
5746,3.41868,0.36838
5747,3.41868,0.36847
5748,3.41867,0.36856
5749,3.41867,0.36864
5750,3.41866,0.36873
5751,3.41866,0.36881
5752,3.41865,0.3689
5753,3.41865,0.36898
5754,3.41865,0.36907
5755,3.41864,0.36915
5756,3.41864,0.36924
5757,3.41863,0.36932
5758,3.41863,0.36941
5759,3.41863,0.36949
5760,3.41862,0.36958
5761,3.41862,0.36966
5762,3.41861,0.36975
5763,3.41861,0.36983
5764,3.4186,0.36992
5765,3.4186,0.37001
5766,3.4186,0.37009
5767,3.41859,0.37018
5768,3.41859,0.37026
5769,3.41858,0.37035
5770,3.41858,0.37043
5771,3.41858,0.37052
5772,3.41857,0.3706
5773,3.41857,0.37069
5774,3.41856,0.37077
5775,3.41856,0.37086
5776,3.41856,0.37094
5777,3.41855,0.37103
5778,3.41855,0.37111
5779,3.41854,0.3712
5780,3.41854,0.37128
5781,3.41854,0.37137
5782,3.41853,0.37145
5783,3.41853,0.37154
5784,3.41852,0.37162
5785,3.41852,0.37171
5786,3.41852,0.3718
5787,3.41851,0.37188
5788,3.41851,0.37197
5789,3.4185,0.37205
5790,3.4185,0.37214
5791,3.4185,0.37222
5792,3.41849,0.37231
5793,3.41849,0.37239
5794,3.41848,0.37248
5795,3.41848,0.37256
5796,3.41848,0.37265
5797,3.41847,0.37273
5798,3.41847,0.37282
5799,3.41847,0.3729
5800,3.41846,0.37299
5801,3.41846,0.37307
5802,3.41845,0.37316
5803,3.41845,0.37324
5804,3.41845,0.37333
5805,3.41844,0.37341
5806,3.41844,0.3735
5807,3.41844,0.37358
5808,3.41843,0.37367
5809,3.41843,0.37375
5810,3.41842,0.37384
5811,3.41842,0.37393
5812,3.41842,0.37401
5813,3.41841,0.3741
5814,3.41841,0.37418
5815,3.41841,0.37427
5816,3.4184,0.37435
5817,3.4184,0.37444
5818,3.41839,0.37452
5819,3.41839,0.37461
5820,3.41839,0.37469
5821,3.41838,0.37478
5822,3.41838,0.37486
5823,3.41838,0.37495
5824,3.41837,0.37503
5825,3.41837,0.37512
5826,3.41837,0.3752
5827,3.41836,0.37529
5828,3.41836,0.37537
5829,3.41835,0.37546
5830,3.41835,0.37554
5831,3.41835,0.37563
5832,3.41834,0.37571
5833,3.41834,0.3758
5834,3.41834,0.37588
5835,3.41833,0.37597
5836,3.41833,0.37605
5837,3.41833,0.37614
5838,3.41832,0.37622
5839,3.41832,0.37631
5840,3.41832,0.37639
5841,3.41831,0.37648
5842,3.41831,0.37656
5843,3.4183,0.37665
5844,3.4183,0.37673
5845,3.4183,0.37682
5846,3.41829,0.3769
5847,3.41829,0.37699
5848,3.41829,0.37707
5849,3.41828,0.37716
5850,3.41828,0.37725
5851,3.41828,0.37733
5852,3.41827,0.37742
5853,3.41827,0.3775
5854,3.41827,0.37759
5855,3.41826,0.37767
5856,3.41826,0.37776
5857,3.41826,0.37784
5858,3.41825,0.37793
5859,3.41825,0.37801
5860,3.41825,0.3781
5861,3.41824,0.37818
5862,3.41824,0.37827
5863,3.41824,0.37835
5864,3.41823,0.37844
5865,3.41823,0.37852
5866,3.41823,0.37861
5867,3.41822,0.37869
5868,3.41822,0.37878
5869,3.41822,0.37886
5870,3.41821,0.37895
5871,3.41821,0.37903
5872,3.41821,0.37912
5873,3.4182,0.3792
5874,3.4182,0.37929
5875,3.4182,0.37937
5876,3.41819,0.37946
5877,3.41819,0.37954
5878,3.41819,0.37963
5879,3.41818,0.37971
5880,3.41818,0.3798
5881,3.41818,0.37988
5882,3.41817,0.37997
5883,3.41817,0.38005
5884,3.41817,0.38014
5885,3.41817,0.38022
5886,3.41816,0.38031
5887,3.41816,0.38039
5888,3.41816,0.38048
5889,3.41815,0.38056
5890,3.41815,0.38065
5891,3.41815,0.38073
5892,3.41814,0.38082
5893,3.41814,0.3809
5894,3.41814,0.38099
5895,3.41813,0.38107
5896,3.41813,0.38116
5897,3.41813,0.38124
5898,3.41812,0.38133
5899,3.41812,0.38141
5900,3.41812,0.3815
5901,3.41812,0.38158
5902,3.41811,0.38167
5903,3.41811,0.38175
5904,3.41811,0.38184
5905,3.4181,0.38192
5906,3.4181,0.38201
5907,3.4181,0.38209
5908,3.41809,0.38218
5909,3.41809,0.38226
5910,3.41809,0.38235
5911,3.41809,0.38243
5912,3.41808,0.38252
5913,3.41808,0.3826
5914,3.41808,0.38269
5915,3.41807,0.38277
5916,3.41807,0.38286
5917,3.41807,0.38294
5918,3.41806,0.38303
5919,3.41806,0.38311
5920,3.41806,0.3832
5921,3.41806,0.38328
5922,3.41805,0.38337
5923,3.41805,0.38345
5924,3.41805,0.38354
5925,3.41804,0.38362
5926,3.41804,0.38371
5927,3.41804,0.38379
5928,3.41804,0.38388
5929,3.41803,0.38396
5930,3.41803,0.38405
5931,3.41803,0.38413
5932,3.41802,0.38422
5933,3.41802,0.3843
5934,3.41802,0.38439
5935,3.41802,0.38447
5936,3.41801,0.38456
5937,3.41801,0.38464
5938,3.41801,0.38473
5939,3.418,0.38481
5940,3.418,0.3849
5941,3.418,0.38498
5942,3.418,0.38507
5943,3.41799,0.38515
5944,3.41799,0.38524
5945,3.41799,0.38532
5946,3.41798,0.38541
5947,3.41798,0.38549
5948,3.41798,0.38558
5949,3.41798,0.38566
5950,3.41797,0.38575
5951,3.41797,0.38583
5952,3.41797,0.38591
5953,3.41797,0.386
5954,3.41796,0.38608
5955,3.41796,0.38617
5956,3.41796,0.38625
5957,3.41796,0.38634
5958,3.41795,0.38642
5959,3.41795,0.38651
5960,3.41795,0.38659
5961,3.41795,0.38668
5962,3.41794,0.38676
5963,3.41794,0.38685
5964,3.41794,0.38693
5965,3.41793,0.38702
5966,3.41793,0.3871
5967,3.41793,0.38719
5968,3.41793,0.38727
5969,3.41792,0.38736
5970,3.41792,0.38744
5971,3.41792,0.38753
5972,3.41792,0.38761
5973,3.41791,0.3877
5974,3.41791,0.38778
5975,3.41791,0.38787
5976,3.41791,0.38795
5977,3.4179,0.38804
5978,3.4179,0.38812
5979,3.4179,0.38821
5980,3.4179,0.38829
5981,3.41789,0.38838
5982,3.41789,0.38846
5983,3.41789,0.38855
5984,3.41789,0.38863
5985,3.41788,0.38872
5986,3.41788,0.3888
5987,3.41788,0.38889
5988,3.41788,0.38897
5989,3.41787,0.38906
5990,3.41787,0.38914
5991,3.41787,0.38922
5992,3.41787,0.38931
5993,3.41787,0.38939
5994,3.41786,0.38948
5995,3.41786,0.38956
5996,3.41786,0.38965
5997,3.41786,0.38973
5998,3.41785,0.38982
5999,3.41785,0.3899
6000,3.41785,0.38999
6001,3.41785,0.39007
6002,3.41784,0.39016
6003,3.41784,0.39024
6004,3.41784,0.39033
6005,3.41784,0.39041
6006,3.41783,0.3905
6007,3.41783,0.39058
6008,3.41783,0.39067
6009,3.41783,0.39075
6010,3.41783,0.39084
6011,3.41782,0.39092
6012,3.41782,0.39101
6013,3.41782,0.39109
6014,3.41782,0.39117
6015,3.41781,0.39126
6016,3.41781,0.39134
6017,3.41781,0.39143
6018,3.41781,0.39151
6019,3.41781,0.3916
6020,3.4178,0.39168
6021,3.4178,0.39177
6022,3.4178,0.39185
6023,3.4178,0.39194
6024,3.41779,0.39202
6025,3.41779,0.39211
6026,3.41779,0.39219
6027,3.41779,0.39228
6028,3.41779,0.39236
6029,3.41778,0.39245
6030,3.41778,0.39253
6031,3.41778,0.39262
6032,3.41778,0.3927
6033,3.41778,0.39279
6034,3.41777,0.39287
6035,3.41777,0.39295
6036,3.41777,0.39304
6037,3.41777,0.39312
6038,3.41777,0.39321
6039,3.41776,0.39329
6040,3.41776,0.39338
6041,3.41776,0.39346
6042,3.41776,0.39355
6043,3.41776,0.39363
6044,3.41775,0.39372
6045,3.41775,0.3938
6046,3.41775,0.39389
6047,3.41775,0.39397
6048,3.41775,0.39406
6049,3.41774,0.39414
6050,3.41774,0.39422
6051,3.41774,0.39431
6052,3.41774,0.39439
6053,3.41774,0.39448
6054,3.41773,0.39456
6055,3.41773,0.39465
6056,3.41773,0.39473
6057,3.41773,0.39482
6058,3.41772,0.3949
6059,3.41772,0.39499
6060,3.41772,0.39507
6061,3.41772,0.39516
6062,3.41772,0.39524
6063,3.41772,0.39533
6064,3.41771,0.39541
6065,3.41771,0.3955
6066,3.41771,0.39558
6067,3.41771,0.39566
6068,3.41771,0.39575
6069,3.4177,0.39583
6070,3.4177,0.39592
6071,3.4177,0.396
6072,3.4177,0.39609
6073,3.4177,0.39617
6074,3.41769,0.39626
6075,3.41769,0.39634
6076,3.41769,0.39643
6077,3.41769,0.39651
6078,3.41769,0.3966
6079,3.41769,0.39668
6080,3.41768,0.39676
6081,3.41768,0.39685
6082,3.41768,0.39693
6083,3.41768,0.39702
6084,3.41768,0.3971
6085,3.41768,0.39719
6086,3.41767,0.39727
6087,3.41767,0.39736
6088,3.41767,0.39744
6089,3.41767,0.39753
6090,3.41767,0.39761
6091,3.41767,0.3977
6092,3.41766,0.39778
6093,3.41766,0.39787
6094,3.41766,0.39795
6095,3.41766,0.39804
6096,3.41766,0.39812
6097,3.41766,0.3982
6098,3.41765,0.39829
6099,3.41765,0.39837
6100,3.41765,0.39846
6101,3.41765,0.39854
6102,3.41765,0.39863
6103,3.41765,0.39871
6104,3.41764,0.3988
6105,3.41764,0.39888
6106,3.41764,0.39897
6107,3.41764,0.39905
6108,3.41764,0.39913
6109,3.41764,0.39922
6110,3.41763,0.3993
6111,3.41763,0.39939
6112,3.41763,0.39947
6113,3.41763,0.39956
6114,3.41763,0.39964
6115,3.41763,0.39973
6116,3.41762,0.39981
6117,3.41762,0.3999
6118,3.41762,0.39998
6119,3.41762,0.40006
6120,3.41762,0.40015
6121,3.41762,0.40023
6122,3.41762,0.40032
6123,3.41761,0.4004
6124,3.41761,0.40049
6125,3.41761,0.40057
6126,3.41761,0.40066
6127,3.41761,0.40074
6128,3.41761,0.40083
6129,3.4176,0.40091
6130,3.4176,0.40099
6131,3.4176,0.40108
6132,3.4176,0.40116
6133,3.4176,0.40125
6134,3.4176,0.40133
6135,3.4176,0.40142
6136,3.41759,0.4015
6137,3.41759,0.40159
6138,3.41759,0.40167
6139,3.41759,0.40176
6140,3.41759,0.40184
6141,3.41759,0.40192
6142,3.41759,0.40201
6143,3.41759,0.40209
6144,3.41758,0.40218
6145,3.41758,0.40226
6146,3.41758,0.40235
6147,3.41758,0.40243
6148,3.41758,0.40252
6149,3.41758,0.4026
6150,3.41758,0.40269
6151,3.41757,0.40277
6152,3.41757,0.40285
6153,3.41757,0.40294
6154,3.41757,0.40302
6155,3.41757,0.40311
6156,3.41757,0.40319
6157,3.41757,0.40328
6158,3.41757,0.40336
6159,3.41756,0.40345
6160,3.41756,0.40353
6161,3.41756,0.40361
6162,3.41756,0.4037
6163,3.41756,0.40378
6164,3.41756,0.40387
6165,3.41756,0.40395
6166,3.41756,0.40404
6167,3.41755,0.40412
6168,3.41755,0.40421
6169,3.41755,0.40429
6170,3.41755,0.40437
6171,3.41755,0.40446
6172,3.41755,0.40454
6173,3.41755,0.40463
6174,3.41755,0.40471
6175,3.41755,0.4048
6176,3.41754,0.40488
6177,3.41754,0.40497
6178,3.41754,0.40505
6179,3.41754,0.40513
6180,3.41754,0.40522
6181,3.41754,0.4053
6182,3.41754,0.40539
6183,3.41754,0.40547
6184,3.41754,0.40556
6185,3.41753,0.40564
6186,3.41753,0.40573
6187,3.41753,0.40581
6188,3.41753,0.4059
6189,3.41753,0.40598
6190,3.41753,0.40606
6191,3.41753,0.40615
6192,3.41753,0.40623
6193,3.41753,0.40632
6194,3.41752,0.4064
6195,3.41752,0.40649
6196,3.41752,0.40657
6197,3.41752,0.40665
6198,3.41752,0.40674
6199,3.41752,0.40682
6200,3.41752,0.40691
6201,3.41752,0.40699
6202,3.41752,0.40708
6203,3.41752,0.40716
6204,3.41752,0.40725
6205,3.41751,0.40733
6206,3.41751,0.40741
6207,3.41751,0.4075
6208,3.41751,0.40758
6209,3.41751,0.40767
6210,3.41751,0.40775
6211,3.41751,0.40784
6212,3.41751,0.40792
6213,3.41751,0.408
6214,3.41751,0.40809
6215,3.41751,0.40817
6216,3.4175,0.40826
6217,3.4175,0.40834
6218,3.4175,0.40843
6219,3.4175,0.40851
6220,3.4175,0.40859
6221,3.4175,0.40868
6222,3.4175,0.40876
6223,3.4175,0.40885
6224,3.4175,0.40893
6225,3.4175,0.40902
6226,3.4175,0.4091
6227,3.4175,0.40919
6228,3.41749,0.40927
6229,3.41749,0.40935
6230,3.41749,0.40944
6231,3.41749,0.40952
6232,3.41749,0.40961
6233,3.41749,0.40969
6234,3.41749,0.40978
6235,3.41749,0.40986
6236,3.41749,0.40994
6237,3.41749,0.41003
6238,3.41749,0.41011
6239,3.41749,0.4102
6240,3.41749,0.41028
6241,3.41748,0.41037
6242,3.41748,0.41045
6243,3.41748,0.41053
6244,3.41748,0.41062
6245,3.41748,0.4107
6246,3.41748,0.41079
6247,3.41748,0.41087
6248,3.41748,0.41096
6249,3.41748,0.41104
6250,3.41748,0.41113
6251,3.41748,0.41121
6252,3.41748,0.41129
6253,3.41748,0.41138
6254,3.41748,0.41146
6255,3.41748,0.41155
6256,3.41747,0.41163
6257,3.41747,0.41172
6258,3.41747,0.4118
6259,3.41747,0.41188
6260,3.41747,0.41197
6261,3.41747,0.41205
6262,3.41747,0.41214
6263,3.41747,0.41222
6264,3.41747,0.41231
6265,3.41747,0.41239
6266,3.41747,0.41247
6267,3.41747,0.41256
6268,3.41747,0.41264
6269,3.41747,0.41273
6270,3.41747,0.41281
6271,3.41747,0.4129
6272,3.41747,0.41298
6273,3.41746,0.41306
6274,3.41746,0.41315
6275,3.41746,0.41323
6276,3.41746,0.41332
6277,3.41746,0.4134
6278,3.41746,0.41348
6279,3.41746,0.41357
6280,3.41746,0.41365
6281,3.41746,0.41374
6282,3.41746,0.41382
6283,3.41746,0.41391
6284,3.41746,0.41399
6285,3.41746,0.41407
6286,3.41746,0.41416
6287,3.41746,0.41424
6288,3.41746,0.41433
6289,3.41746,0.41441
6290,3.41746,0.4145
6291,3.41746,0.41458
6292,3.41746,0.41466
6293,3.41746,0.41475
6294,3.41746,0.41483
6295,3.41746,0.41492
6296,3.41745,0.415
6297,3.41745,0.41508
6298,3.41745,0.41517
6299,3.41745,0.41525
6300,3.41745,0.41534
6301,3.41745,0.41542
6302,3.41745,0.41551
6303,3.41745,0.41559
6304,3.41745,0.41567
6305,3.41745,0.41576
6306,3.41745,0.41584
6307,3.41745,0.41593
6308,3.41745,0.41601
6309,3.41745,0.41609
6310,3.41745,0.41618
6311,3.41745,0.41626
6312,3.41745,0.41635
6313,3.41745,0.41643
6314,3.41745,0.41652
6315,3.41745,0.4166
6316,3.41745,0.41668
6317,3.41745,0.41677
6318,3.41745,0.41685
6319,3.41745,0.41694
6320,3.41745,0.41702
6321,3.41745,0.41711
6322,3.41745,0.41719
6323,3.41745,0.41727
6324,3.41745,0.41736
6325,3.41745,0.41744
6326,3.41745,0.41753
6327,3.41745,0.41761
6328,3.41745,0.41769
6329,3.41745,0.41778
6330,3.41745,0.41786
6331,3.41745,0.41795
6332,3.41745,0.41803
6333,3.41745,0.41811
6334,3.41745,0.4182
6335,3.41745,0.41828
6336,3.41745,0.41837
6337,3.41745,0.41845
6338,3.41745,0.41854
6339,3.41745,0.41862
6340,3.41744,0.4187
6341,3.41744,0.41879
6342,3.41744,0.41887
6343,3.41744,0.41896
6344,3.41744,0.41904
6345,3.41744,0.41912
6346,3.41744,0.41921
6347,3.41744,0.41929
6348,3.41744,0.41938
6349,3.41744,0.41946
6350,3.41744,0.41955
6351,3.41744,0.41963
6352,3.41744,0.41971
6353,3.41744,0.4198
6354,3.41744,0.41988
6355,3.41744,0.41997
6356,3.41744,0.42005
6357,3.41744,0.42013
6358,3.41744,0.42022
6359,3.41744,0.4203
6360,3.41744,0.42039
6361,3.41744,0.42047
6362,3.41744,0.42055
6363,3.41744,0.42064
6364,3.41744,0.42072
6365,3.41744,0.42081
6366,3.41744,0.42089
6367,3.41744,0.42097
6368,3.41744,0.42106
6369,3.41744,0.42114
6370,3.41744,0.42123
6371,3.41745,0.42131
6372,3.41745,0.42139
6373,3.41745,0.42148
6374,3.41745,0.42156
6375,3.41745,0.42165
6376,3.41745,0.42173
6377,3.41745,0.42181
6378,3.41745,0.4219
6379,3.41745,0.42198
6380,3.41745,0.42207
6381,3.41745,0.42215
6382,3.41745,0.42224
6383,3.41745,0.42232
6384,3.41745,0.4224
6385,3.41745,0.42249
6386,3.41745,0.42257
6387,3.41745,0.42266
6388,3.41745,0.42274
6389,3.41745,0.42282
6390,3.41745,0.42291
6391,3.41745,0.42299
6392,3.41745,0.42307
6393,3.41745,0.42316
6394,3.41745,0.42324
6395,3.41745,0.42333
6396,3.41745,0.42341
6397,3.41745,0.42349
6398,3.41745,0.42358
6399,3.41745,0.42366
6400,3.41745,0.42375
6401,3.41745,0.42383
6402,3.41745,0.42391
6403,3.41745,0.424
6404,3.41745,0.42408
6405,3.41745,0.42417
6406,3.41745,0.42425
6407,3.41745,0.42434
6408,3.41745,0.42442
6409,3.41745,0.4245
6410,3.41745,0.42459
6411,3.41745,0.42467
6412,3.41745,0.42475
6413,3.41745,0.42484
6414,3.41745,0.42492
6415,3.41746,0.42501
6416,3.41746,0.42509
6417,3.41746,0.42517
6418,3.41746,0.42526
6419,3.41746,0.42534
6420,3.41746,0.42543
6421,3.41746,0.42551
6422,3.41746,0.42559
6423,3.41746,0.42568
6424,3.41746,0.42576
6425,3.41746,0.42585
6426,3.41746,0.42593
6427,3.41746,0.42601
6428,3.41746,0.4261
6429,3.41746,0.42618
6430,3.41746,0.42627
6431,3.41746,0.42635
6432,3.41746,0.42643
6433,3.41746,0.42652
6434,3.41746,0.4266
6435,3.41746,0.42669
6436,3.41746,0.42677
6437,3.41746,0.42685
6438,3.41747,0.42694
6439,3.41747,0.42702
6440,3.41747,0.42711
6441,3.41747,0.42719
6442,3.41747,0.42727
6443,3.41747,0.42736
6444,3.41747,0.42744
6445,3.41747,0.42752
6446,3.41747,0.42761
6447,3.41747,0.42769
6448,3.41747,0.42778
6449,3.41747,0.42786
6450,3.41747,0.42794
6451,3.41747,0.42803
6452,3.41747,0.42811
6453,3.41747,0.4282
6454,3.41747,0.42828
6455,3.41747,0.42836
6456,3.41747,0.42845
6457,3.41748,0.42853
6458,3.41748,0.42862
6459,3.41748,0.4287
6460,3.41748,0.42878
6461,3.41748,0.42887
6462,3.41748,0.42895
6463,3.41748,0.42903
6464,3.41748,0.42912
6465,3.41748,0.4292
6466,3.41748,0.42929
6467,3.41748,0.42937
6468,3.41748,0.42945
6469,3.41748,0.42954
6470,3.41748,0.42962
6471,3.41748,0.4297
6472,3.41749,0.42979
6473,3.41749,0.42987
6474,3.41749,0.42996
6475,3.41749,0.43004
6476,3.41749,0.43012
6477,3.41749,0.43021
6478,3.41749,0.43029
6479,3.41749,0.43038
6480,3.41749,0.43046
6481,3.41749,0.43054
6482,3.41749,0.43063
6483,3.41749,0.43071
6484,3.41749,0.4308
6485,3.41749,0.43088
6486,3.4175,0.43096
6487,3.4175,0.43105
6488,3.4175,0.43113
6489,3.4175,0.43121
6490,3.4175,0.4313
6491,3.4175,0.43138
6492,3.4175,0.43147
6493,3.4175,0.43155
6494,3.4175,0.43163
6495,3.4175,0.43172
6496,3.4175,0.4318
6497,3.4175,0.43188
6498,3.41751,0.43197
6499,3.41751,0.43205
6500,3.41751,0.43214
6501,3.41751,0.43222
6502,3.41751,0.4323
6503,3.41751,0.43239
6504,3.41751,0.43247
6505,3.41751,0.43256
6506,3.41751,0.43264
6507,3.41751,0.43272
6508,3.41751,0.43281
6509,3.41752,0.43289
6510,3.41752,0.43297
6511,3.41752,0.43306
6512,3.41752,0.43314
6513,3.41752,0.43323
6514,3.41752,0.43331
6515,3.41752,0.43339
6516,3.41752,0.43348
6517,3.41752,0.43356
6518,3.41752,0.43364
6519,3.41752,0.43373
6520,3.41752,0.43381
6521,3.41753,0.43389
6522,3.41753,0.43398
6523,3.41753,0.43406
6524,3.41753,0.43415
6525,3.41753,0.43423
6526,3.41753,0.43431
6527,3.41753,0.4344
6528,3.41753,0.43448
6529,3.41753,0.43456
6530,3.41754,0.43465
6531,3.41754,0.43473
6532,3.41754,0.43482
6533,3.41754,0.4349
6534,3.41754,0.43498
6535,3.41754,0.43507
6536,3.41754,0.43515
6537,3.41754,0.43523
6538,3.41754,0.43532
6539,3.41754,0.4354
6540,3.41755,0.43549
6541,3.41755,0.43557
6542,3.41755,0.43565
6543,3.41755,0.43574
6544,3.41755,0.43582
6545,3.41755,0.4359
6546,3.41755,0.43599
6547,3.41755,0.43607
6548,3.41755,0.43616
6549,3.41756,0.43624
6550,3.41756,0.43632
6551,3.41756,0.43641
6552,3.41756,0.43649
6553,3.41756,0.43657
6554,3.41756,0.43666
6555,3.41756,0.43674
6556,3.41756,0.43682
6557,3.41757,0.43691
6558,3.41757,0.43699
6559,3.41757,0.43708
6560,3.41757,0.43716
6561,3.41757,0.43724
6562,3.41757,0.43733
6563,3.41757,0.43741
6564,3.41757,0.43749
6565,3.41758,0.43758
6566,3.41758,0.43766
6567,3.41758,0.43774
6568,3.41758,0.43783
6569,3.41758,0.43791
6570,3.41758,0.438
6571,3.41758,0.43808
6572,3.41758,0.43816
6573,3.41758,0.43825
6574,3.41759,0.43833
6575,3.41759,0.43841
6576,3.41759,0.4385
6577,3.41759,0.43858
6578,3.41759,0.43866
6579,3.41759,0.43875
6580,3.41759,0.43883
6581,3.4176,0.43892
6582,3.4176,0.439
6583,3.4176,0.43908
6584,3.4176,0.43917
6585,3.4176,0.43925
6586,3.4176,0.43933
6587,3.4176,0.43942
6588,3.4176,0.4395
6589,3.41761,0.43958
6590,3.41761,0.43967
6591,3.41761,0.43975
6592,3.41761,0.43984
6593,3.41761,0.43992
6594,3.41761,0.44
6595,3.41761,0.44009
6596,3.41762,0.44017
6597,3.41762,0.44025
6598,3.41762,0.44034
6599,3.41762,0.44042
6600,3.41762,0.4405
6601,3.41762,0.44059
6602,3.41762,0.44067
6603,3.41763,0.44075
6604,3.41763,0.44084
6605,3.41763,0.44092
6606,3.41763,0.44101
6607,3.41763,0.44109
6608,3.41763,0.44117
6609,3.41763,0.44126
6610,3.41764,0.44134
6611,3.41764,0.44142
6612,3.41764,0.44151
6613,3.41764,0.44159
6614,3.41764,0.44167
6615,3.41764,0.44176
6616,3.41765,0.44184
6617,3.41765,0.44192
6618,3.41765,0.44201
6619,3.41765,0.44209
6620,3.41765,0.44217
6621,3.41765,0.44226
6622,3.41765,0.44234
6623,3.41766,0.44243
6624,3.41766,0.44251
6625,3.41766,0.44259
6626,3.41766,0.44268
6627,3.41766,0.44276
6628,3.41766,0.44284
6629,3.41767,0.44293
6630,3.41767,0.44301
6631,3.41767,0.44309
6632,3.41767,0.44318
6633,3.41767,0.44326
6634,3.41767,0.44334
6635,3.41768,0.44343
6636,3.41768,0.44351
6637,3.41768,0.4436
6638,3.41768,0.44368
6639,3.41768,0.44376
6640,3.41768,0.44385
6641,3.41768,0.44393
6642,3.41769,0.44401
6643,3.41769,0.4441
6644,3.41769,0.44418
6645,3.41769,0.44426
6646,3.41769,0.44435
6647,3.41769,0.44443
6648,3.4177,0.44451
6649,3.4177,0.4446
6650,3.4177,0.44468
6651,3.4177,0.44476
6652,3.4177,0.44485
6653,3.41771,0.44493
6654,3.41771,0.44501
6655,3.41771,0.4451
6656,3.41771,0.44518
6657,3.41771,0.44526
6658,3.41771,0.44535
6659,3.41772,0.44543
6660,3.41772,0.44551
6661,3.41772,0.4456
6662,3.41772,0.44568
6663,3.41772,0.44577
6664,3.41772,0.44585
6665,3.41773,0.44593
6666,3.41773,0.44602
6667,3.41773,0.4461
6668,3.41773,0.44618
6669,3.41773,0.44627
6670,3.41774,0.44635
6671,3.41774,0.44643
6672,3.41774,0.44652
6673,3.41774,0.4466
6674,3.41774,0.44668
6675,3.41774,0.44677
6676,3.41775,0.44685
6677,3.41775,0.44693
6678,3.41775,0.44702
6679,3.41775,0.4471
6680,3.41775,0.44718
6681,3.41775,0.44727
6682,3.41776,0.44735
6683,3.41776,0.44743
6684,3.41776,0.44752
6685,3.41776,0.4476
6686,3.41776,0.44768
6687,3.41777,0.44777
6688,3.41777,0.44785
6689,3.41777,0.44793
6690,3.41777,0.44802
6691,3.41777,0.4481
6692,3.41778,0.44818
6693,3.41778,0.44827
6694,3.41778,0.44835
6695,3.41778,0.44844
6696,3.41778,0.44852
6697,3.41779,0.4486
6698,3.41779,0.44869
6699,3.41779,0.44877
6700,3.41779,0.44885
6701,3.41779,0.44894
6702,3.41779,0.44902
6703,3.4178,0.4491
6704,3.4178,0.44919
6705,3.4178,0.44927
6706,3.4178,0.44935
6707,3.41781,0.44944
6708,3.41781,0.44952
6709,3.41781,0.4496
6710,3.41781,0.44969
6711,3.41781,0.44977
6712,3.41782,0.44985
6713,3.41782,0.44994
6714,3.41782,0.45002
6715,3.41782,0.4501
6716,3.41782,0.45019
6717,3.41783,0.45027
6718,3.41783,0.45035
6719,3.41783,0.45044
6720,3.41783,0.45052
6721,3.41783,0.4506
6722,3.41784,0.45069
6723,3.41784,0.45077
6724,3.41784,0.45085
6725,3.41784,0.45094
6726,3.41784,0.45102
6727,3.41785,0.4511
6728,3.41785,0.45119
6729,3.41785,0.45127
6730,3.41785,0.45135
6731,3.41786,0.45144
6732,3.41786,0.45152
6733,3.41786,0.4516
6734,3.41786,0.45169
6735,3.41786,0.45177
6736,3.41787,0.45185
6737,3.41787,0.45194
6738,3.41787,0.45202
6739,3.41787,0.4521
6740,3.41787,0.45219
6741,3.41788,0.45227
6742,3.41788,0.45235
6743,3.41788,0.45244
6744,3.41788,0.45252
6745,3.41789,0.4526
6746,3.41789,0.45269
6747,3.41789,0.45277
6748,3.41789,0.45285
6749,3.41789,0.45293
6750,3.4179,0.45302
6751,3.4179,0.4531
6752,3.4179,0.45318
6753,3.4179,0.45327
6754,3.41791,0.45335
6755,3.41791,0.45343
6756,3.41791,0.45352
6757,3.41791,0.4536
6758,3.41791,0.45368
6759,3.41792,0.45377
6760,3.41792,0.45385
6761,3.41792,0.45393
6762,3.41792,0.45402
6763,3.41793,0.4541
6764,3.41793,0.45418
6765,3.41793,0.45427
6766,3.41793,0.45435
6767,3.41794,0.45443
6768,3.41794,0.45452
6769,3.41794,0.4546
6770,3.41794,0.45468
6771,3.41794,0.45477
6772,3.41795,0.45485
6773,3.41795,0.45493
6774,3.41795,0.45502
6775,3.41795,0.4551
6776,3.41796,0.45518
6777,3.41796,0.45527
6778,3.41796,0.45535
6779,3.41796,0.45543
6780,3.41797,0.45552
6781,3.41797,0.4556
6782,3.41797,0.45568
6783,3.41797,0.45577
6784,3.41798,0.45585
6785,3.41798,0.45593
6786,3.41798,0.45602
6787,3.41798,0.4561
6788,3.41799,0.45618
6789,3.41799,0.45626
6790,3.41799,0.45635
6791,3.41799,0.45643
6792,3.41799,0.45651
6793,3.418,0.4566
6794,3.418,0.45668
6795,3.418,0.45676
6796,3.41801,0.45685
6797,3.41801,0.45693
6798,3.41801,0.45701
6799,3.41801,0.4571
6800,3.41802,0.45718
6801,3.41802,0.45726
6802,3.41802,0.45735
6803,3.41802,0.45743
6804,3.41803,0.45751
6805,3.41803,0.4576
6806,3.41803,0.45768
6807,3.41803,0.45776
6808,3.41804,0.45784
6809,3.41804,0.45793
6810,3.41804,0.45801
6811,3.41804,0.45809
6812,3.41804,0.45818
6813,3.41805,0.45826
6814,3.41805,0.45834
6815,3.41805,0.45843
6816,3.41805,0.45851
6817,3.41806,0.45859
6818,3.41806,0.45868
6819,3.41806,0.45876
6820,3.41806,0.45884
6821,3.41807,0.45893
6822,3.41807,0.45901
6823,3.41807,0.45909
6824,3.41808,0.45918
6825,3.41808,0.45926
6826,3.41808,0.45934
6827,3.41808,0.45942
6828,3.41809,0.45951
6829,3.41809,0.45959
6830,3.41809,0.45967
6831,3.41809,0.45976
6832,3.4181,0.45984
6833,3.4181,0.45992
6834,3.4181,0.46001
6835,3.41811,0.46009
6836,3.41811,0.46017
6837,3.41811,0.46026
6838,3.41811,0.46034
6839,3.41812,0.46042
6840,3.41812,0.46051
6841,3.41812,0.46059
6842,3.41812,0.46067
6843,3.41813,0.46075
6844,3.41813,0.46084
6845,3.41813,0.46092
6846,3.41813,0.461
6847,3.41814,0.46109
6848,3.41814,0.46117
6849,3.41814,0.46125
6850,3.41815,0.46134
6851,3.41815,0.46142
6852,3.41815,0.4615
6853,3.41815,0.46159
6854,3.41816,0.46167
6855,3.41816,0.46175
6856,3.41816,0.46183
6857,3.41816,0.46192
6858,3.41817,0.462
6859,3.41817,0.46208
6860,3.41817,0.46217
6861,3.41818,0.46225
6862,3.41818,0.46233
6863,3.41818,0.46242
6864,3.41818,0.4625
6865,3.41819,0.46258
6866,3.41819,0.46266
6867,3.41819,0.46275
6868,3.4182,0.46283
6869,3.4182,0.46291
6870,3.4182,0.463
6871,3.4182,0.46308
6872,3.41821,0.46316
6873,3.41821,0.46325
6874,3.41821,0.46333
6875,3.41822,0.46341
6876,3.41822,0.46349
6877,3.41822,0.46358
6878,3.41822,0.46366
6879,3.41823,0.46374
6880,3.41823,0.46383
6881,3.41823,0.46391
6882,3.41824,0.46399
6883,3.41824,0.46408
6884,3.41824,0.46416
6885,3.41824,0.46424
6886,3.41825,0.46432
6887,3.41825,0.46441
6888,3.41825,0.46449
6889,3.41826,0.46457
6890,3.41826,0.46466
6891,3.41826,0.46474
6892,3.41826,0.46482
6893,3.41827,0.46491
6894,3.41827,0.46499
6895,3.41827,0.46507
6896,3.41828,0.46515
6897,3.41828,0.46524
6898,3.41828,0.46532
6899,3.41829,0.4654
6900,3.41829,0.46549
6901,3.41829,0.46557
6902,3.4183,0.46565
6903,3.4183,0.46574
6904,3.4183,0.46582
6905,3.4183,0.4659
6906,3.41831,0.46598
6907,3.41831,0.46607
6908,3.41831,0.46615
6909,3.41832,0.46623
6910,3.41832,0.46632
6911,3.41832,0.4664
6912,3.41833,0.46648
6913,3.41833,0.46657
6914,3.41833,0.46665
6915,3.41833,0.46673
6916,3.41834,0.46681
6917,3.41834,0.4669
6918,3.41834,0.46698
6919,3.41835,0.46706
6920,3.41835,0.46715
6921,3.41835,0.46723
6922,3.41836,0.46731
6923,3.41836,0.46739
6924,3.41836,0.46748
6925,3.41837,0.46756
6926,3.41837,0.46764
6927,3.41837,0.46773
6928,3.41837,0.46781
6929,3.41838,0.46789
6930,3.41838,0.46797
6931,3.41838,0.46806
6932,3.41839,0.46814
6933,3.41839,0.46822
6934,3.41839,0.46831
6935,3.4184,0.46839
6936,3.4184,0.46847
6937,3.4184,0.46856
6938,3.41841,0.46864
6939,3.41841,0.46872
6940,3.41841,0.4688
6941,3.41842,0.46889
6942,3.41842,0.46897
6943,3.41842,0.46905
6944,3.41843,0.46914
6945,3.41843,0.46922
6946,3.41843,0.4693
6947,3.41844,0.46938
6948,3.41844,0.46947
6949,3.41844,0.46955
6950,3.41845,0.46963
6951,3.41845,0.46972
6952,3.41845,0.4698
6953,3.41845,0.46988
6954,3.41846,0.46996
6955,3.41846,0.47005
6956,3.41846,0.47013
6957,3.41847,0.47021
6958,3.41847,0.4703
6959,3.41847,0.47038
6960,3.41848,0.47046
6961,3.41848,0.47054
6962,3.41848,0.47063
6963,3.41849,0.47071
6964,3.41849,0.47079
6965,3.41849,0.47088
6966,3.4185,0.47096
6967,3.4185,0.47104
6968,3.4185,0.47112
6969,3.41851,0.47121
6970,3.41851,0.47129
6971,3.41851,0.47137
6972,3.41852,0.47146
6973,3.41852,0.47154
6974,3.41852,0.47162
6975,3.41853,0.4717
6976,3.41853,0.47179
6977,3.41853,0.47187
6978,3.41854,0.47195
6979,3.41854,0.47204
6980,3.41854,0.47212
6981,3.41855,0.4722
6982,3.41855,0.47228
6983,3.41856,0.47237
6984,3.41856,0.47245
6985,3.41856,0.47253
6986,3.41857,0.47261
6987,3.41857,0.4727
6988,3.41857,0.47278
6989,3.41858,0.47286
6990,3.41858,0.47295
6991,3.41858,0.47303
6992,3.41859,0.47311
6993,3.41859,0.47319
6994,3.41859,0.47328
6995,3.4186,0.47336
6996,3.4186,0.47344
6997,3.4186,0.47352
6998,3.41861,0.47361
6999,3.41861,0.47369
7000,3.41861,0.47377
7001,3.41862,0.47386
7002,3.41862,0.47394
7003,3.41862,0.47402
7004,3.41863,0.4741
7005,3.41863,0.47419
7006,3.41863,0.47427
7007,3.41864,0.47435
7008,3.41864,0.47444
7009,3.41864,0.47452
7010,3.41865,0.4746
7011,3.41865,0.47468
7012,3.41866,0.47477
7013,3.41866,0.47485
7014,3.41866,0.47493
7015,3.41867,0.47501
7016,3.41867,0.4751
7017,3.41867,0.47518
7018,3.41868,0.47526
7019,3.41868,0.47535
7020,3.41868,0.47543
7021,3.41869,0.47551
7022,3.41869,0.47559
7023,3.41869,0.47568
7024,3.4187,0.47576
7025,3.4187,0.47584
7026,3.41871,0.47592
7027,3.41871,0.47601
7028,3.41871,0.47609
7029,3.41872,0.47617
7030,3.41872,0.47626
7031,3.41872,0.47634
7032,3.41873,0.47642
7033,3.41873,0.4765
7034,3.41873,0.47659
7035,3.41874,0.47667
7036,3.41874,0.47675
7037,3.41875,0.47683
7038,3.41875,0.47692
7039,3.41875,0.477
7040,3.41876,0.47708
7041,3.41876,0.47716
7042,3.41876,0.47725
7043,3.41877,0.47733
7044,3.41877,0.47741
7045,3.41878,0.4775
7046,3.41878,0.47758
7047,3.41878,0.47766
7048,3.41879,0.47774
7049,3.41879,0.47783
7050,3.41879,0.47791
7051,3.4188,0.47799
7052,3.4188,0.47807
7053,3.41881,0.47816
7054,3.41881,0.47824
7055,3.41881,0.47832
7056,3.41882,0.47841
7057,3.41882,0.47849
7058,3.41882,0.47857
7059,3.41883,0.47865
7060,3.41883,0.47874
7061,3.41883,0.47882
7062,3.41884,0.4789
7063,3.41884,0.47898
7064,3.41885,0.47907
7065,3.41885,0.47915
7066,3.41885,0.47923
7067,3.41886,0.47931
7068,3.41886,0.4794
7069,3.41887,0.47948
7070,3.41887,0.47956
7071,3.41887,0.47964
7072,3.41888,0.47973
7073,3.41888,0.47981
7074,3.41888,0.47989
7075,3.41889,0.47997
7076,3.41889,0.48006
7077,3.4189,0.48014
7078,3.4189,0.48022
7079,3.4189,0.48031
7080,3.41891,0.48039
7081,3.41891,0.48047
7082,3.41891,0.48055
7083,3.41892,0.48064
7084,3.41892,0.48072
7085,3.41893,0.4808
7086,3.41893,0.48088
7087,3.41893,0.48097
7088,3.41894,0.48105
7089,3.41894,0.48113
7090,3.41895,0.48121
7091,3.41895,0.4813
7092,3.41895,0.48138
7093,3.41896,0.48146
7094,3.41896,0.48154
7095,3.41897,0.48163
7096,3.41897,0.48171
7097,3.41897,0.48179
7098,3.41898,0.48187
7099,3.41898,0.48196
7100,3.41899,0.48204
7101,3.41899,0.48212
7102,3.41899,0.4822
7103,3.419,0.48229
7104,3.419,0.48237
7105,3.41901,0.48245
7106,3.41901,0.48253
7107,3.41901,0.48262
7108,3.41902,0.4827
7109,3.41902,0.48278
7110,3.41903,0.48286
7111,3.41903,0.48295
7112,3.41903,0.48303
7113,3.41904,0.48311
7114,3.41904,0.4832
7115,3.41904,0.48328
7116,3.41905,0.48336
7117,3.41905,0.48344
7118,3.41906,0.48353
7119,3.41906,0.48361
7120,3.41906,0.48369
7121,3.41907,0.48377
7122,3.41907,0.48386
7123,3.41908,0.48394
7124,3.41908,0.48402
7125,3.41909,0.4841
7126,3.41909,0.48419
7127,3.41909,0.48427
7128,3.4191,0.48435
7129,3.4191,0.48443
7130,3.41911,0.48452
7131,3.41911,0.4846
7132,3.41911,0.48468
7133,3.41912,0.48476
7134,3.41912,0.48485
7135,3.41913,0.48493
7136,3.41913,0.48501
7137,3.41913,0.48509
7138,3.41914,0.48518
7139,3.41914,0.48526
7140,3.41915,0.48534
7141,3.41915,0.48542
7142,3.41916,0.48551
7143,3.41916,0.48559
7144,3.41916,0.48567
7145,3.41917,0.48575
7146,3.41917,0.48584
7147,3.41918,0.48592
7148,3.41918,0.486
7149,3.41918,0.48608
7150,3.41919,0.48617
7151,3.41919,0.48625
7152,3.4192,0.48633
7153,3.4192,0.48641
7154,3.41921,0.4865
7155,3.41921,0.48658
7156,3.41921,0.48666
7157,3.41922,0.48674
7158,3.41922,0.48683
7159,3.41923,0.48691
7160,3.41923,0.48699
7161,3.41924,0.48707
7162,3.41924,0.48715
7163,3.41924,0.48724
7164,3.41925,0.48732
7165,3.41925,0.4874
7166,3.41926,0.48748
7167,3.41926,0.48757
7168,3.41927,0.48765
7169,3.41927,0.48773
7170,3.41927,0.48781
7171,3.41928,0.4879
7172,3.41928,0.48798
7173,3.41929,0.48806
7174,3.41929,0.48814
7175,3.4193,0.48823
7176,3.4193,0.48831
7177,3.4193,0.48839
7178,3.41931,0.48847
7179,3.41931,0.48856
7180,3.41932,0.48864
7181,3.41932,0.48872
7182,3.41933,0.4888
7183,3.41933,0.48889
7184,3.41933,0.48897
7185,3.41934,0.48905
7186,3.41934,0.48913
7187,3.41935,0.48921
7188,3.41935,0.4893
7189,3.41936,0.48938
7190,3.41936,0.48946
7191,3.41936,0.48954
7192,3.41937,0.48963
7193,3.41937,0.48971
7194,3.41938,0.48979
7195,3.41938,0.48987
7196,3.41939,0.48996
7197,3.41939,0.49004
7198,3.4194,0.49012
7199,3.4194,0.4902
7200,3.4194,0.49029
7201,3.41941,0.49037
7202,3.41941,0.49045
7203,3.41942,0.49053
7204,3.41942,0.49062
7205,3.41943,0.4907
7206,3.41943,0.49078
7207,3.41943,0.49086
7208,3.41944,0.49094
7209,3.41944,0.49103
7210,3.41945,0.49111
7211,3.41945,0.49119
7212,3.41946,0.49127
7213,3.41946,0.49136
7214,3.41947,0.49144
7215,3.41947,0.49152
7216,3.41948,0.4916
7217,3.41948,0.49169
7218,3.41948,0.49177
7219,3.41949,0.49185
7220,3.41949,0.49193
7221,3.4195,0.49202
7222,3.4195,0.4921
7223,3.41951,0.49218
7224,3.41951,0.49226
7225,3.41952,0.49234
7226,3.41952,0.49243
7227,3.41952,0.49251
7228,3.41953,0.49259
7229,3.41953,0.49267
7230,3.41954,0.49276
7231,3.41954,0.49284
7232,3.41955,0.49292
7233,3.41955,0.493
7234,3.41956,0.49309
7235,3.41956,0.49317
7236,3.41957,0.49325
7237,3.41957,0.49333
7238,3.41957,0.49341
7239,3.41958,0.4935
7240,3.41958,0.49358
7241,3.41959,0.49366
7242,3.41959,0.49374
7243,3.4196,0.49383
7244,3.4196,0.49391
7245,3.41961,0.49399
7246,3.41961,0.49407
7247,3.41962,0.49415
7248,3.41962,0.49424
7249,3.41963,0.49432
7250,3.41963,0.4944
7251,3.41963,0.49448
7252,3.41964,0.49457
7253,3.41964,0.49465
7254,3.41965,0.49473
7255,3.41965,0.49481
7256,3.41966,0.49489
7257,3.41966,0.49498
7258,3.41967,0.49506
7259,3.41967,0.49514
7260,3.41968,0.49522
7261,3.41968,0.49531
7262,3.41969,0.49539
7263,3.41969,0.49547
7264,3.41969,0.49555
7265,3.4197,0.49563
7266,3.4197,0.49572
7267,3.41971,0.4958
7268,3.41971,0.49588
7269,3.41972,0.49596
7270,3.41972,0.49605
7271,3.41973,0.49613
7272,3.41973,0.49621
7273,3.41974,0.49629
7274,3.41974,0.49637
7275,3.41975,0.49646
7276,3.41975,0.49654
7277,3.41976,0.49662
7278,3.41976,0.4967
7279,3.41977,0.49679
7280,3.41977,0.49687
7281,3.41978,0.49695
7282,3.41978,0.49703
7283,3.41979,0.49711
7284,3.41979,0.4972
7285,3.41979,0.49728
7286,3.4198,0.49736
7287,3.4198,0.49744
7288,3.41981,0.49753
7289,3.41981,0.49761
7290,3.41982,0.49769
7291,3.41982,0.49777
7292,3.41983,0.49785
7293,3.41983,0.49794
7294,3.41984,0.49802
7295,3.41984,0.4981
7296,3.41985,0.49818
7297,3.41985,0.49827
7298,3.41986,0.49835
7299,3.41986,0.49843
7300,3.41987,0.49851
7301,3.41987,0.49859
7302,3.41988,0.49868
7303,3.41988,0.49876
7304,3.41989,0.49884
7305,3.41989,0.49892
7306,3.4199,0.499
7307,3.4199,0.49909
7308,3.41991,0.49917
7309,3.41991,0.49925
7310,3.41992,0.49933
7311,3.41992,0.49942
7312,3.41993,0.4995
7313,3.41993,0.49958
7314,3.41994,0.49966
7315,3.41994,0.49974
7316,3.41994,0.49983
7317,3.41995,0.49991
7318,3.41995,0.49999
7319,3.41996,0.50007
7320,3.41996,0.50016
7321,3.41997,0.50024
7322,3.41997,0.50032
7323,3.41998,0.5004
7324,3.41998,0.50048
7325,3.41999,0.50057
7326,3.41999,0.50065
7327,3.42,0.50073
7328,3.42,0.50081
7329,3.42001,0.50089
7330,3.42001,0.50098
7331,3.42002,0.50106
7332,3.42002,0.50114
7333,3.42003,0.50122
7334,3.42003,0.5013
7335,3.42004,0.50139
7336,3.42004,0.50147
7337,3.42005,0.50155
7338,3.42005,0.50163
7339,3.42006,0.50171
7340,3.42006,0.5018
7341,3.42007,0.50188
7342,3.42007,0.50196
7343,3.42008,0.50204
7344,3.42008,0.50213
7345,3.42009,0.50221
7346,3.42009,0.50229
7347,3.4201,0.50237
7348,3.4201,0.50245
7349,3.42011,0.50253
7350,3.42012,0.50262
7351,3.42012,0.5027
7352,3.42013,0.50278
7353,3.42013,0.50286
7354,3.42014,0.50295
7355,3.42014,0.50303
7356,3.42015,0.50311
7357,3.42015,0.50319
7358,3.42016,0.50327
7359,3.42016,0.50336
7360,3.42017,0.50344
7361,3.42017,0.50352
7362,3.42018,0.5036
7363,3.42018,0.50368
7364,3.42019,0.50377
7365,3.42019,0.50385
7366,3.4202,0.50393
7367,3.4202,0.50401
7368,3.42021,0.50409
7369,3.42021,0.50418
7370,3.42022,0.50426
7371,3.42022,0.50434
7372,3.42023,0.50442
7373,3.42023,0.5045
7374,3.42024,0.50459
7375,3.42024,0.50467
7376,3.42025,0.50475
7377,3.42025,0.50483
7378,3.42026,0.50491
7379,3.42026,0.505
7380,3.42027,0.50508
7381,3.42027,0.50516
7382,3.42028,0.50524
7383,3.42028,0.50532
7384,3.42029,0.50541
7385,3.42029,0.50549
7386,3.4203,0.50557
7387,3.42031,0.50565
7388,3.42031,0.50573
7389,3.42032,0.50582
7390,3.42032,0.5059
7391,3.42033,0.50598
7392,3.42033,0.50606
7393,3.42034,0.50614
7394,3.42034,0.50623
7395,3.42035,0.50631
7396,3.42035,0.50639
7397,3.42036,0.50647
7398,3.42036,0.50655
7399,3.42037,0.50664
7400,3.42037,0.50672
7401,3.42038,0.5068
7402,3.42038,0.50688
7403,3.42039,0.50696
7404,3.42039,0.50705
7405,3.4204,0.50713
7406,3.4204,0.50721
7407,3.42041,0.50729
7408,3.42042,0.50737
7409,3.42042,0.50746
7410,3.42043,0.50754
7411,3.42043,0.50762
7412,3.42044,0.5077
7413,3.42044,0.50778
7414,3.42045,0.50787
7415,3.42045,0.50795
7416,3.42046,0.50803
7417,3.42046,0.50811
7418,3.42047,0.50819
7419,3.42047,0.50827
7420,3.42048,0.50836
7421,3.42048,0.50844
7422,3.42049,0.50852
7423,3.4205,0.5086
7424,3.4205,0.50868
7425,3.42051,0.50877
7426,3.42051,0.50885
7427,3.42052,0.50893
7428,3.42052,0.50901
7429,3.42053,0.50909
7430,3.42053,0.50918
7431,3.42054,0.50926
7432,3.42054,0.50934
7433,3.42055,0.50942
7434,3.42055,0.5095
7435,3.42056,0.50959
7436,3.42057,0.50967
7437,3.42057,0.50975
7438,3.42058,0.50983
7439,3.42058,0.50991
7440,3.42059,0.50999
7441,3.42059,0.51008
7442,3.4206,0.51016
7443,3.4206,0.51024
7444,3.42061,0.51032
7445,3.42061,0.5104
7446,3.42062,0.51049
7447,3.42063,0.51057
7448,3.42063,0.51065
7449,3.42064,0.51073
7450,3.42064,0.51081
7451,3.42065,0.51089
7452,3.42065,0.51098
7453,3.42066,0.51106
7454,3.42066,0.51114
7455,3.42067,0.51122
7456,3.42068,0.5113
7457,3.42068,0.51139
7458,3.42069,0.51147
7459,3.42069,0.51155
7460,3.4207,0.51163
7461,3.4207,0.51171
7462,3.42071,0.5118
7463,3.42071,0.51188
7464,3.42072,0.51196
7465,3.42072,0.51204
7466,3.42073,0.51212
7467,3.42074,0.5122
7468,3.42074,0.51229
7469,3.42075,0.51237
7470,3.42075,0.51245
7471,3.42076,0.51253
7472,3.42076,0.51261
7473,3.42077,0.5127
7474,3.42077,0.51278
7475,3.42078,0.51286
7476,3.42079,0.51294
7477,3.42079,0.51302
7478,3.4208,0.5131
7479,3.4208,0.51319
7480,3.42081,0.51327
7481,3.42081,0.51335
7482,3.42082,0.51343
7483,3.42082,0.51351
7484,3.42083,0.5136
7485,3.42084,0.51368
7486,3.42084,0.51376
7487,3.42085,0.51384
7488,3.42085,0.51392
7489,3.42086,0.514
7490,3.42086,0.51409
7491,3.42087,0.51417
7492,3.42088,0.51425
7493,3.42088,0.51433
7494,3.42089,0.51441
7495,3.42089,0.5145
7496,3.4209,0.51458
7497,3.4209,0.51466
7498,3.42091,0.51474
7499,3.42092,0.51482
7500,3.42092,0.5149
7501,3.42093,0.51499
7502,3.42093,0.51507
7503,3.42094,0.51515
7504,3.42094,0.51523
7505,3.42095,0.51531
7506,3.42096,0.51539
7507,3.42096,0.51548
7508,3.42097,0.51556
7509,3.42097,0.51564
7510,3.42098,0.51572
7511,3.42098,0.5158
7512,3.42099,0.51588
7513,3.421,0.51597
7514,3.421,0.51605
7515,3.42101,0.51613
7516,3.42101,0.51621
7517,3.42102,0.51629
7518,3.42102,0.51637
7519,3.42103,0.51646
7520,3.42104,0.51654
7521,3.42104,0.51662
7522,3.42105,0.5167
7523,3.42105,0.51678
7524,3.42106,0.51687
7525,3.42106,0.51695
7526,3.42107,0.51703
7527,3.42108,0.51711
7528,3.42108,0.51719
7529,3.42109,0.51727
7530,3.42109,0.51736
7531,3.4211,0.51744
7532,3.4211,0.51752
7533,3.42111,0.5176
7534,3.42112,0.51768
7535,3.42112,0.51776
7536,3.42113,0.51785
7537,3.42113,0.51793
7538,3.42114,0.51801
7539,3.42115,0.51809
7540,3.42115,0.51817
7541,3.42116,0.51825
7542,3.42116,0.51834
7543,3.42117,0.51842
7544,3.42118,0.5185
7545,3.42118,0.51858
7546,3.42119,0.51866
7547,3.42119,0.51874
7548,3.4212,0.51883
7549,3.4212,0.51891
7550,3.42121,0.51899
7551,3.42122,0.51907
7552,3.42122,0.51915
7553,3.42123,0.51923
7554,3.42123,0.51932
7555,3.42124,0.5194
7556,3.42125,0.51948
7557,3.42125,0.51956
7558,3.42126,0.51964
7559,3.42126,0.51972
7560,3.42127,0.51981
7561,3.42128,0.51989
7562,3.42128,0.51997
7563,3.42129,0.52005
7564,3.42129,0.52013
7565,3.4213,0.52021
7566,3.42131,0.5203
7567,3.42131,0.52038
7568,3.42132,0.52046
7569,3.42132,0.52054
7570,3.42133,0.52062
7571,3.42134,0.5207
7572,3.42134,0.52079
7573,3.42135,0.52087
7574,3.42135,0.52095
7575,3.42136,0.52103
7576,3.42137,0.52111
7577,3.42137,0.52119
7578,3.42138,0.52127
7579,3.42138,0.52136
7580,3.42139,0.52144
7581,3.4214,0.52152
7582,3.4214,0.5216
7583,3.42141,0.52168
7584,3.42141,0.52176
7585,3.42142,0.52185
7586,3.42143,0.52193
7587,3.42143,0.52201
7588,3.42144,0.52209
7589,3.42144,0.52217
7590,3.42145,0.52225
7591,3.42146,0.52234
7592,3.42146,0.52242
7593,3.42147,0.5225
7594,3.42147,0.52258
7595,3.42148,0.52266
7596,3.42149,0.52274
7597,3.42149,0.52283
7598,3.4215,0.52291
7599,3.4215,0.52299
7600,3.42151,0.52307
7601,3.42152,0.52315
7602,3.42152,0.52323
7603,3.42153,0.52331
7604,3.42153,0.5234
7605,3.42154,0.52348
7606,3.42155,0.52356
7607,3.42155,0.52364
7608,3.42156,0.52372
7609,3.42156,0.5238
7610,3.42157,0.52388
7611,3.42158,0.52397
7612,3.42158,0.52405
7613,3.42159,0.52413
7614,3.4216,0.52421
7615,3.4216,0.52429
7616,3.42161,0.52437
7617,3.42161,0.52446
7618,3.42162,0.52454
7619,3.42163,0.52462
7620,3.42163,0.5247
7621,3.42164,0.52478
7622,3.42164,0.52486
7623,3.42165,0.52495
7624,3.42166,0.52503
7625,3.42166,0.52511
7626,3.42167,0.52519
7627,3.42168,0.52527
7628,3.42168,0.52535
7629,3.42169,0.52543
7630,3.42169,0.52552
7631,3.4217,0.5256
7632,3.42171,0.52568
7633,3.42171,0.52576
7634,3.42172,0.52584
7635,3.42172,0.52592
7636,3.42173,0.526
7637,3.42174,0.52609
7638,3.42174,0.52617
7639,3.42175,0.52625
7640,3.42176,0.52633
7641,3.42176,0.52641
7642,3.42177,0.52649
7643,3.42177,0.52658
7644,3.42178,0.52666
7645,3.42179,0.52674
7646,3.42179,0.52682
7647,3.4218,0.5269
7648,3.42181,0.52698
7649,3.42181,0.52706
7650,3.42182,0.52714
7651,3.42182,0.52723
7652,3.42183,0.52731
7653,3.42184,0.52739
7654,3.42184,0.52747
7655,3.42185,0.52755
7656,3.42186,0.52763
7657,3.42186,0.52772
7658,3.42187,0.5278
7659,3.42187,0.52788
7660,3.42188,0.52796
7661,3.42189,0.52804
7662,3.42189,0.52812
7663,3.4219,0.5282
7664,3.42191,0.52829
7665,3.42191,0.52837
7666,3.42192,0.52845
7667,3.42193,0.52853
7668,3.42193,0.52861
7669,3.42194,0.52869
7670,3.42195,0.52877
7671,3.42195,0.52886
7672,3.42196,0.52894
7673,3.42196,0.52902
7674,3.42197,0.5291
7675,3.42198,0.52918
7676,3.42198,0.52926
7677,3.42199,0.52934
7678,3.422,0.52943
7679,3.422,0.52951
7680,3.42201,0.52959
7681,3.42202,0.52967
7682,3.42202,0.52975
7683,3.42203,0.52983
7684,3.42203,0.52991
7685,3.42204,0.52999
7686,3.42205,0.53008
7687,3.42205,0.53016
7688,3.42206,0.53024
7689,3.42207,0.53032
7690,3.42207,0.5304
7691,3.42208,0.53048
7692,3.42209,0.53056
7693,3.42209,0.53065
7694,3.4221,0.53073
7695,3.42211,0.53081
7696,3.42211,0.53089
7697,3.42212,0.53097
7698,3.42212,0.53105
7699,3.42213,0.53113
7700,3.42214,0.53122
7701,3.42214,0.5313
7702,3.42215,0.53138
7703,3.42216,0.53146
7704,3.42216,0.53154
7705,3.42217,0.53162
7706,3.42218,0.5317
7707,3.42218,0.53179
7708,3.42219,0.53187
7709,3.4222,0.53195
7710,3.4222,0.53203
7711,3.42221,0.53211
7712,3.42222,0.53219
7713,3.42222,0.53227
7714,3.42223,0.53236
7715,3.42223,0.53244
7716,3.42224,0.53252
7717,3.42225,0.5326
7718,3.42225,0.53268
7719,3.42226,0.53276
7720,3.42227,0.53284
7721,3.42227,0.53292
7722,3.42228,0.53301
7723,3.42229,0.53309
7724,3.42229,0.53317
7725,3.4223,0.53325
7726,3.42231,0.53333
7727,3.42231,0.53341
7728,3.42232,0.53349
7729,3.42233,0.53357
7730,3.42233,0.53366
7731,3.42234,0.53374
7732,3.42235,0.53382
7733,3.42235,0.5339
7734,3.42236,0.53398
7735,3.42237,0.53406
7736,3.42237,0.53414
7737,3.42238,0.53423
7738,3.42239,0.53431
7739,3.42239,0.53439
7740,3.4224,0.53447
7741,3.42241,0.53455
7742,3.42241,0.53463
7743,3.42242,0.53471
7744,3.42243,0.53479
7745,3.42243,0.53488
7746,3.42244,0.53496
7747,3.42245,0.53504
7748,3.42245,0.53512
7749,3.42246,0.5352
7750,3.42246,0.53528
7751,3.42247,0.53536
7752,3.42248,0.53544
7753,3.42249,0.53553
7754,3.42249,0.53561
7755,3.4225,0.53569
7756,3.42251,0.53577
7757,3.42251,0.53585
7758,3.42252,0.53593
7759,3.42253,0.53601
7760,3.42253,0.53609
7761,3.42254,0.53618
7762,3.42255,0.53626
7763,3.42255,0.53634
7764,3.42256,0.53642
7765,3.42257,0.5365
7766,3.42257,0.53658
7767,3.42258,0.53666
7768,3.42259,0.53674
7769,3.42259,0.53683
7770,3.4226,0.53691
7771,3.42261,0.53699
7772,3.42261,0.53707
7773,3.42262,0.53715
7774,3.42263,0.53723
7775,3.42263,0.53731
7776,3.42264,0.53739
7777,3.42265,0.53748
7778,3.42265,0.53756
7779,3.42266,0.53764
7780,3.42267,0.53772
7781,3.42267,0.5378
7782,3.42268,0.53788
7783,3.42269,0.53796
7784,3.42269,0.53804
7785,3.4227,0.53812
7786,3.42271,0.53821
7787,3.42271,0.53829
7788,3.42272,0.53837
7789,3.42273,0.53845
7790,3.42273,0.53853
7791,3.42274,0.53861
7792,3.42275,0.53869
7793,3.42276,0.53877
7794,3.42276,0.53886
7795,3.42277,0.53894
7796,3.42278,0.53902
7797,3.42278,0.5391
7798,3.42279,0.53918
7799,3.4228,0.53926
7800,3.4228,0.53934
7801,3.42281,0.53942
7802,3.42282,0.53951
7803,3.42282,0.53959
7804,3.42283,0.53967
7805,3.42284,0.53975
7806,3.42284,0.53983
7807,3.42285,0.53991
7808,3.42286,0.53999
7809,3.42287,0.54007
7810,3.42287,0.54015
7811,3.42288,0.54024
7812,3.42289,0.54032
7813,3.42289,0.5404
7814,3.4229,0.54048
7815,3.42291,0.54056
7816,3.42291,0.54064
7817,3.42292,0.54072
7818,3.42293,0.5408
7819,3.42293,0.54088
7820,3.42294,0.54097
7821,3.42295,0.54105
7822,3.42295,0.54113
7823,3.42296,0.54121
7824,3.42297,0.54129
7825,3.42298,0.54137
7826,3.42298,0.54145
7827,3.42299,0.54153
7828,3.423,0.54161
7829,3.423,0.5417
7830,3.42301,0.54178
7831,3.42302,0.54186
7832,3.42302,0.54194
7833,3.42303,0.54202
7834,3.42304,0.5421
7835,3.42305,0.54218
7836,3.42305,0.54226
7837,3.42306,0.54234
7838,3.42307,0.54243
7839,3.42307,0.54251
7840,3.42308,0.54259
7841,3.42309,0.54267
7842,3.42309,0.54275
7843,3.4231,0.54283
7844,3.42311,0.54291
7845,3.42312,0.54299
7846,3.42312,0.54307
7847,3.42313,0.54316
7848,3.42314,0.54324
7849,3.42314,0.54332
7850,3.42315,0.5434
7851,3.42316,0.54348
7852,3.42316,0.54356
7853,3.42317,0.54364
7854,3.42318,0.54372
7855,3.42319,0.5438
7856,3.42319,0.54389
7857,3.4232,0.54397
7858,3.42321,0.54405
7859,3.42321,0.54413
7860,3.42322,0.54421
7861,3.42323,0.54429
7862,3.42323,0.54437
7863,3.42324,0.54445
7864,3.42325,0.54453
7865,3.42326,0.54461
7866,3.42326,0.5447
7867,3.42327,0.54478
7868,3.42328,0.54486
7869,3.42328,0.54494
7870,3.42329,0.54502
7871,3.4233,0.5451
7872,3.42331,0.54518
7873,3.42331,0.54526
7874,3.42332,0.54534
7875,3.42333,0.54543
7876,3.42333,0.54551
7877,3.42334,0.54559
7878,3.42335,0.54567
7879,3.42335,0.54575
7880,3.42336,0.54583
7881,3.42337,0.54591
7882,3.42338,0.54599
7883,3.42338,0.54607
7884,3.42339,0.54615
7885,3.4234,0.54624
7886,3.42341,0.54632
7887,3.42341,0.5464
7888,3.42342,0.54648
7889,3.42343,0.54656
7890,3.42343,0.54664
7891,3.42344,0.54672
7892,3.42345,0.5468
7893,3.42346,0.54688
7894,3.42346,0.54696
7895,3.42347,0.54705
7896,3.42348,0.54713
7897,3.42348,0.54721
7898,3.42349,0.54729
7899,3.4235,0.54737
7900,3.42351,0.54745
7901,3.42351,0.54753
7902,3.42352,0.54761
7903,3.42353,0.54769
7904,3.42353,0.54777
7905,3.42354,0.54785
7906,3.42355,0.54794
7907,3.42356,0.54802
7908,3.42356,0.5481
7909,3.42357,0.54818
7910,3.42358,0.54826
7911,3.42359,0.54834
7912,3.42359,0.54842
7913,3.4236,0.5485
7914,3.42361,0.54858
7915,3.42361,0.54866
7916,3.42362,0.54875
7917,3.42363,0.54883
7918,3.42364,0.54891
7919,3.42364,0.54899
7920,3.42365,0.54907
7921,3.42366,0.54915
7922,3.42367,0.54923
7923,3.42367,0.54931
7924,3.42368,0.54939
7925,3.42369,0.54947
7926,3.42369,0.54955
7927,3.4237,0.54964
7928,3.42371,0.54972
7929,3.42372,0.5498
7930,3.42372,0.54988
7931,3.42373,0.54996
7932,3.42374,0.55004
7933,3.42375,0.55012
7934,3.42375,0.5502
7935,3.42376,0.55028
7936,3.42377,0.55036
7937,3.42377,0.55044
7938,3.42378,0.55053
7939,3.42379,0.55061
7940,3.4238,0.55069
7941,3.4238,0.55077
7942,3.42381,0.55085
7943,3.42382,0.55093
7944,3.42383,0.55101
7945,3.42383,0.55109
7946,3.42384,0.55117
7947,3.42385,0.55125
7948,3.42386,0.55133
7949,3.42386,0.55142
7950,3.42387,0.5515
7951,3.42388,0.55158
7952,3.42389,0.55166
7953,3.42389,0.55174
7954,3.4239,0.55182
7955,3.42391,0.5519
7956,3.42391,0.55198
7957,3.42392,0.55206
7958,3.42393,0.55214
7959,3.42394,0.55222
7960,3.42394,0.55231
7961,3.42395,0.55239
7962,3.42396,0.55247
7963,3.42397,0.55255
7964,3.42397,0.55263
7965,3.42398,0.55271
7966,3.42399,0.55279
7967,3.424,0.55287
7968,3.424,0.55295
7969,3.42401,0.55303
7970,3.42402,0.55311
7971,3.42403,0.55319
7972,3.42403,0.55327
7973,3.42404,0.55336
7974,3.42405,0.55344
7975,3.42406,0.55352
7976,3.42406,0.5536
7977,3.42407,0.55368
7978,3.42408,0.55376
7979,3.42409,0.55384
7980,3.42409,0.55392
7981,3.4241,0.554
7982,3.42411,0.55408
7983,3.42412,0.55416
7984,3.42412,0.55425
7985,3.42413,0.55433
7986,3.42414,0.55441
7987,3.42415,0.55449
7988,3.42415,0.55457
7989,3.42416,0.55465
7990,3.42417,0.55473
7991,3.42418,0.55481
7992,3.42418,0.55489
7993,3.42419,0.55497
7994,3.4242,0.55505
7995,3.42421,0.55513
7996,3.42421,0.55521
7997,3.42422,0.5553
7998,3.42423,0.55538
7999,3.42424,0.55546
8000,3.42424,0.55554
8000,3.42425,0.55562
8002,3.42426,0.5557
8003,3.42427,0.55578
8004,3.42427,0.55586
8005,3.42428,0.55594
8006,3.42429,0.55602
8007,3.4243,0.5561
8007,3.4243,0.55618
8009,3.42431,0.55627
8010,3.42432,0.55635
8010,3.42433,0.55643
8012,3.42434,0.55651
8013,3.42434,0.55659
8013,3.42435,0.55667
8015,3.42436,0.55675
8016,3.42437,0.55683
8016,3.42437,0.55691
8018,3.42438,0.55699
8019,3.42439,0.55707
8020,3.4244,0.55715
8021,3.4244,0.55723
8022,3.42441,0.55731
8023,3.42442,0.5574
8023,3.42443,0.55748
8025,3.42443,0.55756
8026,3.42444,0.55764
8026,3.42445,0.55772
8028,3.42446,0.5578
8029,3.42447,0.55788
8029,3.42447,0.55796
8031,3.42448,0.55804
8032,3.42449,0.55812
8032,3.4245,0.5582
8034,3.4245,0.55828
8035,3.42451,0.55836
8036,3.42452,0.55844
8037,3.42453,0.55853
8038,3.42453,0.55861
8039,3.42454,0.55869
8039,3.42455,0.55877
8041,3.42456,0.55885
8042,3.42456,0.55893
8042,3.42457,0.55901
8044,3.42458,0.55909
8045,3.42459,0.55917
8045,3.4246,0.55925
8047,3.4246,0.55933
8048,3.42461,0.55941
8048,3.42462,0.55949
8050,3.42463,0.55957
8051,3.42463,0.55965
8052,3.42464,0.55974
8053,3.42465,0.55982
8054,3.42466,0.5599
8055,3.42467,0.55998
8055,3.42467,0.56006
8057,3.42468,0.56014
8058,3.42469,0.56022
8058,3.4247,0.5603
8060,3.4247,0.56038
8061,3.42471,0.56046
8061,3.42472,0.56054
8063,3.42473,0.56062
8064,3.42474,0.5607
8064,3.42474,0.56078
8066,3.42475,0.56087
8067,3.42476,0.56095
8068,3.42477,0.56103
8069,3.42477,0.56111
8070,3.42478,0.56119
8071,3.42479,0.56127
8071,3.4248,0.56135
8073,3.42481,0.56143
8074,3.42481,0.56151
8074,3.42482,0.56159
8076,3.42483,0.56167
8077,3.42484,0.56175
8077,3.42484,0.56183
8079,3.42485,0.56191
8080,3.42486,0.56199
8080,3.42487,0.56207
8082,3.42488,0.56216
8083,3.42488,0.56224
8084,3.42489,0.56232
8085,3.4249,0.5624
8086,3.42491,0.56248
8087,3.42492,0.56256
8087,3.42492,0.56264
8089,3.42493,0.56272
8090,3.42494,0.5628
8090,3.42495,0.56288
8092,3.42495,0.56296
8093,3.42496,0.56304
8093,3.42497,0.56312
8095,3.42498,0.5632
8096,3.42499,0.56328
8096,3.42499,0.56336
8098,3.425,0.56344
8099,3.42501,0.56353
8100,3.42502,0.56361
8101,3.42503,0.56369
8102,3.42503,0.56377
8103,3.42504,0.56385
8103,3.42505,0.56393
8105,3.42506,0.56401
8106,3.42507,0.56409
8106,3.42507,0.56417
8108,3.42508,0.56425
8109,3.42509,0.56433
8109,3.4251,0.56441
8111,3.4251,0.56449
8112,3.42511,0.56457
8113,3.42512,0.56465
8114,3.42513,0.56473
8115,3.42514,0.56482
8116,3.42514,0.5649
8117,3.42515,0.56498
8118,3.42516,0.56506
8119,3.42517,0.56514
8119,3.42518,0.56522
8121,3.42518,0.5653
8122,3.42519,0.56538
8122,3.4252,0.56546
8124,3.42521,0.56554
8125,3.42522,0.56562
8125,3.42522,0.5657
8127,3.42523,0.56578
8128,3.42524,0.56586
8129,3.42525,0.56594
8130,3.42526,0.56602
8131,3.42526,0.5661
8132,3.42527,0.56618
8132,3.42528,0.56626
8134,3.42529,0.56634
8135,3.4253,0.56643
8135,3.4253,0.56651
8137,3.42531,0.56659
8138,3.42532,0.56667
8138,3.42533,0.56675
8140,3.42534,0.56683
8141,3.42534,0.56691
8141,3.42535,0.56699
8143,3.42536,0.56707
8144,3.42537,0.56715
8145,3.42538,0.56723
8146,3.42538,0.56731
8147,3.42539,0.56739
8148,3.4254,0.56747
8148,3.42541,0.56755
8150,3.42542,0.56763
8151,3.42543,0.56771
8151,3.42543,0.56779
8153,3.42544,0.56788
8154,3.42545,0.56796
8154,3.42546,0.56804
8156,3.42547,0.56812
8157,3.42547,0.5682
8157,3.42548,0.56828
8159,3.42549,0.56836
8160,3.4255,0.56844
8161,3.42551,0.56852
8162,3.42551,0.5686
8163,3.42552,0.56868
8164,3.42553,0.56876
8164,3.42554,0.56884
8166,3.42555,0.56892
8167,3.42555,0.569
8167,3.42556,0.56908
8169,3.42557,0.56916
8170,3.42558,0.56924
8170,3.42559,0.56932
8172,3.4256,0.5694
8173,3.4256,0.56948
8173,3.42561,0.56956
8175,3.42562,0.56964
8176,3.42563,0.56973
8177,3.42564,0.56981
8178,3.42564,0.56989
8179,3.42565,0.56997
8180,3.42566,0.57005
8180,3.42567,0.57013
8182,3.42568,0.57021
8183,3.42569,0.57029
8183,3.42569,0.57037
8185,3.4257,0.57045
8186,3.42571,0.57053
8186,3.42572,0.57061
8188,3.42573,0.57069
8189,3.42573,0.57077
8189,3.42574,0.57085
8191,3.42575,0.57093
8192,3.42576,0.57101
8193,3.42577,0.57109
8194,3.42578,0.57117
8195,3.42578,0.57125
8196,3.42579,0.57133
8197,3.4258,0.57141
8198,3.42581,0.5715
8199,3.42582,0.57158
8200,3.42583,0.57166
8201,3.42583,0.57174
8202,3.42584,0.57182
8203,3.42585,0.5719
8204,3.42586,0.57198
8205,3.42587,0.57206
8206,3.42587,0.57214
8207,3.42588,0.57222
8208,3.42589,0.5723
8209,3.4259,0.57238
8210,3.42591,0.57246
8211,3.42592,0.57254
8212,3.42592,0.57262
8213,3.42593,0.5727
8214,3.42594,0.57278
8215,3.42595,0.57286
8216,3.42596,0.57294
8217,3.42597,0.57302
8218,3.42597,0.5731
8219,3.42598,0.57318
8220,3.42599,0.57326
8221,3.426,0.57334
8222,3.42601,0.57342
8223,3.42601,0.5735
8224,3.42602,0.57359
8225,3.42603,0.57367
8226,3.42604,0.57375
8227,3.42605,0.57383
8228,3.42606,0.57391
8229,3.42606,0.57399
8230,3.42607,0.57407
8231,3.42608,0.57415
8232,3.42609,0.57423
8233,3.4261,0.57431
8234,3.42611,0.57439
8235,3.42612,0.57447
8236,3.42612,0.57455
8237,3.42613,0.57463
8238,3.42614,0.57471
8239,3.42615,0.57479
8240,3.42616,0.57487
8241,3.42617,0.57495
8242,3.42617,0.57503
8243,3.42618,0.57511
8244,3.42619,0.57519
8245,3.4262,0.57527
8246,3.42621,0.57535
8247,3.42622,0.57543
8248,3.42622,0.57551
8249,3.42623,0.57559
8250,3.42624,0.57567
8251,3.42625,0.57575
8252,3.42626,0.57583
8253,3.42627,0.57591
8254,3.42627,0.57599
8255,3.42628,0.57608
8256,3.42629,0.57616
8257,3.4263,0.57624
8258,3.42631,0.57632
8259,3.42632,0.5764
8260,3.42632,0.57648
8261,3.42633,0.57656
8262,3.42634,0.57664
8263,3.42635,0.57672
8264,3.42636,0.5768
8265,3.42637,0.57688
8266,3.42638,0.57696
8267,3.42638,0.57704
8268,3.42639,0.57712
8269,3.4264,0.5772
8270,3.42641,0.57728
8271,3.42642,0.57736
8272,3.42643,0.57744
8273,3.42643,0.57752
8274,3.42644,0.5776
8275,3.42645,0.57768
8276,3.42646,0.57776
8277,3.42647,0.57784
8278,3.42648,0.57792
8279,3.42649,0.578
8280,3.42649,0.57808
8281,3.4265,0.57816
8282,3.42651,0.57824
8283,3.42652,0.57832
8284,3.42653,0.5784
8285,3.42654,0.57848
8286,3.42655,0.57856
8287,3.42655,0.57864
8288,3.42656,0.57872
8289,3.42657,0.5788
8290,3.42658,0.57888
8291,3.42659,0.57896
8292,3.4266,0.57904
8293,3.4266,0.57912
8294,3.42661,0.5792
8295,3.42662,0.57929
8296,3.42663,0.57937
8297,3.42664,0.57945
8298,3.42665,0.57953
8299,3.42666,0.57961
8300,3.42666,0.57969
8301,3.42667,0.57977
8302,3.42668,0.57985
8303,3.42669,0.57993
8304,3.4267,0.58001
8305,3.42671,0.58009
8306,3.42672,0.58017
8307,3.42673,0.58025
8308,3.42673,0.58033
8309,3.42674,0.58041
8310,3.42675,0.58049
8311,3.42676,0.58057
8312,3.42677,0.58065
8313,3.42678,0.58073
8314,3.42679,0.58081
8315,3.42679,0.58089
8316,3.4268,0.58097
8317,3.42681,0.58105
8318,3.42682,0.58113
8319,3.42683,0.58121
8320,3.42684,0.58129
8321,3.42685,0.58137
8322,3.42685,0.58145
8323,3.42686,0.58153
8324,3.42687,0.58161
8325,3.42688,0.58169
8326,3.42689,0.58177
8327,3.4269,0.58185
8328,3.42691,0.58193
8329,3.42691,0.58201
8330,3.42692,0.58209
8331,3.42693,0.58217
8332,3.42694,0.58225
8333,3.42695,0.58233
8334,3.42696,0.58241
8335,3.42697,0.58249
8336,3.42698,0.58257
8337,3.42698,0.58265
8338,3.42699,0.58273
8339,3.427,0.58281
8340,3.42701,0.58289
8341,3.42702,0.58297
8342,3.42703,0.58305
8343,3.42704,0.58313
8344,3.42704,0.58321
8345,3.42705,0.58329
8346,3.42706,0.58337
8347,3.42707,0.58345
8348,3.42708,0.58353
8349,3.42709,0.58361
8350,3.4271,0.58369
8351,3.42711,0.58378
8352,3.42711,0.58386
8353,3.42712,0.58394
8354,3.42713,0.58402
8355,3.42714,0.5841
8356,3.42715,0.58418
8357,3.42716,0.58426
8358,3.42717,0.58434
8359,3.42718,0.58442
8360,3.42718,0.5845
8361,3.42719,0.58458
8362,3.4272,0.58466
8363,3.42721,0.58474
8364,3.42722,0.58482
8365,3.42723,0.5849
8366,3.42724,0.58498
8367,3.42725,0.58506
8368,3.42725,0.58514
8369,3.42726,0.58522
8370,3.42727,0.5853
8371,3.42728,0.58538
8372,3.42729,0.58546
8373,3.4273,0.58554
8374,3.42731,0.58562
8375,3.42732,0.5857
8376,3.42732,0.58578
8377,3.42733,0.58586
8378,3.42734,0.58594
8379,3.42735,0.58602
8380,3.42736,0.5861
8381,3.42737,0.58618
8382,3.42738,0.58626
8383,3.42739,0.58634
8384,3.4274,0.58642
8385,3.4274,0.5865
8386,3.42741,0.58658
8387,3.42742,0.58666
8388,3.42743,0.58674
8389,3.42744,0.58682
8390,3.42745,0.5869
8391,3.42746,0.58698
8392,3.42747,0.58706
8393,3.42748,0.58714
8394,3.42748,0.58722
8395,3.42749,0.5873
8396,3.4275,0.58738
8397,3.42751,0.58746
8398,3.42752,0.58754
8399,3.42753,0.58762
8400,3.42754,0.5877
8401,3.42755,0.58778
8402,3.42755,0.58786
8403,3.42756,0.58794
8404,3.42757,0.58802
8405,3.42758,0.5881
8406,3.42759,0.58818
8407,3.4276,0.58826
8408,3.42761,0.58834
8409,3.42762,0.58842
8410,3.42763,0.5885
8411,3.42763,0.58858
8412,3.42764,0.58866
8413,3.42765,0.58874
8414,3.42766,0.58882
8415,3.42767,0.5889
8416,3.42768,0.58898
8417,3.42769,0.58906
8418,3.4277,0.58914
8419,3.42771,0.58922
8420,3.42772,0.5893
8421,3.42772,0.58938
8422,3.42773,0.58946
8423,3.42774,0.58954
8424,3.42775,0.58962
8425,3.42776,0.5897
8426,3.42777,0.58978
8427,3.42778,0.58986
8428,3.42779,0.58994
8429,3.4278,0.59002
8430,3.42781,0.5901
8431,3.42781,0.59018
8432,3.42782,0.59026
8433,3.42783,0.59034
8434,3.42784,0.59042
8435,3.42785,0.5905
8436,3.42786,0.59058
8437,3.42787,0.59066
8438,3.42788,0.59074
8439,3.42789,0.59082
8440,3.42789,0.5909
8441,3.4279,0.59098
8442,3.42791,0.59106
8443,3.42792,0.59114
8444,3.42793,0.59122
8445,3.42794,0.5913
8446,3.42795,0.59138
8447,3.42796,0.59146
8448,3.42797,0.59154
8449,3.42798,0.59162
8450,3.42799,0.5917
8451,3.42799,0.59178
8452,3.428,0.59186
8453,3.42801,0.59194
8454,3.42802,0.59202
8455,3.42803,0.5921
8456,3.42804,0.59218
8457,3.42805,0.59226
8458,3.42806,0.59234
8459,3.42807,0.59242
8460,3.42808,0.5925
8461,3.42808,0.59258
8462,3.42809,0.59266
8463,3.4281,0.59274
8464,3.42811,0.59282
8465,3.42812,0.5929
8466,3.42813,0.59298
8467,3.42814,0.59306
8468,3.42815,0.59314
8469,3.42816,0.59322
8470,3.42817,0.5933
8471,3.42818,0.59337
8472,3.42818,0.59345
8473,3.42819,0.59353
8474,3.4282,0.59361
8475,3.42821,0.59369
8476,3.42822,0.59377
8477,3.42823,0.59385
8478,3.42824,0.59393
8479,3.42825,0.59401
8480,3.42826,0.59409
8481,3.42827,0.59417
8482,3.42828,0.59425
8483,3.42828,0.59433
8484,3.42829,0.59441
8485,3.4283,0.59449
8486,3.42831,0.59457
8487,3.42832,0.59465
8488,3.42833,0.59473
8489,3.42834,0.59481
8490,3.42835,0.59489
8491,3.42836,0.59497
8492,3.42837,0.59505
8493,3.42838,0.59513
8494,3.42839,0.59521
8495,3.4284,0.59529
8496,3.4284,0.59537
8497,3.42841,0.59545
8498,3.42842,0.59553
8499,3.42843,0.59561
8500,3.42844,0.59569
8501,3.42845,0.59577
8502,3.42846,0.59585
8503,3.42847,0.59593
8504,3.42848,0.59601
8505,3.42849,0.59609
8506,3.4285,0.59617
8507,3.42851,0.59625
8508,3.42851,0.59633
8509,3.42852,0.59641
8510,3.42853,0.59649
8511,3.42854,0.59657
8512,3.42855,0.59665
8513,3.42856,0.59673
8514,3.42857,0.59681
8515,3.42858,0.59689
8516,3.42859,0.59697
8517,3.4286,0.59705
8518,3.42861,0.59713
8519,3.42862,0.59721
8520,3.42862,0.59729
8521,3.42863,0.59737
8522,3.42864,0.59745
8523,3.42865,0.59753
8524,3.42866,0.59761
8525,3.42867,0.59769
8526,3.42868,0.59777
8527,3.42869,0.59785
8528,3.4287,0.59793
8529,3.42871,0.59801
8530,3.42872,0.59808
8531,3.42873,0.59816
8532,3.42874,0.59824
8533,3.42874,0.59832
8534,3.42875,0.5984
8535,3.42876,0.59848
8536,3.42877,0.59856
8537,3.42878,0.59864
8538,3.42879,0.59872
8539,3.4288,0.5988
8540,3.42881,0.59888
8541,3.42882,0.59896
8542,3.42883,0.59904
8543,3.42884,0.59912
8544,3.42885,0.5992
8545,3.42886,0.59928
8546,3.42887,0.59936
8547,3.42888,0.59944
8548,3.42889,0.59952
8549,3.42889,0.5996
8550,3.4289,0.59968
8551,3.42891,0.59976
8552,3.42892,0.59984
8553,3.42893,0.59992
8554,3.42894,0.6
8555,3.42895,0.60008
8556,3.42896,0.60016
8557,3.42897,0.60024
8558,3.42898,0.60032
8559,3.42899,0.6004
8560,3.429,0.60048
8561,3.42901,0.60056
8562,3.42902,0.60064
8563,3.42903,0.60072
8564,3.42903,0.6008
8565,3.42904,0.60088
8566,3.42905,0.60096
8567,3.42906,0.60104
8568,3.42907,0.60112
8569,3.42908,0.6012
8570,3.42909,0.60128
8571,3.4291,0.60135
8572,3.42911,0.60143
8573,3.42912,0.60151
8574,3.42913,0.60159
8575,3.42914,0.60167
8576,3.42915,0.60175
8577,3.42916,0.60183
8578,3.42917,0.60191
8579,3.42918,0.60199
8580,3.42918,0.60207
8581,3.42919,0.60215
8582,3.4292,0.60223
8583,3.42921,0.60231
8584,3.42922,0.60239
8585,3.42923,0.60247
8586,3.42924,0.60255
8587,3.42925,0.60263
8588,3.42926,0.60271
8589,3.42927,0.60279
8590,3.42928,0.60287
8591,3.42929,0.60295
8592,3.4293,0.60303
8593,3.42931,0.60311
8594,3.42932,0.60319
8595,3.42933,0.60327
8596,3.42934,0.60335
8597,3.42935,0.60343
8598,3.42936,0.60351
8599,3.42936,0.60359
8600,3.42937,0.60367
8601,3.42938,0.60374
8602,3.42939,0.60382
8603,3.4294,0.6039
8604,3.42941,0.60398
8605,3.42942,0.60406
8606,3.42943,0.60414
8607,3.42944,0.60422
8608,3.42945,0.6043
8609,3.42946,0.60438
8610,3.42947,0.60446
8611,3.42948,0.60454
8612,3.42949,0.60462
8613,3.4295,0.6047
8614,3.42951,0.60478
8615,3.42952,0.60486
8616,3.42953,0.60494
8617,3.42954,0.60502
8618,3.42955,0.6051
8619,3.42956,0.60518
8620,3.42957,0.60526
8621,3.42957,0.60534
8622,3.42958,0.60542
8623,3.42959,0.6055
8624,3.4296,0.60558
8625,3.42961,0.60566
8626,3.42962,0.60574
8627,3.42963,0.60582
8628,3.42964,0.60589
8629,3.42965,0.60597
8630,3.42966,0.60605
8631,3.42967,0.60613
8632,3.42968,0.60621
8633,3.42969,0.60629
8634,3.4297,0.60637
8635,3.42971,0.60645
8636,3.42972,0.60653
8637,3.42973,0.60661
8638,3.42974,0.60669
8639,3.42975,0.60677
8640,3.42976,0.60685
8641,3.42977,0.60693
8642,3.42978,0.60701
8643,3.42978,0.60709
8644,3.42979,0.60717
8645,3.4298,0.60725
8646,3.42981,0.60733
8647,3.42982,0.60741
8648,3.42983,0.60749
8649,3.42984,0.60757
8650,3.42985,0.60765
8651,3.42986,0.60773
8652,3.42987,0.60781
8653,3.42988,0.60788
8654,3.42989,0.60796
8655,3.4299,0.60804
8656,3.42991,0.60812
8657,3.42992,0.6082
8658,3.42993,0.60828
8659,3.42994,0.60836
8660,3.42995,0.60844
8661,3.42996,0.60852
8662,3.42997,0.6086
8663,3.42998,0.60868
8664,3.42999,0.60876
8665,3.43,0.60884
8666,3.43001,0.60892
8667,3.43002,0.609
8668,3.43003,0.60908
8669,3.43004,0.60916
8670,3.43005,0.60924
8671,3.43006,0.60932
8672,3.43007,0.6094
8673,3.43008,0.60947
8674,3.43008,0.60955
8675,3.43009,0.60963
8676,3.4301,0.60971
8677,3.43011,0.60979
8678,3.43012,0.60987
8679,3.43013,0.60995
8680,3.43014,0.61003
8681,3.43015,0.61011
8682,3.43016,0.61019
8683,3.43017,0.61027
8684,3.43018,0.61035
8685,3.43019,0.61043
8686,3.4302,0.61051
8687,3.43021,0.61059
8688,3.43022,0.61067
8689,3.43023,0.61075
8690,3.43024,0.61083
8691,3.43025,0.61091
8692,3.43026,0.61099
8693,3.43027,0.61106
8694,3.43028,0.61114
8695,3.43029,0.61122
8696,3.4303,0.6113
8697,3.43031,0.61138
8698,3.43032,0.61146
8699,3.43033,0.61154
8700,3.43034,0.61162
8701,3.43035,0.6117
8702,3.43036,0.61178
8703,3.43037,0.61186
8704,3.43038,0.61194
8705,3.43039,0.61202
8706,3.4304,0.6121
8707,3.43041,0.61218
8708,3.43042,0.61226
8709,3.43043,0.61234
8710,3.43044,0.61242
8711,3.43045,0.6125
8712,3.43046,0.61257
8713,3.43047,0.61265
8714,3.43048,0.61273
8715,3.43049,0.61281
8716,3.43049,0.61289
8717,3.4305,0.61297
8718,3.43051,0.61305
8719,3.43052,0.61313
8720,3.43053,0.61321
8721,3.43054,0.61329
8722,3.43055,0.61337
8723,3.43056,0.61345
8724,3.43057,0.61353
8725,3.43058,0.61361
8726,3.43059,0.61369
8727,3.4306,0.61377
8728,3.43061,0.61385
8729,3.43062,0.61392
8730,3.43063,0.614
8731,3.43064,0.61408
8732,3.43065,0.61416
8733,3.43066,0.61424
8734,3.43067,0.61432
8735,3.43068,0.6144
8736,3.43069,0.61448
8737,3.4307,0.61456
8738,3.43071,0.61464
8739,3.43072,0.61472
8740,3.43073,0.6148
8741,3.43074,0.61488
8742,3.43075,0.61496
8743,3.43076,0.61504
8744,3.43077,0.61512
8745,3.43078,0.61519
8746,3.43079,0.61527
8747,3.4308,0.61535
8748,3.43081,0.61543
8749,3.43082,0.61551
8750,3.43083,0.61559
8751,3.43084,0.61567
8752,3.43085,0.61575
8753,3.43086,0.61583
8754,3.43087,0.61591
8755,3.43088,0.61599
8756,3.43089,0.61607
8757,3.4309,0.61615
8758,3.43091,0.61623
8759,3.43092,0.61631
8760,3.43093,0.61639
8761,3.43094,0.61647
8762,3.43095,0.61654
8763,3.43096,0.61662
8764,3.43097,0.6167
8765,3.43098,0.61678
8766,3.43099,0.61686
8767,3.431,0.61694
8768,3.43101,0.61702
8769,3.43102,0.6171
8770,3.43103,0.61718
8771,3.43104,0.61726
8772,3.43105,0.61734
8773,3.43106,0.61742
8774,3.43107,0.6175
8775,3.43108,0.61758
8776,3.43109,0.61766
8777,3.4311,0.61773
8778,3.43111,0.61781
8779,3.43112,0.61789
8780,3.43113,0.61797
8781,3.43114,0.61805
8782,3.43115,0.61813
8783,3.43116,0.61821
8784,3.43117,0.61829
8785,3.43118,0.61837
8786,3.43119,0.61845
8787,3.4312,0.61853
8788,3.43121,0.61861
8789,3.43122,0.61869
8790,3.43123,0.61877
8791,3.43124,0.61885
8792,3.43125,0.61892
8793,3.43126,0.619
8794,3.43127,0.61908
8795,3.43128,0.61916
8796,3.43129,0.61924
8797,3.4313,0.61932
8798,3.43131,0.6194
8799,3.43132,0.61948
8800,3.43133,0.61956
8801,3.43134,0.61964
8802,3.43135,0.61972
8803,3.43136,0.6198
8804,3.43137,0.61988
8805,3.43138,0.61996
8806,3.43139,0.62003
8807,3.4314,0.62011
8808,3.43141,0.62019
8809,3.43142,0.62027
8810,3.43143,0.62035
8811,3.43144,0.62043
8812,3.43145,0.62051
8813,3.43146,0.62059
8814,3.43147,0.62067
8815,3.43148,0.62075
8816,3.43149,0.62083
8817,3.4315,0.62091
8818,3.43151,0.62099
8819,3.43152,0.62106
8820,3.43153,0.62114
8821,3.43154,0.62122
8822,3.43155,0.6213
8823,3.43156,0.62138
8824,3.43157,0.62146
8825,3.43158,0.62154
8826,3.43159,0.62162
8827,3.4316,0.6217
8828,3.43161,0.62178
8829,3.43162,0.62186
8830,3.43163,0.62194
8831,3.43164,0.62202
8832,3.43165,0.6221
8833,3.43166,0.62217
8834,3.43167,0.62225
8835,3.43168,0.62233
8836,3.43169,0.62241
8837,3.4317,0.62249
8838,3.43171,0.62257
8839,3.43172,0.62265
8840,3.43174,0.62273
8841,3.43175,0.62281
8842,3.43176,0.62289
8843,3.43177,0.62297
8844,3.43178,0.62305
8845,3.43179,0.62312
8846,3.4318,0.6232
8847,3.43181,0.62328
8848,3.43182,0.62336
8849,3.43183,0.62344
8850,3.43184,0.62352
8851,3.43185,0.6236
8852,3.43186,0.62368
8853,3.43187,0.62376
8854,3.43188,0.62384
8855,3.43189,0.62392
8856,3.4319,0.624
8857,3.43191,0.62408
8858,3.43192,0.62415
8859,3.43193,0.62423
8860,3.43194,0.62431
8861,3.43195,0.62439
8862,3.43196,0.62447
8863,3.43197,0.62455
8864,3.43198,0.62463
8865,3.43199,0.62471
8866,3.432,0.62479
8867,3.43201,0.62487
8868,3.43202,0.62495
8869,3.43203,0.62502
8870,3.43204,0.6251
8871,3.43205,0.62518
8872,3.43206,0.62526
8873,3.43207,0.62534
8874,3.43208,0.62542
8875,3.43209,0.6255
8876,3.4321,0.62558
8877,3.43211,0.62566
8878,3.43212,0.62574
8879,3.43213,0.62582
8880,3.43214,0.6259
8881,3.43215,0.62598
8882,3.43216,0.62605
8883,3.43217,0.62613
8884,3.43219,0.62621
8885,3.4322,0.62629
8886,3.43221,0.62637
8887,3.43222,0.62645
8888,3.43223,0.62653
8889,3.43224,0.62661
8890,3.43225,0.62669
8891,3.43226,0.62677
8892,3.43227,0.62685
8893,3.43228,0.62692
8894,3.43229,0.627
8895,3.4323,0.62708
8896,3.43231,0.62716
8897,3.43232,0.62724
8898,3.43233,0.62732
8899,3.43234,0.6274
8900,3.43235,0.62748
8901,3.43236,0.62756
8902,3.43237,0.62764
8903,3.43238,0.62772
8904,3.43239,0.62779
8905,3.4324,0.62787
8906,3.43241,0.62795
8907,3.43242,0.62803
8908,3.43243,0.62811
8909,3.43244,0.62819
8910,3.43245,0.62827
8911,3.43246,0.62835
8912,3.43247,0.62843
8913,3.43249,0.62851
8914,3.4325,0.62859
8915,3.43251,0.62866
8916,3.43252,0.62874
8917,3.43253,0.62882
8918,3.43254,0.6289
8919,3.43255,0.62898
8920,3.43256,0.62906
8921,3.43257,0.62914
8922,3.43258,0.62922
8923,3.43259,0.6293
8924,3.4326,0.62938
8925,3.43261,0.62945
8926,3.43262,0.62953
8927,3.43263,0.62961
8928,3.43264,0.62969
8929,3.43265,0.62977
8930,3.43266,0.62985
8931,3.43267,0.62993
8932,3.43268,0.63001
8933,3.43269,0.63009
8934,3.4327,0.63017
8935,3.43271,0.63025
8936,3.43273,0.63032
8937,3.43274,0.6304
8938,3.43275,0.63048
8939,3.43276,0.63056
8940,3.43277,0.63064
8941,3.43278,0.63072
8942,3.43279,0.6308
8943,3.4328,0.63088
8944,3.43281,0.63096
8945,3.43282,0.63104
8946,3.43283,0.63111
8947,3.43284,0.63119
8948,3.43285,0.63127
8949,3.43286,0.63135
8950,3.43287,0.63143
8951,3.43288,0.63151
8952,3.43289,0.63159
8953,3.4329,0.63167
8954,3.43291,0.63175
8955,3.43292,0.63183
8956,3.43293,0.63191
8957,3.43294,0.63198
8958,3.43296,0.63206
8959,3.43297,0.63214
8960,3.43298,0.63222
8961,3.43299,0.6323
8962,3.433,0.63238
8963,3.43301,0.63246
8964,3.43302,0.63254
8965,3.43303,0.63262
8966,3.43304,0.6327
8967,3.43305,0.63277
8968,3.43306,0.63285
8969,3.43307,0.63293
8970,3.43308,0.63301
8971,3.43309,0.63309
8972,3.4331,0.63317
8973,3.43311,0.63325
8974,3.43312,0.63333
8975,3.43313,0.63341
8976,3.43314,0.63348
8977,3.43316,0.63356
8978,3.43317,0.63364
8979,3.43318,0.63372
8980,3.43319,0.6338
8981,3.4332,0.63388
8982,3.43321,0.63396
8983,3.43322,0.63404
8984,3.43323,0.63412
8985,3.43324,0.6342
8986,3.43325,0.63427
8987,3.43326,0.63435
8988,3.43327,0.63443
8989,3.43328,0.63451
8990,3.43329,0.63459
8991,3.4333,0.63467
8992,3.43331,0.63475
8993,3.43332,0.63483
8994,3.43334,0.63491
8995,3.43335,0.63498
8996,3.43336,0.63506
8997,3.43337,0.63514
8998,3.43338,0.63522
8999,3.43339,0.6353
9000,3.4334,0.63538
9001,3.43341,0.63546
9002,3.43342,0.63554
9003,3.43343,0.63562
9004,3.43344,0.6357
9005,3.43345,0.63577
9006,3.43346,0.63585
9007,3.43347,0.63593
9008,3.43348,0.63601
9009,3.43349,0.63609
9010,3.4335,0.63617
9011,3.43352,0.63625
9012,3.43353,0.63633
9013,3.43354,0.63641
9014,3.43355,0.63648
9015,3.43356,0.63656
9016,3.43357,0.63664
9017,3.43358,0.63672
9018,3.43359,0.6368
9019,3.4336,0.63688
9020,3.43361,0.63696
9021,3.43362,0.63704
9022,3.43363,0.63712
9023,3.43364,0.63719
9024,3.43365,0.63727
9025,3.43367,0.63735
9026,3.43368,0.63743
9027,3.43369,0.63751
9028,3.4337,0.63759
9029,3.43371,0.63767
9030,3.43372,0.63775
9031,3.43373,0.63782
9032,3.43374,0.6379
9033,3.43375,0.63798
9034,3.43376,0.63806
9035,3.43377,0.63814
9036,3.43378,0.63822
9037,3.43379,0.6383
9038,3.4338,0.63838
9039,3.43381,0.63846
9040,3.43383,0.63853
9041,3.43384,0.63861
9042,3.43385,0.63869
9043,3.43386,0.63877
9044,3.43387,0.63885
9045,3.43388,0.63893
9046,3.43389,0.63901
9047,3.4339,0.63909
9048,3.43391,0.63917
9049,3.43392,0.63924
9050,3.43393,0.63932
9051,3.43394,0.6394
9052,3.43395,0.63948
9053,3.43397,0.63956
9054,3.43398,0.63964
9055,3.43399,0.63972
9056,3.434,0.6398
9057,3.43401,0.63988
9058,3.43402,0.63995
9059,3.43403,0.64003
9060,3.43404,0.64011
9061,3.43405,0.64019
9062,3.43406,0.64027
9063,3.43407,0.64035
9064,3.43408,0.64043
9065,3.43409,0.64051
9066,3.43411,0.64058
9067,3.43412,0.64066
9068,3.43413,0.64074
9069,3.43414,0.64082
9070,3.43415,0.6409
9071,3.43416,0.64098
9072,3.43417,0.64106
9073,3.43418,0.64114
9074,3.43419,0.64122
9075,3.4342,0.64129
9076,3.43421,0.64137
9077,3.43422,0.64145
9078,3.43424,0.64153
9079,3.43425,0.64161
9080,3.43426,0.64169
9081,3.43427,0.64177
9082,3.43428,0.64185
9083,3.43429,0.64192
9084,3.4343,0.642
9085,3.43431,0.64208
9086,3.43432,0.64216
9087,3.43433,0.64224
9088,3.43434,0.64232
9089,3.43435,0.6424
9090,3.43437,0.64248
9091,3.43438,0.64255
9092,3.43439,0.64263
9093,3.4344,0.64271
9094,3.43441,0.64279
9095,3.43442,0.64287
9096,3.43443,0.64295
9097,3.43444,0.64303
9098,3.43445,0.64311
9099,3.43446,0.64318
9100,3.43447,0.64326
9101,3.43448,0.64334
9102,3.4345,0.64342
9103,3.43451,0.6435
9104,3.43452,0.64358
9105,3.43453,0.64366
9106,3.43454,0.64374
9107,3.43455,0.64381
9108,3.43456,0.64389
9109,3.43457,0.64397
9110,3.43458,0.64405
9111,3.43459,0.64413
9112,3.4346,0.64421
9113,3.43462,0.64429
9114,3.43463,0.64436
9115,3.43464,0.64444
9116,3.43465,0.64452
9117,3.43466,0.6446
9118,3.43467,0.64468
9119,3.43468,0.64476
9120,3.43469,0.64484
9121,3.4347,0.64492
9122,3.43471,0.64499
9123,3.43472,0.64507
9124,3.43474,0.64515
9125,3.43475,0.64523
9126,3.43476,0.64531
9127,3.43477,0.64539
9128,3.43478,0.64547
9129,3.43479,0.64555
9130,3.4348,0.64562
9131,3.43481,0.6457
9132,3.43482,0.64578
9133,3.43483,0.64586
9134,3.43485,0.64594
9135,3.43486,0.64602
9136,3.43487,0.6461
9137,3.43488,0.64617
9138,3.43489,0.64625
9139,3.4349,0.64633
9140,3.43491,0.64641
9141,3.43492,0.64649
9142,3.43493,0.64657
9143,3.43494,0.64665
9144,3.43496,0.64673
9145,3.43497,0.6468
9146,3.43498,0.64688
9147,3.43499,0.64696
9148,3.435,0.64704
9149,3.43501,0.64712
9150,3.43502,0.6472
9151,3.43503,0.64728
9152,3.43504,0.64736
9153,3.43505,0.64743
9154,3.43506,0.64751
9155,3.43508,0.64759
9156,3.43509,0.64767
9157,3.4351,0.64775
9158,3.43511,0.64783
9159,3.43512,0.64791
9160,3.43513,0.64798
9161,3.43514,0.64806
9162,3.43515,0.64814
9163,3.43516,0.64822
9164,3.43518,0.6483
9165,3.43519,0.64838
9166,3.4352,0.64846
9167,3.43521,0.64853
9168,3.43522,0.64861
9169,3.43523,0.64869
9170,3.43524,0.64877
9171,3.43525,0.64885
9172,3.43526,0.64893
9173,3.43528,0.64901
9174,3.43529,0.64909
9175,3.4353,0.64916
9176,3.43531,0.64924
9177,3.43532,0.64932
9178,3.43533,0.6494
9179,3.43534,0.64948
9180,3.43535,0.64956
9181,3.43536,0.64964
9182,3.43538,0.64971
9183,3.43539,0.64979
9184,3.4354,0.64987
9185,3.43541,0.64995
9186,3.43542,0.65003
9187,3.43543,0.65011
9188,3.43544,0.65019
9189,3.43545,0.65026
9190,3.43546,0.65034
9191,3.43548,0.65042
9192,3.43549,0.6505
9193,3.4355,0.65058
9194,3.43551,0.65066
9195,3.43552,0.65074
9196,3.43553,0.65081
9197,3.43554,0.65089
9198,3.43555,0.65097
9199,3.43556,0.65105
9200,3.43558,0.65113
9201,3.43559,0.65121
9202,3.4356,0.65129
9203,3.43561,0.65136
9204,3.43562,0.65144
9205,3.43563,0.65152
9206,3.43564,0.6516
9207,3.43565,0.65168
9208,3.43566,0.65176
9209,3.43567,0.65184
9210,3.43569,0.65191
9211,3.4357,0.65199
9212,3.43571,0.65207
9213,3.43572,0.65215
9214,3.43573,0.65223
9215,3.43574,0.65231
9216,3.43575,0.65238
9217,3.43576,0.65246
9218,3.43578,0.65254
9219,3.43579,0.65262
9220,3.4358,0.6527
9221,3.43581,0.65278
9222,3.43582,0.65286
9223,3.43583,0.65293
9224,3.43584,0.65301
9225,3.43585,0.65309
9226,3.43587,0.65317
9227,3.43588,0.65325
9228,3.43589,0.65333
9229,3.4359,0.65341
9230,3.43591,0.65348
9231,3.43592,0.65356
9232,3.43593,0.65364
9233,3.43594,0.65372
9234,3.43596,0.6538
9235,3.43597,0.65388
9236,3.43598,0.65396
9237,3.43599,0.65403
9238,3.436,0.65411
9239,3.43601,0.65419
9240,3.43602,0.65427
9241,3.43603,0.65435
9242,3.43605,0.65443
9243,3.43606,0.65451
9244,3.43607,0.65458
9245,3.43608,0.65466
9246,3.43609,0.65474
9247,3.4361,0.65482
9248,3.43611,0.6549
9249,3.43612,0.65498
9250,3.43614,0.65505
9251,3.43615,0.65513
9252,3.43616,0.65521
9253,3.43617,0.65529
9254,3.43618,0.65537
9255,3.43619,0.65545
9256,3.4362,0.65553
9257,3.43621,0.6556
9258,3.43623,0.65568
9259,3.43624,0.65576
9260,3.43625,0.65584
9261,3.43626,0.65592
9262,3.43627,0.656
9263,3.43628,0.65607
9264,3.43629,0.65615
9265,3.4363,0.65623
9266,3.43632,0.65631
9267,3.43633,0.65639
9268,3.43634,0.65647
9269,3.43635,0.65655
9270,3.43636,0.65662
9271,3.43637,0.6567
9272,3.43638,0.65678
9273,3.43639,0.65686
9274,3.43641,0.65694
9275,3.43642,0.65702
9276,3.43643,0.65709
9277,3.43644,0.65717
9278,3.43645,0.65725
9279,3.43646,0.65733
9280,3.43647,0.65741
9281,3.43649,0.65749
9282,3.4365,0.65756
9283,3.43651,0.65764
9284,3.43652,0.65772
9285,3.43653,0.6578
9286,3.43654,0.65788
9287,3.43655,0.65796
9288,3.43657,0.65804
9289,3.43658,0.65811
9290,3.43659,0.65819
9291,3.4366,0.65827
9292,3.43661,0.65835
9293,3.43662,0.65843
9294,3.43663,0.65851
9295,3.43664,0.65858
9296,3.43666,0.65866
9297,3.43667,0.65874
9298,3.43668,0.65882
9299,3.43669,0.6589
9300,3.4367,0.65898
9301,3.43671,0.65905
9302,3.43672,0.65913
9303,3.43674,0.65921
9304,3.43675,0.65929
9305,3.43676,0.65937
9306,3.43677,0.65945
9307,3.43678,0.65952
9308,3.43679,0.6596
9309,3.4368,0.65968
9310,3.43682,0.65976
9311,3.43683,0.65984
9312,3.43684,0.65992
9313,3.43685,0.66
9314,3.43686,0.66007
9315,3.43687,0.66015
9316,3.43688,0.66023
9317,3.4369,0.66031
9318,3.43691,0.66039
9319,3.43692,0.66047
9320,3.43693,0.66054
9321,3.43694,0.66062
9322,3.43695,0.6607
9323,3.43696,0.66078
9324,3.43698,0.66086
9325,3.43699,0.66094
9326,3.437,0.66101
9327,3.43701,0.66109
9328,3.43702,0.66117
9329,3.43703,0.66125
9330,3.43704,0.66133
9331,3.43706,0.66141
9332,3.43707,0.66148
9333,3.43708,0.66156
9334,3.43709,0.66164
9335,3.4371,0.66172
9336,3.43711,0.6618
9337,3.43713,0.66188
9338,3.43714,0.66195
9339,3.43715,0.66203
9340,3.43716,0.66211
9341,3.43717,0.66219
9342,3.43718,0.66227
9343,3.43719,0.66234
9344,3.43721,0.66242
9345,3.43722,0.6625
9346,3.43723,0.66258
9347,3.43724,0.66266
9348,3.43725,0.66274
9349,3.43726,0.66281
9350,3.43728,0.66289
9351,3.43729,0.66297
9352,3.4373,0.66305
9353,3.43731,0.66313
9354,3.43732,0.66321
9355,3.43733,0.66328
9356,3.43734,0.66336
9357,3.43736,0.66344
9358,3.43737,0.66352
9359,3.43738,0.6636
9360,3.43739,0.66368
9361,3.4374,0.66375
9362,3.43741,0.66383
9363,3.43742,0.66391
9364,3.43744,0.66399
9365,3.43745,0.66407
9366,3.43746,0.66415
9367,3.43747,0.66422
9368,3.43748,0.6643
9369,3.43749,0.66438
9370,3.4375,0.66446
9371,3.43752,0.66454
9372,3.43753,0.66462
9373,3.43754,0.66469
9374,3.43755,0.66477
9375,3.43756,0.66485
9376,3.43757,0.66493
9377,3.43759,0.66501
9378,3.4376,0.66509
9379,3.43761,0.66516
9380,3.43762,0.66524
9381,3.43763,0.66532
9382,3.43764,0.6654
9383,3.43766,0.66548
9384,3.43767,0.66555
9385,3.43768,0.66563
9386,3.43769,0.66571
9387,3.4377,0.66579
9388,3.43771,0.66587
9389,3.43773,0.66595
9390,3.43774,0.66602
9391,3.43775,0.6661
9392,3.43776,0.66618
9393,3.43777,0.66626
9394,3.43778,0.66634
9395,3.4378,0.66641
9396,3.43781,0.66649
9397,3.43782,0.66657
9398,3.43783,0.66665
9399,3.43784,0.66673
9400,3.43785,0.66681
9401,3.43787,0.66688
9402,3.43788,0.66696
9403,3.43789,0.66704
9404,3.4379,0.66712
9405,3.43791,0.6672
9406,3.43792,0.66728
9407,3.43794,0.66735
9408,3.43795,0.66743
9409,3.43796,0.66751
9410,3.43797,0.66759
9411,3.43798,0.66767
9412,3.43799,0.66774
9413,3.43801,0.66782
9414,3.43802,0.6679
9415,3.43803,0.66798
9416,3.43804,0.66806
9417,3.43805,0.66814
9418,3.43806,0.66821
9419,3.43808,0.66829
9420,3.43809,0.66837
9421,3.4381,0.66845
9422,3.43811,0.66853
9423,3.43812,0.6686
9424,3.43813,0.66868
9425,3.43815,0.66876
9426,3.43816,0.66884
9427,3.43817,0.66892
9428,3.43818,0.669
9429,3.43819,0.66907
9430,3.4382,0.66915
9431,3.43822,0.66923
9432,3.43823,0.66931
9433,3.43824,0.66939
9434,3.43825,0.66946
9435,3.43826,0.66954
9436,3.43827,0.66962
9437,3.43829,0.6697
9438,3.4383,0.66978
9439,3.43831,0.66985
9440,3.43832,0.66993
9441,3.43833,0.67001
9442,3.43834,0.67009
9443,3.43836,0.67017
9444,3.43837,0.67025
9445,3.43838,0.67032
9446,3.43839,0.6704
9447,3.4384,0.67048
9448,3.43842,0.67056
9449,3.43843,0.67064
9450,3.43844,0.67071
9451,3.43845,0.67079
9452,3.43846,0.67087
9453,3.43847,0.67095
9454,3.43849,0.67103
9455,3.4385,0.67111
9456,3.43851,0.67118
9457,3.43852,0.67126
9458,3.43853,0.67134
9459,3.43855,0.67142
9460,3.43856,0.6715
9461,3.43857,0.67157
9462,3.43858,0.67165
9463,3.43859,0.67173
9464,3.4386,0.67181
9465,3.43862,0.67189
9466,3.43863,0.67196
9467,3.43864,0.67204
9468,3.43865,0.67212
9469,3.43866,0.6722
9470,3.43867,0.67228
9471,3.43869,0.67236
9472,3.4387,0.67243
9473,3.43871,0.67251
9474,3.43872,0.67259
9475,3.43873,0.67267
9476,3.43875,0.67275
9477,3.43876,0.67282
9478,3.43877,0.6729
9479,3.43878,0.67298
9480,3.43879,0.67306
9481,3.4388,0.67314
9482,3.43882,0.67321
9483,3.43883,0.67329
9484,3.43884,0.67337
9485,3.43885,0.67345
9486,3.43886,0.67353
9487,3.43888,0.6736
9488,3.43889,0.67368
9489,3.4389,0.67376
9490,3.43891,0.67384
9491,3.43892,0.67392
9492,3.43893,0.67399
9493,3.43895,0.67407
9494,3.43896,0.67415
9495,3.43897,0.67423
9496,3.43898,0.67431
9497,3.43899,0.67438
9498,3.43901,0.67446
9499,3.43902,0.67454
9500,3.43903,0.67462
9501,3.43904,0.6747
9502,3.43905,0.67478
9503,3.43907,0.67485
9504,3.43908,0.67493
9505,3.43909,0.67501
9506,3.4391,0.67509
9507,3.43911,0.67517
9508,3.43913,0.67524
9509,3.43914,0.67532
9510,3.43915,0.6754
9511,3.43916,0.67548
9512,3.43917,0.67556
9513,3.43919,0.67563
9514,3.4392,0.67571
9515,3.43921,0.67579
9516,3.43922,0.67587
9517,3.43923,0.67595
9518,3.43925,0.67602
9519,3.43926,0.6761
9520,3.43927,0.67618
9521,3.43928,0.67626
9522,3.43929,0.67634
9523,3.4393,0.67641
9524,3.43932,0.67649
9525,3.43933,0.67657
9526,3.43934,0.67665
9527,3.43935,0.67673
9528,3.43936,0.6768
9529,3.43938,0.67688
9530,3.43939,0.67696
9531,3.4394,0.67704
9532,3.43941,0.67712
9533,3.43942,0.67719
9534,3.43944,0.67727
9535,3.43945,0.67735
9536,3.43946,0.67743
9537,3.43947,0.67751
9538,3.43948,0.67758
9539,3.4395,0.67766
9540,3.43951,0.67774
9541,3.43952,0.67782
9542,3.43953,0.6779
9543,3.43954,0.67797
9544,3.43956,0.67805
9545,3.43957,0.67813
9546,3.43958,0.67821
9547,3.43959,0.67829
9548,3.4396,0.67836
9549,3.43962,0.67844
9550,3.43963,0.67852
9551,3.43964,0.6786
9552,3.43965,0.67867
9553,3.43966,0.67875
9554,3.43968,0.67883
9555,3.43969,0.67891
9556,3.4397,0.67899
9557,3.43971,0.67906
9558,3.43972,0.67914
9559,3.43974,0.67922
9560,3.43975,0.6793
9561,3.43976,0.67938
9562,3.43977,0.67945
9563,3.43978,0.67953
9564,3.4398,0.67961
9565,3.43981,0.67969
9566,3.43982,0.67977
9567,3.43983,0.67984
9568,3.43984,0.67992
9569,3.43986,0.68
9570,3.43987,0.68008
9571,3.43988,0.68016
9572,3.43989,0.68023
9573,3.4399,0.68031
9574,3.43992,0.68039
9575,3.43993,0.68047
9576,3.43994,0.68055
9577,3.43995,0.68062
9578,3.43996,0.6807
9579,3.43998,0.68078
9580,3.43999,0.68086
9581,3.44,0.68093
9582,3.44001,0.68101
9583,3.44003,0.68109
9584,3.44004,0.68117
9585,3.44005,0.68125
9586,3.44006,0.68132
9587,3.44007,0.6814
9588,3.44009,0.68148
9589,3.4401,0.68156
9590,3.44011,0.68163
9591,3.44012,0.68171
9592,3.44013,0.68179
9593,3.44015,0.68187
9594,3.44016,0.68195
9595,3.44017,0.68202
9596,3.44018,0.6821
9597,3.44019,0.68218
9598,3.44021,0.68226
9599,3.44022,0.68234
9600,3.44023,0.68241
9601,3.44024,0.68249
9602,3.44026,0.68257
9603,3.44027,0.68265
9604,3.44028,0.68273
9605,3.44029,0.6828
9606,3.4403,0.68288
9607,3.44032,0.68296
9608,3.44033,0.68304
9609,3.44034,0.68312
9610,3.44035,0.68319
9611,3.44036,0.68327
9612,3.44038,0.68335
9613,3.44039,0.68343
9614,3.4404,0.6835
9615,3.44041,0.68358
9616,3.44043,0.68366
9617,3.44044,0.68374
9618,3.44045,0.68382
9619,3.44046,0.68389
9620,3.44047,0.68397
9621,3.44049,0.68405
9622,3.4405,0.68413
9623,3.44051,0.6842
9624,3.44052,0.68428
9625,3.44054,0.68436
9626,3.44055,0.68444
9627,3.44056,0.68452
9628,3.44057,0.68459
9629,3.44058,0.68467
9630,3.4406,0.68475
9631,3.44061,0.68483
9632,3.44062,0.6849
9633,3.44063,0.68498
9634,3.44064,0.68506
9635,3.44066,0.68514
9636,3.44067,0.68522
9637,3.44068,0.68529
9638,3.44069,0.68537
9639,3.44071,0.68545
9640,3.44072,0.68553
9641,3.44073,0.68561
9642,3.44074,0.68568
9643,3.44075,0.68576
9644,3.44077,0.68584
9645,3.44078,0.68592
9646,3.44079,0.68599
9647,3.4408,0.68607
9648,3.44082,0.68615
9649,3.44083,0.68623
9650,3.44084,0.68631
9651,3.44085,0.68638
9652,3.44086,0.68646
9653,3.44088,0.68654
9654,3.44089,0.68662
9655,3.4409,0.68669
9656,3.44091,0.68677
9657,3.44093,0.68685
9658,3.44094,0.68693
9659,3.44095,0.68701
9660,3.44096,0.68708
9661,3.44098,0.68716
9662,3.44099,0.68724
9663,3.441,0.68732
9664,3.44101,0.68739
9665,3.44102,0.68747
9666,3.44104,0.68755
9667,3.44105,0.68763
9668,3.44106,0.68771
9669,3.44107,0.68778
9670,3.44109,0.68786
9671,3.4411,0.68794
9672,3.44111,0.68802
9673,3.44112,0.68809
9674,3.44113,0.68817
9675,3.44115,0.68825
9676,3.44116,0.68833
9677,3.44117,0.6884
9678,3.44118,0.68848
9679,3.4412,0.68856
9680,3.44121,0.68864
9681,3.44122,0.68872
9682,3.44123,0.68879
9683,3.44125,0.68887
9684,3.44126,0.68895
9685,3.44127,0.68903
9686,3.44128,0.6891
9687,3.44129,0.68918
9688,3.44131,0.68926
9689,3.44132,0.68934
9690,3.44133,0.68942
9691,3.44134,0.68949
9692,3.44136,0.68957
9693,3.44137,0.68965
9694,3.44138,0.68973
9695,3.44139,0.6898
9696,3.44141,0.68988
9697,3.44142,0.68996
9698,3.44143,0.69004
9699,3.44144,0.69011
9700,3.44145,0.69019
9701,3.44147,0.69027
9702,3.44148,0.69035
9703,3.44149,0.69043
9704,3.4415,0.6905
9705,3.44152,0.69058
9706,3.44153,0.69066
9707,3.44154,0.69074
9708,3.44155,0.69081
9709,3.44157,0.69089
9710,3.44158,0.69097
9711,3.44159,0.69105
9712,3.4416,0.69112
9713,3.44162,0.6912
9714,3.44163,0.69128
9715,3.44164,0.69136
9716,3.44165,0.69144
9717,3.44167,0.69151
9718,3.44168,0.69159
9719,3.44169,0.69167
9720,3.4417,0.69175
9721,3.44172,0.69182
9722,3.44173,0.6919
9723,3.44174,0.69198
9724,3.44175,0.69206
9725,3.44177,0.69213
9726,3.44178,0.69221
9727,3.44179,0.69229
9728,3.4418,0.69237
9729,3.44181,0.69244
9730,3.44183,0.69252
9731,3.44184,0.6926
9732,3.44185,0.69268
9733,3.44186,0.69276
9734,3.44188,0.69283
9735,3.44189,0.69291
9736,3.4419,0.69299
9737,3.44191,0.69307
9738,3.44193,0.69314
9739,3.44194,0.69322
9740,3.44195,0.6933
9741,3.44196,0.69338
9742,3.44198,0.69345
9743,3.44199,0.69353
9744,3.442,0.69361
9745,3.44201,0.69369
9746,3.44203,0.69376
9747,3.44204,0.69384
9748,3.44205,0.69392
9749,3.44206,0.694
9750,3.44208,0.69408
9751,3.44209,0.69415
9752,3.4421,0.69423
9753,3.44211,0.69431
9754,3.44213,0.69439
9755,3.44214,0.69446
9756,3.44215,0.69454
9757,3.44216,0.69462
9758,3.44218,0.6947
9759,3.44219,0.69477
9760,3.4422,0.69485
9761,3.44221,0.69493
9762,3.44223,0.69501
9763,3.44224,0.69508
9764,3.44225,0.69516
9765,3.44226,0.69524
9766,3.44228,0.69532
9767,3.44229,0.69539
9768,3.4423,0.69547
9769,3.44231,0.69555
9770,3.44233,0.69563
9771,3.44234,0.6957
9772,3.44235,0.69578
9773,3.44236,0.69586
9774,3.44238,0.69594
9775,3.44239,0.69601
9776,3.4424,0.69609
9777,3.44241,0.69617
9778,3.44243,0.69625
9779,3.44244,0.69632
9780,3.44245,0.6964
9781,3.44246,0.69648
9782,3.44248,0.69656
9783,3.44249,0.69663
9784,3.4425,0.69671
9785,3.44251,0.69679
9786,3.44253,0.69687
9787,3.44254,0.69695
9788,3.44255,0.69702
9789,3.44256,0.6971
9790,3.44258,0.69718
9791,3.44259,0.69726
9792,3.4426,0.69733
9793,3.44261,0.69741
9794,3.44263,0.69749
9795,3.44264,0.69757
9796,3.44265,0.69764
9797,3.44266,0.69772
9798,3.44268,0.6978
9799,3.44269,0.69788
9800,3.4427,0.69795
9801,3.44271,0.69803
9802,3.44273,0.69811
9803,3.44274,0.69819
9804,3.44275,0.69826
9805,3.44277,0.69834
9806,3.44278,0.69842
9807,3.44279,0.6985
9808,3.4428,0.69857
9809,3.44282,0.69865
9810,3.44283,0.69873
9811,3.44284,0.69881
9812,3.44285,0.69888
9813,3.44287,0.69896
9814,3.44288,0.69904
9815,3.44289,0.69912
9816,3.4429,0.69919
9817,3.44292,0.69927
9818,3.44293,0.69935
9819,3.44294,0.69943
9820,3.44295,0.6995
9821,3.44297,0.69958
9822,3.44298,0.69966
9823,3.44299,0.69974
9824,3.443,0.69981
9825,3.44302,0.69989
9826,3.44303,0.69997
9827,3.44304,0.70005
9828,3.44306,0.70012
9829,3.44307,0.7002
9830,3.44308,0.70028
9831,3.44309,0.70036
9832,3.44311,0.70043
9833,3.44312,0.70051
9834,3.44313,0.70059
9835,3.44314,0.70067
9836,3.44316,0.70074
9837,3.44317,0.70082
9838,3.44318,0.7009
9839,3.44319,0.70098
9840,3.44321,0.70105
9841,3.44322,0.70113
9842,3.44323,0.70121
9843,3.44325,0.70129
9844,3.44326,0.70136
9845,3.44327,0.70144
9846,3.44328,0.70152
9847,3.4433,0.70159
9848,3.44331,0.70167
9849,3.44332,0.70175
9850,3.44333,0.70183
9851,3.44335,0.7019
9852,3.44336,0.70198
9853,3.44337,0.70206
9854,3.44338,0.70214
9855,3.4434,0.70221
9856,3.44341,0.70229
9857,3.44342,0.70237
9858,3.44344,0.70245
9859,3.44345,0.70252
9860,3.44346,0.7026
9861,3.44347,0.70268
9862,3.44349,0.70276
9863,3.4435,0.70283
9864,3.44351,0.70291
9865,3.44352,0.70299
9866,3.44354,0.70307
9867,3.44355,0.70314
9868,3.44356,0.70322
9869,3.44358,0.7033
9870,3.44359,0.70338
9871,3.4436,0.70345
9872,3.44361,0.70353
9873,3.44363,0.70361
9874,3.44364,0.70369
9875,3.44365,0.70376
9876,3.44366,0.70384
9877,3.44368,0.70392
9878,3.44369,0.704
9879,3.4437,0.70407
9880,3.44372,0.70415
9881,3.44373,0.70423
9882,3.44374,0.7043
9883,3.44375,0.70438
9884,3.44377,0.70446
9885,3.44378,0.70454
9886,3.44379,0.70461
9887,3.44381,0.70469
9888,3.44382,0.70477
9889,3.44383,0.70485
9890,3.44384,0.70492
9891,3.44386,0.705
9892,3.44387,0.70508
9893,3.44388,0.70516
9894,3.4439,0.70523
9895,3.44391,0.70531
9896,3.44392,0.70539
9897,3.44393,0.70547
9898,3.44395,0.70554
9899,3.44396,0.70562
9900,3.44397,0.7057
9901,3.44398,0.70577
9902,3.444,0.70585
9903,3.44401,0.70593
9904,3.44402,0.70601
9905,3.44404,0.70608
9906,3.44405,0.70616
9907,3.44406,0.70624
9908,3.44407,0.70632
9909,3.44409,0.70639
9910,3.4441,0.70647
9911,3.44411,0.70655
9912,3.44413,0.70663
9913,3.44414,0.7067
9914,3.44415,0.70678
9915,3.44416,0.70686
9916,3.44418,0.70693
9917,3.44419,0.70701
9918,3.4442,0.70709
9919,3.44422,0.70717
9920,3.44423,0.70724
9921,3.44424,0.70732
9922,3.44425,0.7074
9923,3.44427,0.70748
9924,3.44428,0.70755
9925,3.44429,0.70763
9926,3.44431,0.70771
9927,3.44432,0.70779
9928,3.44433,0.70786
9929,3.44434,0.70794
9930,3.44436,0.70802
9931,3.44437,0.70809
9932,3.44438,0.70817
9933,3.4444,0.70825
9934,3.44441,0.70833
9935,3.44442,0.7084
9936,3.44443,0.70848
9937,3.44445,0.70856
9938,3.44446,0.70864
9939,3.44447,0.70871
9940,3.44449,0.70879
9941,3.4445,0.70887
9942,3.44451,0.70894
9943,3.44452,0.70902
9944,3.44454,0.7091
9945,3.44455,0.70918
9946,3.44456,0.70925
9947,3.44458,0.70933
9948,3.44459,0.70941
9949,3.4446,0.70949
9950,3.44462,0.70956
9951,3.44463,0.70964
9952,3.44464,0.70972
9953,3.44465,0.70979
9954,3.44467,0.70987
9955,3.44468,0.70995
9956,3.44469,0.71003
9957,3.44471,0.7101
9958,3.44472,0.71018
9959,3.44473,0.71026
9960,3.44474,0.71034
9961,3.44476,0.71041
9962,3.44477,0.71049
9963,3.44478,0.71057
9964,3.4448,0.71064
9965,3.44481,0.71072
9966,3.44482,0.7108
9967,3.44483,0.71088
9968,3.44485,0.71095
9969,3.44486,0.71103
9970,3.44487,0.71111
9971,3.44489,0.71119
9972,3.4449,0.71126
9973,3.44491,0.71134
9974,3.44493,0.71142
9975,3.44494,0.71149
9976,3.44495,0.71157
9977,3.44496,0.71165
9978,3.44498,0.71173
9979,3.44499,0.7118
9980,3.445,0.71188
9981,3.44502,0.71196
9982,3.44503,0.71203
9983,3.44504,0.71211
9984,3.44506,0.71219
9985,3.44507,0.71227
9986,3.44508,0.71234
9987,3.44509,0.71242
9988,3.44511,0.7125
9989,3.44512,0.71257
9990,3.44513,0.71265
9991,3.44515,0.71273
9992,3.44516,0.71281
9993,3.44517,0.71288
9994,3.44519,0.71296
9995,3.4452,0.71304
9996,3.44521,0.71312
9997,3.44522,0.71319
9998,3.44524,0.71327
9999,3.44525,0.71335
10000,3.44526,0.71342
