666,1.3263638,2.4214387e-08
666,1.3263638,2.4214387e-08
666,1.3263637,2.4214387e-08
666,1.3263634,2.4214387e-08
666,1.3263632,2.4214387e-08
666,1.3263629,2.4214387e-08
666,1.3263626,2.4214387e-08
666,1.3263624,2.4214387e-08
667,1.3263621,2.4214387e-08
667,1.3263619,2.4214387e-08
667,1.3263616,2.4214387e-08
667,1.3263613,2.4214387e-08
667,1.3263611,2.4214387e-08
667,1.3263608,2.4214387e-08
667,1.3263605,2.4214387e-08
667,1.3263603,2.4214387e-08
667,1.32636,2.4214387e-08
667,1.3263597,2.4214387e-08
667,1.3263595,2.4214387e-08
667,1.3263592,2.4214387e-08
667,1.3263589,2.4214387e-08
667,1.3263587,2.4214387e-08
667,1.3263584,2.4214387e-08
667,1.3263581,2.4214387e-08
667,1.3263579,2.4214387e-08
667,1.3263576,2.4214387e-08
667,1.3263573,2.4214387e-08
667,1.3263571,2.4214387e-08
667,1.3263568,2.4214387e-08
667,1.3263565,2.4214387e-08
667,1.3263563,2.4214387e-08
668,1.326356,2.4214387e-08
668,1.3263557,2.4214387e-08
668,1.3263555,2.4214387e-08
668,1.3263552,2.4214387e-08
668,1.3263549,2.4214387e-08
668,1.3263547,2.4214387e-08
668,1.3263544,2.4214387e-08
668,1.3263541,2.4214387e-08
668,1.3263539,2.4214387e-08
668,1.3263536,2.4214387e-08
668,1.3263533,2.4214387e-08
668,1.3263531,2.4214387e-08
668,1.3263528,2.4214387e-08
668,1.3263525,2.4214387e-08
668,1.3263523,2.4214387e-08
668,1.326352,2.4214387e-08
668,1.3263517,2.4214387e-08
668,1.3263515,2.4214387e-08
668,1.3263512,2.4214387e-08
668,1.3263509,2.4214387e-08
668,1.3263507,2.4214387e-08
668,1.3263504,2.4214387e-08
668,1.3263501,2.4214387e-08
669,1.3263499,2.4214387e-08
669,1.3263496,2.4214387e-08
669,1.3263493,2.4214387e-08
669,1.3263491,2.4214387e-08
669,1.3263488,2.4214387e-08
669,1.3263485,2.4214387e-08
669,1.3263483,2.4214387e-08
669,1.326348,2.4214387e-08
669,1.3263477,2.4214387e-08
669,1.3263475,2.4214387e-08
669,1.3263472,2.4214387e-08
669,1.3263469,2.4214387e-08
669,1.3263466,2.4214387e-08
669,1.3263464,2.4214387e-08
669,1.3263461,2.4214387e-08
669,1.3263458,2.4214387e-08
669,1.3263456,2.4214387e-08
669,1.3263453,2.4214387e-08
669,1.326345,2.4214387e-08
669,1.3263448,2.4214387e-08
669,1.3263445,2.4214387e-08
669,1.3263442,2.4214387e-08
669,1.326344,2.4214387e-08
670,1.3263437,2.4214387e-08
670,1.3263434,2.4214387e-08
670,1.3263431,2.4214387e-08
670,1.3263429,2.4214387e-08
670,1.3263426,2.4214387e-08
670,1.3263423,2.4214387e-08
670,1.3263421,2.4214387e-08
670,1.3263418,2.4214387e-08
670,1.3263415,2.4214387e-08
670,1.3263413,2.4214387e-08
670,1.326341,2.4214387e-08
670,1.3263407,2.4214387e-08
670,1.3263405,2.4214387e-08
670,1.3263402,2.4214387e-08
670,1.3263399,2.4214387e-08
670,1.3263396,2.4214387e-08
670,1.3263394,2.4214387e-08
670,1.3263391,2.4214387e-08
670,1.3263388,2.4214387e-08
670,1.3263386,2.4214387e-08
670,1.3263383,2.4214387e-08
670,1.326338,2.4214387e-08
670,1.3263378,2.4214387e-08
670,1.3263375,2.4214387e-08
671,1.3263372,2.4214387e-08
671,1.3263369,2.4214387e-08
671,1.3263367,2.4214387e-08
671,1.3263364,2.4214387e-08
671,1.3263361,2.4214387e-08
671,1.3263359,2.4214387e-08
671,1.3263356,2.4214387e-08
671,1.3263353,2.4214387e-08
671,1.326335,2.4214387e-08
671,1.3263348,2.4214387e-08
671,1.3263345,2.4214387e-08
671,1.3263342,2.4214387e-08
671,1.326334,2.4214387e-08
671,1.3263337,2.4214387e-08
671,1.3263334,2.4214387e-08
671,1.3263331,2.4214387e-08
671,1.3263329,2.4214387e-08
671,1.3263326,2.4214387e-08
671,1.3263323,2.4214387e-08
671,1.3263321,2.4214387e-08
671,1.3263318,2.4214387e-08
671,1.3263315,2.4214387e-08
671,1.3263312,2.4214387e-08
672,1.326331,2.4214387e-08
672,1.3263307,2.4214387e-08
672,1.3263304,2.4214387e-08
672,1.3263302,2.4214387e-08
672,1.3263299,2.4214387e-08
672,1.3263296,2.4214387e-08
672,1.3263293,2.4214387e-08
672,1.3263291,2.4214387e-08
672,1.3263288,2.4214387e-08
672,1.3263285,2.4214387e-08
672,1.3263283,2.4214387e-08
672,1.326328,2.4214387e-08
672,1.3263277,2.4214387e-08
672,1.3263274,2.4214387e-08
672,1.3263272,2.4214387e-08
672,1.3263269,2.4214387e-08
672,1.3263266,2.4214387e-08
672,1.3263263,2.4214387e-08
672,1.3263261,2.4214387e-08
672,1.3263258,2.4214387e-08
672,1.3263255,2.4214387e-08
672,1.3263253,2.4214387e-08
673,1.326325,2.4214387e-08
673,1.3263247,2.4214387e-08
673,1.3263244,2.4214387e-08
673,1.3263242,2.4214387e-08
673,1.3263239,2.4214387e-08
673,1.3263236,2.4214387e-08
673,1.3263233,2.4214387e-08
673,1.3263231,2.4214387e-08
673,1.3263228,2.4214387e-08
673,1.3263225,2.4214387e-08
673,1.3263222,2.4214387e-08
673,1.326322,2.4214387e-08
673,1.3263217,2.4214387e-08
673,1.3263214,2.4214387e-08
673,1.3263212,2.4214387e-08
673,1.3263209,2.4214387e-08
673,1.3263206,2.4214387e-08
673,1.3263203,2.4214387e-08
673,1.3263201,2.4214387e-08
673,1.3263198,2.4214387e-08
673,1.3263195,2.4214387e-08
673,1.3263192,2.4214387e-08
673,1.326319,2.4214387e-08
674,1.3263187,2.4214387e-08
674,1.3263184,2.4214387e-08
674,1.3263181,2.4214387e-08
674,1.3263179,2.4214387e-08
674,1.3263176,2.4214387e-08
674,1.3263173,2.4214387e-08
674,1.326317,2.4214387e-08
674,1.3263168,2.4214387e-08
674,1.3263165,2.4214387e-08
674,1.3263162,2.4214387e-08
674,1.3263159,2.4214387e-08
674,1.3263157,2.4214387e-08
674,1.3263154,2.4214387e-08
674,1.3263151,2.4214387e-08
674,1.3263148,2.4214387e-08
674,1.3263146,2.4214387e-08
674,1.3263143,2.4214387e-08
674,1.326314,2.4214387e-08
674,1.3263137,2.6077032e-08
674,1.3263135,2.6077032e-08
674,1.3263132,2.6077032e-08
674,1.3263129,2.6077032e-08
674,1.3263126,2.6077032e-08
675,1.3263124,2.6077032e-08
675,1.3263121,2.6077032e-08
675,1.3263118,2.6077032e-08
675,1.3263115,2.6077032e-08
675,1.3263113,2.6077032e-08
675,1.326311,2.6077032e-08
675,1.3263107,2.6077032e-08
675,1.3263104,2.6077032e-08
675,1.3263102,2.6077032e-08
675,1.3263099,2.6077032e-08
675,1.3263096,2.6077032e-08
675,1.3263093,2.6077032e-08
675,1.3263091,2.6077032e-08
675,1.3263088,2.6077032e-08
675,1.3263085,2.6077032e-08
675,1.3263082,2.6077032e-08
675,1.3263079,2.6077032e-08
675,1.3263077,2.6077032e-08
675,1.3263074,2.6077032e-08
675,1.3263071,2.6077032e-08
675,1.3263068,2.6077032e-08
675,1.3263066,2.6077032e-08
675,1.3263063,2.6077032e-08
676,1.326306,2.6077032e-08
676,1.3263057,2.6077032e-08
676,1.3263055,2.6077032e-08
676,1.3263052,2.6077032e-08
676,1.3263049,2.6077032e-08
676,1.3263046,2.6077032e-08
676,1.3263043,2.6077032e-08
676,1.3263041,2.6077032e-08
676,1.3263038,2.6077032e-08
676,1.3263035,2.6077032e-08
676,1.3263032,2.6077032e-08
676,1.326303,2.6077032e-08
676,1.3263027,2.6077032e-08
676,1.3263024,2.6077032e-08
676,1.3263021,2.6077032e-08
676,1.3263018,2.6077032e-08
676,1.3263016,2.6077032e-08
676,1.3263013,2.6077032e-08
676,1.326301,2.6077032e-08
676,1.3263007,2.6077032e-08
676,1.3263005,2.6077032e-08
676,1.3263002,2.6077032e-08
676,1.3262999,2.6077032e-08
677,1.3262996,2.6077032e-08
677,1.3262993,2.6077032e-08
677,1.3262991,2.6077032e-08
677,1.3262988,2.6077032e-08
677,1.3262985,2.6077032e-08
677,1.3262982,2.6077032e-08
677,1.326298,2.6077032e-08
677,1.3262977,2.6077032e-08
677,1.3262974,2.6077032e-08
677,1.3262971,2.6077032e-08
677,1.3262968,2.6077032e-08
677,1.3262966,2.6077032e-08
677,1.3262963,2.6077032e-08
677,1.326296,2.6077032e-08
677,1.3262957,2.6077032e-08
677,1.3262954,2.6077032e-08
677,1.3262952,2.6077032e-08
677,1.3262949,2.6077032e-08
677,1.3262946,2.6077032e-08
677,1.3262943,2.6077032e-08
677,1.326294,2.6077032e-08
677,1.3262938,2.6077032e-08
678,1.3262935,2.6077032e-08
678,1.3262932,2.6077032e-08
678,1.3262929,2.6077032e-08
678,1.3262927,2.6077032e-08
678,1.3262924,2.6077032e-08
678,1.3262921,2.6077032e-08
678,1.3262918,2.6077032e-08
678,1.3262915,2.6077032e-08
678,1.3262913,2.6077032e-08
678,1.326291,2.6077032e-08
678,1.3262907,2.6077032e-08
678,1.3262904,2.6077032e-08
678,1.3262901,2.6077032e-08
678,1.3262899,2.6077032e-08
678,1.3262896,2.6077032e-08
678,1.3262893,2.6077032e-08
678,1.326289,2.6077032e-08
678,1.3262887,2.6077032e-08
678,1.3262884,2.6077032e-08
678,1.3262882,2.6077032e-08
678,1.3262879,2.6077032e-08
678,1.3262876,2.6077032e-08
678,1.3262873,2.6077032e-08
679,1.326287,2.6077032e-08
679,1.3262868,2.6077032e-08
679,1.3262865,2.6077032e-08
679,1.3262862,2.6077032e-08
679,1.3262859,2.6077032e-08
679,1.3262856,2.6077032e-08
679,1.3262854,2.6077032e-08
679,1.3262851,2.6077032e-08
679,1.3262848,2.6077032e-08
679,1.3262845,2.6077032e-08
679,1.3262842,2.6077032e-08
679,1.326284,2.6077032e-08
679,1.3262837,2.6077032e-08
679,1.3262834,2.6077032e-08
679,1.3262831,2.6077032e-08
679,1.3262828,2.6077032e-08
679,1.3262825,2.6077032e-08
679,1.3262823,2.6077032e-08
679,1.326282,2.6077032e-08
679,1.3262817,2.6077032e-08
679,1.3262814,2.6077032e-08
679,1.3262811,2.6077032e-08
680,1.3262809,2.6077032e-08
680,1.3262806,2.6077032e-08
680,1.3262803,2.6077032e-08
680,1.32628,2.6077032e-08
680,1.3262797,2.6077032e-08
680,1.3262794,2.6077032e-08
680,1.3262792,2.6077032e-08
680,1.3262789,2.6077032e-08
680,1.3262786,2.6077032e-08
680,1.3262783,2.6077032e-08
680,1.326278,2.6077032e-08
680,1.3262777,2.6077032e-08
680,1.3262775,2.6077032e-08
680,1.3262772,2.6077032e-08
680,1.3262769,2.6077032e-08
680,1.3262766,2.6077032e-08
680,1.3262763,2.6077032e-08
680,1.326276,2.6077032e-08
680,1.3262758,2.6077032e-08
680,1.3262755,2.6077032e-08
680,1.3262752,2.6077032e-08
680,1.3262749,2.6077032e-08
680,1.3262746,2.6077032e-08
681,1.3262743,2.6077032e-08
681,1.3262741,2.6077032e-08
681,1.3262738,2.6077032e-08
681,1.3262735,2.6077032e-08
681,1.3262732,2.6077032e-08
681,1.3262729,2.6077032e-08
681,1.3262726,2.6077032e-08
681,1.3262724,2.6077032e-08
681,1.3262721,2.6077032e-08
681,1.3262718,2.6077032e-08
681,1.3262715,2.6077032e-08
681,1.3262712,2.6077032e-08
681,1.3262709,2.6077032e-08
681,1.3262707,2.6077032e-08
681,1.3262704,2.6077032e-08
681,1.3262701,2.6077032e-08
681,1.3262698,2.6077032e-08
681,1.3262695,2.6077032e-08
681,1.3262692,2.6077032e-08
681,1.3262689,2.6077032e-08
681,1.3262687,2.6077032e-08
681,1.3262684,2.6077032e-08
682,1.3262681,2.6077032e-08
682,1.3262678,2.6077032e-08
682,1.3262675,2.6077032e-08
682,1.3262672,2.6077032e-08
682,1.326267,2.6077032e-08
682,1.3262667,2.6077032e-08
682,1.3262664,2.6077032e-08
682,1.3262661,2.6077032e-08
682,1.3262658,2.6077032e-08
682,1.3262655,2.6077032e-08
682,1.3262652,2.6077032e-08
682,1.326265,2.6077032e-08
682,1.3262647,2.6077032e-08
682,1.3262644,2.6077032e-08
682,1.3262641,2.6077032e-08
682,1.3262638,2.6077032e-08
682,1.3262635,2.6077032e-08
682,1.3262632,2.6077032e-08
682,1.326263,2.6077032e-08
682,1.3262627,2.6077032e-08
682,1.3262624,2.6077032e-08
682,1.3262621,2.6077032e-08
683,1.3262618,2.6077032e-08
683,1.3262615,2.6077032e-08
683,1.3262612,2.6077032e-08
683,1.326261,2.6077032e-08
683,1.3262607,2.6077032e-08
683,1.3262604,2.6077032e-08
683,1.3262601,2.6077032e-08
683,1.3262598,2.6077032e-08
683,1.3262595,2.6077032e-08
683,1.3262592,2.6077032e-08
683,1.3262589,2.6077032e-08
683,1.3262587,2.6077032e-08
683,1.3262584,2.6077032e-08
683,1.3262581,2.6077032e-08
683,1.3262578,2.6077032e-08
683,1.3262575,2.6077032e-08
683,1.3262572,2.6077032e-08
683,1.3262569,2.6077032e-08
683,1.3262567,2.6077032e-08
683,1.3262564,2.6077032e-08
683,1.3262561,2.6077032e-08
683,1.3262558,2.6077032e-08
684,1.3262555,2.6077032e-08
684,1.3262552,2.6077032e-08
684,1.3262549,2.6077032e-08
684,1.3262546,2.6077032e-08
684,1.3262544,2.7939677e-08
684,1.3262541,2.7939677e-08
684,1.3262538,2.7939677e-08
684,1.3262535,2.7939677e-08
684,1.3262532,2.7939677e-08
684,1.3262529,2.7939677e-08
684,1.3262526,2.7939677e-08
684,1.3262523,2.7939677e-08
684,1.326252,2.7939677e-08
684,1.3262518,2.7939677e-08
684,1.3262515,2.7939677e-08
684,1.3262512,2.7939677e-08
684,1.3262509,2.7939677e-08
684,1.3262506,2.7939677e-08
684,1.3262503,2.7939677e-08
684,1.32625,2.7939677e-08
684,1.3262497,2.7939677e-08
684,1.3262495,2.7939677e-08
685,1.3262492,2.7939677e-08
685,1.3262489,2.7939677e-08
685,1.3262486,2.7939677e-08
685,1.3262483,2.7939677e-08
685,1.326248,2.7939677e-08
685,1.3262477,2.7939677e-08
685,1.3262474,2.7939677e-08
685,1.3262471,2.7939677e-08
685,1.3262469,2.7939677e-08
685,1.3262466,2.7939677e-08
685,1.3262463,2.7939677e-08
685,1.326246,2.7939677e-08
685,1.3262457,2.7939677e-08
685,1.3262454,2.7939677e-08
685,1.3262451,2.7939677e-08
685,1.3262448,2.7939677e-08
685,1.3262445,2.7939677e-08
685,1.3262442,2.7939677e-08
685,1.326244,2.7939677e-08
685,1.3262437,2.7939677e-08
685,1.3262434,2.7939677e-08
685,1.3262431,2.7939677e-08
685,1.3262428,2.7939677e-08
686,1.3262425,2.7939677e-08
686,1.3262422,2.7939677e-08
686,1.3262419,2.7939677e-08
686,1.3262416,2.7939677e-08
686,1.3262413,2.7939677e-08
686,1.3262411,2.7939677e-08
686,1.3262408,2.7939677e-08
686,1.3262405,2.7939677e-08
686,1.3262402,2.7939677e-08
686,1.3262399,2.7939677e-08
686,1.3262396,2.7939677e-08
686,1.3262393,2.7939677e-08
686,1.326239,2.7939677e-08
686,1.3262387,2.7939677e-08
686,1.3262384,2.7939677e-08
686,1.3262381,2.7939677e-08
686,1.3262379,2.7939677e-08
686,1.3262376,2.7939677e-08
686,1.3262373,2.7939677e-08
686,1.326237,2.7939677e-08
686,1.3262367,2.7939677e-08
686,1.3262364,2.7939677e-08
687,1.3262361,2.7939677e-08
687,1.3262358,2.7939677e-08
687,1.3262355,2.7939677e-08
687,1.3262352,2.7939677e-08
687,1.3262349,2.7939677e-08
687,1.3262346,2.7939677e-08
687,1.3262344,2.7939677e-08
687,1.3262341,2.7939677e-08
687,1.3262338,2.7939677e-08
687,1.3262335,2.7939677e-08
687,1.3262332,2.7939677e-08
687,1.3262329,2.7939677e-08
687,1.3262326,2.7939677e-08
687,1.3262323,2.7939677e-08
687,1.326232,2.7939677e-08
687,1.3262317,2.7939677e-08
687,1.3262314,2.7939677e-08
687,1.3262311,2.7939677e-08
687,1.3262309,2.7939677e-08
687,1.3262306,2.7939677e-08
687,1.3262303,2.7939677e-08
688,1.32623,2.7939677e-08
688,1.3262297,2.7939677e-08
688,1.3262294,2.7939677e-08
688,1.3262291,2.7939677e-08
688,1.3262288,2.7939677e-08
688,1.3262285,2.7939677e-08
688,1.3262282,2.7939677e-08
688,1.3262279,2.7939677e-08
688,1.3262276,2.7939677e-08
688,1.3262273,2.7939677e-08
688,1.326227,2.7939677e-08
688,1.3262267,2.7939677e-08
688,1.3262265,2.7939677e-08
688,1.3262262,2.7939677e-08
688,1.3262259,2.7939677e-08
688,1.3262256,2.7939677e-08
688,1.3262253,2.7939677e-08
688,1.326225,2.7939677e-08
688,1.3262247,2.7939677e-08
688,1.3262244,2.7939677e-08
688,1.3262241,2.7939677e-08
688,1.3262238,2.7939677e-08
689,1.3262235,2.7939677e-08
689,1.3262232,2.7939677e-08
689,1.3262229,2.7939677e-08
689,1.3262226,2.7939677e-08
689,1.3262223,2.7939677e-08
689,1.326222,2.7939677e-08
689,1.3262217,2.7939677e-08
689,1.3262215,2.7939677e-08
689,1.3262212,2.7939677e-08
689,1.3262209,2.7939677e-08
689,1.3262206,2.7939677e-08
689,1.3262203,2.7939677e-08
689,1.32622,2.7939677e-08
689,1.3262197,2.7939677e-08
689,1.3262194,2.9802322e-08
689,1.3262191,2.9802322e-08
689,1.3262188,2.9802322e-08
689,1.3262185,2.9802322e-08
689,1.3262182,2.9802322e-08
689,1.3262179,2.9802322e-08
689,1.3262176,2.9802322e-08
689,1.3262173,2.9802322e-08
690,1.326217,2.9802322e-08
690,1.3262167,2.9802322e-08
690,1.3262164,2.9802322e-08
690,1.3262161,2.9802322e-08
690,1.3262158,2.9802322e-08
690,1.3262155,2.9802322e-08
690,1.3262153,2.9802322e-08
690,1.326215,2.9802322e-08
690,1.3262147,2.9802322e-08
690,1.3262144,2.9802322e-08
690,1.3262141,2.9802322e-08
690,1.3262138,2.9802322e-08
690,1.3262135,2.9802322e-08
690,1.3262132,2.9802322e-08
690,1.3262129,2.9802322e-08
690,1.3262126,2.9802322e-08
690,1.3262123,2.9802322e-08
690,1.326212,2.9802322e-08
690,1.3262117,2.9802322e-08
690,1.3262114,2.9802322e-08
690,1.3262111,2.9802322e-08
690,1.3262108,2.9802322e-08
691,1.3262105,2.9802322e-08
691,1.3262102,2.9802322e-08
691,1.3262099,2.9802322e-08
691,1.3262096,2.9802322e-08
691,1.3262093,2.9802322e-08
691,1.326209,2.9802322e-08
691,1.3262087,2.9802322e-08
691,1.3262084,2.9802322e-08
691,1.3262081,2.9802322e-08
691,1.3262078,2.9802322e-08
691,1.3262075,2.9802322e-08
691,1.3262072,2.9802322e-08
691,1.3262069,2.9802322e-08
691,1.3262066,2.9802322e-08
691,1.3262063,2.9802322e-08
691,1.326206,2.9802322e-08
691,1.3262058,2.9802322e-08
691,1.3262055,2.9802322e-08
691,1.3262052,2.9802322e-08
691,1.3262049,2.9802322e-08
691,1.3262046,2.9802322e-08
691,1.3262043,2.9802322e-08
692,1.326204,2.9802322e-08
692,1.3262037,2.9802322e-08
692,1.3262034,2.9802322e-08
692,1.3262031,2.9802322e-08
692,1.3262028,2.9802322e-08
692,1.3262025,2.9802322e-08
692,1.3262022,2.9802322e-08
692,1.3262019,2.9802322e-08
692,1.3262016,2.9802322e-08
692,1.3262013,2.9802322e-08
692,1.326201,2.9802322e-08
692,1.3262007,2.9802322e-08
692,1.3262004,2.9802322e-08
692,1.3262001,2.9802322e-08
692,1.3261998,2.9802322e-08
692,1.3261995,2.9802322e-08
692,1.3261992,2.9802322e-08
692,1.3261989,3.1664968e-08
692,1.3261986,3.1664968e-08
692,1.3261983,3.1664968e-08
692,1.326198,3.1664968e-08
693,1.3261977,3.1664968e-08
693,1.3261974,3.1664968e-08
693,1.3261971,3.1664968e-08
693,1.3261968,3.1664968e-08
693,1.3261965,3.1664968e-08
693,1.3261962,3.1664968e-08
693,1.3261959,3.1664968e-08
693,1.3261956,3.1664968e-08
693,1.3261953,3.1664968e-08
693,1.326195,3.1664968e-08
693,1.3261947,3.1664968e-08
693,1.3261944,3.1664968e-08
693,1.3261941,3.1664968e-08
693,1.3261938,3.1664968e-08
693,1.3261935,3.1664968e-08
693,1.3261932,3.1664968e-08
693,1.3261929,3.1664968e-08
693,1.3261926,3.1664968e-08
693,1.3261923,3.1664968e-08
693,1.326192,3.1664968e-08
693,1.3261917,3.1664968e-08
693,1.3261914,3.1664968e-08
694,1.3261911,3.1664968e-08
694,1.3261908,3.1664968e-08
694,1.3261905,3.1664968e-08
694,1.3261902,3.1664968e-08
694,1.3261899,3.1664968e-08
694,1.3261896,3.1664968e-08
694,1.3261893,3.1664968e-08
694,1.326189,3.1664968e-08
694,1.3261887,3.1664968e-08
694,1.3261884,3.1664968e-08
694,1.3261881,3.1664968e-08
694,1.3261878,3.1664968e-08
694,1.3261875,3.1664968e-08
694,1.3261872,3.1664968e-08
694,1.3261869,3.1664968e-08
694,1.3261866,3.1664968e-08
694,1.3261863,3.1664968e-08
694,1.3261859,3.1664968e-08
694,1.3261856,3.1664968e-08
694,1.3261853,3.1664968e-08
694,1.326185,3.1664968e-08
695,1.3261847,3.1664968e-08
695,1.3261844,3.1664968e-08
695,1.3261841,3.1664968e-08
695,1.3261838,3.1664968e-08
695,1.3261835,3.1664968e-08
695,1.3261832,3.1664968e-08
695,1.3261829,3.1664968e-08
695,1.3261826,3.1664968e-08
695,1.3261823,3.1664968e-08
695,1.326182,3.1664968e-08
695,1.3261817,3.1664968e-08
695,1.3261814,3.1664968e-08
695,1.3261811,3.1664968e-08
695,1.3261808,3.1664968e-08
695,1.3261805,3.1664968e-08
695,1.3261802,3.1664968e-08
695,1.3261799,3.3527613e-08
695,1.3261796,3.3527613e-08
695,1.3261793,3.3527613e-08
695,1.326179,3.3527613e-08
695,1.3261787,3.3527613e-08
695,1.3261784,3.3527613e-08
696,1.3261781,3.3527613e-08
696,1.3261778,3.3527613e-08
696,1.3261775,3.3527613e-08
696,1.3261772,3.3527613e-08
696,1.3261769,3.3527613e-08
696,1.3261766,3.3527613e-08
696,1.3261762,3.3527613e-08
696,1.3261759,3.3527613e-08
696,1.3261756,3.3527613e-08
696,1.3261753,3.3527613e-08
696,1.326175,3.3527613e-08
696,1.3261747,3.3527613e-08
696,1.3261744,3.3527613e-08
696,1.3261741,3.3527613e-08
696,1.3261738,3.3527613e-08
696,1.3261735,3.3527613e-08
696,1.3261732,3.3527613e-08
696,1.3261729,3.3527613e-08
696,1.3261726,3.3527613e-08
696,1.3261723,3.3527613e-08
696,1.326172,3.3527613e-08
697,1.3261717,3.3527613e-08
697,1.3261714,3.3527613e-08
697,1.3261711,3.3527613e-08
697,1.3261708,3.3527613e-08
697,1.3261705,3.3527613e-08
697,1.3261701,3.3527613e-08
697,1.3261698,3.3527613e-08
697,1.3261695,3.3527613e-08
697,1.3261692,3.3527613e-08
697,1.3261689,3.3527613e-08
697,1.3261686,3.3527613e-08
697,1.3261683,3.3527613e-08
697,1.326168,3.3527613e-08
697,1.3261677,3.3527613e-08
697,1.3261674,3.3527613e-08
697,1.3261671,3.3527613e-08
697,1.3261668,3.3527613e-08
697,1.3261665,3.3527613e-08
697,1.3261662,3.3527613e-08
697,1.3261659,3.3527613e-08
697,1.3261656,3.3527613e-08
698,1.3261653,3.3527613e-08
698,1.3261649,3.3527613e-08
698,1.3261646,3.3527613e-08
698,1.3261643,3.3527613e-08
698,1.326164,3.3527613e-08
698,1.3261637,3.5390258e-08
698,1.3261634,3.5390258e-08
698,1.3261631,3.5390258e-08
698,1.3261628,3.5390258e-08
698,1.3261625,3.5390258e-08
698,1.3261622,3.5390258e-08
698,1.3261619,3.5390258e-08
698,1.3261616,3.5390258e-08
698,1.3261613,3.5390258e-08
698,1.326161,3.5390258e-08
698,1.3261606,3.5390258e-08
698,1.3261603,3.5390258e-08
698,1.32616,3.5390258e-08
698,1.3261597,3.5390258e-08
698,1.3261594,3.5390258e-08
698,1.3261591,3.5390258e-08
698,1.3261588,3.5390258e-08
699,1.3261585,3.5390258e-08
699,1.3261582,3.5390258e-08
699,1.3261579,3.5390258e-08
699,1.3261576,3.5390258e-08
699,1.3261573,3.5390258e-08
699,1.326157,3.5390258e-08
699,1.3261566,3.5390258e-08
699,1.3261563,3.5390258e-08
699,1.326156,3.5390258e-08
699,1.3261557,3.5390258e-08
699,1.3261554,3.5390258e-08
699,1.3261551,3.5390258e-08
699,1.3261548,3.5390258e-08
699,1.3261545,3.5390258e-08
699,1.3261542,3.5390258e-08
699,1.3261539,3.5390258e-08
699,1.3261536,3.5390258e-08
699,1.3261532,3.5390258e-08
699,1.3261529,3.5390258e-08
699,1.3261526,3.5390258e-08
699,1.3261523,3.5390258e-08
700,1.326152,3.5390258e-08
700,1.3261517,3.5390258e-08
700,1.3261514,3.5390258e-08
700,1.3261511,3.5390258e-08
700,1.3261508,3.5390258e-08
700,1.3261505,3.5390258e-08
700,1.3261502,3.5390258e-08
700,1.3261498,3.7252903e-08
700,1.3261495,3.7252903e-08
700,1.3261492,3.7252903e-08
700,1.3261489,3.7252903e-08
700,1.3261486,3.7252903e-08
700,1.3261483,3.7252903e-08
700,1.326148,3.7252903e-08
700,1.3261477,3.7252903e-08
700,1.3261474,3.7252903e-08
700,1.3261471,3.7252903e-08
700,1.3261467,3.7252903e-08
700,1.3261464,3.7252903e-08
700,1.3261461,3.7252903e-08
700,1.3261458,3.7252903e-08
701,1.3261455,3.7252903e-08
701,1.3261452,3.7252903e-08
701,1.3261449,3.7252903e-08
701,1.3261446,3.7252903e-08
701,1.3261443,3.7252903e-08
701,1.3261439,3.7252903e-08
701,1.3261436,3.7252903e-08
701,1.3261433,3.7252903e-08
701,1.326143,3.7252903e-08
701,1.3261427,3.7252903e-08
701,1.3261424,3.7252903e-08
701,1.3261421,3.7252903e-08
701,1.3261418,3.7252903e-08
701,1.3261415,3.7252903e-08
701,1.3261411,3.7252903e-08
701,1.3261408,3.7252903e-08
701,1.3261405,3.7252903e-08
701,1.3261402,3.7252903e-08
701,1.3261399,3.7252903e-08
701,1.3261396,3.7252903e-08
701,1.3261393,3.7252903e-08
702,1.326139,3.7252903e-08
702,1.3261386,3.7252903e-08
702,1.3261383,3.7252903e-08
702,1.326138,3.7252903e-08
702,1.3261377,3.7252903e-08
702,1.3261374,3.7252903e-08
702,1.3261371,3.7252903e-08
702,1.3261368,3.7252903e-08
702,1.3261365,3.9115548e-08
702,1.3261361,3.9115548e-08
702,1.3261358,3.9115548e-08
702,1.3261355,3.9115548e-08
702,1.3261352,3.9115548e-08
702,1.3261349,3.9115548e-08
702,1.3261346,3.9115548e-08
702,1.3261343,3.9115548e-08
702,1.326134,3.9115548e-08
702,1.3261336,3.9115548e-08
702,1.3261333,3.9115548e-08
702,1.326133,3.9115548e-08
702,1.3261327,3.9115548e-08
703,1.3261324,3.9115548e-08
703,1.3261321,3.9115548e-08
703,1.3261318,3.9115548e-08
703,1.3261314,3.9115548e-08
703,1.3261311,3.9115548e-08
703,1.3261308,3.9115548e-08
703,1.3261305,3.9115548e-08
703,1.3261302,3.9115548e-08
703,1.3261299,3.9115548e-08
703,1.3261296,3.9115548e-08
703,1.3261292,3.9115548e-08
703,1.3261289,3.9115548e-08
703,1.3261286,3.9115548e-08
703,1.3261283,3.9115548e-08
703,1.326128,3.9115548e-08
703,1.3261277,3.9115548e-08
703,1.3261274,3.9115548e-08
703,1.326127,3.9115548e-08
703,1.3261267,3.9115548e-08
703,1.3261264,3.9115548e-08
703,1.3261261,3.9115548e-08
704,1.3261258,3.9115548e-08
704,1.3261255,3.9115548e-08
704,1.3261252,4.0978193e-08
704,1.3261248,4.0978193e-08
704,1.3261245,4.0978193e-08
704,1.3261242,4.0978193e-08
704,1.3261239,4.0978193e-08
704,1.3261236,4.0978193e-08
704,1.3261233,4.0978193e-08
704,1.3261229,4.0978193e-08
704,1.3261226,4.0978193e-08
704,1.3261223,4.0978193e-08
704,1.326122,4.0978193e-08
704,1.3261217,4.0978193e-08
704,1.3261214,4.0978193e-08
704,1.326121,4.0978193e-08
704,1.3261207,4.0978193e-08
704,1.3261204,4.0978193e-08
704,1.3261201,4.0978193e-08
704,1.3261198,4.0978193e-08
704,1.3261195,4.0978193e-08
705,1.3261192,4.0978193e-08
705,1.3261188,4.0978193e-08
705,1.3261185,4.0978193e-08
705,1.3261182,4.0978193e-08
705,1.3261179,4.0978193e-08
705,1.3261176,4.0978193e-08
705,1.3261173,4.0978193e-08
705,1.3261169,4.0978193e-08
705,1.3261166,4.0978193e-08
705,1.3261163,4.0978193e-08
705,1.326116,4.0978193e-08
705,1.3261157,4.0978193e-08
705,1.3261153,4.0978193e-08
705,1.326115,4.0978193e-08
705,1.3261147,4.0978193e-08
705,1.3261144,4.0978193e-08
705,1.3261141,4.2840838e-08
705,1.3261138,4.2840838e-08
705,1.3261134,4.2840838e-08
705,1.3261131,4.2840838e-08
705,1.3261128,4.2840838e-08
706,1.3261125,4.2840838e-08
706,1.3261122,4.2840838e-08
706,1.3261119,4.2840838e-08
706,1.3261115,4.2840838e-08
706,1.3261112,4.2840838e-08
706,1.3261109,4.2840838e-08
706,1.3261106,4.2840838e-08
706,1.3261103,4.2840838e-08
706,1.3261099,4.2840838e-08
706,1.3261096,4.2840838e-08
706,1.3261093,4.2840838e-08
706,1.326109,4.2840838e-08
706,1.3261087,4.2840838e-08
706,1.3261084,4.2840838e-08
706,1.326108,4.2840838e-08
706,1.3261077,4.2840838e-08
706,1.3261074,4.2840838e-08
706,1.3261071,4.2840838e-08
706,1.3261068,4.2840838e-08
706,1.3261064,4.2840838e-08
706,1.3261061,4.2840838e-08
707,1.3261058,4.2840838e-08
707,1.3261055,4.2840838e-08
707,1.3261052,4.2840838e-08
707,1.3261048,4.2840838e-08
707,1.3261045,4.2840838e-08
707,1.3261042,4.2840838e-08
707,1.3261039,4.4703484e-08
707,1.3261036,4.4703484e-08
707,1.3261032,4.4703484e-08
707,1.3261029,4.4703484e-08
707,1.3261026,4.4703484e-08
707,1.3261023,4.4703484e-08
707,1.326102,4.4703484e-08
707,1.3261016,4.4703484e-08
707,1.3261013,4.4703484e-08
707,1.326101,4.4703484e-08
707,1.3261007,4.4703484e-08
707,1.3261004,4.4703484e-08
707,1.3261,4.4703484e-08
707,1.3260997,4.4703484e-08
708,1.3260994,4.4703484e-08
708,1.3260991,4.4703484e-08
708,1.3260988,4.4703484e-08
708,1.3260984,4.4703484e-08
708,1.3260981,4.4703484e-08
708,1.3260978,4.4703484e-08
708,1.3260975,4.4703484e-08
708,1.3260971,4.4703484e-08
708,1.3260968,4.4703484e-08
708,1.3260965,4.4703484e-08
708,1.3260962,4.4703484e-08
708,1.3260959,4.4703484e-08
708,1.3260955,4.4703484e-08
708,1.3260952,4.4703484e-08
708,1.3260949,4.6566129e-08
708,1.3260946,4.6566129e-08
708,1.3260943,4.6566129e-08
708,1.3260939,4.6566129e-08
708,1.3260936,4.6566129e-08
708,1.3260933,4.6566129e-08
708,1.326093,4.6566129e-08
709,1.3260926,4.6566129e-08
709,1.3260923,4.6566129e-08
709,1.326092,4.6566129e-08
709,1.3260917,4.6566129e-08
709,1.3260914,4.6566129e-08
709,1.326091,4.6566129e-08
709,1.3260907,4.6566129e-08
709,1.3260904,4.6566129e-08
709,1.3260901,4.6566129e-08
709,1.3260897,4.6566129e-08
709,1.3260894,4.6566129e-08
709,1.3260891,4.6566129e-08
709,1.3260888,4.6566129e-08
709,1.3260884,4.6566129e-08
709,1.3260881,4.6566129e-08
709,1.3260878,4.6566129e-08
709,1.3260875,4.6566129e-08
709,1.3260872,4.6566129e-08
709,1.3260868,4.6566129e-08
709,1.3260865,4.8428774e-08
709,1.3260862,4.8428774e-08
710,1.3260859,4.8428774e-08
710,1.3260855,4.8428774e-08
710,1.3260852,4.8428774e-08
710,1.3260849,4.8428774e-08
710,1.3260846,4.8428774e-08
710,1.3260842,4.8428774e-08
710,1.3260839,4.8428774e-08
710,1.3260836,4.8428774e-08
710,1.3260833,4.8428774e-08
710,1.3260829,4.8428774e-08
710,1.3260826,4.8428774e-08
710,1.3260823,4.8428774e-08
710,1.326082,4.8428774e-08
710,1.3260816,4.8428774e-08
710,1.3260813,4.8428774e-08
710,1.326081,4.8428774e-08
710,1.3260807,4.8428774e-08
710,1.3260803,4.8428774e-08
710,1.32608,4.8428774e-08
710,1.3260797,4.8428774e-08
711,1.3260794,5.0291419e-08
711,1.326079,5.0291419e-08
711,1.3260787,5.0291419e-08
711,1.3260784,5.0291419e-08
711,1.3260781,5.0291419e-08
711,1.3260777,5.0291419e-08
711,1.3260774,5.0291419e-08
711,1.3260771,5.0291419e-08
711,1.3260768,5.0291419e-08
711,1.3260764,5.0291419e-08
711,1.3260761,5.0291419e-08
711,1.3260758,5.0291419e-08
711,1.3260755,5.0291419e-08
711,1.3260751,5.0291419e-08
711,1.3260748,5.0291419e-08
711,1.3260745,5.0291419e-08
711,1.3260742,5.0291419e-08
711,1.3260738,5.0291419e-08
711,1.3260735,5.0291419e-08
711,1.3260732,5.0291419e-08
711,1.3260729,5.2154064e-08
712,1.3260725,5.2154064e-08
712,1.3260722,5.2154064e-08
712,1.3260719,5.2154064e-08
712,1.3260715,5.2154064e-08
712,1.3260712,5.2154064e-08
712,1.3260709,5.2154064e-08
712,1.3260706,5.2154064e-08
712,1.3260702,5.2154064e-08
712,1.3260699,5.2154064e-08
712,1.3260696,5.2154064e-08
712,1.3260693,5.2154064e-08
712,1.3260689,5.2154064e-08
712,1.3260686,5.2154064e-08
712,1.3260683,5.2154064e-08
712,1.3260679,5.2154064e-08
712,1.3260676,5.2154064e-08
712,1.3260673,5.2154064e-08
712,1.326067,5.4016709e-08
712,1.3260666,5.4016709e-08
712,1.3260663,5.4016709e-08
713,1.326066,5.4016709e-08
713,1.3260657,5.4016709e-08
713,1.3260653,5.4016709e-08
713,1.326065,5.4016709e-08
713,1.3260647,5.4016709e-08
713,1.3260643,5.4016709e-08
713,1.326064,5.4016709e-08
713,1.3260637,5.4016709e-08
713,1.3260634,5.4016709e-08
713,1.326063,5.4016709e-08
713,1.3260627,5.4016709e-08
713,1.3260624,5.4016709e-08
713,1.326062,5.4016709e-08
713,1.3260617,5.4016709e-08
713,1.3260614,5.5879354e-08
713,1.3260611,5.5879354e-08
713,1.3260607,5.5879354e-08
713,1.3260604,5.5879354e-08
713,1.3260601,5.5879354e-08
713,1.3260597,5.5879354e-08
714,1.3260594,5.5879354e-08
714,1.3260591,5.5879354e-08
714,1.3260587,5.5879354e-08
714,1.3260584,5.5879354e-08
714,1.3260581,5.5879354e-08
714,1.3260578,5.5879354e-08
714,1.3260574,5.5879354e-08
714,1.3260571,5.5879354e-08
714,1.3260568,5.5879354e-08
714,1.3260564,5.5879354e-08
714,1.3260561,5.5879354e-08
714,1.3260558,5.7742e-08
714,1.3260554,5.7742e-08
714,1.3260551,5.7742e-08
714,1.3260548,5.7742e-08
714,1.3260545,5.7742e-08
714,1.3260541,5.7742e-08
714,1.3260538,5.7742e-08
714,1.3260535,5.7742e-08
714,1.3260531,5.7742e-08
714,1.3260528,5.7742e-08
715,1.3260525,5.7742e-08
715,1.3260521,5.7742e-08
715,1.3260518,5.7742e-08
715,1.3260515,5.7742e-08
715,1.3260511,5.7742e-08
715,1.3260508,5.9604645e-08
715,1.3260505,5.9604645e-08
715,1.3260501,5.9604645e-08
715,1.3260498,5.9604645e-08
715,1.3260495,5.9604645e-08
715,1.3260492,5.9604645e-08
715,1.3260488,5.9604645e-08
715,1.3260485,5.9604645e-08
715,1.3260482,5.9604645e-08
715,1.3260478,5.9604645e-08
715,1.3260475,5.9604645e-08
715,1.3260472,5.9604645e-08
715,1.3260468,5.9604645e-08
715,1.3260465,5.9604645e-08
715,1.3260462,5.9604645e-08
716,1.3260458,6.146729e-08
716,1.3260455,6.146729e-08
716,1.3260452,6.146729e-08
716,1.3260448,6.146729e-08
716,1.3260445,6.146729e-08
716,1.3260442,6.146729e-08
716,1.3260438,6.146729e-08
716,1.3260435,6.146729e-08
716,1.3260432,6.146729e-08
716,1.3260428,6.146729e-08
716,1.3260425,6.146729e-08
716,1.3260422,6.146729e-08
716,1.3260418,6.146729e-08
716,1.3260415,6.146729e-08
716,1.3260412,6.3329935e-08
716,1.3260408,6.3329935e-08
716,1.3260405,6.3329935e-08
716,1.3260402,6.3329935e-08
716,1.3260398,6.3329935e-08
716,1.3260395,6.3329935e-08
717,1.3260392,6.3329935e-08
717,1.3260388,6.3329935e-08
717,1.3260385,6.3329935e-08
717,1.3260382,6.3329935e-08
717,1.3260378,6.3329935e-08
717,1.3260375,6.3329935e-08
717,1.3260372,6.3329935e-08
717,1.3260368,6.3329935e-08
717,1.3260365,6.519258e-08
717,1.3260362,6.519258e-08
717,1.3260358,6.519258e-08
717,1.3260355,6.519258e-08
717,1.3260352,6.519258e-08
717,1.3260348,6.519258e-08
717,1.3260345,6.519258e-08
717,1.3260342,6.519258e-08
717,1.3260338,6.519258e-08
717,1.3260335,6.519258e-08
717,1.3260331,6.519258e-08
717,1.3260328,6.519258e-08
718,1.3260325,6.519258e-08
718,1.3260321,6.7055225e-08
718,1.3260318,6.7055225e-08
718,1.3260315,6.7055225e-08
718,1.3260311,6.7055225e-08
718,1.3260308,6.7055225e-08
718,1.3260305,6.7055225e-08
718,1.3260301,6.7055225e-08
718,1.3260298,6.7055225e-08
718,1.3260295,6.7055225e-08
718,1.3260291,6.7055225e-08
718,1.3260288,6.7055225e-08
718,1.3260284,6.7055225e-08
718,1.3260281,6.7055225e-08
718,1.3260278,6.8917871e-08
718,1.3260274,6.8917871e-08
718,1.3260271,6.8917871e-08
718,1.3260268,6.8917871e-08
718,1.3260264,6.8917871e-08
718,1.3260261,6.8917871e-08
719,1.3260258,6.8917871e-08
719,1.3260254,6.8917871e-08
719,1.3260251,6.8917871e-08
719,1.3260247,6.8917871e-08
719,1.3260244,6.8917871e-08
719,1.3260241,6.8917871e-08
719,1.3260237,6.8917871e-08
719,1.3260234,7.0780516e-08
719,1.3260231,7.0780516e-08
719,1.3260227,7.0780516e-08
719,1.3260224,7.0780516e-08
719,1.326022,7.0780516e-08
719,1.3260217,7.0780516e-08
719,1.3260214,7.0780516e-08
719,1.326021,7.0780516e-08
719,1.3260207,7.0780516e-08
719,1.3260204,7.0780516e-08
719,1.32602,7.0780516e-08
719,1.3260197,7.0780516e-08
719,1.3260193,7.2643161e-08
720,1.326019,7.2643161e-08
720,1.3260187,7.2643161e-08
720,1.3260183,7.2643161e-08
720,1.326018,7.2643161e-08
720,1.3260176,7.2643161e-08
720,1.3260173,7.2643161e-08
720,1.326017,7.2643161e-08
720,1.3260166,7.2643161e-08
720,1.3260163,7.2643161e-08
720,1.3260159,7.2643161e-08
720,1.3260156,7.2643161e-08
720,1.3260153,7.4505806e-08
720,1.3260149,7.4505806e-08
720,1.3260146,7.4505806e-08
720,1.3260143,7.4505806e-08
720,1.3260139,7.4505806e-08
720,1.3260136,7.4505806e-08
720,1.3260132,7.4505806e-08
720,1.3260129,7.4505806e-08
720,1.3260126,7.4505806e-08
721,1.3260122,7.4505806e-08
721,1.3260119,7.4505806e-08
721,1.3260115,7.4505806e-08
721,1.3260112,7.6368451e-08
721,1.3260109,7.6368451e-08
721,1.3260105,7.6368451e-08
721,1.3260102,7.6368451e-08
721,1.3260098,7.6368451e-08
721,1.3260095,7.6368451e-08
721,1.3260092,7.6368451e-08
721,1.3260088,7.6368451e-08
721,1.3260085,7.6368451e-08
721,1.3260081,7.6368451e-08
721,1.3260078,7.6368451e-08
721,1.3260074,7.6368451e-08
721,1.3260071,7.8231096e-08
721,1.3260068,7.8231096e-08
721,1.3260064,7.8231096e-08
721,1.3260061,7.8231096e-08
721,1.3260057,7.8231096e-08
722,1.3260054,7.8231096e-08
722,1.3260051,7.8231096e-08
722,1.3260047,7.8231096e-08
722,1.3260044,7.8231096e-08
722,1.326004,7.8231096e-08
722,1.3260037,7.8231096e-08
722,1.3260034,8.0093741e-08
722,1.326003,8.0093741e-08
722,1.3260027,8.0093741e-08
722,1.3260023,8.0093741e-08
722,1.326002,8.0093741e-08
722,1.3260016,8.0093741e-08
722,1.3260013,8.0093741e-08
722,1.326001,8.0093741e-08
722,1.3260006,8.0093741e-08
722,1.3260003,8.0093741e-08
722,1.3259999,8.0093741e-08
722,1.3259996,8.0093741e-08
722,1.3259992,8.1956387e-08
722,1.3259989,8.1956387e-08
723,1.3259986,8.1956387e-08
723,1.3259982,8.1956387e-08
723,1.3259979,8.1956387e-08
723,1.3259975,8.1956387e-08
723,1.3259972,8.1956387e-08
723,1.3259968,8.1956387e-08
723,1.3259965,8.1956387e-08
723,1.3259962,8.1956387e-08
723,1.3259958,8.3819032e-08
723,1.3259955,8.3819032e-08
723,1.3259951,8.3819032e-08
723,1.3259948,8.3819032e-08
723,1.3259944,8.3819032e-08
723,1.3259941,8.3819032e-08
723,1.3259937,8.3819032e-08
723,1.3259934,8.3819032e-08
723,1.3259931,8.3819032e-08
723,1.3259927,8.3819032e-08
723,1.3259924,8.3819032e-08
723,1.325992,8.5681677e-08
724,1.3259917,8.5681677e-08
724,1.3259913,8.5681677e-08
724,1.325991,8.5681677e-08
724,1.3259907,8.5681677e-08
724,1.3259903,8.5681677e-08
724,1.32599,8.5681677e-08
724,1.3259896,8.5681677e-08
724,1.3259893,8.5681677e-08
724,1.3259889,8.5681677e-08
724,1.3259886,8.5681677e-08
724,1.3259882,8.7544322e-08
724,1.3259879,8.7544322e-08
724,1.3259875,8.7544322e-08
724,1.3259872,8.7544322e-08
724,1.3259869,8.7544322e-08
724,1.3259865,8.7544322e-08
724,1.3259862,8.7544322e-08
724,1.3259858,8.7544322e-08
724,1.3259855,8.7544322e-08
724,1.3259851,8.7544322e-08
725,1.3259848,8.9406967e-08
725,1.3259844,8.9406967e-08
725,1.3259841,8.9406967e-08
725,1.3259837,8.9406967e-08
725,1.3259834,8.9406967e-08
725,1.325983,8.9406967e-08
725,1.3259827,8.9406967e-08
725,1.3259824,8.9406967e-08
725,1.325982,8.9406967e-08
725,1.3259817,8.9406967e-08
725,1.3259813,9.1269612e-08
725,1.325981,9.1269612e-08
725,1.3259806,9.1269612e-08
725,1.3259803,9.1269612e-08
725,1.3259799,9.1269612e-08
725,1.3259796,9.1269612e-08
725,1.3259792,9.1269612e-08
725,1.3259789,9.1269612e-08
725,1.3259785,9.1269612e-08
726,1.3259782,9.3132257e-08
726,1.3259778,9.3132257e-08
726,1.3259775,9.3132257e-08
726,1.3259771,9.3132257e-08
726,1.3259768,9.3132257e-08
726,1.3259765,9.3132257e-08
726,1.3259761,9.3132257e-08
726,1.3259758,9.3132257e-08
726,1.3259754,9.3132257e-08
726,1.3259751,9.4994903e-08
726,1.3259747,9.4994903e-08
726,1.3259744,9.4994903e-08
726,1.325974,9.4994903e-08
726,1.3259737,9.4994903e-08
726,1.3259733,9.4994903e-08
726,1.325973,9.4994903e-08
726,1.3259726,9.4994903e-08
726,1.3259723,9.6857548e-08
726,1.3259719,9.6857548e-08
726,1.3259716,9.6857548e-08
727,1.3259712,9.6857548e-08
727,1.3259709,9.6857548e-08
727,1.3259705,9.6857548e-08
727,1.3259702,9.6857548e-08
727,1.3259698,9.8720193e-08
727,1.3259695,9.8720193e-08
727,1.3259691,9.8720193e-08
727,1.3259688,9.8720193e-08
727,1.3259684,9.8720193e-08
727,1.3259681,9.8720193e-08
727,1.3259677,9.8720193e-08
727,1.3259674,1.0058284e-07
727,1.325967,1.0058284e-07
727,1.3259667,1.0058284e-07
727,1.3259663,1.0058284e-07
727,1.325966,1.0058284e-07
727,1.3259656,1.0058284e-07
727,1.3259653,1.0058284e-07
727,1.3259649,1.0244548e-07
727,1.3259646,1.0244548e-07
728,1.3259642,1.0244548e-07
728,1.3259639,1.0244548e-07
728,1.3259635,1.0244548e-07
728,1.3259632,1.0244548e-07
728,1.3259628,1.0244548e-07
728,1.3259625,1.0430813e-07
728,1.3259621,1.0430813e-07
728,1.3259618,1.0430813e-07
728,1.3259614,1.0430813e-07
728,1.3259611,1.0430813e-07
728,1.3259607,1.0430813e-07
728,1.3259604,1.0430813e-07
728,1.32596,1.0430813e-07
728,1.3259597,1.0617077e-07
728,1.3259593,1.0617077e-07
728,1.325959,1.0617077e-07
728,1.3259586,1.0617077e-07
728,1.3259583,1.0617077e-07
728,1.3259579,1.0617077e-07
729,1.3259576,1.0617077e-07
729,1.3259572,1.0803342e-07
729,1.3259568,1.0803342e-07
729,1.3259565,1.0803342e-07
729,1.3259561,1.0803342e-07
729,1.3259558,1.0803342e-07
729,1.3259554,1.0803342e-07
729,1.3259551,1.0989606e-07
729,1.3259547,1.0989606e-07
729,1.3259544,1.0989606e-07
729,1.325954,1.0989606e-07
729,1.3259537,1.0989606e-07
729,1.3259533,1.1175871e-07
729,1.325953,1.1175871e-07
729,1.3259526,1.1175871e-07
729,1.3259523,1.1175871e-07
729,1.3259519,1.1175871e-07
729,1.3259516,1.1362135e-07
729,1.3259512,1.1362135e-07
729,1.3259508,1.1362135e-07
730,1.3259505,1.1362135e-07
730,1.3259501,1.1362135e-07
730,1.3259498,1.1362135e-07
730,1.3259494,1.15484e-07
730,1.3259491,1.15484e-07
730,1.3259487,1.15484e-07
730,1.3259484,1.15484e-07
730,1.325948,1.15484e-07
730,1.3259477,1.1734664e-07
730,1.3259473,1.1734664e-07
730,1.325947,1.1734664e-07
730,1.3259466,1.1734664e-07
730,1.3259462,1.1734664e-07
730,1.3259459,1.1734664e-07
730,1.3259455,1.1920929e-07
730,1.3259452,1.1920929e-07
730,1.3259448,1.1920929e-07
730,1.3259445,1.1920929e-07
730,1.3259441,1.1920929e-07
731,1.3259438,1.2107193e-07
731,1.3259434,1.2107193e-07
731,1.3259431,1.2107193e-07
731,1.3259427,1.2107193e-07
731,1.3259423,1.2107193e-07
731,1.325942,1.2107193e-07
731,1.3259416,1.2293458e-07
731,1.3259413,1.2293458e-07
731,1.3259409,1.2293458e-07
731,1.3259406,1.2293458e-07
731,1.3259402,1.2293458e-07
731,1.3259399,1.2479722e-07
731,1.3259395,1.2479722e-07
731,1.3259391,1.2479722e-07
731,1.3259388,1.2479722e-07
731,1.3259384,1.2479722e-07
731,1.3259381,1.2479722e-07
731,1.3259377,1.2665987e-07
731,1.3259374,1.2665987e-07
731,1.325937,1.2665987e-07
732,1.3259366,1.2665987e-07
732,1.3259363,1.2665987e-07
732,1.3259359,1.2852252e-07
732,1.3259356,1.2852252e-07
732,1.3259352,1.2852252e-07
732,1.3259349,1.2852252e-07
732,1.3259345,1.2852252e-07
732,1.3259341,1.2852252e-07
732,1.3259338,1.3038516e-07
732,1.3259334,1.3038516e-07
732,1.3259331,1.3038516e-07
732,1.3259327,1.3038516e-07
732,1.3259324,1.3038516e-07
732,1.325932,1.3224781e-07
732,1.3259316,1.3224781e-07
732,1.3259313,1.3224781e-07
732,1.3259309,1.3224781e-07
732,1.3259306,1.3224781e-07
732,1.3259302,1.3224781e-07
733,1.3259299,1.3411045e-07
733,1.3259295,1.3411045e-07
733,1.3259291,1.3411045e-07
733,1.3259288,1.3411045e-07
733,1.3259284,1.3411045e-07
733,1.3259281,1.359731e-07
733,1.3259277,1.359731e-07
733,1.3259273,1.359731e-07
733,1.325927,1.359731e-07
733,1.3259266,1.359731e-07
733,1.3259263,1.3783574e-07
733,1.3259259,1.3783574e-07
733,1.3259256,1.3783574e-07
733,1.3259252,1.3783574e-07
733,1.3259248,1.3783574e-07
733,1.3259245,1.3969839e-07
733,1.3259241,1.3969839e-07
733,1.3259238,1.3969839e-07
733,1.3259234,1.3969839e-07
734,1.325923,1.3969839e-07
734,1.3259227,1.4156103e-07
734,1.3259223,1.4156103e-07
734,1.325922,1.4156103e-07
734,1.3259216,1.4156103e-07
734,1.3259212,1.4342368e-07
734,1.3259209,1.4342368e-07
734,1.3259205,1.4342368e-07
734,1.3259202,1.4342368e-07
734,1.3259198,1.4342368e-07
734,1.3259194,1.4342368e-07
734,1.3259191,1.4342368e-07
734,1.3259187,1.4528632e-07
734,1.3259184,1.4528632e-07
734,1.325918,1.4528632e-07
734,1.3259176,1.4528632e-07
734,1.3259173,1.4528632e-07
734,1.3259169,1.4528632e-07
734,1.3259165,1.4528632e-07
735,1.3259162,1.4528632e-07
735,1.3259158,1.4714897e-07
735,1.3259155,1.4714897e-07
735,1.3259151,1.4714897e-07
735,1.3259147,1.4714897e-07
735,1.3259144,1.4714897e-07
735,1.325914,1.4714897e-07
735,1.3259137,1.4714897e-07
735,1.3259133,1.4714897e-07
735,1.3259129,1.4714897e-07
735,1.3259126,1.4901161e-07
735,1.3259122,1.4901161e-07
735,1.3259118,1.4901161e-07
735,1.3259115,1.4901161e-07
735,1.3259111,1.4901161e-07
735,1.3259108,1.4901161e-07
735,1.3259104,1.4901161e-07
735,1.32591,1.4901161e-07
735,1.3259097,1.5087426e-07
735,1.3259093,1.5087426e-07
736,1.3259089,1.5087426e-07
736,1.3259086,1.5087426e-07
736,1.3259082,1.5087426e-07
736,1.3259079,1.5087426e-07
736,1.3259075,1.5087426e-07
736,1.3259071,1.5087426e-07
736,1.3259068,1.527369e-07
736,1.3259064,1.527369e-07
736,1.325906,1.527369e-07
736,1.3259057,1.527369e-07
736,1.3259053,1.527369e-07
736,1.325905,1.527369e-07
736,1.3259046,1.527369e-07
736,1.3259042,1.527369e-07
736,1.3259039,1.5459955e-07
736,1.3259035,1.5459955e-07
736,1.3259031,1.5459955e-07
736,1.3259028,1.5459955e-07
736,1.3259024,1.5459955e-07
737,1.325902,1.5459955e-07
737,1.3259017,1.5459955e-07
737,1.3259013,1.5459955e-07
737,1.3259009,1.5459955e-07
737,1.3259006,1.5459955e-07
737,1.3259002,1.5646219e-07
737,1.3258999,1.5646219e-07
737,1.3258995,1.5646219e-07
737,1.3258991,1.5646219e-07
737,1.3258988,1.5646219e-07
737,1.3258984,1.5646219e-07
737,1.325898,1.5646219e-07
737,1.3258977,1.5646219e-07
737,1.3258973,1.5646219e-07
737,1.3258969,1.5646219e-07
737,1.3258966,1.5832484e-07
737,1.3258962,1.5832484e-07
737,1.3258958,1.5832484e-07
737,1.3258955,1.5832484e-07
738,1.3258951,1.5832484e-07
738,1.3258947,1.5832484e-07
738,1.3258944,1.5832484e-07
738,1.325894,1.5832484e-07
738,1.3258936,1.5832484e-07
738,1.3258933,1.5832484e-07
738,1.3258929,1.6018748e-07
738,1.3258925,1.6018748e-07
738,1.3258922,1.6018748e-07
738,1.3258918,1.6018748e-07
738,1.3258914,1.6018748e-07
738,1.3258911,1.6018748e-07
738,1.3258907,1.6018748e-07
738,1.3258903,1.6018748e-07
738,1.32589,1.6018748e-07
738,1.3258896,1.6018748e-07
738,1.3258892,1.6018748e-07
738,1.3258889,1.6018748e-07
738,1.3258885,1.6205013e-07
739,1.3258881,1.6205013e-07
739,1.3258878,1.6205013e-07
739,1.3258874,1.6205013e-07
739,1.325887,1.6205013e-07
739,1.3258867,1.6205013e-07
739,1.3258863,1.6205013e-07
739,1.3258859,1.6205013e-07
739,1.3258856,1.6205013e-07
739,1.3258852,1.6205013e-07
739,1.3258848,1.6205013e-07
739,1.3258845,1.6205013e-07
739,1.3258841,1.6205013e-07
739,1.3258837,1.6205013e-07
739,1.3258834,1.6205013e-07
739,1.325883,1.6205013e-07
739,1.3258826,1.6205013e-07
739,1.3258822,1.6205013e-07
739,1.3258819,1.6205013e-07
739,1.3258815,1.6205013e-07
740,1.3258811,1.6205013e-07
740,1.3258808,1.6205013e-07
740,1.3258804,1.6391277e-07
740,1.32588,1.6391277e-07
740,1.3258797,1.6391277e-07
740,1.3258793,1.6391277e-07
740,1.3258789,1.6391277e-07
740,1.3258786,1.6391277e-07
740,1.3258782,1.6391277e-07
740,1.3258778,1.6391277e-07
740,1.3258774,1.6391277e-07
740,1.3258771,1.6391277e-07
740,1.3258767,1.6391277e-07
740,1.3258763,1.6391277e-07
740,1.325876,1.6391277e-07
740,1.3258756,1.6391277e-07
740,1.3258752,1.6391277e-07
740,1.3258749,1.6391277e-07
740,1.3258745,1.6391277e-07
741,1.3258741,1.6391277e-07
741,1.3258737,1.6391277e-07
741,1.3258734,1.6391277e-07
741,1.325873,1.6391277e-07
741,1.3258726,1.6391277e-07
741,1.3258723,1.6391277e-07
741,1.3258719,1.6391277e-07
741,1.3258715,1.6391277e-07
741,1.3258711,1.6391277e-07
741,1.3258708,1.6577542e-07
741,1.3258704,1.6577542e-07
741,1.32587,1.6577542e-07
741,1.3258697,1.6577542e-07
741,1.3258693,1.6577542e-07
741,1.3258689,1.6577542e-07
741,1.3258685,1.6577542e-07
741,1.3258682,1.6577542e-07
741,1.3258678,1.6577542e-07
741,1.3258674,1.6577542e-07
742,1.3258671,1.6577542e-07
742,1.3258667,1.6577542e-07
742,1.3258663,1.6577542e-07
742,1.3258659,1.6577542e-07
742,1.3258656,1.6577542e-07
742,1.3258652,1.6577542e-07
742,1.3258648,1.6577542e-07
742,1.3258644,1.6577542e-07
742,1.3258641,1.6577542e-07
742,1.3258637,1.6577542e-07
742,1.3258633,1.6577542e-07
742,1.3258629,1.6577542e-07
742,1.3258626,1.6577542e-07
742,1.3258622,1.6577542e-07
742,1.3258618,1.6577542e-07
742,1.3258615,1.6577542e-07
742,1.3258611,1.6577542e-07
742,1.3258607,1.6577542e-07
743,1.3258603,1.6577542e-07
743,1.32586,1.6577542e-07
743,1.3258596,1.6577542e-07
743,1.3258592,1.6577542e-07
743,1.3258588,1.6577542e-07
743,1.3258585,1.6577542e-07
743,1.3258581,1.6577542e-07
743,1.3258577,1.6577542e-07
743,1.3258573,1.6577542e-07
743,1.325857,1.6577542e-07
743,1.3258566,1.6577542e-07
743,1.3258562,1.6577542e-07
743,1.3258558,1.6577542e-07
743,1.3258555,1.6763806e-07
743,1.3258551,1.6763806e-07
743,1.3258547,1.6763806e-07
743,1.3258543,1.6763806e-07
743,1.325854,1.6763806e-07
743,1.3258536,1.6763806e-07
744,1.3258532,1.6763806e-07
744,1.3258528,1.6763806e-07
744,1.3258525,1.6763806e-07
744,1.3258521,1.6763806e-07
744,1.3258517,1.6763806e-07
744,1.3258513,1.6763806e-07
744,1.325851,1.6763806e-07
744,1.3258506,1.6763806e-07
744,1.3258502,1.6763806e-07
744,1.3258498,1.6763806e-07
744,1.3258495,1.6763806e-07
744,1.3258491,1.6763806e-07
744,1.3258487,1.6763806e-07
744,1.3258483,1.6763806e-07
744,1.3258479,1.6763806e-07
744,1.3258476,1.6763806e-07
744,1.3258472,1.6763806e-07
744,1.3258468,1.6763806e-07
744,1.3258464,1.6763806e-07
745,1.3258461,1.6763806e-07
745,1.3258457,1.6763806e-07
745,1.3258453,1.6763806e-07
745,1.3258449,1.6763806e-07
745,1.3258446,1.6763806e-07
745,1.3258442,1.6763806e-07
745,1.3258438,1.6763806e-07
745,1.3258434,1.6763806e-07
745,1.325843,1.6763806e-07
745,1.3258427,1.6763806e-07
745,1.3258423,1.6763806e-07
745,1.3258419,1.6763806e-07
745,1.3258415,1.6763806e-07
745,1.3258412,1.6763806e-07
745,1.3258408,1.6763806e-07
745,1.3258404,1.6763806e-07
745,1.32584,1.6763806e-07
745,1.3258396,1.6763806e-07
746,1.3258393,1.6763806e-07
746,1.3258389,1.6763806e-07
746,1.3258385,1.6763806e-07
746,1.3258381,1.6763806e-07
746,1.3258377,1.6763806e-07
746,1.3258374,1.6763806e-07
746,1.325837,1.6763806e-07
746,1.3258366,1.6763806e-07
746,1.3258362,1.6763806e-07
746,1.3258358,1.6763806e-07
746,1.3258355,1.6763806e-07
746,1.3258351,1.6763806e-07
746,1.3258347,1.6763806e-07
746,1.3258343,1.6763806e-07
746,1.3258339,1.6763806e-07
746,1.3258336,1.6763806e-07
746,1.3258332,1.6763806e-07
746,1.3258328,1.6763806e-07
746,1.3258324,1.6763806e-07
747,1.325832,1.6763806e-07
747,1.3258317,1.6763806e-07
747,1.3258313,1.6763806e-07
747,1.3258309,1.6763806e-07
747,1.3258305,1.6763806e-07
747,1.3258301,1.6763806e-07
747,1.3258298,1.6763806e-07
747,1.3258294,1.6763806e-07
747,1.325829,1.6763806e-07
747,1.3258286,1.6763806e-07
747,1.3258282,1.6763806e-07
747,1.3258279,1.6763806e-07
747,1.3258275,1.6763806e-07
747,1.3258271,1.6763806e-07
747,1.3258267,1.6763806e-07
747,1.3258263,1.6763806e-07
747,1.3258259,1.6763806e-07
747,1.3258256,1.6763806e-07
747,1.3258252,1.6763806e-07
748,1.3258248,1.6763806e-07
748,1.3258244,1.6763806e-07
748,1.325824,1.6763806e-07
748,1.3258237,1.6763806e-07
748,1.3258233,1.6763806e-07
748,1.3258229,1.6763806e-07
748,1.3258225,1.6763806e-07
748,1.3258221,1.6763806e-07
748,1.3258217,1.6763806e-07
748,1.3258214,1.6763806e-07
748,1.325821,1.6763806e-07
748,1.3258206,1.6763806e-07
748,1.3258202,1.6763806e-07
748,1.3258198,1.6763806e-07
748,1.3258194,1.6763806e-07
748,1.3258191,1.6763806e-07
748,1.3258187,1.6763806e-07
748,1.3258183,1.6763806e-07
749,1.3258179,1.6763806e-07
749,1.3258175,1.6763806e-07
749,1.3258171,1.6763806e-07
749,1.3258168,1.6950071e-07
749,1.3258164,1.6950071e-07
749,1.325816,1.6950071e-07
749,1.3258156,1.6950071e-07
749,1.3258152,1.6950071e-07
749,1.3258148,1.6950071e-07
749,1.3258144,1.6950071e-07
749,1.3258141,1.6950071e-07
749,1.3258137,1.6950071e-07
749,1.3258133,1.6950071e-07
749,1.3258129,1.6950071e-07
749,1.3258125,1.6950071e-07
749,1.3258121,1.6950071e-07
749,1.3258118,1.6950071e-07
749,1.3258114,1.6950071e-07
749,1.325811,1.6950071e-07
750,1.3258106,1.6950071e-07
750,1.3258102,1.6950071e-07
750,1.3258098,1.6950071e-07
750,1.3258094,1.6950071e-07
750,1.3258091,1.6950071e-07
750,1.3258087,1.6950071e-07
750,1.3258083,1.6950071e-07
750,1.3258079,1.6950071e-07
750,1.3258075,1.6950071e-07
750,1.3258071,1.6950071e-07
750,1.3258067,1.6950071e-07
750,1.3258064,1.6950071e-07
750,1.325806,1.6950071e-07
750,1.3258056,1.6950071e-07
750,1.3258052,1.6950071e-07
750,1.3258048,1.6950071e-07
750,1.3258044,1.6950071e-07
750,1.325804,1.6950071e-07
751,1.3258036,1.6950071e-07
751,1.3258033,1.6950071e-07
751,1.3258029,1.6950071e-07
751,1.3258025,1.6950071e-07
751,1.3258021,1.6950071e-07
751,1.3258017,1.6950071e-07
751,1.3258013,1.6950071e-07
751,1.3258009,1.6950071e-07
751,1.3258005,1.6950071e-07
751,1.3258002,1.6950071e-07
751,1.3257998,1.6950071e-07
751,1.3257994,1.6950071e-07
751,1.325799,1.6950071e-07
751,1.3257986,1.6950071e-07
751,1.3257982,1.6950071e-07
751,1.3257978,1.6950071e-07
751,1.3257974,1.6950071e-07
751,1.325797,1.6950071e-07
752,1.3257967,1.6950071e-07
752,1.3257963,1.6950071e-07
752,1.3257959,1.6950071e-07
752,1.3257955,1.6950071e-07
752,1.3257951,1.6950071e-07
752,1.3257947,1.6950071e-07
752,1.3257943,1.6950071e-07
752,1.3257939,1.6950071e-07
752,1.3257935,1.7136335e-07
752,1.3257932,1.7136335e-07
752,1.3257928,1.7136335e-07
752,1.3257924,1.7136335e-07
752,1.325792,1.7136335e-07
752,1.3257916,1.7136335e-07
752,1.3257912,1.7136335e-07
752,1.3257908,1.7136335e-07
752,1.3257904,1.7136335e-07
752,1.32579,1.7136335e-07
752,1.3257896,1.7136335e-07
753,1.3257893,1.7136335e-07
753,1.3257889,1.7136335e-07
753,1.3257885,1.7136335e-07
753,1.3257881,1.7136335e-07
753,1.3257877,1.7136335e-07
753,1.3257873,1.7136335e-07
753,1.3257869,1.7136335e-07
753,1.3257865,1.7136335e-07
753,1.3257861,1.7136335e-07
753,1.3257857,1.7136335e-07
753,1.3257853,1.7136335e-07
753,1.325785,1.7136335e-07
753,1.3257846,1.7136335e-07
753,1.3257842,1.7136335e-07
753,1.3257838,1.7136335e-07
753,1.3257834,1.7136335e-07
753,1.325783,1.7136335e-07
753,1.3257826,1.7136335e-07
754,1.3257822,1.7136335e-07
754,1.3257818,1.7136335e-07
754,1.3257814,1.7136335e-07
754,1.325781,1.7136335e-07
754,1.3257806,1.7136335e-07
754,1.3257803,1.7136335e-07
754,1.3257799,1.7136335e-07
754,1.3257795,1.7136335e-07
754,1.3257791,1.7136335e-07
754,1.3257787,1.7136335e-07
754,1.3257783,1.7136335e-07
754,1.3257779,1.7136335e-07
754,1.3257775,1.7136335e-07
754,1.3257771,1.7136335e-07
754,1.3257767,1.7136335e-07
754,1.3257763,1.7136335e-07
754,1.3257759,1.7136335e-07
754,1.3257755,1.7136335e-07
755,1.3257751,1.7136335e-07
755,1.3257747,1.7136335e-07
755,1.3257744,1.7136335e-07
755,1.325774,1.7136335e-07
755,1.3257736,1.7136335e-07
755,1.3257732,1.7136335e-07
755,1.3257728,1.7136335e-07
755,1.3257724,1.7136335e-07
755,1.325772,1.7136335e-07
755,1.3257716,1.7136335e-07
755,1.3257712,1.7136335e-07
755,1.3257708,1.7136335e-07
755,1.3257704,1.7136335e-07
755,1.32577,1.7136335e-07
755,1.3257696,1.7136335e-07
755,1.3257692,1.7136335e-07
755,1.3257688,1.7136335e-07
755,1.3257684,1.7136335e-07
756,1.325768,1.7136335e-07
756,1.3257676,1.7136335e-07
756,1.3257672,1.7136335e-07
756,1.3257669,1.7136335e-07
756,1.3257665,1.7136335e-07
756,1.3257661,1.7136335e-07
756,1.3257657,1.7136335e-07
756,1.3257653,1.7136335e-07
756,1.3257649,1.7136335e-07
756,1.3257645,1.7136335e-07
756,1.3257641,1.7136335e-07
756,1.3257637,1.7136335e-07
756,1.3257633,1.7136335e-07
756,1.3257629,1.7136335e-07
756,1.3257625,1.7136335e-07
756,1.3257621,1.7136335e-07
756,1.3257617,1.7136335e-07
756,1.3257613,1.7136335e-07
757,1.3257609,1.7136335e-07
757,1.3257605,1.7136335e-07
757,1.3257601,1.7136335e-07
757,1.3257597,1.7136335e-07
757,1.3257593,1.7136335e-07
757,1.3257589,1.7136335e-07
757,1.3257585,1.7136335e-07
757,1.3257581,1.7136335e-07
757,1.3257577,1.7136335e-07
757,1.3257573,1.7136335e-07
757,1.3257569,1.7136335e-07
757,1.3257565,1.7136335e-07
757,1.3257561,1.7136335e-07
757,1.3257557,1.7136335e-07
757,1.3257553,1.7136335e-07
757,1.3257549,1.7136335e-07
757,1.3257545,1.7136335e-07
757,1.3257541,1.7136335e-07
757,1.3257537,1.7136335e-07
758,1.3257533,1.7136335e-07
758,1.3257529,1.7136335e-07
758,1.3257525,1.7136335e-07
758,1.3257521,1.7136335e-07
758,1.3257517,1.7136335e-07
758,1.3257514,1.7136335e-07
758,1.325751,1.7136335e-07
758,1.3257506,1.7136335e-07
758,1.3257502,1.7136335e-07
758,1.3257498,1.7136335e-07
758,1.3257494,1.7136335e-07
758,1.325749,1.7136335e-07
758,1.3257486,1.7136335e-07
758,1.3257482,1.7136335e-07
758,1.3257478,1.7136335e-07
758,1.3257474,1.7136335e-07
758,1.325747,1.7136335e-07
758,1.3257466,1.7136335e-07
759,1.3257462,1.7136335e-07
759,1.3257458,1.7136335e-07
759,1.3257453,1.7136335e-07
759,1.3257449,1.7136335e-07
759,1.3257445,1.7136335e-07
759,1.3257441,1.7136335e-07
759,1.3257437,1.7136335e-07
759,1.3257433,1.7136335e-07
759,1.3257429,1.7136335e-07
759,1.3257425,1.7136335e-07
759,1.3257421,1.7136335e-07
759,1.3257417,1.7136335e-07
759,1.3257413,1.7136335e-07
759,1.3257409,1.7136335e-07
759,1.3257405,1.7136335e-07
759,1.3257401,1.7136335e-07
759,1.3257397,1.7136335e-07
759,1.3257393,1.7136335e-07
760,1.3257389,1.7136335e-07
760,1.3257385,1.7136335e-07
760,1.3257381,1.7136335e-07
760,1.3257377,1.7136335e-07
760,1.3257373,1.73226e-07
760,1.3257369,1.73226e-07
760,1.3257365,1.73226e-07
760,1.3257361,1.73226e-07
760,1.3257357,1.73226e-07
760,1.3257353,1.73226e-07
760,1.3257349,1.73226e-07
760,1.3257345,1.73226e-07
760,1.3257341,1.73226e-07
760,1.3257337,1.73226e-07
760,1.3257333,1.73226e-07
760,1.3257329,1.73226e-07
760,1.3257325,1.73226e-07
761,1.3257321,1.73226e-07
761,1.3257317,1.73226e-07
761,1.3257313,1.73226e-07
761,1.3257309,1.73226e-07
761,1.3257305,1.73226e-07
761,1.3257301,1.73226e-07
761,1.3257296,1.73226e-07
761,1.3257292,1.73226e-07
761,1.3257288,1.73226e-07
761,1.3257284,1.73226e-07
761,1.325728,1.73226e-07
761,1.3257276,1.73226e-07
761,1.3257272,1.73226e-07
761,1.3257268,1.73226e-07
761,1.3257264,1.73226e-07
761,1.325726,1.73226e-07
761,1.3257256,1.73226e-07
761,1.3257252,1.73226e-07
762,1.3257248,1.73226e-07
762,1.3257244,1.73226e-07
762,1.325724,1.73226e-07
762,1.3257236,1.73226e-07
762,1.3257232,1.73226e-07
762,1.3257228,1.73226e-07
762,1.3257224,1.73226e-07
762,1.3257219,1.73226e-07
762,1.3257215,1.73226e-07
762,1.3257211,1.73226e-07
762,1.3257207,1.73226e-07
762,1.3257203,1.73226e-07
762,1.3257199,1.73226e-07
762,1.3257195,1.73226e-07
762,1.3257191,1.73226e-07
762,1.3257187,1.73226e-07
762,1.3257183,1.73226e-07
762,1.3257179,1.73226e-07
763,1.3257175,1.73226e-07
763,1.3257171,1.73226e-07
763,1.3257167,1.73226e-07
763,1.3257162,1.73226e-07
763,1.3257158,1.73226e-07
763,1.3257154,1.73226e-07
763,1.325715,1.73226e-07
763,1.3257146,1.73226e-07
763,1.3257142,1.73226e-07
763,1.3257138,1.73226e-07
763,1.3257134,1.73226e-07
763,1.325713,1.73226e-07
763,1.3257126,1.73226e-07
763,1.3257122,1.73226e-07
763,1.3257118,1.73226e-07
763,1.3257114,1.73226e-07
763,1.3257109,1.73226e-07
763,1.3257105,1.73226e-07
764,1.3257101,1.73226e-07
764,1.3257097,1.73226e-07
764,1.3257093,1.73226e-07
764,1.3257089,1.73226e-07
764,1.3257085,1.73226e-07
764,1.3257081,1.73226e-07
764,1.3257077,1.73226e-07
764,1.3257073,1.73226e-07
764,1.3257068,1.73226e-07
764,1.3257064,1.73226e-07
764,1.325706,1.73226e-07
764,1.3257056,1.73226e-07
764,1.3257052,1.73226e-07
764,1.3257048,1.73226e-07
764,1.3257044,1.73226e-07
764,1.325704,1.73226e-07
764,1.3257036,1.73226e-07
764,1.3257032,1.73226e-07
765,1.3257027,1.73226e-07
765,1.3257023,1.73226e-07
765,1.3257019,1.73226e-07
765,1.3257015,1.73226e-07
765,1.3257011,1.73226e-07
765,1.3257007,1.73226e-07
765,1.3257003,1.73226e-07
765,1.3256999,1.73226e-07
765,1.3256995,1.73226e-07
765,1.325699,1.73226e-07
765,1.3256986,1.73226e-07
765,1.3256982,1.73226e-07
765,1.3256978,1.73226e-07
765,1.3256974,1.73226e-07
765,1.325697,1.73226e-07
765,1.3256966,1.73226e-07
765,1.3256962,1.73226e-07
766,1.3256957,1.73226e-07
766,1.3256953,1.73226e-07
766,1.3256949,1.73226e-07
766,1.3256945,1.73226e-07
766,1.3256941,1.73226e-07
766,1.3256937,1.73226e-07
766,1.3256933,1.73226e-07
766,1.3256929,1.73226e-07
766,1.3256924,1.73226e-07
766,1.325692,1.73226e-07
766,1.3256916,1.73226e-07
766,1.3256912,1.73226e-07
766,1.3256908,1.7136335e-07
766,1.3256904,1.7136335e-07
766,1.32569,1.7136335e-07
766,1.3256895,1.7136335e-07
766,1.3256891,1.7136335e-07
766,1.3256887,1.7136335e-07
767,1.3256883,1.7136335e-07
767,1.3256879,1.7136335e-07
767,1.3256875,1.7136335e-07
767,1.3256871,1.7136335e-07
767,1.3256866,1.7136335e-07
767,1.3256862,1.7136335e-07
767,1.3256858,1.7136335e-07
767,1.3256854,1.7136335e-07
767,1.325685,1.7136335e-07
767,1.3256846,1.7136335e-07
767,1.3256842,1.7136335e-07
767,1.3256837,1.7136335e-07
767,1.3256833,1.7136335e-07
767,1.3256829,1.7136335e-07
767,1.3256825,1.7136335e-07
767,1.3256821,1.7136335e-07
767,1.3256817,1.7136335e-07
767,1.3256812,1.7136335e-07
768,1.3256808,1.7136335e-07
768,1.3256804,1.7136335e-07
768,1.32568,1.7136335e-07
768,1.3256796,1.7136335e-07
768,1.3256792,1.7136335e-07
768,1.3256788,1.7136335e-07
768,1.3256783,1.7136335e-07
768,1.3256779,1.7136335e-07
768,1.3256775,1.7136335e-07
768,1.3256771,1.7136335e-07
768,1.3256767,1.7136335e-07
768,1.3256762,1.7136335e-07
768,1.3256758,1.7136335e-07
768,1.3256754,1.7136335e-07
768,1.325675,1.7136335e-07
768,1.3256746,1.7136335e-07
768,1.3256742,1.7136335e-07
769,1.3256737,1.7136335e-07
769,1.3256733,1.7136335e-07
769,1.3256729,1.7136335e-07
769,1.3256725,1.7136335e-07
769,1.3256721,1.7136335e-07
769,1.3256717,1.7136335e-07
769,1.3256712,1.7136335e-07
769,1.3256708,1.7136335e-07
769,1.3256704,1.7136335e-07
769,1.32567,1.7136335e-07
769,1.3256696,1.7136335e-07
769,1.3256691,1.7136335e-07
769,1.3256687,1.7136335e-07
769,1.3256683,1.7136335e-07
769,1.3256679,1.7136335e-07
769,1.3256675,1.7136335e-07
769,1.325667,1.7136335e-07
769,1.3256666,1.7136335e-07
770,1.3256662,1.7136335e-07
770,1.3256658,1.7136335e-07
770,1.3256654,1.7136335e-07
770,1.3256649,1.7136335e-07
770,1.3256645,1.7136335e-07
770,1.3256641,1.7136335e-07
770,1.3256637,1.7136335e-07
770,1.3256633,1.7136335e-07
770,1.3256628,1.7136335e-07
770,1.3256624,1.7136335e-07
770,1.325662,1.7136335e-07
770,1.3256616,1.7136335e-07
770,1.3256612,1.7136335e-07
770,1.3256607,1.7136335e-07
770,1.3256603,1.7136335e-07
770,1.3256599,1.7136335e-07
770,1.3256595,1.7136335e-07
771,1.3256591,1.7136335e-07
771,1.3256586,1.7136335e-07
771,1.3256582,1.7136335e-07
771,1.3256578,1.7136335e-07
771,1.3256574,1.7136335e-07
771,1.325657,1.7136335e-07
771,1.3256565,1.7136335e-07
771,1.3256561,1.7136335e-07
771,1.3256557,1.7136335e-07
771,1.3256553,1.7136335e-07
771,1.3256548,1.7136335e-07
771,1.3256544,1.7136335e-07
771,1.325654,1.7136335e-07
771,1.3256536,1.7136335e-07
771,1.3256532,1.7136335e-07
771,1.3256527,1.7136335e-07
771,1.3256523,1.7136335e-07
771,1.3256519,1.7136335e-07
772,1.3256515,1.7136335e-07
772,1.325651,1.7136335e-07
772,1.3256506,1.7136335e-07
772,1.3256502,1.7136335e-07
772,1.3256498,1.7136335e-07
772,1.3256493,1.7136335e-07
772,1.3256489,1.6950071e-07
772,1.3256485,1.6950071e-07
772,1.3256481,1.6950071e-07
772,1.3256477,1.6950071e-07
772,1.3256472,1.6950071e-07
772,1.3256468,1.6950071e-07
772,1.3256464,1.6950071e-07
772,1.325646,1.6950071e-07
772,1.3256455,1.6950071e-07
772,1.3256451,1.6950071e-07
772,1.3256447,1.6950071e-07
773,1.3256443,1.6950071e-07
773,1.3256438,1.6950071e-07
773,1.3256434,1.6950071e-07
773,1.325643,1.6950071e-07
773,1.3256426,1.6950071e-07
773,1.3256421,1.6950071e-07
773,1.3256417,1.6950071e-07
773,1.3256413,1.6950071e-07
773,1.3256409,1.6950071e-07
773,1.3256404,1.6950071e-07
773,1.32564,1.6950071e-07
773,1.3256396,1.6950071e-07
773,1.3256391,1.6950071e-07
773,1.3256387,1.6950071e-07
773,1.3256383,1.6950071e-07
773,1.3256379,1.6950071e-07
773,1.3256374,1.6950071e-07
774,1.325637,1.6950071e-07
774,1.3256366,1.6950071e-07
774,1.3256362,1.6950071e-07
774,1.3256357,1.6950071e-07
774,1.3256353,1.6950071e-07
774,1.3256349,1.6950071e-07
774,1.3256345,1.6950071e-07
774,1.325634,1.6950071e-07
774,1.3256336,1.6950071e-07
774,1.3256332,1.6950071e-07
774,1.3256327,1.6950071e-07
774,1.3256323,1.6950071e-07
774,1.3256319,1.6950071e-07
774,1.3256315,1.6950071e-07
774,1.325631,1.6950071e-07
774,1.3256306,1.6950071e-07
774,1.3256302,1.6950071e-07
774,1.3256298,1.6950071e-07
775,1.3256293,1.6950071e-07
775,1.3256289,1.6950071e-07
775,1.3256285,1.6950071e-07
775,1.325628,1.6950071e-07
775,1.3256276,1.6950071e-07
775,1.3256272,1.6950071e-07
775,1.3256268,1.6950071e-07
775,1.3256263,1.6950071e-07
775,1.3256259,1.6950071e-07
775,1.3256255,1.6950071e-07
775,1.325625,1.6950071e-07
775,1.3256246,1.6950071e-07
775,1.3256242,1.6950071e-07
775,1.3256237,1.6950071e-07
775,1.3256233,1.6950071e-07
775,1.3256229,1.6950071e-07
775,1.3256225,1.6950071e-07
776,1.325622,1.6950071e-07
776,1.3256216,1.6950071e-07
776,1.3256212,1.6950071e-07
776,1.3256207,1.6950071e-07
776,1.3256203,1.6950071e-07
776,1.3256199,1.6950071e-07
776,1.3256194,1.6950071e-07
776,1.325619,1.6950071e-07
776,1.3256186,1.6950071e-07
776,1.3256181,1.6950071e-07
776,1.3256177,1.6950071e-07
776,1.3256173,1.6950071e-07
776,1.3256169,1.6950071e-07
776,1.3256164,1.6950071e-07
776,1.325616,1.6950071e-07
776,1.3256156,1.6950071e-07
776,1.3256151,1.6950071e-07
777,1.3256147,1.6950071e-07
777,1.3256143,1.6950071e-07
777,1.3256138,1.6763806e-07
777,1.3256134,1.6763806e-07
777,1.325613,1.6763806e-07
777,1.3256125,1.6763806e-07
777,1.3256121,1.6763806e-07
777,1.3256117,1.6763806e-07
777,1.3256112,1.6763806e-07
777,1.3256108,1.6763806e-07
777,1.3256104,1.6763806e-07
777,1.3256099,1.6763806e-07
777,1.3256095,1.6763806e-07
777,1.3256091,1.6763806e-07
777,1.3256086,1.6763806e-07
777,1.3256082,1.6763806e-07
777,1.3256078,1.6763806e-07
778,1.3256073,1.6763806e-07
778,1.3256069,1.6763806e-07
778,1.3256065,1.6763806e-07
778,1.325606,1.6763806e-07
778,1.3256056,1.6763806e-07
778,1.3256052,1.6763806e-07
778,1.3256047,1.6763806e-07
778,1.3256043,1.6763806e-07
778,1.3256039,1.6763806e-07
778,1.3256034,1.6763806e-07
778,1.325603,1.6763806e-07
778,1.3256026,1.6763806e-07
778,1.3256021,1.6763806e-07
778,1.3256017,1.6763806e-07
778,1.3256013,1.6763806e-07
778,1.3256008,1.6763806e-07
778,1.3256004,1.6763806e-07
779,1.3256,1.6763806e-07
779,1.3255995,1.6763806e-07
779,1.3255991,1.6763806e-07
779,1.3255986,1.6763806e-07
779,1.3255982,1.6577542e-07
779,1.3255978,1.6577542e-07
779,1.3255973,1.6577542e-07
779,1.3255969,1.6577542e-07
779,1.3255965,1.6577542e-07
779,1.325596,1.6577542e-07
779,1.3255956,1.6577542e-07
779,1.3255952,1.6577542e-07
779,1.3255947,1.6577542e-07
779,1.3255943,1.6577542e-07
779,1.3255938,1.6577542e-07
779,1.3255934,1.6577542e-07
779,1.325593,1.6577542e-07
780,1.3255925,1.6577542e-07
780,1.3255921,1.6577542e-07
780,1.3255917,1.6577542e-07
780,1.3255912,1.6577542e-07
780,1.3255908,1.6577542e-07
780,1.3255903,1.6577542e-07
780,1.3255899,1.6577542e-07
780,1.3255895,1.6577542e-07
780,1.325589,1.6577542e-07
780,1.3255886,1.6577542e-07
780,1.3255882,1.6577542e-07
780,1.3255877,1.6577542e-07
780,1.3255873,1.6577542e-07
780,1.3255868,1.6577542e-07
780,1.3255864,1.6577542e-07
780,1.325586,1.6391277e-07
780,1.3255855,1.6391277e-07
781,1.3255851,1.6391277e-07
781,1.3255846,1.6391277e-07
781,1.3255842,1.6391277e-07
781,1.3255838,1.6391277e-07
781,1.3255833,1.6391277e-07
781,1.3255829,1.6391277e-07
781,1.3255824,1.6391277e-07
781,1.325582,1.6391277e-07
781,1.3255816,1.6391277e-07
781,1.3255811,1.6391277e-07
781,1.3255807,1.6391277e-07
781,1.3255802,1.6391277e-07
781,1.3255798,1.6391277e-07
781,1.3255794,1.6391277e-07
781,1.3255789,1.6391277e-07
781,1.3255785,1.6391277e-07
781,1.325578,1.6391277e-07
782,1.3255776,1.6391277e-07
782,1.3255772,1.6391277e-07
782,1.3255767,1.6391277e-07
782,1.3255763,1.6391277e-07
782,1.3255758,1.6391277e-07
782,1.3255754,1.6391277e-07
782,1.325575,1.6391277e-07
782,1.3255745,1.6391277e-07
782,1.3255741,1.6391277e-07
782,1.3255736,1.6391277e-07
782,1.3255732,1.6391277e-07
782,1.3255727,1.6205013e-07
782,1.3255723,1.6205013e-07
782,1.3255719,1.6205013e-07
782,1.3255714,1.6205013e-07
782,1.325571,1.6205013e-07
782,1.3255705,1.6205013e-07
783,1.3255701,1.6205013e-07
783,1.3255696,1.6205013e-07
783,1.3255692,1.6205013e-07
783,1.3255688,1.6205013e-07
783,1.3255683,1.6205013e-07
783,1.3255679,1.6205013e-07
783,1.3255674,1.6205013e-07
783,1.325567,1.6205013e-07
783,1.3255665,1.6205013e-07
783,1.3255661,1.6205013e-07
783,1.3255657,1.6205013e-07
783,1.3255652,1.6205013e-07
783,1.3255648,1.6205013e-07
783,1.3255643,1.6205013e-07
783,1.3255639,1.6205013e-07
783,1.3255634,1.6205013e-07
783,1.325563,1.6205013e-07
784,1.3255625,1.6205013e-07
784,1.3255621,1.6205013e-07
784,1.3255617,1.6205013e-07
784,1.3255612,1.6205013e-07
784,1.3255608,1.6205013e-07
784,1.3255603,1.6205013e-07
784,1.3255599,1.6205013e-07
784,1.3255594,1.6205013e-07
784,1.325559,1.6205013e-07
784,1.3255585,1.6205013e-07
784,1.3255581,1.6205013e-07
784,1.3255576,1.6205013e-07
784,1.3255572,1.6205013e-07
784,1.3255568,1.6205013e-07
784,1.3255563,1.6205013e-07
784,1.3255559,1.6018748e-07
784,1.3255554,1.6018748e-07
785,1.325555,1.6018748e-07
785,1.3255545,1.6018748e-07
785,1.3255541,1.6018748e-07
785,1.3255536,1.6018748e-07
785,1.3255532,1.6018748e-07
785,1.3255527,1.6018748e-07
785,1.3255523,1.6018748e-07
785,1.3255518,1.6018748e-07
785,1.3255514,1.6018748e-07
785,1.3255509,1.6018748e-07
785,1.3255505,1.6018748e-07
785,1.32555,1.6018748e-07
785,1.3255496,1.6018748e-07
785,1.3255492,1.6018748e-07
785,1.3255487,1.6018748e-07
785,1.3255483,1.6018748e-07
785,1.3255478,1.6018748e-07
786,1.3255474,1.6018748e-07
786,1.3255469,1.5832484e-07
786,1.3255465,1.5832484e-07
786,1.325546,1.5832484e-07
786,1.3255456,1.5832484e-07
786,1.3255451,1.5832484e-07
786,1.3255447,1.5832484e-07
786,1.3255442,1.5832484e-07
786,1.3255438,1.5832484e-07
786,1.3255433,1.5832484e-07
786,1.3255429,1.5832484e-07
786,1.3255424,1.5832484e-07
786,1.325542,1.5832484e-07
786,1.3255415,1.5832484e-07
786,1.3255411,1.5832484e-07
786,1.3255406,1.5832484e-07
786,1.3255402,1.5832484e-07
787,1.3255397,1.5832484e-07
787,1.3255393,1.5832484e-07
787,1.3255388,1.5832484e-07
787,1.3255384,1.5646219e-07
787,1.3255379,1.5646219e-07
787,1.3255375,1.5646219e-07
787,1.325537,1.5646219e-07
787,1.3255366,1.5646219e-07
787,1.3255361,1.5646219e-07
787,1.3255357,1.5646219e-07
787,1.3255352,1.5646219e-07
787,1.3255348,1.5646219e-07
787,1.3255343,1.5646219e-07
787,1.3255339,1.5646219e-07
787,1.3255334,1.5646219e-07
787,1.325533,1.5646219e-07
788,1.3255325,1.5646219e-07
788,1.3255321,1.5646219e-07
788,1.3255316,1.5646219e-07
788,1.3255311,1.5646219e-07
788,1.3255307,1.5646219e-07
788,1.3255302,1.5646219e-07
788,1.3255298,1.5646219e-07
788,1.3255293,1.5646219e-07
788,1.3255289,1.5646219e-07
788,1.3255284,1.5646219e-07
788,1.325528,1.5646219e-07
788,1.3255275,1.5646219e-07
788,1.3255271,1.5646219e-07
788,1.3255266,1.5646219e-07
788,1.3255262,1.5646219e-07
788,1.3255257,1.5646219e-07
788,1.3255253,1.5646219e-07
789,1.3255248,1.5646219e-07
789,1.3255243,1.5459955e-07
789,1.3255239,1.5459955e-07
789,1.3255234,1.5459955e-07
789,1.325523,1.5459955e-07
789,1.3255225,1.5459955e-07
789,1.3255221,1.5459955e-07
789,1.3255216,1.5459955e-07
789,1.3255212,1.5459955e-07
789,1.3255207,1.5459955e-07
789,1.3255203,1.5459955e-07
789,1.3255198,1.5459955e-07
789,1.3255193,1.5459955e-07
789,1.3255189,1.5459955e-07
789,1.3255184,1.5459955e-07
789,1.325518,1.5459955e-07
789,1.3255175,1.5459955e-07
790,1.3255171,1.5459955e-07
790,1.3255166,1.5459955e-07
790,1.3255162,1.5459955e-07
790,1.3255157,1.5459955e-07
790,1.3255152,1.527369e-07
790,1.3255148,1.527369e-07
790,1.3255143,1.527369e-07
790,1.3255139,1.527369e-07
790,1.3255134,1.527369e-07
790,1.325513,1.527369e-07
790,1.3255125,1.527369e-07
790,1.325512,1.527369e-07
790,1.3255116,1.527369e-07
790,1.3255111,1.527369e-07
790,1.3255107,1.527369e-07
790,1.3255102,1.527369e-07
791,1.3255098,1.527369e-07
791,1.3255093,1.527369e-07
791,1.3255088,1.527369e-07
791,1.3255084,1.527369e-07
791,1.3255079,1.527369e-07
791,1.3255075,1.527369e-07
791,1.325507,1.527369e-07
791,1.3255066,1.527369e-07
791,1.3255061,1.527369e-07
791,1.3255056,1.527369e-07
791,1.3255052,1.527369e-07
791,1.3255047,1.527369e-07
791,1.3255043,1.527369e-07
791,1.3255038,1.527369e-07
791,1.3255033,1.527369e-07
791,1.3255029,1.527369e-07
791,1.3255024,1.527369e-07
792,1.325502,1.5087426e-07
792,1.3255015,1.5087426e-07
792,1.325501,1.5087426e-07
792,1.3255006,1.5087426e-07
792,1.3255001,1.5087426e-07
792,1.3254997,1.5087426e-07
792,1.3254992,1.5087426e-07
792,1.3254987,1.5087426e-07
792,1.3254983,1.5087426e-07
792,1.3254978,1.5087426e-07
792,1.3254974,1.5087426e-07
792,1.3254969,1.5087426e-07
792,1.3254964,1.5087426e-07
792,1.325496,1.5087426e-07
792,1.3254955,1.5087426e-07
792,1.3254951,1.5087426e-07
793,1.3254946,1.5087426e-07
793,1.3254941,1.5087426e-07
793,1.3254937,1.4901161e-07
793,1.3254932,1.4901161e-07
793,1.3254927,1.4901161e-07
793,1.3254923,1.4901161e-07
793,1.3254918,1.4901161e-07
793,1.3254914,1.4901161e-07
793,1.3254909,1.4901161e-07
793,1.3254904,1.4901161e-07
793,1.32549,1.4901161e-07
793,1.3254895,1.4901161e-07
793,1.325489,1.4901161e-07
793,1.3254886,1.4901161e-07
793,1.3254881,1.4901161e-07
793,1.3254877,1.4901161e-07
793,1.3254872,1.4901161e-07
794,1.3254867,1.4901161e-07
794,1.3254863,1.4901161e-07
794,1.3254858,1.4901161e-07
794,1.3254853,1.4901161e-07
794,1.3254849,1.4901161e-07
794,1.3254844,1.4901161e-07
794,1.3254839,1.4901161e-07
794,1.3254835,1.4901161e-07
794,1.325483,1.4901161e-07
794,1.3254826,1.4901161e-07
794,1.3254821,1.4901161e-07
794,1.3254816,1.4901161e-07
794,1.3254812,1.4901161e-07
794,1.3254807,1.4901161e-07
794,1.3254802,1.4901161e-07
794,1.3254798,1.4714897e-07
795,1.3254793,1.4714897e-07
795,1.3254788,1.4714897e-07
795,1.3254784,1.4714897e-07
795,1.3254779,1.4714897e-07
795,1.3254774,1.4714897e-07
795,1.325477,1.4714897e-07
795,1.3254765,1.4714897e-07
795,1.325476,1.4714897e-07
795,1.3254756,1.4714897e-07
795,1.3254751,1.4714897e-07
795,1.3254746,1.4714897e-07
795,1.3254742,1.4714897e-07
795,1.3254737,1.4714897e-07
795,1.3254732,1.4714897e-07
795,1.3254728,1.4714897e-07
795,1.3254723,1.4714897e-07
795,1.3254718,1.4714897e-07
796,1.3254714,1.4714897e-07
796,1.3254709,1.4714897e-07
796,1.3254704,1.4714897e-07
796,1.32547,1.4714897e-07
796,1.3254695,1.4714897e-07
796,1.325469,1.4714897e-07
796,1.3254686,1.4714897e-07
796,1.3254681,1.4714897e-07
796,1.3254676,1.4714897e-07
796,1.3254672,1.4714897e-07
796,1.3254667,1.4714897e-07
796,1.3254662,1.4714897e-07
796,1.3254658,1.4714897e-07
796,1.3254653,1.4714897e-07
796,1.3254648,1.4714897e-07
796,1.3254644,1.4714897e-07
797,1.3254639,1.4714897e-07
797,1.3254634,1.4714897e-07
797,1.3254629,1.4714897e-07
797,1.3254625,1.4714897e-07
797,1.325462,1.4528632e-07
797,1.3254615,1.4528632e-07
797,1.3254611,1.4528632e-07
797,1.3254606,1.4528632e-07
797,1.3254601,1.4528632e-07
797,1.3254597,1.4528632e-07
797,1.3254592,1.4528632e-07
797,1.3254587,1.4528632e-07
797,1.3254582,1.4528632e-07
797,1.3254578,1.4528632e-07
797,1.3254573,1.4528632e-07
797,1.3254568,1.4528632e-07
798,1.3254564,1.4528632e-07
798,1.3254559,1.4528632e-07
798,1.3254554,1.4528632e-07
798,1.325455,1.4528632e-07
798,1.3254545,1.4528632e-07
798,1.325454,1.4528632e-07
798,1.3254535,1.4528632e-07
798,1.3254531,1.4528632e-07
798,1.3254526,1.4528632e-07
798,1.3254521,1.4342368e-07
798,1.3254517,1.4342368e-07
798,1.3254512,1.4342368e-07
798,1.3254507,1.4342368e-07
798,1.3254502,1.4342368e-07
798,1.3254498,1.4342368e-07
798,1.3254493,1.4342368e-07
798,1.3254488,1.4342368e-07
799,1.3254483,1.4342368e-07
799,1.3254479,1.4342368e-07
799,1.3254474,1.4342368e-07
799,1.3254469,1.4342368e-07
799,1.3254464,1.4342368e-07
799,1.325446,1.4342368e-07
799,1.3254455,1.4342368e-07
799,1.325445,1.4342368e-07
799,1.3254446,1.4342368e-07
799,1.3254441,1.4342368e-07
799,1.3254436,1.4342368e-07
799,1.3254431,1.4342368e-07
799,1.3254427,1.4156103e-07
799,1.3254422,1.4156103e-07
799,1.3254417,1.4156103e-07
799,1.3254412,1.4156103e-07
800,1.3254408,1.4156103e-07
800,1.3254403,1.4156103e-07
800,1.3254398,1.4156103e-07
800,1.3254393,1.4156103e-07
800,1.3254389,1.4156103e-07
800,1.3254384,1.4156103e-07
800,1.3254379,1.4156103e-07
800,1.3254374,1.4156103e-07
800,1.325437,1.4156103e-07
800,1.3254365,1.4156103e-07
800,1.325436,1.4156103e-07
800,1.3254355,1.4156103e-07
800,1.325435,1.4156103e-07
800,1.3254346,1.4156103e-07
800,1.3254341,1.4156103e-07
800,1.3254336,1.4156103e-07
801,1.3254331,1.4156103e-07
801,1.3254327,1.4156103e-07
801,1.3254322,1.4156103e-07
801,1.3254317,1.4156103e-07
801,1.3254312,1.4156103e-07
801,1.3254308,1.4156103e-07
801,1.3254303,1.4156103e-07
801,1.3254298,1.4156103e-07
801,1.3254293,1.4156103e-07
801,1.3254288,1.4156103e-07
801,1.3254284,1.4156103e-07
801,1.3254279,1.4156103e-07
801,1.3254274,1.4156103e-07
801,1.3254269,1.4156103e-07
801,1.3254265,1.4156103e-07
801,1.325426,1.4156103e-07
802,1.3254255,1.4156103e-07
802,1.325425,1.4156103e-07
802,1.3254245,1.4156103e-07
802,1.3254241,1.4156103e-07
802,1.3254236,1.4156103e-07
802,1.3254231,1.4156103e-07
802,1.3254226,1.4156103e-07
802,1.3254221,1.4156103e-07
802,1.3254217,1.4156103e-07
802,1.3254212,1.4156103e-07
802,1.3254207,1.4156103e-07
802,1.3254202,1.4156103e-07
802,1.3254197,1.4156103e-07
802,1.3254193,1.4156103e-07
802,1.3254188,1.4156103e-07
802,1.3254183,1.4156103e-07
803,1.3254178,1.4156103e-07
803,1.3254173,1.4156103e-07
803,1.3254169,1.4156103e-07
803,1.3254164,1.3969839e-07
803,1.3254159,1.3969839e-07
803,1.3254154,1.3969839e-07
803,1.3254149,1.3969839e-07
803,1.3254145,1.3969839e-07
803,1.325414,1.3969839e-07
803,1.3254135,1.3969839e-07
803,1.325413,1.3969839e-07
803,1.3254125,1.3969839e-07
803,1.325412,1.3969839e-07
803,1.3254116,1.3969839e-07
803,1.3254111,1.3969839e-07
803,1.3254106,1.3969839e-07
804,1.3254101,1.3969839e-07
804,1.3254096,1.3969839e-07
804,1.3254092,1.3969839e-07
804,1.3254087,1.3969839e-07
804,1.3254082,1.3969839e-07
804,1.3254077,1.3969839e-07
804,1.3254072,1.3969839e-07
804,1.3254067,1.3969839e-07
804,1.3254063,1.3969839e-07
804,1.3254058,1.3969839e-07
804,1.3254053,1.3969839e-07
804,1.3254048,1.3969839e-07
804,1.3254043,1.3969839e-07
804,1.3254038,1.3969839e-07
804,1.3254033,1.3969839e-07
804,1.3254029,1.3969839e-07
805,1.3254024,1.3969839e-07
805,1.3254019,1.3969839e-07
805,1.3254014,1.3969839e-07
805,1.3254009,1.3969839e-07
805,1.3254004,1.3969839e-07
805,1.3254,1.3969839e-07
805,1.3253995,1.3969839e-07
805,1.325399,1.3969839e-07
805,1.3253985,1.3969839e-07
805,1.325398,1.3969839e-07
805,1.3253975,1.3969839e-07
805,1.325397,1.3969839e-07
805,1.3253966,1.3969839e-07
805,1.3253961,1.3969839e-07
805,1.3253956,1.3969839e-07
805,1.3253951,1.3969839e-07
806,1.3253946,1.3969839e-07
806,1.3253941,1.3969839e-07
806,1.3253936,1.3969839e-07
806,1.3253931,1.3969839e-07
806,1.3253927,1.3969839e-07
806,1.3253922,1.3969839e-07
806,1.3253917,1.3969839e-07
806,1.3253912,1.3969839e-07
806,1.3253907,1.3969839e-07
806,1.3253902,1.3969839e-07
806,1.3253897,1.3969839e-07
806,1.3253893,1.3969839e-07
806,1.3253888,1.3969839e-07
806,1.3253883,1.3969839e-07
806,1.3253878,1.3969839e-07
806,1.3253873,1.3969839e-07
807,1.3253868,1.3969839e-07
807,1.3253863,1.3969839e-07
807,1.3253858,1.3969839e-07
807,1.3253853,1.3969839e-07
807,1.3253849,1.3969839e-07
807,1.3253844,1.3969839e-07
807,1.3253839,1.3969839e-07
807,1.3253834,1.3969839e-07
807,1.3253829,1.3969839e-07
807,1.3253824,1.3969839e-07
807,1.3253819,1.3969839e-07
807,1.3253814,1.3969839e-07
807,1.3253809,1.3969839e-07
807,1.3253804,1.3969839e-07
807,1.32538,1.3969839e-07
807,1.3253795,1.3969839e-07
808,1.325379,1.3969839e-07
808,1.3253785,1.3969839e-07
808,1.325378,1.3969839e-07
808,1.3253775,1.3969839e-07
808,1.325377,1.3969839e-07
808,1.3253765,1.3969839e-07
808,1.325376,1.3969839e-07
808,1.3253755,1.3969839e-07
808,1.325375,1.3969839e-07
808,1.3253746,1.3969839e-07
808,1.3253741,1.3969839e-07
808,1.3253736,1.3969839e-07
808,1.3253731,1.3969839e-07
808,1.3253726,1.3969839e-07
808,1.3253721,1.3969839e-07
808,1.3253716,1.3969839e-07
809,1.3253711,1.3969839e-07
809,1.3253706,1.3969839e-07
809,1.3253701,1.3969839e-07
809,1.3253696,1.3969839e-07
809,1.3253691,1.3969839e-07
809,1.3253686,1.3969839e-07
809,1.3253682,1.3969839e-07
809,1.3253677,1.3969839e-07
809,1.3253672,1.3969839e-07
809,1.3253667,1.3969839e-07
809,1.3253662,1.3969839e-07
809,1.3253657,1.3969839e-07
809,1.3253652,1.3969839e-07
809,1.3253647,1.3969839e-07
809,1.3253642,1.3969839e-07
809,1.3253637,1.3969839e-07
810,1.3253632,1.3969839e-07
810,1.3253627,1.3969839e-07
810,1.3253622,1.3969839e-07
810,1.3253617,1.3969839e-07
810,1.3253612,1.3969839e-07
810,1.3253607,1.3969839e-07
810,1.3253602,1.3969839e-07
810,1.3253598,1.3969839e-07
810,1.3253593,1.3969839e-07
810,1.3253588,1.3969839e-07
810,1.3253583,1.3969839e-07
810,1.3253578,1.3969839e-07
810,1.3253573,1.3969839e-07
810,1.3253568,1.3969839e-07
810,1.3253563,1.3969839e-07
810,1.3253558,1.3969839e-07
811,1.3253553,1.3969839e-07
811,1.3253548,1.3969839e-07
811,1.3253543,1.3969839e-07
811,1.3253538,1.4156103e-07
811,1.3253533,1.4156103e-07
811,1.3253528,1.4156103e-07
811,1.3253523,1.4156103e-07
811,1.3253518,1.4156103e-07
811,1.3253513,1.4156103e-07
811,1.3253508,1.4156103e-07
811,1.3253503,1.4156103e-07
811,1.3253498,1.4156103e-07
811,1.3253493,1.4156103e-07
811,1.3253488,1.4156103e-07
811,1.3253483,1.4156103e-07
812,1.3253478,1.4156103e-07
812,1.3253473,1.4156103e-07
812,1.3253468,1.4156103e-07
812,1.3253463,1.4156103e-07
812,1.3253458,1.4156103e-07
812,1.3253453,1.4156103e-07
812,1.3253448,1.4156103e-07
812,1.3253443,1.4156103e-07
812,1.3253438,1.4156103e-07
812,1.3253433,1.4156103e-07
812,1.3253428,1.4156103e-07
812,1.3253423,1.4156103e-07
812,1.3253418,1.4156103e-07
812,1.3253413,1.4156103e-07
812,1.3253408,1.4156103e-07
812,1.3253403,1.4156103e-07
813,1.3253398,1.4156103e-07
813,1.3253393,1.4156103e-07
813,1.3253388,1.4156103e-07
813,1.3253383,1.4156103e-07
813,1.3253378,1.4156103e-07
813,1.3253373,1.4156103e-07
813,1.3253368,1.4156103e-07
813,1.3253363,1.4156103e-07
813,1.3253358,1.4342368e-07
813,1.3253353,1.4342368e-07
813,1.3253348,1.4342368e-07
813,1.3253343,1.4342368e-07
813,1.3253338,1.4342368e-07
813,1.3253333,1.4342368e-07
813,1.3253328,1.4342368e-07
813,1.3253323,1.4342368e-07
814,1.3253318,1.4342368e-07
814,1.3253313,1.4342368e-07
814,1.3253308,1.4342368e-07
814,1.3253303,1.4342368e-07
814,1.3253298,1.4342368e-07
814,1.3253293,1.4342368e-07
814,1.3253288,1.4342368e-07
814,1.3253283,1.4342368e-07
814,1.3253278,1.4342368e-07
814,1.3253273,1.4342368e-07
814,1.3253268,1.4342368e-07
814,1.3253263,1.4342368e-07
814,1.3253258,1.4342368e-07
814,1.3253253,1.4342368e-07
814,1.3253248,1.4342368e-07
815,1.3253243,1.4342368e-07
815,1.3253238,1.4342368e-07
815,1.3253232,1.4342368e-07
815,1.3253227,1.4342368e-07
815,1.3253222,1.4528632e-07
815,1.3253217,1.4528632e-07
815,1.3253212,1.4528632e-07
815,1.3253207,1.4528632e-07
815,1.3253202,1.4528632e-07
815,1.3253197,1.4528632e-07
815,1.3253192,1.4528632e-07
815,1.3253187,1.4528632e-07
815,1.3253182,1.4528632e-07
815,1.3253177,1.4528632e-07
815,1.3253172,1.4528632e-07
815,1.3253167,1.4528632e-07
816,1.3253162,1.4528632e-07
816,1.3253157,1.4528632e-07
816,1.3253152,1.4528632e-07
816,1.3253146,1.4528632e-07
816,1.3253141,1.4528632e-07
816,1.3253136,1.4528632e-07
816,1.3253131,1.4528632e-07
816,1.3253126,1.4714897e-07
816,1.3253121,1.4714897e-07
816,1.3253116,1.4714897e-07
816,1.3253111,1.4714897e-07
816,1.3253106,1.4714897e-07
816,1.3253101,1.4714897e-07
816,1.3253096,1.4714897e-07
816,1.3253091,1.4714897e-07
816,1.3253086,1.4714897e-07
817,1.325308,1.4714897e-07
817,1.3253075,1.4714897e-07
817,1.325307,1.4714897e-07
817,1.3253065,1.4714897e-07
817,1.325306,1.4714897e-07
817,1.3253055,1.4714897e-07
817,1.325305,1.4714897e-07
817,1.3253045,1.4714897e-07
817,1.325304,1.4714897e-07
817,1.3253035,1.4714897e-07
817,1.325303,1.4901161e-07
817,1.3253024,1.4901161e-07
817,1.3253019,1.4901161e-07
817,1.3253014,1.4901161e-07
817,1.3253009,1.4901161e-07
818,1.3253004,1.4901161e-07
818,1.3252999,1.4901161e-07
818,1.3252994,1.4901161e-07
818,1.3252989,1.4901161e-07
818,1.3252984,1.4901161e-07
818,1.3252978,1.4901161e-07
818,1.3252973,1.4901161e-07
818,1.3252968,1.4901161e-07
818,1.3252963,1.4901161e-07
818,1.3252958,1.4901161e-07
818,1.3252953,1.4901161e-07
818,1.3252948,1.4901161e-07
818,1.3252943,1.4901161e-07
818,1.3252938,1.4901161e-07
818,1.3252932,1.5087426e-07
818,1.3252927,1.5087426e-07
819,1.3252922,1.5087426e-07
819,1.3252917,1.5087426e-07
819,1.3252912,1.5087426e-07
819,1.3252907,1.5087426e-07
819,1.3252902,1.5087426e-07
819,1.3252896,1.5087426e-07
819,1.3252891,1.5087426e-07
819,1.3252886,1.5087426e-07
819,1.3252881,1.5087426e-07
819,1.3252876,1.5087426e-07
819,1.3252871,1.5087426e-07
819,1.3252866,1.5087426e-07
819,1.3252861,1.5087426e-07
819,1.3252855,1.5087426e-07
819,1.325285,1.5087426e-07
820,1.3252845,1.527369e-07
820,1.325284,1.527369e-07
820,1.3252835,1.527369e-07
820,1.325283,1.527369e-07
820,1.3252824,1.527369e-07
820,1.3252819,1.527369e-07
820,1.3252814,1.527369e-07
820,1.3252809,1.527369e-07
820,1.3252804,1.527369e-07
820,1.3252799,1.527369e-07
820,1.3252794,1.5459955e-07
820,1.3252788,1.5459955e-07
820,1.3252783,1.5459955e-07
820,1.3252778,1.5459955e-07
820,1.3252773,1.5459955e-07
821,1.3252768,1.5459955e-07
821,1.3252763,1.5459955e-07
821,1.3252757,1.5459955e-07
821,1.3252752,1.5646219e-07
821,1.3252747,1.5646219e-07
821,1.3252742,1.5646219e-07
821,1.3252737,1.5646219e-07
821,1.3252732,1.5646219e-07
821,1.3252726,1.5646219e-07
821,1.3252721,1.5646219e-07
821,1.3252716,1.5646219e-07
821,1.3252711,1.5646219e-07
821,1.3252706,1.5646219e-07
821,1.32527,1.5832484e-07
821,1.3252695,1.5832484e-07
821,1.325269,1.5832484e-07
822,1.3252685,1.5832484e-07
822,1.325268,1.5832484e-07
822,1.3252674,1.5832484e-07
822,1.3252669,1.5832484e-07
822,1.3252664,1.5832484e-07
822,1.3252659,1.5832484e-07
822,1.3252654,1.6018748e-07
822,1.3252648,1.6018748e-07
822,1.3252643,1.6018748e-07
822,1.3252638,1.6018748e-07
822,1.3252633,1.6018748e-07
822,1.3252628,1.6018748e-07
822,1.3252622,1.6018748e-07
822,1.3252617,1.6018748e-07
822,1.3252612,1.6205013e-07
823,1.3252607,1.6205013e-07
823,1.3252602,1.6205013e-07
823,1.3252596,1.6205013e-07
823,1.3252591,1.6205013e-07
823,1.3252586,1.6205013e-07
823,1.3252581,1.6205013e-07
823,1.3252576,1.6205013e-07
823,1.325257,1.6391277e-07
823,1.3252565,1.6391277e-07
823,1.325256,1.6391277e-07
823,1.3252555,1.6391277e-07
823,1.3252549,1.6391277e-07
823,1.3252544,1.6391277e-07
823,1.3252539,1.6391277e-07
823,1.3252534,1.6577542e-07
824,1.3252529,1.6577542e-07
824,1.3252523,1.6577542e-07
824,1.3252518,1.6577542e-07
824,1.3252513,1.6577542e-07
824,1.3252508,1.6577542e-07
824,1.3252502,1.6763806e-07
824,1.3252497,1.6763806e-07
824,1.3252492,1.6763806e-07
824,1.3252487,1.6763806e-07
824,1.3252481,1.6763806e-07
824,1.3252476,1.6950071e-07
824,1.3252471,1.6950071e-07
824,1.3252466,1.6950071e-07
824,1.325246,1.6950071e-07
824,1.3252455,1.6950071e-07
824,1.325245,1.7136335e-07
825,1.3252445,1.7136335e-07
825,1.3252439,1.7136335e-07
825,1.3252434,1.7136335e-07
825,1.3252429,1.7136335e-07
825,1.3252424,1.73226e-07
825,1.3252418,1.73226e-07
825,1.3252413,1.73226e-07
825,1.3252408,1.73226e-07
825,1.3252403,1.7508864e-07
825,1.3252397,1.7508864e-07
825,1.3252392,1.7508864e-07
825,1.3252387,1.7508864e-07
825,1.3252382,1.7695129e-07
825,1.3252376,1.7695129e-07
825,1.3252371,1.7695129e-07
826,1.3252366,1.7695129e-07
826,1.3252361,1.7881393e-07
826,1.3252355,1.7881393e-07
826,1.325235,1.7881393e-07
826,1.3252345,1.8067658e-07
826,1.3252339,1.8067658e-07
826,1.3252334,1.8067658e-07
826,1.3252329,1.8067658e-07
826,1.3252324,1.8253922e-07
826,1.3252318,1.8253922e-07
826,1.3252313,1.8253922e-07
826,1.3252308,1.8253922e-07
826,1.3252302,1.8440187e-07
826,1.3252297,1.8440187e-07
826,1.3252292,1.8440187e-07
827,1.3252287,1.8440187e-07
827,1.3252281,1.8626451e-07
827,1.3252276,1.8626451e-07
827,1.3252271,1.8626451e-07
827,1.3252265,1.8812716e-07
827,1.325226,1.8812716e-07
827,1.3252255,1.8812716e-07
827,1.3252249,1.8812716e-07
827,1.3252244,1.8998981e-07
827,1.3252239,1.8998981e-07
827,1.3252234,1.8998981e-07
827,1.3252228,1.8998981e-07
827,1.3252223,1.9185245e-07
827,1.3252218,1.9185245e-07
827,1.3252212,1.9185245e-07
828,1.3252207,1.9185245e-07
828,1.3252202,1.937151e-07
828,1.3252196,1.937151e-07
828,1.3252191,1.937151e-07
828,1.3252186,1.9557774e-07
828,1.325218,1.9557774e-07
828,1.3252175,1.9557774e-07
828,1.325217,1.9744039e-07
828,1.3252165,1.9744039e-07
828,1.3252159,1.9744039e-07
828,1.3252154,1.9930303e-07
828,1.3252149,1.9930303e-07
828,1.3252143,1.9930303e-07
828,1.3252138,2.0116568e-07
828,1.3252133,2.0116568e-07
829,1.3252127,2.0302832e-07
829,1.3252122,2.0302832e-07
829,1.3252117,2.0302832e-07
829,1.3252111,2.0489097e-07
829,1.3252106,2.0489097e-07
829,1.3252101,2.0489097e-07
829,1.3252095,2.0675361e-07
829,1.325209,2.0675361e-07
829,1.3252085,2.0675361e-07
829,1.3252079,2.0861626e-07
829,1.3252074,2.0861626e-07
829,1.3252068,2.0861626e-07
829,1.3252063,2.104789e-07
829,1.3252058,2.104789e-07
829,1.3252052,2.104789e-07
830,1.3252047,2.1234155e-07
830,1.3252042,2.1234155e-07
830,1.3252036,2.1234155e-07
830,1.3252031,2.1420419e-07
830,1.3252026,2.1420419e-07
830,1.325202,2.1420419e-07
830,1.3252015,2.1606684e-07
830,1.325201,2.1606684e-07
830,1.3252004,2.1606684e-07
830,1.3251999,2.1792948e-07
830,1.3251994,2.1792948e-07
830,1.3251988,2.1792948e-07
830,1.3251983,2.1979213e-07
830,1.3251977,2.1979213e-07
830,1.3251972,2.1979213e-07
831,1.3251967,2.2165477e-07
831,1.3251961,2.2165477e-07
831,1.3251956,2.2165477e-07
831,1.3251951,2.2165477e-07
831,1.3251945,2.2351742e-07
831,1.325194,2.2351742e-07
831,1.3251934,2.2351742e-07
831,1.3251929,2.2538006e-07
831,1.3251924,2.2538006e-07
831,1.3251918,2.2538006e-07
831,1.3251913,2.2538006e-07
831,1.3251908,2.2724271e-07
831,1.3251902,2.2724271e-07
831,1.3251897,2.2724271e-07
831,1.3251891,2.2724271e-07
832,1.3251886,2.2910535e-07
832,1.3251881,2.2910535e-07
832,1.3251875,2.2910535e-07
832,1.325187,2.2910535e-07
832,1.3251864,2.30968e-07
832,1.3251859,2.30968e-07
832,1.3251854,2.30968e-07
832,1.3251848,2.3283064e-07
832,1.3251843,2.3283064e-07
832,1.3251837,2.3283064e-07
832,1.3251832,2.3283064e-07
832,1.3251827,2.3469329e-07
832,1.3251821,2.3469329e-07
832,1.3251816,2.3469329e-07
832,1.325181,2.3469329e-07
833,1.3251805,2.3655593e-07
833,1.32518,2.3655593e-07
833,1.3251794,2.3655593e-07
833,1.3251789,2.3655593e-07
833,1.3251783,2.3841858e-07
833,1.3251778,2.3841858e-07
833,1.3251772,2.3841858e-07
833,1.3251767,2.3841858e-07
833,1.3251762,2.4028122e-07
833,1.3251756,2.4028122e-07
833,1.3251751,2.4028122e-07
833,1.3251745,2.4028122e-07
833,1.325174,2.4028122e-07
833,1.3251734,2.4214387e-07
833,1.3251729,2.4214387e-07
834,1.3251724,2.4214387e-07
834,1.3251718,2.4214387e-07
834,1.3251713,2.4214387e-07
834,1.3251707,2.4214387e-07
834,1.3251702,2.4400651e-07
834,1.3251696,2.4400651e-07
834,1.3251691,2.4400651e-07
834,1.3251686,2.4400651e-07
834,1.325168,2.4400651e-07
834,1.3251675,2.4400651e-07
834,1.3251669,2.4400651e-07
834,1.3251664,2.4586916e-07
834,1.3251658,2.4586916e-07
834,1.3251653,2.4586916e-07
834,1.3251647,2.4586916e-07
835,1.3251642,2.4586916e-07
835,1.3251636,2.4586916e-07
835,1.3251631,2.477318e-07
835,1.3251626,2.477318e-07
835,1.325162,2.477318e-07
835,1.3251615,2.477318e-07
835,1.3251609,2.477318e-07
835,1.3251604,2.477318e-07
835,1.3251598,2.4959445e-07
835,1.3251593,2.4959445e-07
835,1.3251587,2.4959445e-07
835,1.3251582,2.4959445e-07
835,1.3251576,2.4959445e-07
835,1.3251571,2.4959445e-07
835,1.3251565,2.4959445e-07
836,1.325156,2.514571e-07
836,1.3251554,2.514571e-07
836,1.3251549,2.514571e-07
836,1.3251543,2.514571e-07
836,1.3251538,2.514571e-07
836,1.3251532,2.514571e-07
836,1.3251527,2.514571e-07
836,1.3251522,2.5331974e-07
836,1.3251516,2.5331974e-07
836,1.3251511,2.5331974e-07
836,1.3251505,2.5331974e-07
836,1.32515,2.5331974e-07
836,1.3251494,2.5331974e-07
836,1.3251489,2.5331974e-07
836,1.3251483,2.5331974e-07
837,1.3251478,2.5518239e-07
837,1.3251472,2.5518239e-07
837,1.3251467,2.5518239e-07
837,1.3251461,2.5518239e-07
837,1.3251456,2.5518239e-07
837,1.325145,2.5518239e-07
837,1.3251445,2.5518239e-07
837,1.3251439,2.5518239e-07
837,1.3251434,2.5704503e-07
837,1.3251428,2.5704503e-07
837,1.3251423,2.5704503e-07
837,1.3251417,2.5704503e-07
837,1.3251411,2.5704503e-07
837,1.3251406,2.5704503e-07
837,1.32514,2.5704503e-07
838,1.3251395,2.5704503e-07
838,1.3251389,2.5704503e-07
838,1.3251384,2.5890768e-07
838,1.3251378,2.5890768e-07
838,1.3251373,2.5890768e-07
838,1.3251367,2.5890768e-07
838,1.3251362,2.5890768e-07
838,1.3251356,2.5890768e-07
838,1.3251351,2.5890768e-07
838,1.3251345,2.5890768e-07
838,1.325134,2.5890768e-07
838,1.3251334,2.5890768e-07
838,1.3251329,2.6077032e-07
838,1.3251323,2.6077032e-07
839,1.3251317,2.6077032e-07
839,1.3251312,2.6077032e-07
839,1.3251306,2.6077032e-07
839,1.3251301,2.6077032e-07
839,1.3251295,2.6077032e-07
839,1.325129,2.6077032e-07
839,1.3251284,2.6077032e-07
839,1.3251279,2.6077032e-07
839,1.3251273,2.6077032e-07
839,1.3251268,2.6077032e-07
839,1.3251262,2.6263297e-07
839,1.3251256,2.6263297e-07
839,1.3251251,2.6263297e-07
839,1.3251245,2.6263297e-07
839,1.325124,2.6263297e-07
840,1.3251234,2.6263297e-07
840,1.3251229,2.6263297e-07
840,1.3251223,2.6263297e-07
840,1.3251217,2.6263297e-07
840,1.3251212,2.6263297e-07
840,1.3251206,2.6263297e-07
840,1.3251201,2.6263297e-07
840,1.3251195,2.6263297e-07
840,1.325119,2.6449561e-07
840,1.3251184,2.6449561e-07
840,1.3251178,2.6449561e-07
840,1.3251173,2.6449561e-07
840,1.3251167,2.6449561e-07
840,1.3251162,2.6449561e-07
840,1.3251156,2.6449561e-07
841,1.3251151,2.6449561e-07
841,1.3251145,2.6449561e-07
841,1.3251139,2.6449561e-07
841,1.3251134,2.6635826e-07
841,1.3251128,2.6635826e-07
841,1.3251123,2.6635826e-07
841,1.3251117,2.6635826e-07
841,1.3251111,2.6635826e-07
841,1.3251106,2.6635826e-07
841,1.32511,2.6635826e-07
841,1.3251095,2.6635826e-07
841,1.3251089,2.6635826e-07
841,1.3251083,2.682209e-07
841,1.3251078,2.682209e-07
842,1.3251072,2.682209e-07
842,1.3251067,2.682209e-07
842,1.3251061,2.682209e-07
842,1.3251055,2.682209e-07
842,1.325105,2.682209e-07
842,1.3251044,2.682209e-07
842,1.3251039,2.682209e-07
842,1.3251033,2.682209e-07
842,1.3251027,2.682209e-07
842,1.3251022,2.682209e-07
842,1.3251016,2.7008355e-07
842,1.325101,2.7008355e-07
842,1.3251005,2.7008355e-07
842,1.3250999,2.7008355e-07
842,1.3250994,2.7008355e-07
843,1.3250988,2.7008355e-07
843,1.3250982,2.7008355e-07
843,1.3250977,2.7008355e-07
843,1.3250971,2.7008355e-07
843,1.3250965,2.7008355e-07
843,1.325096,2.7008355e-07
843,1.3250954,2.7008355e-07
843,1.3250948,2.7008355e-07
843,1.3250943,2.7008355e-07
843,1.3250937,2.7194619e-07
843,1.3250932,2.7194619e-07
843,1.3250926,2.7194619e-07
843,1.325092,2.7194619e-07
843,1.3250915,2.7194619e-07
843,1.3250909,2.7194619e-07
844,1.3250903,2.7194619e-07
844,1.3250898,2.7194619e-07
844,1.3250892,2.7194619e-07
844,1.3250886,2.7194619e-07
844,1.3250881,2.7194619e-07
844,1.3250875,2.7194619e-07
844,1.3250869,2.7194619e-07
844,1.3250864,2.7380884e-07
844,1.3250858,2.7380884e-07
844,1.3250852,2.7380884e-07
844,1.3250847,2.7380884e-07
844,1.3250841,2.7380884e-07
844,1.3250835,2.7380884e-07
844,1.325083,2.7380884e-07
845,1.3250824,2.7380884e-07
845,1.3250818,2.7380884e-07
845,1.3250813,2.7380884e-07
845,1.3250807,2.7380884e-07
845,1.3250801,2.7380884e-07
845,1.3250796,2.7380884e-07
845,1.325079,2.7567148e-07
845,1.3250784,2.7567148e-07
845,1.3250779,2.7567148e-07
845,1.3250773,2.7567148e-07
845,1.3250767,2.7567148e-07
845,1.3250761,2.7567148e-07
845,1.3250756,2.7567148e-07
845,1.325075,2.7567148e-07
845,1.3250744,2.7567148e-07
846,1.3250739,2.7567148e-07
846,1.3250733,2.7567148e-07
846,1.3250727,2.7567148e-07
846,1.3250722,2.7567148e-07
846,1.3250716,2.7753413e-07
846,1.325071,2.7753413e-07
846,1.3250705,2.7753413e-07
846,1.3250699,2.7753413e-07
846,1.3250693,2.7753413e-07
846,1.3250687,2.7753413e-07
846,1.3250682,2.7753413e-07
846,1.3250676,2.7753413e-07
846,1.325067,2.7753413e-07
846,1.3250665,2.7753413e-07
847,1.3250659,2.7753413e-07
847,1.3250653,2.7753413e-07
847,1.3250647,2.7939677e-07
847,1.3250642,2.7939677e-07
847,1.3250636,2.7939677e-07
847,1.325063,2.7939677e-07
847,1.3250624,2.7939677e-07
847,1.3250619,2.7939677e-07
847,1.3250613,2.7939677e-07
847,1.3250607,2.7939677e-07
847,1.3250602,2.7939677e-07
847,1.3250596,2.7939677e-07
847,1.325059,2.7939677e-07
847,1.3250584,2.7939677e-07
847,1.3250579,2.8125942e-07
848,1.3250573,2.8125942e-07
848,1.3250567,2.8125942e-07
848,1.3250561,2.8125942e-07
848,1.3250556,2.8125942e-07
848,1.325055,2.8125942e-07
848,1.3250544,2.8125942e-07
848,1.3250538,2.8125942e-07
848,1.3250533,2.8125942e-07
848,1.3250527,2.8312206e-07
848,1.3250521,2.8312206e-07
848,1.3250515,2.8312206e-07
848,1.325051,2.8312206e-07
848,1.3250504,2.8312206e-07
848,1.3250498,2.8312206e-07
849,1.3250492,2.8312206e-07
849,1.3250487,2.8312206e-07
849,1.3250481,2.8312206e-07
849,1.3250475,2.8312206e-07
849,1.3250469,2.8312206e-07
849,1.3250464,2.8312206e-07
849,1.3250458,2.8312206e-07
849,1.3250452,2.8312206e-07
849,1.3250446,2.8312206e-07
849,1.325044,2.8312206e-07
849,1.3250435,2.8312206e-07
849,1.3250429,2.8312206e-07
849,1.3250423,2.8312206e-07
849,1.3250417,2.8312206e-07
850,1.3250412,2.8312206e-07
850,1.3250406,2.8312206e-07
850,1.32504,2.8312206e-07
850,1.3250394,2.8312206e-07
850,1.3250388,2.8312206e-07
850,1.3250383,2.8312206e-07
850,1.3250377,2.8312206e-07
850,1.3250371,2.8312206e-07
850,1.3250365,2.8312206e-07
850,1.3250359,2.8312206e-07
850,1.3250354,2.8312206e-07
850,1.3250348,2.8312206e-07
850,1.3250342,2.8312206e-07
850,1.3250336,2.8312206e-07
850,1.325033,2.8312206e-07
851,1.3250325,2.8312206e-07
851,1.3250319,2.8312206e-07
851,1.3250313,2.8312206e-07
851,1.3250307,2.8498471e-07
851,1.3250301,2.8498471e-07
851,1.3250295,2.8498471e-07
851,1.325029,2.8498471e-07
851,1.3250284,2.8498471e-07
851,1.3250278,2.8498471e-07
851,1.3250272,2.8498471e-07
851,1.3250266,2.8498471e-07
851,1.3250261,2.8498471e-07
851,1.3250255,2.8498471e-07
851,1.3250249,2.8498471e-07
852,1.3250243,2.8498471e-07
852,1.3250237,2.8498471e-07
852,1.3250231,2.8684735e-07
852,1.3250226,2.8684735e-07
852,1.325022,2.8684735e-07
852,1.3250214,2.8684735e-07
852,1.3250208,2.8684735e-07
852,1.3250202,2.8684735e-07
852,1.3250196,2.8684735e-07
852,1.3250191,2.8684735e-07
852,1.3250185,2.8684735e-07
852,1.3250179,2.8684735e-07
852,1.3250173,2.8871e-07
852,1.3250167,2.8871e-07
853,1.3250161,2.8871e-07
853,1.3250155,2.8871e-07
853,1.325015,2.8871e-07
853,1.3250144,2.8871e-07
853,1.3250138,2.8871e-07
853,1.3250132,2.8871e-07
853,1.3250126,2.8871e-07
853,1.325012,2.9057264e-07
853,1.3250114,2.9057264e-07
853,1.3250109,2.9057264e-07
853,1.3250103,2.9057264e-07
853,1.3250097,2.9057264e-07
853,1.3250091,2.9057264e-07
853,1.3250085,2.9057264e-07
853,1.3250079,2.9057264e-07
854,1.3250073,2.9057264e-07
854,1.3250067,2.9057264e-07
854,1.3250062,2.9057264e-07
854,1.3250056,2.9057264e-07
854,1.325005,2.9057264e-07
854,1.3250044,2.9243529e-07
854,1.3250038,2.9243529e-07
854,1.3250032,2.9243529e-07
854,1.3250026,2.9243529e-07
854,1.325002,2.9243529e-07
854,1.3250014,2.9243529e-07
854,1.3250009,2.9243529e-07
854,1.3250003,2.9243529e-07
854,1.3249997,2.9243529e-07
855,1.3249991,2.9243529e-07
855,1.3249985,2.9243529e-07
855,1.3249979,2.9243529e-07
855,1.3249973,2.9429793e-07
855,1.3249967,2.9429793e-07
855,1.3249961,2.9429793e-07
855,1.3249955,2.9429793e-07
855,1.324995,2.9429793e-07
855,1.3249944,2.9429793e-07
855,1.3249938,2.9429793e-07
855,1.3249932,2.9429793e-07
855,1.3249926,2.9429793e-07
855,1.324992,2.9616058e-07
855,1.3249914,2.9616058e-07
856,1.3249908,2.9616058e-07
856,1.3249902,2.9616058e-07
856,1.3249896,2.9616058e-07
856,1.324989,2.9616058e-07
856,1.3249884,2.9616058e-07
856,1.3249878,2.9616058e-07
856,1.3249873,2.9616058e-07
856,1.3249867,2.9616058e-07
856,1.3249861,2.9616058e-07
856,1.3249855,2.9616058e-07
856,1.3249849,2.9802322e-07
856,1.3249843,2.9802322e-07
856,1.3249837,2.9802322e-07
856,1.3249831,2.9802322e-07
857,1.3249825,2.9802322e-07
857,1.3249819,2.9802322e-07
857,1.3249813,2.9802322e-07
857,1.3249807,2.9802322e-07
857,1.3249801,2.9802322e-07
857,1.3249795,2.9802322e-07
857,1.3249789,2.9802322e-07
857,1.3249783,2.9802322e-07
857,1.3249777,2.9802322e-07
857,1.3249772,2.9802322e-07
857,1.3249766,2.9802322e-07
857,1.324976,2.9802322e-07
857,1.3249754,2.9802322e-07
857,1.3249748,2.9802322e-07
858,1.3249742,2.9802322e-07
858,1.3249736,2.9802322e-07
858,1.324973,2.9802322e-07
858,1.3249724,2.9802322e-07
858,1.3249718,2.9802322e-07
858,1.3249712,2.9802322e-07
858,1.3249706,2.9802322e-07
858,1.32497,2.9802322e-07
858,1.3249694,2.9802322e-07
858,1.3249688,2.9802322e-07
858,1.3249682,2.9802322e-07
858,1.3249676,2.9988587e-07
858,1.324967,2.9988587e-07
858,1.3249664,2.9988587e-07
859,1.3249658,2.9988587e-07
859,1.3249652,2.9988587e-07
859,1.3249646,2.9988587e-07
859,1.324964,2.9988587e-07
859,1.3249634,2.9988587e-07
859,1.3249628,2.9988587e-07
859,1.3249622,2.9988587e-07
859,1.3249616,2.9988587e-07
859,1.324961,2.9988587e-07
859,1.3249604,2.9988587e-07
859,1.3249598,3.0174851e-07
859,1.3249592,3.0174851e-07
859,1.3249586,3.0174851e-07
859,1.324958,3.0174851e-07
860,1.3249574,3.0174851e-07
860,1.3249568,3.0174851e-07
860,1.3249562,3.0361116e-07
860,1.3249556,3.0361116e-07
860,1.324955,3.0361116e-07
860,1.3249544,3.0361116e-07
860,1.3249538,3.0361116e-07
860,1.3249532,3.054738e-07
860,1.3249526,3.054738e-07
860,1.324952,3.054738e-07
860,1.3249514,3.054738e-07
860,1.3249508,3.054738e-07
860,1.3249502,3.054738e-07
860,1.3249496,3.054738e-07
861,1.324949,3.054738e-07
861,1.3249484,3.054738e-07
861,1.3249478,3.0733645e-07
861,1.3249471,3.0733645e-07
861,1.3249465,3.0733645e-07
861,1.3249459,3.0733645e-07
861,1.3249453,3.0733645e-07
861,1.3249447,3.0733645e-07
861,1.3249441,3.0733645e-07
861,1.3249435,3.0733645e-07
861,1.3249429,3.0733645e-07
861,1.3249423,3.0733645e-07
861,1.3249417,3.0733645e-07
861,1.3249411,3.0733645e-07
862,1.3249405,3.0733645e-07
862,1.3249399,3.0733645e-07
862,1.3249393,3.0733645e-07
862,1.3249387,3.0919909e-07
862,1.3249381,3.0919909e-07
862,1.3249375,3.0919909e-07
862,1.3249369,3.0919909e-07
862,1.3249362,3.0919909e-07
862,1.3249356,3.0919909e-07
862,1.324935,3.0919909e-07
862,1.3249344,3.0919909e-07
862,1.3249338,3.0919909e-07
862,1.3249332,3.0919909e-07
862,1.3249326,3.1106174e-07
863,1.324932,3.1106174e-07
863,1.3249314,3.1106174e-07
863,1.3249308,3.1106174e-07
863,1.3249302,3.1106174e-07
863,1.3249296,3.1106174e-07
863,1.324929,3.1106174e-07
863,1.3249283,3.1106174e-07
863,1.3249277,3.1106174e-07
863,1.3249271,3.1292439e-07
863,1.3249265,3.1292439e-07
863,1.3249259,3.1292439e-07
863,1.3249253,3.1292439e-07
863,1.3249247,3.1292439e-07
863,1.3249241,3.1292439e-07
864,1.3249235,3.1292439e-07
864,1.3249229,3.1292439e-07
864,1.3249222,3.1292439e-07
864,1.3249216,3.1478703e-07
864,1.324921,3.1478703e-07
864,1.3249204,3.1478703e-07
864,1.3249198,3.1478703e-07
864,1.3249192,3.1478703e-07
864,1.3249186,3.1478703e-07
864,1.324918,3.1478703e-07
864,1.3249173,3.1478703e-07
864,1.3249167,3.1478703e-07
864,1.3249161,3.1478703e-07
864,1.3249155,3.1664968e-07
865,1.3249149,3.1664968e-07
865,1.3249143,3.1664968e-07
865,1.3249137,3.1664968e-07
865,1.3249131,3.1664968e-07
865,1.3249124,3.1664968e-07
865,1.3249118,3.1664968e-07
865,1.3249112,3.1664968e-07
865,1.3249106,3.1664968e-07
865,1.32491,3.1851232e-07
865,1.3249094,3.1851232e-07
865,1.3249088,3.1851232e-07
865,1.3249081,3.1851232e-07
865,1.3249075,3.1851232e-07
865,1.3249069,3.1851232e-07
866,1.3249063,3.1851232e-07
866,1.3249057,3.1851232e-07
866,1.3249051,3.1851232e-07
866,1.3249045,3.1851232e-07
866,1.3249038,3.2037497e-07
866,1.3249032,3.2037497e-07
866,1.3249026,3.2037497e-07
866,1.324902,3.2037497e-07
866,1.3249014,3.2037497e-07
866,1.3249008,3.2037497e-07
866,1.3249001,3.2037497e-07
866,1.3248995,3.2037497e-07
866,1.3248989,3.2037497e-07
866,1.3248983,3.2037497e-07
867,1.3248977,3.2223761e-07
867,1.3248971,3.2223761e-07
867,1.3248964,3.2223761e-07
867,1.3248958,3.2223761e-07
867,1.3248952,3.2223761e-07
867,1.3248946,3.2223761e-07
867,1.324894,3.2223761e-07
867,1.3248933,3.2223761e-07
867,1.3248927,3.2223761e-07
867,1.3248921,3.2410026e-07
867,1.3248915,3.2410026e-07
867,1.3248909,3.2410026e-07
867,1.3248902,3.2410026e-07
868,1.3248896,3.2410026e-07
868,1.324889,3.2410026e-07
868,1.3248884,3.2410026e-07
868,1.3248878,3.2410026e-07
868,1.3248871,3.2410026e-07
868,1.3248865,3.2410026e-07
868,1.3248859,3.259629e-07
868,1.3248853,3.259629e-07
868,1.3248847,3.259629e-07
868,1.324884,3.259629e-07
868,1.3248834,3.259629e-07
868,1.3248828,3.259629e-07
868,1.3248822,3.259629e-07
868,1.3248816,3.259629e-07
869,1.3248809,3.259629e-07
869,1.3248803,3.259629e-07
869,1.3248797,3.2782555e-07
869,1.3248791,3.2782555e-07
869,1.3248784,3.2782555e-07
869,1.3248778,3.2782555e-07
869,1.3248772,3.2782555e-07
869,1.3248766,3.2782555e-07
869,1.3248759,3.2782555e-07
869,1.3248753,3.2782555e-07
869,1.3248747,3.2782555e-07
869,1.3248741,3.2968819e-07
869,1.3248734,3.2968819e-07
869,1.3248728,3.2968819e-07
870,1.3248722,3.2968819e-07
870,1.3248716,3.2968819e-07
870,1.3248709,3.2968819e-07
870,1.3248703,3.2968819e-07
870,1.3248697,3.3155084e-07
870,1.3248691,3.3155084e-07
870,1.3248684,3.3155084e-07
870,1.3248678,3.3155084e-07
870,1.3248672,3.3155084e-07
870,1.3248666,3.3155084e-07
870,1.3248659,3.3341348e-07
870,1.3248653,3.3341348e-07
870,1.3248647,3.3341348e-07
870,1.3248641,3.3341348e-07
871,1.3248634,3.3341348e-07
871,1.3248628,3.3341348e-07
871,1.3248622,3.3527613e-07
871,1.3248616,3.3527613e-07
871,1.3248609,3.3527613e-07
871,1.3248603,3.3527613e-07
871,1.3248597,3.3527613e-07
871,1.324859,3.3527613e-07
871,1.3248584,3.3527613e-07
871,1.3248578,3.3713877e-07
871,1.3248572,3.3713877e-07
871,1.3248565,3.3713877e-07
871,1.3248559,3.3713877e-07
872,1.3248553,3.3713877e-07
872,1.3248546,3.3713877e-07
872,1.324854,3.3713877e-07
872,1.3248534,3.3713877e-07
872,1.3248527,3.3900142e-07
872,1.3248521,3.3900142e-07
872,1.3248515,3.3900142e-07
872,1.3248509,3.3900142e-07
872,1.3248502,3.3900142e-07
872,1.3248496,3.3900142e-07
872,1.324849,3.3900142e-07
872,1.3248483,3.3900142e-07
872,1.3248477,3.4086406e-07
872,1.3248471,3.4086406e-07
873,1.3248464,3.4086406e-07
873,1.3248458,3.4086406e-07
873,1.3248452,3.4086406e-07
873,1.3248445,3.4086406e-07
873,1.3248439,3.4086406e-07
873,1.3248433,3.4272671e-07
873,1.3248426,3.4272671e-07
873,1.324842,3.4272671e-07
873,1.3248414,3.4272671e-07
873,1.3248407,3.4272671e-07
873,1.3248401,3.4272671e-07
873,1.3248395,3.4272671e-07
873,1.3248388,3.4272671e-07
874,1.3248382,3.4458935e-07
874,1.3248376,3.4458935e-07
874,1.3248369,3.4458935e-07
874,1.3248363,3.4458935e-07
874,1.3248357,3.4458935e-07
874,1.324835,3.4458935e-07
874,1.3248344,3.4458935e-07
874,1.3248338,3.46452e-07
874,1.3248331,3.46452e-07
874,1.3248325,3.46452e-07
874,1.3248319,3.46452e-07
874,1.3248312,3.46452e-07
874,1.3248306,3.46452e-07
874,1.3248299,3.4831464e-07
875,1.3248293,3.4831464e-07
875,1.3248287,3.4831464e-07
875,1.324828,3.4831464e-07
875,1.3248274,3.4831464e-07
875,1.3248268,3.5017729e-07
875,1.3248261,3.5017729e-07
875,1.3248255,3.5017729e-07
875,1.3248248,3.5017729e-07
875,1.3248242,3.5017729e-07
875,1.3248236,3.5203993e-07
875,1.3248229,3.5203993e-07
875,1.3248223,3.5203993e-07
875,1.3248217,3.5203993e-07
875,1.324821,3.5203993e-07
876,1.3248204,3.5203993e-07
876,1.3248197,3.5203993e-07
876,1.3248191,3.5390258e-07
876,1.3248185,3.5390258e-07
876,1.3248178,3.5390258e-07
876,1.3248172,3.5390258e-07
876,1.3248165,3.5390258e-07
876,1.3248159,3.5390258e-07
876,1.3248153,3.5390258e-07
876,1.3248146,3.5390258e-07
876,1.324814,3.5576522e-07
876,1.3248133,3.5576522e-07
876,1.3248127,3.5576522e-07
877,1.3248121,3.5576522e-07
877,1.3248114,3.5576522e-07
877,1.3248108,3.5576522e-07
877,1.3248101,3.5576522e-07
877,1.3248095,3.5576522e-07
877,1.3248088,3.5762787e-07
877,1.3248082,3.5762787e-07
877,1.3248076,3.5762787e-07
877,1.3248069,3.5762787e-07
877,1.3248063,3.5762787e-07
877,1.3248056,3.5762787e-07
877,1.324805,3.5949051e-07
877,1.3248043,3.5949051e-07
877,1.3248037,3.5949051e-07
878,1.3248031,3.5949051e-07
878,1.3248024,3.5949051e-07
878,1.3248018,3.6135316e-07
878,1.3248011,3.6135316e-07
878,1.3248005,3.6135316e-07
878,1.3247998,3.6135316e-07
878,1.3247992,3.6135316e-07
878,1.3247985,3.632158e-07
878,1.3247979,3.632158e-07
878,1.3247973,3.632158e-07
878,1.3247966,3.632158e-07
878,1.324796,3.632158e-07
878,1.3247953,3.6507845e-07
879,1.3247947,3.6507845e-07
879,1.324794,3.6507845e-07
879,1.3247934,3.6507845e-07
879,1.3247927,3.6507845e-07
879,1.3247921,3.6507845e-07
879,1.3247914,3.6694109e-07
879,1.3247908,3.6694109e-07
879,1.3247901,3.6694109e-07
879,1.3247895,3.6694109e-07
879,1.3247888,3.6694109e-07
879,1.3247882,3.6694109e-07
879,1.3247875,3.6880374e-07
879,1.3247869,3.6880374e-07
880,1.3247862,3.6880374e-07
880,1.3247856,3.6880374e-07
880,1.324785,3.6880374e-07
880,1.3247843,3.7066638e-07
880,1.3247837,3.7066638e-07
880,1.324783,3.7066638e-07
880,1.3247824,3.7066638e-07
880,1.3247817,3.7066638e-07
880,1.3247811,3.7252903e-07
880,1.3247804,3.7252903e-07
880,1.3247798,3.7252903e-07
880,1.3247791,3.7252903e-07
880,1.3247785,3.7252903e-07
880,1.3247778,3.7252903e-07
881,1.3247771,3.7439167e-07
881,1.3247765,3.7439167e-07
881,1.3247758,3.7439167e-07
881,1.3247752,3.7439167e-07
881,1.3247745,3.7439167e-07
881,1.3247739,3.7439167e-07
881,1.3247732,3.7625432e-07
881,1.3247726,3.7625432e-07
881,1.3247719,3.7625432e-07
881,1.3247713,3.7625432e-07
881,1.3247706,3.7625432e-07
881,1.32477,3.7811697e-07
881,1.3247693,3.7811697e-07
882,1.3247687,3.7811697e-07
882,1.324768,3.7811697e-07
882,1.3247674,3.7811697e-07
882,1.3247667,3.7811697e-07
882,1.3247661,3.7997961e-07
882,1.3247654,3.7997961e-07
882,1.3247647,3.7997961e-07
882,1.3247641,3.7997961e-07
882,1.3247634,3.7997961e-07
882,1.3247628,3.7997961e-07
882,1.3247621,3.7997961e-07
882,1.3247615,3.8184226e-07
882,1.3247608,3.8184226e-07
883,1.3247602,3.8184226e-07
883,1.3247595,3.8184226e-07
883,1.3247588,3.8184226e-07
883,1.3247582,3.8184226e-07
883,1.3247575,3.8184226e-07
883,1.3247569,3.837049e-07
883,1.3247562,3.837049e-07
883,1.3247556,3.837049e-07
883,1.3247549,3.837049e-07
883,1.3247542,3.837049e-07
883,1.3247536,3.8556755e-07
883,1.3247529,3.8556755e-07
883,1.3247523,3.8556755e-07
883,1.3247516,3.8556755e-07
884,1.3247509,3.8556755e-07
884,1.3247503,3.8743019e-07
884,1.3247496,3.8743019e-07
884,1.324749,3.8743019e-07
884,1.3247483,3.8743019e-07
884,1.3247477,3.8743019e-07
884,1.324747,3.8929284e-07
884,1.3247463,3.8929284e-07
884,1.3247457,3.8929284e-07
884,1.324745,3.8929284e-07
884,1.3247444,3.9115548e-07
884,1.3247437,3.9115548e-07
884,1.324743,3.9115548e-07
885,1.3247424,3.9115548e-07
885,1.3247417,3.9115548e-07
885,1.324741,3.9301813e-07
885,1.3247404,3.9301813e-07
885,1.3247397,3.9301813e-07
885,1.3247391,3.9301813e-07
885,1.3247384,3.9301813e-07
885,1.3247377,3.9488077e-07
885,1.3247371,3.9488077e-07
885,1.3247364,3.9488077e-07
885,1.3247358,3.9488077e-07
885,1.3247351,3.9488077e-07
885,1.3247344,3.9488077e-07
886,1.3247338,3.9674342e-07
886,1.3247331,3.9674342e-07
886,1.3247324,3.9674342e-07
886,1.3247318,3.9674342e-07
886,1.3247311,3.9674342e-07
886,1.3247304,3.9674342e-07
886,1.3247298,3.9860606e-07
886,1.3247291,3.9860606e-07
886,1.3247284,3.9860606e-07
886,1.3247278,3.9860606e-07
886,1.3247271,3.9860606e-07
886,1.3247264,4.0046871e-07
886,1.3247258,4.0046871e-07
887,1.3247251,4.0046871e-07
887,1.3247245,4.0046871e-07
887,1.3247238,4.0046871e-07
887,1.3247231,4.0046871e-07
887,1.3247225,4.0233135e-07
887,1.3247218,4.0233135e-07
887,1.3247211,4.0233135e-07
887,1.3247205,4.0233135e-07
887,1.3247198,4.0233135e-07
887,1.3247191,4.0233135e-07
887,1.3247184,4.04194e-07
887,1.3247178,4.04194e-07
887,1.3247171,4.04194e-07
887,1.3247164,4.04194e-07
888,1.3247158,4.04194e-07
888,1.3247151,4.0605664e-07
888,1.3247144,4.0605664e-07
888,1.3247138,4.0605664e-07
888,1.3247131,4.0605664e-07
888,1.3247124,4.0605664e-07
888,1.3247118,4.0791929e-07
888,1.3247111,4.0791929e-07
888,1.3247104,4.0791929e-07
888,1.3247097,4.0791929e-07
888,1.3247091,4.0791929e-07
888,1.3247084,4.0791929e-07
888,1.3247077,4.0978193e-07
889,1.3247071,4.0978193e-07
889,1.3247064,4.0978193e-07
889,1.3247057,4.0978193e-07
889,1.3247051,4.0978193e-07
889,1.3247044,4.0978193e-07
889,1.3247037,4.1164458e-07
889,1.324703,4.1164458e-07
889,1.3247024,4.1164458e-07
889,1.3247017,4.1164458e-07
889,1.324701,4.1164458e-07
889,1.3247003,4.1350722e-07
889,1.3246997,4.1350722e-07
889,1.324699,4.1350722e-07
890,1.3246983,4.1350722e-07
890,1.3246977,4.1350722e-07
890,1.324697,4.1350722e-07
890,1.3246963,4.1536987e-07
890,1.3246956,4.1536987e-07
890,1.324695,4.1536987e-07
890,1.3246943,4.1536987e-07
890,1.3246936,4.1536987e-07
890,1.3246929,4.1723251e-07
890,1.3246923,4.1723251e-07
890,1.3246916,4.1723251e-07
890,1.3246909,4.1723251e-07
890,1.3246902,4.1723251e-07
891,1.3246896,4.1723251e-07
891,1.3246889,4.1909516e-07
891,1.3246882,4.1909516e-07
891,1.3246875,4.1909516e-07
891,1.3246868,4.1909516e-07
891,1.3246862,4.1909516e-07
891,1.3246855,4.209578e-07
891,1.3246848,4.209578e-07
891,1.3246841,4.209578e-07
891,1.3246835,4.209578e-07
891,1.3246828,4.209578e-07
891,1.3246821,4.2282045e-07
891,1.3246814,4.2282045e-07
892,1.3246807,4.2282045e-07
892,1.3246801,4.2282045e-07
892,1.3246794,4.2282045e-07
892,1.3246787,4.2282045e-07
892,1.324678,4.2468309e-07
892,1.3246773,4.2468309e-07
892,1.3246767,4.2468309e-07
892,1.324676,4.2468309e-07
892,1.3246753,4.2468309e-07
892,1.3246746,4.2468309e-07
892,1.3246739,4.2654574e-07
892,1.3246733,4.2654574e-07
892,1.3246726,4.2654574e-07
893,1.3246719,4.2654574e-07
893,1.3246712,4.2654574e-07
893,1.3246705,4.2840838e-07
893,1.3246699,4.2840838e-07
893,1.3246692,4.2840838e-07
893,1.3246685,4.2840838e-07
893,1.3246678,4.2840838e-07
893,1.3246671,4.2840838e-07
893,1.3246664,4.3027103e-07
893,1.3246658,4.3027103e-07
893,1.3246651,4.3027103e-07
893,1.3246644,4.3027103e-07
893,1.3246637,4.3027103e-07
894,1.324663,4.3213367e-07
894,1.3246623,4.3213367e-07
894,1.3246617,4.3213367e-07
894,1.324661,4.3213367e-07
894,1.3246603,4.3213367e-07
894,1.3246596,4.3213367e-07
894,1.3246589,4.3399632e-07
894,1.3246582,4.3399632e-07
894,1.3246576,4.3399632e-07
894,1.3246569,4.3399632e-07
894,1.3246562,4.3399632e-07
894,1.3246555,4.3585896e-07
894,1.3246548,4.3585896e-07
895,1.3246541,4.3585896e-07
895,1.3246534,4.3585896e-07
895,1.3246528,4.3585896e-07
895,1.3246521,4.3585896e-07
895,1.3246514,4.3772161e-07
895,1.3246507,4.3772161e-07
895,1.32465,4.3772161e-07
895,1.3246493,4.3772161e-07
895,1.3246486,4.3772161e-07
895,1.3246479,4.3958426e-07
895,1.3246473,4.3958426e-07
895,1.3246466,4.3958426e-07
895,1.3246459,4.3958426e-07
896,1.3246452,4.3958426e-07
896,1.3246445,4.3958426e-07
896,1.3246438,4.414469e-07
896,1.3246431,4.414469e-07
896,1.3246424,4.414469e-07
896,1.3246417,4.414469e-07
896,1.324641,4.414469e-07
896,1.3246404,4.4330955e-07
896,1.3246397,4.4330955e-07
896,1.324639,4.4330955e-07
896,1.3246383,4.4330955e-07
896,1.3246376,4.4330955e-07
896,1.3246369,4.4330955e-07
897,1.3246362,4.4517219e-07
897,1.3246355,4.4517219e-07
897,1.3246348,4.4517219e-07
897,1.3246341,4.4517219e-07
897,1.3246334,4.4517219e-07
897,1.3246328,4.4703484e-07
897,1.3246321,4.4703484e-07
897,1.3246314,4.4703484e-07
897,1.3246307,4.4703484e-07
897,1.32463,4.4703484e-07
897,1.3246293,4.4703484e-07
897,1.3246286,4.4889748e-07
897,1.3246279,4.4889748e-07
898,1.3246272,4.4889748e-07
898,1.3246265,4.4889748e-07
898,1.3246258,4.4889748e-07
898,1.3246251,4.5076013e-07
898,1.3246244,4.5076013e-07
898,1.3246237,4.5076013e-07
898,1.324623,4.5076013e-07
898,1.3246223,4.5076013e-07
898,1.3246216,4.5076013e-07
898,1.3246209,4.5262277e-07
898,1.3246203,4.5262277e-07
898,1.3246196,4.5262277e-07
899,1.3246189,4.5262277e-07
899,1.3246182,4.5262277e-07
899,1.3246175,4.5262277e-07
899,1.3246168,4.5448542e-07
899,1.3246161,4.5448542e-07
899,1.3246154,4.5448542e-07
899,1.3246147,4.5448542e-07
899,1.324614,4.5448542e-07
899,1.3246133,4.5634806e-07
899,1.3246126,4.5634806e-07
899,1.3246119,4.5634806e-07
899,1.3246112,4.5634806e-07
899,1.3246105,4.5634806e-07
900,1.3246098,4.5821071e-07
900,1.3246091,4.5821071e-07
900,1.3246084,4.5821071e-07
900,1.3246077,4.5821071e-07
900,1.324607,4.5821071e-07
900,1.3246063,4.6007335e-07
900,1.3246056,4.6007335e-07
900,1.3246049,4.6007335e-07
900,1.3246042,4.6007335e-07
900,1.3246035,4.61936e-07
900,1.3246028,4.61936e-07
900,1.3246021,4.61936e-07
900,1.3246014,4.61936e-07
901,1.3246007,4.61936e-07
901,1.3246,4.6379864e-07
901,1.3245993,4.6379864e-07
901,1.3245986,4.6379864e-07
901,1.3245979,4.6379864e-07
901,1.3245972,4.6379864e-07
901,1.3245965,4.6566129e-07
901,1.3245958,4.6566129e-07
901,1.3245951,4.6566129e-07
901,1.3245944,4.6566129e-07
901,1.3245936,4.6566129e-07
901,1.3245929,4.6752393e-07
901,1.3245922,4.6752393e-07
902,1.3245915,4.6752393e-07
902,1.3245908,4.6752393e-07
902,1.3245901,4.6938658e-07
902,1.3245894,4.6938658e-07
902,1.3245887,4.6938658e-07
902,1.324588,4.6938658e-07
902,1.3245873,4.6938658e-07
902,1.3245866,4.7124922e-07
902,1.3245859,4.7124922e-07
902,1.3245852,4.7124922e-07
902,1.3245845,4.7124922e-07
902,1.3245838,4.7124922e-07
902,1.3245831,4.7311187e-07
903,1.3245824,4.7311187e-07
903,1.3245817,4.7311187e-07
903,1.3245809,4.7311187e-07
903,1.3245802,4.7497451e-07
903,1.3245795,4.7497451e-07
903,1.3245788,4.7497451e-07
903,1.3245781,4.7497451e-07
903,1.3245774,4.7683716e-07
903,1.3245767,4.7683716e-07
903,1.324576,4.7683716e-07
903,1.3245753,4.7683716e-07
903,1.3245746,4.7683716e-07
904,1.3245739,4.786998e-07
904,1.3245731,4.786998e-07
904,1.3245724,4.786998e-07
904,1.3245717,4.786998e-07
904,1.324571,4.8056245e-07
904,1.3245703,4.8056245e-07
904,1.3245696,4.8056245e-07
904,1.3245689,4.8056245e-07
904,1.3245682,4.8242509e-07
904,1.3245675,4.8242509e-07
904,1.3245667,4.8242509e-07
904,1.324566,4.8242509e-07
904,1.3245653,4.8242509e-07
905,1.3245646,4.8428774e-07
905,1.3245639,4.8428774e-07
905,1.3245632,4.8428774e-07
905,1.3245625,4.8428774e-07
905,1.3245618,4.8428774e-07
905,1.324561,4.8615038e-07
905,1.3245603,4.8615038e-07
905,1.3245596,4.8615038e-07
905,1.3245589,4.8615038e-07
905,1.3245582,4.8615038e-07
905,1.3245575,4.8801303e-07
905,1.3245568,4.8801303e-07
905,1.324556,4.8801303e-07
906,1.3245553,4.8801303e-07
906,1.3245546,4.8987567e-07
906,1.3245539,4.8987567e-07
906,1.3245532,4.8987567e-07
906,1.3245525,4.8987567e-07
906,1.3245517,4.9173832e-07
906,1.324551,4.9173832e-07
906,1.3245503,4.9173832e-07
906,1.3245496,4.9173832e-07
906,1.3245489,4.9360096e-07
906,1.3245482,4.9360096e-07
906,1.3245474,4.9360096e-07
907,1.3245467,4.9360096e-07
907,1.324546,4.9546361e-07
907,1.3245453,4.9546361e-07
907,1.3245446,4.9546361e-07
907,1.3245439,4.9732625e-07
907,1.3245431,4.9732625e-07
907,1.3245424,4.9732625e-07
907,1.3245417,4.9732625e-07
907,1.324541,4.991889e-07
907,1.3245403,4.991889e-07
907,1.3245395,4.991889e-07
907,1.3245388,4.991889e-07
907,1.3245381,5.0105155e-07
908,1.3245374,5.0105155e-07
908,1.3245367,5.0105155e-07
908,1.3245359,5.0291419e-07
908,1.3245352,5.0291419e-07
908,1.3245345,5.0291419e-07
908,1.3245338,5.0291419e-07
908,1.3245331,5.0477684e-07
908,1.3245323,5.0477684e-07
908,1.3245316,5.0477684e-07
908,1.3245309,5.0663948e-07
908,1.3245302,5.0663948e-07
908,1.3245294,5.0663948e-07
909,1.3245287,5.0850213e-07
909,1.324528,5.0850213e-07
909,1.3245273,5.0850213e-07
909,1.3245265,5.0850213e-07
909,1.3245258,5.1036477e-07
909,1.3245251,5.1036477e-07
909,1.3245244,5.1036477e-07
909,1.3245236,5.1222742e-07
909,1.3245229,5.1222742e-07
909,1.3245222,5.1222742e-07
909,1.3245215,5.1409006e-07
909,1.3245207,5.1409006e-07
909,1.32452,5.1409006e-07
910,1.3245193,5.1409006e-07
910,1.3245186,5.1595271e-07
910,1.3245178,5.1595271e-07
910,1.3245171,5.1595271e-07
910,1.3245164,5.1781535e-07
910,1.3245157,5.1781535e-07
910,1.3245149,5.1781535e-07
910,1.3245142,5.19678e-07
910,1.3245135,5.19678e-07
910,1.3245128,5.19678e-07
910,1.324512,5.2154064e-07
910,1.3245113,5.2154064e-07
911,1.3245106,5.2154064e-07
911,1.3245098,5.2340329e-07
911,1.3245091,5.2340329e-07
911,1.3245084,5.2340329e-07
911,1.3245077,5.2526593e-07
911,1.3245069,5.2526593e-07
911,1.3245062,5.2526593e-07
911,1.3245055,5.2712858e-07
911,1.3245047,5.2712858e-07
911,1.324504,5.2712858e-07
911,1.3245033,5.2899122e-07
911,1.3245025,5.2899122e-07
911,1.3245018,5.2899122e-07
912,1.3245011,5.3085387e-07
912,1.3245003,5.3085387e-07
912,1.3244996,5.3085387e-07
912,1.3244989,5.3271651e-07
912,1.3244981,5.3271651e-07
912,1.3244974,5.3271651e-07
912,1.3244967,5.3457916e-07
912,1.3244959,5.3457916e-07
912,1.3244952,5.364418e-07
912,1.3244945,5.364418e-07
912,1.3244937,5.364418e-07
912,1.324493,5.3830445e-07
913,1.3244923,5.3830445e-07
913,1.3244915,5.4016709e-07
913,1.3244908,5.4016709e-07
913,1.3244901,5.4016709e-07
913,1.3244893,5.4202974e-07
913,1.3244886,5.4202974e-07
913,1.3244879,5.4389238e-07
913,1.3244871,5.4389238e-07
913,1.3244864,5.4389238e-07
913,1.3244857,5.4575503e-07
913,1.3244849,5.4575503e-07
913,1.3244842,5.4761767e-07
913,1.3244835,5.4761767e-07
914,1.3244827,5.4948032e-07
914,1.324482,5.4948032e-07
914,1.3244812,5.5134296e-07
914,1.3244805,5.5134296e-07
914,1.3244798,5.5134296e-07
914,1.324479,5.5320561e-07
914,1.3244783,5.5320561e-07
914,1.3244776,5.5506825e-07
914,1.3244768,5.5506825e-07
914,1.3244761,5.569309e-07
914,1.3244753,5.569309e-07
914,1.3244746,5.5879354e-07
915,1.3244739,5.5879354e-07
915,1.3244731,5.6065619e-07
915,1.3244724,5.6065619e-07
915,1.3244716,5.6251884e-07
915,1.3244709,5.6251884e-07
915,1.3244702,5.6251884e-07
915,1.3244694,5.6438148e-07
915,1.3244687,5.6438148e-07
915,1.3244679,5.6624413e-07
915,1.3244672,5.6624413e-07
915,1.3244664,5.6810677e-07
915,1.3244657,5.6996942e-07
915,1.324465,5.6996942e-07
916,1.3244642,5.7183206e-07
916,1.3244635,5.7183206e-07
916,1.3244627,5.7369471e-07
916,1.324462,5.7369471e-07
916,1.3244612,5.7555735e-07
916,1.3244605,5.7555735e-07
916,1.3244598,5.7742e-07
916,1.324459,5.7928264e-07
916,1.3244583,5.7928264e-07
916,1.3244575,5.7928264e-07
916,1.3244568,5.8114529e-07
916,1.324456,5.8300793e-07
917,1.3244553,5.8300793e-07
917,1.3244545,5.8487058e-07
917,1.3244538,5.8673322e-07
917,1.3244531,5.8673322e-07
917,1.3244523,5.8859587e-07
917,1.3244516,5.9045851e-07
917,1.3244508,5.9045851e-07
917,1.3244501,5.9232116e-07
917,1.3244493,5.9232116e-07
917,1.3244486,5.941838e-07
917,1.3244478,5.9604645e-07
917,1.3244471,5.9604645e-07
918,1.3244463,5.9790909e-07
918,1.3244456,5.9790909e-07
918,1.3244448,5.9977174e-07
918,1.3244441,6.0163438e-07
918,1.3244433,6.0163438e-07
918,1.3244426,6.0349703e-07
918,1.3244418,6.0535967e-07
918,1.3244411,6.0535967e-07
918,1.3244403,6.0722232e-07
918,1.3244396,6.0908496e-07
918,1.3244388,6.0908496e-07
918,1.3244381,6.1094761e-07
919,1.3244373,6.1281025e-07
919,1.3244366,6.1281025e-07
919,1.3244358,6.146729e-07
919,1.3244351,6.1653554e-07
919,1.3244343,6.1653554e-07
919,1.3244336,6.1839819e-07
919,1.3244328,6.2026083e-07
919,1.3244321,6.2212348e-07
919,1.3244313,6.2398612e-07
919,1.3244306,6.2398612e-07
919,1.3244298,6.2584877e-07
919,1.3244291,6.2771142e-07
919,1.3244283,6.2771142e-07
920,1.3244276,6.2957406e-07
920,1.3244268,6.3143671e-07
920,1.324426,6.3329935e-07
920,1.3244253,6.35162e-07
920,1.3244245,6.3702464e-07
920,1.3244238,6.3702464e-07
920,1.324423,6.3888729e-07
920,1.3244223,6.4074993e-07
920,1.3244215,6.4261258e-07
920,1.3244208,6.4447522e-07
920,1.32442,6.4447522e-07
920,1.3244193,6.4633787e-07
921,1.3244185,6.4820051e-07
921,1.3244177,6.5006316e-07
921,1.324417,6.519258e-07
921,1.3244162,6.5378845e-07
921,1.3244155,6.5565109e-07
921,1.3244147,6.5751374e-07
921,1.324414,6.5751374e-07
921,1.3244132,6.5937638e-07
921,1.3244124,6.6123903e-07
921,1.3244117,6.6310167e-07
921,1.3244109,6.6496432e-07
921,1.3244102,6.6682696e-07
922,1.3244094,6.6868961e-07
922,1.3244086,6.7055225e-07
922,1.3244079,6.724149e-07
922,1.3244071,6.7427754e-07
922,1.3244064,6.7614019e-07
922,1.3244056,6.7800283e-07
922,1.3244048,6.7986548e-07
922,1.3244041,6.8172812e-07
922,1.3244033,6.8359077e-07
922,1.3244026,6.8545341e-07
922,1.3244018,6.8731606e-07
922,1.324401,6.8917871e-07
923,1.3244003,6.9104135e-07
923,1.3243995,6.92904e-07
923,1.3243987,6.9476664e-07
923,1.324398,6.9662929e-07
923,1.3243972,6.9849193e-07
923,1.3243965,7.0035458e-07
923,1.3243957,7.0221722e-07
923,1.3243949,7.0594251e-07
923,1.3243942,7.0594251e-07
923,1.3243934,7.0780516e-07
923,1.3243926,7.1153045e-07
923,1.3243919,7.1339309e-07
923,1.3243911,7.1525574e-07
924,1.3243903,7.1711838e-07
924,1.3243896,7.1898103e-07
924,1.3243888,7.2270632e-07
924,1.3243881,7.2456896e-07
924,1.3243873,7.2643161e-07
924,1.3243865,7.2829425e-07
924,1.3243858,7.301569e-07
924,1.324385,7.3201954e-07
924,1.3243842,7.3388219e-07
924,1.3243835,7.3760748e-07
924,1.3243827,7.3947012e-07
924,1.3243819,7.4133277e-07
925,1.3243812,7.4319541e-07
925,1.3243804,7.4505806e-07
925,1.3243796,7.4878335e-07
925,1.3243788,7.50646e-07
925,1.3243781,7.5250864e-07
925,1.3243773,7.5437129e-07
925,1.3243765,7.5623393e-07
925,1.3243758,7.5995922e-07
925,1.324375,7.6182187e-07
925,1.3243742,7.6368451e-07
925,1.3243735,7.6554716e-07
925,1.3243727,7.674098e-07
926,1.3243719,7.7113509e-07
926,1.3243712,7.7299774e-07
926,1.3243704,7.7672303e-07
926,1.3243696,7.7858567e-07
926,1.3243688,7.8044832e-07
926,1.3243681,7.8417361e-07
926,1.3243673,7.8603625e-07
926,1.3243665,7.878989e-07
926,1.3243658,7.9162419e-07
926,1.324365,7.9348683e-07
926,1.3243642,7.9534948e-07
926,1.3243634,7.9907477e-07
927,1.3243627,8.0093741e-07
927,1.3243619,8.046627e-07
927,1.3243611,8.0652535e-07
927,1.3243603,8.1025064e-07
927,1.3243596,8.1211329e-07
927,1.3243588,8.1583858e-07
927,1.324358,8.1770122e-07
927,1.3243572,8.2142651e-07
927,1.3243565,8.2328916e-07
927,1.3243557,8.251518e-07
927,1.3243549,8.2887709e-07
927,1.3243541,8.3073974e-07
928,1.3243534,8.3446503e-07
928,1.3243526,8.3819032e-07
928,1.3243518,8.4191561e-07
928,1.324351,8.4377825e-07
928,1.3243503,8.456409e-07
928,1.3243495,8.4936619e-07
928,1.3243487,8.5122883e-07
928,1.3243479,8.5495412e-07
928,1.3243471,8.5867941e-07
928,1.3243464,8.6054206e-07
928,1.3243456,8.6426735e-07
928,1.3243448,8.6612999e-07
929,1.324344,8.6985528e-07
929,1.3243433,8.7358057e-07
929,1.3243425,8.7544322e-07
929,1.3243417,8.7916851e-07
929,1.3243409,8.828938e-07
929,1.3243401,8.8661909e-07
929,1.3243394,8.8848174e-07
929,1.3243386,8.9220703e-07
929,1.3243378,8.9406967e-07
929,1.324337,8.9779496e-07
929,1.3243362,9.0152025e-07
929,1.3243355,9.033829e-07
930,1.3243347,9.0710819e-07
930,1.3243339,9.1083348e-07
930,1.3243331,9.1269612e-07
930,1.3243323,9.1642141e-07
930,1.3243315,9.201467e-07
930,1.3243308,9.2387199e-07
930,1.32433,9.2573464e-07
930,1.3243292,9.2945993e-07
930,1.3243284,9.3318522e-07
930,1.3243276,9.3504786e-07
930,1.3243268,9.406358e-07
930,1.3243261,9.4249845e-07
931,1.3243253,9.4622374e-07
931,1.3243245,9.4994903e-07
931,1.3243237,9.5181167e-07
931,1.3243229,9.5553696e-07
931,1.3243221,9.5926225e-07
931,1.3243214,9.6298754e-07
931,1.3243206,9.6671283e-07
931,1.3243198,9.6857548e-07
931,1.324319,9.7230077e-07
931,1.3243182,9.7602606e-07
931,1.3243174,9.7975135e-07
931,1.3243166,9.8347664e-07
932,1.3243159,9.8533928e-07
932,1.3243151,9.9092722e-07
932,1.3243143,9.9278986e-07
932,1.3243135,9.9651515e-07
932,1.3243127,1.0002404e-06
932,1.3243119,1.0021031e-06
932,1.3243111,1.007691e-06
932,1.3243103,1.0095537e-06
932,1.3243095,1.0151416e-06
932,1.3243088,1.0170043e-06
932,1.324308,1.0225922e-06
932,1.3243072,1.0244548e-06
933,1.3243064,1.0281801e-06
933,1.3243056,1.0319054e-06
933,1.3243048,1.0337681e-06
933,1.324304,1.039356e-06
933,1.3243032,1.0412186e-06
933,1.3243024,1.0449439e-06
933,1.3243017,1.0486692e-06
933,1.3243009,1.0505319e-06
933,1.3243001,1.0561198e-06
933,1.3242993,1.0579824e-06
933,1.3242985,1.0617077e-06
933,1.3242977,1.065433e-06
934,1.3242969,1.0672957e-06
934,1.3242961,1.0728836e-06
934,1.3242953,1.0747463e-06
934,1.3242945,1.0784715e-06
934,1.3242937,1.0821968e-06
934,1.3242929,1.0840595e-06
934,1.3242921,1.0896474e-06
934,1.3242913,1.0915101e-06
934,1.3242906,1.0952353e-06
934,1.3242898,1.0989606e-06
934,1.324289,1.1008233e-06
934,1.3242882,1.1064112e-06
935,1.3242874,1.1082739e-06
935,1.3242866,1.1119992e-06
935,1.3242858,1.1157244e-06
935,1.324285,1.1175871e-06
935,1.3242842,1.123175e-06
935,1.3242834,1.1250377e-06
935,1.3242826,1.128763e-06
935,1.3242818,1.1324883e-06
935,1.324281,1.1362135e-06
935,1.3242802,1.1399388e-06
935,1.3242794,1.1418015e-06
936,1.3242786,1.1455268e-06
936,1.3242778,1.1492521e-06
936,1.324277,1.1529773e-06
936,1.3242762,1.1567026e-06
936,1.3242754,1.1585653e-06
936,1.3242746,1.1641532e-06
936,1.3242738,1.1678785e-06
936,1.324273,1.1734664e-06
936,1.3242722,1.1771917e-06
936,1.3242714,1.180917e-06
936,1.3242706,1.186505e-06
936,1.3242698,1.1902303e-06
937,1.324269,1.1958182e-06
937,1.3242682,1.1995435e-06
937,1.3242674,1.2032688e-06
937,1.3242666,1.2088567e-06
937,1.3242658,1.212582e-06
937,1.324265,1.2200326e-06
937,1.3242642,1.2237579e-06
937,1.3242634,1.2293458e-06
937,1.3242626,1.2349337e-06
937,1.3242618,1.238659e-06
937,1.324261,1.2461096e-06
937,1.3242602,1.2498349e-06
938,1.3242594,1.2572855e-06
938,1.3242586,1.2610108e-06
938,1.3242577,1.2647361e-06
938,1.3242569,1.2721866e-06
938,1.3242561,1.2759119e-06
938,1.3242553,1.2814999e-06
938,1.3242545,1.2852252e-06
938,1.3242537,1.2889504e-06
938,1.3242529,1.2945384e-06
938,1.3242521,1.2982637e-06
938,1.3242513,1.3057142e-06
938,1.3242505,1.3094395e-06
939,1.3242497,1.3150275e-06
939,1.3242489,1.3187528e-06
939,1.3242481,1.3224781e-06
939,1.3242473,1.3299286e-06
939,1.3242465,1.3336539e-06
939,1.3242457,1.3392419e-06
939,1.3242448,1.3429672e-06
939,1.324244,1.3466924e-06
939,1.3242432,1.3522804e-06
939,1.3242424,1.3578683e-06
939,1.3242416,1.3634562e-06
939,1.3242408,1.3671815e-06
940,1.32424,1.3709068e-06
940,1.3242392,1.3783574e-06
940,1.3242384,1.3820827e-06
940,1.3242376,1.3895333e-06
940,1.3242367,1.3932586e-06
940,1.3242359,1.3969839e-06
940,1.3242351,1.4044344e-06
940,1.3242343,1.4081597e-06
940,1.3242335,1.4156103e-06
940,1.3242327,1.4193356e-06
940,1.3242319,1.4267862e-06
941,1.3242311,1.4305115e-06
941,1.3242303,1.4342368e-06
941,1.3242294,1.4416873e-06
941,1.3242286,1.4454126e-06
941,1.3242278,1.4528632e-06
941,1.324227,1.4584512e-06
941,1.3242262,1.4621764e-06
941,1.3242254,1.469627e-06
941,1.3242246,1.4733523e-06
941,1.3242237,1.4808029e-06
941,1.3242229,1.4845282e-06
941,1.3242221,1.4882535e-06
942,1.3242213,1.4957041e-06
942,1.3242205,1.4994293e-06
942,1.3242197,1.5068799e-06
942,1.3242189,1.5106052e-06
942,1.324218,1.5180558e-06
942,1.3242172,1.5217811e-06
942,1.3242164,1.5255064e-06
942,1.3242156,1.532957e-06
942,1.3242148,1.5366822e-06
942,1.324214,1.5441328e-06
942,1.3242131,1.5478581e-06
942,1.3242123,1.5534461e-06
943,1.3242115,1.559034e-06
943,1.3242107,1.5627593e-06
943,1.3242099,1.5702099e-06
943,1.324209,1.5739352e-06
943,1.3242082,1.5795231e-06
943,1.3242074,1.5869737e-06
943,1.3242066,1.590699e-06
943,1.3242058,1.6000122e-06
943,1.3242049,1.6056001e-06
943,1.3242041,1.6093254e-06
943,1.3242033,1.6186386e-06
944,1.3242025,1.6242266e-06
944,1.3242016,1.6316772e-06
944,1.3242008,1.6372651e-06
944,1.3242,1.6447157e-06
944,1.3241992,1.6503036e-06
944,1.3241984,1.6558915e-06
944,1.3241975,1.6652048e-06
944,1.3241967,1.6707927e-06
944,1.3241959,1.6801059e-06
944,1.3241951,1.6856939e-06
944,1.3241942,1.6912818e-06
944,1.3241934,1.700595e-06
945,1.3241926,1.706183e-06
945,1.3241918,1.7154962e-06
945,1.3241909,1.7229468e-06
945,1.3241901,1.7285347e-06
945,1.3241893,1.7359853e-06
945,1.3241885,1.7415732e-06
945,1.3241877,1.7490238e-06
945,1.3241868,1.7546117e-06
945,1.324186,1.763925e-06
945,1.3241852,1.7695129e-06
945,1.3241843,1.7751008e-06
945,1.3241835,1.7825514e-06
946,1.3241827,1.7881393e-06
946,1.3241819,1.7974526e-06
946,1.324181,1.8030405e-06
946,1.3241802,1.8086284e-06
946,1.3241794,1.8179417e-06
946,1.3241786,1.8235296e-06
946,1.3241777,1.8309802e-06
946,1.3241769,1.8365681e-06
946,1.3241761,1.8421561e-06
946,1.3241752,1.8496066e-06
946,1.3241744,1.8570572e-06
947,1.3241736,1.8645078e-06
947,1.3241727,1.8719584e-06
947,1.3241719,1.8812716e-06
947,1.3241711,1.8887222e-06
947,1.3241703,1.8943101e-06
947,1.3241694,1.905486e-06
947,1.3241686,1.9129366e-06
947,1.3241678,1.9222498e-06
947,1.3241669,1.9297004e-06
947,1.3241661,1.937151e-06
947,1.3241653,1.9483268e-06
947,1.3241644,1.9557774e-06
948,1.3241636,1.9650906e-06
948,1.3241628,1.9725412e-06
948,1.3241619,1.9799918e-06
948,1.3241611,1.9930303e-06
948,1.3241603,2.0004809e-06
948,1.3241594,2.0116568e-06
948,1.3241586,2.0191073e-06
948,1.3241578,2.0265579e-06
948,1.3241569,2.0395964e-06
948,1.3241561,2.047047e-06
948,1.3241553,2.0582229e-06
949,1.3241544,2.0675361e-06
949,1.3241536,2.078712e-06
949,1.3241527,2.0861626e-06
949,1.3241519,2.0954758e-06
949,1.3241511,2.1066517e-06
949,1.3241502,2.1159649e-06
949,1.3241494,2.1271408e-06
949,1.3241486,2.136454e-06
949,1.3241477,2.1439046e-06
949,1.3241469,2.1569431e-06
949,1.3241461,2.1662563e-06
949,1.3241452,2.1792948e-06
950,1.3241444,2.1867454e-06
950,1.3241435,2.1960586e-06
950,1.3241427,2.2090971e-06
950,1.3241419,2.2184104e-06
950,1.324141,2.2314489e-06
950,1.3241402,2.2407621e-06
950,1.3241394,2.2538006e-06
950,1.3241385,2.2631139e-06
950,1.3241377,2.2705644e-06
950,1.3241368,2.2854656e-06
950,1.324136,2.2929162e-06
951,1.3241352,2.3078173e-06
951,1.3241343,2.3152679e-06
951,1.3241335,2.3245811e-06
951,1.3241326,2.3394823e-06
951,1.3241318,2.3487955e-06
951,1.324131,2.361834e-06
951,1.3241301,2.3711473e-06
951,1.3241293,2.3804605e-06
951,1.3241284,2.393499e-06
951,1.3241276,2.4028122e-06
951,1.3241268,2.4177134e-06
951,1.3241259,2.4270266e-06
952,1.3241251,2.4400651e-06
952,1.3241242,2.451241e-06
952,1.3241234,2.4605542e-06
952,1.3241225,2.4735928e-06
952,1.3241217,2.4847686e-06
952,1.3241209,2.4996698e-06
952,1.32412,2.508983e-06
952,1.3241192,2.5201589e-06
952,1.3241183,2.53506e-06
952,1.3241175,2.5462359e-06
952,1.3241166,2.5611371e-06
953,1.3241158,2.572313e-06
953,1.324115,2.5816262e-06
953,1.3241141,2.59839e-06
953,1.3241133,2.6095659e-06
953,1.3241124,2.624467e-06
953,1.3241116,2.6356429e-06
953,1.3241107,2.6468188e-06
953,1.3241099,2.6635826e-06
953,1.324109,2.6747584e-06
953,1.3241082,2.6915222e-06
953,1.3241074,2.7026981e-06
953,1.3241065,2.7213246e-06
954,1.3241057,2.7325004e-06
954,1.3241048,2.7436763e-06
954,1.324104,2.7604401e-06
954,1.3241031,2.7697533e-06
954,1.3241023,2.7846545e-06
954,1.3241015,2.7939677e-06
954,1.3241006,2.8032809e-06
954,1.3240998,2.8181821e-06
954,1.3240989,2.829358e-06
954,1.3240981,2.8442591e-06
954,1.3240972,2.8535724e-06
955,1.3240964,2.8628856e-06
955,1.3240955,2.8777868e-06
955,1.3240947,2.8871e-06
955,1.3240938,2.9020011e-06
955,1.324093,2.9113144e-06
955,1.3240922,2.9243529e-06
955,1.3240913,2.9336661e-06
955,1.3240905,2.9429793e-06
955,1.3240896,2.9578805e-06
955,1.3240888,2.9671937e-06
955,1.3240879,2.9802322e-06
956,1.3240871,2.9895455e-06
956,1.3240862,2.996996e-06
956,1.3240854,3.0100346e-06
956,1.3240845,3.0193478e-06
956,1.3240837,3.0323863e-06
956,1.3240828,3.0416995e-06
956,1.324082,3.0491501e-06
956,1.3240811,3.0621886e-06
956,1.3240803,3.0696392e-06
956,1.3240794,3.0826777e-06
956,1.3240786,3.0901283e-06
956,1.3240778,3.0975789e-06
957,1.3240769,3.1106174e-06
957,1.3240761,3.118068e-06
957,1.3240752,3.1292439e-06
957,1.3240744,3.1366944e-06
957,1.3240735,3.1478703e-06
957,1.3240727,3.1553209e-06
957,1.3240718,3.1627715e-06
957,1.324071,3.1739473e-06
957,1.3240701,3.1813979e-06
957,1.3240692,3.1925738e-06
957,1.3240684,3.2000244e-06
958,1.3240675,3.2074749e-06
958,1.3240667,3.2167882e-06
958,1.3240658,3.2242388e-06
958,1.324065,3.233552e-06
958,1.3240641,3.2410026e-06
958,1.3240633,3.2484531e-06
958,1.3240624,3.2577664e-06
958,1.3240616,3.2652169e-06
958,1.3240607,3.2745302e-06
958,1.3240599,3.2801181e-06
958,1.324059,3.2894313e-06
959,1.3240582,3.2950193e-06
959,1.3240573,3.3024698e-06
959,1.3240565,3.3117831e-06
959,1.3240556,3.317371e-06
959,1.3240547,3.3266842e-06
959,1.3240539,3.3322722e-06
959,1.324053,3.3378601e-06
959,1.3240522,3.3453107e-06
959,1.3240513,3.3508986e-06
959,1.3240505,3.3602118e-06
959,1.3240496,3.3657998e-06
960,1.3240488,3.3713877e-06
960,1.3240479,3.3788383e-06
960,1.324047,3.3844262e-06
960,1.3240462,3.3918768e-06
960,1.3240453,3.3974648e-06
960,1.3240445,3.4049153e-06
960,1.3240436,3.4086406e-06
960,1.3240427,3.4142286e-06
960,1.3240419,3.4216791e-06
960,1.324041,3.4254044e-06
960,1.3240402,3.432855e-06
960,1.3240393,3.4365803e-06
961,1.3240385,3.4421682e-06
961,1.3240376,3.4477562e-06
961,1.3240367,3.4533441e-06
961,1.3240359,3.458932e-06
961,1.324035,3.4626573e-06
961,1.3240341,3.4663826e-06
961,1.3240333,3.4738332e-06
961,1.3240324,3.4775585e-06
961,1.3240316,3.4831464e-06
961,1.3240307,3.4868717e-06
961,1.3240298,3.490597e-06
962,1.324029,3.4961849e-06
962,1.3240281,3.4999102e-06
962,1.3240272,3.5036355e-06
962,1.3240264,3.5073608e-06
962,1.3240255,3.5129488e-06
962,1.3240247,3.516674e-06
962,1.3240238,3.5185367e-06
962,1.3240229,3.5241246e-06
962,1.3240221,3.5259873e-06
962,1.3240212,3.5315752e-06
962,1.3240203,3.5334378e-06
963,1.3240195,3.5371631e-06
963,1.3240186,3.5408884e-06
963,1.3240177,3.5427511e-06
963,1.3240169,3.5464764e-06
963,1.324016,3.548339e-06
963,1.3240151,3.5520643e-06
963,1.3240143,3.5557896e-06
963,1.3240134,3.5576522e-06
963,1.3240125,3.5632402e-06
963,1.3240116,3.5651028e-06
963,1.3240108,3.5688281e-06
964,1.3240099,3.5706908e-06
964,1.324009,3.574416e-06
964,1.3240082,3.5781413e-06
964,1.3240073,3.580004e-06
964,1.3240064,3.5837293e-06
964,1.3240056,3.5855919e-06
964,1.3240047,3.5893172e-06
964,1.3240038,3.5911798e-06
964,1.3240029,3.5949051e-06
964,1.3240021,3.5967678e-06
964,1.3240012,3.6004931e-06
965,1.3240003,3.6023557e-06
965,1.3239994,3.6042184e-06
965,1.3239986,3.606081e-06
965,1.3239977,3.6098063e-06
965,1.3239968,3.6116689e-06
965,1.3239959,3.6153942e-06
965,1.3239951,3.6172569e-06
965,1.3239942,3.6191195e-06
965,1.3239933,3.6228448e-06
965,1.3239924,3.6247075e-06
965,1.3239916,3.6284328e-06
965,1.3239907,3.6302954e-06
966,1.3239898,3.632158e-06
966,1.3239889,3.6358833e-06
966,1.3239881,3.637746e-06
966,1.3239872,3.6396086e-06
966,1.3239863,3.6414713e-06
966,1.3239854,3.6433339e-06
966,1.3239845,3.6470592e-06
966,1.3239837,3.6489218e-06
966,1.3239828,3.6526471e-06
966,1.3239819,3.6545098e-06
966,1.323981,3.6563724e-06
967,1.3239802,3.6582351e-06
967,1.3239793,3.6600977e-06
967,1.3239784,3.6619604e-06
967,1.3239775,3.663823e-06
967,1.3239766,3.6656857e-06
967,1.3239757,3.6675483e-06
967,1.3239749,3.6694109e-06
967,1.323974,3.6712736e-06
967,1.3239731,3.6731362e-06
967,1.3239722,3.6749989e-06
967,1.3239713,3.6749989e-06
968,1.3239705,3.6768615e-06
968,1.3239696,3.6787242e-06
968,1.3239687,3.6787242e-06
968,1.3239678,3.6805868e-06
968,1.3239669,3.6824495e-06
968,1.323966,3.6824495e-06
968,1.3239651,3.6843121e-06
968,1.3239643,3.6861748e-06
968,1.3239634,3.6861748e-06
968,1.3239625,3.6880374e-06
968,1.3239616,3.6899e-06
969,1.3239607,3.6899e-06
969,1.3239598,3.6917627e-06
969,1.3239589,3.6936253e-06
969,1.3239581,3.6936253e-06
969,1.3239572,3.695488e-06
969,1.3239563,3.6973506e-06
969,1.3239554,3.6992133e-06
969,1.3239545,3.7010759e-06
969,1.3239536,3.7010759e-06
969,1.3239527,3.7029386e-06
969,1.3239518,3.7048012e-06
970,1.3239509,3.7066638e-06
970,1.32395,3.7085265e-06
970,1.3239492,3.7085265e-06
970,1.3239483,3.7103891e-06
970,1.3239474,3.7122518e-06
970,1.3239465,3.7122518e-06
970,1.3239456,3.7141144e-06
970,1.3239447,3.7159771e-06
970,1.3239438,3.7178397e-06
970,1.3239429,3.7197024e-06
970,1.323942,3.721565e-06
971,1.3239411,3.721565e-06
971,1.3239402,3.7234277e-06
971,1.3239393,3.7252903e-06
971,1.3239384,3.7271529e-06
971,1.3239375,3.7271529e-06
971,1.3239367,3.7290156e-06
971,1.3239358,3.7308782e-06
971,1.3239349,3.7327409e-06
971,1.323934,3.7327409e-06
971,1.3239331,3.7346035e-06
971,1.3239322,3.7364662e-06
972,1.3239313,3.7383288e-06
972,1.3239304,3.7401915e-06
972,1.3239295,3.7401915e-06
972,1.3239286,3.7420541e-06
972,1.3239277,3.7439167e-06
972,1.3239268,3.7457794e-06
972,1.3239259,3.7457794e-06
972,1.323925,3.747642e-06
972,1.3239241,3.7495047e-06
972,1.3239232,3.7513673e-06
972,1.3239223,3.7513673e-06
973,1.3239214,3.75323e-06
973,1.3239205,3.75323e-06
973,1.3239196,3.7550926e-06
973,1.3239187,3.7569553e-06
973,1.3239178,3.7569553e-06
973,1.3239169,3.7588179e-06
973,1.323916,3.7588179e-06
973,1.3239151,3.7606806e-06
973,1.3239142,3.7606806e-06
973,1.3239133,3.7625432e-06
973,1.3239124,3.7625432e-06
974,1.3239115,3.7644058e-06
974,1.3239106,3.7644058e-06
974,1.3239097,3.7662685e-06
974,1.3239088,3.7662685e-06
974,1.3239079,3.7681311e-06
974,1.323907,3.7681311e-06
974,1.3239061,3.7681311e-06
974,1.3239052,3.7699938e-06
974,1.3239043,3.7699938e-06
974,1.3239034,3.7699938e-06
974,1.3239024,3.7718564e-06
975,1.3239015,3.7718564e-06
975,1.3239006,3.7718564e-06
975,1.3238997,3.7737191e-06
975,1.3238988,3.7737191e-06
975,1.3238979,3.7737191e-06
975,1.323897,3.7755817e-06
975,1.3238961,3.7755817e-06
975,1.3238952,3.7755817e-06
975,1.3238943,3.7755817e-06
975,1.3238934,3.7774444e-06
975,1.3238925,3.7774444e-06
976,1.3238916,3.7774444e-06
976,1.3238906,3.7774444e-06
976,1.3238897,3.7774444e-06
976,1.3238888,3.779307e-06
976,1.3238879,3.779307e-06
976,1.323887,3.779307e-06
976,1.3238861,3.779307e-06
976,1.3238852,3.779307e-06
976,1.3238843,3.779307e-06
976,1.3238834,3.779307e-06
977,1.3238825,3.779307e-06
977,1.3238815,3.779307e-06
977,1.3238806,3.779307e-06
977,1.3238797,3.779307e-06
977,1.3238788,3.7811697e-06
977,1.3238779,3.7811697e-06
977,1.323877,3.7811697e-06
977,1.3238761,3.7811697e-06
977,1.3238751,3.779307e-06
977,1.3238742,3.779307e-06
977,1.3238733,3.779307e-06
978,1.3238724,3.779307e-06
978,1.3238715,3.779307e-06
978,1.3238706,3.779307e-06
978,1.3238697,3.779307e-06
978,1.3238687,3.779307e-06
978,1.3238678,3.779307e-06
978,1.3238669,3.779307e-06
978,1.323866,3.7774444e-06
978,1.3238651,3.7774444e-06
978,1.3238642,3.7774444e-06
978,1.3238632,3.7755817e-06
979,1.3238623,3.7755817e-06
979,1.3238614,3.7737191e-06
979,1.3238605,3.7737191e-06
979,1.3238596,3.7718564e-06
979,1.3238586,3.7718564e-06
979,1.3238577,3.7699938e-06
979,1.3238568,3.7699938e-06
979,1.3238559,3.7681311e-06
979,1.323855,3.7681311e-06
979,1.323854,3.7662685e-06
979,1.3238531,3.7644058e-06
980,1.3238522,3.7644058e-06
980,1.3238513,3.7625432e-06
980,1.3238503,3.7606806e-06
980,1.3238494,3.7606806e-06
980,1.3238485,3.7588179e-06
980,1.3238476,3.7569553e-06
980,1.3238466,3.7569553e-06
980,1.3238457,3.7550926e-06
980,1.3238448,3.7550926e-06
980,1.3238439,3.75323e-06
980,1.3238429,3.75323e-06
981,1.323842,3.7513673e-06
981,1.3238411,3.7513673e-06
981,1.3238402,3.7495047e-06
981,1.3238392,3.7495047e-06
981,1.3238383,3.747642e-06
981,1.3238374,3.747642e-06
981,1.3238365,3.7457794e-06
981,1.3238355,3.7457794e-06
981,1.3238346,3.7439167e-06
981,1.3238337,3.7439167e-06
982,1.3238327,3.7420541e-06
982,1.3238318,3.7420541e-06
982,1.3238309,3.7401915e-06
982,1.32383,3.7401915e-06
982,1.323829,3.7383288e-06
982,1.3238281,3.7364662e-06
982,1.3238272,3.7364662e-06
982,1.3238262,3.7346035e-06
982,1.3238253,3.7327409e-06
982,1.3238244,3.7308782e-06
982,1.3238234,3.7308782e-06
983,1.3238225,3.7290156e-06
983,1.3238216,3.7271529e-06
983,1.3238206,3.7271529e-06
983,1.3238197,3.7252903e-06
983,1.3238188,3.7234277e-06
983,1.3238179,3.721565e-06
983,1.3238169,3.7197024e-06
983,1.323816,3.7197024e-06
983,1.323815,3.7178397e-06
983,1.3238141,3.7159771e-06
983,1.3238132,3.7141144e-06
984,1.3238122,3.7122518e-06
984,1.3238113,3.7103891e-06
984,1.3238104,3.7085265e-06
984,1.3238094,3.7085265e-06
984,1.3238085,3.7066638e-06
984,1.3238076,3.7048012e-06
984,1.3238066,3.7029386e-06
984,1.3238057,3.7010759e-06
984,1.3238047,3.6992133e-06
984,1.3238038,3.6973506e-06
984,1.3238029,3.695488e-06
985,1.3238019,3.6936253e-06
985,1.323801,3.6917627e-06
985,1.3238001,3.6899e-06
985,1.3237991,3.6880374e-06
985,1.3237982,3.6861748e-06
985,1.3237972,3.6843121e-06
985,1.3237963,3.6805868e-06
985,1.3237954,3.6787242e-06
985,1.3237944,3.6768615e-06
985,1.3237935,3.6749989e-06
986,1.3237925,3.6731362e-06
986,1.3237916,3.6712736e-06
986,1.3237906,3.6694109e-06
986,1.3237897,3.6656857e-06
986,1.3237888,3.663823e-06
986,1.3237878,3.6619604e-06
986,1.3237869,3.6600977e-06
986,1.3237859,3.6582351e-06
986,1.323785,3.6545098e-06
986,1.323784,3.6526471e-06
986,1.3237831,3.6507845e-06
987,1.3237821,3.6489218e-06
987,1.3237812,3.6470592e-06
987,1.3237802,3.6433339e-06
987,1.3237793,3.6414713e-06
987,1.3237784,3.637746e-06
987,1.3237774,3.6358833e-06
987,1.3237765,3.6340207e-06
987,1.3237755,3.6302954e-06
987,1.3237746,3.6284328e-06
987,1.3237736,3.6247075e-06
987,1.3237727,3.6228448e-06
988,1.3237717,3.6209822e-06
988,1.3237708,3.6172569e-06
988,1.3237698,3.6153942e-06
988,1.3237689,3.6135316e-06
988,1.3237679,3.6116689e-06
988,1.323767,3.6079437e-06
988,1.323766,3.606081e-06
988,1.3237651,3.6042184e-06
988,1.3237641,3.6004931e-06
988,1.3237632,3.5986304e-06
989,1.3237622,3.5967678e-06
989,1.3237612,3.5949051e-06
989,1.3237603,3.5911798e-06
989,1.3237593,3.5893172e-06
989,1.3237584,3.5874546e-06
989,1.3237574,3.5837293e-06
989,1.3237565,3.5818666e-06
989,1.3237555,3.580004e-06
989,1.3237546,3.5762787e-06
989,1.3237536,3.574416e-06
989,1.3237527,3.5725534e-06
990,1.3237517,3.5706908e-06
990,1.3237507,3.5669655e-06
990,1.3237498,3.5651028e-06
990,1.3237488,3.5613775e-06
990,1.3237479,3.5576522e-06
990,1.3237469,3.5557896e-06
990,1.323746,3.5520643e-06
990,1.323745,3.548339e-06
990,1.323744,3.5464764e-06
990,1.3237431,3.5427511e-06
991,1.3237421,3.5390258e-06
991,1.3237412,3.5353005e-06
991,1.3237402,3.5315752e-06
991,1.3237392,3.5297126e-06
991,1.3237383,3.5259873e-06
991,1.3237373,3.522262e-06
991,1.3237364,3.5185367e-06
991,1.3237354,3.5148114e-06
991,1.3237344,3.5092235e-06
991,1.3237335,3.5073608e-06
991,1.3237325,3.5036355e-06
992,1.3237315,3.4999102e-06
992,1.3237306,3.4961849e-06
992,1.3237296,3.4924597e-06
992,1.3237286,3.490597e-06
992,1.3237277,3.4887344e-06
992,1.3237267,3.4850091e-06
992,1.3237258,3.4831464e-06
992,1.3237248,3.4794211e-06
992,1.3237238,3.4775585e-06
992,1.3237229,3.4756958e-06
993,1.3237219,3.4719706e-06
993,1.3237209,3.4701079e-06
993,1.3237199,3.4682453e-06
993,1.323719,3.4663826e-06
993,1.323718,3.46452e-06
993,1.323717,3.4607947e-06
993,1.3237161,3.458932e-06
993,1.3237151,3.4570694e-06
993,1.3237141,3.4552068e-06
993,1.3237132,3.4533441e-06
993,1.3237122,3.4514815e-06
994,1.3237112,3.4496188e-06
994,1.3237103,3.4458935e-06
994,1.3237093,3.4440309e-06
994,1.3237083,3.4403056e-06
994,1.3237073,3.4365803e-06
994,1.3237064,3.4347177e-06
994,1.3237054,3.4291297e-06
994,1.3237044,3.4272671e-06
994,1.3237035,3.4235418e-06
994,1.3237025,3.4198165e-06
995,1.3237015,3.4179538e-06
995,1.3237005,3.4142286e-06
995,1.3236996,3.4105033e-06
995,1.3236986,3.406778e-06
995,1.3236976,3.4030527e-06
995,1.3236966,3.3993274e-06
995,1.3236957,3.3956021e-06
995,1.3236947,3.3937395e-06
995,1.3236937,3.3881515e-06
995,1.3236927,3.3844262e-06
995,1.3236918,3.3807009e-06
996,1.3236908,3.3769757e-06
996,1.3236898,3.375113e-06
996,1.3236888,3.3695251e-06
996,1.3236879,3.3676624e-06
996,1.3236869,3.3639371e-06
996,1.3236859,3.3602118e-06
996,1.3236849,3.3583492e-06
996,1.3236839,3.3546239e-06
996,1.323683,3.3508986e-06
996,1.323682,3.3471733e-06
997,1.323681,3.343448e-06
997,1.32368,3.3397228e-06
997,1.323679,3.3378601e-06
997,1.323678,3.3341348e-06
997,1.3236771,3.3304095e-06
997,1.3236761,3.3266842e-06
997,1.3236751,3.3229589e-06
997,1.3236741,3.3210963e-06
997,1.3236731,3.317371e-06
997,1.3236722,3.3136457e-06
997,1.3236712,3.3099204e-06
998,1.3236702,3.3061951e-06
998,1.3236692,3.3043325e-06
998,1.3236682,3.3006072e-06
998,1.3236672,3.2968819e-06
998,1.3236662,3.2931566e-06
998,1.3236653,3.2894313e-06
998,1.3236643,3.2875687e-06
998,1.3236633,3.2838434e-06
998,1.3236623,3.2801181e-06
998,1.3236613,3.2763928e-06
999,1.3236603,3.2726675e-06
999,1.3236593,3.2689422e-06
999,1.3236583,3.2652169e-06
999,1.3236574,3.2633543e-06
999,1.3236564,3.259629e-06
999,1.3236554,3.2559037e-06
999,1.3236544,3.2521784e-06
999,1.3236534,3.2484531e-06
999,1.3236524,3.2465905e-06
999,1.3236514,3.2428652e-06
999,1.3236504,3.2391399e-06
1000,1.3236494,3.2354146e-06
1000,1.3236484,3.2316893e-06
1000,1.3236475,3.227964e-06
1000,1.3236465,3.2261014e-06
1000,1.3236455,3.2205135e-06
1000,1.3236445,3.2167882e-06
1000,1.3236435,3.2130629e-06
1000,1.3236425,3.2093376e-06
1000,1.3236415,3.2056123e-06
1000,1.3236405,3.201887e-06
1001,1.3236395,3.1981617e-06
1001,1.3236385,3.1944364e-06
1001,1.3236375,3.1907111e-06
1001,1.3236365,3.1851232e-06
1001,1.3236355,3.1832606e-06
1001,1.3236345,3.1795353e-06
1001,1.3236335,3.1739473e-06
1001,1.3236325,3.170222e-06
1001,1.3236315,3.1664968e-06
1001,1.3236305,3.1627715e-06
1002,1.3236295,3.1590462e-06
1002,1.3236285,3.1553209e-06
1002,1.3236275,3.1515956e-06
1002,1.3236265,3.1478703e-06
1002,1.3236255,3.144145e-06
1002,1.3236245,3.1404197e-06
1002,1.3236235,3.1366944e-06
1002,1.3236225,3.1348318e-06
1002,1.3236215,3.1292439e-06
1002,1.3236205,3.1273812e-06
1002,1.3236195,3.1236559e-06
1003,1.3236185,3.1199306e-06
1003,1.3236175,3.118068e-06
1003,1.3236165,3.11248e-06
1003,1.3236155,3.1106174e-06
1003,1.3236145,3.1068921e-06
1003,1.3236135,3.1031668e-06
1003,1.3236125,3.1013042e-06
1003,1.3236115,3.0975789e-06
1003,1.3236105,3.0938536e-06
1003,1.3236095,3.0901283e-06
1004,1.3236085,3.0882657e-06
1004,1.3236075,3.0845404e-06
1004,1.3236065,3.0808151e-06
1004,1.3236055,3.0770898e-06
1004,1.3236045,3.0715019e-06
1004,1.3236035,3.0696392e-06
1004,1.3236024,3.0640513e-06
1004,1.3236014,3.0621886e-06
1004,1.3236004,3.0584633e-06
1004,1.3235994,3.0528754e-06
1005,1.3235984,3.0510128e-06
1005,1.3235974,3.0454248e-06
1005,1.3235964,3.0416995e-06
1005,1.3235954,3.0398369e-06
1005,1.3235944,3.0342489e-06
1005,1.3235934,3.0305237e-06
1005,1.3235924,3.0267984e-06
1005,1.3235913,3.0230731e-06
1005,1.3235903,3.0193478e-06
1005,1.3235893,3.0137599e-06
1006,1.3235883,3.0100346e-06
1006,1.3235873,3.0063093e-06
1006,1.3235863,3.002584e-06
1006,1.3235853,2.996996e-06
1006,1.3235843,2.9932708e-06
1006,1.3235832,2.9895455e-06
1006,1.3235822,2.9839575e-06
1006,1.3235812,2.9820949e-06
1006,1.3235802,2.9765069e-06
1006,1.3235792,2.9727817e-06
1006,1.3235782,2.9690564e-06
1007,1.3235771,2.9634684e-06
1007,1.3235761,2.9597431e-06
1007,1.3235751,2.9541552e-06
1007,1.3235741,2.9504299e-06
1007,1.3235731,2.9467046e-06
1007,1.3235721,2.9411167e-06
1007,1.323571,2.9373914e-06
1007,1.32357,2.9318035e-06
1007,1.323569,2.9280782e-06
1007,1.323568,2.9243529e-06
1008,1.323567,2.9187649e-06
1008,1.3235659,2.9150397e-06
1008,1.3235649,2.9094517e-06
1008,1.3235639,2.9057264e-06
1008,1.3235629,2.9020011e-06
1008,1.3235619,2.8982759e-06
1008,1.3235608,2.8945506e-06
1008,1.3235598,2.8889626e-06
1008,1.3235588,2.8852373e-06
1008,1.3235578,2.8796494e-06
1009,1.3235567,2.8759241e-06
1009,1.3235557,2.8721988e-06
1009,1.3235547,2.8666109e-06
1009,1.3235537,2.8628856e-06
1009,1.3235526,2.8572977e-06
1009,1.3235516,2.8535724e-06
1009,1.3235506,2.8498471e-06
1009,1.3235496,2.8461218e-06
1009,1.3235485,2.8423965e-06
1009,1.3235475,2.8368086e-06
1010,1.3235465,2.8330833e-06
1010,1.3235455,2.8274953e-06
1010,1.3235444,2.82377e-06
1010,1.3235434,2.8200448e-06
1010,1.3235424,2.8144568e-06
1010,1.3235413,2.8107315e-06
1010,1.3235403,2.8051436e-06
1010,1.3235393,2.8014183e-06
1010,1.3235382,2.797693e-06
1010,1.3235372,2.7939677e-06
1011,1.3235362,2.7902424e-06
1011,1.3235352,2.7846545e-06
1011,1.3235341,2.7809292e-06
1011,1.3235331,2.7772039e-06
1011,1.3235321,2.771616e-06
1011,1.323531,2.7678907e-06
1011,1.32353,2.7623028e-06
1011,1.323529,2.7585775e-06
1011,1.3235279,2.7529895e-06
1011,1.3235269,2.7492642e-06
1011,1.3235259,2.7455389e-06
1012,1.3235248,2.739951e-06
1012,1.3235238,2.7380884e-06
1012,1.3235227,2.7325004e-06
1012,1.3235217,2.7287751e-06
1012,1.3235207,2.7250499e-06
1012,1.3235196,2.7213246e-06
1012,1.3235186,2.7175993e-06
1012,1.3235176,2.7120113e-06
1012,1.3235165,2.708286e-06
1012,1.3235155,2.7064234e-06
1013,1.3235144,2.7008355e-06
1013,1.3235134,2.6971102e-06
1013,1.3235124,2.6933849e-06
1013,1.3235113,2.6896596e-06
1013,1.3235103,2.6859343e-06
1013,1.3235092,2.682209e-06
1013,1.3235082,2.6784837e-06
1013,1.3235072,2.6747584e-06
1013,1.3235061,2.6710331e-06
1013,1.3235051,2.6673079e-06
1014,1.323504,2.6635826e-06
1014,1.323503,2.6598573e-06
1014,1.323502,2.656132e-06
1014,1.3235009,2.6524067e-06
1014,1.3234999,2.6486814e-06
1014,1.3234988,2.6449561e-06
1014,1.3234978,2.6412308e-06
1014,1.3234967,2.6375055e-06
1014,1.3234957,2.6337802e-06
1014,1.3234946,2.6281923e-06
1015,1.3234936,2.6263297e-06
1015,1.3234926,2.6226044e-06
1015,1.3234915,2.6170164e-06
1015,1.3234905,2.6151538e-06
1015,1.3234894,2.6095659e-06
1015,1.3234884,2.6058406e-06
1015,1.3234873,2.6021153e-06
1015,1.3234863,2.59839e-06
1015,1.3234852,2.5946647e-06
1015,1.3234842,2.5909394e-06
1016,1.3234831,2.5872141e-06
1016,1.3234821,2.5816262e-06
1016,1.323481,2.5797635e-06
1016,1.32348,2.5760382e-06
1016,1.3234789,2.5704503e-06
1016,1.3234779,2.5685877e-06
1016,1.3234768,2.5629997e-06
1016,1.3234758,2.5592744e-06
1016,1.3234747,2.5574118e-06
1016,1.3234737,2.5518239e-06
1017,1.3234726,2.5480986e-06
1017,1.3234716,2.5443733e-06
1017,1.3234705,2.540648e-06
1017,1.3234694,2.53506e-06
1017,1.3234684,2.5331974e-06
1017,1.3234673,2.5294721e-06
1017,1.3234663,2.5238842e-06
1017,1.3234652,2.5220215e-06
1017,1.3234642,2.5164336e-06
1017,1.3234631,2.5127083e-06
1018,1.3234621,2.5108457e-06
1018,1.323461,2.5052577e-06
1018,1.3234599,2.5015324e-06
1018,1.3234589,2.4978071e-06
1018,1.3234578,2.4940819e-06
1018,1.3234568,2.4903566e-06
1018,1.3234557,2.4847686e-06
1018,1.3234547,2.4810433e-06
1018,1.3234536,2.4754554e-06
1018,1.3234525,2.4717301e-06
1019,1.3234515,2.4680048e-06
1019,1.3234504,2.4624169e-06
1019,1.3234494,2.456829e-06
1019,1.3234483,2.451241e-06
1019,1.3234472,2.4475157e-06
1019,1.3234462,2.4419278e-06
1019,1.3234451,2.4382025e-06
1019,1.323444,2.4326146e-06
1019,1.323443,2.4270266e-06
1019,1.3234419,2.4233013e-06
1020,1.3234409,2.4158508e-06
1020,1.3234398,2.4121255e-06
1020,1.3234387,2.4084002e-06
1020,1.3234377,2.4009496e-06
1020,1.3234366,2.3972243e-06
1020,1.3234355,2.3916364e-06
1020,1.3234345,2.3879111e-06
1020,1.3234334,2.3841858e-06
1020,1.3234323,2.3785979e-06
1020,1.3234313,2.3748726e-06
1021,1.3234302,2.3692846e-06
1021,1.3234291,2.3655593e-06
1021,1.3234281,2.3599714e-06
1021,1.323427,2.3562461e-06
1021,1.3234259,2.3525208e-06
1021,1.3234248,2.3469329e-06
1021,1.3234238,2.3432076e-06
1021,1.3234227,2.3394823e-06
1021,1.3234216,2.335757e-06
1021,1.3234206,2.3320317e-06
1022,1.3234195,2.3264438e-06
1022,1.3234184,2.3227185e-06
1022,1.3234173,2.3171306e-06
1022,1.3234163,2.3134053e-06
1022,1.3234152,2.3115426e-06
1022,1.3234141,2.3059547e-06
1022,1.323413,2.3022294e-06
1022,1.323412,2.2966415e-06
1022,1.3234109,2.2929162e-06
1022,1.3234098,2.2891909e-06
1023,1.3234087,2.283603e-06
1023,1.3234077,2.2798777e-06
1023,1.3234066,2.2742897e-06
1023,1.3234055,2.2705644e-06
1023,1.3234044,2.2649765e-06
1023,1.3234034,2.2631139e-06
1023,1.3234023,2.2593886e-06
1023,1.3234012,2.2538006e-06
1023,1.3234001,2.2500753e-06
1023,1.323399,2.2444874e-06
1024,1.323398,2.2407621e-06
1024,1.3233969,2.2370368e-06
1024,1.3233958,2.2314489e-06
1024,1.3233947,2.2277236e-06
1024,1.3233936,2.2221357e-06
1024,1.3233926,2.2184104e-06
1024,1.3233915,2.2146851e-06
1024,1.3233904,2.2109598e-06
1024,1.3233893,2.2072345e-06
1024,1.3233882,2.2016466e-06
1025,1.3233871,2.1997839e-06
1025,1.3233861,2.194196e-06
1025,1.323385,2.1904707e-06
1025,1.3233839,2.1867454e-06
1025,1.3233828,2.1830201e-06
1025,1.3233817,2.1792948e-06
1025,1.3233806,2.1737069e-06
1025,1.3233796,2.1718442e-06
1025,1.3233785,2.168119e-06
1026,1.3233774,2.1643937e-06
1026,1.3233763,2.1606684e-06
1026,1.3233752,2.1550804e-06
1026,1.3233741,2.1532178e-06
1026,1.323373,2.1494925e-06
1026,1.3233719,2.1457672e-06
1026,1.3233709,2.1420419e-06
1026,1.3233698,2.1383166e-06
1026,1.3233687,2.1345913e-06
1026,1.3233676,2.1290034e-06
1027,1.3233665,2.1252781e-06
1027,1.3233654,2.1215528e-06
1027,1.3233643,2.1159649e-06
1027,1.3233632,2.1122396e-06
1027,1.3233621,2.1085143e-06
1027,1.323361,2.104789e-06
1027,1.3233599,2.1010637e-06
1027,1.3233588,2.0954758e-06
1027,1.3233578,2.0917505e-06
1027,1.3233567,2.0861626e-06
1028,1.3233556,2.0824373e-06
1028,1.3233545,2.078712e-06
1028,1.3233534,2.0731241e-06
1028,1.3233523,2.0693988e-06
1028,1.3233512,2.0638108e-06
1028,1.3233501,2.0600855e-06
1028,1.323349,2.0563602e-06
1028,1.3233479,2.0507723e-06
1028,1.3233468,2.047047e-06
1028,1.3233457,2.0414591e-06
1029,1.3233446,2.0377338e-06
1029,1.3233435,2.0321459e-06
1029,1.3233424,2.0284206e-06
1029,1.3233413,2.0265579e-06
1029,1.3233402,2.02097e-06
1029,1.3233391,2.0172447e-06
1029,1.323338,2.0116568e-06
1029,1.3233369,2.0079315e-06
1029,1.3233358,2.0042062e-06
1029,1.3233347,1.9986182e-06
1030,1.3233336,1.994893e-06
1030,1.3233325,1.989305e-06
1030,1.3233314,1.9855797e-06
1030,1.3233303,1.9818544e-06
1030,1.3233292,1.9762665e-06
1030,1.3233281,1.9725412e-06
1030,1.323327,1.9688159e-06
1030,1.3233259,1.9650906e-06
1030,1.3233248,1.9595027e-06
1031,1.3233236,1.9557774e-06
1031,1.3233225,1.9520521e-06
1031,1.3233214,1.9483268e-06
1031,1.3233203,1.9446015e-06
1031,1.3233192,1.9408762e-06
1031,1.3233181,1.937151e-06
1031,1.323317,1.9352883e-06
1031,1.3233159,1.9297004e-06
1031,1.3233148,1.9278377e-06
1031,1.3233137,1.9222498e-06
1032,1.3233126,1.9203871e-06
1032,1.3233114,1.9166619e-06
1032,1.3233103,1.9129366e-06
1032,1.3233092,1.9110739e-06
1032,1.3233081,1.9073486e-06
1032,1.323307,1.9036233e-06
1032,1.3233059,1.8998981e-06
1032,1.3233048,1.8980354e-06
1032,1.3233037,1.8961728e-06
1032,1.3233026,1.8924475e-06
1033,1.3233014,1.8887222e-06
1033,1.3233003,1.8849969e-06
1033,1.3232992,1.8812716e-06
1033,1.3232981,1.879409e-06
1033,1.323297,1.873821e-06
1033,1.3232959,1.8700957e-06
1033,1.3232947,1.8663704e-06
1033,1.3232936,1.8626451e-06
1033,1.3232925,1.8589199e-06
1033,1.3232914,1.8551946e-06
1034,1.3232903,1.8514693e-06
1034,1.3232892,1.847744e-06
1034,1.323288,1.8440187e-06
1034,1.3232869,1.8402934e-06
1034,1.3232858,1.8365681e-06
1034,1.3232847,1.8328428e-06
1034,1.3232836,1.8272549e-06
1034,1.3232824,1.8235296e-06
1034,1.3232813,1.8198043e-06
1035,1.3232802,1.816079e-06
1035,1.3232791,1.8123537e-06
1035,1.323278,1.8067658e-06
1035,1.3232768,1.8049031e-06
1035,1.3232757,1.7993152e-06
1035,1.3232746,1.7974526e-06
1035,1.3232735,1.7937273e-06
1035,1.3232723,1.790002e-06
1035,1.3232712,1.7862767e-06
1035,1.3232701,1.7825514e-06
1036,1.323269,1.7806888e-06
1036,1.3232678,1.7769635e-06
1036,1.3232667,1.7732382e-06
1036,1.3232656,1.7695129e-06
1036,1.3232645,1.7657876e-06
1036,1.3232633,1.763925e-06
1036,1.3232622,1.758337e-06
1036,1.3232611,1.7564744e-06
1036,1.3232599,1.7527491e-06
1036,1.3232588,1.7490238e-06
1037,1.3232577,1.7471611e-06
1037,1.3232566,1.7434359e-06
1037,1.3232554,1.7397106e-06
1037,1.3232543,1.7378479e-06
1037,1.3232532,1.7341226e-06
1037,1.323252,1.7303973e-06
1037,1.3232509,1.7266721e-06
1037,1.3232498,1.7229468e-06
1037,1.3232486,1.7210841e-06
1038,1.3232475,1.7173588e-06
1038,1.3232464,1.7136335e-06
1038,1.3232452,1.7099082e-06
1038,1.3232441,1.706183e-06
1038,1.323243,1.7043203e-06
1038,1.3232418,1.700595e-06
1038,1.3232407,1.6968697e-06
1038,1.3232396,1.6931444e-06
1038,1.3232384,1.6894192e-06
1038,1.3232373,1.6856939e-06
1039,1.3232361,1.6838312e-06
1039,1.323235,1.6801059e-06
1039,1.3232339,1.6763806e-06
1039,1.3232327,1.6726553e-06
1039,1.3232316,1.6689301e-06
1039,1.3232305,1.6670674e-06
1039,1.3232293,1.6633421e-06
1039,1.3232282,1.6596168e-06
1039,1.323227,1.6577542e-06
1040,1.3232259,1.6540289e-06
1040,1.3232248,1.6521662e-06
1040,1.3232236,1.648441e-06
1040,1.3232225,1.6447157e-06
1040,1.3232213,1.642853e-06
1040,1.3232202,1.6391277e-06
1040,1.323219,1.6372651e-06
1040,1.3232179,1.6335398e-06
1040,1.3232168,1.6298145e-06
1040,1.3232156,1.6279519e-06
1041,1.3232145,1.6242266e-06
1041,1.3232133,1.6223639e-06
1041,1.3232122,1.6186386e-06
1041,1.323211,1.616776e-06
1041,1.3232099,1.6149133e-06
1041,1.3232087,1.6111881e-06
1041,1.3232076,1.6093254e-06
1041,1.3232064,1.6056001e-06
1041,1.3232053,1.6037375e-06
1041,1.3232041,1.6000122e-06
1042,1.323203,1.5962869e-06
1042,1.3232018,1.5944242e-06
1042,1.3232007,1.590699e-06
1042,1.3231995,1.5888363e-06
1042,1.3231984,1.585111e-06
1042,1.3231972,1.5832484e-06
1042,1.3231961,1.5795231e-06
1042,1.3231949,1.5757978e-06
1042,1.3231938,1.5739352e-06
1043,1.3231926,1.5702099e-06
1043,1.3231915,1.5683472e-06
1043,1.3231903,1.5664846e-06
1043,1.3231892,1.5627593e-06
1043,1.323188,1.559034e-06
1043,1.3231869,1.5571713e-06
1043,1.3231857,1.5534461e-06
1043,1.3231846,1.5515834e-06
1043,1.3231834,1.5478581e-06
1043,1.3231822,1.5459955e-06
1044,1.3231811,1.5422702e-06
1044,1.3231799,1.5404075e-06
1044,1.3231788,1.5366822e-06
1044,1.3231776,1.532957e-06
1044,1.3231765,1.5310943e-06
1044,1.3231753,1.527369e-06
1044,1.3231741,1.5255064e-06
1044,1.323173,1.5217811e-06
1044,1.3231718,1.5199184e-06
1045,1.3231707,1.5161932e-06
1045,1.3231695,1.5124679e-06
1045,1.3231683,1.5106052e-06
1045,1.3231672,1.5068799e-06
1045,1.323166,1.5050173e-06
1045,1.3231648,1.5031546e-06
1045,1.3231637,1.4994293e-06
1045,1.3231625,1.4957041e-06
1045,1.3231614,1.4919788e-06
1045,1.3231602,1.4901161e-06
1046,1.323159,1.4882535e-06
1046,1.3231579,1.4845282e-06
1046,1.3231567,1.4826655e-06
1046,1.3231555,1.4789402e-06
1046,1.3231544,1.475215e-06
1046,1.3231532,1.4714897e-06
1046,1.323152,1.469627e-06
1046,1.3231509,1.4677644e-06
1046,1.3231497,1.4640391e-06
1047,1.3231485,1.4621764e-06
1047,1.3231474,1.4584512e-06
1047,1.3231462,1.4547259e-06
1047,1.323145,1.4528632e-06
1047,1.3231438,1.4491379e-06
1047,1.3231427,1.4472753e-06
1047,1.3231415,1.44355e-06
1047,1.3231403,1.4416873e-06
1047,1.3231392,1.4379621e-06
1047,1.323138,1.4342368e-06
1048,1.3231368,1.4323741e-06
1048,1.3231356,1.4286488e-06
1048,1.3231345,1.4267862e-06
1048,1.3231333,1.4249235e-06
1048,1.3231321,1.4211982e-06
1048,1.3231309,1.4211982e-06
1048,1.3231298,1.417473e-06
1048,1.3231286,1.4156103e-06
1048,1.3231274,1.4137477e-06
1049,1.3231262,1.411885e-06
1049,1.3231251,1.4100224e-06
1049,1.3231239,1.4081597e-06
1049,1.3231227,1.4062971e-06
1049,1.3231215,1.4025718e-06
1049,1.3231203,1.4025718e-06
1049,1.3231192,1.4007092e-06
1049,1.323118,1.3988465e-06
1049,1.3231168,1.3969839e-06
1050,1.3231156,1.3951212e-06
1050,1.3231144,1.3932586e-06
1050,1.3231133,1.3913959e-06
1050,1.3231121,1.3895333e-06
1050,1.3231109,1.3895333e-06
1050,1.3231097,1.3876706e-06
1050,1.3231085,1.385808e-06
1050,1.3231073,1.3820827e-06
1050,1.3231062,1.3802201e-06
1050,1.323105,1.3802201e-06
1051,1.3231038,1.3764948e-06
1051,1.3231026,1.3746321e-06
1051,1.3231014,1.3727695e-06
1051,1.3231002,1.3709068e-06
1051,1.3230991,1.3690442e-06
1051,1.3230979,1.3671815e-06
1051,1.3230967,1.3653189e-06
1051,1.3230955,1.3634562e-06
1051,1.3230943,1.3615936e-06
1052,1.3230931,1.359731e-06
1052,1.3230919,1.3578683e-06
1052,1.3230907,1.3560057e-06
1052,1.3230895,1.354143e-06
1052,1.3230884,1.3522804e-06
1052,1.3230872,1.3504177e-06
1052,1.323086,1.3485551e-06
1052,1.3230848,1.3466924e-06
1052,1.3230836,1.3448298e-06
1052,1.3230824,1.3429672e-06
1053,1.3230812,1.3411045e-06
1053,1.32308,1.3392419e-06
1053,1.3230788,1.3373792e-06
1053,1.3230776,1.3355166e-06
1053,1.3230764,1.3336539e-06
1053,1.3230752,1.3299286e-06
1053,1.323074,1.3299286e-06
1053,1.3230728,1.328066e-06
1053,1.3230717,1.3243407e-06
1054,1.3230705,1.3243407e-06
1054,1.3230693,1.3206154e-06
1054,1.3230681,1.3187528e-06
1054,1.3230669,1.3187528e-06
1054,1.3230657,1.3150275e-06
1054,1.3230645,1.3131648e-06
1054,1.3230633,1.3113022e-06
1054,1.3230621,1.3094395e-06
1054,1.3230609,1.3075769e-06
1055,1.3230597,1.3057142e-06
1055,1.3230585,1.3057142e-06
1055,1.3230573,1.301989e-06
1055,1.3230561,1.301989e-06
1055,1.3230549,1.3001263e-06
1055,1.3230537,1.2982637e-06
1055,1.3230525,1.296401e-06
1055,1.3230512,1.2945384e-06
1055,1.32305,1.2945384e-06
1055,1.3230488,1.2926757e-06
1056,1.3230476,1.2908131e-06
1056,1.3230464,1.2908131e-06
1056,1.3230452,1.2889504e-06
1056,1.323044,1.2870878e-06
1056,1.3230428,1.2852252e-06
1056,1.3230416,1.2852252e-06
1056,1.3230404,1.2833625e-06
1056,1.3230392,1.2814999e-06
1056,1.323038,1.2814999e-06
1057,1.3230368,1.2796372e-06
1057,1.3230356,1.2777746e-06
1057,1.3230344,1.2759119e-06
1057,1.3230331,1.2759119e-06
1057,1.3230319,1.2740493e-06
1057,1.3230307,1.2740493e-06
1057,1.3230295,1.2721866e-06
1057,1.3230283,1.270324e-06
1057,1.3230271,1.270324e-06
1058,1.3230259,1.270324e-06
1058,1.3230247,1.2684613e-06
1058,1.3230234,1.2665987e-06
1058,1.3230222,1.2665987e-06
1058,1.323021,1.2647361e-06
1058,1.3230198,1.2647361e-06
1058,1.3230186,1.2628734e-06
1058,1.3230174,1.2628734e-06
1058,1.3230162,1.2628734e-06
1059,1.3230149,1.2610108e-06
1059,1.3230137,1.2610108e-06
1059,1.3230125,1.2591481e-06
1059,1.3230113,1.2591481e-06
1059,1.3230101,1.2572855e-06
1059,1.3230089,1.2572855e-06
1059,1.3230076,1.2554228e-06
1059,1.3230064,1.2535602e-06
1059,1.3230052,1.2535602e-06
1059,1.323004,1.2516975e-06
1060,1.3230028,1.2498349e-06
1060,1.3230015,1.2479722e-06
1060,1.3230003,1.2479722e-06
1060,1.3229991,1.2461096e-06
1060,1.3229979,1.244247e-06
1060,1.3229966,1.2423843e-06
1060,1.3229954,1.2405217e-06
1060,1.3229942,1.2405217e-06
1060,1.322993,1.238659e-06
1061,1.3229917,1.2367964e-06
1061,1.3229905,1.2349337e-06
1061,1.3229893,1.2330711e-06
1061,1.3229881,1.2312084e-06
1061,1.3229868,1.2293458e-06
1061,1.3229856,1.2293458e-06
1061,1.3229844,1.2274832e-06
1061,1.3229832,1.2256205e-06
1061,1.3229819,1.2256205e-06
1062,1.3229807,1.2256205e-06
1062,1.3229795,1.2237579e-06
1062,1.3229782,1.2237579e-06
1062,1.322977,1.2237579e-06
1062,1.3229758,1.2218952e-06
1062,1.3229745,1.2218952e-06
1062,1.3229733,1.2218952e-06
1062,1.3229721,1.2200326e-06
1062,1.3229708,1.2200326e-06
1063,1.3229696,1.2200326e-06
1063,1.3229684,1.2200326e-06
1063,1.3229671,1.2200326e-06
1063,1.3229659,1.2200326e-06
1063,1.3229647,1.2200326e-06
1063,1.3229634,1.2200326e-06
1063,1.3229622,1.2200326e-06
1063,1.322961,1.2181699e-06
1063,1.3229597,1.2181699e-06
1064,1.3229585,1.2181699e-06
1064,1.3229573,1.2181699e-06
1064,1.322956,1.2181699e-06
1064,1.3229548,1.2163073e-06
1064,1.3229535,1.2163073e-06
1064,1.3229523,1.2163073e-06
1064,1.3229511,1.2163073e-06
1064,1.3229498,1.2144446e-06
1064,1.3229486,1.2144446e-06
1064,1.3229473,1.2144446e-06
1065,1.3229461,1.212582e-06
1065,1.3229449,1.212582e-06
1065,1.3229436,1.212582e-06
1065,1.3229424,1.212582e-06
1065,1.3229411,1.2107193e-06
1065,1.3229399,1.2107193e-06
1065,1.3229386,1.2107193e-06
1065,1.3229374,1.2107193e-06
1065,1.3229362,1.2088567e-06
1066,1.3229349,1.2088567e-06
1066,1.3229337,1.2088567e-06
1066,1.3229324,1.2088567e-06
1066,1.3229312,1.2069941e-06
1066,1.3229299,1.2069941e-06
1066,1.3229287,1.2069941e-06
1066,1.3229274,1.2069941e-06
1066,1.3229262,1.2051314e-06
1066,1.3229249,1.2051314e-06
1067,1.3229237,1.2051314e-06
1067,1.3229224,1.2051314e-06
1067,1.3229212,1.2032688e-06
1067,1.3229199,1.2032688e-06
1067,1.3229187,1.2032688e-06
1067,1.3229174,1.2014061e-06
1067,1.3229162,1.2014061e-06
1067,1.3229149,1.2014061e-06
1067,1.3229137,1.2014061e-06
1068,1.3229124,1.1995435e-06
1068,1.3229112,1.1995435e-06
1068,1.3229099,1.1995435e-06
1068,1.3229087,1.1995435e-06
1068,1.3229074,1.1995435e-06
1068,1.3229061,1.1976808e-06
1068,1.3229049,1.1976808e-06
1068,1.3229036,1.1976808e-06
1068,1.3229024,1.1976808e-06
1069,1.3229011,1.1976808e-06
1069,1.3228999,1.1976808e-06
1069,1.3228986,1.1976808e-06
1069,1.3228973,1.1976808e-06
1069,1.3228961,1.1976808e-06
1069,1.3228948,1.1976808e-06
1069,1.3228936,1.1976808e-06
1069,1.3228923,1.1976808e-06
1069,1.322891,1.1976808e-06
1070,1.3228898,1.1976808e-06
1070,1.3228885,1.1976808e-06
1070,1.3228872,1.1976808e-06
1070,1.322886,1.1976808e-06
1070,1.3228847,1.1995435e-06
1070,1.3228835,1.1995435e-06
1070,1.3228822,1.1995435e-06
1070,1.3228809,1.1995435e-06
1070,1.3228797,1.1995435e-06
1071,1.3228784,1.1995435e-06
1071,1.3228771,1.1995435e-06
1071,1.3228759,1.1995435e-06
1071,1.3228746,1.1995435e-06
1071,1.3228733,1.1995435e-06
1071,1.3228721,1.1995435e-06
1071,1.3228708,1.1995435e-06
1071,1.3228695,1.1995435e-06
1071,1.3228682,1.1995435e-06
1072,1.322867,1.1995435e-06
1072,1.3228657,1.1995435e-06
1072,1.3228644,1.1995435e-06
1072,1.3228632,1.1995435e-06
1072,1.3228619,1.1995435e-06
1072,1.3228606,1.1995435e-06
1072,1.3228593,1.1995435e-06
1072,1.3228581,1.1995435e-06
1072,1.3228568,1.1995435e-06
1073,1.3228555,1.1995435e-06
1073,1.3228542,1.1995435e-06
1073,1.322853,1.1995435e-06
1073,1.3228517,1.1995435e-06
1073,1.3228504,1.1995435e-06
1073,1.3228491,1.2014061e-06
1073,1.3228479,1.2014061e-06
1073,1.3228466,1.2014061e-06
1073,1.3228453,1.2014061e-06
1074,1.322844,1.2032688e-06
1074,1.3228427,1.2032688e-06
1074,1.3228415,1.2032688e-06
1074,1.3228402,1.2032688e-06
1074,1.3228389,1.2051314e-06
1074,1.3228376,1.2051314e-06
1074,1.3228363,1.2051314e-06
1074,1.3228351,1.2069941e-06
1074,1.3228338,1.2069941e-06
1075,1.3228325,1.2069941e-06
1075,1.3228312,1.2088567e-06
1075,1.3228299,1.2088567e-06
1075,1.3228286,1.2088567e-06
1075,1.3228274,1.2107193e-06
1075,1.3228261,1.2107193e-06
1075,1.3228248,1.212582e-06
1075,1.3228235,1.212582e-06
1075,1.3228222,1.2144446e-06
1076,1.3228209,1.2144446e-06
1076,1.3228196,1.2163073e-06
1076,1.3228184,1.2163073e-06
1076,1.3228171,1.2181699e-06
1076,1.3228158,1.2181699e-06
1076,1.3228145,1.2200326e-06
1076,1.3228132,1.2200326e-06
1076,1.3228119,1.2218952e-06
1076,1.3228106,1.2218952e-06
1077,1.3228093,1.2237579e-06
1077,1.322808,1.2256205e-06
1077,1.3228067,1.2256205e-06
1077,1.3228054,1.2274832e-06
1077,1.3228042,1.2274832e-06
1077,1.3228029,1.2293458e-06
1077,1.3228016,1.2293458e-06
1077,1.3228003,1.2312084e-06
1077,1.322799,1.2312084e-06
1078,1.3227977,1.2312084e-06
1078,1.3227964,1.2330711e-06
1078,1.3227951,1.2330711e-06
1078,1.3227938,1.2330711e-06
1078,1.3227925,1.2349337e-06
1078,1.3227912,1.2349337e-06
1078,1.3227899,1.2349337e-06
1078,1.3227886,1.2349337e-06
1078,1.3227873,1.2367964e-06
1079,1.322786,1.2367964e-06
1079,1.3227847,1.2367964e-06
1079,1.3227834,1.2367964e-06
1079,1.3227821,1.238659e-06
1079,1.3227808,1.238659e-06
1079,1.3227795,1.238659e-06
1079,1.3227782,1.238659e-06
1079,1.3227769,1.238659e-06
1079,1.3227756,1.238659e-06
1080,1.3227743,1.2405217e-06
1080,1.322773,1.2405217e-06
1080,1.3227717,1.2423843e-06
1080,1.3227704,1.244247e-06
1080,1.322769,1.244247e-06
1080,1.3227677,1.2461096e-06
1080,1.3227664,1.2479722e-06
1080,1.3227651,1.2479722e-06
1080,1.3227638,1.2498349e-06
1081,1.3227625,1.2516975e-06
1081,1.3227612,1.2535602e-06
1081,1.3227599,1.2554228e-06
1081,1.3227586,1.2554228e-06
1081,1.3227573,1.2572855e-06
1081,1.322756,1.2591481e-06
1081,1.3227546,1.2610108e-06
1081,1.3227533,1.2628734e-06
1081,1.322752,1.2647361e-06
1082,1.3227507,1.2665987e-06
1082,1.3227494,1.2684613e-06
1082,1.3227481,1.270324e-06
1082,1.3227468,1.2721866e-06
1082,1.3227454,1.2740493e-06
1082,1.3227441,1.2759119e-06
1082,1.3227428,1.2777746e-06
1082,1.3227415,1.2796372e-06
1083,1.3227402,1.2814999e-06
1083,1.3227389,1.2833625e-06
1083,1.3227375,1.2852252e-06
1083,1.3227362,1.2870878e-06
1083,1.3227349,1.2889504e-06
1083,1.3227336,1.2908131e-06
1083,1.3227323,1.2926757e-06
1083,1.3227309,1.2945384e-06
1083,1.3227296,1.296401e-06
1084,1.3227283,1.2982637e-06
1084,1.322727,1.3001263e-06
1084,1.3227257,1.3038516e-06
1084,1.3227243,1.3038516e-06
1084,1.322723,1.3075769e-06
1084,1.3227217,1.3094395e-06
1084,1.3227204,1.3113022e-06
1084,1.322719,1.3131648e-06
1084,1.3227177,1.3150275e-06
1085,1.3227164,1.3168901e-06
1085,1.3227151,1.3187528e-06
1085,1.3227137,1.3206154e-06
1085,1.3227124,1.3224781e-06
1085,1.3227111,1.3243407e-06
1085,1.3227098,1.3262033e-06
1085,1.3227084,1.328066e-06
1085,1.3227071,1.3299286e-06
1085,1.3227058,1.3317913e-06
1086,1.3227044,1.3336539e-06
1086,1.3227031,1.3355166e-06
1086,1.3227018,1.3373792e-06
1086,1.3227004,1.3411045e-06
1086,1.3226991,1.3411045e-06
1086,1.3226978,1.3429672e-06
1086,1.3226964,1.3466924e-06
1086,1.3226951,1.3466924e-06
1086,1.3226938,1.3504177e-06
1087,1.3226924,1.3522804e-06
1087,1.3226911,1.3522804e-06
1087,1.3226898,1.3560057e-06
1087,1.3226884,1.3578683e-06
1087,1.3226871,1.359731e-06
1087,1.3226858,1.3615936e-06
1087,1.3226844,1.3634562e-06
1087,1.3226831,1.3653189e-06
1088,1.3226818,1.3671815e-06
1088,1.3226804,1.3690442e-06
1088,1.3226791,1.3709068e-06
1088,1.3226777,1.3727695e-06
1088,1.3226764,1.3746321e-06
1088,1.3226751,1.3764948e-06
1088,1.3226737,1.3783574e-06
1088,1.3226724,1.3802201e-06
1088,1.322671,1.3820827e-06
1089,1.3226697,1.3839453e-06
1089,1.3226683,1.385808e-06
1089,1.322667,1.3876706e-06
1089,1.3226657,1.3895333e-06
1089,1.3226643,1.3932586e-06
1089,1.322663,1.3951212e-06
1089,1.3226616,1.3969839e-06
1089,1.3226603,1.3988465e-06
1089,1.3226589,1.4007092e-06
1090,1.3226576,1.4044344e-06
1090,1.3226562,1.4062971e-06
1090,1.3226549,1.4081597e-06
1090,1.3226535,1.4100224e-06
1090,1.3226522,1.411885e-06
1090,1.3226508,1.4156103e-06
1090,1.3226495,1.417473e-06
1090,1.3226481,1.4211982e-06
1090,1.3226468,1.4230609e-06
1091,1.3226454,1.4249235e-06
1091,1.3226441,1.4286488e-06
1091,1.3226427,1.4305115e-06
1091,1.3226414,1.4342368e-06
1091,1.32264,1.4360994e-06
1091,1.3226387,1.4379621e-06
1091,1.3226373,1.4416873e-06
1091,1.3226359,1.44355e-06
1092,1.3226346,1.4454126e-06
1092,1.3226332,1.4472753e-06
1092,1.3226319,1.4510006e-06
1092,1.3226305,1.4528632e-06
1092,1.3226292,1.4547259e-06
1092,1.3226278,1.4584512e-06
1092,1.3226264,1.4603138e-06
1092,1.3226251,1.4621764e-06
1092,1.3226237,1.4659017e-06
1093,1.3226224,1.4677644e-06
1093,1.322621,1.469627e-06
1093,1.3226196,1.4714897e-06
1093,1.3226183,1.475215e-06
1093,1.3226169,1.4770776e-06
1093,1.3226155,1.4789402e-06
1093,1.3226142,1.4826655e-06
1093,1.3226128,1.4845282e-06
1093,1.3226114,1.4863908e-06
1094,1.3226101,1.4882535e-06
1094,1.3226087,1.4919788e-06
1094,1.3226074,1.4938414e-06
1094,1.322606,1.4975667e-06
1094,1.3226046,1.4994293e-06
1094,1.3226032,1.5031546e-06
1094,1.3226019,1.5068799e-06
1094,1.3226005,1.5087426e-06
1095,1.3225991,1.5106052e-06
1095,1.3225978,1.5143305e-06
1095,1.3225964,1.5161932e-06
1095,1.322595,1.5199184e-06
1095,1.3225937,1.5217811e-06
1095,1.3225923,1.5255064e-06
1095,1.3225909,1.5292317e-06
1095,1.3225895,1.5310943e-06
1095,1.3225882,1.5348196e-06
1096,1.3225868,1.5366822e-06
1096,1.3225854,1.5404075e-06
1096,1.322584,1.5441328e-06
1096,1.3225827,1.5459955e-06
1096,1.3225813,1.5497208e-06
1096,1.3225799,1.5534461e-06
1096,1.3225785,1.5571713e-06
1096,1.3225771,1.5608966e-06
1096,1.3225758,1.5627593e-06
1097,1.3225744,1.5683472e-06
1097,1.322573,1.5702099e-06
1097,1.3225716,1.5757978e-06
1097,1.3225703,1.5795231e-06
1097,1.3225689,1.5813857e-06
1097,1.3225675,1.5869737e-06
1097,1.3225661,1.590699e-06
1097,1.3225647,1.5944242e-06
1098,1.3225633,1.5981495e-06
1098,1.322562,1.6018748e-06
1098,1.3225606,1.6056001e-06
1098,1.3225592,1.6093254e-06
1098,1.3225578,1.6149133e-06
1098,1.3225564,1.6186386e-06
1098,1.322555,1.6223639e-06
1098,1.3225536,1.6279519e-06
1098,1.3225523,1.6298145e-06
1099,1.3225509,1.6354024e-06
1099,1.3225495,1.6372651e-06
1099,1.3225481,1.6409904e-06
1099,1.3225467,1.6447157e-06
1099,1.3225453,1.6465783e-06
1099,1.3225439,1.6503036e-06
1099,1.3225425,1.6521662e-06
1099,1.3225412,1.6558915e-06
1100,1.3225398,1.6596168e-06
1100,1.3225384,1.6614795e-06
1100,1.322537,1.6652048e-06
1100,1.3225356,1.6670674e-06
1100,1.3225342,1.6707927e-06
1100,1.3225328,1.6726553e-06
1100,1.3225314,1.674518e-06
1100,1.32253,1.6782433e-06
1100,1.3225286,1.6801059e-06
1101,1.3225272,1.6838312e-06
1101,1.3225258,1.6856939e-06
1101,1.3225244,1.6894192e-06
1101,1.322523,1.6912818e-06
1101,1.3225216,1.6931444e-06
1101,1.3225202,1.6987324e-06
1101,1.3225188,1.700595e-06
1101,1.3225174,1.7043203e-06
1102,1.322516,1.7080456e-06
1102,1.3225146,1.7099082e-06
1102,1.3225132,1.7136335e-06
1102,1.3225118,1.7173588e-06
1102,1.3225104,1.7210841e-06
1102,1.322509,1.7248094e-06
1102,1.3225076,1.7266721e-06
1102,1.3225062,1.7303973e-06
1102,1.3225048,1.7341226e-06
1103,1.3225034,1.7378479e-06
1103,1.322502,1.7415732e-06
1103,1.3225006,1.7452985e-06
1103,1.3224992,1.7490238e-06
1103,1.3224978,1.7508864e-06
1103,1.3224963,1.7564744e-06
1103,1.3224949,1.758337e-06
1103,1.3224935,1.763925e-06
1103,1.3224921,1.7657876e-06
1104,1.3224907,1.7695129e-06
1104,1.3224893,1.7732382e-06
1104,1.3224879,1.7751008e-06
1104,1.3224865,1.7806888e-06
1104,1.3224851,1.7825514e-06
1104,1.3224836,1.7862767e-06
1104,1.3224822,1.790002e-06
1104,1.3224808,1.7918646e-06
1105,1.3224794,1.7974526e-06
1105,1.322478,1.7993152e-06
1105,1.3224766,1.8030405e-06
1105,1.3224752,1.8067658e-06
1105,1.3224737,1.8086284e-06
1105,1.3224723,1.8142164e-06
1105,1.3224709,1.816079e-06
1105,1.3224695,1.8198043e-06
1105,1.3224681,1.8235296e-06
1106,1.3224666,1.8253922e-06
1106,1.3224652,1.8309802e-06
1106,1.3224638,1.8328428e-06
1106,1.3224624,1.8384308e-06
1106,1.322461,1.8402934e-06
1106,1.3224595,1.8440187e-06
1106,1.3224581,1.8496066e-06
1106,1.3224567,1.8514693e-06
1107,1.3224553,1.8570572e-06
1107,1.3224538,1.8607825e-06
1107,1.3224524,1.8626451e-06
1107,1.322451,1.8682331e-06
1107,1.3224496,1.8719584e-06
1107,1.3224481,1.8756837e-06
1107,1.3224467,1.879409e-06
1107,1.3224453,1.8849969e-06
1108,1.3224438,1.8868595e-06
1108,1.3224424,1.8905848e-06
1108,1.322441,1.8961728e-06
1108,1.3224396,1.8998981e-06
1108,1.3224381,1.9036233e-06
1108,1.3224367,1.9073486e-06
1108,1.3224353,1.9110739e-06
1108,1.3224338,1.9147992e-06
1108,1.3224324,1.9185245e-06
1109,1.322431,1.9241124e-06
1109,1.3224295,1.9259751e-06
1109,1.3224281,1.9297004e-06
1109,1.3224267,1.9352883e-06
1109,1.3224252,1.937151e-06
1109,1.3224238,1.9427389e-06
1109,1.3224223,1.9464642e-06
1109,1.3224209,1.9483268e-06
1110,1.3224195,1.9539148e-06
1110,1.322418,1.9576401e-06
1110,1.3224166,1.9613653e-06
1110,1.3224151,1.9650906e-06
1110,1.3224137,1.9706786e-06
1110,1.3224123,1.9725412e-06
1110,1.3224108,1.9762665e-06
1110,1.3224094,1.9818544e-06
1110,1.3224079,1.9837171e-06
1111,1.3224065,1.989305e-06
1111,1.3224051,1.9930303e-06
1111,1.3224036,1.994893e-06
1111,1.3224022,2.0004809e-06
1111,1.3224007,2.0042062e-06
1111,1.3223993,2.0079315e-06
1111,1.3223978,2.0116568e-06
1111,1.3223964,2.0153821e-06
1112,1.3223949,2.0191073e-06
1112,1.3223935,2.0228326e-06
1112,1.322392,2.0265579e-06
1112,1.3223906,2.0302832e-06
1112,1.3223891,2.0358711e-06
1112,1.3223877,2.0377338e-06
1112,1.3223862,2.0414591e-06
1112,1.3223848,2.047047e-06
1112,1.3223833,2.0489097e-06
1113,1.3223819,2.0544976e-06
1113,1.3223804,2.0582229e-06
1113,1.322379,2.0619482e-06
1113,1.3223775,2.0656735e-06
1113,1.3223761,2.0693988e-06
1113,1.3223746,2.0731241e-06
1113,1.3223732,2.0749867e-06
1113,1.3223717,2.0749867e-06
1114,1.3223702,2.078712e-06
1114,1.3223688,2.078712e-06
1114,1.3223673,2.0805746e-06
1114,1.3223659,2.0824373e-06
1114,1.3223644,2.0842999e-06
1114,1.3223629,2.0861626e-06
1114,1.3223615,2.0861626e-06
1114,1.32236,2.0880252e-06
1115,1.3223586,2.0880252e-06
1115,1.3223571,2.0880252e-06
1115,1.3223556,2.0898879e-06
1115,1.3223542,2.0898879e-06
1115,1.3223527,2.0898879e-06
1115,1.3223512,2.0898879e-06
1115,1.3223498,2.0898879e-06
1115,1.3223483,2.0898879e-06
1115,1.3223468,2.0880252e-06
1116,1.3223453,2.0898879e-06
1116,1.3223439,2.0917505e-06
1116,1.3223424,2.0954758e-06
1116,1.3223409,2.0973384e-06
1116,1.3223394,2.1010637e-06
1116,1.322338,2.1066517e-06
1116,1.3223365,2.1085143e-06
1116,1.322335,2.1141022e-06
1117,1.3223335,2.1178275e-06
1117,1.3223321,2.1215528e-06
1117,1.3223306,2.1252781e-06
1117,1.3223291,2.1290034e-06
1117,1.3223276,2.1345913e-06
1117,1.3223262,2.1383166e-06
1117,1.3223247,2.1457672e-06
1117,1.3223232,2.1494925e-06
1118,1.3223217,2.1532178e-06
1118,1.3223202,2.1606684e-06
1118,1.3223187,2.1643937e-06
1118,1.3223173,2.1718442e-06
1118,1.3223158,2.1774322e-06
1118,1.3223143,2.1811575e-06
1118,1.3223128,2.1886081e-06
1118,1.3223113,2.1923333e-06
1119,1.3223098,2.1979213e-06
1119,1.3223084,2.2035092e-06
1119,1.3223069,2.2090971e-06
1119,1.3223054,2.2146851e-06
1119,1.3223039,2.2184104e-06
1119,1.3223024,2.225861e-06
1119,1.3223009,2.2295862e-06
1119,1.3222994,2.2370368e-06
1119,1.3222979,2.2426248e-06
1120,1.3222964,2.2482127e-06
1120,1.322295,2.2556633e-06
1120,1.3222935,2.2593886e-06
1120,1.322292,2.2668391e-06
1120,1.3222905,2.2724271e-06
1120,1.322289,2.278015e-06
1120,1.3222875,2.2854656e-06
1120,1.322286,2.2910535e-06
1121,1.3222845,2.2985041e-06
1121,1.322283,2.304092e-06
1121,1.3222815,2.3115426e-06
1121,1.32228,2.3171306e-06
1121,1.3222785,2.3208559e-06
1121,1.322277,2.3301691e-06
1121,1.3222755,2.3338944e-06
1121,1.322274,2.341345e-06
1122,1.3222725,2.3469329e-06
1122,1.322271,2.3525208e-06
1122,1.3222695,2.3599714e-06
1122,1.322268,2.3655593e-06
1122,1.3222665,2.3730099e-06
1122,1.322265,2.3785979e-06
1122,1.3222635,2.3841858e-06
1122,1.322262,2.3916364e-06
1123,1.3222605,2.3972243e-06
1123,1.322259,2.4046749e-06
1123,1.3222575,2.4102628e-06
1123,1.3222559,2.4158508e-06
1123,1.3222544,2.4233013e-06
1123,1.3222529,2.4288893e-06
1123,1.3222514,2.4382025e-06
1123,1.3222499,2.4437904e-06
1123,1.3222484,2.4531037e-06
1124,1.3222469,2.4586916e-06
1124,1.3222454,2.4642795e-06
1124,1.3222438,2.4735928e-06
1124,1.3222423,2.4810433e-06
1124,1.3222408,2.4903566e-06
1124,1.3222393,2.4959445e-06
1124,1.3222378,2.5015324e-06
1124,1.3222363,2.5127083e-06
1125,1.3222347,2.5182962e-06
1125,1.3222332,2.5276095e-06
1125,1.3222317,2.53506e-06
1125,1.3222302,2.540648e-06
1125,1.3222287,2.5518239e-06
1125,1.3222271,2.5574118e-06
1125,1.3222256,2.5685877e-06
1125,1.3222241,2.5741756e-06
1126,1.3222226,2.5853515e-06
1126,1.322221,2.592802e-06
1126,1.3222195,2.6002526e-06
1126,1.322218,2.6132911e-06
1126,1.3222165,2.6226044e-06
1126,1.3222149,2.6356429e-06
1126,1.3222134,2.6449561e-06
1126,1.3222119,2.6542693e-06
1127,1.3222103,2.6691705e-06
1127,1.3222088,2.6784837e-06
1127,1.3222073,2.6933849e-06
1127,1.3222057,2.7026981e-06
1127,1.3222042,2.7120113e-06
1127,1.3222027,2.7287751e-06
1127,1.3222011,2.7380884e-06
1127,1.3221996,2.7548522e-06
1128,1.3221981,2.766028e-06
1128,1.3221965,2.7753413e-06
1128,1.322195,2.7921051e-06
1128,1.3221935,2.8032809e-06
1128,1.3221919,2.8219074e-06
1128,1.3221904,2.8330833e-06
1128,1.3221888,2.8517097e-06
1128,1.3221873,2.8628856e-06
1128,1.3221858,2.8759241e-06
1129,1.3221842,2.8945506e-06
1129,1.3221827,2.9057264e-06
1129,1.3221811,2.9262155e-06
1129,1.3221796,2.939254e-06
1129,1.322178,2.9522926e-06
1129,1.3221765,2.970919e-06
1129,1.3221749,2.9839575e-06
1129,1.3221734,3.0044466e-06
1130,1.3221719,3.0193478e-06
1130,1.3221703,3.0323863e-06
1130,1.3221688,3.0528754e-06
1130,1.3221672,3.0677766e-06
1130,1.3221657,3.0901283e-06
1130,1.3221641,3.1050295e-06
1130,1.3221626,3.1255186e-06
1130,1.322161,3.1404197e-06
1131,1.3221595,3.1571835e-06
1131,1.3221579,3.1795353e-06
1131,1.3221563,3.1944364e-06
1131,1.3221548,3.2186508e-06
1131,1.3221532,3.2354146e-06
1131,1.3221517,3.2521784e-06
1131,1.3221501,3.2782555e-06
1131,1.3221486,3.2950193e-06
1132,1.322147,3.3210963e-06
1132,1.3221455,3.3397228e-06
1132,1.3221439,3.3564866e-06
1132,1.3221423,3.3844262e-06
1132,1.3221408,3.4030527e-06
1132,1.3221392,3.4309924e-06
1132,1.3221377,3.4496188e-06
1132,1.3221361,3.4775585e-06
1133,1.3221345,3.4980476e-06
1133,1.322133,3.516674e-06
1133,1.3221314,3.5464764e-06
1133,1.3221298,3.5669655e-06
1133,1.3221283,3.5967678e-06
1133,1.3221267,3.6172569e-06
1133,1.3221251,3.6396086e-06
1133,1.3221236,3.6712736e-06
1134,1.322122,3.6936253e-06
1134,1.3221204,3.7271529e-06
1134,1.3221189,3.7495047e-06
1134,1.3221173,3.7737191e-06
1134,1.3221157,3.8072467e-06
1134,1.3221142,3.8314611e-06
1134,1.3221126,3.8668513e-06
1134,1.322111,3.8910657e-06
1135,1.3221094,3.9171427e-06
1135,1.3221079,3.9543957e-06
1135,1.3221063,3.97861e-06
1135,1.3221047,4.0177256e-06
1135,1.3221032,4.0438026e-06
1135,1.3221016,4.0829182e-06
1135,1.3221,4.1089952e-06
1135,1.3220984,4.1350722e-06
1136,1.3220969,4.1760504e-06
1136,1.3220953,4.2039901e-06
1136,1.3220937,4.2449683e-06
1136,1.3220921,4.272908e-06
1136,1.3220906,4.3008476e-06
1136,1.322089,4.3436885e-06
1136,1.3220874,4.3734908e-06
1136,1.3220858,4.4181943e-06
1137,1.3220842,4.4479966e-06
1137,1.3220827,4.4777989e-06
1137,1.3220811,4.5225024e-06
1137,1.3220795,4.5541674e-06
1137,1.3220779,4.6007335e-06
1137,1.3220764,4.6323985e-06
1137,1.3220748,4.6789646e-06
1137,1.3220732,4.7124922e-06
1138,1.3220716,4.7441572e-06
1138,1.32207,4.7944486e-06
1138,1.3220685,4.8261136e-06
1138,1.3220669,4.876405e-06
1138,1.3220653,4.9099326e-06
1138,1.3220637,4.9453229e-06
1138,1.3220621,4.9956143e-06
1138,1.3220605,5.0310045e-06
1139,1.322059,5.0831586e-06
1139,1.3220574,5.1166862e-06
1139,1.3220558,5.1502138e-06
1139,1.3220542,5.2005053e-06
1139,1.3220526,5.2340329e-06
1139,1.3220511,5.2843243e-06
1139,1.3220495,5.3178519e-06
1139,1.3220479,5.370006e-06
1140,1.3220463,5.4053962e-06
1140,1.3220447,5.4389238e-06
1140,1.3220431,5.4910779e-06
1140,1.3220416,5.5264682e-06
1140,1.32204,5.5786222e-06
1140,1.3220384,5.6140125e-06
1140,1.3220368,5.6494027e-06
1140,1.3220352,5.7034194e-06
1141,1.3220336,5.7388097e-06
1141,1.322032,5.7928264e-06
1141,1.3220305,5.8282167e-06
1141,1.3220289,5.8654696e-06
1141,1.3220273,5.9194863e-06
1141,1.3220257,5.9548765e-06
1141,1.3220241,6.0107559e-06
1141,1.3220225,6.0461462e-06
1142,1.3220209,6.0833991e-06
1142,1.3220193,6.1374158e-06
1142,1.3220177,6.1746687e-06
1142,1.3220162,6.230548e-06
1142,1.3220146,6.2678009e-06
1142,1.322013,6.3236803e-06
1142,1.3220114,6.3609332e-06
1142,1.3220098,6.3981861e-06
1143,1.3220082,6.4559281e-06
1143,1.3220066,6.493181e-06
1143,1.322005,6.550923e-06
1143,1.3220034,6.5881759e-06
1143,1.3220018,6.6272914e-06
1143,1.3220003,6.6850334e-06
1143,1.3219987,6.724149e-06
1143,1.3219971,6.781891e-06
1144,1.3219955,6.8210065e-06
1144,1.3219939,6.8582594e-06
1144,1.3219923,6.9178641e-06
1144,1.3219907,6.955117e-06
1144,1.3219891,7.012859e-06
1144,1.3219875,7.0519745e-06
1144,1.3219859,7.1097165e-06
1144,1.3219843,7.1488321e-06
1145,1.3219827,7.1879476e-06
1145,1.3219811,7.2456896e-06
1145,1.3219796,7.2848052e-06
1145,1.321978,7.3444098e-06
1145,1.3219764,7.3835254e-06
1145,1.3219748,7.4226409e-06
1145,1.3219732,7.4822456e-06
1145,1.3219716,7.5213611e-06
1146,1.32197,7.5809658e-06
1146,1.3219684,7.6200813e-06
1146,1.3219668,7.6591969e-06
1146,1.3219652,7.7206641e-06
1146,1.3219636,7.7597797e-06
1146,1.321962,7.8193843e-06
1146,1.3219604,7.8584999e-06
1146,1.3219588,7.8957528e-06
1147,1.3219573,7.9479069e-06
1147,1.3219557,7.9832971e-06
1147,1.3219541,8.0354512e-06
1147,1.3219525,8.0708414e-06
1147,1.3219509,8.1229955e-06
1147,1.3219493,8.1565231e-06
1147,1.3219477,8.1919134e-06
1147,1.3219461,8.2422048e-06
1148,1.3219445,8.2757324e-06
1148,1.3219429,8.3260238e-06
1148,1.3219413,8.3595514e-06
1148,1.3219397,8.393079e-06
1148,1.3219381,8.4415078e-06
1148,1.3219365,8.4731728e-06
1148,1.3219349,8.5216016e-06
1149,1.3219333,8.5532665e-06
1149,1.3219317,8.5849315e-06
1149,1.3219301,8.6314976e-06
1149,1.3219285,8.6631626e-06
1149,1.3219269,8.7115914e-06
1149,1.3219253,8.745119e-06
1149,1.3219237,8.797273e-06
1149,1.3219221,8.8326633e-06
1150,1.3219205,8.8661909e-06
1150,1.3219189,8.918345e-06
1150,1.3219173,8.9518726e-06
1150,1.3219157,9.0040267e-06
1150,1.3219141,9.0375543e-06
1150,1.3219124,9.0729445e-06
1150,1.3219108,9.1232359e-06
1150,1.3219092,9.1586262e-06
1151,1.3219076,9.2107803e-06
1151,1.321906,9.2443079e-06
1151,1.3219044,9.2796981e-06
1151,1.3219028,9.3299896e-06
1151,1.3219012,9.3653798e-06
1151,1.3218996,9.4175339e-06
1151,1.321898,9.4529241e-06
1151,1.3218964,9.5050782e-06
1152,1.3218948,9.5386058e-06
1152,1.3218932,9.5702708e-06
1152,1.3218916,9.611249e-06
1152,1.32189,9.637326e-06
1152,1.3218884,9.6764416e-06
1152,1.3218868,9.7006559e-06
1152,1.3218852,9.726733e-06
1152,1.3218836,9.7639859e-06
1153,1.321882,9.7882003e-06
1153,1.3218804,9.8235905e-06
1153,1.3218788,9.8459423e-06
1153,1.3218772,9.868294e-06
1153,1.3218756,9.899959e-06
1153,1.3218739,9.9223107e-06
1153,1.3218723,9.952113e-06
1153,1.3218707,9.9726021e-06
1154,1.3218691,9.9930912e-06
1154,1.3218675,1.0021031e-05
1154,1.3218659,1.0039657e-05
1154,1.3218643,1.0065734e-05
1154,1.3218626,1.0082498e-05
1154,1.321861,1.0108575e-05
1154,1.3218594,1.0127202e-05
1155,1.3218578,1.0145828e-05
1155,1.3218562,1.0173768e-05
1155,1.3218545,1.0192394e-05
1155,1.3218529,1.0218471e-05
1155,1.3218513,1.0235235e-05
1155,1.3218497,1.0253862e-05
1155,1.3218481,1.0278076e-05
1155,1.3218464,1.029484e-05
1156,1.3218448,1.0319054e-05
1156,1.3218432,1.0333955e-05
1156,1.3218416,1.0350719e-05
1156,1.3218399,1.0373071e-05
1156,1.3218383,1.0387972e-05
1156,1.3218367,1.0410324e-05
1156,1.3218351,1.0425225e-05
1156,1.3218334,1.0445714e-05
1157,1.3218318,1.0458753e-05
1157,1.3218302,1.0471791e-05
1157,1.3218285,1.049228e-05
1157,1.3218269,1.0505319e-05
1157,1.3218253,1.0525808e-05
1157,1.3218236,1.0540709e-05
1157,1.321822,1.0553747e-05
1157,1.3218203,1.0574237e-05
1158,1.3218187,1.0587275e-05
1158,1.3218171,1.0605901e-05
1158,1.3218154,1.061894e-05
1158,1.3218138,1.0631979e-05
1158,1.3218122,1.0650605e-05
1158,1.3218105,1.0661781e-05
1158,1.3218089,1.0680407e-05
1159,1.3218072,1.0691583e-05
1159,1.3218056,1.0708347e-05
1159,1.321804,1.0719523e-05
1159,1.3218023,1.0730699e-05
1159,1.3218007,1.0747463e-05
1159,1.321799,1.0758638e-05
1159,1.3217974,1.077354e-05
1159,1.3217957,1.0784715e-05
1160,1.3217941,1.0794029e-05
1160,1.3217924,1.080893e-05
1160,1.3217908,1.0818243e-05
1160,1.3217891,1.0833144e-05
1160,1.3217875,1.0842457e-05
1160,1.3217858,1.0851771e-05
1160,1.3217842,1.0864809e-05
1160,1.3217825,1.0874122e-05
1161,1.3217809,1.0887161e-05
1161,1.3217792,1.0894611e-05
1161,1.3217775,1.0903925e-05
1161,1.3217759,1.0915101e-05
1161,1.3217742,1.0922551e-05
1161,1.3217726,1.0933727e-05
1161,1.3217709,1.0941178e-05
1162,1.3217693,1.0952353e-05
1162,1.3217676,1.0959804e-05
1162,1.3217659,1.0967255e-05
1162,1.3217643,1.0976568e-05
1162,1.3217626,1.0984018e-05
1162,1.3217609,1.0993332e-05
1162,1.3217593,1.099892e-05
1162,1.3217576,1.1004508e-05
1163,1.321756,1.1013821e-05
1163,1.3217543,1.1019409e-05
1163,1.3217526,1.1026859e-05
1163,1.3217509,1.1032447e-05
1163,1.3217493,1.1036173e-05
1163,1.3217476,1.1043623e-05
1163,1.3217459,1.1049211e-05
1163,1.3217443,1.1054799e-05
1164,1.3217426,1.1058524e-05
1164,1.3217409,1.1065975e-05
1164,1.3217392,1.10697e-05
1164,1.3217376,1.1071563e-05
1164,1.3217359,1.1077151e-05
1164,1.3217342,1.1080876e-05
1164,1.3217325,1.1084601e-05
1165,1.3217308,1.1088327e-05
1165,1.3217292,1.1090189e-05
1165,1.3217275,1.1093915e-05
1165,1.3217258,1.1095777e-05
1165,1.3217241,1.1099502e-05
1165,1.3217224,1.1103228e-05
1165,1.3217207,1.1106953e-05
1165,1.3217191,1.1114404e-05
1166,1.3217174,1.1119992e-05
1166,1.3217157,1.1125579e-05
1166,1.321714,1.1129305e-05
1166,1.3217123,1.113303e-05
1166,1.3217106,1.1138618e-05
1166,1.3217089,1.1142343e-05
1166,1.3217072,1.1149794e-05
1166,1.3217055,1.1153519e-05
1167,1.3217038,1.1159107e-05
1167,1.3217021,1.1162832e-05
1167,1.3217004,1.1166558e-05
1167,1.3216987,1.1172146e-05
1167,1.321697,1.1177734e-05
1167,1.3216953,1.1183321e-05
1167,1.3216936,1.1187047e-05
1168,1.3216919,1.1190772e-05
1168,1.3216902,1.119636e-05
1168,1.3216885,1.1201948e-05
1168,1.3216868,1.1207536e-05
1168,1.3216851,1.1211261e-05
1168,1.3216834,1.1214986e-05
1168,1.3216817,1.1220574e-05
1168,1.32168,1.12243e-05
1169,1.3216783,1.123175e-05
1169,1.3216766,1.1235476e-05
1169,1.3216749,1.1241063e-05
1169,1.3216732,1.1244789e-05
1169,1.3216715,1.1248514e-05
1169,1.3216698,1.1255965e-05
1169,1.321668,1.125969e-05
1170,1.3216663,1.1265278e-05
1170,1.3216646,1.1269003e-05
1170,1.3216629,1.1272728e-05
1170,1.3216612,1.1278316e-05
1170,1.3216595,1.1282042e-05
1170,1.3216578,1.1289492e-05
1170,1.321656,1.1293218e-05
1170,1.3216543,1.1296943e-05
1171,1.3216526,1.1304393e-05
1171,1.3216509,1.1309981e-05
1171,1.3216491,1.1319295e-05
1171,1.3216474,1.1326745e-05
1171,1.3216457,1.1337921e-05
1171,1.321644,1.1345372e-05
1171,1.3216423,1.1352822e-05
1171,1.3216405,1.1363998e-05
1172,1.3216388,1.1371449e-05
1172,1.3216371,1.1382625e-05
1172,1.3216354,1.1390075e-05
1172,1.3216336,1.1399388e-05
1172,1.3216319,1.1410564e-05
1172,1.3216302,1.1419877e-05
1172,1.3216284,1.1432916e-05
1173,1.3216267,1.1442229e-05
1173,1.321625,1.1451542e-05
1173,1.3216233,1.1466444e-05
1173,1.3216215,1.1475757e-05
1173,1.3216198,1.1490658e-05
1173,1.3216181,1.1498109e-05
1173,1.3216164,1.1505559e-05
1173,1.3216146,1.1511147e-05
1174,1.3216129,1.151301e-05
1174,1.3216112,1.1514872e-05
1174,1.3216094,1.1516735e-05
1174,1.3216077,1.152046e-05
1174,1.321606,1.1522323e-05
1174,1.3216042,1.1522323e-05
1174,1.3216025,1.1524186e-05
1175,1.3216008,1.1524186e-05
1175,1.321599,1.1524186e-05
1175,1.3215973,1.1524186e-05
1175,1.3215956,1.1522323e-05
1175,1.3215938,1.152046e-05
1175,1.3215921,1.152046e-05
1175,1.3215903,1.1516735e-05
1175,1.3215886,1.1514872e-05
1176,1.3215868,1.1511147e-05
1176,1.3215851,1.1505559e-05
1176,1.3215833,1.1501834e-05
1176,1.3215816,1.1499971e-05
1176,1.3215798,1.1499971e-05
1176,1.3215781,1.1503696e-05
1176,1.3215763,1.1507422e-05
1177,1.3215746,1.1511147e-05
1177,1.3215728,1.1514872e-05
1177,1.321571,1.1518598e-05
1177,1.3215693,1.1524186e-05
1177,1.3215675,1.1526048e-05
1177,1.3215658,1.1529773e-05
1177,1.321564,1.1537224e-05
1177,1.3215622,1.1540949e-05
1178,1.3215605,1.1546537e-05
1178,1.3215587,1.1552125e-05
1178,1.321557,1.1555851e-05
1178,1.3215552,1.1563301e-05
1178,1.3215534,1.1568889e-05
1178,1.3215517,1.157634e-05
1178,1.3215499,1.1581928e-05
1179,1.3215481,1.1587515e-05
1179,1.3215464,1.1596829e-05
1179,1.3215446,1.1600554e-05
1179,1.3215428,1.1608005e-05
1179,1.3215411,1.161173e-05
1179,1.3215393,1.1617318e-05
1179,1.3215375,1.1621043e-05
1179,1.3215358,1.1624768e-05
1180,1.321534,1.1630356e-05
1180,1.3215322,1.1634082e-05
1180,1.3215304,1.1641532e-05
1180,1.3215287,1.1645257e-05
1180,1.3215269,1.1648983e-05
1180,1.3215251,1.1654571e-05
1180,1.3215234,1.1658296e-05
1181,1.3215216,1.1665747e-05
1181,1.3215198,1.1669472e-05
1181,1.321518,1.1673197e-05
1181,1.3215162,1.1678785e-05
1181,1.3215145,1.168251e-05
1181,1.3215127,1.1689961e-05
1181,1.3215109,1.1693686e-05
1182,1.3215091,1.1699274e-05
1182,1.3215073,1.1702999e-05
1182,1.3215056,1.1706725e-05
1182,1.3215038,1.1712313e-05
1182,1.321502,1.1717901e-05
1182,1.3215002,1.1723489e-05
1182,1.3214984,1.1727214e-05
1182,1.3214966,1.1730939e-05
1183,1.3214948,1.1736527e-05
1183,1.3214931,1.1740252e-05
1183,1.3214913,1.1747703e-05
1183,1.3214895,1.1751428e-05
1183,1.3214877,1.1755154e-05
1183,1.3214859,1.1760741e-05
1183,1.3214841,1.1764467e-05
1184,1.3214823,1.1771917e-05
1184,1.3214805,1.1775643e-05
1184,1.3214787,1.1781231e-05
1184,1.3214769,1.1784956e-05
1184,1.3214751,1.1788681e-05
1184,1.3214733,1.1794269e-05
1184,1.3214715,1.1799857e-05
1184,1.3214697,1.1805445e-05
1185,1.3214679,1.180917e-05
1185,1.3214661,1.1812896e-05
1185,1.3214643,1.1818483e-05
1185,1.3214625,1.1822209e-05
1185,1.3214607,1.1829659e-05
1185,1.3214589,1.1833385e-05
1185,1.3214571,1.183711e-05
1186,1.3214553,1.1842698e-05
1186,1.3214535,1.1846423e-05
1186,1.3214517,1.1853874e-05
1186,1.3214499,1.1857599e-05
1186,1.3214481,1.1861324e-05
1186,1.3214463,1.1866912e-05
1186,1.3214445,1.1870638e-05
1187,1.3214427,1.1876225e-05
1187,1.3214409,1.1881813e-05
1187,1.321439,1.1887401e-05
1187,1.3214372,1.1891127e-05
1187,1.3214354,1.1894852e-05
1187,1.3214336,1.190044e-05
1187,1.3214318,1.1904165e-05
1187,1.32143,1.1911616e-05
1188,1.3214282,1.1915341e-05
1188,1.3214263,1.1919066e-05
1188,1.3214245,1.1924654e-05
1188,1.3214227,1.192838e-05
1188,1.3214209,1.193583e-05
1188,1.3214191,1.1939555e-05
1188,1.3214172,1.1943281e-05
1189,1.3214154,1.1948869e-05
1189,1.3214136,1.1952594e-05
1189,1.3214118,1.1958182e-05
1189,1.32141,1.196377e-05
1189,1.3214081,1.1969358e-05
1189,1.3214063,1.1973083e-05
1189,1.3214045,1.1976808e-05
1190,1.3214027,1.1982396e-05
1190,1.3214008,1.1987984e-05
1190,1.321399,1.1993572e-05
1190,1.3213972,1.1997297e-05
1190,1.3213953,1.2001023e-05
1190,1.3213935,1.2006611e-05
1190,1.3213917,1.2010336e-05
1190,1.3213898,1.2017787e-05
1191,1.321388,1.2021512e-05
1191,1.3213862,1.2025237e-05
1191,1.3213843,1.2030825e-05
1191,1.3213825,1.203455e-05
1191,1.3213807,1.2042001e-05
1191,1.3213788,1.2045726e-05
1191,1.321377,1.2051314e-05
1192,1.3213752,1.2055039e-05
1192,1.3213733,1.2058765e-05
1192,1.3213715,1.2064353e-05
1192,1.3213696,1.2069941e-05
1192,1.3213678,1.2075529e-05
1192,1.321366,1.2079254e-05
1192,1.3213641,1.2082979e-05
1193,1.3213623,1.2088567e-05
1193,1.3213604,1.2092292e-05
1193,1.3213586,1.2099743e-05
1193,1.3213567,1.2103468e-05
1193,1.3213549,1.2107193e-05
1193,1.321353,1.2112781e-05
1193,1.3213512,1.2116507e-05
1193,1.3213493,1.2123957e-05
1194,1.3213475,1.2127683e-05
1194,1.3213456,1.2131408e-05
1194,1.3213438,1.2136996e-05
1194,1.3213419,1.2140721e-05
1194,1.3213401,1.2146309e-05
1194,1.3213382,1.2151897e-05
1194,1.3213364,1.2157485e-05
1195,1.3213345,1.216121e-05
1195,1.3213327,1.2164935e-05
1195,1.3213308,1.2170523e-05
1195,1.321329,1.2174249e-05
1195,1.3213271,1.2181699e-05
1195,1.3213253,1.2185425e-05
1195,1.3213234,1.218915e-05
1196,1.3213215,1.2194738e-05
1196,1.3213197,1.2198463e-05
1196,1.3213178,1.2202188e-05
1196,1.321316,1.2204051e-05
1196,1.3213141,1.2205914e-05
1196,1.3213122,1.2205914e-05
1196,1.3213104,1.2207776e-05
1197,1.3213085,1.2209639e-05
1197,1.3213067,1.2209639e-05
1197,1.3213048,1.2211502e-05
1197,1.3213029,1.2211502e-05
1197,1.3213011,1.2211502e-05
1197,1.3212992,1.2211502e-05
1197,1.3212973,1.2211502e-05
1197,1.3212955,1.2209639e-05
1198,1.3212936,1.2209639e-05
1198,1.3212917,1.2207776e-05
1198,1.3212898,1.2207776e-05
1198,1.321288,1.2205914e-05
1198,1.3212861,1.2204051e-05
1198,1.3212842,1.2202188e-05
1198,1.3212823,1.2200326e-05
1199,1.3212805,1.2198463e-05
1199,1.3212786,1.2194738e-05
1199,1.3212767,1.2191013e-05
1199,1.3212748,1.218915e-05
1199,1.3212729,1.2187287e-05
1199,1.3212711,1.2181699e-05
1199,1.3212692,1.2179837e-05
1200,1.3212673,1.2174249e-05
1200,1.3212654,1.2170523e-05
1200,1.3212635,1.2164935e-05
1200,1.3212616,1.216121e-05
1200,1.3212597,1.2157485e-05
1200,1.3212579,1.2150034e-05
1200,1.321256,1.2146309e-05
1201,1.3212541,1.2138858e-05
1201,1.3212522,1.2135133e-05
1201,1.3212503,1.2129545e-05
1201,1.3212484,1.2120232e-05
1201,1.3212465,1.2114644e-05
1201,1.3212446,1.2105331e-05
1201,1.3212427,1.2101606e-05
1202,1.3212408,1.209788e-05
1202,1.3212389,1.2096018e-05
1202,1.321237,1.209788e-05
1202,1.3212351,1.2101606e-05
1202,1.3212331,1.2103468e-05
1202,1.3212312,1.2107193e-05
1202,1.3212293,1.2109056e-05
1202,1.3212274,1.2112781e-05
1203,1.3212255,1.2116507e-05
1203,1.3212236,1.2120232e-05
1203,1.3212217,1.212582e-05
1203,1.3212198,1.2129545e-05
1203,1.3212179,1.2135133e-05
1203,1.321216,1.2142584e-05
1203,1.321214,1.2148172e-05
1204,1.3212121,1.2155622e-05
1204,1.3212102,1.2163073e-05
1204,1.3212083,1.2170523e-05
1204,1.3212064,1.2181699e-05
1204,1.3212045,1.218915e-05
1204,1.3212026,1.2198463e-05
1204,1.3212007,1.2202188e-05
1205,1.3211988,1.2202188e-05
1205,1.3211969,1.2200326e-05
1205,1.321195,1.21966e-05
1205,1.321193,1.2192875e-05
1205,1.3211911,1.218915e-05
1205,1.3211892,1.2185425e-05
1205,1.3211873,1.2183562e-05
1206,1.3211854,1.2181699e-05
1206,1.3211835,1.2176111e-05
1206,1.3211815,1.2170523e-05
1206,1.3211796,1.2164935e-05
1206,1.3211777,1.2159348e-05
1206,1.3211758,1.2155622e-05
1206,1.3211738,1.2146309e-05
1207,1.3211719,1.2140721e-05
1207,1.32117,1.2131408e-05
1207,1.321168,1.2123957e-05
1207,1.3211661,1.2116507e-05
1207,1.3211642,1.2105331e-05
1207,1.3211622,1.209788e-05
1207,1.3211603,1.2092292e-05
1208,1.3211584,1.209043e-05
1208,1.3211564,1.209043e-05
1208,1.3211545,1.209043e-05
1208,1.3211525,1.209043e-05
1208,1.3211506,1.2088567e-05
1208,1.3211487,1.2088567e-05
1208,1.3211467,1.2086704e-05
1209,1.3211448,1.2086704e-05
1209,1.3211428,1.2086704e-05
1209,1.3211409,1.2086704e-05
1209,1.3211389,1.2086704e-05
1209,1.321137,1.2086704e-05
1209,1.321135,1.2088567e-05
1209,1.3211331,1.2088567e-05
1210,1.3211311,1.209043e-05
1210,1.3211292,1.2092292e-05
1210,1.3211272,1.2094155e-05
1210,1.3211253,1.2096018e-05
1210,1.3211233,1.209788e-05
1210,1.3211214,1.209788e-05
1210,1.3211194,1.209788e-05
1210,1.3211175,1.2094155e-05
1211,1.3211155,1.209043e-05
1211,1.3211136,1.2084842e-05
1211,1.3211116,1.2082979e-05
1211,1.3211097,1.2079254e-05
1211,1.3211077,1.2073666e-05
1211,1.3211058,1.2071803e-05
1211,1.3211038,1.2066215e-05
1212,1.3211018,1.2060627e-05
1212,1.3210999,1.2056902e-05
1212,1.3210979,1.2051314e-05
1212,1.321096,1.2045726e-05
1212,1.321094,1.2040138e-05
1212,1.321092,1.203455e-05
1212,1.3210901,1.20271e-05
1213,1.3210881,1.2021512e-05
1213,1.3210861,1.2015924e-05
1213,1.3210842,1.2006611e-05
1213,1.3210822,1.2001023e-05
1213,1.3210802,1.1995435e-05
1213,1.3210782,1.1993572e-05
1213,1.3210762,1.1991709e-05
1214,1.3210743,1.1991709e-05
1214,1.3210723,1.1989847e-05
1214,1.3210703,1.1989847e-05
1214,1.3210683,1.1987984e-05
1214,1.3210664,1.1987984e-05
1214,1.3210644,1.1986122e-05
1214,1.3210624,1.1986122e-05
1215,1.3210604,1.1986122e-05
1215,1.3210584,1.1986122e-05
1215,1.3210564,1.1986122e-05
1215,1.3210545,1.1987984e-05
1215,1.3210525,1.1987984e-05
1215,1.3210505,1.1989847e-05
1215,1.3210485,1.1991709e-05
1216,1.3210465,1.1993572e-05
1216,1.3210445,1.1995435e-05
1216,1.3210426,1.1997297e-05
1216,1.3210406,1.199916e-05
1216,1.3210386,1.1997297e-05
1216,1.3210366,1.1991709e-05
1216,1.3210346,1.1986122e-05
1217,1.3210326,1.1978671e-05
1217,1.3210306,1.1969358e-05
1217,1.3210286,1.1961907e-05
1217,1.3210267,1.1952594e-05
1217,1.3210247,1.1947006e-05
1217,1.3210227,1.1939555e-05
1217,1.3210207,1.192838e-05
1218,1.3210187,1.1919066e-05
1218,1.3210167,1.190789e-05
1218,1.3210147,1.1898577e-05
1218,1.3210127,1.1885539e-05
1218,1.3210107,1.1874363e-05
1218,1.3210087,1.186505e-05
1218,1.3210067,1.1850148e-05
1219,1.3210046,1.183711e-05
1219,1.3210026,1.1820346e-05
1219,1.3210006,1.180917e-05
1219,1.3209986,1.1799857e-05
1219,1.3209966,1.1790544e-05
1219,1.3209945,1.1786819e-05
1219,1.3209925,1.1783093e-05
1220,1.3209905,1.1783093e-05
1220,1.3209885,1.1781231e-05
1220,1.3209865,1.1777505e-05
1220,1.3209844,1.1777505e-05
1220,1.3209824,1.1775643e-05
1220,1.3209804,1.177378e-05
1220,1.3209784,1.177378e-05
1221,1.3209763,1.177378e-05
1221,1.3209743,1.177378e-05
1221,1.3209723,1.1775643e-05
1221,1.3209703,1.1777505e-05
1221,1.3209682,1.1779368e-05
1221,1.3209662,1.1781231e-05
1221,1.3209642,1.1784956e-05
1222,1.3209621,1.1788681e-05
1222,1.3209601,1.1792406e-05
1222,1.3209581,1.1797994e-05
1222,1.3209561,1.1797994e-05
1222,1.320954,1.1797994e-05
1222,1.320952,1.1794269e-05
1222,1.32095,1.1790544e-05
1223,1.3209479,1.1784956e-05
1223,1.3209459,1.1783093e-05
1223,1.3209439,1.1779368e-05
1223,1.3209418,1.177378e-05
1223,1.3209398,1.1771917e-05
1223,1.3209378,1.1766329e-05
1223,1.3209357,1.1760741e-05
1224,1.3209337,1.1755154e-05
1224,1.3209316,1.1751428e-05
1224,1.3209296,1.174584e-05
1224,1.3209276,1.1740252e-05
1224,1.3209255,1.1734664e-05
1224,1.3209235,1.1727214e-05
1225,1.3209214,1.1721626e-05
1225,1.3209194,1.1716038e-05
1225,1.3209173,1.1706725e-05
1225,1.3209153,1.1701137e-05
1225,1.3209132,1.1695549e-05
1225,1.3209112,1.1693686e-05
1225,1.3209091,1.1691824e-05
1226,1.320907,1.1691824e-05
1226,1.320905,1.1689961e-05
1226,1.3209029,1.1689961e-05
1226,1.3209009,1.1688098e-05
1226,1.3208988,1.1688098e-05
1226,1.3208967,1.1686236e-05
1226,1.3208947,1.1686236e-05
1227,1.3208926,1.1686236e-05
1227,1.3208906,1.1686236e-05
1227,1.3208885,1.1686236e-05
1227,1.3208864,1.1688098e-05
1227,1.3208844,1.1688098e-05
1227,1.3208823,1.1689961e-05
1227,1.3208802,1.1691824e-05
1228,1.3208782,1.1693686e-05
1228,1.3208761,1.1695549e-05
1228,1.320874,1.1697412e-05
1228,1.320872,1.1699274e-05
1228,1.3208699,1.1697412e-05
1228,1.3208678,1.1695549e-05
1228,1.3208658,1.1691824e-05
1229,1.3208637,1.1688098e-05
1229,1.3208616,1.1684373e-05
1229,1.3208596,1.1680648e-05
1229,1.3208575,1.167506e-05
1229,1.3208554,1.1673197e-05
1229,1.3208533,1.1667609e-05
1229,1.3208513,1.1663884e-05
1230,1.3208492,1.1658296e-05
1230,1.3208471,1.1652708e-05
1230,1.320845,1.1648983e-05
1230,1.3208429,1.1641532e-05
1230,1.3208409,1.1635944e-05
1230,1.3208388,1.1632219e-05
1230,1.3208367,1.1624768e-05
1231,1.3208346,1.161918e-05
1231,1.3208325,1.1609867e-05
1231,1.3208304,1.1604279e-05
1231,1.3208283,1.1598691e-05
1231,1.3208262,1.1591241e-05
1231,1.3208241,1.1587515e-05
1231,1.320822,1.1581928e-05
1232,1.32082,1.1578202e-05
1232,1.3208179,1.1572614e-05
1232,1.3208158,1.1568889e-05
1232,1.3208137,1.1565164e-05
1232,1.3208116,1.1559576e-05
1232,1.3208095,1.1555851e-05
1233,1.3208074,1.15484e-05
1233,1.3208053,1.1544675e-05
1233,1.3208032,1.1540949e-05
1233,1.320801,1.1535361e-05
1233,1.3207989,1.1531636e-05
1233,1.3207968,1.1524186e-05
1233,1.3207947,1.152046e-05
1234,1.3207926,1.1516735e-05
1234,1.3207905,1.1511147e-05
1234,1.3207884,1.1507422e-05
1234,1.3207863,1.1501834e-05
1234,1.3207842,1.1496246e-05
1234,1.3207821,1.1490658e-05
1234,1.3207799,1.1486933e-05
1235,1.3207778,1.1483207e-05
1235,1.3207757,1.1477619e-05
1235,1.3207736,1.1473894e-05
1235,1.3207715,1.1466444e-05
1235,1.3207694,1.1462718e-05
1235,1.3207672,1.1458993e-05
1235,1.3207651,1.1453405e-05
1236,1.320763,1.144968e-05
1236,1.3207609,1.1442229e-05
1236,1.3207587,1.1438504e-05
1236,1.3207566,1.1434779e-05
1236,1.3207545,1.1429191e-05
1236,1.3207523,1.1425465e-05
1236,1.3207502,1.1419877e-05
1237,1.3207481,1.1414289e-05
1237,1.320746,1.1410564e-05
1237,1.3207438,1.1404976e-05
1237,1.3207417,1.1401251e-05
1237,1.3207395,1.1395663e-05
1237,1.3207374,1.13938e-05
1238,1.3207353,1.1391938e-05
1238,1.3207331,1.1391938e-05
1238,1.320731,1.1390075e-05
1238,1.3207288,1.1390075e-05
1238,1.3207267,1.1388212e-05
1238,1.3207246,1.1388212e-05
1238,1.3207224,1.138635e-05
1239,1.3207203,1.138635e-05
1239,1.3207181,1.138635e-05
1239,1.320716,1.138635e-05
1239,1.3207138,1.1388212e-05
1239,1.3207117,1.1388212e-05
1239,1.3207095,1.1388212e-05
1239,1.3207074,1.1390075e-05
1240,1.3207052,1.1391938e-05
1240,1.3207031,1.13938e-05
1240,1.3207009,1.1395663e-05
1240,1.3206988,1.1397526e-05
1240,1.3206966,1.1399388e-05
1240,1.3206945,1.1397526e-05
1240,1.3206923,1.1395663e-05
1241,1.3206902,1.1391938e-05
1241,1.320688,1.138635e-05
1241,1.3206859,1.1384487e-05
1241,1.3206837,1.1380762e-05
1241,1.3206815,1.1375174e-05
1241,1.3206794,1.1373311e-05
1242,1.3206772,1.1367723e-05
1242,1.3206751,1.1363998e-05
1242,1.3206729,1.135841e-05
1242,1.3206707,1.1352822e-05
1242,1.3206686,1.1349097e-05
1242,1.3206664,1.1341646e-05
1242,1.3206642,1.1336058e-05
1243,1.3206621,1.1332333e-05
1243,1.3206599,1.1324883e-05
1243,1.3206577,1.1319295e-05
1243,1.3206555,1.1309981e-05
1243,1.3206534,1.1304393e-05
1243,1.3206512,1.1296943e-05
1243,1.320649,1.1291355e-05
1244,1.3206468,1.128763e-05
1244,1.3206446,1.1282042e-05
1244,1.3206425,1.1278316e-05
1244,1.3206403,1.1272728e-05
1244,1.3206381,1.1269003e-05
1244,1.3206359,1.1265278e-05
1245,1.3206337,1.125969e-05
1245,1.3206315,1.1255965e-05
1245,1.3206294,1.1248514e-05
1245,1.3206272,1.1244789e-05
1245,1.320625,1.1241063e-05
1245,1.3206228,1.1235476e-05
1245,1.3206206,1.123175e-05
1246,1.3206184,1.12243e-05
1246,1.3206162,1.1220574e-05
1246,1.320614,1.1214986e-05
1246,1.3206118,1.1211261e-05
1246,1.3206096,1.1207536e-05
1246,1.3206074,1.1201948e-05
1246,1.3206052,1.119636e-05
1247,1.320603,1.1190772e-05
1247,1.3206008,1.1187047e-05
1247,1.3205986,1.1183321e-05
1247,1.3205964,1.1177734e-05
1247,1.3205942,1.1172146e-05
1247,1.320592,1.1166558e-05
1248,1.3205898,1.1162832e-05
1248,1.3205876,1.1159107e-05
1248,1.3205854,1.1153519e-05
1248,1.3205832,1.1149794e-05
1248,1.3205809,1.1142343e-05
1248,1.3205787,1.1138618e-05
1248,1.3205765,1.113303e-05
1249,1.3205743,1.1129305e-05
1249,1.3205721,1.1125579e-05
1249,1.3205699,1.1119992e-05
1249,1.3205676,1.1114404e-05
1249,1.3205654,1.1108816e-05
1249,1.3205632,1.110509e-05
1249,1.320561,1.1101365e-05
1250,1.3205587,1.1095777e-05
1250,1.3205565,1.1090189e-05
1250,1.3205543,1.1084601e-05
1250,1.3205521,1.1080876e-05
1250,1.3205498,1.1077151e-05
1250,1.3205476,1.1071563e-05
1251,1.3205454,1.1067837e-05
1251,1.3205431,1.1060387e-05
1251,1.3205409,1.1056662e-05
1251,1.3205387,1.1052936e-05
1251,1.3205364,1.1047348e-05
1251,1.3205342,1.1043623e-05
1251,1.320532,1.1036173e-05
1252,1.3205297,1.1032447e-05
1252,1.3205275,1.1026859e-05
1252,1.3205252,1.1023134e-05
1252,1.320523,1.1019409e-05
1252,1.3205207,1.1011958e-05
1252,1.3205185,1.1008233e-05
1252,1.3205162,1.1002645e-05
1253,1.320514,1.099892e-05
1253,1.3205117,1.0997057e-05
1253,1.3205095,1.0993332e-05
1253,1.3205072,1.0993332e-05
1253,1.320505,1.0991469e-05
1253,1.3205027,1.0991469e-05
1254,1.3205005,1.0989606e-05
1254,1.3204982,1.0987744e-05
1254,1.320496,1.0987744e-05
1254,1.3204937,1.0987744e-05
1254,1.3204914,1.0987744e-05
1254,1.3204892,1.0987744e-05
1254,1.3204869,1.0987744e-05
1255,1.3204846,1.0987744e-05
1255,1.3204824,1.0987744e-05
1255,1.3204801,1.0989606e-05
1255,1.3204779,1.0991469e-05
1255,1.3204756,1.0991469e-05
1255,1.3204733,1.0993332e-05
1256,1.320471,1.0997057e-05
1256,1.3204688,1.099892e-05
1256,1.3204665,1.1000782e-05
1256,1.3204642,1.1000782e-05
1256,1.320462,1.1000782e-05
1256,1.3204597,1.099892e-05
1256,1.3204574,1.099892e-05
1257,1.3204551,1.099892e-05
1257,1.3204529,1.099892e-05
1257,1.3204506,1.099892e-05
1257,1.3204483,1.099892e-05
1257,1.320446,1.099892e-05
1257,1.3204438,1.099892e-05
1257,1.3204415,1.099892e-05
1258,1.3204392,1.099892e-05
1258,1.3204369,1.099892e-05
1258,1.3204346,1.099892e-05
1258,1.3204323,1.099892e-05
1258,1.32043,1.099892e-05
1258,1.3204278,1.099892e-05
1259,1.3204255,1.099892e-05
1259,1.3204232,1.099892e-05
1259,1.3204209,1.099892e-05
1259,1.3204186,1.099892e-05
1259,1.3204163,1.0995194e-05
1259,1.320414,1.0993332e-05
1259,1.3204117,1.0989606e-05
1260,1.3204094,1.0985881e-05
1260,1.3204071,1.0982156e-05
1260,1.3204048,1.0978431e-05
1260,1.3204025,1.0974705e-05
1260,1.3204002,1.0969117e-05
1260,1.3203979,1.0965392e-05
1261,1.3203956,1.0961667e-05
1261,1.3203933,1.0956079e-05
1261,1.320391,1.0950491e-05
1261,1.3203887,1.0944903e-05
1261,1.3203864,1.0939315e-05
1261,1.3203841,1.0933727e-05
1261,1.3203818,1.0926276e-05
1262,1.3203794,1.0920689e-05
1262,1.3203771,1.0913238e-05
1262,1.3203748,1.0905787e-05
1262,1.3203725,1.0902062e-05
1262,1.3203701,1.0896474e-05
1262,1.3203678,1.0892749e-05
1263,1.3203655,1.0890886e-05
1263,1.3203632,1.0890886e-05
1263,1.3203608,1.0890886e-05
1263,1.3203585,1.0889024e-05
1263,1.3203562,1.0889024e-05
1263,1.3203538,1.0887161e-05
1263,1.3203515,1.0887161e-05
1264,1.3203492,1.0887161e-05
1264,1.3203468,1.0887161e-05
1264,1.3203445,1.0887161e-05
1264,1.3203422,1.0887161e-05
1264,1.3203398,1.0887161e-05
1264,1.3203375,1.0889024e-05
1265,1.3203351,1.0890886e-05
1265,1.3203328,1.0890886e-05
1265,1.3203305,1.0892749e-05
1265,1.3203281,1.0894611e-05
1265,1.3203258,1.0898337e-05
1265,1.3203234,1.0898337e-05
1265,1.3203211,1.0900199e-05
1266,1.3203187,1.0900199e-05
1266,1.3203164,1.0900199e-05
1266,1.320314,1.0898337e-05
1266,1.3203117,1.0898337e-05
1266,1.3203093,1.0898337e-05
1266,1.320307,1.0898337e-05
1267,1.3203046,1.0898337e-05
1267,1.3203023,1.0898337e-05
1267,1.3202999,1.0898337e-05
1267,1.3202975,1.0898337e-05
1267,1.3202952,1.0898337e-05
1267,1.3202928,1.0898337e-05
1267,1.3202905,1.0898337e-05
1268,1.3202881,1.0898337e-05
1268,1.3202857,1.0898337e-05
1268,1.3202833,1.0898337e-05
1268,1.320281,1.0898337e-05
1268,1.3202786,1.0898337e-05
1268,1.3202762,1.0898337e-05
1269,1.3202739,1.0900199e-05
1269,1.3202715,1.0902062e-05
1269,1.3202691,1.0903925e-05
1269,1.3202667,1.090765e-05
1269,1.3202643,1.0911375e-05
1269,1.320262,1.0915101e-05
1270,1.3202596,1.0918826e-05
1270,1.3202572,1.0924414e-05
1270,1.3202548,1.0926276e-05
1270,1.3202524,1.0930002e-05
1270,1.32025,1.093559e-05
1270,1.3202476,1.0941178e-05
1270,1.3202453,1.0946766e-05
1271,1.3202429,1.0952353e-05
1271,1.3202405,1.0956079e-05
1271,1.3202381,1.0963529e-05
1271,1.3202357,1.0969117e-05
1271,1.3202333,1.0976568e-05
1271,1.3202309,1.0982156e-05
1272,1.3202285,1.0989606e-05
1272,1.3202261,1.0995194e-05
1272,1.3202237,1.1002645e-05
1272,1.3202213,1.1011958e-05
1272,1.3202189,1.1017546e-05
1272,1.3202165,1.1026859e-05
1272,1.3202141,1.103431e-05
1273,1.3202117,1.104176e-05
1273,1.3202093,1.1052936e-05
1273,1.3202069,1.1060387e-05
1273,1.3202045,1.1071563e-05
1273,1.320202,1.1079013e-05
1273,1.3201996,1.1086464e-05
1274,1.3201972,1.1099502e-05
1274,1.3201948,1.1106953e-05
1274,1.3201924,1.1119992e-05
1274,1.32019,1.1129305e-05
1274,1.3201876,1.1136755e-05
1274,1.3201851,1.1151657e-05
1275,1.3201827,1.116097e-05
1275,1.3201803,1.1175871e-05
1275,1.3201779,1.1185184e-05
1275,1.3201755,1.1198223e-05
1275,1.320173,1.1205673e-05
1275,1.3201706,1.1213124e-05
1275,1.3201682,1.1220574e-05
1276,1.3201658,1.12243e-05
1276,1.3201634,1.123175e-05
1276,1.3201609,1.1237338e-05
1276,1.3201585,1.1241063e-05
1276,1.3201561,1.1248514e-05
1276,1.3201536,1.1252239e-05
1277,1.3201512,1.125969e-05
1277,1.3201488,1.1263415e-05
1277,1.3201463,1.1267141e-05
1277,1.3201439,1.1272728e-05
1277,1.3201415,1.1276454e-05
1277,1.320139,1.1280179e-05
1277,1.3201366,1.1283904e-05
1278,1.3201341,1.128763e-05
1278,1.3201317,1.1289492e-05
1278,1.3201292,1.1291355e-05
1278,1.3201268,1.129508e-05
1278,1.3201243,1.1298805e-05
1278,1.3201219,1.1308119e-05
1279,1.3201194,1.1317432e-05
1279,1.3201169,1.1326745e-05
1279,1.3201145,1.1343509e-05
1279,1.320112,1.1352822e-05
1279,1.3201095,1.1367723e-05
1279,1.3201071,1.1378899e-05
1280,1.3201046,1.1390075e-05
1280,1.3201021,1.1406839e-05
1280,1.3200997,1.1418015e-05
1280,1.3200972,1.1436641e-05
1280,1.3200947,1.1447817e-05
1280,1.3200923,1.1460856e-05
1280,1.3200898,1.1481345e-05
1281,1.3200873,1.1494383e-05
1281,1.3200849,1.1514872e-05
1281,1.3200824,1.1529773e-05
1281,1.3200799,1.1553988e-05
1281,1.3200774,1.1568889e-05
1281,1.320075,1.158379e-05
1282,1.3200725,1.1606142e-05
1282,1.32007,1.161918e-05
1282,1.3200675,1.1635944e-05
1282,1.3200651,1.1648983e-05
1282,1.3200626,1.1658296e-05
1282,1.3200601,1.1676922e-05
1283,1.3200576,1.1688098e-05
1283,1.3200551,1.1706725e-05
1283,1.3200527,1.1719763e-05
1283,1.3200502,1.1730939e-05
1283,1.3200477,1.1749566e-05
1283,1.3200452,1.1760741e-05
1284,1.3200427,1.1779368e-05
1284,1.3200402,1.1790544e-05
1284,1.3200377,1.180917e-05
1284,1.3200352,1.1820346e-05
1284,1.3200327,1.1833385e-05
1284,1.3200302,1.1852011e-05
1284,1.3200277,1.1863187e-05
1285,1.3200252,1.1881813e-05
1285,1.3200227,1.1892989e-05
1285,1.3200202,1.1904165e-05
1285,1.3200177,1.1919066e-05
1285,1.3200152,1.1930242e-05
1285,1.3200127,1.1943281e-05
1286,1.3200102,1.1952594e-05
1286,1.3200077,1.1960045e-05
1286,1.3200052,1.1973083e-05
1286,1.3200027,1.1982396e-05
1286,1.3200002,1.1995435e-05
1286,1.3199977,1.2002885e-05
1287,1.3199951,1.2015924e-05
1287,1.3199926,1.2023374e-05
1287,1.3199901,1.2030825e-05
1287,1.3199876,1.2042001e-05
1287,1.3199851,1.2049451e-05
1287,1.3199825,1.2060627e-05
1287,1.31998,1.2068078e-05
1288,1.3199775,1.2073666e-05
1288,1.319975,1.2082979e-05
1288,1.3199724,1.2088567e-05
1288,1.3199699,1.2099743e-05
1288,1.3199673,1.2109056e-05
1288,1.3199648,1.2120232e-05
1289,1.3199622,1.2140721e-05
1289,1.3199597,1.2155622e-05
1289,1.3199572,1.2177974e-05
1289,1.3199546,1.2191013e-05
1289,1.3199521,1.2205914e-05
1289,1.3199495,1.2228265e-05
1290,1.319947,1.2243167e-05
1290,1.3199444,1.2265518e-05
1290,1.3199419,1.2282282e-05
1290,1.3199393,1.2306497e-05
1290,1.3199368,1.232326e-05
1290,1.3199342,1.2340024e-05
1291,1.3199316,1.2367964e-05
1291,1.3199291,1.2384728e-05
1291,1.3199265,1.2412667e-05
1291,1.319924,1.2431294e-05
1291,1.3199214,1.2451783e-05
1291,1.3199189,1.2479722e-05
1292,1.3199163,1.2500212e-05
1292,1.3199137,1.2524426e-05
1292,1.3199112,1.254119e-05
1292,1.3199086,1.2556091e-05
1292,1.319906,1.2578443e-05
1292,1.3199035,1.2595206e-05
1292,1.3199009,1.2619421e-05
1293,1.3198983,1.2634322e-05
1293,1.3198958,1.2658536e-05
1293,1.3198932,1.26753e-05
1293,1.3198906,1.2690201e-05
1293,1.319888,1.2714416e-05
1293,1.3198855,1.273118e-05
1294,1.3198829,1.2755394e-05
1294,1.3198803,1.2770295e-05
1294,1.3198777,1.2787059e-05
1294,1.3198751,1.2811273e-05
1294,1.3198725,1.2826174e-05
1294,1.3198699,1.2850389e-05
1295,1.3198674,1.2867153e-05
1295,1.3198648,1.2882054e-05
1295,1.3198622,1.2908131e-05
1295,1.3198596,1.2924895e-05
1295,1.319857,1.2952834e-05
1295,1.3198544,1.2971461e-05
1296,1.3198518,1.3001263e-05
1296,1.3198492,1.301989e-05
1296,1.3198466,1.3038516e-05
1296,1.319844,1.3068318e-05
1296,1.3198414,1.3086945e-05
1296,1.3198388,1.3116747e-05
1297,1.3198361,1.3137236e-05
1297,1.3198335,1.3155863e-05
1297,1.3198309,1.3187528e-05
1297,1.3198283,1.3208017e-05
1297,1.3198257,1.3237819e-05
1297,1.3198231,1.3260171e-05
1297,1.3198205,1.328066e-05
1298,1.3198178,1.3312325e-05
1298,1.3198152,1.3332814e-05
1298,1.3198126,1.3366342e-05
1298,1.31981,1.3388693e-05
1298,1.3198074,1.3409182e-05
1298,1.3198047,1.344271e-05
1299,1.3198021,1.3465062e-05
1299,1.3197995,1.3498589e-05
1299,1.3197968,1.3522804e-05
1299,1.3197942,1.3556331e-05
1299,1.3197916,1.3580546e-05
1299,1.3197889,1.3602898e-05
1300,1.3197863,1.3638288e-05
1300,1.3197837,1.3662502e-05
1300,1.319781,1.3697892e-05
1300,1.3197784,1.3722107e-05
1300,1.3197757,1.3746321e-05
1300,1.3197731,1.3783574e-05
1301,1.3197705,1.3807788e-05
1301,1.3197678,1.3845041e-05
1301,1.3197652,1.3871118e-05
1301,1.3197625,1.3895333e-05
1301,1.3197599,1.3934448e-05
1301,1.3197572,1.3960525e-05
1302,1.3197546,1.3999641e-05
1302,1.3197519,1.4025718e-05
1302,1.3197492,1.4064834e-05
1302,1.3197466,1.4090911e-05
1302,1.3197439,1.4116988e-05
1302,1.3197413,1.4157966e-05
1303,1.3197386,1.4184043e-05
1303,1.3197359,1.4225021e-05
1303,1.3197333,1.4252961e-05
1303,1.3197306,1.42809e-05
1303,1.3197279,1.4321879e-05
1303,1.3197253,1.4349818e-05
1304,1.3197226,1.4392659e-05
1304,1.3197199,1.4420599e-05
1304,1.3197172,1.4450401e-05
1304,1.3197146,1.4493242e-05
1304,1.3197119,1.4521182e-05
1304,1.3197092,1.4565885e-05
1305,1.3197065,1.4595687e-05
1305,1.3197038,1.4623627e-05
1305,1.3197012,1.4668331e-05
1305,1.3196985,1.4698133e-05
1305,1.3196958,1.4744699e-05
1305,1.3196931,1.4774501e-05
1305,1.3196904,1.4821067e-05
1306,1.3196877,1.485087e-05
1306,1.319685,1.4882535e-05
1306,1.3196823,1.4929101e-05
1306,1.3196796,1.4958903e-05
1306,1.3196769,1.5007332e-05
1306,1.3196742,1.5038997e-05
1307,1.3196715,1.5070662e-05
1307,1.3196688,1.5119091e-05
1307,1.3196661,1.5150756e-05
1307,1.3196634,1.5199184e-05
1307,1.3196607,1.5232712e-05
1307,1.319658,1.5264377e-05
1308,1.3196553,1.5314668e-05
1308,1.3196526,1.5348196e-05
1308,1.3196499,1.5396625e-05
1308,1.3196472,1.5430152e-05
1308,1.3196444,1.5482306e-05
1308,1.3196417,1.5515834e-05
1309,1.319639,1.5553087e-05
1309,1.3196363,1.5607104e-05
1309,1.3196336,1.5644357e-05
1309,1.3196308,1.5702099e-05
1309,1.3196281,1.5739352e-05
1309,1.3196254,1.5778467e-05
1310,1.3196226,1.5836209e-05
1310,1.3196199,1.5875325e-05
1310,1.3196172,1.5934929e-05
1310,1.3196145,1.5974045e-05
1310,1.3196117,1.6015023e-05
1310,1.319609,1.6074628e-05
1311,1.3196062,1.6115606e-05
1311,1.3196035,1.6178936e-05
1311,1.3196008,1.6219914e-05
1311,1.319598,1.6283244e-05
1311,1.3195953,1.6326085e-05
1311,1.3195925,1.6368926e-05
1312,1.3195898,1.6434118e-05
1312,1.3195871,1.6476959e-05
1312,1.3195843,1.6540289e-05
1312,1.3195816,1.6581267e-05
1312,1.3195788,1.6620383e-05
1312,1.3195761,1.6679987e-05
1313,1.3195733,1.6719103e-05
1313,1.3195706,1.6778708e-05
1313,1.3195678,1.6817823e-05
1313,1.3195651,1.6858801e-05
1313,1.3195623,1.6918406e-05
1313,1.3195595,1.6959384e-05
1314,1.3195568,1.7018989e-05
1314,1.319554,1.7059967e-05
1314,1.3195512,1.7099082e-05
1314,1.3195485,1.7158687e-05
1314,1.3195457,1.7199665e-05
1314,1.3195429,1.725927e-05
1315,1.3195402,1.7298386e-05
1315,1.3195374,1.735799e-05
1315,1.3195346,1.7397106e-05
1315,1.3195318,1.7438084e-05
1315,1.319529,1.7499551e-05
1315,1.3195262,1.7544255e-05
1316,1.3195235,1.7613173e-05
1316,1.3195207,1.7661601e-05
1316,1.3195179,1.771003e-05
1316,1.3195151,1.7784536e-05
1316,1.3195123,1.7834827e-05
1316,1.3195095,1.7909333e-05
1317,1.3195067,1.7959625e-05
1317,1.3195039,1.8009916e-05
1317,1.3195011,1.8086284e-05
1317,1.3194983,1.8138438e-05
1317,1.3194955,1.821667e-05
1317,1.3194927,1.8270686e-05
1318,1.3194899,1.835078e-05
1318,1.3194871,1.8406659e-05
1318,1.3194843,1.8460676e-05
1318,1.3194815,1.8544495e-05
1318,1.3194787,1.8600374e-05
1318,1.3194759,1.8686056e-05
1319,1.3194731,1.8743798e-05
1319,1.3194703,1.8799677e-05
1319,1.3194675,1.8879771e-05
1319,1.3194647,1.8931925e-05
1319,1.3194619,1.9008294e-05
1319,1.319459,1.9058585e-05
1320,1.3194562,1.9110739e-05
1320,1.3194534,1.918897e-05
1320,1.3194506,1.9241124e-05
1320,1.3194478,1.9319355e-05
1320,1.3194449,1.937151e-05
1320,1.3194421,1.9449741e-05
1321,1.3194393,1.9501895e-05
1321,1.3194365,1.9554049e-05
1321,1.3194336,1.9630417e-05
1321,1.3194308,1.9682571e-05
1321,1.319428,1.9760802e-05
1321,1.3194251,1.9812956e-05
1322,1.3194223,1.9865111e-05
1322,1.3194195,1.9941479e-05
1322,1.3194166,1.9993633e-05
1322,1.3194138,2.0071864e-05
1322,1.3194109,2.0125881e-05
1322,1.3194081,2.018176e-05
1323,1.3194052,2.0267442e-05
1323,1.3194024,2.0325184e-05
1323,1.3193995,2.0410866e-05
1323,1.3193967,2.047047e-05
1323,1.3193938,2.0528212e-05
1324,1.3193909,2.0615757e-05
1324,1.3193881,2.0675361e-05
1324,1.3193852,2.0764768e-05
1324,1.3193824,2.0824373e-05
1324,1.3193795,2.091378e-05
1324,1.3193767,2.0975247e-05
1325,1.3193738,2.1034852e-05
1325,1.3193709,2.1127984e-05
1325,1.319368,2.1189451e-05
1325,1.3193652,2.1282583e-05
1325,1.3193623,2.1345913e-05
1325,1.3193594,2.1407381e-05
1326,1.3193565,2.1502376e-05
1326,1.3193537,2.1567568e-05
1326,1.3193508,2.1662563e-05
1326,1.3193479,2.1727756e-05
1326,1.319345,2.1792948e-05
1326,1.3193421,2.1889806e-05
1327,1.3193392,2.1954998e-05
1327,1.3193364,2.2055581e-05
1327,1.3193335,2.2120774e-05
1327,1.3193306,2.2221357e-05
1327,1.3193277,2.2288412e-05
1327,1.3193248,2.2355467e-05
1328,1.3193219,2.2457913e-05
1328,1.319319,2.252683e-05
1328,1.3193161,2.2629276e-05
1328,1.3193132,2.2698194e-05
1328,1.3193103,2.2767112e-05
1328,1.3193074,2.2873282e-05
1329,1.3193045,2.29422e-05
1329,1.3193016,2.3050234e-05
1329,1.3192987,2.3121014e-05
1329,1.3192958,2.3191795e-05
1329,1.3192929,2.3299828e-05
1329,1.31929,2.3368746e-05
1330,1.3192871,2.3471192e-05
1330,1.3192842,2.3538247e-05
1330,1.3192813,2.3605302e-05
1330,1.3192784,2.3705885e-05
1330,1.3192754,2.3774803e-05
1330,1.3192725,2.3877248e-05
1331,1.3192696,2.3944303e-05
1331,1.3192667,2.4046749e-05
1331,1.3192638,2.4115667e-05
1331,1.3192609,2.4182722e-05
1331,1.3192579,2.4285167e-05
1331,1.319255,2.4352223e-05
1332,1.3192521,2.4454668e-05
1332,1.3192491,2.4523586e-05
1332,1.3192462,2.4590641e-05
1332,1.3192433,2.4693087e-05
1332,1.3192403,2.4760142e-05
1333,1.3192374,2.4860725e-05
1333,1.3192344,2.4929643e-05
1333,1.3192315,2.4998561e-05
1333,1.3192285,2.5108457e-05
1333,1.3192256,2.5182962e-05
1333,1.3192226,2.5296584e-05
1334,1.3192197,2.5374815e-05
1334,1.3192167,2.5490299e-05
1334,1.3192138,2.556853e-05
1334,1.3192108,2.5646761e-05
1334,1.3192079,2.5764108e-05
1334,1.3192049,2.5842339e-05
1335,1.3192019,2.5961548e-05
1335,1.319199,2.6041642e-05
1335,1.319196,2.6123598e-05
1335,1.319193,2.624467e-05
1335,1.3191901,2.6326627e-05
1335,1.3191871,2.6449561e-05
1336,1.3191841,2.653338e-05
1336,1.3191812,2.6617199e-05
1336,1.3191782,2.6745722e-05
1336,1.3191752,2.6831403e-05
1336,1.3191723,2.6958063e-05
1336,1.3191693,2.704002e-05
1337,1.3191664,2.7155504e-05
1337,1.3191634,2.7230009e-05
1337,1.3191604,2.7302653e-05
1337,1.3191574,2.7410686e-05
1337,1.3191545,2.7485192e-05
1338,1.3191515,2.7595088e-05
1338,1.3191485,2.7669594e-05
1338,1.3191455,2.7742237e-05
1338,1.3191425,2.7852133e-05
1338,1.3191395,2.7922913e-05
1338,1.3191366,2.8030947e-05
1339,1.3191336,2.810359e-05
1339,1.3191306,2.8174371e-05
1339,1.3191276,2.8280541e-05
1339,1.3191246,2.8349459e-05
1339,1.3191216,2.845563e-05
1339,1.3191185,2.8522685e-05
1340,1.3191155,2.8591603e-05
1340,1.3191125,2.8694049e-05
1340,1.3191095,2.8762966e-05
1340,1.3191065,2.8872862e-05
1340,1.3191034,2.8951094e-05
1340,1.3191004,2.9070303e-05
1341,1.3190974,2.9152259e-05
1341,1.3190944,2.9236078e-05
1341,1.3190913,2.935715e-05
1341,1.3190883,2.9439107e-05
1341,1.3190853,2.9562041e-05
1341,1.3190822,2.9643998e-05
1342,1.3190792,2.9727817e-05
1342,1.3190761,2.9852614e-05
1342,1.3190731,2.9938295e-05
1342,1.3190701,3.0064955e-05
1342,1.319067,3.0150637e-05
1343,1.319064,3.0236319e-05
1343,1.3190609,3.0366704e-05
1343,1.3190579,3.0454248e-05
1343,1.3190548,3.0586496e-05
1343,1.3190518,3.0675903e-05
1343,1.3190487,3.0810013e-05
1344,1.3190457,3.089942e-05
1344,1.3190426,3.0986965e-05
1344,1.3190396,3.1121075e-05
1344,1.3190365,3.1210482e-05
1344,1.3190334,3.134273e-05
1344,1.3190304,3.1434e-05
1345,1.3190273,3.1523407e-05
1345,1.3190243,3.165938e-05
1345,1.3190212,3.1750649e-05
1345,1.3190181,3.1886622e-05
1345,1.3190151,3.1977892e-05
1346,1.319012,3.2071024e-05
1346,1.3190089,3.220886e-05
1346,1.3190059,3.2301992e-05
1346,1.3190028,3.2441691e-05
1346,1.3189997,3.2534823e-05
1346,1.3189966,3.2629818e-05
1347,1.3189936,3.2771379e-05
1347,1.3189905,3.2868236e-05
1347,1.3189874,3.301166e-05
1347,1.3189844,3.3106655e-05
1347,1.3189813,3.3242628e-05
1347,1.3189782,3.3322722e-05
1348,1.3189752,3.3400953e-05
1348,1.3189721,3.3508986e-05
1348,1.318969,3.3576041e-05
1348,1.318966,3.3682212e-05
1348,1.3189629,3.3752993e-05
1348,1.3189598,3.3821911e-05
1349,1.3189567,3.3924356e-05
1349,1.3189536,3.3991411e-05
1349,1.3189505,3.4088269e-05
1349,1.3189474,3.4151599e-05
1349,1.3189443,3.4214929e-05
1350,1.3189412,3.4306198e-05
1350,1.3189381,3.4365803e-05
1350,1.3189349,3.4451485e-05
1350,1.3189318,3.4509227e-05
1350,1.3189287,3.458932e-05
1350,1.3189256,3.4641474e-05
1351,1.3189224,3.4693629e-05
1351,1.3189193,3.4773722e-05
1351,1.3189161,3.4831464e-05
1351,1.3189129,3.4928322e-05
1351,1.3189098,3.499724e-05
1351,1.3189066,3.5069883e-05
1352,1.3189034,3.5177916e-05
1352,1.3189003,3.5248697e-05
1352,1.3188971,3.5354868e-05
1352,1.3188939,3.5425648e-05
1352,1.3188908,3.5494566e-05
1353,1.3188876,3.5602599e-05
1353,1.3188844,3.567338e-05
1353,1.3188812,3.5781413e-05
1353,1.318878,3.5854056e-05
1353,1.3188749,3.5963953e-05
1353,1.3188717,3.6038458e-05
1354,1.3188685,3.6111102e-05
1354,1.3188653,3.622286e-05
1354,1.3188621,3.6297366e-05
1354,1.3188589,3.6410987e-05
1354,1.3188557,3.6485493e-05
1354,1.3188525,3.6561862e-05
1355,1.3188493,3.6671758e-05
1355,1.3188461,3.6744401e-05
1355,1.3188428,3.6852434e-05
1355,1.3188396,3.6923215e-05
1355,1.3188364,3.6993995e-05
1356,1.3188332,3.7102029e-05
1356,1.31883,3.7174672e-05
1356,1.3188267,3.7282705e-05
1356,1.3188235,3.7355348e-05
1356,1.3188202,3.7426129e-05
1356,1.318817,3.7534162e-05
1357,1.3188138,3.7606806e-05
1357,1.3188105,3.7714839e-05
1357,1.3188073,3.7787482e-05
1357,1.318804,3.7895516e-05
1357,1.3188007,3.7966296e-05
1357,1.3187975,3.8038939e-05
1358,1.3187942,3.8146973e-05
1358,1.3187909,3.8217753e-05
1358,1.3187877,3.8325787e-05
1358,1.3187844,3.839843e-05
1358,1.3187811,3.8472936e-05
1359,1.3187778,3.858842e-05
1359,1.3187745,3.8664788e-05
1359,1.3187712,3.8782135e-05
1359,1.3187679,3.8860366e-05
1359,1.3187646,3.8938597e-05
1359,1.3187613,3.9055943e-05
1360,1.318758,3.9136037e-05
1360,1.3187547,3.9255247e-05
1360,1.3187513,3.9333478e-05
1360,1.318748,3.945455e-05
1360,1.3187447,3.9534643e-05
1361,1.3187414,3.9614737e-05
1361,1.318738,3.9737672e-05
1361,1.3187347,3.9819628e-05
1361,1.3187313,3.9942563e-05
1361,1.318728,4.0024519e-05
1361,1.3187246,4.0106475e-05
1362,1.3187213,4.022941e-05
1362,1.3187179,4.0313229e-05
1362,1.3187145,4.0443614e-05
1362,1.3187111,4.0534884e-05
1362,1.3187077,4.0628016e-05
1362,1.3187044,4.077144e-05
1363,1.318701,4.087016e-05
1363,1.3186976,4.1017309e-05
1363,1.3186942,4.1116029e-05
1363,1.3186908,4.1265041e-05
1363,1.3186874,4.1365623e-05
1364,1.318684,4.1468069e-05
1364,1.3186806,4.1622669e-05
1364,1.3186772,4.1726977e-05
1364,1.3186737,4.1885301e-05
1364,1.3186703,4.1991472e-05
1364,1.3186669,4.2099506e-05
1365,1.3186635,4.2263418e-05
1365,1.31866,4.2373314e-05
1365,1.3186566,4.2540953e-05
1365,1.3186532,4.2654574e-05
1365,1.3186497,4.2768195e-05
1366,1.3186463,4.2939559e-05
1366,1.3186428,4.3055043e-05
1366,1.3186394,4.3224543e-05
1366,1.3186359,4.3338165e-05
1366,1.3186324,4.3453649e-05
1366,1.3186289,4.3625012e-05
1367,1.3186255,4.3740496e-05
1367,1.318622,4.3915585e-05
1367,1.3186185,4.4032931e-05
1367,1.318615,4.4209883e-05
1367,1.3186115,4.4329092e-05
1368,1.318608,4.4448301e-05
1368,1.3186045,4.4628978e-05
1368,1.318601,4.4751912e-05
1368,1.3185975,4.4934452e-05
1368,1.318594,4.5057386e-05
1368,1.3185904,4.5180321e-05
1369,1.3185868,4.5366585e-05
1369,1.3185833,4.548952e-05
1369,1.3185797,4.5675784e-05
1369,1.3185761,4.5802444e-05
1369,1.3185725,4.5932829e-05
1370,1.3185689,4.6147034e-05
1370,1.3185653,4.6301633e-05
1370,1.3185617,4.6547502e-05
1370,1.3185581,4.6718866e-05
1370,1.3185545,4.6975911e-05
1370,1.3185509,4.7149137e-05
1371,1.3185473,4.7324225e-05
1371,1.3185437,4.7588721e-05
1371,1.3185401,4.7767535e-05
1371,1.3185365,4.8045069e-05
1371,1.3185328,4.8233196e-05
1371,1.3185292,4.8425049e-05
1372,1.3185255,4.8715621e-05
1372,1.3185219,4.8913062e-05
1372,1.3185183,4.921481e-05
1372,1.3185146,4.9417838e-05
1372,1.318511,4.9626455e-05
1373,1.3185073,4.9943104e-05
1373,1.3185036,5.0157309e-05
1373,1.3185,5.0481409e-05
1373,1.3184964,5.0701201e-05
1373,1.3184927,5.0920993e-05
1373,1.318489,5.1250681e-05
1374,1.3184853,5.1472336e-05
1374,1.3184816,5.1807612e-05
1374,1.3184779,5.2036718e-05
1374,1.3184742,5.2381307e-05
1374,1.3184705,5.2616e-05
1375,1.3184668,5.2852556e-05
1375,1.318463,5.3212047e-05
1375,1.3184593,5.345419e-05
1375,1.3184556,5.3819269e-05
1375,1.3184519,5.4067001e-05
1376,1.3184481,5.4316595e-05
1376,1.3184444,5.4696575e-05
1376,1.3184406,5.4951757e-05
1376,1.3184369,5.5337325e-05
1376,1.3184331,5.5596232e-05
1376,1.3184293,5.5857003e-05
1377,1.3184255,5.6253746e-05
1377,1.3184217,5.652383e-05
1377,1.3184178,5.694665e-05
1377,1.318414,5.7246536e-05
1377,1.3184102,5.771406e-05
1378,1.3184063,5.803816e-05
1378,1.3184025,5.8369711e-05
1378,1.3183987,5.8865175e-05
1378,1.3183948,5.9200451e-05
1378,1.318391,5.9710816e-05
1378,1.3183872,6.0053542e-05
1379,1.3183833,6.0405582e-05
1379,1.3183794,6.0940161e-05
1379,1.3183755,6.1301515e-05
1379,1.3183717,6.185472e-05
1379,1.3183678,6.2227249e-05
1380,1.3183639,6.2607229e-05
1380,1.31836,6.3182786e-05
1380,1.3183561,6.3573942e-05
1380,1.3183522,6.41644e-05
1380,1.3183483,6.4563006e-05
1380,1.3183444,6.5172091e-05
1381,1.3183405,6.5589324e-05
1381,1.3183365,6.6021457e-05
1381,1.3183325,6.6703185e-05
1381,1.3183286,6.7172572e-05
1381,1.3183247,6.7900866e-05
1382,1.3183207,6.8394467e-05
1382,1.3183167,6.8891793e-05
1382,1.3183127,6.964989e-05
1382,1.3183088,7.016398e-05
1382,1.3183048,7.0948154e-05
1382,1.3183009,7.148087e-05
1383,1.3182969,7.2021037e-05
1383,1.318293,7.2846189e-05
1383,1.318289,7.3404983e-05
1383,1.3182851,7.4256212e-05
1383,1.3182812,7.4833632e-05
1384,1.3182772,7.5418502e-05
1384,1.3182731,7.6308846e-05
1384,1.3182692,7.6912344e-05
1384,1.3182652,7.783249e-05
1384,1.3182612,7.8452751e-05
1385,1.3182573,7.9397112e-05
1385,1.3182533,8.0028549e-05
1385,1.3182494,8.0665573e-05
1385,1.3182454,8.1630424e-05
1385,1.3182414,8.2280487e-05
1385,1.3182375,8.3265826e-05
1386,1.3182336,8.393079e-05
1386,1.3182296,8.4603205e-05
1386,1.3182256,8.5623935e-05
1386,1.3182216,8.6311251e-05
1386,1.3182177,8.7354332e-05
1387,1.3182137,8.8058412e-05
1387,1.3182097,8.8769943e-05
1387,1.3182057,8.9846551e-05
1387,1.3182016,9.0572983e-05
1387,1.3181976,9.1675669e-05
1387,1.3181936,9.2417002e-05
1388,1.3181896,9.3540177e-05
1388,1.3181856,9.4290823e-05
1388,1.3181816,9.5050782e-05
1388,1.3181776,9.621121e-05
1388,1.3181735,9.7006559e-05
1389,1.3181696,9.826757e-05
1389,1.3181656,9.9137425e-05
1389,1.3181615,0.0001000315
1389,1.3181573,0.00010140799
1389,1.3181532,0.00010232814
1390,1.3181492,0.00010372885
1390,1.3181452,0.00010467507
1390,1.3181411,0.00010563061
1390,1.3181371,0.00010708906
1390,1.3181331,0.00010807626
1390,1.3181291,0.00010958128
1391,1.3181251,0.00011059828
1391,1.3181212,0.000112148
1391,1.3181173,0.00011319481
1391,1.3181134,0.00011425465
1391,1.3181094,0.00011586584
1392,1.3181054,0.00011695363
1392,1.3181016,0.00011860766
1392,1.3180976,0.00011972524
1392,1.3180936,0.00012085587
1392,1.3180896,0.00012257881
1393,1.3180857,0.00012375042
1393,1.3180817,0.00012553297
1393,1.3180779,0.00012673996
1393,1.318074,0.00012796
1393,1.3180702,0.00012981147
1393,1.3180664,0.0001310613
1394,1.3180627,0.00013295934
1394,1.3180591,0.00013424084
1394,1.3180551,0.00013553537
1394,1.3180511,0.00013750233
1394,1.3180473,0.00013882853
1395,1.3180436,0.00014084391
1395,1.3180399,0.00014220178
1395,1.3180362,0.00014426187
1395,1.3180326,0.0001456514
1395,1.3180289,0.00014705397
1396,1.3180253,0.00014919788
1396,1.3180218,0.00015064515
1396,1.3180184,0.00015282817
1396,1.318015,0.00015428104
1396,1.3180117,0.00015569851
1396,1.3180082,0.00015775114
1397,1.3180048,0.00015909038
1397,1.3180016,0.00016106479
1397,1.3179982,0.00016238727
1397,1.3179947,0.0001637321
1397,1.3179912,0.00016575679
1398,1.3179878,0.00016711652
1398,1.3179845,0.00016915798
1398,1.3179812,0.00017051585
1398,1.3179779,0.00017255545
1398,1.3179746,0.00017391518
1399,1.3179714,0.00017527863
1399,1.3179681,0.00017732568
1399,1.3179649,0.00017869286
1399,1.3179619,0.00018074736
1399,1.3179589,0.00018211827
1399,1.3179556,0.00018350035
1400,1.3179522,0.00018557161
1400,1.3179491,0.00018694997
1400,1.3179461,0.00018899888
1400,1.317943,0.00019032136
1400,1.3179399,0.00019162521
1401,1.3179369,0.00019354559
1401,1.3179339,0.00019480661
1401,1.3179309,0.00019670278
1401,1.317928,0.00019796938
1401,1.3179249,0.00019923225
1402,1.3179218,0.0002011247
1402,1.3179187,0.00020238012
1402,1.3179157,0.00020424835
1402,1.3179128,0.00020548888
1402,1.3179099,0.00020734034
1402,1.317907,0.00020856783
1403,1.3179039,0.00020979159
1403,1.3179009,0.00021161698
1403,1.3178979,0.0002128277
1403,1.317895,0.0002146326
1403,1.317892,0.00021582842
1404,1.3178891,0.00021702051
1404,1.3178861,0.00021880493
1404,1.3178832,0.00021999516
1404,1.3178804,0.00022180751
1404,1.3178776,0.00022302195
1405,1.3178745,0.00022424385
1405,1.3178714,0.00022607855
1405,1.3178685,0.000227293
1405,1.3178656,0.00022910908
1405,1.3178627,0.00023031607
1406,1.3178599,0.00023212098
1406,1.317857,0.00023332238
1406,1.3178542,0.00023452379
1406,1.3178513,0.0002363231
1406,1.3178485,0.00023752078
1406,1.3178458,0.00023931451
1407,1.3178431,0.00024050847
1407,1.3178403,0.00024170056
1407,1.3178375,0.00024348497
1407,1.3178347,0.0002446752
1407,1.317832,0.00024646148
1408,1.3178293,0.00024764612
1408,1.3178265,0.00024882704
1408,1.3178238,0.00025057606
1408,1.3178211,0.00025172159
1408,1.3178184,0.0002534166
1409,1.3178157,0.00025453418
1409,1.3178131,0.00025619939
1409,1.3178105,0.00025730953
1409,1.3178078,0.00025841407
1409,1.3178052,0.00026006624
1410,1.3178026,0.00026116334
1410,1.3178002,0.00026279502
1410,1.3177977,0.00026387721
1410,1.317795,0.00026495568
1410,1.3177923,0.00026656315
1411,1.3177897,0.00026762858
1411,1.3177871,0.00026921742
1411,1.3177846,0.00027027167
1411,1.317782,0.00027132034
1411,1.3177795,0.00027289242
1411,1.317777,0.00027393736
1412,1.3177746,0.00027548708
1412,1.3177722,0.00027650222
1412,1.3177698,0.0002774857
1412,1.3177673,0.00027889572
1412,1.3177648,0.00027980283
1413,1.3177624,0.00028112158
1413,1.31776,0.00028198957
1413,1.3177576,0.0002832897
1413,1.3177552,0.00028414652
1413,1.3177527,0.00028499588
1414,1.3177502,0.00028624758
1414,1.3177477,0.00028706342
1414,1.3177453,0.00028826855
1414,1.3177429,0.00028905645
1414,1.3177404,0.00028983317
1415,1.317738,0.0002909787
1415,1.3177355,0.00029172748
1415,1.3177331,0.00029283203
1415,1.3177308,0.00029355474
1415,1.3177282,0.00029425882
1416,1.3177256,0.00029529445
1416,1.317723,0.00029597618
1416,1.3177205,0.00029699318
1416,1.3177179,0.00029768981
1416,1.3177154,0.00029874407
1416,1.3177128,0.00029945187
1417,1.3177102,0.00030016154
1417,1.3177077,0.00030120276
1417,1.3177052,0.00030188262
1417,1.3177027,0.00030288659
1417,1.3177002,0.00030354597
1418,1.3176976,0.00030419976
1418,1.317695,0.00030517206
1418,1.3176925,0.00030581281
1418,1.3176899,0.00030676089
1418,1.3176874,0.00030738488
1419,1.3176847,0.00030800141
1419,1.3176821,0.00030891597
1419,1.3176795,0.00030951761
1419,1.3176769,0.00031040236
1419,1.3176742,0.00031097792
1420,1.3176716,0.00031183474
1420,1.3176689,0.0003124103
1420,1.3176662,0.0003129933
1420,1.3176635,0.00031394325
1420,1.3176607,0.00031460077
1421,1.3176581,0.0003156215
1421,1.3176555,0.00031631626
1421,1.3176528,0.00031699054
1421,1.31765,0.00031800196
1421,1.3176474,0.00031867251
1422,1.3176447,0.00031967647
1422,1.317642,0.00032035261
1422,1.3176394,0.00032103062
1422,1.3176367,0.00032205135
1422,1.3176341,0.00032273494
1423,1.3176315,0.00032376125
1423,1.3176289,0.00032444671
1423,1.3176263,0.00032513589
1423,1.3176236,0.00032616965
1423,1.317621,0.00032686628
1423,1.3176184,0.00032792054
1424,1.3176159,0.00032861903
1424,1.3176134,0.00032965653
1424,1.3176109,0.00033032149
1424,1.3176084,0.00033095479
1424,1.3176059,0.00033186749
1425,1.3176033,0.00033245608
1425,1.3176008,0.00033332594
1425,1.3175983,0.00033391453
1425,1.3175958,0.0003344994
1425,1.3175932,0.00033537298
1426,1.3175907,0.00033595227
1426,1.3175883,0.0003368035
1426,1.3175858,0.00033736601
1426,1.3175832,0.00033792481
1426,1.3175806,0.00033875182
1427,1.3175781,0.00033929758
1427,1.3175755,0.00034010597
1427,1.317573,0.00034064054
1427,1.3175705,0.00034143217
1427,1.317568,0.00034195557
1428,1.3175655,0.00034247339
1428,1.317563,0.0003432408
1428,1.3175605,0.00034374371
1428,1.317558,0.00034447573
1428,1.3175555,0.00034494884
1429,1.317553,0.00034541264
1429,1.3175505,0.00034609251
1429,1.317548,0.00034653582
1429,1.3175455,0.00034719519
1429,1.3175429,0.00034762733
1430,1.3175404,0.00034805387
1430,1.3175378,0.00034868158
1430,1.3175353,0.00034909137
1430,1.3175327,0.000349693
1430,1.3175302,0.00035008602
1431,1.3175276,0.00035047345
1431,1.317525,0.00035104342
1431,1.3175224,0.00035141408
1431,1.3175199,0.00035195798
1431,1.3175173,0.00035231374
1432,1.3175147,0.00035281479
1432,1.3175121,0.00035314448
1432,1.3175094,0.0003534779
1432,1.3175066,0.00035399385
1432,1.3175039,0.00035439618
1433,1.3175011,0.00035504997
1433,1.3174984,0.00035551563
1433,1.3174957,0.00035599992
1433,1.317493,0.00035671145
1433,1.3174904,0.00035717525
1434,1.3174877,0.00035787188
1434,1.3174851,0.00035833381
1434,1.3174825,0.00035880134
1434,1.3174798,0.00035951473
1434,1.3174772,0.00035999529
1435,1.3174746,0.00036072172
1435,1.317472,0.00036120974
1435,1.3174695,0.00036194734
1435,1.3174669,0.00036244467
1435,1.3174644,0.00036294386
1436,1.3174618,0.00036370941
1436,1.3174593,0.0003642384
1436,1.3174569,0.0003650263
1436,1.3174546,0.00036553107
1436,1.3174523,0.00036600605
1437,1.3174501,0.0003665369
1437,1.3174478,0.00036682375
1437,1.3174455,0.00036716275
1437,1.3174432,0.00036734156
1437,1.3174408,0.00036755018
1438,1.3174383,0.0003678482
1438,1.3174359,0.00036803633
1438,1.3174335,0.00036830083
1438,1.317431,0.00036844984
1438,1.3174286,0.00036864541
1439,1.3174261,0.00036875904
1439,1.3174237,0.00036885776
1439,1.3174212,0.00036897697
1439,1.3174186,0.0003690403
1439,1.3174161,0.00036910735
1440,1.3174135,0.00036913343
1440,1.3174109,0.00036913343
1440,1.3174083,0.00036909245
1440,1.3174056,0.00036905892
1440,1.3174027,0.00036902167
1441,1.3173999,0.00036905706
1441,1.317397,0.00036916509
1441,1.3173941,0.00036940351
1441,1.3173913,0.0003696084
1441,1.3173885,0.0003699325
1442,1.3173857,0.00037011877
1442,1.3173829,0.00037030503
1442,1.3173801,0.00037057884
1442,1.3173774,0.00037075765
1442,1.3173746,0.00037105009
1443,1.3173718,0.00037124939
1443,1.3173691,0.000371553
1443,1.3173663,0.00037175789
1443,1.3173635,0.00037196837
1443,1.3173607,0.00037228875
1444,1.317358,0.00037250482
1444,1.3173552,0.00037283823
1444,1.3173525,0.00037307106
1444,1.3173497,0.00037330762
1444,1.3173471,0.00037366152
1445,1.3173444,0.00037388876
1445,1.3173417,0.00037418492
1445,1.3173391,0.0003743507
1445,1.3173364,0.00037450157
1445,1.3173337,0.00037470087
1446,1.317331,0.00037483126
1446,1.3173283,0.00037503615
1446,1.3173256,0.00037517212
1446,1.3173229,0.00037537515
1446,1.3173202,0.00037550554
1447,1.3173175,0.00037563033
1447,1.3173147,0.00037581101
1447,1.317312,0.00037592836
1447,1.3173093,0.00037609786
1447,1.3173066,0.00037620589
1448,1.3173038,0.00037631206
1448,1.3173011,0.0003764648
1448,1.3172984,0.00037656166
1448,1.3172957,0.00037669949
1448,1.3172929,0.00037678704
1449,1.3172901,0.00037687272
1449,1.3172874,0.00037700124
1449,1.3172846,0.00037709437
1449,1.3172818,0.00037723593
1449,1.3172791,0.00037733279
1450,1.3172763,0.00037743151
1450,1.3172735,0.00037757307
1450,1.3172708,0.00037766248
1450,1.317268,0.00037779473
1450,1.3172652,0.00037787855
1451,1.3172625,0.00037800334
1451,1.3172597,0.0003780853
1451,1.317257,0.00037816539
1451,1.3172542,0.00037828274
1451,1.3172514,0.00037835911
1452,1.3172487,0.00037846901
1452,1.3172459,0.00037854165
1452,1.3172431,0.00037861243
1452,1.3172404,0.00037871487
1452,1.3172376,0.00037878379
1453,1.3172349,0.00037888251
1453,1.3172321,0.00037894398
1453,1.3172294,0.00037899986
1453,1.3172266,0.00037906505
1453,1.3172239,0.00037909858
1454,1.3172211,0.00037913956
1454,1.3172184,0.00037915818
1454,1.3172156,0.00037918985
1454,1.3172129,0.00037920661
1454,1.3172101,0.00037922151
1455,1.3172074,0.00037923828
1455,1.3172046,0.00037924573
1455,1.3172018,0.00037924945
1455,1.3171991,0.00037924759
1455,1.3171963,0.000379242
1456,1.3171936,0.00037922896
1456,1.3171908,0.00037921593
1456,1.317188,0.00037919171
1456,1.3171853,0.00037916936
1457,1.3171825,0.00037914701
1457,1.3171797,0.00037910417
1457,1.317177,0.0003790725
1457,1.3171742,0.00037901849
1457,1.3171714,0.00037897751
1458,1.3171687,0.00037891231
1458,1.3171659,0.00037886389
1458,1.3171632,0.00037881359
1458,1.3171604,0.00037872978
1458,1.3171576,0.00037867017
1459,1.3171549,0.00037857704
1459,1.3171521,0.00037850812
1459,1.3171493,0.0003784392
1459,1.3171466,0.00037832744
1459,1.3171438,0.00037824921
1460,1.3171411,0.00037812442
1460,1.3171383,0.00037803873
1460,1.3171356,0.00037794933
1460,1.3171328,0.00037780777
1460,1.3171301,0.00037771091
1461,1.3171274,0.00037755817
1461,1.3171246,0.00037746318
1461,1.3171219,0.00037736446
1461,1.3171193,0.00037719868
1461,1.3171166,0.00037707016
1462,1.317114,0.00037680566
1462,1.3171114,0.00037658215
1462,1.3171087,0.00037619285
1462,1.317106,0.00037590414
1462,1.3171033,0.00037560984
1463,1.3171006,0.0003751684
1463,1.3170979,0.00037486292
1463,1.3170951,0.00037439354
1463,1.3170924,0.00037406385
1463,1.3170896,0.00037372112
1464,1.3170869,0.00037318468
1464,1.3170841,0.00037281401
1464,1.3170813,0.00037223659
1464,1.3170785,0.00037183799
1465,1.3170757,0.00037142634
1465,1.3170729,0.00037079118
1465,1.31707,0.0003703516
1465,1.3170671,0.00036965497
1465,1.3170642,0.00036917813
1466,1.3170611,0.00036846288
1466,1.317058,0.00036799163
1466,1.317055,0.00036757253
1466,1.317052,0.00036698207
1466,1.3170489,0.00036661327
1467,1.3170459,0.00036608055
1467,1.3170429,0.00036569871
1467,1.3170399,0.00036531314
1467,1.3170369,0.00036472268
1467,1.3170338,0.00036432222
1468,1.3170308,0.00036372431
1468,1.3170277,0.0003633257
1468,1.3170246,0.00036292523
1468,1.3170216,0.00036232173
1468,1.3170185,0.00036191754
1469,1.3170154,0.00036130846
1469,1.3170123,0.00036090054
1469,1.3170092,0.00036028586
1469,1.3170061,0.00035987236
1470,1.317003,0.00035945699
1470,1.3169999,0.000358833
1470,1.3169968,0.00035841577
1470,1.3169937,0.00035779737
1470,1.3169905,0.00035739131
1471,1.3169873,0.00035699084
1471,1.3169842,0.0003563948
1471,1.316981,0.00035599992
1471,1.3169778,0.00035540015
1471,1.3169746,0.00035500154
1472,1.3169715,0.00035460107
1472,1.3169684,0.00035399944
1472,1.3169652,0.00035359897
1472,1.3169621,0.0003529992
1472,1.3169589,0.00035259873
1473,1.3169558,0.00035219826
1473,1.3169526,0.00035159849
1473,1.3169495,0.00035119988
1473,1.3169463,0.00035060011
1473,1.3169432,0.00035019964
1474,1.31694,0.00034961104
1474,1.3169368,0.00034922361
1474,1.3169338,0.00034882873
1474,1.3169307,0.00034821406
1475,1.3169277,0.00034776144
1475,1.3169246,0.00034700148
1475,1.3169215,0.00034645572
1475,1.3169185,0.00034588389
1475,1.3169154,0.000345001
1476,1.3169123,0.00034441799
1476,1.3169091,0.00034353323
1476,1.3169059,0.00034293532
1476,1.3169027,0.00034232996
1476,1.3168995,0.00034139492
1477,1.3168963,0.00034075975
1477,1.3168931,0.00033978932
1477,1.3168898,0.00033912994
1477,1.3168864,0.00033812225
1477,1.316883,0.00033744052
1478,1.3168798,0.00033674762
1478,1.3168765,0.00033568963
1478,1.3168732,0.00033495575
1478,1.3168697,0.00033384189
1479,1.3168662,0.00033310056
1479,1.3168627,0.00033236854
1479,1.3168591,0.00033135526
1479,1.3168555,0.000330735
1479,1.3168519,0.00032985955
1480,1.3168483,0.00032930635
1480,1.3168447,0.00032874942
1480,1.3168412,0.00032788701
1480,1.3168377,0.00032731146
1480,1.3168341,0.00032644533
1481,1.3168305,0.00032587163
1481,1.316827,0.00032530725
1481,1.3168234,0.0003244672
1481,1.3168198,0.00032391027
1481,1.3168163,0.00032307953
1482,1.3168127,0.00032253191
1482,1.3168091,0.00032171421
1482,1.3168055,0.00032117404
1482,1.3168018,0.00032063574
1483,1.3167982,0.00031983852
1483,1.3167946,0.0003193114
1483,1.3167909,0.00031852163
1483,1.3167872,0.00031799637
1483,1.3167837,0.00031746365
1484,1.3167802,0.00031666085
1484,1.3167766,0.00031612441
1484,1.316773,0.00031531788
1484,1.3167693,0.00031478517
1484,1.3167657,0.00031425618
1485,1.3167621,0.00031346455
1485,1.3167585,0.00031293929
1485,1.3167548,0.00031215511
1485,1.3167512,0.00031163357
1486,1.3167475,0.00031085312
1486,1.3167438,0.00031033531
1486,1.3167402,0.00030981936
1486,1.3167366,0.00030904822
1486,1.316733,0.00030853599
1487,1.3167293,0.00030777231
1487,1.3167257,0.00030727126
1487,1.3167222,0.00030677952
1487,1.3167186,0.00030603632
1487,1.3167151,0.00030552596
1488,1.3167116,0.00030470453
1488,1.3167081,0.00030408986
1488,1.3167046,0.0003034398
1488,1.3167011,0.00030240603
1489,1.3166975,0.00030168705
1489,1.3166939,0.00030063279
1489,1.3166902,0.00029992498
1489,1.3166865,0.00029885024
1489,1.3166827,0.00029812567
1490,1.3166791,0.00029738434
1490,1.3166755,0.00029625557
1490,1.3166718,0.00029549189
1490,1.316668,0.00029432587
1490,1.3166643,0.00029353797
1491,1.3166605,0.0002927389
1491,1.3166567,0.00029152259
1491,1.3166528,0.0002906993
1491,1.3166488,0.00028942339
1492,1.3166448,0.00028855354
1492,1.3166408,0.00028768741
1492,1.3166367,0.00028641522
1492,1.3166325,0.00028564036
1492,1.3166282,0.00028462522
1493,1.316624,0.00028401427
1493,1.3166199,0.00028344616
1493,1.3166158,0.00028262287
1493,1.3166117,0.00028205104
1493,1.3166076,0.00028119981
1494,1.3166035,0.00028063357
1494,1.3165994,0.00027980283
1494,1.3165953,0.00027926825
1494,1.3165911,0.00027874298
1495,1.316587,0.00027797371
1495,1.3165829,0.0002774708
1495,1.3165787,0.00027673878
1495,1.3165746,0.00027626194
1495,1.3165705,0.00027579442
1496,1.3165665,0.00027511269
1496,1.3165625,0.00027468614
1496,1.3165585,0.00027406029
1496,1.3165545,0.0002736412
1496,1.3165506,0.00027321279
1497,1.3165467,0.00027248636
1497,1.3165428,0.00027194619
1497,1.3165389,0.00027108006
1497,1.3165349,0.00027047284
1498,1.3165309,0.00026957691
1498,1.3165268,0.00026899204
1498,1.3165228,0.00026840717
1498,1.3165188,0.00026753359
1498,1.3165147,0.00026694499
1499,1.3165106,0.00026605092
1499,1.3165065,0.00026545115
1499,1.3165025,0.00026484951
1499,1.3164985,0.00026393868
1499,1.3164944,0.00026332773
1500,1.3164903,0.00026240386
1500,1.3164862,0.00026178546
1500,1.3164821,0.00026116148
1500,1.3164779,0.00026020966
1501,1.3164737,0.0002595745
1501,1.3164695,0.00025862455
1501,1.3164652,0.00025800243
1501,1.3164609,0.00025713071
1501,1.3164565,0.00025657192
1502,1.3164523,0.00025602803
1502,1.3164482,0.0002552364
1502,1.3164439,0.0002546981
1502,1.3164397,0.00025389344
1503,1.3164355,0.00025335699
1503,1.3164312,0.00025282428
1503,1.316427,0.00025203079
1503,1.3164227,0.00025150739
1503,1.3164184,0.0002507288
1504,1.3164141,0.00025021285
1504,1.3164099,0.00024970062
1504,1.3164056,0.0002489388
1504,1.3164014,0.00024843588
1504,1.3163971,0.00024768524
1505,1.3163928,0.00024719164
1505,1.3163886,0.00024670549
1505,1.3163844,0.00024597719
1505,1.3163802,0.00024549104
1506,1.316376,0.00024473853
1506,1.3163718,0.00024421141
1506,1.3163676,0.00024339743
1506,1.3163633,0.00024284236
1506,1.3163591,0.00024227984
1507,1.3163548,0.00024145283
1507,1.3163505,0.00024089962
1507,1.3163461,0.00024007261
1507,1.3163417,0.0002395194
1508,1.3163375,0.00023896247
1508,1.3163333,0.00023812614
1508,1.316329,0.00023756549
1508,1.3163247,0.00023671985
1508,1.3163203,0.00023615547
1509,1.316316,0.00023558922
1509,1.3163117,0.00023473613
1509,1.3163073,0.00023416616
1509,1.3163029,0.00023330376
1510,1.3162985,0.00023272447
1510,1.3162941,0.00023185834
1510,1.3162896,0.00023128465
1510,1.3162852,0.00023072399
1510,1.3162807,0.00022990443
1511,1.3162763,0.00022936985
1511,1.3162718,0.00022858009
1511,1.3162673,0.00022805482
1511,1.3162629,0.00022752769
1512,1.3162585,0.00022673607
1512,1.316254,0.00022620708
1512,1.3162496,0.00022541918
1512,1.3162451,0.00022489578
1512,1.3162406,0.0002243761
1513,1.3162361,0.00022359751
1513,1.3162316,0.0002230797
1513,1.316227,0.00022230856
1513,1.3162224,0.00022179447
1514,1.316218,0.00022128411
1514,1.3162136,0.00022052042
1514,1.3162091,0.00022001378
1514,1.3162046,0.00021925569
1514,1.3162,0.00021875277
1515,1.3161955,0.00021800026
1515,1.3161909,0.00021750107
1515,1.3161864,0.00021700189
1515,1.3161818,0.00021625869
1515,1.3161772,0.00021576509
1516,1.3161727,0.00021502748
1516,1.316168,0.00021453761
1516,1.3161635,0.00021404959
1516,1.3161589,0.0002133213
1517,1.3161543,0.00021283701
1517,1.3161497,0.0002121143
1517,1.3161451,0.00021163374
1517,1.3161405,0.00021115504
1517,1.316136,0.00021044165
1518,1.3161314,0.00020996667
1518,1.3161267,0.00020925887
1518,1.3161221,0.00020878762
1518,1.3161175,0.0002080854
1519,1.3161128,0.00020761974
1519,1.3161082,0.00020715408
1519,1.3161035,0.00020645931
1519,1.3160989,0.00020599924
1519,1.3160941,0.00020531006
1520,1.3160894,0.00020485371
1520,1.3160848,0.00020439737
1520,1.3160802,0.0002037175
1520,1.3160755,0.00020326674
1521,1.3160708,0.00020259246
1521,1.3160662,0.00020214543
1521,1.3160615,0.00020170026
1521,1.3160568,0.00020103529
1522,1.3160521,0.00020059384
1522,1.3160474,0.00019993447
1522,1.3160426,0.00019949675
1522,1.3160379,0.00019884296
1522,1.3160331,0.00019840896
1523,1.3160284,0.00019797683
1523,1.3160237,0.00019733235
1523,1.3160189,0.00019690208
1523,1.3160141,0.00019625761
1524,1.3160093,0.00019583106
1524,1.3160045,0.0001954101
1524,1.3159998,0.00019480102
1524,1.315995,0.00019441545
1524,1.3159901,0.00019385852
1525,1.3159853,0.00019350275
1525,1.3159805,0.00019315444
1525,1.3159757,0.00019262731
1525,1.3159709,0.00019228272
1526,1.3159661,0.00019177049
1526,1.3159612,0.00019143336
1526,1.3159565,0.00019110367
1526,1.3159517,0.00019061938
1526,1.3159469,0.00019030087
1527,1.3159421,0.00018983334
1527,1.3159373,0.00018952787
1527,1.3159325,0.00018907897
1527,1.3159278,0.00018878467
1528,1.315923,0.00018849596
1528,1.3159182,0.00018808059
1528,1.3159135,0.00018781051
1528,1.3159087,0.00018740818
1528,1.315904,0.00018713437
1529,1.3158993,0.00018684007
1529,1.3158946,0.0001863502
1529,1.3158899,0.00018600561
1529,1.3158852,0.00018546544
1530,1.3158805,0.00018510409
1530,1.3158757,0.00018475205
1530,1.315871,0.00018422306
1530,1.3158663,0.00018387102
1530,1.3158615,0.00018334202
1531,1.3158568,0.0001829844
1531,1.315852,0.00018244609
1531,1.3158472,0.00018208288
1531,1.3158425,0.00018172152
1532,1.3158377,0.00018117204
1532,1.3158329,0.0001808051
1532,1.3158281,0.0001802519
1532,1.3158232,0.00017988123
1533,1.3158185,0.00017950498
1533,1.3158137,0.00017894059
1533,1.3158089,0.00017856434
1533,1.3158041,0.00017799996
1533,1.3157993,0.00017763302
1534,1.3157944,0.0001772698
1534,1.3157896,0.0001767315
1534,1.3157848,0.00017637573
1534,1.3157799,0.00017583929
1535,1.3157751,0.00017548166
1535,1.3157702,0.00017493963
1535,1.3157654,0.00017458014
1535,1.3157605,0.00017421879
1535,1.3157557,0.00017367862
1536,1.3157508,0.00017331913
1536,1.315746,0.00017277896
1536,1.3157411,0.00017241947
1536,1.3157363,0.00017205998
1537,1.3157314,0.00017151982
1537,1.3157266,0.00017115846
1537,1.3157217,0.00017062202
1537,1.3157169,0.00017026812
1538,1.315712,0.00016991235
1538,1.3157072,0.00016937032
1538,1.3157024,0.00016899966
1538,1.3156975,0.00016839057
1538,1.3156926,0.00016796589
1539,1.3156878,0.0001675263
1539,1.315683,0.00016684458
1539,1.3156782,0.00016639382
1539,1.3156733,0.00016571395
1540,1.3156684,0.00016525574
1540,1.3156634,0.0001645647
1540,1.3156585,0.00016409345
1540,1.3156536,0.00016361848
1541,1.3156486,0.00016289577
1541,1.3156436,0.00016240962
1541,1.3156386,0.00016167015
1541,1.3156336,0.00016117096
1541,1.3156285,0.00016066618
1542,1.3156235,0.0001599025
1542,1.3156184,0.00015937723
1542,1.3156133,0.00015857071
1542,1.3156081,0.00015803427
1543,1.3156029,0.000157509
1543,1.3155977,0.00015678443
1543,1.3155924,0.00015637279
1543,1.3155871,0.00015582517
1543,1.3155818,0.00015550107
1544,1.3155765,0.00015503541
1544,1.3155713,0.00015471131
1544,1.3155661,0.00015438907
1544,1.3155609,0.00015391223
1545,1.3155556,0.00015359931
1545,1.3155503,0.00015315972
1545,1.3155451,0.00015287474
1545,1.3155399,0.00015259907
1546,1.3155347,0.00015220046
1546,1.3155295,0.00015194342
1546,1.3155242,0.00015157461
1546,1.315519,0.00015133806
1546,1.3155138,0.00015111081
1547,1.3155086,0.0001507923
1547,1.3155034,0.00015059114
1547,1.3154982,0.0001502987
1547,1.3154931,0.00015010126
1548,1.315488,0.00014988519
1548,1.3154829,0.00014952198
1548,1.3154778,0.00014926307
1548,1.3154726,0.00014885701
1549,1.3154675,0.00014859065
1549,1.3154623,0.00014821254
1549,1.3154571,0.00014796481
1549,1.3154519,0.0001477208
1549,1.3154468,0.00014735758
1550,1.3154416,0.00014711544
1550,1.3154364,0.00014675595
1550,1.3154313,0.00014651753
1550,1.3154261,0.00014627911
1551,1.3154209,0.00014592707
1551,1.3154158,0.00014569424
1551,1.3154106,0.00014534965
1551,1.3154054,0.00014512055
1552,1.3154002,0.00014489889
1552,1.3153951,0.0001445692
1552,1.31539,0.00014434569
1552,1.3153849,0.00014399923
1553,1.3153798,0.00014373846
1553,1.3153747,0.00014331937
1553,1.3153696,0.00014302321
1553,1.3153644,0.00014271773
1553,1.3153593,0.00014225952
1554,1.3153541,0.00014195777
1554,1.3153489,0.00014150143
1554,1.3153437,0.00014119409
1554,1.3153385,0.00014088489
1555,1.3153333,0.00014040992
1555,1.3153281,0.0001400914
1555,1.3153229,0.00013960525
1555,1.3153177,0.00013927743
1556,1.3153125,0.00013894588
1556,1.3153072,0.00013844296
1556,1.315302,0.00013810396
1556,1.3152967,0.00013758428
1556,1.3152914,0.00013722852
1557,1.3152861,0.0001366958
1557,1.3152808,0.00013634376
1557,1.3152754,0.00013600104
1557,1.31527,0.00013555028
1558,1.3152646,0.00013527088
1558,1.3152592,0.00013488159
1558,1.3152538,0.00013463758
1558,1.3152484,0.00013437867
1559,1.3152431,0.00013399497
1559,1.3152377,0.00013373978
1559,1.3152324,0.00013335794
1559,1.315227,0.00013311207
1560,1.3152216,0.00013286807
1560,1.3152162,0.00013250858
1560,1.3152109,0.00013227388
1560,1.3152055,0.00013192743
1560,1.3152001,0.00013170019
1561,1.3151947,0.00013147667
1561,1.3151893,0.00013114698
1561,1.315184,0.00013093278
1561,1.3151786,0.00013061985
1562,1.3151732,0.00013041496
1562,1.3151678,0.00013010204
1562,1.3151625,0.00012988597
1562,1.3151571,0.000129655
1563,1.3151518,0.00012929551
1563,1.3151464,0.00012904964
1563,1.315141,0.00012867711
1563,1.3151356,0.00012843683
1564,1.3151302,0.00012819469
1564,1.3151248,0.00012783706
1564,1.3151194,0.00012759864
1564,1.315114,0.00012723915
1564,1.3151085,0.00012699887
1565,1.3151032,0.00012675859
1565,1.3150978,0.0001263991
1565,1.3150923,0.00012615882
1565,1.3150869,0.00012579933
1566,1.3150815,0.00012555905
1566,1.315076,0.00012519956
1566,1.3150706,0.00012495741
1566,1.3150651,0.00012471527
1567,1.3150596,0.00012435392
1567,1.3150541,0.00012411736
1567,1.3150486,0.00012377277
1567,1.3150431,0.00012355298
1568,1.3150376,0.00012333877
1568,1.3150321,0.00012302399
1568,1.3150266,0.00012281537
1568,1.3150211,0.00012250058
1568,1.3150156,0.00012229383
1569,1.3150101,0.00012208708
1569,1.3150046,0.00012177974
1569,1.3149991,0.00012157671
1569,1.3149936,0.00012127496
1570,1.3149881,0.00012107752
1570,1.3149825,0.00012078322
1570,1.314977,0.00012058765
1570,1.3149715,0.00012039579
1571,1.3149659,0.00012010895
1571,1.3149604,0.00011992082
1571,1.3149548,0.00011963956
1571,1.3149492,0.00011945516
1572,1.3149437,0.00011927262
1572,1.3149382,0.00011900067
1572,1.3149326,0.00011882
1572,1.3149271,0.00011855364
1573,1.3149215,0.00011837855
1573,1.3149159,0.00011820346
1573,1.3149104,0.00011794642
1573,1.3149048,0.00011777692
1573,1.3148992,0.00011752546
1574,1.3148936,0.00011735968
1574,1.314888,0.00011719577
1574,1.3148825,0.00011695176
1574,1.3148769,0.00011679158
1575,1.3148713,0.00011655502
1575,1.3148657,0.00011639856
1575,1.3148601,0.00011616759
1575,1.3148545,0.00011601672
1576,1.3148489,0.00011586584
1576,1.3148434,0.00011564419
1576,1.3148378,0.00011550076
1576,1.3148322,0.0001152847
1577,1.3148266,0.00011514127
1577,1.314821,0.00011499785
1577,1.3148154,0.00011476688
1577,1.3148098,0.00011460856
1578,1.3148042,0.00011436455
1578,1.3147986,0.00011419877
1578,1.314793,0.00011403859
1578,1.3147874,0.00011379831
1579,1.3147818,0.00011363812
1579,1.3147762,0.0001133997
1579,1.3147706,0.00011323951
1579,1.314765,0.00011299923
1579,1.3147593,0.00011283904
1580,1.3147537,0.00011267886
1580,1.3147481,0.00011243857
1580,1.3147424,0.00011227839
1580,1.3147368,0.00011203997
1581,1.3147311,0.00011187978
1581,1.3147255,0.00011171959
1581,1.3147198,0.00011147931
1581,1.3147142,0.00011131912
1582,1.3147085,0.00011107884
1582,1.3147028,0.00011091866
1582,1.3146972,0.00011075847
1582,1.3146915,0.00011051819
1583,1.3146859,0.00011035986
1583,1.3146802,0.00011011958
1583,1.3146745,0.00010995939
1583,1.3146688,0.00010979921
1584,1.3146631,0.00010955893
1584,1.3146574,0.00010939874
1584,1.3146517,0.00010915846
1584,1.314646,0.00010899827
1585,1.3146403,0.00010875985
1585,1.3146345,0.00010859966
1585,1.3146288,0.00010843948
1585,1.3146231,0.00010819919
1586,1.3146174,0.00010803901
1586,1.3146117,0.00010779873
1586,1.314606,0.00010763854
1586,1.3146002,0.00010747835
1586,1.3145945,0.00010723807
1587,1.3145887,0.00010707974
1587,1.314583,0.00010683946
1587,1.3145772,0.00010667928
1587,1.3145715,0.00010651909
1588,1.3145657,0.00010627881
1588,1.31456,0.00010611862
1588,1.3145542,0.00010587834
1588,1.3145484,0.00010571815
1589,1.3145426,0.00010547973
1589,1.3145368,0.00010531954
1589,1.314531,0.00010515936
1589,1.3145252,0.00010491908
1590,1.3145194,0.00010475889
1590,1.3145136,0.00010451861
1590,1.3145078,0.00010435842
1590,1.314502,0.00010419823
1591,1.3144962,0.00010395981
1591,1.3144903,0.00010379963
1591,1.3144845,0.00010355562
1591,1.3144786,0.00010339357
1592,1.3144728,0.00010323338
1592,1.3144669,0.00010299869
1592,1.314461,0.0001028534
1592,1.3144552,0.00010264479
1593,1.3144493,0.00010251068
1593,1.3144434,0.00010231882
1593,1.3144375,0.00010218844
1593,1.3144316,0.00010205992
1594,1.3144258,0.00010186806
1594,1.3144199,0.0001017414
1594,1.314414,0.000101557
1594,1.3144081,0.00010143407
1595,1.3144022,0.00010131486
1595,1.3143963,0.00010113791
1595,1.3143904,0.00010102242
1595,1.3143844,0.00010085106
1596,1.3143785,0.0001007393
1596,1.3143726,0.00010062754
1596,1.3143667,0.00010046735
1596,1.3143608,0.00010036305
1597,1.3143549,0.00010020658
1597,1.314349,0.00010010414
1597,1.3143431,9.999983e-05
1597,1.3143372,9.9828467e-05
1597,1.3143313,9.9709257e-05
1598,1.3143253,9.9524856e-05
1598,1.3143194,9.9398196e-05
1598,1.3143135,9.9217519e-05
1598,1.3143075,9.9096447e-05
1599,1.3143016,9.8977238e-05
1599,1.3142956,9.8798424e-05
1599,1.3142897,9.8679215e-05
1599,1.3142837,9.8498538e-05
1600,1.3142778,9.8379329e-05
1600,1.3142718,9.8258257e-05
1600,1.3142658,9.8079443e-05
1600,1.3142599,9.7958371e-05
1601,1.3142539,9.7779557e-05
1601,1.3142479,9.7658485e-05
1601,1.3142419,9.7539276e-05
1601,1.3142359,9.7356737e-05
1602,1.3142299,9.7237527e-05
1602,1.3142239,9.7058713e-05
1602,1.3142179,9.6941367e-05
1602,1.3142119,9.6771866e-05
1603,1.3142058,9.666197e-05
1603,1.3141998,9.6553937e-05
1603,1.3141938,9.6391886e-05
1603,1.3141878,9.6283853e-05
1604,1.3141817,9.6123666e-05
1604,1.3141757,9.6017495e-05
1604,1.3141697,9.5909461e-05
1604,1.3141636,9.5752999e-05
1605,1.3141576,9.5648691e-05
1605,1.3141515,9.5492229e-05
1605,1.3141454,9.5389783e-05
1605,1.3141394,9.5289201e-05
1606,1.3141333,9.5136464e-05
1606,1.3141272,9.5035881e-05
1606,1.3141212,9.4886869e-05
1606,1.3141151,9.4786286e-05
1607,1.314109,9.4689429e-05
1607,1.3141029,9.454228e-05
1607,1.3140968,9.4445422e-05
1607,1.3140907,9.4303861e-05
1608,1.3140846,9.4210729e-05
1608,1.3140785,9.4072893e-05
1608,1.3140724,9.3983486e-05
1608,1.3140663,9.3894079e-05
1609,1.3140602,9.3759969e-05
1609,1.3140541,9.3672425e-05
1609,1.3140479,9.3542039e-05
1609,1.3140418,9.3456358e-05
1610,1.3140357,9.3370676e-05
1610,1.3140296,9.3244016e-05
1610,1.3140234,9.3160197e-05
1610,1.3140173,9.3037263e-05
1611,1.3140111,9.2957169e-05
1611,1.314005,9.2875212e-05
1611,1.3139989,9.2756003e-05
1611,1.3139927,9.2677772e-05
1612,1.3139866,9.2564151e-05
1612,1.3139804,9.2489645e-05
1612,1.3139742,9.2376024e-05
1612,1.3139681,9.2297792e-05
1613,1.3139619,9.2215836e-05
1613,1.3139558,9.2083588e-05
1613,1.3139496,9.1994181e-05
1613,1.3139435,9.1854483e-05
1614,1.3139373,9.1765076e-05
1614,1.3139311,9.1673806e-05
1614,1.3139249,9.1537833e-05
1614,1.3139187,9.1448426e-05
1615,1.3139125,9.1310591e-05
1615,1.3139063,9.1219321e-05
1615,1.3139001,9.1128051e-05
1615,1.3138939,9.0988353e-05
1616,1.3138877,9.0897083e-05
1616,1.3138815,9.0757385e-05
1616,1.3138753,9.066239e-05
1616,1.313869,9.0522692e-05
1617,1.3138628,9.0427697e-05
1617,1.3138566,9.0330839e-05
1617,1.3138503,9.0187415e-05
1617,1.3138441,9.0092421e-05
1618,1.3138378,8.9952722e-05
1618,1.3138315,8.9863315e-05
1618,1.3138253,8.9775771e-05
1618,1.313819,8.9647248e-05
1619,1.3138127,8.9563429e-05
1619,1.3138064,8.9434907e-05
1619,1.3138001,8.9349225e-05
1619,1.3137938,8.9263543e-05
1620,1.3137875,8.9135021e-05
1620,1.3137812,8.9049339e-05
1620,1.3137749,8.8924542e-05
1620,1.3137686,8.8840723e-05
1621,1.3137623,8.8756904e-05
1621,1.313756,8.8632107e-05
1621,1.3137497,8.8548288e-05
1621,1.3137433,8.8425353e-05
1622,1.313737,8.8343397e-05
1622,1.3137307,8.8220462e-05
1622,1.3137243,8.8138506e-05
1622,1.313718,8.8058412e-05
1623,1.3137116,8.793734e-05
1623,1.3137053,8.7860972e-05
1623,1.3136989,8.7749213e-05
1624,1.3136925,8.7678432e-05
1624,1.3136861,8.7607652e-05
1624,1.3136798,8.7505206e-05
1624,1.3136734,8.7436289e-05
1625,1.313667,8.7333843e-05
1625,1.3136606,8.7266788e-05
1625,1.3136542,8.7199733e-05
1625,1.3136478,8.7101012e-05
1626,1.3136414,8.7037683e-05
1626,1.313635,8.6942688e-05
1626,1.3136286,8.6879358e-05
1626,1.3136222,8.6788088e-05
1627,1.3136158,8.6726621e-05
1627,1.3136094,8.6667016e-05
1627,1.313603,8.6579472e-05
1627,1.3135965,8.6523592e-05
1628,1.3135901,8.6441636e-05
1628,1.3135837,8.6385757e-05
1628,1.3135773,8.6328015e-05
1628,1.3135708,8.6234882e-05
1629,1.3135644,8.6165965e-05
1629,1.313558,8.6057931e-05
1629,1.3135515,8.5981563e-05
1629,1.3135451,8.5907057e-05
1630,1.3135386,8.5795298e-05
1630,1.3135322,8.5722655e-05
1630,1.3135257,8.5612759e-05
1630,1.3135192,8.5538253e-05
1631,1.3135128,8.5424632e-05
1631,1.3135063,8.5348263e-05
1631,1.3134998,8.5271895e-05
1631,1.3134933,8.5156411e-05
1632,1.3134868,8.507818e-05
1632,1.3134803,8.4960833e-05
1632,1.3134738,8.4882602e-05
1632,1.3134673,8.4802508e-05
1633,1.3134607,8.4681436e-05
1633,1.3134542,8.459948e-05
1633,1.3134477,8.4478408e-05
1633,1.3134411,8.4398314e-05
1634,1.3134345,8.4325671e-05
1634,1.313428,8.4223226e-05
1634,1.3134214,8.4159896e-05
1635,1.3134148,8.4066764e-05
1635,1.3134083,8.4003434e-05
1635,1.3134017,8.3940104e-05
1635,1.3133951,8.3845109e-05
1636,1.3133885,8.3781779e-05
1636,1.3133819,8.3688647e-05
1636,1.3133753,8.3629042e-05
1636,1.3133687,8.3539635e-05
1637,1.3133621,8.348003e-05
1637,1.3133555,8.3422288e-05
1637,1.3133489,8.3334744e-05
1637,1.3133423,8.3278865e-05
1638,1.3133356,8.3195046e-05
1638,1.313329,8.3139166e-05
1638,1.3133224,8.3083287e-05
1638,1.3133157,8.3003193e-05
1639,1.3133091,8.2949176e-05
1639,1.3133024,8.2874671e-05
1639,1.3132958,8.2826242e-05
1639,1.3132891,8.2779676e-05
1640,1.3132824,8.2714483e-05
1640,1.3132758,8.2671642e-05
1640,1.3132691,8.2608312e-05
1640,1.3132624,8.2567334e-05
1641,1.3132557,8.2505867e-05
1641,1.313249,8.2466751e-05
1641,1.3132423,8.2429498e-05
1642,1.3132356,8.2373619e-05
1642,1.3132289,8.2338229e-05
1642,1.3132222,8.2287937e-05
1642,1.3132155,8.225441e-05
1643,1.3132088,8.2222745e-05
1643,1.3132021,8.2176179e-05
1643,1.3131954,8.2146376e-05
1643,1.3131887,8.2105398e-05
1644,1.313182,8.2079321e-05
1644,1.3131752,8.2053244e-05
1644,1.3131685,8.2014129e-05
1644,1.3131618,8.1982464e-05
1645,1.3131551,8.1926584e-05
1645,1.3131484,8.1885606e-05
1645,1.3131416,8.1840903e-05
1645,1.3131349,8.1773847e-05
1646,1.3131281,8.1731007e-05
1646,1.3131214,8.1667677e-05
1646,1.3131146,8.1624836e-05
1646,1.3131078,8.1561506e-05
1647,1.3131011,8.1518665e-05
1647,1.3130943,8.1473961e-05
1647,1.3130875,8.1408769e-05
1648,1.3130807,8.1364065e-05
1648,1.3130739,8.1295148e-05
1648,1.3130671,8.1250444e-05
1648,1.3130603,8.1203878e-05
1649,1.3130535,8.113496e-05
1649,1.3130467,8.1088394e-05
1649,1.3130399,8.1017613e-05
1649,1.3130331,8.0971047e-05
1650,1.3130262,8.0922619e-05
1650,1.3130194,8.0851838e-05
1650,1.3130126,8.0805272e-05
1650,1.3130057,8.0736354e-05
1651,1.3129989,8.0689788e-05
1651,1.312992,8.062087e-05
1651,1.3129851,8.0574304e-05
1651,1.3129783,8.0525875e-05
1652,1.3129714,8.0455095e-05
1652,1.3129645,8.0406666e-05
1652,1.3129576,8.0335885e-05
1653,1.3129507,8.0287457e-05
1653,1.3129438,8.0239028e-05
1653,1.3129369,8.0166385e-05
1653,1.31293,8.0117956e-05
1654,1.3129231,8.0045313e-05
1654,1.3129162,7.9996884e-05
1654,1.3129092,7.9946592e-05
1654,1.3129023,7.9870224e-05
1655,1.3128953,7.9819933e-05
1655,1.3128884,7.9745427e-05
1655,1.3128814,7.9698861e-05
1655,1.3128744,7.9639256e-05
1656,1.3128674,7.9605728e-05
1656,1.3128605,7.9574063e-05
1656,1.3128535,7.9531223e-05
1656,1.3128465,7.9499558e-05
1657,1.3128395,7.9456717e-05
1657,1.3128325,7.9428777e-05
1657,1.3128255,7.9400837e-05
1658,1.3128185,7.9359859e-05
1658,1.3128115,7.9335645e-05
1658,1.3128044,7.9300255e-05
1658,1.3127974,7.9277903e-05
1659,1.3127904,7.9255551e-05
1659,1.3127834,7.9225749e-05
1659,1.3127763,7.920526e-05
1659,1.3127693,7.9179183e-05
1660,1.3127622,7.9162419e-05
1660,1.3127552,7.9147518e-05
1660,1.3127481,7.9127029e-05
1660,1.3127411,7.911399e-05
1661,1.312734,7.9087913e-05
1661,1.312727,7.9067424e-05
1661,1.3127199,7.9032034e-05
1662,1.3127129,7.9005957e-05
1662,1.3127058,7.897988e-05
1662,1.3126987,7.8942627e-05
1662,1.3126916,7.8918412e-05
1663,1.3126845,7.8883022e-05
1663,1.3126774,7.8858808e-05
1663,1.3126703,7.8834593e-05
1663,1.3126632,7.8799203e-05
1664,1.3126561,7.8774989e-05
1664,1.312649,7.8739598e-05
1664,1.3126418,7.8715384e-05
1664,1.3126347,7.869117e-05
1665,1.3126275,7.8655779e-05
1665,1.3126204,7.8631565e-05
1665,1.3126132,7.8594312e-05
1666,1.3126061,7.8570098e-05
1666,1.3125989,7.8532845e-05
1666,1.3125917,7.8510493e-05
1666,1.3125846,7.8488141e-05
1667,1.3125774,7.8460202e-05
1667,1.3125702,7.84453e-05
1667,1.312563,7.8421086e-05
1667,1.3125558,7.8408048e-05
1668,1.3125486,7.8393146e-05
1668,1.3125414,7.8370795e-05
1668,1.3125341,7.8355893e-05
1668,1.3125269,7.8335404e-05
1669,1.3125197,7.8324229e-05
1669,1.3125125,7.831119e-05
1669,1.3125052,7.8294426e-05
1670,1.312498,7.828325e-05
1670,1.3124907,7.8266487e-05
1670,1.3124835,7.8257173e-05
1670,1.3124762,7.8244135e-05
1671,1.3124689,7.8234822e-05
1671,1.3124617,7.8227371e-05
1671,1.3124544,7.8216195e-05
1671,1.3124471,7.8210607e-05
1672,1.3124398,7.8199431e-05
1672,1.3124325,7.8188255e-05
1672,1.3124253,7.817708e-05
1673,1.312418,7.8158453e-05
1673,1.3124107,7.8145415e-05
1673,1.3124033,7.8126788e-05
1673,1.312396,7.811375e-05
1674,1.3123887,7.8102574e-05
1674,1.3123814,7.8083947e-05
1674,1.312374,7.8072771e-05
1674,1.3123667,7.8054145e-05
1675,1.3123593,7.8042969e-05
1675,1.312352,7.8031793e-05
1675,1.3123446,7.8013167e-05
1675,1.3123372,7.8000128e-05
1676,1.3123299,7.7983364e-05
1676,1.3123225,7.7970326e-05
1676,1.3123151,7.7951699e-05
1677,1.3123077,7.7938661e-05
1677,1.3123003,7.7925622e-05
1677,1.3122929,7.7908859e-05
1677,1.3122854,7.7899545e-05
1678,1.312278,7.789582e-05
1678,1.3122706,7.789582e-05
1678,1.3122631,7.7901408e-05
1678,1.3122557,7.7910721e-05
1679,1.3122482,7.7918172e-05
1679,1.3122408,7.7927485e-05
1679,1.3122333,7.7934936e-05
1680,1.3122258,7.7942386e-05
1680,1.3122184,7.7957287e-05
1680,1.3122109,7.7968463e-05
1680,1.3122034,7.798709e-05
1681,1.3121959,7.8000128e-05
1681,1.3121884,7.802248e-05
1681,1.3121809,7.8037381e-05
1681,1.3121734,7.8054145e-05
1682,1.3121659,7.8082085e-05
1682,1.3121584,7.8102574e-05
1682,1.3121509,7.8134239e-05
1683,1.3121434,7.815659e-05
1683,1.3121359,7.8178942e-05
1683,1.3121284,7.8206882e-05
1683,1.3121208,7.821992e-05
1684,1.3121133,7.8234822e-05
1684,1.3121058,7.8242272e-05
1684,1.3120982,7.8245997e-05
1684,1.3120907,7.8259036e-05
1685,1.3120831,7.8268349e-05
1685,1.3120755,7.8281388e-05
1685,1.312068,7.8290701e-05
1686,1.3120604,7.8300014e-05
1686,1.3120528,7.831119e-05
1686,1.3120452,7.8318641e-05
1686,1.3120376,7.8331679e-05
1687,1.31203,7.833913e-05
1687,1.3120224,7.8350306e-05
1687,1.3120148,7.8355893e-05
1687,1.3120071,7.8363344e-05
1688,1.3119995,7.8372657e-05
1688,1.3119919,7.8378245e-05
1688,1.3119842,7.8387558e-05
1689,1.3119765,7.8395009e-05
1689,1.3119689,7.8404322e-05
1689,1.3119612,7.8424811e-05
1689,1.3119535,7.8439713e-05
1690,1.3119458,7.846579e-05
1690,1.3119382,7.8484416e-05
1690,1.3119305,7.850118e-05
1691,1.3119228,7.8527257e-05
1691,1.311915,7.8545883e-05
1691,1.3119073,7.857196e-05
1691,1.3118996,7.8592449e-05
1692,1.3118919,7.8622252e-05
1692,1.3118842,7.8642741e-05
1692,1.3118764,7.866323e-05
1692,1.3118687,7.8694895e-05
1693,1.3118609,7.8717247e-05
1693,1.3118532,7.8752637e-05
1693,1.3118454,7.8774989e-05
1694,1.3118376,7.8799203e-05
1694,1.3118298,7.8836456e-05
1694,1.3118221,7.886067e-05
1694,1.3118143,7.8899786e-05
1695,1.3118065,7.8925863e-05
1695,1.3117987,7.895194e-05
1695,1.3117909,7.8992918e-05
1695,1.3117831,7.9020858e-05
1696,1.3117752,7.9063699e-05
1696,1.3117674,7.9093501e-05
1696,1.3117596,7.9138204e-05
1697,1.3117517,7.9168007e-05
1697,1.3117439,7.9197809e-05
1697,1.311736,7.9246238e-05
1697,1.3117282,7.9277903e-05
1698,1.3117203,7.9326332e-05
1698,1.3117125,7.9359859e-05
1698,1.3117046,7.9393387e-05
1699,1.3116967,7.9445541e-05
1699,1.3116888,7.9479069e-05
1699,1.3116809,7.9533085e-05
1699,1.311673,7.9570338e-05
1700,1.3116651,7.9607591e-05
1700,1.3116572,7.966347e-05
1700,1.3116493,7.9698861e-05
1700,1.3116414,7.9747289e-05
1701,1.3116334,7.9777092e-05
1701,1.3116255,7.9805031e-05
1701,1.3116176,7.984601e-05
1702,1.3116096,7.9875812e-05
1702,1.3116016,7.9918653e-05
1702,1.3115937,7.9946592e-05
1702,1.3115857,7.9991296e-05
1703,1.3115777,8.0019236e-05
1703,1.3115697,8.0047175e-05
1703,1.3115617,8.0090016e-05
1704,1.3115537,8.0117956e-05
1704,1.3115457,8.0158934e-05
1704,1.3115377,8.0185011e-05
1704,1.3115297,8.0212951e-05
1705,1.3115216,8.0253929e-05
1705,1.3115136,8.0280006e-05
1705,1.3115055,8.0317259e-05
1706,1.3114975,8.0341473e-05
1706,1.3114894,8.0369413e-05
1706,1.3114813,8.0417842e-05
1706,1.3114732,8.045882e-05
1707,1.3114651,8.05296e-05
1707,1.311457,8.0579892e-05
1707,1.3114488,8.0661848e-05
1707,1.3114407,8.0714002e-05
1708,1.3114326,8.0766156e-05
1708,1.3114245,8.0848113e-05
1708,1.3114163,8.0903992e-05
1709,1.3114082,8.0989674e-05
1709,1.3114,8.1049278e-05
1709,1.3113919,8.1110746e-05
1709,1.3113837,8.1203878e-05
1710,1.3113755,8.1267208e-05
1710,1.3113673,8.1365928e-05
1710,1.3113591,8.1432983e-05
1711,1.311351,8.1500039e-05
1711,1.3113428,8.1606209e-05
1711,1.3113346,8.1678852e-05
1711,1.3113263,8.1788749e-05
1712,1.3113181,8.1861392e-05
1712,1.3113099,8.1971288e-05
1712,1.3113017,8.2043931e-05
1713,1.3112935,8.2114711e-05
1713,1.3112852,8.2222745e-05
1713,1.311277,8.2295388e-05
1713,1.3112687,8.2407147e-05
1714,1.3112605,8.2483515e-05
1714,1.3112522,8.2559884e-05
1714,1.3112439,8.267723e-05
1715,1.3112357,8.2755461e-05
1715,1.3112274,8.2876533e-05
1715,1.3112191,8.2956627e-05
1715,1.3112108,8.3038583e-05
1716,1.3112025,8.3161518e-05
1716,1.3111942,8.3245337e-05
1716,1.3111859,8.3371997e-05
1717,1.3111775,8.3457679e-05
1717,1.3111692,8.3545223e-05
1717,1.3111609,8.3677471e-05
1717,1.3111525,8.3765015e-05
1718,1.3111442,8.3899125e-05
1718,1.3111358,8.3984807e-05
1718,1.3111275,8.411333e-05
1719,1.3111191,8.4197149e-05
1719,1.3111107,8.4280968e-05
1719,1.3111023,8.4407628e-05
1719,1.3110939,8.4493309e-05
1720,1.3110856,8.4623694e-05
1720,1.3110772,8.4711239e-05
1720,1.3110687,8.4798783e-05
1721,1.3110603,8.4929168e-05
1721,1.3110519,8.5018575e-05
1721,1.3110435,8.5150823e-05
1721,1.311035,8.5238367e-05
1722,1.3110266,8.5327774e-05
1722,1.3110181,8.5461885e-05
1722,1.3110096,8.5553154e-05
1723,1.3110012,8.5687265e-05
1723,1.3109927,8.5778534e-05
1723,1.3109842,8.5914508e-05
1723,1.3109757,8.6005777e-05
1724,1.3109672,8.6098909e-05
1724,1.3109587,8.6242333e-05
1724,1.3109502,8.6339191e-05
1725,1.3109417,8.648634e-05
1725,1.3109331,8.6586922e-05
1725,1.3109246,8.6685643e-05
1725,1.310916,8.6836517e-05
1726,1.3109075,8.69371e-05
1726,1.3108989,8.7089837e-05
1726,1.3108903,8.7192282e-05
1727,1.3108817,8.729659e-05
1727,1.3108732,8.7453052e-05
1727,1.3108646,8.7557361e-05
1727,1.310856,8.7715685e-05
1728,1.3108474,8.7823719e-05
1728,1.3108387,8.792989e-05
1728,1.3108301,8.809194e-05
1729,1.3108215,8.8199973e-05
1729,1.3108128,8.8363886e-05
1729,1.3108042,8.8475645e-05
1729,1.3107955,8.864142e-05
1730,1.3107869,8.8755041e-05
1730,1.3107782,8.8872388e-05
1730,1.3107695,8.9049339e-05
1731,1.3107608,8.9170411e-05
1731,1.3107521,8.9351088e-05
1731,1.3107434,8.9474022e-05
1731,1.3107347,8.9596957e-05
1732,1.310726,8.9781359e-05
1732,1.3107173,8.9908019e-05
1732,1.3107085,9.0096146e-05
1733,1.3106998,9.0224668e-05
1733,1.3106911,9.0353191e-05
1733,1.3106823,9.0546906e-05
1733,1.3106735,9.0677291e-05
1734,1.3106647,9.0876594e-05
1734,1.310656,9.1008842e-05
1734,1.3106472,9.121187e-05
1735,1.3106384,9.1345981e-05
1735,1.3106296,9.1481954e-05
1735,1.3106208,9.1688707e-05
1736,1.3106119,9.1828406e-05
1736,1.3106031,9.204261e-05
1736,1.3105943,9.2187896e-05
1736,1.3105854,9.2336908e-05
1737,1.3105766,9.2560425e-05
1737,1.3105677,9.27113e-05
1737,1.3105589,9.2940405e-05
1738,1.31055,9.3093142e-05
1738,1.3105411,9.3249604e-05
1738,1.3105322,9.3482435e-05
1738,1.3105233,9.364076e-05
1739,1.3105144,9.3881041e-05
1739,1.3105055,9.4041228e-05
1739,1.3104966,9.4285235e-05
1740,1.3104877,9.445101e-05
1740,1.3104787,9.4616786e-05
1740,1.3104698,9.4868243e-05
1740,1.3104609,9.5035881e-05
1741,1.3104519,9.5291063e-05
1741,1.310443,9.5462427e-05
1741,1.310434,9.5635653e-05
1742,1.310425,9.5900148e-05
1742,1.310416,9.6080825e-05
1742,1.310407,9.6358359e-05
1743,1.310398,9.6544623e-05
1743,1.310389,9.6736476e-05
1743,1.31038,9.7023323e-05
1743,1.310371,9.7217038e-05
1744,1.310362,9.7509474e-05
1744,1.3103529,9.7708777e-05
1744,1.3103439,9.790808e-05
1745,1.3103348,9.8209828e-05
1745,1.3103258,9.8414719e-05
1745,1.3103167,9.8723918e-05
1745,1.3103077,9.8932534e-05
1746,1.3102986,9.9247321e-05
1746,1.3102896,9.9459663e-05
1746,1.3102805,9.967573e-05
1747,1.3102714,0.00010000169
1747,1.3102623,0.00010022335
1747,1.3102532,0.00010055676
1748,1.3102442,0.00010077842
1748,1.3102351,0.00010100007
1748,1.310226,0.00010131299
1748,1.3102169,0.00010151602
1749,1.3102078,0.00010181218
1749,1.3101988,0.00010200776
1749,1.3101896,0.00010220706
1750,1.3101804,0.00010250695
1750,1.3101713,0.00010270812
1750,1.3101621,0.00010301173
1750,1.310153,0.00010321103
1751,1.3101438,0.00010351278
1751,1.3101347,0.00010371208
1751,1.3101255,0.00010391138
1752,1.3101163,0.00010421127
1752,1.3101071,0.00010441057
1752,1.3100979,0.0001047086
1753,1.3100887,0.0001049079
1753,1.3100795,0.0001051072
1753,1.3100703,0.00010540336
1753,1.310061,0.00010560267
1754,1.3100518,0.00010590069
1754,1.3100426,0.00010609813
1754,1.3100333,0.00010629743
1755,1.310024,0.00010659732
1755,1.3100147,0.00010679848
1755,1.3100054,0.00010709837
1755,1.3099961,0.00010729954
1756,1.3099868,0.00010749884
1756,1.3099775,0.00010779873
1756,1.3099682,0.00010799803
1757,1.3099589,0.00010829978
1757,1.3099495,0.00010849908
1757,1.3099402,0.00010879897
1758,1.3099309,0.00010899827
1758,1.3099215,0.00010919943
1758,1.3099121,0.00010949932
1758,1.3099027,0.00010969862
1759,1.3098933,0.00010999851
1759,1.3098839,0.00011019409
1759,1.3098745,0.00011039153
1760,1.309865,0.00011068955
1760,1.3098555,0.00011089444
1760,1.3098461,0.00011122786
1761,1.3098366,0.00011146627
1761,1.3098271,0.00011171773
1761,1.3098176,0.00011210889
1761,1.3098081,0.00011237152
1762,1.3097986,0.00011276454
1762,1.3097891,0.00011302903
1762,1.3097797,0.00011342764
1763,1.3097702,0.00011369772
1763,1.3097606,0.00011397339
1763,1.3097511,0.00011439249
1764,1.3097416,0.00011467561
1764,1.3097321,0.00011510588
1764,1.3097226,0.00011539832
1764,1.3097131,0.00011569262
1765,1.3097036,0.00011613965
1765,1.309694,0.0001164414
1765,1.3096846,0.00011691451
1766,1.3096751,0.00011723116
1766,1.3096656,0.00011754408
1766,1.3096561,0.0001180023
1767,1.3096467,0.00011826679
1767,1.3096372,0.00011862814
1767,1.3096277,0.00011884794
1767,1.3096183,0.00011915714
1768,1.3096087,0.0001193732
1768,1.3095992,0.00011959113
1768,1.3095897,0.00011991337
1769,1.3095801,0.00012012944
1769,1.3095706,0.00012044236
1769,1.309561,0.00012064539
1770,1.3095515,0.00012084655
1770,1.3095419,0.00012114085
1770,1.3095323,0.00012133271
1770,1.3095227,0.00012161396
1771,1.3095131,0.00012179837
1771,1.3095034,0.00012197904
1771,1.3094938,0.00012224354
1772,1.3094841,0.00012241304
1772,1.3094744,0.0001226645
1772,1.3094648,0.00012283027
1773,1.3094551,0.00012299605
1773,1.3094454,0.00012325682
1773,1.3094356,0.00012343191
1774,1.3094259,0.00012370013
1774,1.3094162,0.00012387894
1774,1.3094065,0.00012413599
1774,1.3093968,0.00012430549
1775,1.309387,0.00012447312
1775,1.3093772,0.00012471899
1775,1.3093674,0.00012488104
1776,1.3093576,0.00012512319
1776,1.3093478,0.00012528338
1776,1.309338,0.00012543984
1777,1.3093282,0.00012567267
1777,1.3093184,0.00012582727
1777,1.3093086,0.00012605451
1777,1.3092987,0.00012620352
1778,1.3092889,0.00012635253
1778,1.309279,0.00012657046
1778,1.3092691,0.00012671575
1779,1.3092592,0.00012692809
1779,1.3092493,0.00012706779
1779,1.3092394,0.00012727454
1780,1.3092295,0.00012741052
1780,1.3092196,0.00012754463
1780,1.3092096,0.00012774393
1781,1.3091997,0.00012787431
1781,1.3091897,0.00012806617
1781,1.3091798,0.00012819283
1781,1.3091698,0.00012831762
1782,1.3091598,0.00012850203
1782,1.3091498,0.0001286231
1782,1.3091398,0.00012880005
1783,1.3091298,0.0001289174
1783,1.3091197,0.00012903288
1783,1.3091097,0.00012920238
1784,1.3090996,0.00012931414
1784,1.3090895,0.00012947805
1784,1.3090794,0.00012958609
1785,1.3090694,0.00012974814
1785,1.3090593,0.00012985058
1785,1.3090492,0.0001299493
1785,1.3090391,0.00013008341
1786,1.309029,0.00013016164
1786,1.3090188,0.00013026595
1786,1.3090087,0.00013032928
1787,1.3089985,0.00013038889
1787,1.3089883,0.00013047829
1787,1.3089781,0.00013053417
1788,1.3089679,0.0001306124
1788,1.3089577,0.00013066269
1788,1.3089474,0.0001307074
1789,1.3089372,0.000130767
1789,1.3089269,0.00013080426
1789,1.3089166,0.00013085455
1789,1.3089063,0.00013088249
1790,1.308896,0.00013090856
1790,1.3088857,0.00013094023
1790,1.3088753,0.00013095886
1791,1.3088649,0.00013097562
1791,1.3088546,0.00013098307
1791,1.3088441,0.00013099238
1792,1.3088337,0.00013099797
1792,1.3088232,0.00013101101
1792,1.3088128,0.00013103336
1793,1.3088023,0.00013105012
1793,1.3087918,0.00013107806
1793,1.3087813,0.0001310911
1793,1.3087707,0.00013110042
1794,1.3087602,0.00013111159
1794,1.3087496,0.00013111718
1794,1.3087391,0.00013112091
1795,1.3087285,0.00013112277
1795,1.3087178,0.00013112277
1795,1.3087072,0.00013112091
1796,1.3086966,0.00013111532
1796,1.3086859,0.00013110787
1796,1.3086752,0.00013109855
1797,1.3086645,0.00013108365
1797,1.3086538,0.00013106875
1797,1.308643,0.00013104826
1798,1.3086322,0.00013102032
1798,1.3086214,0.00013100542
1798,1.3086105,0.00013100728
1798,1.3085996,0.00013103709
1799,1.3085887,0.00013107993
1799,1.3085778,0.00013116933
1799,1.3085669,0.00013124011
1800,1.308556,0.00013133138
1800,1.3085451,0.00013139471
1800,1.3085342,0.00013145991
1801,1.3085233,0.00013156049
1801,1.3085123,0.00013163313
1801,1.3085013,0.00013175048
1802,1.3084904,0.00013183057
1802,1.3084794,0.00013191625
1802,1.3084684,0.0001320485
1803,1.3084574,0.00013214163
1803,1.3084464,0.00013228692
1803,1.3084353,0.0001323875
1803,1.3084243,0.00013255514
1804,1.3084133,0.00013267435
1804,1.3084023,0.0001327917
1804,1.3083913,0.00013295189
1805,1.3083803,0.00013302825
1805,1.3083694,0.00013307855
1805,1.3083583,0.00013308413
1806,1.3083473,0.00013307109
1806,1.3083362,0.00013303757
1806,1.3083251,0.00013302267
1807,1.3083139,0.00013300031
1807,1.3083028,0.00013298169
1807,1.3082916,0.00013296306
1808,1.3082804,0.00013291463
1808,1.3082691,0.00013287738
1808,1.3082579,0.00013281219
1808,1.3082466,0.0001327619
1809,1.3082353,0.00013267994
1809,1.3082239,0.00013261661
1809,1.3082126,0.00013255142
1810,1.3082012,0.00013244338
1810,1.3081897,0.00013235398
1810,1.3081783,0.00013221428
1811,1.3081667,0.00013212301
1811,1.3081552,0.00013203919
1811,1.3081436,0.00013197027
1812,1.3081319,0.0001319591
1812,1.3081203,0.00013198145
1812,1.3081086,0.00013201684
1813,1.308097,0.0001320485
1813,1.3080853,0.00013208389
1813,1.3080736,0.00013210811
1814,1.3080619,0.00013214536
1814,1.3080502,0.00013217516
1814,1.3080384,0.00013222918
1815,1.3080267,0.00013226829
1815,1.3080149,0.00013231114
1815,1.3080031,0.00013238192
1815,1.3079913,0.00013243407
1816,1.3079794,0.00013251603
1816,1.3079676,0.00013257563
1816,1.3079557,0.0001326371
1817,1.3079438,0.00013274327
1817,1.307932,0.00013281778
1817,1.3079201,0.00013292767
1818,1.3079082,0.00013299845
1818,1.3078962,0.00013305061
1818,1.3078843,0.00013311766
1819,1.3078723,0.00013315305
1819,1.3078603,0.00013319962
1819,1.3078483,0.00013323687
1820,1.3078362,0.00013327599
1820,1.3078241,0.00013333559
1820,1.307812,0.00013337843
1821,1.3077999,0.0001334399
1821,1.3077877,0.00013347901
1821,1.3077755,0.00013353862
1822,1.3077633,0.0001335796
1822,1.3077511,0.00013361871
1822,1.3077389,0.00013367832
1822,1.3077266,0.0001337193
1823,1.3077143,0.0001337789
1823,1.3077019,0.00013381615
1823,1.3076895,0.00013385341
1824,1.3076771,0.00013390929
1824,1.3076647,0.00013395026
1824,1.3076522,0.00013403222
1825,1.3076397,0.00013410486
1825,1.3076272,0.00013418868
1825,1.3076146,0.00013433211
1826,1.307602,0.00013443828
1826,1.3075894,0.00013458729
1826,1.3075768,0.0001346916
1827,1.3075642,0.00013484992
1827,1.3075516,0.00013495795
1827,1.3075389,0.00013507158
1828,1.3075261,0.00013524853
1828,1.3075134,0.0001353696
1828,1.3075006,0.00013555773
1829,1.3074878,0.00013568625
1829,1.307475,0.00013582036
1829,1.3074622,0.00013602525
1830,1.3074493,0.00013616681
1830,1.3074364,0.00013638288
1830,1.3074235,0.00013653189
1831,1.3074105,0.00013668463
1831,1.3073975,0.00013691746
1831,1.3073845,0.00013707764
1831,1.3073715,0.00013732351
1832,1.3073584,0.00013749115
1832,1.3073453,0.0001377482
1832,1.3073322,0.00013792329
1833,1.3073191,0.00013810396
1833,1.3073059,0.00013837777
1833,1.3072927,0.0001385659
1834,1.3072794,0.00013885275
1834,1.3072662,0.00013904832
1834,1.3072529,0.00013924576
1835,1.3072395,0.00013954937
1835,1.3072262,0.00013975613
1835,1.3072128,0.00014007092
1836,1.3071995,0.00014028512
1836,1.307186,0.00014050305
1836,1.3071725,0.00014083646
1837,1.3071589,0.00014106371
1837,1.3071454,0.00014141016
1837,1.3071318,0.00014164485
1838,1.3071182,0.00014187768
1838,1.3071046,0.00014222413
1838,1.3070909,0.00014244951
1839,1.3070772,0.00014278665
1839,1.3070635,0.00014300831
1839,1.3070497,0.00014334917
1840,1.3070359,0.00014357828
1840,1.307022,0.00014381111
1840,1.3070081,0.00014416128
1841,1.3069941,0.00014439784
1841,1.3069801,0.00014475547
1841,1.3069661,0.00014499575
1842,1.306952,0.00014523789
1842,1.3069378,0.00014560297
1842,1.3069236,0.00014584884
1843,1.3069094,0.00014621951
1843,1.3068951,0.0001464691
1843,1.3068807,0.00014672056
1844,1.3068663,0.0001470726
1844,1.3068518,0.00014731288
1844,1.3068371,0.0001477059
1845,1.3068224,0.0001480002
1845,1.3068077,0.0001485981
1845,1.306793,0.00014905818
1846,1.3067781,0.00014956482
1846,1.3067632,0.00015038997
1846,1.3067483,0.00015092827
1847,1.3067334,0.00015175529
1847,1.3067185,0.00015232153
1847,1.3067035,0.00015289709
1847,1.3066885,0.00015379861
1848,1.3066735,0.0001544226
1848,1.3066584,0.00015538931
1848,1.3066433,0.00015605241
1849,1.3066282,0.00015673228
1849,1.3066129,0.00015778281
1849,1.3065977,0.00015850179
1850,1.3065824,0.00015961193
1850,1.3065671,0.00016037375
1850,1.3065516,0.00016115047
1851,1.3065362,0.00016234629
1851,1.3065207,0.00016316213
1851,1.3065052,0.00016440637
1852,1.3064896,0.00016524643
1852,1.3064741,0.00016652979
1852,1.3064584,0.00016739778
1853,1.3064428,0.00016828068
1853,1.306427,0.00016963296
1853,1.3064113,0.00017055497
1854,1.3063955,0.00017196313
1854,1.3063798,0.00017292053
1854,1.3063636,0.00017389096
1855,1.3063475,0.00017537549
1855,1.3063314,0.00017638132
1855,1.3063152,0.00017791986
1856,1.306299,0.00017896295
1856,1.3062827,0.00018002093
1856,1.3062663,0.00018163398
1857,1.3062499,0.00018272735
1857,1.3062333,0.00018437207
1857,1.3062167,0.00018548034
1858,1.3062001,0.00018719211
1858,1.3061833,0.00018838421
1858,1.3061663,0.00018966198
1859,1.3061492,0.00019176491
1859,1.3061321,0.00019325502
1859,1.3061151,0.00019560941
1860,1.306098,0.00019721128
1860,1.3060807,0.00019881316
1860,1.3060634,0.0002012644
1861,1.3060461,0.0002029296
1861,1.3060287,0.00020548329
1861,1.3060113,0.00020723417
1862,1.3059938,0.00020901859
1862,1.3059762,0.00021175668
1862,1.3059585,0.00021362118
1863,1.3059409,0.00021647662
1863,1.3059232,0.00021842122
1863,1.3059055,0.00022139773
1864,1.3058879,0.00022342056
1864,1.3058695,0.00022543222
1864,1.305851,0.00022852048
1865,1.3058324,0.00023065321
1865,1.3058139,0.00023402087
1865,1.305795,0.00023653731
1866,1.305776,0.00023920089
1866,1.3057572,0.0002434589
1866,1.3057384,0.00024645217
1867,1.3057197,0.00025101565
1867,1.3057012,0.00025410391
1867,1.3056823,0.00025724806
1868,1.3056631,0.00026207231
1868,1.3056441,0.00026537292
1868,1.3056253,0.00027046911
1869,1.3056063,0.00027394854
1869,1.3055868,0.00027749501
1869,1.3055673,0.00028294139
1870,1.3055479,0.0002866555
1870,1.3055285,0.00029235519
1870,1.3055091,0.00029623881
1871,1.3054896,0.00030216388
1871,1.30547,0.00030616112
1872,1.3054503,0.00031024031
1872,1.3054303,0.00031655841
1872,1.3054103,0.00032094307
1873,1.3053908,0.00032807328
1873,1.3053712,0.00033307821
1873,1.3053504,0.0003382694
1874,1.3053295,0.00034636259
1874,1.3053093,0.00035179965
1874,1.3052893,0.0003601294
1875,1.305269,0.00036579743
1875,1.3052488,0.00037156045
1875,1.3052286,0.00038042292
1876,1.3052084,0.00038647652
1876,1.3051883,0.00039575994
1876,1.3051683,0.00040208362
1877,1.3051484,0.00041176565
1877,1.3051287,0.00041835196
1877,1.3051086,0.00042504631
1878,1.3050879,0.000435289
1878,1.3050676,0.00044221431
1878,1.3050477,0.00045275502
1879,1.3050273,0.00045995414
1879,1.3050058,0.00046733022
1879,1.3049843,0.0004789196
1880,1.3049632,0.00048713572
1880,1.3049421,0.00050001219
1880,1.3049216,0.00050893426
1881,1.3049011,0.00051808544
1881,1.3048808,0.00053186528
1881,1.3048605,0.00054122321
1882,1.3048408,0.00055551343
1882,1.3048212,0.00056521781
1882,1.3048028,0.00058014505
1883,1.3047843,0.00059030019
1883,1.3047635,0.00060061924
1883,1.3047426,0.00061640516
1884,1.304723,0.00062713586
1884,1.3047037,0.00064353831
1884,1.3046842,0.00065468065
1885,1.3046647,0.00066598505
1885,1.3046458,0.00068322383
1885,1.304627,0.00069491379
1886,1.3046089,0.00071277097
1886,1.3045912,0.00072490424
1886,1.3045726,0.00073725544
1887,1.3045534,0.0007562153
1887,1.3045353,0.00076911785
1888,1.3045183,0.00078886561
1888,1.3045007,0.00080226548
1888,1.304482,0.00081584044
1889,1.3044638,0.00083655119
1889,1.3044466,0.00085058995
1889,1.3044296,0.00087198988
1890,1.3044132,0.00088648312
1890,1.3043971,0.00090856105
1890,1.3043818,0.00092350505
1891,1.3043665,0.00093862787
1891,1.3043518,0.00096165203
1891,1.3043373,0.0009772256
1892,1.3043256,0.001000924
1892,1.3043139,0.0010169484
1892,1.3042988,0.001033349
1893,1.3042836,0.0010582339
1893,1.304272,0.0010749102
1893,1.3042608,0.0010998063
1894,1.3042503,0.0011156499
1894,1.3042399,0.0011311788
1894,1.3042299,0.0011539571
1895,1.30422,0.0011688881
1895,1.3042103,0.0011915863
1895,1.3042008,0.0012069345
1896,1.3041923,0.0012301113
1896,1.3041844,0.0012456663
1897,1.3041757,0.0012612306
1897,1.3041664,0.0012845658
1897,1.3041584,0.0013001654
1898,1.304152,0.001323631
1898,1.3041448,0.0013393164
1898,1.3041364,0.0013550352
1899,1.3041287,0.0013786741
1899,1.3041223,0.0013944767
1899,1.3041164,0.0014183652
1900,1.3041119,0.0014345031
1900,1.3041077,0.0014506094
1900,1.3041052,0.0014744718
1901,1.3041028,0.0014899895
1901,1.3041033,0.0015112758
1901,1.3041038,0.0015247054
1902,1.3041001,0.0015375838
1902,1.3040964,0.0015560891
1902,1.3040937,0.0015686788
1903,1.3040912,0.001587376
1903,1.3040896,0.0015997328
1903,1.3040882,0.0016180892
1904,1.3040867,0.0016300101
1904,1.3040851,0.0016417727
1905,1.3040841,0.0016591176
1905,1.3040832,0.0016704816
1905,1.304083,0.0016872231
1906,1.3040831,0.001698181
1906,1.3040825,0.0017089769
1906,1.3040813,0.0017248709
1907,1.3040809,0.0017352793
1907,1.3040814,0.0017506108
1907,1.3040814,0.0017606206
1908,1.3040807,0.0017704517
1908,1.3040802,0.0017847996
1908,1.3040804,0.0017940551
1909,1.3040807,0.0018075332
1909,1.3040812,0.0018162578
1909,1.3040817,0.0018290151
1910,1.3040824,0.001837343
1910,1.3040831,0.001845507
1910,1.3040839,0.0018574409
1911,1.3040847,0.0018651877
1911,1.3040865,0.0018764511
1912,1.3040883,0.0018837396
1912,1.3040881,0.0018908512
1912,1.3040878,0.001901187
1913,1.3040884,0.001907859
1913,1.3040892,0.0019175373
1913,1.3040897,0.0019237678
1914,1.3040903,0.0019298252
1914,1.3040908,0.0019385163
1914,1.3040914,0.0019440763
1915,1.3040918,0.0019521471
1915,1.3040921,0.0019573905
1915,1.3040925,0.0019653067
1916,1.3040929,0.0019706115
1916,1.3040931,0.0019758902
1916,1.304093,0.0019837189
1917,1.3040933,0.0019887704
1917,1.3040941,0.0019959975
1918,1.3040945,0.0020006374
1918,1.3040945,0.0020051356
1918,1.3040945,0.0020116363
1919,1.3040948,0.0020158291
1919,1.304095,0.0020218771
1919,1.3040954,0.0020257477
1920,1.3040957,0.0020294916
1920,1.304096,0.0020348672
1920,1.3040962,0.0020382907
1921,1.3040968,0.0020431858
1921,1.3040973,0.0020462908
1921,1.3040969,0.0020492226
1922,1.3040964,0.0020533912
1922,1.3040959,0.0020560455
1923,1.3040955,0.00205989
1923,1.304095,0.0020625275
1923,1.3040946,0.0020664558
1924,1.3040941,0.002069043
1924,1.3040936,0.0020715836
1924,1.3040933,0.0020751357
1925,1.304093,0.0020773299
1925,1.3040927,0.0020804051
1925,1.3040925,0.0020823143
1926,1.304092,0.002084136
1926,1.3040914,0.0020867139
1926,1.3040909,0.0020883139
1927,1.3040904,0.0020905361
1927,1.3040899,0.0020918958
1928,1.3040891,0.0020931605
1928,1.3040884,0.002094876
1928,1.3040877,0.0020959005
1929,1.304087,0.0020972565
1929,1.3040862,0.0020980388
1929,1.3040854,0.0020990334
1930,1.3040846,0.0020995773
1930,1.3040837,0.0021000281
1930,1.3040827,0.0021005366
1931,1.3040817,0.0021007601
1931,1.3040807,0.0021009184
1931,1.3040796,0.0021009035
1932,1.3040784,0.0021007825
1932,1.3040772,0.0021004137
1933,1.3040759,0.002100043
1933,1.3040746,0.0020993035
1933,1.3040732,0.0020986944
1934,1.3040717,0.0020979885
1934,1.3040701,0.0020967536
1934,1.3040685,0.0020958092
1935,1.3040667,0.0020942148
1935,1.3040648,0.0020930301
1935,1.3040629,0.0020917505
1936,1.304061,0.0020896513
1936,1.3040589,0.0020881109
1937,1.3040567,0.0020855945
1937,1.3040541,0.0020838156
1937,1.3040513,0.002081044
1938,1.3040485,0.0020792093
1938,1.3040457,0.0020774323
1938,1.3040428,0.0020747744
1939,1.3040399,0.0020729937
1939,1.3040369,0.0020702276
1939,1.3040339,0.0020682551
1940,1.3040308,0.0020662118
1940,1.3040276,0.0020630118
1941,1.3040244,0.0020607896
1941,1.3040208,0.0020573586
1941,1.3040171,0.0020549912
1942,1.3040141,0.0020525586
1942,1.304011,0.0020487886
1942,1.3040075,0.0020461977
1943,1.304004,0.0020421892
1943,1.3040002,0.0020394363
1943,1.3039963,0.0020351894
1944,1.3039925,0.0020322762
1944,1.3039886,0.0020293016
1945,1.3039846,0.0020247176
1945,1.3039804,0.0020215809
1945,1.303976,0.0020167567
1946,1.3039715,0.0020134598
1946,1.3039671,0.0020100996
1946,1.3039629,0.0020049401
1947,1.3039583,0.0020014197
1947,1.3039534,0.0019960199
1947,1.3039486,0.0019923411
1948,1.3039441,0.0019885972
1948,1.3039395,0.0019828603
1949,1.3039345,0.0019789562
1949,1.3039295,0.0019729808
1949,1.3039242,0.0019689165
1950,1.3039189,0.0019627009
1950,1.3039132,0.0019584764
1950,1.3039076,0.0019541886
1951,1.3039017,0.0019476358
1951,1.3038958,0.0019431878
1951,1.303889,0.0019363333
1952,1.3038822,0.0019316934
1952,1.3038762,0.00192702
1953,1.3038703,0.0019199885
1953,1.3038634,0.0019154381
1953,1.3038565,0.0019086972
1954,1.3038496,0.0019042455
1954,1.3038427,0.0018998124
1954,1.3038356,0.0018930398
1955,1.3038285,0.0018884446
1955,1.303821,0.0018814653
1956,1.3038133,0.0018767565
1956,1.3038059,0.0018720236
1956,1.3037988,0.0018648859
1957,1.3037913,0.0018600859
1957,1.3037835,0.001852829
1957,1.3037755,0.0018479507
1958,1.303767,0.0018405691
1958,1.3037587,0.001835607
1958,1.3037509,0.0018306132
1959,1.3037429,0.0018230435
1959,1.3037343,0.0018179286
1960,1.3037257,0.0018102266
1960,1.3037165,0.001805095
1960,1.3037074,0.0017999932
1961,1.303698,0.0017926227
1961,1.3036885,0.0017878022
1961,1.3036784,0.0017806888
1962,1.3036684,0.0017759968
1962,1.3036596,0.0017712209
1963,1.3036509,0.0017640386
1963,1.3036415,0.001759233
1963,1.303632,0.0017520022
1964,1.3036221,0.0017472021
1964,1.3036121,0.0017399974
1964,1.3036023,0.0017351955
1965,1.3035924,0.0017303918
1965,1.3035823,0.0017231926
1966,1.3035721,0.0017183945
1966,1.3035616,0.0017111972
1966,1.3035509,0.0017064009
1967,1.3035406,0.0017016027
1967,1.3035304,0.0016944036
1967,1.3035199,0.0016896017
1968,1.303509,0.0016823988
1968,1.3034983,0.0016775969
1969,1.303488,0.0016727988
1969,1.3034775,0.0016655996
1969,1.3034667,0.0016608015
1970,1.3034559,0.0016536023
1970,1.3034449,0.0016488004
1970,1.3034338,0.0016415976
1971,1.3034225,0.0016367938
1971,1.3034112,0.0016319919
1972,1.3033997,0.0016247928
1972,1.3033883,0.0016199946
1972,1.3033761,0.0016127992
1973,1.3033639,0.0016080029
1973,1.3033528,0.0016032029
1973,1.3033419,0.001596
1974,1.3033302,0.0015911981
1974,1.3033184,0.0015839953
1975,1.3033066,0.0015791953
1975,1.3032948,0.0015743952
1975,1.3032828,0.0015671998
1976,1.3032706,0.0015624017
1976,1.3032582,0.0015552025
1976,1.3032456,0.0015504025
1977,1.3032334,0.0015456006
1977,1.3032214,0.0015383977
1978,1.3032092,0.0015335977
1978,1.3031967,0.0015263967
1978,1.3031839,0.0015215967
1979,1.3031707,0.0015143976
1979,1.3031579,0.0015095975
1979,1.3031455,0.0015047975
1980,1.3031329,0.0014975984
1980,1.30312,0.0014927983
1981,1.303107,0.0014855973
1981,1.3030938,0.0014807973
1981,1.3030805,0.0014759973
1982,1.3030672,0.0014687981
1982,1.3030538,0.0014639981
1982,1.3030396,0.0014567655
1983,1.3030254,0.0014519505
1983,1.3030123,0.0014471486
1984,1.3029993,0.0014399979
1984,1.3029855,0.0014353376
1984,1.3029716,0.0014284514
1985,1.3029575,0.0014239214
1985,1.3029433,0.0014171991
1986,1.3029293,0.001412699
1986,1.3029153,0.00140821
1986,1.3029011,0.0014014933
1987,1.3028868,0.0013970286
1987,1.3028722,0.0013903677
1987,1.3028575,0.0013859514
1988,1.3028431,0.0013815518
1988,1.3028289,0.0013749823
1989,1.3028144,0.0013706218
1989,1.3027995,0.0013641119
1989,1.3027849,0.0013597924
1990,1.3027706,0.0013554879
1990,1.3027562,0.0013490617
1990,1.3027415,0.0013447981
1991,1.3027267,0.0013384316
1991,1.3027118,0.001334209
1992,1.3026969,0.0013299994
1992,1.302682,0.0013237149
1992,1.302667,0.0013195444
1993,1.3026518,0.0013133157
1993,1.3026365,0.0013091844
1994,1.3026208,0.0013030227
1994,1.302605,0.0012989342
1994,1.3025902,0.0012948643
1995,1.3025755,0.0012887884
1995,1.3025602,0.0012847558
1995,1.3025448,0.0012787394
1996,1.3025295,0.0012747459
1996,1.3025142,0.0012707692
1997,1.3024987,0.0012648366
1997,1.3024831,0.001260899
1997,1.3024673,0.0012550261
1998,1.3024515,0.0012511294
1998,1.3024359,0.0012472607
1999,1.3024206,0.0012414996
1999,1.3024052,0.00123767
1999,1.3023896,0.0012319144
2000,1.3023738,0.001228027
2000,1.3023578,0.0012220871
2000,1.302342,0.0012180824
2001,1.3023265,0.0012140479
2001,1.3023109,0.0012079906
2002,1.302295,0.0012039822
2002,1.302279,0.0011979789
2002,1.3022629,0.0011939853
2003,1.3022467,0.0011899956
2003,1.3022304,0.001183996
2004,1.3022141,0.001179995
2004,1.3021972,0.0011739954
2004,1.3021803,0.0011699963
2005,1.3021643,0.0011659954
2005,1.3021484,0.0011599958
2005,1.3021319,0.0011559967
2006,1.3021154,0.0011499953
2006,1.3020984,0.0011459533
2007,1.3020814,0.0011399034
2007,1.3020642,0.0011359006
2007,1.3020471,0.0011319462
2008,1.3020296,0.0011262745
2008,1.3020121,0.0011226628
2009,1.3019944,0.0011174288
2009,1.3019767,0.0011140462
2009,1.3019593,0.001110673
2010,1.3019422,0.0011055954
2010,1.3019248,0.0011022352
2011,1.3019071,0.0010972321
2011,1.3018896,0.0010939408
2011,1.3018724,0.0010906942
2012,1.3018552,0.0010858811
2012,1.3018377,0.0010827128
2012,1.3018202,0.0010780208
2013,1.3018027,0.0010749344
2013,1.3017851,0.0010718778
2014,1.3017676,0.0010673534
2014,1.3017502,0.0010643769
2014,1.3017326,0.0010600388
2015,1.3017151,0.0010571759
2015,1.3016974,0.0010528769
2016,1.3016797,0.0010499768
2016,1.3016629,0.0010468997
2016,1.3016462,0.0010421351
2017,1.3016289,0.0010388698
2017,1.3016115,0.001033878
2018,1.301594,0.0010306276
2018,1.3015765,0.0010273848
2018,1.3015588,0.00102254
2019,1.3015411,0.0010193232
2019,1.3015233,0.0010144804
2020,1.3015053,0.0010112431
2020,1.3014875,0.0010080021
2020,1.3014699,0.0010031406
2021,1.3014522,0.00099989586
2021,1.3014342,0.0009950269
2022,1.301416,0.00099177845
2022,1.3013977,0.00098690391
2022,1.3013794,0.00098364241
2023,1.3013615,0.00098036975
2023,1.3013434,0.00097546913
2023,1.3013251,0.00097222067
2024,1.3013066,0.00096742623
2024,1.301288,0.00096431561
2025,1.3012694,0.00096125342
2025,1.3012508,0.00095673651
2025,1.3012321,0.00095376372
2026,1.3012131,0.00094926916
2026,1.3011941,0.00094628148
2027,1.3011758,0.00094330125
2027,1.3011576,0.00093884394
2027,1.3011389,0.00093589909
2028,1.3011203,0.00093150325
2028,1.3011014,0.00092859007
2029,1.3010824,0.00092424452
2029,1.3010636,0.00092136301
2029,1.3010447,0.00091849454
2030,1.3010257,0.00091421418
2030,1.3010067,0.00091137737
2031,1.3009875,0.0009071473
2031,1.3009682,0.00090434216
2031,1.3009491,0.00090155005
2032,1.3009301,0.00089738518
2032,1.300911,0.00089462474
2033,1.3008915,0.00089050457
2033,1.3008723,0.00088777393
2033,1.3008532,0.00088505633
2034,1.3008341,0.00088100322
2034,1.3008148,0.00087831914
2035,1.3007955,0.00087431818
2035,1.300776,0.00087166764
2035,1.3007566,0.00086903013
2036,1.3007371,0.00086509809
2036,1.3007177,0.00086249225
2037,1.300698,0.00085860491
2037,1.3006784,0.00085603073
2037,1.3006584,0.00085219368
2038,1.3006383,0.00084965117
2038,1.3006189,0.0008471217
2039,1.3005996,0.00084335171
2039,1.3005798,0.00084084645
2039,1.3005601,0.00083711743
2040,1.3005402,0.00083465129
2040,1.3005204,0.00083220564
2041,1.3005005,0.00082859956
2041,1.3004805,0.00082623586
2041,1.3004604,0.00082274154
2042,1.3004403,0.0008204449
2042,1.3004203,0.00081816129
2043,1.3004005,0.0008147601
2043,1.3003806,0.00081251375
2043,1.3003605,0.00080917217
2044,1.3003403,0.0008069668
2044,1.30032,0.00080369413
2045,1.3002999,0.00080153346
2045,1.3002799,0.00079938956
2045,1.3002599,0.00079620816
2046,1.3002398,0.00079411082
2046,1.3002197,0.00079099648
2047,1.3001995,0.00078894198
2047,1.3001793,0.00078690611
2047,1.3001592,0.00078392774
2048,1.3001391,0.0007819552
2048,1.3001188,0.00077898987
2049,1.3000986,0.0007769838
2049,1.3000789,0.00077485666
2049,1.3000593,0.00077155977
2050,1.3000392,0.00076929852
2050,1.3000192,0.00076583773
2051,1.299999,0.00076357648
2051,1.2999788,0.00076131709
2052,1.2999586,0.00075793266
2052,1.2999382,0.00075568072
2052,1.2999178,0.00075228512
2053,1.2998974,0.00075001083
2053,1.2998769,0.00074658915
2054,1.2998562,0.00074430369
2054,1.2998357,0.00074201077
2054,1.2998152,0.00073856302
2055,1.2997946,0.00073625706
2055,1.2997738,0.00073279068
2056,1.2997531,0.00073046796
2056,1.2997325,0.00072813779
2056,1.2997119,0.00072463974
2057,1.299691,0.0007223133
2057,1.2996701,0.00071885996
2058,1.299649,0.0007165987
2058,1.299628,0.0007143598
2058,1.299607,0.00071103685
2059,1.2995859,0.00070883892
2059,1.2995647,0.0007055141
2060,1.2995435,0.00070329942
2060,1.2995219,0.00069997646
2060,1.2995004,0.00069776177
2061,1.2994794,0.00069555454
2061,1.2994584,0.00069225021
2062,1.299437,0.00069005042
2062,1.2994156,0.00068675913
2063,1.2993942,0.00068456866
2063,1.2993727,0.00068238191
2063,1.2993512,0.00067910738
2064,1.2993296,0.00067692995
2064,1.2993078,0.00067364983
2065,1.2992859,0.00067146309
2065,1.2992641,0.00066928566
2065,1.2992424,0.00066605955
2066,1.2992205,0.00066396967
2066,1.2991984,0.00066095591
2067,1.2991763,0.00065900385
2067,1.2991541,0.00065614656
2067,1.299132,0.00065425597
2068,1.2991101,0.00065235794
2068,1.2990881,0.00064953417
2069,1.299066,0.00064766407
2069,1.2990439,0.00064488687
2070,1.2990217,0.00064306334
2070,1.2989995,0.00064125657
2070,1.2989772,0.00063857436
2071,1.2989549,0.00063680857
2071,1.2989324,0.00063418597
2072,1.2989098,0.00063245744
2072,1.2988877,0.00063074566
2072,1.2988656,0.00062820502
2073,1.2988433,0.00062654354
2073,1.298821,0.00062407926
2074,1.2987986,0.00062244758
2074,1.2987763,0.00062081963
2075,1.298754,0.00061834231
2075,1.2987316,0.00061666593
2075,1.2987091,0.00061413459
2076,1.2986866,0.00061244145
2076,1.298664,0.00060993247
2077,1.2986412,0.00060828216
2077,1.2986186,0.00060664304
2077,1.2985961,0.00060420483
2078,1.2985734,0.00060258806
2078,1.2985506,0.00060017407
2079,1.2985279,0.00059857406
2079,1.2985053,0.0005969815
2080,1.2984826,0.00059460662
2080,1.2984598,0.00059303455
2080,1.298437,0.00059069321
2081,1.2984141,0.00058914162
2081,1.2983913,0.00058759749
2082,1.2983684,0.00058530271
2082,1.2983455,0.00058378093
2082,1.2983224,0.0005815085
2083,1.2982994,0.0005799979
2083,1.2982762,0.00057771057
2084,1.298253,0.0005761832
2084,1.2982301,0.00057465211
2085,1.2982072,0.00057235919
2085,1.298184,0.000570843
2085,1.2981609,0.00056858175
2086,1.2981377,0.00056708045
2086,1.2981145,0.00056558475
2087,1.2980912,0.00056334957
2087,1.2980679,0.00056186505
2087,1.2980445,0.00055964664
2088,1.298021,0.00055817328
2088,1.2979976,0.00055670552
2089,1.2979743,0.00055451319
2089,1.2979509,0.0005530566
2090,1.2979274,0.00055088289
2090,1.2979038,0.00054943748
2090,1.2978801,0.00054728054
2091,1.2978564,0.00054584816
2091,1.2978329,0.00054442137
2092,1.2978094,0.00054229051
2092,1.2977857,0.0005408749
2093,1.297762,0.0005387608
2093,1.2977382,0.00053735636
2093,1.2977143,0.00053595752
2094,1.2976905,0.00053386949
2094,1.2976666,0.00053248182
2095,1.2976425,0.00053041242
2095,1.2976183,0.00052903779
2095,1.2975945,0.00052766874
2096,1.2975707,0.00052562356
2096,1.2975467,0.00052426569
2097,1.2975226,0.00052223727
2097,1.2974985,0.00052089244
2098,1.2974744,0.00051955134
2098,1.2974502,0.00051754899
2098,1.297426,0.00051622093
2099,1.2974017,0.00051423162
2099,1.2973773,0.00051291101
2100,1.2973529,0.00051094219
2100,1.2973284,0.00050964393
2101,1.2973039,0.00050836243
2101,1.2972795,0.00050647743
2101,1.297255,0.00050524063
2102,1.2972303,0.00050340965
2102,1.2972057,0.00050219893
2103,1.2971812,0.00050098822
2103,1.2971567,0.00049918704
2104,1.297132,0.00049799308
2104,1.2971074,0.00049621612
2104,1.2970826,0.00049504451
2105,1.2970578,0.00049388036
2105,1.2970331,0.00049214996
2106,1.2970083,0.0004910063
2106,1.2969833,0.0004893057
2107,1.2969584,0.00048818067
2107,1.2969333,0.00048650987
2107,1.2969082,0.00048540533
2108,1.2968834,0.00048431382
2108,1.2968585,0.00048268959
2109,1.2968335,0.00048161484
2109,1.2968084,0.00048000552
2110,1.2967834,0.00047892146
2110,1.2967583,0.00047783367
2110,1.2967332,0.00047619827
2111,1.296708,0.00047510676
2111,1.2966827,0.0004734844
2112,1.2966573,0.00047241524
2112,1.296632,0.00047135167
2113,1.2966068,0.00046976656
2113,1.2965814,0.00046871603
2113,1.2965559,0.00046714768
2114,1.2965305,0.00046610646
2114,1.2965051,0.00046507269
2115,1.2964796,0.00046352856
2115,1.2964541,0.0004625041
2116,1.2964285,0.0004609786
2116,1.2964029,0.00045996718
2116,1.2963773,0.00045845844
2117,1.2963515,0.0004574582
2117,1.2963258,0.00045646168
2118,1.2963,0.00045498088
2118,1.2962741,0.00045400113
2119,1.2962481,0.00045255944
2119,1.2962221,0.00045160949
2119,1.2961963,0.00045066886
2120,1.2961705,0.0004492756
2120,1.2961445,0.00044835173
2121,1.2961185,0.00044697709
2121,1.2960924,0.00044606812
2122,1.2960664,0.00044516474
2122,1.2960402,0.00044382177
2123,1.2960141,0.00044293702
2123,1.2959878,0.00044161826
2123,1.2959616,0.00044074841
2124,1.2959353,0.00043945387
2124,1.2959089,0.00043860078
2125,1.2958825,0.00043775141
2125,1.2958562,0.00043649226
2126,1.2958298,0.00043566152
2126,1.2958033,0.00043442845
2126,1.2957768,0.00043361261
2127,1.2957504,0.00043280236
2127,1.295724,0.00043158978
2128,1.2956974,0.00043077953
2128,1.2956708,0.00042956695
2129,1.2956442,0.00042876042
2129,1.2956175,0.00042795762
2129,1.2955908,0.00042676739
2130,1.2955641,0.0004259795
2130,1.2955372,0.00042480975
2131,1.2955104,0.00042403676
2131,1.2954834,0.00042288378
2132,1.2954564,0.00042212196
2132,1.2954296,0.00042136386
2133,1.2954027,0.00042023696
2133,1.2953757,0.0004194919
2133,1.2953487,0.00041838177
2134,1.2953216,0.00041764788
2134,1.2952945,0.00041691959
2135,1.2952674,0.00041583739
2135,1.2952402,0.00041512214
2136,1.2952129,0.0004140567
2136,1.2951856,0.00041335076
2137,1.2951583,0.00041264109
2137,1.2951311,0.0004115738
2137,1.2951037,0.0004108604
2138,1.2950763,0.00040979311
2138,1.2950488,0.0004090853
2139,1.2950214,0.00040838495
2139,1.2949939,0.00040733814
2140,1.2949664,0.0004066471
2140,1.2949388,0.0004056152
2140,1.2949112,0.00040492974
2141,1.2948835,0.00040390901
2141,1.2948557,0.00040323101
2142,1.294828,0.00040255859
2142,1.2948001,0.00040155277
2143,1.2947723,0.0004008878
2143,1.2947443,0.00039989501
2144,1.2947163,0.0003992375
2144,1.2946883,0.00039857998
2144,1.2946604,0.00039759837
2145,1.2946323,0.00039695203
2145,1.2946042,0.00039599836
2146,1.294576,0.00039538741
2146,1.2945478,0.00039479136
2147,1.2945196,0.00039392151
2147,1.2944913,0.00039335527
2148,1.2944629,0.00039251335
2148,1.2944346,0.00039195642
2148,1.2944061,0.0003911294
2149,1.2943777,0.00039058551
2149,1.2943492,0.00039004907
2150,1.2943207,0.00038925745
2150,1.2942921,0.00038873777
2151,1.2942635,0.0003879685
2151,1.2942349,0.00038746372
2152,1.2942062,0.00038696639
2152,1.2941776,0.00038623251
2152,1.2941488,0.00038575195
2153,1.2941201,0.00038504228
2153,1.2940912,0.00038457848
2154,1.2940624,0.00038412027
2154,1.2940335,0.00038344227
2155,1.2940046,0.00038299523
2155,1.2939755,0.00038232096
2156,1.2939465,0.00038187206
2156,1.2939175,0.00038142502
2157,1.2938885,0.00038076006
2157,1.2938594,0.00038032606
2157,1.2938302,0.00037968345
2158,1.293801,0.00037926249
2158,1.2937718,0.00037864037
2159,1.2937425,0.00037823059
2159,1.2937132,0.00037782639
2160,1.2936838,0.00037722848
2160,1.2936544,0.00037683547
2161,1.2936249,0.00037625432
2161,1.2935954,0.00037587434
2161,1.2935659,0.00037549809
2162,1.2935363,0.00037494302
2162,1.2935068,0.0003745798
2163,1.2934771,0.00037404895
2163,1.2934474,0.00037369877
2164,1.2934178,0.00037335046
2164,1.2933881,0.00037281774
2165,1.2933583,0.00037244894
2165,1.2933285,0.00037188455
2166,1.2932987,0.00037150458
2166,1.2932688,0.00037093274
2166,1.2932388,0.00037056021
2167,1.2932088,0.00037019141
2167,1.2931787,0.00036964193
2168,1.2931486,0.00036928058
2168,1.2931184,0.00036873668
2169,1.2930882,0.00036837533
2169,1.293058,0.00036801584
2170,1.2930277,0.0003674794
2170,1.2929974,0.00036712363
2171,1.292967,0.00036659464
2171,1.2929366,0.00036624447
2171,1.2929061,0.00036589429
2172,1.2928756,0.00036536716
2172,1.292845,0.00036501512
2173,1.2928143,0.0003644973
2173,1.2927836,0.00036416203
2174,1.2927528,0.00036370195
2174,1.292722,0.00036342256
2175,1.2926911,0.00036315992
2175,1.2926602,0.00036279298
2176,1.2926293,0.00036255457
2176,1.2925983,0.0003621988
2176,1.2925673,0.00036196597
2177,1.2925363,0.00036173873
2177,1.2925052,0.00036140904
2178,1.2924741,0.00036119856
2178,1.2924429,0.00036089681
2179,1.2924117,0.0003607031
2179,1.2923804,0.00036051683
2180,1.2923491,0.00036024675
2180,1.2923178,0.00036007538
2181,1.2922863,0.00035983138
2181,1.2922549,0.00035967678
2181,1.2922235,0.00035953522
2182,1.292192,0.00035933405
2182,1.2921605,0.0003592018
2183,1.292129,0.00035899691
2183,1.2920974,0.00035882369
2184,1.2920658,0.00035853684
2184,1.2920342,0.00035832822
2185,1.2920024,0.00035811029
2185,1.2919706,0.00035779551
2186,1.2919388,0.00035759248
2186,1.2919069,0.00035729259
2187,1.2918749,0.00035709701
2187,1.2918429,0.00035689957
2187,1.2918109,0.00035659969
2188,1.2917788,0.00035639852
2188,1.2917466,0.00035609864
2189,1.2917144,0.00035589933
2189,1.2916821,0.00035569817
2190,1.2916498,0.00035539828
2190,1.2916175,0.00035519898
2191,1.291585,0.00035489537
2191,1.2915525,0.00035468675
2192,1.29152,0.00035437942
2192,1.2914873,0.00035418198
2193,1.2914546,0.00035399944
2193,1.2914218,0.00035379082
2193,1.2913889,0.00035367906
2194,1.291356,0.00035354681
2194,1.2913231,0.0003534779
2195,1.2912902,0.0003533978
2195,1.2912572,0.00035328418
2196,1.2912242,0.00035321526
2196,1.2911911,0.00035311654
2197,1.2911579,0.00035306439
2197,1.2911248,0.00035301782
2198,1.2910915,0.00035296008
2198,1.2910582,0.00035293028
2199,1.2910249,0.00035289675
2199,1.2909915,0.00035288185
2200,1.2909581,0.00035287254
2200,1.2909246,0.0003528744
2200,1.2908911,0.00035288557
2201,1.2908576,0.0003529191
2201,1.290824,0.00035294518
2202,1.2907904,0.00035298616
2202,1.2907567,0.0003529992
2203,1.290723,0.00035299547
2203,1.2906893,0.00035297126
2204,1.2906554,0.00035294704
2204,1.2906216,0.00035291165
2205,1.2905876,0.00035289861
2205,1.2905536,0.00035288744
2206,1.2905195,0.00035287999
2206,1.2904854,0.00035287812
2207,1.2904512,0.0003528744
2207,1.290417,0.0003528744
2207,1.2903827,0.0003528744
2208,1.2903484,0.00035287812
2208,1.290314,0.00035288371
2209,1.2902795,0.00035289302
2209,1.290245,0.00035290234
2210,1.2902105,0.0003529191
2210,1.2901758,0.00035292655
2211,1.2901411,0.00035293773
2211,1.2901063,0.00035296008
2212,1.2900715,0.00035298429
2212,1.2900366,0.00035304762
2213,1.2900016,0.00035310909
2213,1.2899666,0.0003531836
2214,1.2899316,0.00035331212
2214,1.2898965,0.00035340339
2215,1.2898613,0.00035354123
2215,1.2898261,0.00035363808
2216,1.2897908,0.0003537368
2216,1.2897555,0.00035389513
2216,1.2897201,0.00035400689
2217,1.2896846,0.0003541857
2217,1.2896491,0.0003543105
2218,1.2896136,0.00035450608
2218,1.2895779,0.00035464391
2219,1.2895423,0.00035478547
2219,1.2895065,0.00035500713
2220,1.2894708,0.00035515986
2220,1.2894349,0.00035540015
2221,1.2893991,0.00035556406
2221,1.289363,0.00035573542
2222,1.289327,0.00035599992
2222,1.2892909,0.00035618246
2223,1.2892548,0.00035646558
2223,1.2892186,0.00035665929
2224,1.2891823,0.0003568586
2224,1.289146,0.00035716593
2225,1.2891097,0.00035737827
2225,1.2890732,0.00035770424
2226,1.2890368,0.00035792589
2226,1.2890002,0.000358155
2226,1.2889636,0.00035850517
2227,1.2889269,0.00035874546
2227,1.2888902,0.00035911426
2228,1.2888534,0.00035936572
2228,1.2888166,0.00035975315
2229,1.2887798,0.00036001764
2229,1.2887428,0.00036028586
2230,1.2887057,0.00036069937
2230,1.2886687,0.00036098249
2231,1.2886315,0.00036141463
2231,1.2885944,0.00036170706
2232,1.2885572,0.0003619995
2232,1.2885198,0.00036243163
2233,1.2884825,0.00036271848
2233,1.2884451,0.00036315061
2234,1.2884077,0.00036343932
2234,1.2883701,0.00036373548
2235,1.2883324,0.00036418624
2235,1.2882947,0.00036449358
2236,1.288257,0.00036495924
2236,1.2882192,0.00036527216
2237,1.2881813,0.000365749
2237,1.2881434,0.00036607124
2238,1.2881054,0.00036639534
2238,1.2880673,0.00036688894
2238,1.2880292,0.00036722049
2239,1.287991,0.00036772713
2239,1.2879528,0.00036806799
2240,1.2879145,0.00036841072
2240,1.2878761,0.00036893412
2241,1.2878376,0.00036928616
2241,1.2877991,0.00036981888
2242,1.2877605,0.00037017837
2242,1.2877219,0.00037054159
2243,1.2876831,0.00037109293
2243,1.2876443,0.0003714636
2244,1.2876055,0.00037202798
2244,1.2875665,0.0003724061
2245,1.2875276,0.00037298165
2245,1.2874885,0.00037336908
2246,1.2874494,0.00037375838
2246,1.2874102,0.0003743507
2247,1.287371,0.0003747493
2247,1.2873316,0.0003753528
2248,1.2872923,0.00037575886
2248,1.2872528,0.00037616864
2249,1.2872132,0.0003767889
2249,1.2871735,0.00037720613
2250,1.2871339,0.00037783943
2250,1.287094,0.00037825853
2251,1.2870542,0.00037868135
2251,1.2870142,0.00037932768
2252,1.2869742,0.00037977286
2252,1.2869341,0.00038048252
2253,1.286894,0.00038098544
2253,1.2868537,0.00038150512
2254,1.2868133,0.00038231723
2254,1.286773,0.00038286671
2255,1.2867325,0.00038369559
2255,1.2866921,0.00038425438
2256,1.2866515,0.00038510747
2256,1.2866109,0.00038568489
2257,1.2865702,0.00038627349
2257,1.2865294,0.00038717128
2257,1.2864885,0.00038777851
2258,1.2864476,0.00038870424
2258,1.2864067,0.00038933381
2259,1.2863657,0.00038996898
2259,1.2863245,0.00039093941
2260,1.2862834,0.00039159507
2260,1.2862423,0.00039260276
2261,1.2862011,0.00039328262
2261,1.2861596,0.00039396808
2262,1.2861182,0.00039499439
2262,1.2860767,0.00039565563
2263,1.2860351,0.00039663538
2263,1.2859935,0.000397278
2264,1.2859519,0.00039823912
2264,1.2859101,0.00039889291
2265,1.2858682,0.00039955229
2265,1.2858263,0.0004005488
2266,1.2857843,0.00040121935
2266,1.2857422,0.00040223077
2267,1.2857001,0.00040290877
2267,1.2856579,0.00040358864
2268,1.2856155,0.00040461496
2268,1.2855731,0.00040530227
2269,1.2855307,0.00040633976
2269,1.2854882,0.00040703639
2270,1.2854455,0.00040773489
2270,1.2854027,0.00040878728
2271,1.2853599,0.00040948763
2271,1.285317,0.00041054934
2272,1.2852739,0.00041126832
2272,1.2852309,0.00041237846
2273,1.2851877,0.00041315146
2273,1.2851445,0.00041394308
2274,1.2851012,0.00041516498
2274,1.2850578,0.00041599758
2275,1.2850145,0.00041723996
2275,1.2849711,0.00041807815
2276,1.2849274,0.00041892193
2276,1.2848836,0.00042019784
2277,1.2848398,0.00042106211
2277,1.284796,0.00042237341
2278,1.284752,0.00042325631
2278,1.284708,0.00042414851
2279,1.284664,0.0004255008
2279,1.2846198,0.00042641349
2280,1.2845756,0.00042779557
2280,1.2845314,0.00042872876
2281,1.284487,0.0004296694
2281,1.2844425,0.00043109804
2282,1.2843979,0.00043205917
2282,1.2843534,0.00043351017
2283,1.2843087,0.00043448247
2283,1.2842641,0.00043594092
2284,1.2842193,0.00043691695
2284,1.2841743,0.0004378967
2285,1.2841292,0.0004393775
2285,1.2840841,0.00044037588
2286,1.284039,0.00044188462
2286,1.2839937,0.00044289976
2287,1.2839484,0.00044392049
2287,1.283903,0.00044546463
2288,1.2838576,0.00044650212
2288,1.2838121,0.0004480686
2289,1.2837666,0.00044912286
2289,1.2837207,0.00045018271
2290,1.2836748,0.00045178272
2290,1.2836288,0.0004528556
2291,1.2835828,0.00045447983
2291,1.2835367,0.0004555732
2292,1.2834907,0.00045722537
2292,1.2834444,0.00045833364
2293,1.2833981,0.00045944378
2293,1.2833517,0.00046111085
2294,1.2833052,0.00046222098
2294,1.2832587,0.00046388805
2295,1.2832122,0.00046500191
2295,1.2831654,0.00046612136
2296,1.2831185,0.00046781637
2296,1.2830716,0.00046895258
2297,1.2830247,0.00047066621
2298,1.2829776,0.00047181547
2298,1.2829303,0.00047296844
2299,1.2828829,0.00047470629
2299,1.2828355,0.00047587045
2300,1.2827881,0.00047762692
2300,1.2827405,0.00047880225
2301,1.2826929,0.00047998503
2301,1.2826451,0.00048176572
2302,1.2825972,0.00048295967
2302,1.2825493,0.00048474967
2303,1.2825013,0.00048595108
2303,1.2824533,0.00048776902
2304,1.2824053,0.00048900023
2304,1.2823567,0.00049026497
2305,1.2823081,0.00049220212
2305,1.2822595,0.00049351715
2306,1.2822109,0.00049552135
2306,1.2821621,0.00049685873
2307,1.2821133,0.00049820356
2307,1.2820644,0.00050023384
2308,1.2820155,0.0005015973
2308,1.2819665,0.00050366297
2309,1.2819174,0.00050505251
2309,1.2818681,0.00050645322
2310,1.2818187,0.00050857104
2310,1.2817692,0.00050999597
2311,1.2817196,0.00051214918
2311,1.2816701,0.00051359646
2312,1.2816205,0.00051578693
2312,1.2815707,0.00051726028
2313,1.2815207,0.00051874295
2313,1.2814706,0.00052098557
2314,1.2814205,0.00052249059
2314,1.2813704,0.00052475557
2315,1.2813201,0.00052626804
2315,1.2812698,0.00052778423
2316,1.2812194,0.00053006597
2317,1.2811689,0.0005315952
2317,1.2811184,0.00053391233
2318,1.2810679,0.00053546764
2318,1.2810168,0.00053703226
2319,1.2809657,0.00053939596
2319,1.2809145,0.00054097921
2320,1.2808634,0.00054337084
2320,1.2808121,0.00054497458
2321,1.2807609,0.00054739602
2321,1.2807094,0.00054901838
2322,1.2806578,0.00055065192
2322,1.2806062,0.00055311434
2323,1.2805545,0.00055476651
2323,1.2805028,0.00055726431
2324,1.280451,0.00055893883
2324,1.280399,0.0005606208
2325,1.2803468,0.00056315213
2325,1.2802946,0.0005648341
2326,1.2802424,0.00056734495
2326,1.28019,0.00056901574
2327,1.2801373,0.00057068653
2327,1.2800846,0.00057319738
2328,1.2800317,0.00057488494
2328,1.2799789,0.00057742745
2329,1.2799259,0.00057912804
2330,1.2798728,0.00058083609
2330,1.2798195,0.00058340468
2331,1.2797662,0.00058512203
2331,1.2797127,0.00058770739
2332,1.2796593,0.00058943592
2332,1.2796058,0.0005920399
2333,1.2795522,0.00059378147
2333,1.279498,0.00059552863
2334,1.2794437,0.00059815682
2334,1.2793893,0.0005998686
2335,1.2793349,0.00060245767
2335,1.2792801,0.00060422532
2336,1.2792251,0.00060605258
2336,1.27917,0.00060909241
2337,1.2791148,0.00061131641
2337,1.2790597,0.00061486661
2338,1.2790046,0.00061735697
2338,1.2789493,0.0006198585
2339,1.2788938,0.00062359124
2340,1.2788384,0.0006261114
2340,1.278783,0.00062993914
2341,1.2787277,0.00063254312
2341,1.2786724,0.0006365478
2342,1.2786169,0.00063926727
2342,1.278561,0.00064202771
2343,1.2785052,0.00064624287
2343,1.2784495,0.00064910389
2344,1.2783937,0.00065346807
2344,1.2783381,0.00065642782
2345,1.2782824,0.00065942854
2345,1.2782269,0.00066418201
2346,1.2781714,0.00066737086
2346,1.2781168,0.00067205913
2347,1.2780622,0.00067502819
2347,1.278007,0.00067746267
2348,1.2779518,0.0006806124
2349,1.2778963,0.00068241172
2349,1.2778407,0.00068477169
2350,1.2777847,0.00068650208
2350,1.2777286,0.00068906322
2351,1.2776722,0.00069075264
2351,1.2776157,0.0006924253
2352,1.277559,0.00069479458
2352,1.2775022,0.00069628656
2353,1.2774453,0.00069842674
2353,1.2773882,0.00069979019
2354,1.2773308,0.0007011015
2354,1.2772731,0.00070297346
2355,1.2772153,0.0007041581
2355,1.2771572,0.00070583634
2356,1.2770989,0.00070683658
2357,1.27704,0.00070772506
2357,1.2769809,0.00070903637
2358,1.276921,0.00070996583
2358,1.276861,0.0007117521
2359,1.2768006,0.00071342103
2359,1.2767401,0.00071533024
2360,1.2766797,0.00071858242
2360,1.2766192,0.00072094053
2361,1.276559,0.00072418898
2361,1.2764988,0.00072636455
2362,1.2764385,0.0007296335
2362,1.2763782,0.0007318221
2363,1.2763171,0.00073410943
2364,1.2762559,0.00073760934
2364,1.2761948,0.00073998794
2365,1.2761337,0.00074362382
2365,1.2760724,0.00074609369
2366,1.276011,0.00074860267
2366,1.2759495,0.00075243227
2367,1.275888,0.00075503066
2367,1.2758265,0.00075903349
2368,1.275765,0.00076175667
2368,1.2757033,0.00076450035
2369,1.2756413,0.0007686168
2369,1.2755794,0.00077128969
2370,1.2755176,0.00077513047
2371,1.2754556,0.00077763014
2371,1.2753936,0.00078130886
2372,1.2753313,0.00078378245
2372,1.2752685,0.00078630634
2373,1.2752056,0.00079012662
2373,1.2751426,0.00079269707
2374,1.2750797,0.0007965751
2374,1.2750165,0.00079916045
2375,1.2749533,0.00080175512
2375,1.2748899,0.00080566667
2376,1.2748265,0.00080828741
2377,1.2747631,0.00081223249
2377,1.2746997,0.00081487559
2378,1.2746353,0.00081752986
2378,1.2745709,0.00082152709
2379,1.2745065,0.00082420558
2379,1.2744422,0.00082824193
2380,1.2743775,0.00083094276
2380,1.2743128,0.00083365105
2381,1.2742479,0.00083771721
2381,1.274183,0.00084043108
2382,1.2741179,0.00084451213
2383,1.2740528,0.00084723905
2383,1.2739875,0.00085134618
2384,1.2739222,0.00085409917
2384,1.2738565,0.00085685775
2385,1.2737905,0.00086101517
2385,1.2737245,0.0008637961
2386,1.2736586,0.0008679796
2386,1.2735924,0.00087078102
2387,1.2735256,0.00087358803
2387,1.2734589,0.00087781623
2388,1.273392,0.00088064373
2389,1.2733251,0.00088489987
2389,1.273258,0.00088774785
2390,1.2731908,0.00089060515
2390,1.2731233,0.0008948911
2391,1.2730557,0.00089776143
2391,1.272988,0.00090209208
2392,1.2729203,0.00090500526
2392,1.2728525,0.00090945512
2393,1.2727847,0.0009124577
2394,1.2727159,0.00091548823
2394,1.272647,0.00092007779
2395,1.2725782,0.00092314184
2395,1.2725094,0.0009277612
2396,1.2724403,0.00093085505
2396,1.2723711,0.00093396008
2397,1.2723017,0.00093865022
2397,1.2722323,0.00094179623
2398,1.2721628,0.00094654039
2399,1.2720933,0.00094972178
2399,1.2720233,0.00095291808
2400,1.2719529,0.00095774047
2400,1.2718825,0.00096097402
2401,1.2718121,0.00096585043
2401,1.2717416,0.00096912123
2402,1.2716712,0.00097405724
2402,1.2716004,0.00097736157
2403,1.2715291,0.00098067895
2404,1.2714576,0.00098566152
2404,1.2713862,0.00098898262
2405,1.2713147,0.00099397078
2405,1.2712429,0.00099730305
2406,1.2711712,0.0010006409
2406,1.271099,0.001005685
2407,1.2710269,0.0010090619
2407,1.2709549,0.0010141507
2408,1.2708829,0.0010175593
2409,1.2708095,0.0010209773
2409,1.2707362,0.0010261238
2410,1.2706629,0.0010295697
2410,1.2705896,0.001034759
2411,1.270516,0.0010382328
2411,1.2704422,0.0010417178
2412,1.2703683,0.0010469649
2412,1.2702942,0.0010504778
2413,1.27022,0.0010557547
2414,1.2701456,0.0010592826
2414,1.2700711,0.0010646097
2415,1.2699966,0.0010681953
2415,1.2699215,0.0010718368
2416,1.269846,0.0010774173
2416,1.2697706,0.0010811947
2417,1.2696952,0.001086941
2418,1.2696196,0.0010907948
2418,1.2695433,0.0010946561
2419,1.269467,0.0011004806
2419,1.2693906,0.0011043865
2420,1.2693141,0.0011102874
2420,1.2692375,0.001114253
2421,1.2691608,0.0011182427
2421,1.2690837,0.0011242665
2422,1.2690066,0.0011283103
2423,1.2689294,0.0011344198
2423,1.2688522,0.0011385195
2424,1.2687751,0.0011447128
2424,1.2686979,0.0011488702
2425,1.2686195,0.0011530798
2425,1.2685409,0.0011594258
2426,1.2684626,0.0011636633
2427,1.2683844,0.0011699907
2427,1.2683058,0.0011740867
2428,1.2682271,0.0011781286
2428,1.2681482,0.001184104
2429,1.2680692,0.0011880435
2429,1.26799,0.0011939891
2430,1.2679107,0.0011979807
2431,1.2678308,0.0012019817
2431,1.2677504,0.0012079962
2432,1.2676701,0.0012120046
2432,1.2675899,0.0012180042
2433,1.2675092,0.0012220033
2433,1.2674278,0.0012260042
2434,1.2673464,0.0012320038
2435,1.2672647,0.0012360029
2435,1.267183,0.0012420025
2436,1.267101,0.0012459997
2436,1.2670188,0.0012519676
2437,1.2669362,0.0012559053
2437,1.2668534,0.0012598578
2438,1.26677,0.0012658779
2439,1.2666865,0.0012699999
2439,1.266603,0.0012766961
2440,1.2665195,0.001281362
2440,1.2664345,0.0012861732
2441,1.2663494,0.0012936052
2441,1.2662647,0.001298504
2442,1.26618,0.0013059098
2443,1.2660949,0.0013108831
2443,1.2660097,0.0013158862
2444,1.2659242,0.0013235025
2444,1.2658387,0.0013286546
2445,1.265753,0.0013364721
2445,1.2656672,0.0013417453
2446,1.2655814,0.0013497435
2447,1.2654955,0.0013551358
2447,1.265409,0.0013605747
2448,1.265322,0.0013688244
2448,1.2652351,0.0013743844
2449,1.2651485,0.0013828147
2450,1.2650613,0.0013884958
2450,1.2649733,0.0013942234
2451,1.2648853,0.0014029052
2451,1.2647973,0.0014087539
2452,1.2647093,0.0014176145
2452,1.2646211,0.0014235824
2453,1.2645328,0.0014295988
2454,1.264444,0.0014387127
2454,1.2643553,0.0014448483
2455,1.2642666,0.0014541429
2455,1.2641778,0.0014603976
2456,1.2640894,0.0014698729
2456,1.264001,0.0014762487
2457,1.2639107,0.001482673
2458,1.2638202,0.0014923979
2458,1.2637301,0.0014989432
2459,1.2636402,0.0015088487
2459,1.2635499,0.0015155133
2460,1.2634594,0.0015222244
2461,1.2633691,0.0015324671
2461,1.2632788,0.0015393756
2462,1.2631889,0.001549745
2462,1.2630992,0.0015566032
2463,1.2630088,0.0015632492
2463,1.2629179,0.0015727486
2464,1.2628271,0.0015788823
2465,1.2627363,0.0015878491
2465,1.2626449,0.0015938282
2466,1.2625525,0.0015998948
2466,1.2624601,0.0016090106
2467,1.2623677,0.0016151015
2468,1.2622751,0.0016242135
2468,1.2621824,0.0016302392
2469,1.2620895,0.0016392469
2469,1.2619964,0.0016452335
2470,1.2619032,0.0016512033
2471,1.2618095,0.0016601253
2471,1.2617158,0.0016660541
2472,1.2616223,0.0016749147
2472,1.2615289,0.0016808026
2473,1.2614332,0.0016866326
2473,1.2613374,0.0016953591
2474,1.2612417,0.0017011873
2475,1.261146,0.0017100032
2475,1.2610497,0.0017160773
2476,1.2609532,0.0017222427
2476,1.2608567,0.0017316528
2477,1.2607601,0.00173801
2478,1.2606634,0.0017475169
2478,1.2605666,0.0017538331
2479,1.2604698,0.001763314
2479,1.260373,0.0017696396
2480,1.2602755,0.0017759874
2481,1.2601774,0.0017855577
2481,1.2600795,0.0017919578
2482,1.2599819,0.0018015876
2482,1.2598837,0.0018080268
2483,1.2597846,0.0018144846
2484,1.2596856,0.0018242002
2484,1.2595866,0.0018306971
2485,1.2594877,0.0018405132
2485,1.2593888,0.001847133
2486,1.2592899,0.0018537473
2487,1.259191,0.0018635783
2487,1.2590921,0.0018700082
2488,1.2589934,0.0018789954
2488,1.2588947,0.001884738
2489,1.2587959,0.0018930286
2490,1.2586972,0.0018983912
2490,1.2585967,0.0019038785
2491,1.2584961,0.001912063
2491,1.2583967,0.0019174907
2492,1.2582976,0.0019255877
2493,1.258198,0.0019282866
2493,1.2580982,0.0019309837
2494,1.2579967,0.0019336827
2494,1.2578945,0.0019363817
2495,1.2577914,0.0019390807
2496,1.2576877,0.0019417778
2496,1.2575835,0.0019444767
2497,1.2574788,0.0019471757
2497,1.2573737,0.0019498728
2498,1.2572679,0.0019516908
2499,1.2571613,0.0019535087
2499,1.2570534,0.0019553266
2500,1.2569453,0.0019583367
2500,1.2568368,0.0019613449
2501,1.256728,0.0019643549
2502,1.2566188,0.0019673631
2502,1.2565094,0.0019703731
2503,1.2563993,0.0019733831
2503,1.2562891,0.0019763913
2504,1.2561781,0.0019794013
2505,1.2560671,0.0019824095
2505,1.2559552,0.0019854195
2506,1.2558434,0.0019884296
2506,1.2557307,0.0019914377
2507,1.2556179,0.0019944478
2508,1.2555044,0.001997456
2508,1.2553907,0.002000466
2509,1.2552764,0.002003476
2509,1.2551618,0.0020064842
2510,1.2550466,0.0020094942
2511,1.2549311,0.0020125043
2511,1.254815,0.0020155124
2512,1.2546986,0.0020185225
2512,1.2545814,0.0020215306
2513,1.2544638,0.0020245407
2514,1.2543461,0.0020281095
2514,1.2542281,0.0020321831
2515,1.2541096,0.0020347741
2515,1.2539904,0.0020382162
2516,1.2538712,0.0020436794
2517,1.2537518,0.0020451155
2517,1.2536325,0.0020484552
2518,1.2535131,0.0020533074
2519,1.2533931,0.0020525772
2519,1.2532707,0.0020561945
2520,1.2531483,0.002061259
2520,1.2530259,0.0020625852
2521,1.2529035,0.0020661987
2522,1.2527803,0.0020688213
2522,1.2526571,0.0020725038
2523,1.2525336,0.0020750202
2523,1.2524101,0.002076
2524,1.2522848,0.0020787753
2525,1.2521593,0.0020801071
2525,1.2520329,0.0020826589
2526,1.2519063,0.0020880848
2527,1.2517801,0.0020896941
2527,1.2516539,0.0020897724
2528,1.2515256,0.0020920988
2528,1.2513964,0.0020900071
2529,1.2512668,0.0020946208
2530,1.251137,0.002097778
2530,1.2510084,0.0020992104
2531,1.2508807,0.0021054782
2531,1.2507486,0.0020962041
2532,1.2506118,0.0020958297
2533,1.2504772,0.0021057185
2533,1.250346,0.0021075122
2534,1.2502137,0.0021090712
2535,1.2500791,0.002108233
2535,1.2499444,0.0021101348
2536,1.2498094,0.0021125246
2536,1.249674,0.0021115039
2537,1.2495367,0.0021136198
2538,1.2493992,0.0021154433
2538,1.2492604,0.0021155961
2539,1.2491216,0.002118066
2540,1.2489825,0.0021196511
2540,1.2488434,0.0021206029
2541,1.2487031,0.0021223724
2541,1.2485627,0.0021231882
2542,1.2484212,0.002124656
2543,1.2482796,0.0021248721
2543,1.2481362,0.0021252744
2544,1.2479925,0.0021270812
2545,1.2478478,0.0021271072
2545,1.2477027,0.0021294747
2546,1.2475572,0.0021312609
2546,1.2474115,0.0021299254
2547,1.2472646,0.0021318402
2548,1.2471167,0.0021321215
2548,1.2469685,0.0021332595
2549,1.2468199,0.0021357965
2550,1.2466705,0.002134433
2550,1.2465198,0.0021360815
2551,1.2463683,0.0021371599
2551,1.2462155,0.0021361709
2552,1.2460627,0.0021396652
2553,1.2459098,0.0021402948
2553,1.2457563,0.0021388028
2554,1.2456008,0.0021416172
2555,1.2454452,0.0021434259
2555,1.2452888,0.0021439083
2556,1.2451323,0.0021445826
2556,1.2449731,0.0021448042
2557,1.2448139,0.0021462515
2558,1.244655,0.0021493584
2558,1.2444962,0.0021499321
2559,1.2443335,0.0021492038
2560,1.2441706,0.0021516401
2560,1.2440077,0.0021542367
2561,1.2438449,0.0021574516
2561,1.2436809,0.0021589063
2562,1.2435165,0.0021593515
2563,1.2433513,0.002162518
2563,1.2431857,0.0021641571
2564,1.2430181,0.0021643452
2565,1.2428494,0.0021660868
2565,1.2426806,0.0021692365
2566,1.242512,0.0021720938
2567,1.2423414,0.0021717884
2567,1.2421686,0.0021720137
2568,1.2419953,0.0021753646
2568,1.2418214,0.0021785479
2569,1.2416474,0.0021832697
2570,1.2414733,0.0021856297
2570,1.2412986,0.0021859985
2571,1.241122,0.0021906141
2572,1.2409449,0.0021926984
2572,1.2407657,0.0021946225
2573,1.2405864,0.0021990687
2574,1.2404063,0.0022016335
2574,1.2402261,0.002204366
2575,1.2400433,0.0022071227
2575,1.2398604,0.0022100993
2576,1.2396756,0.002213845
2577,1.2394906,0.0022203624
2577,1.2393057,0.0022245236
2578,1.2391209,0.0022253431
2579,1.2389333,0.0022301711
2579,1.2387451,0.0022344459
2580,1.2385553,0.0022379309
2581,1.2383649,0.00224174
2581,1.2381729,0.0022458714
2582,1.23798,0.0022507962
2583,1.2377868,0.0022561867
2583,1.2375935,0.0022638571
2584,1.2373986,0.002267547
2584,1.2372021,0.0022705682
2585,1.2370047,0.0022776946
2586,1.2368059,0.0022820663
2586,1.2366073,0.002289189
2587,1.2364087,0.0022974964
2588,1.2362087,0.002299685
2588,1.2360053,0.0023056939
2589,1.2358019,0.0023145769
2590,1.2355982,0.0023198761
2590,1.235394,0.0023256317
2591,1.2351864,0.0023313574
2592,1.2349787,0.0023393724
2592,1.2347696,0.0023467913
2593,1.2345605,0.0023522731
2594,1.2343519,0.0023647174
2594,1.2341433,0.0023715887
2595,1.2339289,0.0023746192
2595,1.233714,0.0023865886
2596,1.2334987,0.0023933034
2597,1.2332833,0.002398774
2597,1.2330661,0.0024101157
2598,1.2328483,0.0024176706
2599,1.2326293,0.0024271104
2599,1.2324097,0.0024385117
2600,1.2321881,0.0024450216
2601,1.2319652,0.0024542157
2601,1.2317415,0.0024651662
2602,1.2315172,0.0024735257
2603,1.2312909,0.0024816692
2603,1.2310624,0.0024925582
2604,1.2308335,0.0025040954
2605,1.2306039,0.0025146082
2605,1.2303735,0.0025271215
2606,1.2301414,0.0025359001
2607,1.2299088,0.0025460273
2607,1.2296743,0.0025588628
2608,1.229439,0.0025681201
2609,1.2291997,0.0025786459
2609,1.2289603,0.0025913306
2610,1.2287198,0.0026048254
2611,1.2284793,0.0026179105
2611,1.2282358,0.0026304312
2612,1.2279924,0.0026439279
2612,1.2277483,0.0026591457
2613,1.2275042,0.0026714634
2614,1.2272558,0.0026835538
2614,1.2270068,0.0026956946
2615,1.2267551,0.0027091671
2616,1.2265028,0.0027285013
2616,1.2262501,0.002742406
2617,1.2259971,0.0027540382
2618,1.2257408,0.0027693287
2618,1.2254827,0.0027826279
2619,1.225224,0.0027987137
2620,1.2249649,0.0028184503
2620,1.2247028,0.0028298311
2621,1.2244378,0.0028436352
2622,1.2241724,0.0028638169
2622,1.2239064,0.0028791241
2623,1.2236387,0.0028970931
2624,1.2233682,0.0029119961
2624,1.2230973,0.0029305965
2625,1.2228255,0.0029507671
2626,1.2225527,0.0029654689
2626,1.2222762,0.002985144
2627,1.2219995,0.0030041952
2628,1.2217217,0.0030235182
2628,1.2214434,0.0030391645
2629,1.2211584,0.0030567739
2630,1.2208734,0.0030803923
2630,1.2205881,0.0030990057
2631,1.2203027,0.0031185001
2632,1.2200135,0.0031385838
2632,1.2197239,0.0031564917
2633,1.2194317,0.0031785568
2634,1.2191389,0.0031994606
2634,1.218842,0.0032166361
2635,1.2185439,0.003239961
2636,1.2182439,0.0032609915
2636,1.2179429,0.0032779388
2637,1.2176386,0.0032997114
2638,1.2173322,0.0033222682
2638,1.2170241,0.003343516
2639,1.2167145,0.0033672963
2640,1.2164025,0.003388656
2640,1.2160876,0.0034096971
2641,1.2157719,0.0034355965
2642,1.2154548,0.0034585287
2642,1.2151358,0.0034811274
2643,1.2148131,0.0035029048
2644,1.2144888,0.0035236725
2644,1.21416,0.0035489786
2645,1.213831,0.0035754261
2646,1.2135007,0.0035997636
2646,1.2131696,0.0036205454
2647,1.2128301,0.0036426611
2648,1.2124905,0.0036685603
2649,1.2121482,0.0036938455
2649,1.2118059,0.0037186744
2650,1.2114569,0.0037419417
2651,1.2111075,0.0037648601
2651,1.2107538,0.0037927198
2652,1.2103995,0.0038196557
2653,1.2100401,0.0038436236
2653,1.2096795,0.0038714419
2654,1.2093147,0.0038971879
2655,1.2089482,0.0039227173
2655,1.2085785,0.0039511816
2656,1.2082069,0.0039770267
2657,1.2078288,0.0039998332
2657,1.207446,0.0040253194
2658,1.2070608,0.0040571514
2659,1.2066731,0.0040835233
2659,1.2062821,0.0041111948
2660,1.2058866,0.004142973
2661,1.2054882,0.0041730517
2661,1.2050845,0.0041997584
2662,1.2046782,0.0042282085
2663,1.2042653,0.004262199
2663,1.2038507,0.0042933947
2664,1.2034302,0.0043279552
2665,1.2030086,0.0043626656
2666,1.20258,0.0043959222
2666,1.2021506,0.0044321624
2667,1.2017103,0.0044633274
2668,1.20127,0.0044990808
2668,1.2008156,0.004534196
2669,1.200361,0.0045786846
2670,1.1999061,0.0046278826
2670,1.1994513,0.0046654831
2671,1.1989836,0.0047077772
2672,1.1985136,0.0047530892
2672,1.1980324,0.0047934199
2673,1.1975479,0.0048418949
2674,1.1970541,0.0048888101
2674,1.1965562,0.0049465636
2675,1.1960548,0.0050074673
2676,1.1955513,0.0050631563
2677,1.1950414,0.005124364
2677,1.1945263,0.0051850705
2678,1.1940004,0.0052408284
2679,1.1934623,0.0053013229
2679,1.1929187,0.0053660671
2680,1.1923666,0.0054557923
2681,1.1918132,0.0055431785
2681,1.1912574,0.0056280579
2682,1.1906986,0.005717047
2683,1.1901307,0.0058092358
2683,1.1895592,0.0059010416
2684,1.1889698,0.0059924638
2685,1.188379,0.006085274
2686,1.1877748,0.0062072067
2686,1.1871706,0.0063295382
2687,1.1865624,0.0064522678
2688,1.1859542,0.0065753958
2688,1.1853289,0.0066989216
2689,1.1847026,0.006822846
2690,1.1840418,0.0069471683
2690,1.1833759,0.00707539
2691,1.1827005,0.0072566008
2692,1.1820228,0.0074497534
2693,1.181354,0.0076479656
2693,1.1806886,0.0078461883
2694,1.1800147,0.0080421372
2695,1.1793363,0.0082398593
2695,1.1786337,0.008438559
2696,1.1779136,0.0086401491
2697,1.1771993,0.0089092878
2697,1.1764907,0.0091813534
2698,1.1757856,0.0094537286
2699,1.175085,0.009724472
2700,1.1743784,0.009995195
2700,1.1736608,0.010265726
2701,1.172926,0.010535296
2702,1.1721473,0.010808668
2702,1.1713771,0.011179785
2703,1.1706395,0.011550903
2704,1.1699035,0.01192202
2704,1.1691774,0.012293138
2705,1.1684504,0.012664255
2706,1.16771,0.013035373
2707,1.1669696,0.01340649
2707,1.1661751,0.013784315
2708,1.1653798,0.014257412
2709,1.164638,0.01473051
2709,1.1639015,0.015203608
2710,1.1631731,0.015676706
2711,1.1624463,0.016149804
2712,1.1617059,0.016622902
2712,1.1609614,0.017096
2713,1.1601937,0.017575719
2714,1.1594154,0.018154801
2714,1.1586736,0.018733883
2715,1.1579548,0.019312966
2716,1.1572432,0.019892048
2717,1.1565378,0.02047113
2717,1.1558244,0.021050212
2718,1.1551018,0.021629295
2719,1.1543761,0.022214806
2719,1.1536455,0.02289357
2720,1.1529325,0.023572334
2721,1.1522571,0.024251098
2722,1.1515858,0.024929862
2722,1.1509272,0.025608626
2723,1.1502663,0.02628739
2724,1.1495936,0.026966154
2724,1.1489223,0.027649989
2725,1.1482647,0.028416147
2726,1.147608,0.029182306
2727,1.1470004,0.029948465
2727,1.1463928,0.030714624
2728,1.1458052,0.031480783
2729,1.1452187,0.032246942
2729,1.1446293,0.0330131
2730,1.1440395,0.033782728
2731,1.1434738,0.034609435
2732,1.1429143,0.035436143
2732,1.1423842,0.03626285
2733,1.1418653,0.037089558
2734,1.1413622,0.037916265
2734,1.1408676,0.038742973
2735,1.1403792,0.03956968
2736,1.1398954,0.040398389
2737,1.1394307,0.041257162
2737,1.1389852,0.042115935
2738,1.1385625,0.042974709
2739,1.1381706,0.043833482
2740,1.1377756,0.044636974
2740,1.1373748,0.045447784
2741,1.1369748,0.046264931
2742,1.136577,0.047087668
2742,1.1361838,0.047920882
2743,1.1358084,0.048756296
2744,1.135436,0.049592746
2745,1.1350839,0.050428785
2745,1.134733,0.051263397
2746,1.1344033,0.052095684
2747,1.1340736,0.052924532
2747,1.1337652,0.053748968
2748,1.1334573,0.05456217
2749,1.1331588,0.055370515
2750,1.1328613,0.056173466
2750,1.1325723,0.056970545
2751,1.1322851,0.057761343
2752,1.1320033,0.058545519
2753,1.1317232,0.059323068
2753,1.1314452,0.060093668
2754,1.1311682,0.060854395
2755,1.1308884,0.061609402
2756,1.130607,0.06235885
2756,1.1303222,0.063103486
2757,1.1300344,0.063843782
2758,1.1297426,0.064580222
2758,1.129446,0.065313091
2759,1.1291452,0.066042908
2760,1.1288377,0.066773913
2761,1.1285268,0.067502666
2761,1.1282084,0.068229379
2762,1.127886,0.068954765
2763,1.1275509,0.069680488
2764,1.1272124,0.070407649
2764,1.1268564,0.071137792
2765,1.126499,0.071872809
2766,1.1261269,0.072622654
2767,1.1257546,0.073378112
2767,1.1253709,0.074141196
2768,1.1249872,0.074912904
2769,1.1245941,0.075695574
2770,1.1242004,0.076487665
2770,1.1237989,0.077290612
2771,1.1233963,0.078104321
2772,1.1229925,0.078935838
2772,1.1225885,0.079777108
2773,1.1221841,0.080628031
2774,1.1217797,0.081489078
2775,1.1213721,0.082360271
2775,1.1209628,0.083240754
2776,1.1205363,0.084131027
2777,1.120097,0.085031393
2778,1.1196798,0.086023806
2778,1.1192848,0.087022272
2779,1.1189086,0.088026345
2780,1.1185579,0.089034648
2781,1.1182166,0.090046666
2781,1.1178926,0.091062736
2782,1.1175746,0.092083146
2783,1.1172724,0.093107269
2784,1.1169737,0.094135106
2784,1.1166894,0.09516705
2785,1.1164074,0.096204243
2786,1.1161408,0.0972454
2787,1.1158752,0.09829195
2787,1.1156267,0.099342266
2788,1.1153783,0.10039719
2789,1.1151473,0.10145495
2790,1.1149167,0.1025165
2790,1.1147013,0.10358085
2791,1.1144875,0.10464799
2792,1.1142862,0.10571791
2793,1.1140875,0.10679062
2793,1.1138992,0.10786612
2794,1.1137144,0.10894439
2795,1.1135385,0.11002615
2796,1.1133669,0.11111097
2796,1.1132031,0.11219919
2797,1.1130444,0.11329054
2798,1.1128922,0.11438523
2799,1.1127456,0.11548311
2799,1.1126044,0.11658474
2800,1.1124693,0.11769057
2801,1.1123385,0.11880011
2802,1.1122143,0.11991412
2802,1.1120938,0.12103369
2803,1.1119816,0.12215884
2804,1.1118726,0.12328955
2805,1.1117738,0.12442607
2805,1.1116775,0.12556889
2806,1.1115941,0.12671744
2807,1.1115123,0.12787237
2808,1.1114465,0.12903278
2809,1.111381,0.13019789
2809,1.1113331,0.13136855
2810,1.1112852,0.13254395
2811,1.1112557,0.13372502
2812,1.1112274,0.13490984
2812,1.1112157,0.13609837
2813,1.1112065,0.13729146
2814,1.111213,0.13848838
2815,1.1112236,0.13968979
2815,1.111249,0.14089438
2816,1.1112802,0.14210245
2817,1.1113246,0.14331357
2818,1.1113764,0.1445281
2818,1.11144,0.14574518
2819,1.1115124,0.14696466
2820,1.111595,0.14818692
2821,1.111688,0.14941197
2822,1.1117899,0.15063937
2822,1.1119038,0.15186862
2823,1.1120251,0.1531001
2824,1.1121601,0.15433402
2825,1.1123011,0.15556981
2825,1.1124579,0.15680718
2826,1.1126191,0.15804572
2827,1.1127976,0.15928592
2828,1.1129788,0.16052704
2828,1.1131794,0.16176898
2829,1.113381,0.16301099
2830,1.1136029,0.16425389
2831,1.1138249,0.16549679
2832,1.1140673,0.16673969
2832,1.1143103,0.16798258
2833,1.114572,0.16922548
2834,1.1148356,0.17046751
2835,1.115116,0.17171027
2835,1.1154,0.17295237
2836,1.1156992,0.1741943
2837,1.1160035,0.17543551
2838,1.1163213,0.17667648
2839,1.1166457,0.17791679
2839,1.1169822,0.17915679
2840,1.1173267,0.18039563
2841,1.1176817,0.1816337
2842,1.1180458,0.18287127
2842,1.1184193,0.18410838
2843,1.1188039,0.1853446
2844,1.1191961,0.18657938
2845,1.1196008,0.18781323
2846,1.1200118,0.18904615
2846,1.1204371,0.19027784
2847,1.1208671,0.19150768
2848,1.1213125,0.19273588
2849,1.1217612,0.19396278
2849,1.1222269,0.1951872
2850,1.1226942,0.19641045
2851,1.1231801,0.197631
2852,1.1236661,0.19884964
2853,1.1241714,0.20006551
2853,1.1246767,0.20127949
2854,1.1252007,0.20249157
2855,1.1257258,0.20369999
2856,1.1262678,0.20490731
2857,1.1268124,0.20611119
2857,1.1273727,0.20731295
2858,1.1279372,0.20851134
2859,1.1285155,0.20970674
2860,1.1290995,0.21089866
2860,1.1296957,0.21208752
2861,1.1302988,0.21327298
2862,1.1309127,0.21445472
2863,1.1315348,0.21563275
2864,1.1321661,0.21680706
2864,1.1328068,0.21797719
2865,1.1334551,0.21914311
2866,1.1341137,0.22030492
2867,1.1347784,0.22146245
2868,1.1354547,0.2226156
2868,1.1361355,0.22376377
2869,1.1368285,0.22490771
2870,1.1375245,0.2260463
2871,1.1382328,0.22718045
2872,1.1389429,0.22831056
2872,1.139666,0.22943535
2873,1.1403899,0.23055634
2874,1.1411274,0.23167273
2875,1.1418649,0.2327854
2876,1.1426156,0.2338933
2876,1.1433668,0.23499838
2877,1.1441306,0.23609887
2878,1.1448959,0.23719559
2879,1.1456724,0.23828859
2880,1.1464513,0.23937788
2880,1.1472401,0.24046346
2881,1.1480324,0.24154604
2882,1.1488339,0.24262515
2883,1.14964,0.24370055
2884,1.1504542,0.24477285
2884,1.1512737,0.24584179
2885,1.1521003,0.24690755
2886,1.1529333,0.24797104
2887,1.1537727,0.24903173
2888,1.1546199,0.25008914
2888,1.1554726,0.25114417
2889,1.1563343,0.25219697
2890,1.1572006,0.25324699
2891,1.1580773,0.25429422
2892,1.1589575,0.25533893
2892,1.1598494,0.25638178
2893,1.160744,0.25742259
2894,1.1616523,0.25846076
2895,1.1625621,0.25949708
2896,1.1634879,0.26053154
2896,1.164414,0.26156409
2897,1.1653588,0.26259387
2898,1.1663037,0.26362175
2899,1.1672677,0.2646468
2900,1.168233,0.26566817
2900,1.169216,0.26668669
2901,1.1702018,0.26770243
2902,1.1712049,0.26871379
2903,1.1722128,0.26972127
2904,1.1732359,0.27072358
2905,1.1742651,0.27172171
2905,1.1753086,0.27271546
2906,1.1763602,0.27370396
2907,1.1774244,0.27468688
2908,1.1784983,0.27566423
2909,1.1795833,0.27663551
2909,1.1806798,0.27760028
2910,1.1817851,0.27855812
2911,1.1829031,0.27950893
2912,1.1840285,0.28045325
2913,1.1851683,0.2813904
2914,1.1863138,0.28231949
2914,1.1874748,0.28324089
2915,1.1886398,0.28415416
2916,1.1898215,0.28505982
2917,1.1910058,0.28595712
2918,1.1922089,0.28684595
2918,1.1934128,0.28772549
2919,1.1946362,0.28859575
2920,1.1958596,0.28945672
2921,1.1971022,0.29030814
2922,1.1983455,0.29114831
2923,1.1996047,0.29197914
2923,1.2008657,0.29279982
2924,1.2021417,0.29361029
2925,1.2034209,0.29440896
2926,1.2047125,0.29519784
2927,1.2060082,0.29597526
2927,1.2073147,0.29674198
2928,1.2086264,0.29749784
2929,1.2099472,0.29824194
2930,1.211274,0.29897456
2931,1.2126082,0.29969603
2932,1.2139491,0.30040585
2932,1.215296,0.30110407
2933,1.2166503,0.30179115
2934,1.2180093,0.30246629
2935,1.2193763,0.30312916
2936,1.2207468,0.30378056
2937,1.2221255,0.30442019
2937,1.2235068,0.30504815
2938,1.2248967,0.30566356
2939,1.2262883,0.30626765
2940,1.2276894,0.30685951
2941,1.2290912,0.30743849
2942,1.2305018,0.3080054
2942,1.2319124,0.30856024
2943,1.2333329,0.309103
2944,1.2347534,0.30963236
2945,1.2361806,0.31014863
2946,1.2376083,0.31065369
2947,1.2390425,0.31114502
2947,1.2404778,0.31162408
2948,1.2419181,0.31209028
2949,1.2433598,0.31254348
2950,1.2448056,0.3129844
2951,1.246253,0.31341188
2952,1.2477033,0.31382674
2953,1.2491554,0.31422891
2953,1.2506096,0.31461808
2954,1.2520655,0.31499425
2955,1.2535231,0.31535793
2956,1.2549823,0.3157086
2957,1.2564424,0.31604621
2958,1.2579038,0.31637096
2958,1.2593656,0.3166825
2959,1.2608281,0.31698164
2960,1.2622908,0.31726808
2961,1.2637541,0.31754194
2962,1.2652173,0.31780231
2963,1.2666799,0.31805061
2963,1.2681425,0.31828669
2964,1.2696044,0.31850989
2965,1.2710663,0.31872101
2966,1.2725277,0.31892003
2967,1.2739892,0.31910604
2968,1.2754482,0.31927864
2969,1.2769071,0.31943909
2969,1.2783631,0.31958658
2970,1.2798187,0.31972106
2971,1.281271,0.31984337
2972,1.2827224,0.31995283
2973,1.2841698,0.32004928
2974,1.2856158,0.32013273
2975,1.2870572,0.32020387
2975,1.2884963,0.3202623
2976,1.2899304,0.32030833
2977,1.2913613,0.32034172
2978,1.2927872,0.32036319
2979,1.2942086,0.32037252
2980,1.2956247,0.32036931
2981,1.2970344,0.32035446
2981,1.2984392,0.32032847
2982,1.2998359,0.32029171
2983,1.3012285,0.3202444
2984,1.3026112,0.32018654
2985,1.3039906,0.32011939
2986,1.3053588,0.32004295
2987,1.3067248,0.31995741
2987,1.3080784,0.31986337
2988,1.3094308,0.31976027
2989,1.310769,0.31964974
2990,1.3121072,0.31953174
2991,1.3134302,0.31940539
2992,1.3147531,0.31927136
2993,1.3160602,0.31913081
2993,1.317366,0.31898375
2994,1.3186574,0.31883105
2995,1.3199462,0.31867279
2996,1.3212218,0.31850974
2997,1.3224936,0.31834205
2998,1.3237538,0.31817115
2999,1.3250092,0.31799679
2999,1.3262547,0.31781936
3000,1.3274945,0.31763976
3001,1.3287262,0.31745829
3002,1.3299515,0.31727551
3003,1.3311707,0.31709181
3004,1.3323833,0.31690764
3005,1.3335916,0.31672347
3006,1.3347937,0.3165397
3006,1.3359931,0.31635649
3007,1.3371873,0.31617394
3008,1.3383804,0.31599295
3009,1.3395705,0.31581264
3010,1.3407603,0.31563254
3011,1.3419487,0.3154532
3012,1.3431373,0.3152737
3013,1.3443262,0.31509339
3013,1.3455151,0.31491293
3014,1.3467061,0.31473065
3015,1.3478972,0.31454744
3016,1.3490908,0.31436134
3017,1.3502845,0.31417338
3018,1.3514809,0.31398267
3019,1.3526777,0.31379003
3020,1.353878,0.31359389
3020,1.3550791,0.31339482
3021,1.3562842,0.31319221
3022,1.3574906,0.31298518
3023,1.3587009,0.3127735
3024,1.359913,0.31255718
3025,1.3611285,0.31233499
3026,1.3623464,0.31210631
3027,1.3635667,0.31187113
3028,1.3647892,0.31162945
3028,1.3660139,0.3113808
3029,1.3672412,0.3111243
3030,1.3684699,0.31085943
3031,1.3697009,0.31058586
3032,1.3709324,0.310303
3033,1.3721653,0.31001085
3034,1.3733982,0.30970892
3035,1.3746313,0.30939606
3035,1.3758638,0.30907262
3036,1.3770933,0.30873726
3037,1.3783223,0.30839087
3038,1.3795446,0.30803419
3039,1.3807669,0.30766641
3040,1.3819782,0.30728842
3041,1.3831895,0.3069008
3042,1.3843886,0.3065048
3043,1.3855868,0.30609956
3044,1.3867728,0.30568761
3044,1.3879566,0.30526752
3045,1.3891289,0.30484143
3046,1.3902978,0.30440901
3047,1.3914561,0.30397082
3048,1.39261,0.30352705
3049,1.3937539,0.30307835
3050,1.3948921,0.30262502
3051,1.3960211,0.30216761
3052,1.3971427,0.30170702
3052,1.3982569,0.30124415
3053,1.3993629,0.30077896
3054,1.4004627,0.30031227
3055,1.4015537,0.2998448
3056,1.4026401,0.29937654
3057,1.4037174,0.29890888
3058,1.4047915,0.29844152
3059,1.4058569,0.29797508
3060,1.4069201,0.29750957
3061,1.4079741,0.29704534
3061,1.4090271,0.29658405
3062,1.4100726,0.29612636
3063,1.4111179,0.29567153
3064,1.4121575,0.29522045
3065,1.4131972,0.294774
3066,1.4142352,0.29433142
3067,1.4152731,0.29389441
3068,1.4163147,0.29346207
3069,1.4173567,0.29303353
3070,1.4184053,0.29260869
3071,1.4194554,0.292186
3071,1.4205131,0.29176516
3072,1.4215734,0.29134619
3073,1.4226421,0.29092771
3074,1.423715,0.29050923
3075,1.4247959,0.29009015
3076,1.4258823,0.28967013
3077,1.4269765,0.28924866
3078,1.4280779,0.28882483
3079,1.4291864,0.28839821
3080,1.4303039,0.28796838
3081,1.4314277,0.28753444
3082,1.4325625,0.28709551
3082,1.4337023,0.28665068
3083,1.4348544,0.28619936
3084,1.4360102,0.28574103
3085,1.4371794,0.28527435
3086,1.438351,0.28479896
3087,1.4395361,0.2843135
3088,1.4407222,0.28381855
3089,1.4419225,0.28331245
3090,1.4431227,0.28279517
3091,1.4443369,0.28226581
3092,1.4455512,0.28172296
3093,1.4467757,0.2811662
3093,1.448001,0.28059461
3094,1.4492332,0.28000817
3095,1.4504665,0.27940605
3096,1.4517025,0.27878658
3097,1.4529392,0.27815097
3098,1.4541742,0.27749814
3099,1.4554086,0.27682971
3100,1.4566389,0.27614514
3101,1.4578667,0.27544567
3102,1.4590896,0.27473228
3103,1.4603084,0.27400496
3104,1.4615221,0.2732642
3105,1.46273,0.27251138
3106,1.4639335,0.27174699
3106,1.4651304,0.27097091
3107,1.4663234,0.2701837
3108,1.4675085,0.26938598
3109,1.4686903,0.26857841
3110,1.469863,0.26776044
3111,1.4710333,0.26693412
3112,1.4721935,0.26609961
3113,1.4733526,0.26525782
3114,1.4745021,0.26440953
3115,1.4756514,0.2635548
3116,1.4767922,0.26269458
3117,1.477933,0.26183062
3118,1.4790709,0.26096282
3119,1.4802087,0.26009131
3120,1.4813502,0.25921698
3120,1.4824922,0.25833985
3121,1.48365,0.25746158
3122,1.4848115,0.25658238
3123,1.4860371,0.25570375
3124,1.4872857,0.25482533
3125,1.4884998,0.25374272
3126,1.4896962,0.25266034
3127,1.4908469,0.25157877
3128,1.4919653,0.25049829
3129,1.4930678,0.24941782
3130,1.4941549,0.24833705
3131,1.4952352,0.24725505
3132,1.4963066,0.24616963
3133,1.4973748,0.24508016
3134,1.4984373,0.2439849
3135,1.4994981,0.24288303
3136,1.500555,0.24177352
3137,1.5016108,0.240655
3137,1.502663,0.23952696
3138,1.5037147,0.23838902
3139,1.5047634,0.23723949
3140,1.505812,0.2360794
3141,1.5068576,0.23490349
3142,1.5079032,0.23371502
3143,1.5089434,0.23251005
3144,1.5099835,0.2312901
3145,1.5110167,0.23005337
3146,1.5120492,0.22879933
3147,1.5130733,0.22752743
3148,1.5140958,0.22623638
3149,1.5151066,0.22492487
3150,1.516114,0.22359459
3151,1.5171089,0.22224462
3152,1.5180984,0.22087492
3153,1.519075,0.21948473
3154,1.5200439,0.2180729
3155,1.520999,0.21663971
3156,1.5219429,0.21518448
3157,1.5228716,0.21370521
3158,1.5237836,0.21220331
3158,1.52468,0.21067854
3159,1.5255529,0.20913074
3160,1.5264103,0.20756067
3161,1.5272358,0.20596884
3162,1.5280476,0.20435745
3163,1.5288186,0.20272708
3164,1.5295797,0.20108146
3165,1.5302942,0.19941954
3166,1.5310025,0.19774299
3167,1.5316566,0.19605294
3168,1.5323088,0.1943511
3169,1.5329007,0.19263913
3170,1.5334925,0.19091719
3171,1.5340211,0.18918612
3172,1.5345467,0.18745184
3173,1.5350167,0.18571211
3174,1.5354792,0.18396846
3175,1.5358904,0.18222241
3176,1.5362893,0.18047487
3177,1.5366421,0.17872718
3178,1.5369781,0.17697975
3179,1.5372732,0.17523393
3180,1.537547,0.17349503
3181,1.5377882,0.17175951
3182,1.5380063,0.17002774
3183,1.5381953,0.16829991
3184,1.5383564,0.16657704
3185,1.5384923,0.16486009
3186,1.5385955,0.1631497
3187,1.5386786,0.16144718
3188,1.5387263,0.15976052
3189,1.5387604,0.15808369
3190,1.5387607,0.15641725
3191,1.5387512,0.15476171
3192,1.538705,0.15311758
3193,1.5386526,0.15148536
3194,1.5385613,0.14986541
3194,1.5384674,0.14825796
3195,1.5383371,0.14667016
3196,1.5382067,0.14509511
3197,1.5380441,0.14353155
3198,1.5378812,0.1419801
3199,1.5376877,0.14044047
3200,1.5374914,0.13891199
3201,1.5372647,0.13739557
3202,1.5370322,0.13589037
3203,1.5367786,0.1344087
3204,1.5365187,0.13293779
3205,1.5362417,0.13147762
3206,1.5359572,0.13002821
3207,1.5356552,0.12858872
3208,1.5353423,0.12715941
3209,1.5350102,0.12574024
3210,1.5346618,0.12433191
3211,1.5343036,0.1229508
3212,1.5339341,0.12158049
3213,1.533556,0.12022086
3214,1.5331648,0.11887207
3215,1.5327651,0.11753438
3216,1.5323479,0.11620811
3217,1.5319225,0.11489294
3218,1.531472,0.1135903
3219,1.5310195,0.11231852
3220,1.5305578,0.11105778
3221,1.5300944,0.10980834
3222,1.5296156,0.1085701
3223,1.5291362,0.10734331
3224,1.5286355,0.10612737
3225,1.5281349,0.10492217
3226,1.5276052,0.10372985
3227,1.527074,0.10257173
3228,1.5265408,0.1014256
3229,1.5260073,0.10029091
3230,1.5254634,0.099167444
3231,1.5249169,0.09805576
3232,1.5243571,0.096955455
3233,1.5237922,0.095866253
3234,1.5232133,0.09478991
3235,1.522627,0.093749238
3236,1.5220417,0.092720474
3237,1.5214572,0.091703442
3238,1.5208687,0.09069822
3239,1.5202763,0.089704713
3240,1.5196779,0.088722886
3241,1.5190714,0.087752718
3242,1.5184614,0.086795427
3243,1.5178451,0.085873433
3244,1.5172307,0.084962548
3245,1.5166212,0.08406264
3247,1.5160112,0.083173722
3248,1.5153998,0.082295458
3249,1.5147871,0.081427381
3250,1.5141658,0.080569486
3251,1.5135444,0.079722672
3252,1.5129225,0.078909595
3253,1.5123007,0.078106059
3254,1.5116884,0.077311887
3255,1.5110763,0.076527275
3256,1.510466,0.075751465
3257,1.509856,0.07498421
3258,1.5092401,0.07422527
3259,1.5086231,0.073475591
3260,1.508011,0.072756107
3261,1.5074005,0.072044501
3262,1.506797,0.071340594
3263,1.5061965,0.070644144
3264,1.5055977,0.069954908
3265,1.505,0.069272461
3266,1.5043981,0.068596809
3267,1.5037926,0.067929039
3268,1.5031933,0.067292164
3269,1.502601,0.066661661
3270,1.5020131,0.066037168
3271,1.501432,0.065418307
3272,1.5008519,0.064804753
3273,1.5002743,0.064196293
3274,1.4996944,0.063592885
3275,1.4991079,0.062995397
3276,1.4985247,0.06242917
3277,1.4979576,0.061867401
3278,1.4973914,0.061310027
3279,1.4968346,0.060756652
3280,1.4962779,0.060207241
3281,1.4957241,0.059661361
3282,1.4951702,0.05911863
3284,1.4946078,0.058580789
3285,1.4940449,0.058074685
3286,1.4935031,0.057571625
3287,1.4929643,0.057071393
3288,1.4924331,0.056573773
3289,1.4919037,0.056078397
3290,1.4913747,0.055585032
3291,1.4908458,0.055093739
3292,1.490314,0.054605698
3293,1.4897807,0.054151856
3294,1.4892617,0.05369956
3295,1.4887533,0.053248595
3296,1.4882499,0.052798653
3297,1.4877516,0.052349495
3298,1.4872531,0.051900869
3299,1.4867543,0.051452455
3300,1.4862563,0.051005713
3301,1.4857596,0.050588664
3302,1.4852686,0.050171495
3303,1.4847922,0.049754113
3304,1.4843174,0.04933629
3306,1.4838485,0.048917843
3307,1.4833788,0.048498514
3308,1.4829046,0.048078317
3309,1.4824307,0.047658819
3310,1.4819626,0.047270429
3311,1.4814945,0.04688086
3312,1.481044,0.046490124
3313,1.4805939,0.046098047
3314,1.4801487,0.045704461
3315,1.4797041,0.045309366
3316,1.4792531,0.044912561
3317,1.4788009,0.044515775
3318,1.4783561,0.044146979
3319,1.4779137,0.043776569
3320,1.4774804,0.043404542
3321,1.4770512,0.043030763
3322,1.4766237,0.042655226
3324,1.4761972,0.042277854
3325,1.4757645,0.041898636
3326,1.4753264,0.041519492
3327,1.4748959,0.041170953
3328,1.474474,0.040820858
3329,1.4740579,0.0404692
3330,1.4736508,0.040115986
3331,1.473249,0.039761222
3332,1.4728586,0.039404915
3333,1.4724606,0.03901484
3334,1.4720388,0.038626315
3335,1.4716179,0.038265405
3336,1.4712016,0.037904495
3337,1.4707854,0.037543584
3339,1.4703695,0.037182674
3340,1.4699535,0.036821764
3341,1.4695319,0.036460854
3342,1.4691104,0.036099944
3343,1.4686736,0.035740603
3344,1.4682359,0.035409298
3345,1.4678126,0.035077994
3346,1.4673915,0.03474669
3347,1.4669725,0.034415386
3348,1.466554,0.034084082
3349,1.466132,0.033752777
3350,1.4657086,0.033421473
3351,1.4652795,0.033091524
3353,1.4648474,0.03278858
3354,1.4644242,0.032485635
3355,1.4640075,0.032182691
3356,1.4635925,0.031879747
3357,1.463179,0.031576803
3358,1.4627632,0.031273858
3359,1.4623443,0.030970914
3360,1.4619247,0.030669497
3361,1.4615036,0.03039373
3362,1.4610866,0.030117962
3363,1.4606799,0.029842194
3365,1.4602741,0.029566426
3366,1.4598716,0.029290658
3367,1.4594689,0.02901489
3368,1.4590637,0.028739123
3369,1.4586588,0.028464195
3370,1.4582562,0.02820491
3371,1.4578536,0.027945624
3372,1.4574587,0.027686339
3373,1.4570639,0.027427053
3374,1.4566704,0.027167767
3375,1.456277,0.026908482
3377,1.4558781,0.026649196
3378,1.4554781,0.026390979
3379,1.4550822,0.026152709
3380,1.4546877,0.025914439
3381,1.4542988,0.025676169
3382,1.4539125,0.025437899
3383,1.4535271,0.025199629
3384,1.4531422,0.024961359
3385,1.4527535,0.024723089
3386,1.4523615,0.024485996
3388,1.451974,0.024268728
3389,1.4515917,0.02405146
3390,1.4512123,0.023834192
3391,1.4508377,0.023616924
3392,1.4504638,0.023399656
3393,1.4500915,0.023182388
3394,1.4497181,0.02296512
3395,1.4493411,0.022748585
3396,1.4489658,0.02254633
3398,1.4485992,0.022344075
3399,1.448233,0.02214182
3400,1.4478716,0.021939565
3401,1.4475103,0.02173731
3402,1.4471505,0.021535055
3403,1.4467908,0.0213328
3404,1.4464279,0.021131103
3405,1.4460649,0.020940585
3407,1.4457099,0.020750068
3408,1.4453561,0.02055955
3409,1.445005,0.020369033
3410,1.4446546,0.020178515
3411,1.4443039,0.019987998
3412,1.4439532,0.01979748
3413,1.4436012,0.019607672
3414,1.4432484,0.019430687
3415,1.4429011,0.019253701
3417,1.4425578,0.019076715
3418,1.4422164,0.01889973
3419,1.4418769,0.018722744
3420,1.4415378,0.018545758
3421,1.441199,0.018368773
3422,1.4408607,0.018192204
3423,1.4405231,0.018022792
3425,1.440187,0.017853381
3426,1.4398549,0.01768397
3427,1.4395231,0.017514559
3428,1.4391931,0.017345147
3429,1.4388629,0.017175736
3430,1.438532,0.017006325
3431,1.4382011,0.016837352
3432,1.4378719,0.01667585
3434,1.4375427,0.016514347
3435,1.4372176,0.016352845
3436,1.4368927,0.016191342
3437,1.4365689,0.01602984
3438,1.4362452,0.015868337
3439,1.4359197,0.015706834
3440,1.4355937,0.015545802
3442,1.4352698,0.015392954
3443,1.4349465,0.015240106
3444,1.4346256,0.015087257
3445,1.4343057,0.014934409
3446,1.4339861,0.014781561
3447,1.4336666,0.014628713
3448,1.4333447,0.014475864
3450,1.4330208,0.014323622
3451,1.4326991,0.01418245
3452,1.4323802,0.014041278
3453,1.4320627,0.013900106
3454,1.4317475,0.013758935
3455,1.4314325,0.013617763
3456,1.4311177,0.013476591
3458,1.4308019,0.013335419
3459,1.4304826,0.013194791
3460,1.4301644,0.013064848
3461,1.4298519,0.012934906
3462,1.4295397,0.012804963
3463,1.4292301,0.01267502
3465,1.4289206,0.012545077
3466,1.428611,0.012415134
3467,1.4283015,0.012285191
3468,1.4279879,0.012155833
3469,1.4276742,0.01203691
3470,1.4273669,0.011917987
3472,1.4270607,0.011799064
3473,1.4267562,0.011680142
3474,1.4264521,0.011561219
3475,1.4261471,0.011442296
3476,1.4258417,0.011323373
3477,1.4255344,0.011205109
3479,1.4252261,0.01109972
3480,1.4249226,0.010994331
3481,1.4246229,0.010888942
3482,1.4243247,0.010783553
3483,1.4240279,0.010678164
3484,1.4237309,0.010572775
3486,1.4234336,0.010467386
3487,1.4231365,0.010362511
3488,1.4228397,0.010266818
3489,1.4225446,0.010171125
3490,1.4222539,0.010075431
3491,1.4219636,0.0099797383
3493,1.4216751,0.0098840452
3494,1.4213864,0.0097883521
3495,1.4210964,0.009692659
3496,1.4208065,0.0095974618
3497,1.4205186,0.0095118625
3498,1.4202308,0.0094262632
3500,1.4199485,0.0093406639
3501,1.4196664,0.0092550646
3502,1.4193865,0.0091694654
3503,1.4191067,0.0090838661
3504,1.4188263,0.0089982668
3506,1.4185458,0.0089130058
3507,1.4182677,0.0088347515
3508,1.4179905,0.0087564971
3509,1.417716,0.0086782428
3510,1.4174429,0.0085999884
3512,1.4171708,0.0085217341
3513,1.4168992,0.0084434797
3514,1.4166268,0.0083652254
3515,1.4163537,0.0082873754
3516,1.4160826,0.0082168217
3517,1.415814,0.0081462679
3519,1.4155468,0.0080757142
3520,1.4152818,0.0080051604
3521,1.4150173,0.0079346066
3522,1.4147539,0.0078640529
3523,1.4144902,0.0077934991
3525,1.4142253,0.0077232906
3526,1.4139612,0.0076593795
3527,1.4137015,0.0075954683
3528,1.4134421,0.0075315572
3529,1.4131853,0.0074676461
3531,1.4129286,0.007403735
3532,1.412673,0.0073398238
3533,1.4124175,0.0072759127
3534,1.4121609,0.0072123139
3535,1.4119043,0.0071542744
3537,1.4116521,0.007096235
3538,1.4114006,0.0070381955
3539,1.4111509,0.006980156
3540,1.4109017,0.0069221165
3541,1.4106529,0.006864077
3543,1.4104043,0.0068060375
3544,1.4101554,0.0067483001
3545,1.4099065,0.0066965181
3546,1.4096604,0.0066447362
3548,1.4094165,0.0065929542
3549,1.4091737,0.0065411723
3550,1.408932,0.0064893903
3551,1.4086906,0.0064376084
3552,1.4084496,0.0063858264
3554,1.408209,0.006334259
3555,1.407969,0.0062871555
3556,1.40773,0.006240052
3557,1.4074937,0.0061929485
3559,1.4072578,0.006145845
3560,1.4070233,0.0060987415
3561,1.4067887,0.006051638
3562,1.406554,0.0060045345
3563,1.4063194,0.0059576796
3565,1.4060864,0.0059159499
3566,1.4058535,0.0058742203
3567,1.405624,0.0058324906
3568,1.4053947,0.005790761
3570,1.4051668,0.0057490314
3571,1.4049392,0.0057073017
3572,1.4047112,0.0056655721
3573,1.4044831,0.0056241117
3574,1.4042572,0.0055877905
3576,1.4040319,0.0055514693
3577,1.403809,0.005515148
3578,1.4035872,0.0054788268
3579,1.4033666,0.0054425056
3581,1.4031468,0.0054061843
3582,1.4029273,0.0053698631
3583,1.402708,0.0053336884
3584,1.40249,0.0053003765
3586,1.4022735,0.0052670646
3587,1.4020578,0.0052337526
3588,1.4018437,0.0052004407
3589,1.40163,0.0051671287
3591,1.4014172,0.0051338168
3592,1.4012044,0.0051005048
3593,1.4009914,0.0050673779
3594,1.400779,0.0050376622
3596,1.4005695,0.0050079464
3597,1.4003603,0.0049782306
3598,1.4001531,0.0049485149
3599,1.3999459,0.0049187991
3601,1.3997403,0.0048890834
3602,1.3995347,0.0048593676
3603,1.3993298,0.0048297378
3604,1.399125,0.0048017288
3606,1.3989223,0.0047737197
3607,1.3987199,0.0047457107
3608,1.3985187,0.0047177016
3609,1.3983179,0.0046896926
3611,1.3981177,0.0046616835
3612,1.3979177,0.0046336745
3613,1.3977181,0.0046057785
3614,1.3975187,0.0045802359
3616,1.3973207,0.0045546933
3617,1.3971238,0.0045291506
3618,1.3969276,0.004503608
3619,1.3967322,0.0044780654
3621,1.396537,0.0044525228
3622,1.3963421,0.0044269802
3623,1.3961476,0.0044015634
3624,1.3959536,0.0043787435
3626,1.3957603,0.0043559235
3627,1.3955688,0.0043331035
3628,1.3953776,0.0043102836
3630,1.3951876,0.0042874636
3631,1.3949976,0.0042646436
3632,1.3948082,0.0042418237
3633,1.3946188,0.0042191218
3635,1.3944307,0.0041985795
3636,1.3942427,0.0041780372
3637,1.3940567,0.0041574949
3638,1.3938708,0.0041369526
3640,1.3936862,0.0041164103
3641,1.3935017,0.0040958681
3642,1.3933178,0.0040753258
3644,1.3931341,0.0040548399
3645,1.3929515,0.0040354914
3646,1.3927692,0.0040161429
3647,1.3925879,0.0039967943
3649,1.3924071,0.0039774458
3650,1.3922268,0.0039580972
3651,1.392047,0.0039387487
3653,1.3918671,0.0039194002
3654,1.3916874,0.0039001555
3655,1.3915084,0.0038829404
3656,1.3913305,0.0038657253
3658,1.3911532,0.0038485101
3659,1.3909769,0.003831295
3660,1.3908009,0.0038140799
3662,1.3906257,0.0037968647
3663,1.3904507,0.0037796496
3664,1.3902761,0.0037624831
3665,1.3901017,0.003746268
3667,1.3899286,0.003730053
3668,1.3897556,0.0037138379
3669,1.3895836,0.0036976229
3671,1.3894116,0.0036814078
3672,1.3892404,0.0036651927
3673,1.3890691,0.0036489777
3675,1.388898,0.0036328302
3676,1.3887269,0.0036180411
3677,1.3885573,0.0036032519
3678,1.3883878,0.0035884628
3680,1.3882191,0.0035736737
3681,1.3880506,0.0035588845
3682,1.3878824,0.0035440954
3684,1.3877142,0.0035293063
3685,1.3875461,0.0035146288
3686,1.387378,0.0035022936
3688,1.3872111,0.0034899584
3689,1.3870452,0.0034776232
3690,1.3868799,0.003465288
3692,1.3867152,0.0034529528
3693,1.3865508,0.0034406176
3694,1.3863868,0.0034282824
3695,1.3862231,0.0034159964
3697,1.3860599,0.0034046281
3698,1.3858971,0.0033932598
3699,1.3857351,0.0033818915
3701,1.3855733,0.0033705232
3702,1.3854122,0.0033591549
3703,1.385251,0.0033477866
3705,1.38509,0.0033364183
3706,1.3849291,0.0033251332
3707,1.3847689,0.0033154745
3709,1.3846087,0.0033058157
3710,1.3844499,0.0032961569
3711,1.3842911,0.0032864981
3713,1.384133,0.0032768393
3714,1.3839749,0.0032671805
3715,1.3838168,0.0032575217
3717,1.3836588,0.0032479616
3718,1.3835016,0.0032404014
3719,1.3833448,0.0032328411
3721,1.383189,0.0032252809
3722,1.3830337,0.0032177206
3723,1.382879,0.0032101604
3725,1.3827247,0.0032026002
3726,1.3825708,0.0031950399
3727,1.3824173,0.0031874878
3729,1.3822641,0.0031801028
3730,1.3821114,0.0031727179
3731,1.3819588,0.003165333
3733,1.3818067,0.003157948
3734,1.3816546,0.0031505631
3735,1.3815028,0.0031431781
3737,1.3813508,0.0031357932
3738,1.3811984,0.0031285101
3739,1.3810462,0.0031233103
3741,1.3808955,0.0031181106
3742,1.3807449,0.0031129108
3744,1.3805952,0.0031077111
3745,1.3804455,0.0031025113
3746,1.3802964,0.0030973115
3748,1.3801473,0.0030921118
3749,1.3799981,0.0030869799
3750,1.379849,0.0030831762
3752,1.3797011,0.0030793725
3753,1.3795534,0.0030755688
3754,1.3794063,0.0030717651
3756,1.3792594,0.0030679614
3757,1.3791126,0.0030641577
3758,1.3789659,0.003060354
3760,1.3788192,0.00305663
3761,1.3786726,0.0030545867
3763,1.3785267,0.0030525435
3764,1.3783816,0.0030505002
3765,1.3782368,0.0030484569
3767,1.3780923,0.0030464137
3768,1.3779479,0.0030443704
3769,1.3778035,0.0030423271
3771,1.3776593,0.0030403746
3772,1.3775152,0.0030403768
3773,1.3773716,0.003040379
3775,1.3772291,0.0030403812
3776,1.3770868,0.0030403834
3778,1.3769452,0.0030403856
3779,1.3768035,0.0030403878
3780,1.3766622,0.00304039
3782,1.3765208,0.0030404463
3783,1.3763801,0.0030416204
3785,1.3762394,0.0030427945
3786,1.3760996,0.0030439686
3787,1.3759599,0.0030451427
3789,1.3758205,0.0030463168
3790,1.3756812,0.0030474909
3791,1.3755415,0.003048665
3793,1.3754017,0.0030499534
3794,1.3752628,0.0030537239
3796,1.3751242,0.0030574944
3797,1.3749865,0.0030612649
3798,1.3748494,0.0030650354
3800,1.3747128,0.0030688058
3801,1.3745766,0.0030725763
3803,1.3744406,0.0030763468
3804,1.3743048,0.0030801471
3805,1.3741694,0.0030845731
3807,1.3740345,0.0030889991
3808,1.3738998,0.0030934251
3810,1.3737656,0.0030978511
3811,1.3736314,0.0031022771
3812,1.3734975,0.0031067031
3814,1.3733635,0.0031111292
3815,1.3732292,0.0031156361
3817,1.3730951,0.0031219197
3818,1.3729622,0.0031282032
3819,1.3728294,0.0031344868
3821,1.3726973,0.0031407704
3822,1.3725653,0.003147054
3824,1.3724335,0.0031533375
3825,1.3723018,0.0031596211
3826,1.3721696,0.0031660044
3828,1.3720374,0.0031744511
3829,1.3719068,0.0031828978
3831,1.3717764,0.0031913445
3832,1.3716468,0.0031997912
3833,1.3715173,0.0032082379
3835,1.3713881,0.0032166846
3836,1.371259,0.0032251313
3838,1.3711299,0.0032336623
3839,1.3710009,0.0032439317
3841,1.3708727,0.003254201
3842,1.3707453,0.0032644703
3843,1.3706183,0.0032747396
3845,1.3704916,0.0032850089
3846,1.3703651,0.0032952782
3848,1.3702386,0.0033055476
3849,1.3701123,0.0033159111
3851,1.3699863,0.0033282967
3852,1.3698607,0.0033406824
3853,1.3697365,0.003353068
3855,1.3696125,0.0033654536
3856,1.3694893,0.0033778392
3858,1.3693661,0.0033902248
3859,1.3692437,0.0034026105
3861,1.3691212,0.0034150196
3862,1.3689995,0.0034278915
3863,1.3688779,0.0034407634
3865,1.3687571,0.0034536353
3866,1.3686363,0.0034665072
3868,1.3685162,0.0034793791
3869,1.3683961,0.003492251
3871,1.3682763,0.0035051229
3872,1.3681565,0.003518034
3874,1.3680374,0.0035317953
3875,1.3679184,0.0035455567
3876,1.3678001,0.003559318
3878,1.3676822,0.0035730794
3879,1.3675646,0.0035868407
3881,1.3674473,0.003600602
3882,1.3673302,0.0036143634
3884,1.3672133,0.0036281448
3885,1.3670967,0.0036423414
3887,1.3669806,0.003656538
3888,1.3668646,0.0036707346
3890,1.366749,0.0036849312
3891,1.3666335,0.0036991279
3892,1.3665182,0.0037133245
3894,1.3664028,0.0037275211
3895,1.3662868,0.0037418347
3897,1.3661711,0.0037584651
3898,1.3660572,0.0037750955
3900,1.3659433,0.0037917259
3901,1.3658307,0.0038083563
3903,1.3657181,0.0038249867
3904,1.3656066,0.0038416171
3906,1.3654952,0.0038582475
3907,1.3653851,0.003874824
3909,1.365275,0.0038902134
3910,1.3651648,0.0039056029
3912,1.3650546,0.0039209923
3913,1.3649446,0.0039363817
3915,1.3648346,0.0039517712
3916,1.3647246,0.0039671606
3917,1.3646145,0.00398255
3919,1.3645043,0.0039980339
3920,1.3643941,0.0040154669
3922,1.3642848,0.0040328999
3923,1.3641763,0.0040503329
3925,1.3640682,0.0040677659
3926,1.3639606,0.0040851988
3928,1.3638533,0.0041026318
3929,1.3637465,0.0041200648
3931,1.3636398,0.0041375122
3932,1.3635337,0.0041552783
3934,1.3634278,0.0041730444
3935,1.3633226,0.0041908105
3937,1.3632175,0.0042085766
3938,1.3631131,0.0042263427
3940,1.3630088,0.0042441088
3941,1.3629055,0.0042618749
3943,1.3628022,0.0042795967
3944,1.3626994,0.0042963124
3946,1.3625966,0.0043130282
3947,1.3624939,0.004329744
3949,1.3623912,0.0043464597
3950,1.3622887,0.0043631755
3952,1.3621862,0.0043798913
3953,1.3620838,0.004396607
3955,1.3619815,0.0044133562
3956,1.3618795,0.0044308505
3958,1.3617777,0.0044483448
3959,1.3616764,0.0044658391
3961,1.3615754,0.0044833334
3962,1.3614747,0.0045008276
3964,1.3613742,0.0045183219
3965,1.3612741,0.0045358162
3967,1.3611743,0.0045532992
3968,1.3610746,0.0045705493
3970,1.3609751,0.0045877993
3972,1.3608758,0.0046050494
3973,1.3607766,0.0046222995
3975,1.3606776,0.0046395495
3976,1.3605787,0.0046567996
3978,1.3604797,0.0046740496
3979,1.3603807,0.0046913554
3981,1.3602817,0.0047098312
3982,1.3601839,0.004728307
3984,1.360086,0.0047467827
3985,1.359989,0.0047652585
3987,1.359892,0.0047837343
3988,1.359796,0.0048022101
3990,1.3596999,0.0048206859
3991,1.359605,0.0048391021
3993,1.3595102,0.0048561431
3994,1.3594151,0.0048731841
3996,1.3593199,0.0048902251
3998,1.3592248,0.0049072661
3999,1.3591298,0.0049243071
4001,1.359035,0.0049413481
4002,1.3589402,0.0049583891
4004,1.3588457,0.0049754192
4005,1.3587513,0.0049921967
4007,1.358657,0.0050089742
4008,1.3585627,0.0050257517
4010,1.3584684,0.0050425292
4011,1.3583743,0.0050593068
4013,1.3582802,0.0050760843
4015,1.3581862,0.0050928618
4016,1.3580923,0.0051096546
4018,1.3579984,0.0051267703
4019,1.3579047,0.0051438859
4021,1.3578112,0.0051610016
4022,1.3577178,0.0051781172
4024,1.3576247,0.0051952328
4025,1.3575315,0.0052123485
4027,1.3574385,0.0052294641
4029,1.3573454,0.0052465931
4030,1.3572527,0.0052640329
4032,1.3571599,0.0052814728
4033,1.3570675,0.0052989126
4035,1.3569752,0.0053163524
4036,1.3568831,0.0053337923
4038,1.356791,0.0053512321
4040,1.3566992,0.005368672
4041,1.3566074,0.0053861091
4043,1.3565157,0.0054034853
4044,1.3564242,0.0054208614
4046,1.3563327,0.0054382376
4047,1.3562413,0.0054556137
4049,1.3561499,0.0054729899
4051,1.3560586,0.005490366
4052,1.3559673,0.0055077422
4054,1.3558761,0.0055251312
4055,1.3557849,0.0055428163
4057,1.3556939,0.0055605014
4059,1.3556029,0.0055781866
4060,1.3555121,0.0055958717
4062,1.3554214,0.0056135568
4063,1.3553307,0.0056312419
4065,1.3552401,0.0056489271
4067,1.3551495,0.0056666077
4068,1.355059,0.0056841837
4070,1.3549684,0.0057017597
4071,1.3548777,0.0057193357
4073,1.3547869,0.0057369118
4075,1.3546962,0.0057544878
4076,1.354605,0.0057720638
4078,1.3545137,0.0057896398
4079,1.3544215,0.005807321
4081,1.3543292,0.0058271502
4083,1.354238,0.0058469794
4084,1.3541471,0.0058668086
4086,1.3540565,0.0058866378
4087,1.3539661,0.005906467
4089,1.3538756,0.0059262962
4091,1.3537853,0.0059461254
4092,1.3536949,0.0059659879
4094,1.3536044,0.0059865305
4095,1.3535142,0.0060070731
4097,1.3534242,0.0060276157
4099,1.3533342,0.0060481583
4100,1.3532442,0.0060687009
4102,1.3531539,0.0060892435
4104,1.3530633,0.0061097861
4105,1.3529726,0.006130432
4107,1.3528817,0.0061534729
4108,1.3527911,0.0061765138
4110,1.3527015,0.0061995547
4112,1.352612,0.0062225956
4113,1.3525227,0.0062456365
4115,1.3524334,0.0062686774
4117,1.3523436,0.0062917184
4118,1.3522537,0.006314876
4120,1.3521644,0.0063405908
4121,1.3520751,0.0063663056
4123,1.3519873,0.0063920204
4125,1.3518995,0.0064177352
4126,1.3518123,0.00644345
4128,1.3517253,0.0064691648
4130,1.3516385,0.0064948796
4131,1.3515518,0.0065206275
4133,1.3514656,0.0065471349
4135,1.3513796,0.0065736422
4136,1.3512941,0.0066001496
4138,1.3512089,0.0066266569
4140,1.351124,0.0066531643
4141,1.3510393,0.0066796716
4143,1.3509548,0.006706179
4145,1.3508705,0.0067326995
4146,1.3507864,0.0067595171
4148,1.3507027,0.0067863348
4150,1.3506191,0.0068131524
4151,1.3505358,0.0068399701
4153,1.3504526,0.0068667877
4155,1.3503696,0.0068936054
4156,1.3502866,0.006920423
4158,1.3502035,0.0069472802
4160,1.3501206,0.0069749616
4161,1.3500384,0.007002643
4163,1.3499563,0.0070303244
4165,1.3498747,0.0070580058
4166,1.3497931,0.0070856872
4168,1.349712,0.0071133686
4170,1.3496309,0.0071410499
4171,1.3495502,0.0071687265
4173,1.3494695,0.0071962874
4175,1.349389,0.0072238484
4176,1.3493085,0.0072514094
4178,1.3492281,0.0072789703
4180,1.3491478,0.0073065313
4181,1.3490673,0.0073340923
4183,1.3489867,0.0073616532
4185,1.348906,0.0073893097
4186,1.3488251,0.0074189893
4188,1.3487451,0.0074486689
4190,1.3486658,0.0074783485
4191,1.3485868,0.0075080281
4193,1.3485084,0.0075377077
4195,1.3484302,0.0075673873
4197,1.3483525,0.0075970669
4198,1.3482749,0.0076267328
4200,1.3481978,0.0076560877
4202,1.3481208,0.0076854426
4203,1.348044,0.0077147975
4205,1.3479673,0.0077441524
4207,1.3478909,0.0077735073
4208,1.3478145,0.0078028622
4210,1.3477385,0.0078322172
4212,1.3476624,0.0078615803
4214,1.3475868,0.0078911238
4215,1.3475112,0.0079206674
4217,1.3474362,0.0079502109
4219,1.3473611,0.0079797544
4220,1.3472866,0.008009298
4222,1.3472121,0.0080388415
4224,1.3471384,0.008068385
4226,1.347065,0.0080978641
4227,1.3469915,0.0081259703
4229,1.346918,0.0081540766
4231,1.3468443,0.0081821828
4233,1.3467706,0.008210289
4234,1.3466968,0.0082383952
4236,1.3466231,0.0082665015
4238,1.3465494,0.0082946077
4239,1.3464758,0.0083227033
4241,1.3464022,0.0083505437
4243,1.3463285,0.0083783842
4245,1.3462547,0.0084062246
4246,1.3461809,0.0084340651
4248,1.3461071,0.0084619055
4250,1.3460331,0.008489746
4252,1.3459591,0.0085175864
4253,1.3458846,0.0085454595
4255,1.3458103,0.0085740881
4257,1.3457362,0.0086027167
4259,1.3456622,0.0086313452
4260,1.3455882,0.0086599738
4262,1.3455143,0.0086886023
4264,1.3454402,0.0087172309
4266,1.3453662,0.0087458595
4267,1.3452917,0.0087745256
4269,1.3452172,0.0088040127
4271,1.345143,0.0088334997
4273,1.3450689,0.0088629867
4274,1.3449948,0.0088924738
4276,1.3449207,0.0089219608
4278,1.3448462,0.0089514478
4280,1.3447716,0.0089809349
4281,1.3446966,0.0090105017
4283,1.3446213,0.0090418965
4285,1.3445465,0.0090732913
4287,1.3444721,0.0091046861
4289,1.3443978,0.0091360809
4290,1.3443234,0.0091674757
4292,1.3442488,0.0091988705
4294,1.3441736,0.0092302652
4296,1.3440983,0.009261793
4297,1.3440229,0.0092963668
4299,1.3439478,0.0093309406
4301,1.3438739,0.0093655144
4303,1.3438002,0.0094000882
4305,1.3437268,0.009434662
4306,1.3436535,0.0094692358
4308,1.34358,0.0095038096
4310,1.3435065,0.0095384534
4312,1.3434333,0.0095746081
4314,1.3433601,0.0096107629
4315,1.3432876,0.0096469177
4317,1.3432151,0.0096830725
4319,1.3431427,0.0097192272
4321,1.3430703,0.009755382
4323,1.3429968,0.0097915368
4324,1.3429231,0.0098278658
4326,1.3428503,0.0098679743
4328,1.3427778,0.0099080829
4330,1.3427065,0.0099481914
4332,1.3426358,0.0099883
4333,1.3425656,0.010028409
4335,1.3424958,0.010068517
4337,1.3424261,0.010108626
4339,1.3423566,0.010148773
4341,1.3422875,0.010189815
4342,1.3422189,0.010230857
4344,1.3421506,0.010271899
4346,1.3420827,0.010312941
4348,1.3420149,0.010353983
4350,1.3419473,0.010395025
4352,1.3418795,0.010436067
4353,1.3418112,0.010477212
4355,1.3417431,0.010520618
4357,1.3416765,0.010564024
4359,1.3416101,0.010607431
4361,1.3415445,0.010650837
4363,1.341479,0.010694244
4364,1.3414139,0.01073765
4366,1.3413488,0.010781057
4368,1.3412834,0.010824551
4370,1.3412179,0.010870211
4372,1.3411542,0.01091587
4374,1.3410909,0.01096153
4375,1.3410285,0.01100719
4377,1.3409664,0.01105285
4379,1.3409048,0.011098509
4381,1.3408436,0.011144169
4383,1.3407828,0.011189841
4385,1.3407222,0.011235802
4387,1.3406622,0.011281764
4388,1.3406026,0.011327725
4390,1.3405433,0.011373687
4392,1.3404844,0.011419649
4394,1.3404256,0.01146561
4396,1.340367,0.011511572
4398,1.3403086,0.01155758
4400,1.3402506,0.011604721
4401,1.3401929,0.011651862
4403,1.3401361,0.011699003
4405,1.3400794,0.011746144
4407,1.3400234,0.011793285
4409,1.3399675,0.011840427
4411,1.3399119,0.011887568
4413,1.3398563,0.011934753
4415,1.3398015,0.011982976
4416,1.3397468,0.012031199
4418,1.3396931,0.012079422
4420,1.3396395,0.012127645
4422,1.3395866,0.012175868
4424,1.3395338,0.012224091
4426,1.3394813,0.012272314
4428,1.3394288,0.012320589
4430,1.3393772,0.01237002
4432,1.3393258,0.01241945
4433,1.3392753,0.01246888
4435,1.3392252,0.012518311
4437,1.3391756,0.012567741
4439,1.3391263,0.012617171
4441,1.3390773,0.012666602
4443,1.3390284,0.012716089
4445,1.3389802,0.01276688
4447,1.3389328,0.012817672
4449,1.338886,0.012868463
4451,1.3388401,0.012919254
4452,1.3387945,0.012970046
4454,1.3387499,0.013020837
4456,1.3387054,0.013071628
4458,1.3386619,0.013122416
4460,1.3386186,0.013173133
4462,1.3385762,0.013223849
4464,1.3385338,0.013274566
4466,1.3384925,0.013325282
4468,1.3384511,0.013375999
4470,1.3384107,0.013426715
4472,1.3383703,0.013477432
4474,1.3383306,0.013528191
4476,1.3382909,0.013579943
4477,1.3382528,0.013631696
4479,1.3382151,0.013683448
4481,1.3381787,0.013735201
4483,1.3381426,0.013786953
4485,1.3381079,0.013838705
4487,1.3380737,0.013890458
4489,1.3380408,0.01394214
4491,1.3380087,0.013992077
4493,1.3379768,0.014042014
4495,1.3379451,0.014091951
4497,1.337914,0.014141888
4499,1.3378835,0.014191825
4501,1.3378537,0.014241762
4503,1.3378249,0.014291699
4505,1.3377966,0.014341587
4507,1.3377694,0.014390279
4509,1.3377424,0.014438971
4511,1.3377162,0.014487663
4513,1.3376902,0.014536355
4514,1.3376656,0.014585047
4516,1.3376413,0.014633739
4518,1.3376198,0.014682431
4520,1.3375982,0.014730954
4522,1.3375779,0.014775413
4524,1.3375575,0.014819872
4526,1.3375369,0.014864331
4528,1.3375163,0.014908789
4530,1.3374967,0.014953248
4532,1.3374772,0.014997707
4534,1.3374598,0.015042165
4536,1.3374429,0.015086481
4538,1.3374264,0.015127383
4540,1.3374099,0.015168284
4542,1.3373936,0.015209186
4544,1.3373774,0.015250088
4546,1.3373619,0.015290989
4548,1.3373471,0.015331891
4550,1.3373341,0.015372793
4552,1.3373229,0.015413474
4554,1.3373112,0.015449025
4556,1.337299,0.015484577
4558,1.3372866,0.015520128
4560,1.337274,0.015555679
4562,1.3372617,0.01559123
4564,1.33725,0.015626781
4566,1.3372389,0.015662332
4568,1.33723,0.015697738
4570,1.3372209,0.015729483
4572,1.3372109,0.015761228
4574,1.3372008,0.015792973
4576,1.337191,0.015824718
4578,1.3371812,0.015856463
4580,1.3371728,0.015888208
4582,1.3371644,0.015919953
4584,1.3371587,0.015951509
4586,1.3371534,0.015978741
4588,1.3371465,0.016005973
4590,1.3371394,0.016033204
4592,1.3371325,0.016060436
4595,1.3371258,0.016087668
4597,1.3371203,0.016114899
4599,1.3371153,0.016142131
4601,1.3371117,0.016169176
4603,1.3371091,0.0161915
4605,1.3371056,0.016213823
4607,1.3371012,0.016236146
4609,1.3370972,0.01625847
4611,1.3370934,0.016280793
4613,1.3370906,0.016303117
4615,1.3370892,0.01632544
4617,1.3370882,0.016347542
4619,1.3370884,0.016363913
4621,1.3370881,0.016380283
4623,1.3370864,0.016396653
4625,1.3370848,0.016413023
4627,1.3370836,0.016429394
4629,1.3370827,0.016445764
4631,1.3370844,0.016462134
4634,1.3370862,0.016478225
4636,1.3370882,0.016487573
4638,1.3370902,0.01649692
4640,1.3370902,0.016506267
4642,1.3370901,0.016515614
4644,1.3370902,0.016524961
4646,1.3370903,0.016534308
4648,1.3370926,0.016543655
4650,1.3370955,0.016552772
4652,1.3370977,0.016555856
4654,1.3370996,0.016558939
4656,1.3371006,0.016562022
4659,1.337101,0.016565105
4661,1.3371017,0.016568188
4663,1.3371027,0.016571272
4665,1.3371054,0.016574355
4667,1.33711,0.016577159
4669,1.3371136,0.016572961
4671,1.3371156,0.016568764
4673,1.3371172,0.016564567
4675,1.3371179,0.016560369
4677,1.3371186,0.016556172
4680,1.3371199,0.016551975
4682,1.337122,0.016547777
4684,1.3371275,0.016543242
4686,1.3371325,0.016530706
4688,1.3371335,0.016518169
4690,1.3371344,0.016505632
4692,1.3371339,0.016493095
4694,1.3371334,0.016480558
4696,1.3371333,0.016468021
4699,1.3371333,0.016455484
4701,1.3371364,0.016442626
4703,1.3371398,0.01642185
4705,1.3371387,0.016401073
4707,1.3371367,0.016380297
4709,1.3371335,0.016359521
4711,1.3371298,0.016338745
4714,1.3371264,0.016317968
4716,1.3371231,0.016297192
4718,1.3371205,0.016276167
4720,1.3371182,0.016249023
4722,1.3371139,0.016221879
4724,1.3371076,0.016194735
4726,1.3371007,0.01616759
4729,1.3370932,0.016140446
4731,1.3370861,0.016113302
4733,1.3370796,0.016086158
4735,1.337073,0.016058748
4737,1.3370664,0.016024406
4739,1.3370588,0.015990065
4742,1.3370479,0.015955723
4744,1.3370368,0.015921382
4746,1.3370244,0.01588704
4748,1.337012,0.015852698
4750,1.3370003,0.015818357
4752,1.3369885,0.015783781
4755,1.3369751,0.015743254
4757,1.3369617,0.015702727
4759,1.3369447,0.0156622
4761,1.3369275,0.015621673
4763,1.3369088,0.015581146
4766,1.3368898,0.015540619
4768,1.3368707,0.015500093
4770,1.3368517,0.015459412
4772,1.336831,0.01541481
4774,1.3368095,0.015370207
4777,1.3367863,0.015325604
4779,1.3367621,0.015281002
4781,1.336737,0.015236399
4783,1.3367113,0.015191797
4785,1.3366856,0.015147194
4788,1.3366601,0.015102446
4790,1.3366332,0.015053904
4792,1.3366045,0.015005363
4794,1.336575,0.014956822
4796,1.3365436,0.014908281
4799,1.3365119,0.014859739
4801,1.3364789,0.014811198
4803,1.3364458,0.014762657
4805,1.3364124,0.014714022
4808,1.3363786,0.014662926
4810,1.3363421,0.014611829
4812,1.3363055,0.014560733
4814,1.3362668,0.014509637
4816,1.3362282,0.014458541
4819,1.3361881,0.014407445
4821,1.336148,0.014356348
4823,1.3361075,0.014305144
4825,1.3360669,0.014251155
4828,1.3360234,0.014197166
4830,1.3359792,0.014143178
4832,1.3359331,0.014089189
4834,1.3358864,0.0140352
4837,1.3358382,0.013981212
4839,1.3357893,0.013927223
4841,1.3357391,0.013873256
4843,1.335688,0.013819821
4846,1.3356361,0.013766386
4848,1.3355835,0.013712952
4850,1.3355302,0.013659517
4853,1.335476,0.013606082
4855,1.3354211,0.013552647
4857,1.3353654,0.013499212
4859,1.3353091,0.013445763
4862,1.3352517,0.013391936
4864,1.3351939,0.01333811
4866,1.3351347,0.013284283
4868,1.3350752,0.013230457
4871,1.3350144,0.01317663
4873,1.3349534,0.013122803
4875,1.3348913,0.013068977
4878,1.3348292,0.013015099
4880,1.3347652,0.012959929
4882,1.3347012,0.012904759
4885,1.3346348,0.012849589
4887,1.3345683,0.012794419
4889,1.3344998,0.012739249
4891,1.334431,0.01268408
4894,1.3343601,0.01262891
4896,1.3342886,0.012573797
4898,1.3342158,0.012520221
4901,1.3341426,0.012466646
4903,1.3340685,0.01241307
4905,1.3339938,0.012359494
4908,1.333918,0.012305918
4910,1.3338413,0.012252342
4912,1.3337632,0.012198766
4915,1.3336836,0.012145279
4917,1.3336036,0.012094035
4919,1.3335231,0.012042791
4922,1.3334421,0.011991547
4924,1.3333604,0.011940303
4926,1.3332782,0.011889059
4929,1.3331947,0.011837816
4931,1.3331107,0.011786572
4933,1.3330244,0.011735401
4936,1.3329381,0.011686176
4938,1.3328512,0.011636952
4940,1.3327642,0.011587727
4943,1.3326759,0.011538503
4945,1.3325876,0.011489278
4947,1.3324973,0.011440053
4950,1.3324069,0.011390829
4952,1.3323137,0.011341712
4955,1.3322202,0.011295506
4957,1.3321268,0.0112493
4959,1.3320335,0.011203094
4962,1.3319391,0.011156888
4964,1.3318444,0.011110682
4966,1.3317483,0.011064476
4969,1.3316514,0.01101827
4971,1.331553,0.010972192
4974,1.3314536,0.010929412
4976,1.3313543,0.010886631
4978,1.3312551,0.010843851
4981,1.3311555,0.010801071
4983,1.3310551,0.01075829
4986,1.330954,0.01071551
4988,1.3308514,0.01067273
4990,1.3307483,0.010630074
4993,1.3306439,0.01059066
4995,1.3305396,0.010551247
4998,1.3304355,0.010511833
5000,1.3303312,0.010472419
5002,1.330226,0.010433005
5005,1.3301206,0.010393591
5007,1.3300134,0.010354178
5010,1.3299061,0.010314842
5012,1.3297977,0.010277612
5014,1.3296892,0.010240381
5017,1.32958,0.01020315
5019,1.3294709,0.010165919
5022,1.3293603,0.010128688
5024,1.3292494,0.010091458
5027,1.329136,0.010054227
5029,1.3290218,0.010017162
5031,1.3289074,0.0099846945
5034,1.3287929,0.0099522269
5036,1.3286786,0.0099197592
5039,1.3285644,0.0098872916
5041,1.3284497,0.0098548239
5044,1.3283345,0.0098223562
5046,1.3282183,0.0097898886
5049,1.328101,0.0097575029
5051,1.3279835,0.0097274217
5054,1.3278659,0.0096973405
5056,1.3277481,0.0096672592
5058,1.3276298,0.009637178
5061,1.3275111,0.0096070968
5063,1.3273912,0.0095770155
5066,1.3272708,0.0095469343
5068,1.3271478,0.0095169784
5071,1.3270249,0.0094904652
5073,1.3269026,0.0094639521
5076,1.3267803,0.0094374389
5078,1.3266574,0.0094109257
5081,1.3265345,0.0093844125
5083,1.3264101,0.0093578993
5086,1.3262857,0.0093313861
5088,1.3261591,0.0093049759
5091,1.3260322,0.0092811821
5093,1.3259056,0.0092573882
5096,1.3257789,0.0092335944
5098,1.3256514,0.0092098005
5101,1.3255236,0.0091860067
5103,1.3253943,0.0091622128
5106,1.3252642,0.009138419
5108,1.3251325,0.0091147955
5111,1.3249996,0.0090958266
5113,1.3248675,0.0090768576
5116,1.324736,0.0090578887
5118,1.3246042,0.0090389197
5121,1.3244721,0.0090199508
5123,1.3243393,0.0090009818
5126,1.3242054,0.0089820129
5129,1.3240711,0.0089631432
5131,1.3239357,0.0089469142
5134,1.3238004,0.0089306852
5136,1.323665,0.0089144562
5139,1.3235294,0.0088982272
5141,1.3233927,0.0088819982
5144,1.3232557,0.0088657692
5146,1.3231161,0.0088495402
5149,1.3229766,0.0088334844
5151,1.3228359,0.0088218896
5154,1.3226953,0.0088102949
5157,1.3225552,0.0087987001
5159,1.322415,0.0087871054
5162,1.322274,0.0087755106
5164,1.3221327,0.0087639158
5167,1.3219892,0.0087523211
5169,1.3218449,0.0087408966
5172,1.3217007,0.0087340892
5175,1.3215565,0.0087272818
5177,1.3214126,0.0087204744
5180,1.3212689,0.0087136671
5182,1.3211247,0.0087068597
5185,1.3209802,0.0087000523
5188,1.3208345,0.0086932449
5190,1.3206878,0.0086865369
5193,1.320541,0.008682528
5195,1.3203942,0.008678519
5198,1.3202473,0.0086745101
5201,1.3200999,0.0086705012
5203,1.3199522,0.0086664922
5206,1.3198033,0.0086624833
5208,1.3196538,0.0086584744
5211,1.3195013,0.008654629
5214,1.3193489,0.0086554207
5216,1.3191979,0.0086562123
5219,1.3190469,0.008657004
5222,1.3188956,0.0086577956
5224,1.3187444,0.0086585872
5227,1.3185919,0.0086593789
5229,1.3184394,0.0086601705
5232,1.3182845,0.0086610989
5235,1.3181293,0.008665703
5237,1.3179753,0.0086703071
5240,1.3178215,0.0086749112
5243,1.3176674,0.0086795153
5245,1.3175132,0.0086841194
5248,1.3173583,0.0086887235
5251,1.317203,0.0086933276
5253,1.3170469,0.0086979858
5256,1.3168902,0.0087041788
5259,1.3167333,0.0087103717
5261,1.3165763,0.0087165647
5264,1.3164188,0.0087227577
5267,1.3162606,0.0087289507
5269,1.3161017,0.0087351437
5272,1.3159415,0.0087413366
5275,1.3157808,0.0087476216
5277,1.315619,0.0087565815
5280,1.3154571,0.0087655414
5283,1.3152952,0.0087745013
5285,1.315133,0.0087834612
5288,1.3149699,0.0087924211
5291,1.3148065,0.008801381
5293,1.3146412,0.0088103409
5296,1.3144758,0.0088193878
5299,1.3143091,0.008830895
5302,1.3141424,0.0088424022
5304,1.3139753,0.0088539093
5307,1.3138081,0.0088654165
5310,1.3136396,0.0088769237
5312,1.3134708,0.0088884308
5315,1.3133001,0.008899938
5318,1.3131287,0.0089115396
5321,1.3129567,0.0089258307
5323,1.3127843,0.0089401218
5326,1.3126115,0.0089544129
5329,1.3124384,0.0089687039
5332,1.3122644,0.008982995
5334,1.3120897,0.0089972861
5337,1.3119137,0.0090115772
5340,1.3117365,0.0090259256
5343,1.3115587,0.0090419373
5345,1.3113802,0.009057949
5348,1.3112011,0.0090739608
5351,1.3110209,0.0090899725
5354,1.3108401,0.0091059842
5356,1.3106575,0.009121996
5359,1.3104741,0.0091380077
5362,1.3102873,0.0091541394
5365,1.3101006,0.009173766
5367,1.3099136,0.0091933926
5370,1.3097265,0.0092130192
5373,1.3095378,0.0092326458
5376,1.3093491,0.0092522724
5379,1.3091577,0.009271899
5381,1.3089662,0.0092915255
5384,1.3087709,0.0093113016
5387,1.3085752,0.0093352849
5390,1.3083797,0.0093592681
5393,1.3081842,0.0093832514
5395,1.3079875,0.0094072347
5398,1.3077904,0.009431218
5401,1.3075916,0.0094552012
5404,1.3073919,0.0094791845
5407,1.3071906,0.0095032164
5409,1.306988,0.0095286331
5412,1.3067843,0.0095540498
5415,1.3065796,0.0095794665
5418,1.3063736,0.0096048832
5421,1.3061659,0.0096302999
5424,1.3059567,0.0096557166
5426,1.3057448,0.0096811333
5429,1.3055318,0.0097066547
5432,1.3053161,0.0097352554
5435,1.3050999,0.009763856
5438,1.3048819,0.0097924567
5441,1.3046633,0.0098210573
5444,1.3044413,0.009849658
5446,1.3042189,0.0098782586
5449,1.3039907,0.0099068593
5452,1.3037626,0.0099356793
5455,1.3035306,0.0099704577
5458,1.3032985,0.010005236
5461,1.3030645,0.010040014
5464,1.3028303,0.010074793
5467,1.302592,0.010109571
5469,1.302353,0.01014435
5472,1.3021071,0.010179128
5475,1.3018591,0.010214257
5478,1.3016097,0.010259923
5481,1.3013596,0.010305589
5484,1.3011086,0.010351255
5487,1.3008572,0.010396922
5490,1.3006031,0.010442588
5493,1.3003468,0.010488254
5495,1.3000857,0.01053392
5498,1.2998192,0.010580001
5501,1.2995528,0.010637796
5504,1.2992863,0.010695591
5507,1.2990193,0.010753386
5510,1.2987508,0.010811181
5513,1.298481,0.010868976
5516,1.2982069,0.010926771
5519,1.2979307,0.010984566
5522,1.2976446,0.011042793
5525,1.2973587,0.011114047
5528,1.2970748,0.0111853
5531,1.2967908,0.011256554
5534,1.2965034,0.011327807
5537,1.2962161,0.011399061
5540,1.2959215,0.011470314
5542,1.2956265,0.011541568
5545,1.2953194,0.011613361
5548,1.2950107,0.011700728
5551,1.2947025,0.011788094
5554,1.2943943,0.011875461
5557,1.2940852,0.011971651
5560,1.2937758,0.012067159
5563,1.293463,0.012162066
5566,1.2931484,0.012256454
5569,1.2928283,0.012350979
5572,1.2925043,0.012462088
5575,1.2921821,0.01257267
5578,1.2918616,0.012682804
5581,1.291539,0.012792638
5584,1.2912134,0.012902352
5587,1.2908836,0.013012014
5590,1.2905463,0.013121847
5593,1.2902065,0.01323269
5596,1.2898604,0.013362751
5599,1.2895146,0.013493003
5602,1.2891702,0.013623442
5605,1.288825,0.013754372
5608,1.2884741,0.013885703
5611,1.2881223,0.014017676
5615,1.2877572,0.014150275
5618,1.287392,0.014284491
5621,1.287021,0.014439675
5624,1.2866498,0.014595349
5627,1.2862785,0.014751814
5630,1.2859072,0.014908993
5633,1.2855288,0.015067197
5636,1.285149,0.015226581
5639,1.2847552,0.015387069
5642,1.2843571,0.015549835
5645,1.2839577,0.01573887
5648,1.2835576,0.015928704
5651,1.2831571,0.016119766
5654,1.2827563,0.016311815
5657,1.2823502,0.01650519
5660,1.2819397,0.016700216
5664,1.2815192,0.0168969
5667,1.2810873,0.017096302
5670,1.2806563,0.017324342
5673,1.2802267,0.017553814
5676,1.2797959,0.017784657
5679,1.2793629,0.018017006
5682,1.2789269,0.018250997
5685,1.2784816,0.018486865
5688,1.2780317,0.018724959
5692,1.2775602,0.018966186
5695,1.2770889,0.019237765
5698,1.2766206,0.019511161
5701,1.2761521,0.019786984
5704,1.2756733,0.02006624
5707,1.2751945,0.020348771
5710,1.2746967,0.020635804
5714,1.2741979,0.020927951
5717,1.2736721,0.021227068
5720,1.2731425,0.021565219
5723,1.2726165,0.021909296
5726,1.2720914,0.022259858
5729,1.2715569,0.022618101
5732,1.2710187,0.022984265
5736,1.2704652,0.023359781
5739,1.2699035,0.023745567
5742,1.2693279,0.024143851
5745,1.268742,0.024594185
5748,1.2681619,0.025055411
5752,1.2675876,0.025528374
5755,1.2670108,0.026013619
5758,1.266431,0.026511398
5761,1.2658446,0.027022251
5764,1.2652466,0.027546948
5768,1.2646467,0.028087794
5771,1.2640422,0.028688488
5774,1.2634419,0.029301769
5777,1.2628576,0.029928668
5780,1.2622736,0.030569752
5784,1.2616917,0.031225683
5787,1.261109,0.031897614
5790,1.2605162,0.03258614
5793,1.2599234,0.033293281
5797,1.2593419,0.034059472
5800,1.2587606,0.034840974
5803,1.2582027,0.035639408
5806,1.2576471,0.036454056
5810,1.2571012,0.037286785
5813,1.2565572,0.038138373
5816,1.2560145,0.039009471
5819,1.2554722,0.039903592
5823,1.2549492,0.040849365
5826,1.254435,0.041814956
5829,1.253941,0.042800989
5832,1.2534597,0.043807919
5836,1.2529935,0.04483645
5839,1.25254,0.04588682
5842,1.2520982,0.046959358
5846,1.2516698,0.04805526
5849,1.2512576,0.049187903
5852,1.2508708,0.050341078
5855,1.2504966,0.051515954
5859,1.2501494,0.052713498
5862,1.2498122,0.053934986
5865,1.249506,0.055181577
5869,1.249208,0.056454938
5872,1.2489507,0.057754618
5875,1.2486998,0.059082993
5879,1.2485097,0.060437658
5882,1.2483206,0.061796935
5885,1.2481769,0.063182187
5889,1.2480332,0.064592861
5892,1.2479478,0.066030167
5895,1.2478656,0.06749347
5899,1.2478465,0.06898277
5902,1.2478367,0.070497224
5906,1.2478934,0.072036746
5909,1.2479668,0.073601336
5912,1.2481108,0.075188786
5916,1.2482817,0.076795716
5919,1.2485219,0.078419885
5922,1.2487993,0.080058878
5926,1.249142,0.081710019
5929,1.2495329,0.083370069
5933,1.2499832,0.085036504
5936,1.2504922,0.086706079
5939,1.2510524,0.08837523
5943,1.2516809,0.090042111
5946,1.2523522,0.091704311
5950,1.2531015,0.093358741
5953,1.2538848,0.095003277
5956,1.2547557,0.096634
5960,1.2556509,0.098247996
5963,1.2566403,0.099842094
5967,1.2576446,0.10141434
5970,1.2587475,0.10296233
5974,1.2598565,0.10448487
5977,1.2610689,0.10597857
5980,1.2622813,0.10744254
5984,1.2635957,0.10887539
5987,1.2649119,0.11027405
5991,1.2663186,0.11163929
5994,1.2677344,0.11296847
5998,1.2692318,0.11425891
6001,1.2707455,0.11550874
6005,1.27233,0.11671541
6008,1.2739369,0.1178755
6012,1.2756017,0.11898753
6015,1.2772931,0.1200493
6019,1.2790303,0.12105937
6022,1.2807968,0.12201568
6026,1.2825979,0.1229172
6029,1.2844288,0.1237629
6033,1.2862849,0.12455197
6036,1.2881703,0.12528395
6040,1.2900737,0.12595836
6043,1.2920053,0.12657408
6047,1.293948,0.12712945
6050,1.295915,0.12762447
6054,1.2978879,0.12805913
6057,1.2998795,0.12843345
6061,1.3018735,0.12874781
6064,1.3038803,0.12900368
6068,1.3058881,0.12920119
6071,1.3079045,0.12934122
6075,1.3099211,0.12942467
6079,1.3119456,0.12945239
6082,1.3139701,0.1294225
6086,1.3159993,0.12933476
6089,1.3180289,0.12918674
6093,1.320059,0.1289775
6096,1.3220891,0.12870445
6100,1.3241123,0.12836653
6104,1.3261338,0.12796285
6107,1.328141,0.12749178
6111,1.3301427,0.12695224
6114,1.3321229,0.12634398
6118,1.3340914,0.12566515
6122,1.3360321,0.12491659
6125,1.3379522,0.12409877
6129,1.3398411,0.1232108
6133,1.3416984,0.12225226
6136,1.3435206,0.12122316
6140,1.3452951,0.12012391
6143,1.3470328,0.11895653
6147,1.3487019,0.11772459
6151,1.3503371,0.11643166
6154,1.3518835,0.1150813
6158,1.3534023,0.11367734
6162,1.3548119,0.11222442
6165,1.356203,0.11072774
6169,1.3574682,0.10919189
6173,1.3587257,0.10762186
6176,1.359846,0.10601956
6180,1.3609662,0.10438851
6184,1.3619394,0.10273003
6187,1.3629096,0.10104693
6191,1.3637373,0.099345158
6195,1.3645502,0.097627442
6199,1.3652298,0.09589814
6202,1.3658823,0.094160911
6206,1.3664112,0.092420862
6210,1.3669004,0.090682617
6213,1.3672802,0.088952728
6217,1.367609,0.087235695
6221,1.3678449,0.085535089
6225,1.3680211,0.083855659
6228,1.3681201,0.0822011
6232,1.3681517,0.080575126
6236,1.3681215,0.078983164
6240,1.3680188,0.077430125
6243,1.3678725,0.075921221
6247,1.3676567,0.074461346
6251,1.3674145,0.073051286
6255,1.367114,0.071690177
6258,1.366798,0.070376994
6262,1.3664323,0.069110718
6266,1.3660583,0.067890324
6270,1.3656414,0.066714791
6274,1.365221,0.065583097
6277,1.3647641,0.064494219
6281,1.3643068,0.063447135
6285,1.3638195,0.062440823
6289,1.3633323,0.06147426
6293,1.3628251,0.060546425
6296,1.3623167,0.059656295
6300,1.3617957,0.058802849
6304,1.3612727,0.057985062
6308,1.360743,0.057201915
6312,1.3602115,0.056452383
6316,1.3596777,0.055735445
6319,1.359143,0.055050079
6323,1.3586094,0.054395263
6327,1.3580763,0.053769974
6331,1.3575465,0.05317319
6335,1.3570191,0.052603889
6339,1.3564964,0.052061048
6343,1.3559784,0.051543645
6346,1.3554656,0.051050659
6350,1.3549601,0.050581066
6354,1.3544599,0.050133845
6358,1.3539695,0.049707974
6362,1.353484,0.049302429
6366,1.353011,0.048916189
6370,1.3525419,0.048548232
6374,1.3520881,0.048197536
6378,1.3516369,0.047863077
6382,1.3512037,0.047543835
6386,1.3507715,0.047238786
6389,1.3503596,0.046946908
6393,1.3499477,0.04666718
6397,1.3495576,0.046398579
6401,1.349168,0.046140082
6405,1.3487983,0.045890668
6409,1.3484308,0.045649314
6413,1.3480811,0.045414999
6417,1.347735,0.045186698
6421,1.3474043,0.044963392
6425,1.3470785,0.044744057
6429,1.3467651,0.044527671
6433,1.3464576,0.044313211
6437,1.3461593,0.044099657
6441,1.3458669,0.043885984
6445,1.3455799,0.043671172
6449,1.3452977,0.043454198
6453,1.3450152,0.043234039
6457,1.3447323,0.043009914
6461,1.3444457,0.042784605
6465,1.3441531,0.042569898
6469,1.3438628,0.042368073
6473,1.3435775,0.042160887
6477,1.3432903,0.041947607
6481,1.3429971,0.041752551
6485,1.3427028,0.041555487
6489,1.3424034,0.041367926
6494,1.3421051,0.04120126
6498,1.3418199,0.041033991
6502,1.3415347,0.040862847
6506,1.3412509,0.040708296
6510,1.3409671,0.040558189
6514,1.3406885,0.040406756
6518,1.3404104,0.040278293
6522,1.3401465,0.04014042
6526,1.3398849,0.03998911
6530,1.3396208,0.039857034
6534,1.3393559,0.039735958
6539,1.3390989,0.039607964
6543,1.3388449,0.039484203
6547,1.338593,0.039360072
6551,1.3383422,0.039242562
6555,1.3380941,0.039127439
6559,1.3378481,0.039007328
6563,1.3376027,0.038894787
6568,1.3373581,0.038786944
6572,1.3371179,0.038688041
6576,1.3368838,0.038578257
6580,1.3366468,0.038460877
6584,1.336404,0.038362026
6588,1.3361644,0.038275056
6593,1.3359337,0.038172711
6597,1.3357004,0.038063001
6601,1.3354568,0.037973229
6605,1.3352148,0.037888139
6609,1.3349838,0.037816141
6614,1.334753,0.037741236
6618,1.3345273,0.037664004
6622,1.3343016,0.037597593
6626,1.3340771,0.037519418
6631,1.3338526,0.037444897
6635,1.3336367,0.037392523
6639,1.3334217,0.037342101
6643,1.3332129,0.037276261
6648,1.3330055,0.037214838
6652,1.3328035,0.037161507
6656,1.3326034,0.037098512
6660,1.3323977,0.037032437
6665,1.3321893,0.036974121
6669,1.3319891,0.036928993
6673,1.3317944,0.036885716
6678,1.3315981,0.036826983
6682,1.3314005,0.036771353
6686,1.3312075,0.036732115
6690,1.3310202,0.036688387
6695,1.3308349,0.036641065
6699,1.3306528,0.036595959
6703,1.3304726,0.036549263
6708,1.3302967,0.036498439
6712,1.330117,0.036435224
6716,1.3299248,0.036373354
6721,1.3297313,0.036323659
6725,1.3295307,0.036272056
6730,1.3293314,0.036238141
6734,1.3291455,0.036215406
6738,1.3289597,0.036192495
6743,1.3287911,0.036168136
6747,1.3286225,0.036126457
6751,1.3284497,0.036094777
6756,1.3282766,0.036062755
6760,1.3280999,0.036022387
6765,1.3279228,0.035997637
6769,1.3277588,0.035975091
6773,1.3275985,0.035960156
6778,1.32744,0.035921384
6782,1.3272823,0.035868563
6787,1.3271138,0.035829112
6791,1.3269392,0.035781033
6796,1.3267622,0.035742838
6800,1.3265833,0.035731919
6805,1.3264122,0.035717528
6809,1.3262492,0.035685051
6814,1.3260855,0.03566559
6818,1.3259207,0.035636455
6822,1.3257571,0.035606034
6827,1.3255961,0.035598554
6831,1.3254323,0.035564624
6836,1.3252611,0.035537459
6840,1.3250907,0.035530392
6845,1.3249233,0.035509925
6850,1.3247577,0.035509508
6854,1.3246057,0.035505243
6859,1.3244541,0.035489149
6863,1.3243098,0.035488151
6868,1.3241656,0.035459198
6872,1.3240097,0.035444871
6877,1.3238535,0.035448406
6881,1.3237048,0.035426416
6886,1.3235571,0.035421588
6890,1.3234111,0.035407189
6895,1.3232656,0.035381723
6900,1.3231195,0.035377771
6904,1.3229732,0.035361163
6909,1.3228245,0.035346009
6913,1.3226747,0.035339072
6918,1.3225304,0.035334166
6923,1.3223897,0.035326522
6927,1.3222482,0.035308182
6932,1.3221061,0.035306565
6937,1.3219663,0.035295479
6941,1.3218293,0.035282165
6946,1.3216875,0.035272628
6951,1.3215379,0.035238065
6955,1.3213925,0.035234835
6960,1.3212564,0.035245903
6965,1.3211196,0.035227463
6969,1.3209799,0.035215698
6974,1.3208396,0.035205636
6979,1.3206961,0.035190381
6983,1.3205529,0.03518457
6988,1.3204123,0.035176534
6993,1.3202717,0.035170436
6997,1.3201295,0.035160966
7002,1.3199872,0.035158526
7007,1.3198504,0.035156578
7012,1.319714,0.035152394
7016,1.3195806,0.035150923
7021,1.3194477,0.035138607
7026,1.3193135,0.035134532
7031,1.319179,0.035124339
7035,1.3190407,0.035110496
7040,1.3189008,0.035108261
7045,1.3187611,0.035099048
7050,1.3186215,0.035092574
7055,1.3184805,0.035087138
7059,1.3183385,0.035085656
7064,1.3182018,0.035094328
7069,1.3180704,0.035094101
7074,1.3179384,0.035092734
7079,1.3178054,0.035084013
7083,1.3176719,0.035077736
7088,1.3175377,0.03507676
7093,1.3174009,0.035062827
7098,1.3172567,0.035058893
7103,1.3171144,0.035061281
7108,1.3169798,0.035070684
7113,1.3168449,0.035070945
7118,1.3167081,0.035070769
7122,1.3165717,0.03508025
7127,1.3164435,0.035083093
7132,1.3163154,0.035086248
7137,1.3161805,0.035076503
7142,1.3160455,0.035065763
7147,1.3159036,0.035068288
7152,1.3157609,0.035078727
7157,1.3156253,0.035086162
7162,1.3154913,0.03509894
7167,1.3153611,0.035107858
7172,1.3152322,0.035105322
7177,1.3151003,0.035110813
7182,1.314967,0.035117637
7187,1.314833,0.035125364
7192,1.3146987,0.035124235
7197,1.3145679,0.035138469
7202,1.3144404,0.035157405
7207,1.3143159,0.035166878
7212,1.3141949,0.035167888
7217,1.3140681,0.035156529
7222,1.3139317,0.035160363
7227,1.3137976,0.035169296
7232,1.3136688,0.035179611
7237,1.3135398,0.035185508
7242,1.3134105,0.035188854
7247,1.313281,0.035195816
7252,1.3131506,0.035197951
7257,1.3130196,0.035202265
7262,1.3128806,0.035202697
7267,1.3127416,0.035220433
7272,1.3126169,0.035237242
7277,1.3124922,0.035243478
7282,1.3123681,0.035256263
7288,1.3122442,0.035250723
7293,1.3121117,0.035255406
7298,1.3119777,0.035270151
7303,1.3118451,0.035270944
7308,1.3117128,0.035289474
7313,1.3115849,0.035301596
7318,1.3114589,0.035298027
7324,1.311327,0.035302825
7329,1.3111917,0.035317827
7334,1.311059,0.035330273
7339,1.3109283,0.035340331
7344,1.3107987,0.03535476
7350,1.3106703,0.035367712
7355,1.3105429,0.035380699
7360,1.3104172,0.035392325
7365,1.3102897,0.035400055
7370,1.3101588,0.035405893
7376,1.3100285,0.035423238
7381,1.3099,0.035431348
7386,1.3097726,0.035440821
7391,1.3096499,0.035459593
7397,1.3095257,0.035455011
7402,1.3093891,0.035461418
7407,1.3092527,0.035478204
7413,1.3091185,0.035487518
7418,1.3089842,0.035506688
7423,1.3088653,0.035530746
7429,1.3087469,0.035527751
7434,1.3086128,0.0355311
7439,1.3084768,0.035544436
7445,1.3083416,0.035549022
7450,1.3082065,0.035585247
7455,1.3080727,0.035591699
7461,1.3079392,0.035583757
7466,1.3078109,0.035624929
7471,1.3076851,0.03564138
7477,1.3075588,0.035647295
7482,1.3074322,0.035678782
7488,1.3073032,0.035685562
7493,1.3071721,0.035686541
7498,1.3070439,0.035709873
7504,1.3069193,0.035731547
7509,1.3067941,0.035742164
7515,1.3066678,0.035751712
7520,1.3065418,0.035765707
7526,1.3064162,0.035773989
7531,1.3062875,0.035779957
7537,1.3061476,0.035779528
7542,1.3060097,0.035791278
7547,1.3058831,0.035824846
7553,1.3057561,0.035844885
7559,1.3056227,0.035843015
7564,1.3054893,0.035858709
7570,1.3053579,0.035874709
7575,1.3052266,0.035881978
7581,1.3050947,0.035905115
7586,1.3049627,0.03592648
7592,1.3048425,0.035951495
7597,1.3047243,0.035956614
7603,1.3045926,0.035955537
7608,1.3044571,0.035966434
7614,1.3043238,0.035978012
7620,1.3041915,0.036002226
7625,1.3040618,0.036015563
7631,1.3039337,0.036018334
7636,1.3038022,0.036029618
7642,1.303668,0.036039531
7648,1.3035318,0.036046658
7653,1.3033935,0.036064513
7659,1.3032605,0.036081422
7665,1.3031349,0.036108326
7670,1.3030057,0.036114682
7676,1.3028694,0.036111381
7682,1.3027321,0.036130454
7687,1.3025922,0.036137156
7693,1.3024549,0.036170334
7699,1.3023294,0.036182344
7705,1.3022026,0.036162883
7710,1.3020655,0.036197715
7716,1.3019287,0.036215123
7722,1.3018,0.036226042
7727,1.3016712,0.036245853
7733,1.3015191,0.036223598
7739,1.301366,0.036254864
7745,1.301239,0.03629107
7751,1.3011154,0.036276519
7756,1.3009854,0.036305495
7762,1.300854,0.036317766
7768,1.3007123,0.036306743
7774,1.300567,0.036336146
7780,1.3004251,0.0363461
7785,1.300285,0.036357686
7791,1.30015,0.03639514
7797,1.3000187,0.036394846
7803,1.2998933,0.036418661
7809,1.2997734,0.036450021
7815,1.2996436,0.036431294
7821,1.2995012,0.036427587
7827,1.2993639,0.036443591
7833,1.2992354,0.036465865
7838,1.2991023,0.036469258
7844,1.2989581,0.036451794
7850,1.2988162,0.036456399
7856,1.2986832,0.036488384
7862,1.2985493,0.036501467
7868,1.2984111,0.03648914
7874,1.2982732,0.036500566
7880,1.2981394,0.036503471
7886,1.2980057,0.036502164
7892,1.2978613,0.0364976
7898,1.2977169,0.036490284
7904,1.2975813,0.036510013
7910,1.2974464,0.036510922
7916,1.2973021,0.036498092
7922,1.2971561,0.036503036
7928,1.2970231,0.036512889
7934,1.2968937,0.036503214
7941,1.2967504,0.036473293
7947,1.2966011,0.0364707
7953,1.2964494,0.036462288
7959,1.2962963,0.03642546
7965,1.2961471,0.036438141
7971,1.2960009,0.036423255
7977,1.2958445,0.036376096
7983,1.2956771,0.036383845
7989,1.2955108,0.036371496
7996,1.2953462,0.036348373
8002,1.2951786,0.036340885
8008,1.2950047,0.03631983
8014,1.2948333,0.03630545
8020,1.2946689,0.036318041
8027,1.2945004,0.036299009
8033,1.2943133,0.036266502
8039,1.2941269,0.036267951
8045,1.2939455,0.036262762
8051,1.293764,0.036267538
8058,1.2935791,0.036252312
8064,1.2933942,0.036226012
8070,1.2932001,0.036241181
8077,1.2930056,0.036238141
8083,1.2928135,0.036248777
8089,1.2926217,0.036286339
8095,1.2924419,0.036288157
8102,1.2922648,0.036277864
8108,1.2920763,0.036267046
8114,1.2918837,0.036316384
8121,1.2916887,0.036315806
8127,1.2914925,0.036255211
8134,1.2912966,0.036304615
8140,1.2911008,0.036335375
8146,1.2909134,0.036347665
8153,1.2907339,0.036374636
8159,1.2905419,0.036364157
8166,1.2903339,0.036349677
8172,1.2901276,0.036370404
8178,1.2899243,0.03640604
8185,1.2897258,0.036426652
8191,1.2895387,0.036465757
8198,1.28935,0.036477428
8204,1.2891553,0.036491189
8211,1.2889588,0.036499672
8217,1.2887514,0.036519382
8224,1.2885448,0.036571931
8230,1.2883492,0.036580872
8237,1.2881536,0.036595829
8243,1.287949,0.036627989
8250,1.2877445,0.036672898
8257,1.2875496,0.036707181
8263,1.2873556,0.036708064
8270,1.2871572,0.036765296
8276,1.286958,0.036833622
8283,1.2867855,0.036876146
8290,1.2866208,0.036945783
8296,1.2864653,0.036967456
8303,1.2863137,0.036966819
8310,1.2861456,0.036964737
8316,1.2859675,0.036969613
8323,1.2858009,0.037014313
8330,1.2856436,0.036959048
8336,1.2854539,0.036887232
8343,1.2852281,0.036903072
8350,1.2850053,0.036897726
8356,1.284787,0.036896937
8363,1.2845711,0.036918048
8370,1.2843605,0.036918364
8377,1.284148,0.036919158
8383,1.2839295,0.036928743
8390,1.2837107,0.036931418
8397,1.2834898,0.036944598
8404,1.2832677,0.036949124
8411,1.2830353,0.036957011
8417,1.2828032,0.036979016
8424,1.2825774,0.036998842
8431,1.2823516,0.037018631
8438,1.2821237,0.037037797
8445,1.2818957,0.037049815
8452,1.2816631,0.037074979
8459,1.2814299,0.037110794
8466,1.2812003,0.037133809
8472,1.2809716,0.037161205
8479,1.2807465,0.037194826
8486,1.2805227,0.037222393
8493,1.280295,0.037241869
8500,1.2800652,0.037275251
8507,1.2798419,0.037314761
8514,1.2796231,0.037326932
8521,1.2793966,0.037341267
8528,1.2791627,0.037362453
8535,1.2789269,0.037382603
8542,1.2786886,0.037403595
8549,1.2784511,0.037426509
8556,1.2782149,0.037458293
8563,1.2779756,0.037477739
8571,1.2777287,0.037493519
8578,1.2774827,0.037524827
8585,1.2772396,0.037554912
8592,1.2769951,0.03757621
8599,1.2767413,0.03760054
8606,1.2764874,0.037632376
8613,1.2762319,0.037663303
8620,1.2759764,0.037690111
8628,1.275715,0.037730545
8635,1.2754535,0.037784062
8642,1.2751957,0.037821941
8649,1.2749381,0.03785209
8656,1.2746752,0.037907612
8664,1.2744112,0.037973337
8671,1.2741521,0.038027778
8678,1.2738944,0.038098156
8685,1.273655,0.038183086
8693,1.2734237,0.03825251
8700,1.2732006,0.038319457
8707,1.2729826,0.038387366
8715,1.2727756,0.038445182
8722,1.2725777,0.038494676
8729,1.2723717,0.038512468
8737,1.2721566,0.038517725
8744,1.2719369,0.03853213
8751,1.2717104,0.038540799
8759,1.2714784,0.038538586
8766,1.2712347,0.038536996
8774,1.2709875,0.038539793
8781,1.2707295,0.038533248
8788,1.2704713,0.038537409
8796,1.2702117,0.038546175
8803,1.2699521,0.038544685
8811,1.2696935,0.038550429
8818,1.2694341,0.038544487
8826,1.2691446,0.03850989
8833,1.2688551,0.038482532
8841,1.2685485,0.038484607
8848,1.2682409,0.038485516
8856,1.2679215,0.038479857
8864,1.2676003,0.03848296
8871,1.2672689,0.038493913
8879,1.266935,0.038514972
8886,1.266595,0.038539998
8894,1.2662528,0.038574212
8902,1.2659177,0.038631114
8909,1.2655864,0.038683251
8917,1.2652522,0.038727482
8925,1.264916,0.03879339
8932,1.2645876,0.03886713
8940,1.2642671,0.038935918
8948,1.2639509,0.039009394
8955,1.2636406,0.039078606
8963,1.2633305,0.039148118
8971,1.2630208,0.039201712
8979,1.2627093,0.039251839
8986,1.2623935,0.039325358
8994,1.2620793,0.039391268
9002,1.2617711,0.039452618
9010,1.2614612,0.039508486
9018,1.261141,0.03955835
9026,1.2608212,0.039619678
9033,1.2605069,0.039682797
9041,1.2601925,0.039735598
9049,1.2598672,0.03978662
9057,1.2595418,0.039847382
9065,1.2592162,0.039902205
9073,1.2588906,0.039953752
9081,1.258557,0.040006952
9089,1.258222,0.040073972
9097,1.2578904,0.040136083
9105,1.2575599,0.040181512
9113,1.2572227,0.040239603
9121,1.2568824,0.040304484
9129,1.2565416,0.040363464
9137,1.2562005,0.040416075
9145,1.2558567,0.040474323
9153,1.2555107,0.040537265
9161,1.2551617,0.040590306
9169,1.2548094,0.040649184
9177,1.2544539,0.040708543
9185,1.2540935,0.040761919
9194,1.2537322,0.040826639
9202,1.2533689,0.040890327
9210,1.2530048,0.040947456
9218,1.2526381,0.041020616
9226,1.2522704,0.041084729
9235,1.2518982,0.041147174
9243,1.2515252,0.041216865
9251,1.251144,0.041276512
9259,1.250763,0.041345291
9268,1.2503847,0.041423383
9276,1.2500064,0.041489943
9284,1.2496186,0.041558165
9292,1.2492304,0.041629185
9301,1.2488356,0.041699152
9309,1.2484398,0.041771508
9318,1.2480426,0.041850964
9326,1.2476449,0.041929267
9334,1.2472415,0.042003517
9343,1.2468359,0.042078238
9351,1.2464256,0.042158974
9360,1.2460128,0.042244081
9368,1.2456001,0.042331994
9376,1.2451877,0.042419839
9385,1.2447721,0.042506829
9393,1.2443534,0.04258924
9402,1.2439311,0.042677953
9411,1.2435039,0.042766001
9419,1.2430756,0.042858694
9428,1.2426453,0.042956379
9436,1.242214,0.043050712
9445,1.2417799,0.043148956
9453,1.2413449,0.043248533
9462,1.2409062,0.043343777
9471,1.2404658,0.043440706
9479,1.2400142,0.043536492
9488,1.2395627,0.043642821
9497,1.2391118,0.043752602
9505,1.2386609,0.043860253
9514,1.2382057,0.043968649
9523,1.2377505,0.044077383
9532,1.2372891,0.044185077
9540,1.236827,0.044292519
9549,1.2363542,0.044399319
9558,1.2358793,0.044515545
9567,1.2354046,0.044636281
9576,1.2349299,0.044755227
9584,1.2344493,0.044870518
9593,1.2339659,0.044990365
9602,1.2334769,0.045110705
9611,1.2329844,0.045229436
9620,1.2324858,0.04535042
9629,1.2319821,0.045485704
9638,1.2314787,0.04562215
9647,1.2309758,0.045755989
9656,1.2304697,0.045889171
9665,1.2299587,0.046025772
9674,1.2294438,0.046160718
9683,1.2289204,0.046295409
9692,1.2283944,0.046431351
9701,1.2278604,0.046582941
9710,1.227326,0.046735486
9719,1.2267899,0.046887923
9728,1.2262526,0.047039987
9737,1.2257042,0.047192646
9747,1.2251555,0.047345171
9756,1.2245911,0.047508058
9765,1.2240267,0.047671429
9774,1.2234603,0.047857258
9783,1.2228937,0.048043088
9793,1.2223286,0.048228918
9802,1.2217637,0.048414747
9811,1.2211928,0.048600577
9820,1.2206203,0.048786406
9830,1.2200341,0.048972236
9839,1.2194427,0.049158645
9848,1.2188505,0.04937219
9858,1.2182579,0.049585735
9867,1.2176652,0.04979928
9877,1.2170725,0.050012826
9886,1.216475,0.050226371
9895,1.2158729,0.050439916
9905,1.2152605,0.050653462
9914,1.2146346,0.050867702
9924,1.2140104,0.051114127
9933,1.2133895,0.051360551
9943,1.2127682,0.051606976
9952,1.2121459,0.0518534
9962,1.2115213,0.052099824
9972,1.210888,0.052346249
9981,1.2102508,0.052592673
9991,1.2095878,0.052839898
10000,1.2089257,0.053125688
10010,1.208277,0.053411477
10020,1.2076283,0.053697266
10029,1.2069768,0.053983055
10039,1.2063253,0.054268844
10049,1.2056614,0.054554633
10059,1.2049963,0.054840422
10068,1.204308,0.055127116
10078,1.2036151,0.055457495
10088,1.2029357,0.055787875
10098,1.2022606,0.056118254
10108,1.201583,0.056448634
10118,1.2009043,0.056779013
10127,1.2002151,0.057109393
10137,1.1995191,0.057439772
10147,1.1988121,0.05777117
10157,1.1980954,0.05815075
10167,1.1973869,0.058530329
10177,1.1966878,0.058909909
10187,1.1959871,0.059289488
10197,1.195284,0.059669068
10207,1.1945741,0.060048647
10217,1.1938495,0.060428227
10227,1.1931221,0.060808923
10237,1.1923857,0.061243054
10247,1.1916522,0.061677186
10258,1.1909331,0.062111317
10268,1.1902137,0.062545448
10278,1.1894904,0.062979579
10288,1.1887667,0.06341371
10298,1.188018,0.063847841
10309,1.1872692,0.064283188
10319,1.1865198,0.064776363
10329,1.1857704,0.065269539
10339,1.1850352,0.065762715
10350,1.1843022,0.06625589
10360,1.1835654,0.066749066
10370,1.1828276,0.067242242
10381,1.1820665,0.067735417
10391,1.1812962,0.068230076
10402,1.1805372,0.068797055
10412,1.1797844,0.069364035
10423,1.179045,0.069931014
10433,1.1783156,0.070497994
10444,1.1775883,0.071064974
10454,1.176863,0.071631953
10465,1.1761276,0.072198933
10475,1.1753785,0.072767507
10486,1.1746512,0.07341372
10496,1.1739646,0.074059933
10507,1.1733131,0.074706147
10518,1.1727543,0.07535236
10528,1.17217,0.075785332
10539,1.1714846,0.076221029
10550,1.1707848,0.076660147
10561,1.1699858,0.077105042
10571,1.1691872,0.077634689
10582,1.1683954,0.078166435
10593,1.1676036,0.078700912
10604,1.166791,0.079238997
10615,1.165978,0.079781126
10625,1.1651322,0.080328438
10636,1.1642829,0.080881375
10647,1.1633882,0.081442162
10658,1.1624842,0.082084067
10669,1.1616,0.082730161
10680,1.1607221,0.083381156
10691,1.1598369,0.084037803
10702,1.1589484,0.084701283
10713,1.1580425,0.085372175
10724,1.1571255,0.086051258
10735,1.1561931,0.086741005
10747,1.1552474,0.087505432
10758,1.1543127,0.088276351
10769,1.153391,0.089054763
10780,1.1524675,0.089841721
10791,1.1515409,0.090637902
10803,1.1506075,0.091444033
10814,1.1496592,0.092261243
10825,1.1487092,0.093091598
10836,1.1477537,0.093985584
10848,1.1468015,0.094888219
10859,1.145866,0.095800497
10871,1.1449305,0.096724034
10882,1.1439949,0.097658762
10893,1.1430593,0.098606004
10905,1.1421112,0.099566024
10916,1.1411632,0.10054057
10928,1.140222,0.10156407
10939,1.1392814,0.10259875
10951,1.1383547,0.10364484
10962,1.1374301,0.10470244
10974,1.1365082,0.10577351
10986,1.1355871,0.10685786
10997,1.1346633,0.10795659
11009,1.1337385,0.10907044
11021,1.13282,0.1102161
11032,1.131905,0.11137346
11044,1.1309921,0.11254247
11056,1.1300808,0.11372454
11068,1.1291638,0.1149197
11080,1.1282409,0.11612838
11091,1.1272911,0.11735217
11103,1.1263041,0.118591
11115,1.1253471,0.11999687
11127,1.1244465,0.12141448
11139,1.1235645,0.12284352
11151,1.1227322,0.12428438
11163,1.1219089,0.12573637
11175,1.1211221,0.12719931
11187,1.1203401,0.12867247
11199,1.1195908,0.13015596
11211,1.1188433,0.13165051
11223,1.1181284,0.13315527
11236,1.1174135,0.13467024
11248,1.1167303,0.13619566
11260,1.1160479,0.13773051
11272,1.1153937,0.13927645
11285,1.1147425,0.1408318
11297,1.1141166,0.14239727
11309,1.1134959,0.14397215
11322,1.1128978,0.14555708
11334,1.1123072,0.14715222
11346,1.1117371,0.14875619
11359,1.1111767,0.15036983
11371,1.1106343,0.15199244
11384,1.1101037,0.15362458
11396,1.1095889,0.15526583
11409,1.1090882,0.15691596
11421,1.1086013,0.15857536
11434,1.1081308,0.16024361
11446,1.1076717,0.16192022
11459,1.1072312,0.16360555
11472,1.1068002,0.16530017
11485,1.1063908,0.16700347
11497,1.1059885,0.16871446
11510,1.1056099,0.17043404
11523,1.1052364,0.17216252
11536,1.1048897,0.17389843
11548,1.1045458,0.175642
11561,1.1042312,0.17739469
11574,1.1039169,0.17915481
11587,1.1036352,0.18092236
11600,1.1033535,0.18269751
11613,1.1031041,0.18448114
11626,1.1028569,0.18627132
11639,1.1026401,0.18806886
11652,1.1024282,0.189873
11665,1.1022451,0.19168363
11679,1.1020696,0.1935
11692,1.1019202,0.19532195
11705,1.1017813,0.19714946
11718,1.1016662,0.19898189
11731,1.1015644,0.20081896
11745,1.1014839,0.20266067
11758,1.1014198,0.20450648
11771,1.1013742,0.20635549
11785,1.1013476,0.20820776
11798,1.1013367,0.21006331
11812,1.1013477,0.21192164
11825,1.1013718,0.21378238
11838,1.1014206,0.21564498
11852,1.1014797,0.21750944
11866,1.1015663,0.2193755
11879,1.1016604,0.22124248
11893,1.1017851,0.2231102
11906,1.1019142,0.22497777
11920,1.1020754,0.22684464
11934,1.1022384,0.22871228
11948,1.1024368,0.23057899
11961,1.1026352,0.23244476
11975,1.1028687,0.23430862
11989,1.1031031,0.23617154
12003,1.1033695,0.23803173
12017,1.1036395,0.23989
12031,1.103938,0.24174558
12045,1.1042425,0.24359757
12059,1.1045717,0.24544662
12073,1.1049089,0.24729215
12087,1.1052674,0.24913397
12101,1.1056359,0.25097208
12115,1.1060223,0.25280647
12129,1.1064205,0.25463773
12143,1.1068338,0.25646511
12158,1.1072607,0.25828887
12172,1.1077004,0.26010985
12186,1.1081555,0.26192716
12201,1.108621,0.26374104
12215,1.1091037,0.26555196
12229,1.1095946,0.2673589
12244,1.110104,0.26916306
12258,1.1106196,0.27096417
12273,1.1111556,0.27276179
12287,1.1116958,0.27455662
12302,1.1122583,0.27634867
12317,1.1128229,0.27813782
12331,1.1134115,0.27992342
12346,1.1140004,0.28170706
12361,1.1146153,0.28348702
12375,1.1152303,0.28526507
12390,1.1158698,0.28703936
12405,1.116511,0.28881174
12420,1.1171749,0.29058053
12435,1.1178424,0.29234644
12450,1.1185306,0.29411036
12465,1.1192245,0.29587091
12480,1.1199372,0.29762919
12495,1.1206575,0.29938492
12510,1.1213951,0.30113787
12525,1.1221425,0.30288864
12540,1.1229057,0.30463698
12555,1.1236812,0.30638254
12570,1.1244708,0.30812531
12586,1.1252751,0.30986577
12601,1.1260919,0.31160306
12616,1.1269261,0.31333691
12632,1.1277707,0.3150678
12647,1.1286354,0.31679406
12662,1.1295082,0.31851626
12678,1.1304034,0.32023489
12693,1.1313045,0.32194841
12709,1.1322307,0.32365783
12725,1.1331606,0.32536168
12740,1.1341177,0.32705997
12756,1.1350762,0.32875268
12772,1.1360643,0.33043978
12787,1.1370525,0.33212037
12803,1.1380701,0.33379428
12819,1.1390885,0.33546163
12835,1.1401336,0.33712158
12851,1.1411817,0.3387741
12867,1.1422538,0.34042002
12883,1.1433312,0.34205785
12899,1.1444298,0.34368809
12915,1.1455357,0.3453109
12931,1.1466608,0.34692559
12947,1.1477952,0.34853193
12963,1.1489463,0.35012991
12979,1.1501084,0.35171954
12996,1.1512852,0.35330081
13012,1.1524752,0.35487321
13028,1.1536775,0.35643633
13045,1.1548948,0.35799017
13061,1.1561218,0.35953432
13078,1.1573651,0.36106862
13094,1.1586163,0.36259364
13111,1.1598856,0.36410908
13127,1.1611605,0.36561405
13144,1.1624544,0.36710832
13161,1.1637521,0.36859312
13177,1.1650705,0.37006755
13194,1.1663908,0.37153108
13211,1.1677333,0.37298508
13228,1.169076,0.3744271
13245,1.1704412,0.3758589
13262,1.1718064,0.37728018
13279,1.1731917,0.3786893
13296,1.1745786,0.38008814
13313,1.1759842,0.38147677
13330,1.1773929,0.38285353
13347,1.178818,0.38421981
13364,1.1802477,0.38557436
13381,1.1816922,0.38691828
13399,1.1831426,0.38825062
13416,1.184606,0.38957153
13433,1.1860769,0.39088131
13451,1.1875591,0.39217937
13468,1.1890502,0.39346535
13486,1.1905507,0.39473927
13503,1.192061,0.39600111
13521,1.1935789,0.39725089
13539,1.1951079,0.39848859
13556,1.196643,0.39971387
13574,1.19819,0.40092647
13592,1.1997415,0.40212671
13610,1.2013058,0.4033142
13628,1.2028732,0.40448919
13646,1.2044538,0.40565062
13663,1.2060362,0.40679982
13682,1.2076325,0.40793603
13700,1.2092295,0.40905925
13718,1.210841,0.41016946
13736,1.2124524,0.41126667
13754,1.214077,0.41235047
13772,1.2157021,0.41342119
13791,1.2173385,0.41447891
13809,1.2189763,0.41552363
13827,1.2206242,0.41655535
13846,1.2222743,0.41757407
13864,1.223933,0.4185798
13883,1.2255948,0.41957252
13902,1.2272639,0.42055225
13920,1.2289367,0.42151963
13939,1.230616,0.42247371
13958,1.2322997,0.42341444
13977,1.2339886,0.42434271
13995,1.2356825,0.42525791
14014,1.2373806,0.42615964
14033,1.2390839,0.42704881
14052,1.2407908,0.42792512
14071,1.2425036,0.42878786
14090,1.2442187,0.42963727
14110,1.2459394,0.43047334
14129,1.2476619,0.43129683
14148,1.2493902,0.43210683
14167,1.2511196,0.4329044
14187,1.2528552,0.43368818
14206,1.2545912,0.43445897
14226,1.2563329,0.43521676
14245,1.2580745,0.43596159
14265,1.2598225,0.43669434
14285,1.2615704,0.43741269
14304,1.2633224,0.43811892
14324,1.2650748,0.43881218
14344,1.2668308,0.43949244
14364,1.2685874,0.4401597
14384,1.2703469,0.44081475
14404,1.2721071,0.44145773
14424,1.2738701,0.44208793
14444,1.2756342,0.44270512
14464,1.2774,0.44330997
14484,1.2791668,0.44390274
14504,1.2809351,0.44448287
14525,1.2827046,0.44505108
14545,1.2844752,0.44560663
14565,1.2862468,0.4461492
14586,1.2880188,0.44667969
14606,1.2897913,0.44719812
14627,1.291564,0.44770447
14648,1.2933371,0.44819876
14668,1.29511,0.44868097
14689,1.2968824,0.44915162
14710,1.2986548,0.44961163
14731,1.300427,0.45005974
14752,1.302199,0.45049686
14773,1.3039704,0.45092377
14794,1.3057419,0.45134039
14815,1.3075134,0.45174594
14836,1.3092849,0.45214221
14858,1.3110564,0.45252693
14879,1.312828,0.45290142
14900,1.3145994,0.45326658
14922,1.3163709,0.4536216
14943,1.3181431,0.45396724
14965,1.3199155,0.45430279
14986,1.3216894,0.45462889
15008,1.3234638,0.45494571
15030,1.3252402,0.45525187
15052,1.3270176,0.45554754
15074,1.3287967,0.455833
15096,1.330577,0.45610824
15118,1.3323591,0.45637274
15140,1.334143,0.45662559
15162,1.3359277,0.45686683
15184,1.3377137,0.45709737
15206,1.3395008,0.4573169
15229,1.3412896,0.45752472
15251,1.3430791,0.45772107
15273,1.3448703,0.45790565
15296,1.3466622,0.45807908
15319,1.3484568,0.45824094
15341,1.3502518,0.45838998
15364,1.3520495,0.45852695
15387,1.3538475,0.45865163
15410,1.355649,0.45876238
15432,1.3574504,0.45885925
15455,1.3592547,0.45894311
15479,1.361059,0.45901061
15502,1.3628634,0.45906415
15525,1.3646677,0.45910198
15548,1.3664712,0.45912489
15572,1.3682746,0.45913211
15595,1.3700756,0.45912277
15618,1.371876,0.45909822
15642,1.373673,0.45905666
15666,1.3754686,0.45899814
15689,1.3772587,0.45892291
15713,1.3790457,0.45883036
15737,1.380826,0.45872132
15761,1.3826008,0.45859595
15785,1.3843683,0.45845437
15809,1.3861278,0.45829747
15833,1.3878803,0.45812572
15857,1.3896223,0.45793951
15882,1.3913581,0.45773972
15906,1.3930812,0.45752726
15930,1.3947994,0.45730245
15955,1.3965034,0.45706513
15979,1.3982038,0.45681646
16004,1.399888,0.4565559
16029,1.4015698,0.45628419
16054,1.4032326,0.45600146
16079,1.4048946,0.45570858
16103,1.4065354,0.45540638
16129,1.4081761,0.45509397
16154,1.4097926,0.45477288
16179,1.4114082,0.45444529
16204,1.413002,0.4541103
16230,1.4145931,0.45377047
16255,1.4161655,0.45342598
16280,1.4177337,0.45307686
16306,1.4192857,0.4527246
16332,1.420832,0.45236954
16357,1.4223652,0.45201239
16383,1.4238917,0.45165401
16409,1.425408,0.45129471
16435,1.4269172,0.45093562
16461,1.4284192,0.45057693
16488,1.4299146,0.45021973
16514,1.4314062,0.44986439
16540,1.432893,0.44951084
16567,1.4343788,0.44915968
16593,1.4358632,0.44881002
16620,1.4373482,0.44846096
16646,1.4388347,0.44811191
16673,1.4403225,0.44776236
16700,1.4418147,0.44741095
16727,1.443308,0.44705733
16754,1.444808,0.44669986
16781,1.4463086,0.44633764
16808,1.447816,0.44596991
16835,1.4493235,0.44559748
16863,1.4508394,0.44521853
16890,1.4523553,0.44483381
16918,1.4538807,0.44444167
16946,1.4554068,0.44404209
16973,1.4569427,0.44363338
17001,1.4584805,0.44321538
17029,1.4600281,0.44278653
17057,1.4615786,0.44234579
17085,1.4631377,0.44189156
17113,1.4647005,0.44142204
17142,1.4662694,0.44093674
17170,1.4678418,0.44043445
17198,1.4694179,0.43991394
17227,1.470997,0.43937434
17256,1.4725777,0.43881523
17284,1.4741604,0.43823478
17313,1.4757423,0.43763154
17342,1.4773231,0.43700563
17371,1.4789014,0.4363558
17400,1.4804746,0.43568058
17430,1.4820435,0.43497936
17459,1.4835999,0.4342519
17488,1.4851513,0.43349794
17518,1.4866805,0.43271908
17548,1.4882058,0.43191609
17577,1.4896994,0.43108926
17607,1.4911916,0.43024122
17637,1.4926438,0.42937368
17667,1.494096,0.42848659
17697,1.4955039,0.42758411
17728,1.4969099,0.42666678
17758,1.4982752,0.42573548
17788,1.4996352,0.42479196
17819,1.5009568,0.42383556
17850,1.5022694,0.4228685
17880,1.5035452,0.42189123
17911,1.5048077,0.42090588
17942,1.5060359,0.4199131
17973,1.5072465,0.41891482
18005,1.5084259,0.41791309
18036,1.5095835,0.41691029
18067,1.5107158,0.41590909
18099,1.5118241,0.41491166
18131,1.5129155,0.41391979
18162,1.5139851,0.41293528
18194,1.5150437,0.41195461
18226,1.516083,0.41097675
18258,1.5171136,0.41000168
18290,1.5181233,0.40902941
18323,1.5191269,0.40805992
18355,1.5201085,0.4070932
18388,1.5210863,0.40612926
18420,1.5220414,0.40516809
18453,1.5229948,0.40420968
18486,1.5239248,0.40325402
18519,1.5248547,0.40230111
18552,1.5257609,0.40135094
18585,1.526667,0.4004035
18619,1.5275521,0.3994588
18652,1.5284353,0.39851681
18686,1.5293002,0.39757755
18720,1.5301616,0.39664099
18754,1.5310069,0.39570714
18788,1.5318473,0.39477599
18822,1.5326737,0.39384753
18856,1.533494,0.39292175
18890,1.5343022,0.39199865
18925,1.535103,0.39107823
18959,1.5358935,0.39016048
18994,1.5366756,0.38924538
19029,1.537449,0.38833294
19064,1.5382128,0.38742315
19099,1.5389697,0.386516
19134,1.5397159,0.38561149
19170,1.5404566,0.3847096
19205,1.5411857,0.38381034
19241,1.5419107,0.3829137
19276,1.5426233,0.38201967
19312,1.543333,0.38112825
19348,1.5440294,0.38023942
19385,1.5447243,0.37935319
19421,1.545405,0.37846954
19457,1.5460852,0.37758847
19494,1.5467506,0.37670998
19531,1.547416,0.37583406
19567,1.5480672,0.3749607
19604,1.5487177,0.37408989
19642,1.5493555,0.37322163
19679,1.5499915,0.37235592
19716,1.550616,0.37149274
19754,1.5512378,0.3706321
19791,1.5518494,0.36977397
19829,1.5524574,0.36891837
19867,1.5530563,0.36806528
19905,1.5536507,0.3672147
19944,1.5542372,0.36636661
19982,1.5548183,0.36552102
20021,1.5553927,0.36467792
20059,1.5559607,0.3638373
20098,1.5565231,0.36299915
20137,1.5570784,0.36216347
20177,1.5576291,0.36133026
20216,1.5581718,0.3604995
20255,1.558711,0.35967119
20295,1.5592414,0.35884532
20335,1.5597692,0.3580219
20375,1.5602876,0.3572009
20415,1.5608043,0.35638233
20455,1.5613107,0.35556619
20496,1.5618164,0.35475245
20536,1.5623112,0.35394112
20577,1.5628059,0.35313219
20618,1.5632893,0.35232566
20659,1.5637726,0.35152151
20700,1.5642456,0.35071975
20741,1.5647176,0.34992036
20783,1.5651802,0.34912334
20825,1.5656411,0.34832869
20867,1.5660936,0.34753639
20909,1.5665436,0.34674645
20951,1.566986,0.34595885
20993,1.5674251,0.34517359
21036,1.5678576,0.34439066
21079,1.5682861,0.34361006
21122,1.5687088,0.34283177
21165,1.5691267,0.34205581
21208,1.5695397,0.34128215
21252,1.5699472,0.34051079
21295,1.5703506,0.33974173
21339,1.5707478,0.33897495
21383,1.5711416,0.33821046
21427,1.5715286,0.33744825
21472,1.5719131,0.33668831
21516,1.57229,0.33593063
21561,1.5726652,0.33517521
21606,1.5730321,0.33442204
21651,1.573398,0.33367112
21696,1.5737549,0.33292244
21742,1.5741117,0.33217599
21787,1.5744588,0.33143177
21833,1.5748059,0.33068977
21879,1.5751438,0.32994999
21925,1.5754812,0.32921241
21972,1.5758101,0.32847704
22019,1.5761378,0.32774386
22065,1.5764578,0.32701287
22112,1.5767759,0.32628407
22160,1.577087,0.32555745
22207,1.5773955,0.32483299
22255,1.5776978,0.3241107
22303,1.5779968,0.32339058
22351,1.5782903,0.3226726
22399,1.5785797,0.32195677
22448,1.5788644,0.32124308
22496,1.5791444,0.32053153
22545,1.5794203,0.31982211
22594,1.5796908,0.3191148
22644,1.5799579,0.31840961
22693,1.580219,0.31770654
22743,1.5804773,0.31700556
22793,1.5807289,0.31630669
22843,1.5809785,0.3156099
22894,1.5812206,0.3149152
22944,1.5814614,0.31422258
22995,1.581694,0.31353203
23046,1.5819259,0.31284355
23097,1.5821489,0.31215712
23149,1.5823719,0.31147275
23201,1.5825855,0.31079043
23253,1.5827989,0.31011015
23305,1.5830036,0.30943191
23358,1.5832074,0.30875569
23410,1.5834031,0.3080815
23463,1.5835972,0.30740933
23516,1.5837838,0.30673916
23570,1.5839681,0.306071
23624,1.5841455,0.30540484
23678,1.5843199,0.30474067
23732,1.5844881,0.30407848
23786,1.5846524,0.30341828
23841,1.5848113,0.30276005
23896,1.5849654,0.30210378
23951,1.5851147,0.30144948
24006,1.5852584,0.30079713
24062,1.585398,0.30014673
24118,1.5855312,0.29949828
24174,1.5856609,0.29885175
24231,1.5857832,0.29820716
24288,1.5859027,0.2975645
24345,1.5860139,0.29692375
24402,1.586123,0.29628491
24459,1.5862226,0.29564798
24517,1.5863209,0.29501294
24575,1.5864084,0.2943798
24634,1.5864955,0.29374855
24692,1.5865702,0.29311918
24751,1.5866448,0.29249168
24810,1.5867063,0.29186605
24870,1.5867671,0.29124228
24930,1.5868139,0.29062037
24990,1.5868586,0.2900003
25050,1.586885,0.28938208
25111,1.5869068,0.28877045
25172,1.5869232,0.28817799
25233,1.5869376,0.28758553
25295,1.586942,0.28699307
25356,1.5869411,0.28640474
25419,1.5869393,0.28583697
25481,1.5869369,0.28526919
25544,1.586932,0.28470141
25607,1.5869248,0.28413364
25670,1.5869121,0.28356586
25734,1.5868922,0.28299808
25798,1.5868637,0.2824303
25862,1.5868197,0.28186417
25927,1.5867751,0.28132121
25992,1.5867292,0.28077826
26057,1.5866812,0.28023531
26123,1.5866258,0.27969236
26189,1.586568,0.27914926
26255,1.5864943,0.27860617
26322,1.5864183,0.27806308
26389,1.5863034,0.27751999
26456,1.5861885,0.27702445
26524,1.5860904,0.27653073
26592,1.5859926,0.27603702
26660,1.5858911,0.2755433
26729,1.5857892,0.27504958
26798,1.585676,0.27455586
26867,1.5855605,0.27406214
26937,1.5854276,0.27356842
27007,1.5852891,0.27309607
27078,1.5851478,0.27262716
27149,1.5850053,0.27215824
27220,1.5848523,0.27168933
27292,1.5846927,0.2712403
27364,1.5845333,0.27079595
27436,1.584374,0.27035161
27509,1.5842094,0.26990726
27582,1.5840387,0.26946291
27655,1.5838588,0.26901857
27729,1.5836644,0.26857422
27804,1.5834616,0.26812987
27879,1.5832408,0.26772047
27954,1.5830224,0.26732549
28029,1.5828114,0.26693051
28105,1.5825993,0.26653554
28182,1.5823814,0.26614063
28258,1.5821618,0.26574576
28336,1.5819257,0.26535088
28413,1.5816893,0.26495601
28491,1.5814323,0.26457601
28570,1.5811753,0.26420572
28649,1.5809085,0.26383543
28728,1.5806411,0.26346514
28808,1.580358,0.26310852
28888,1.5800726,0.26276292
28969,1.5797784,0.26241732
29050,1.5794821,0.26207171
29132,1.5791735,0.26173853
29214,1.5788604,0.26141761
29296,1.5785392,0.2610967
29379,1.5782137,0.26077578
29463,1.577879,0.26046606
29547,1.5775375,0.2601699
29631,1.5771892,0.25987375
29716,1.576834,0.25957759
29801,1.5764727,0.25929129
29887,1.5761031,0.25901974
29973,1.5757302,0.2587482
30060,1.5753512,0.25847665
30148,1.5749658,0.25820511
30236,1.574564,0.25793356
30324,1.5741535,0.25766202
30413,1.5737093,0.25739047
30502,1.5732625,0.25713367
30592,1.5727977,0.25691149
30683,1.5723318,0.25668932
30774,1.571848,0.25646715
30866,1.5713642,0.2562511
30958,1.5708589,0.25605366
31050,1.5703532,0.25585622
31144,1.5698123,0.25565879
31237,1.5692677,0.255471
31332,1.5687068,0.25532289
31427,1.5681425,0.25517477
31522,1.5675524,0.25502666
31618,1.5669541,0.25488569
31715,1.5663442,0.25478695
31812,1.5657288,0.25468821
31910,1.5650907,0.25458946
32009,1.564438,0.25449536
32108,1.563776,0.25444599
32208,1.5631059,0.25439662
32308,1.5624149,0.25434724
32409,1.5616996,0.2543
32511,1.560975,0.2543
32613,1.5602358,0.2543
32716,1.5594723,0.2543
32819,1.5586556,0.2543
32923,1.5578392,0.25439787
33028,1.5570238,0.25449662
33134,1.556197,0.25459536
33240,1.5553123,0.2546941
33347,1.5544285,0.2548857
33454,1.553554,0.25508318
33563,1.5526783,0.25528067
33672,1.5517317,0.25547816
33781,1.5507851,0.25576347
33892,1.5498452,0.2560597
34003,1.5489057,0.25635593
34115,1.547896,0.25665217
34227,1.5468756,0.25705181
34341,1.5458589,0.25747136
34455,1.5448431,0.25789091
34570,1.5437659,0.25831047
34685,1.5426647,0.25886603
34802,1.541584,0.2594585
34919,1.5405144,0.26005096
35037,1.5394128,0.26064342
35155,1.5382873,0.26134486
35275,1.5371672,0.26208543
35395,1.5360525,0.26282601
35517,1.5349099,0.26356659
35639,1.5337292,0.26444242
35762,1.532559,0.26538048
35885,1.5314084,0.26631855
36010,1.5302436,0.26725662
36135,1.5290414,0.26833534
36262,1.5278499,0.26949528
36389,1.5267012,0.27065523
36517,1.525548,0.27181517
36646,1.5243645,0.2731046
36776,1.5231843,0.27448701
36907,1.5220642,0.27586942
37039,1.520944,0.27725184
37172,1.5198029,0.27876537
37305,1.5186612,0.28039464
37440,1.5176045,0.28202391
37576,1.5165567,0.28365319
37712,1.5155191,0.28538916
37850,1.5144836,0.28724061
37989,1.5135137,0.28909205
38128,1.5125651,0.2909435
38269,1.5116394,0.29289011
38411,1.5107243,0.2949632
38553,1.509863,0.29703629
38697,1.5090364,0.29910938
38842,1.5082412,0.30126742
38988,1.5074735,0.30356557
39135,1.506751,0.30586372
39284,1.5060818,0.30816186
39433,1.5054474,0.31053186
39584,1.5048686,0.31304725
39735,1.5043259,0.31556264
39888,1.5038634,0.31807803
40042,1.5034276,0.32064177
40197,1.5030776,0.32333254
40354,1.5027448,0.32602331
40511,1.5025011,0.32871408
40670,1.5022689,0.33144353
40830,1.5021563,0.33430637
40992,1.5020453,0.33716921
41154,1.5020526,0.34003204
41318,1.5020599,0.34292061
41484,1.50221,0.3459323
41650,1.5023693,0.34894399
41818,1.5026496,0.35195567
41987,1.5029487,0.35497941
42158,1.5033725,0.35808984
42330,1.5038292,0.36120027
42504,1.5043843,0.3643107
42679,1.5049782,0.3674264
42855,1.5056753,0.37061088
43033,1.5064298,0.37379537
43212,1.5072649,0.37697986
43393,1.5081611,0.38016533
43575,1.5091375,0.38339836
43759,1.510196,0.3866314
43945,1.5113166,0.38986443
44132,1.512523,0.39309746
44320,1.5137856,0.3963552
44510,1.5151543,0.39961375
44702,1.5165664,0.4028723
44896,1.5180948,0.40613084
45091,1.5196551,0.40938939
45288,1.5213446,0.41264794
45487,1.5230568,0.41590648
45687,1.5249301,0.41916503
45889,1.5268103,0.42238079
46093,1.528824,0.42558997
46299,1.5308378,0.42879914
46506,1.5330335,0.43200832
46716,1.5352339,0.43515644
46927,1.5375496,0.43829075
47141,1.5398781,0.44142507
47356,1.5423613,0.44455938
47573,1.544877,0.4476189
47792,1.547486,0.45065527
48014,1.5501256,0.45369164
48237,1.5528934,0.45672802
48462,1.5557221,0.45967641
48690,1.5586252,0.46258935
48920,1.5615771,0.46550229
49151,1.5646325,0.46841524
49385,1.5677797,0.47121379
49622,1.5709741,0.47395394
49860,1.5742248,0.47669408
50101,1.5775459,0.47943422
50344,1.5809808,0.48205329
50590,1.584442,0.48459529
50838,1.5879622,0.4871373
51088,1.5915232,0.4896793
51341,1.5952186,0.49211124
51597,1.5989289,0.49445641
51855,1.6027185,0.49680158
52115,1.6065242,0.49914674
52379,1.6105042,0.5013539
52644,1.6144845,0.50342752
52913,1.6185056,0.50550114
53184,1.6225266,0.50757476
53459,1.6266976,0.50953548
53736,1.6308789,0.51136224
54015,1.6351127,0.513189
54298,1.6393548,0.51501576
54584,1.6437178,0.51672196
54873,1.6481133,0.51825209
55165,1.6525413,0.51978223
55460,1.6569824,0.52131237
55758,1.661502,0.52272886
56059,1.6660659,0.52393848
56364,1.6706479,0.52514809
56672,1.6752437,0.5263577
56983,1.6798832,0.52746986
57298,1.6845679,0.52835856
57617,1.6892659,0.52924725
57938,1.6939824,0.53013595
58264,1.6987203,0.53094352
58593,1.7034993,0.5315113
58926,1.7082913,0.53207907
59263,1.7131182,0.53264685
59603,1.7179502,0.53313986
59948,1.7228026,0.5333373
60296,1.7276561,0.53353474
60649,1.7325174,0.53373217
61006,1.7373784,0.53388149
61367,1.742233,0.53375806
61732,1.7470876,0.53363463
62102,1.7519817,0.5335112
62476,1.7568769,0.53335108
62855,1.7617321,0.53285736
63238,1.7665827,0.53236364
63626,1.7714334,0.53186992
64019,1.7762841,0.53136074
64416,1.7810785,0.5305461
64819,1.7858539,0.52973146
65226,1.7906405,0.52891683
65639,1.7954325,0.52810219
66057,1.8001612,0.52696779
66481,1.804848,0.52583252
66910,1.8095434,0.52469726
67344,1.8142465,0.523562
67784,1.8188861,0.52212307
68230,1.8234489,0.5206666
68682,1.8280116,0.51921012
69140,1.8325738,0.51775365
69604,1.8370846,0.5160322
70074,1.8414774,0.5142795
70551,1.8458655,0.51252679
71034,1.8502376,0.51077409
71524,1.8545825,0.50881313
72021,1.8587799,0.50681357
72525,1.8629765,0.50481401
73035,1.8671649,0.50281444
73553,1.8713517,0.50061919
74079,1.8753438,0.49837277
74612,1.8793359,0.49612634
75152,1.8832908,0.49387992
75701,1.8872431,0.49146915
76258,1.8910247,0.48900118
76823,1.8947784,0.48653322
77396,1.898469,0.48406526
77978,1.9021423,0.48147764
78569,1.9056832,0.47883624
79168,1.9091703,0.47619484
79777,1.9125905,0.47355344
80396,1.9159727,0.47083317
81024,1.9192618,0.46806834
81662,1.9224785,0.46530351
82310,1.9256427,0.46253868
82969,1.9287518,0.45970126
83638,1.931785,0.456813
84318,1.9347106,0.45392475
85009,1.9375883,0.45103649
85711,1.940373,0.44812211
86426,1.9431152,0.44518523
87152,1.9457397,0.44224836
87891,1.9483376,0.43931148
88642,1.9508225,0.43636225
89406,1.9532891,0.43339994
90183,1.9556184,0.43043762
90974,1.9579411,0.42747531
91780,1.96012,0.42451299
92599,1.962299,0.42155068
93433,1.9643195,0.41858836
94283,1.966335,0.41562605
95148,1.9681979,0.41269214
96029,1.9700428,0.40980388
96926,1.971778,0.40691562
97841,1.9734893,0.40402737
98773,1.9750774,0.4011722
99722,1.9766237,0.3983834
100691,1.9780766,0.3955946
101678,1.9794839,0.3928058
102684,1.9807937,0.39006532
103711,1.9820381,0.3874486
104759,1.9832286,0.38483189
105828,1.9843702,0.38221518
106919,1.985446,0.37963508
108033,1.9864413,0.37717763
109170,1.9873842,0.37472017
110331,1.98824,0.37226272
111518,1.9890537,0.36986733
112730,1.9897697,0.3676294
113969,1.9904456,0.36539147
115235,1.9909849,0.36315355
116530,1.991505,0.36096473
117854,1.9919186,0.35911329
119209,1.9923237,0.35726184
120595,1.9926303,0.35541039
122014,1.9929367,0.35359092
123467,1.9931858,0.35215913
124954,1.9934349,0.35072735
126478,1.9936118,0.34929556
128039,1.9937833,0.34787439
129640,1.993945,0.34686227
131281,1.994105,0.34585014
132964,1.9941823,0.34483802
134691,1.9942365,0.34382589
136463,1.9943349,0.34331904
138283,1.9944515,0.34282544
140152,1.9945368,0.34233185
142072,1.9946039,0.34183826
144045,1.9947391,0.3418
146074,1.9949278,0.3418
148161,1.9950849,0.3418
150308,1.9952086,0.3418
152519,1.9954112,0.34227336
154795,1.9957271,0.34281645
157141,1.9960265,0.34335954
159558,1.9962938,0.34390264
162051,1.9966323,0.34491171
164624,1.9971704,0.34602258
167279,1.9977038,0.34713345
170021,1.9982164,0.34824432
172855,1.9987679,0.34979195
175785,1.99962,0.35147017
178816,2.0004716,0.35314838
181953,2.0013083,0.3548266
185203,2.002145,0.35691274
188570,2.0033583,0.35915916
192062,2.0045848,0.36140558
195686,2.0058317,0.36365201
199450,2.007081,0.36629362
203361,2.0086537,0.3691325
207428,2.0102986,0.37197139
211662,2.0119795,0.37481027
216071,2.0136729,0.37805983
220669,2.015652,0.38156524
225466,2.0177722,0.38507064
230477,2.0199349,0.38857605
235715,2.0221265,0.39251341
241197,2.0245585,0.39678299
246941,2.0272116,0.40105257
252964,2.0298894,0.40532215
259288,2.0325976,0.41009917
265937,2.0355166,0.41535728
272936,2.0387909,0.42061539
280313,2.0420787,0.4258735
288100,2.0453984,0.43171383
296332,2.0488719,0.43823092
305048,2.0528785,0.44474801
314293,2.0568768,0.45126511
324115,2.0608284,0.45852387
334572,2.0648516,0.46684304
345725,2.0697486,0.47516221
357647,2.0746454,0.48348138
370422,2.0793435,0.49276113
384142,2.0840417,0.50374357
398918,2.0899195,0.51472601
414877,2.0958899,0.52570845
432165,2.1015537,0.53797987
450957,2.1071648,0.55313705
471457,2.1133141,0.56829423
493910,2.119616,0.58345141
518608,2.1284904,0.6076092
545907,2.1384424,0.62430116
576239,2.1462781,0.64505514
610141,2.1528741,0.6701531
648280,2.1602287,0.69997705
691506,2.1681881,0.73739113
740908,2.1790501,0.78330372
797911,2.1930289,0.83246339
864417,2.2144186,0.90056432
943018,2.2465606,0.97719426
1037342,2.2931563,1.0623533
1152633,2.3685943,1.1801243
1296756,2.4586599,1.2933933
1482070,2.5904335,1.3949678
1729181,2.7295299,1.4817286
2075184,2.9007867,1.6276529
2594292,3.1071543,1.8296001
3459751,3.5939312,2.1330914
5191709,4.0626521,2.5245161
10395939,4.0626521,2.818758
