666,1.3270083,2.4214387e-08
666,1.3270083,2.4214387e-08
666,1.3270082,2.4214387e-08
666,1.3270079,2.4214387e-08
666,1.3270077,2.4214387e-08
666,1.3270074,2.4214387e-08
666,1.3270071,2.4214387e-08
666,1.3270069,2.4214387e-08
667,1.3270066,2.4214387e-08
667,1.3270063,2.4214387e-08
667,1.327006,2.4214387e-08
667,1.3270058,2.4214387e-08
667,1.3270055,2.4214387e-08
667,1.3270052,2.4214387e-08
667,1.327005,2.4214387e-08
667,1.3270047,2.4214387e-08
667,1.3270044,2.4214387e-08
667,1.3270041,2.4214387e-08
667,1.3270039,2.4214387e-08
667,1.3270036,2.4214387e-08
667,1.3270033,2.4214387e-08
667,1.3270031,2.4214387e-08
667,1.3270028,2.4214387e-08
667,1.3270025,2.4214387e-08
667,1.3270022,2.4214387e-08
667,1.327002,2.4214387e-08
667,1.3270017,2.4214387e-08
667,1.3270014,2.4214387e-08
667,1.3270011,2.4214387e-08
667,1.3270009,2.4214387e-08
667,1.3270006,2.4214387e-08
668,1.3270003,2.4214387e-08
668,1.3270001,2.4214387e-08
668,1.3269998,2.4214387e-08
668,1.3269995,2.4214387e-08
668,1.3269992,2.4214387e-08
668,1.326999,2.4214387e-08
668,1.3269987,2.4214387e-08
668,1.3269984,2.4214387e-08
668,1.3269981,2.4214387e-08
668,1.3269979,2.4214387e-08
668,1.3269976,2.4214387e-08
668,1.3269973,2.4214387e-08
668,1.3269971,2.4214387e-08
668,1.3269968,2.4214387e-08
668,1.3269965,2.4214387e-08
668,1.3269962,2.4214387e-08
668,1.326996,2.4214387e-08
668,1.3269957,2.4214387e-08
668,1.3269954,2.4214387e-08
668,1.3269951,2.4214387e-08
668,1.3269949,2.4214387e-08
668,1.3269946,2.4214387e-08
668,1.3269943,2.4214387e-08
669,1.326994,2.4214387e-08
669,1.3269938,2.4214387e-08
669,1.3269935,2.4214387e-08
669,1.3269932,2.4214387e-08
669,1.3269929,2.4214387e-08
669,1.3269927,2.4214387e-08
669,1.3269924,2.4214387e-08
669,1.3269921,2.4214387e-08
669,1.3269918,2.4214387e-08
669,1.3269916,2.4214387e-08
669,1.3269913,2.4214387e-08
669,1.326991,2.4214387e-08
669,1.3269907,2.4214387e-08
669,1.3269905,2.4214387e-08
669,1.3269902,2.4214387e-08
669,1.3269899,2.4214387e-08
669,1.3269896,2.4214387e-08
669,1.3269894,2.4214387e-08
669,1.3269891,2.4214387e-08
669,1.3269888,2.4214387e-08
669,1.3269885,2.4214387e-08
669,1.3269883,2.4214387e-08
669,1.326988,2.4214387e-08
670,1.3269877,2.4214387e-08
670,1.3269874,2.4214387e-08
670,1.3269872,2.4214387e-08
670,1.3269869,2.4214387e-08
670,1.3269866,2.4214387e-08
670,1.3269863,2.4214387e-08
670,1.3269861,2.4214387e-08
670,1.3269858,2.4214387e-08
670,1.3269855,2.4214387e-08
670,1.3269852,2.4214387e-08
670,1.326985,2.4214387e-08
670,1.3269847,2.4214387e-08
670,1.3269844,2.4214387e-08
670,1.3269841,2.4214387e-08
670,1.3269839,2.4214387e-08
670,1.3269836,2.4214387e-08
670,1.3269833,2.4214387e-08
670,1.326983,2.4214387e-08
670,1.3269828,2.4214387e-08
670,1.3269825,2.4214387e-08
670,1.3269822,2.4214387e-08
670,1.3269819,2.4214387e-08
670,1.3269816,2.4214387e-08
670,1.3269814,2.4214387e-08
671,1.3269811,2.4214387e-08
671,1.3269808,2.4214387e-08
671,1.3269805,2.4214387e-08
671,1.3269803,2.4214387e-08
671,1.32698,2.4214387e-08
671,1.3269797,2.4214387e-08
671,1.3269794,2.4214387e-08
671,1.3269792,2.4214387e-08
671,1.3269789,2.4214387e-08
671,1.3269786,2.4214387e-08
671,1.3269783,2.4214387e-08
671,1.326978,2.4214387e-08
671,1.3269778,2.4214387e-08
671,1.3269775,2.4214387e-08
671,1.3269772,2.4214387e-08
671,1.3269769,2.4214387e-08
671,1.3269767,2.4214387e-08
671,1.3269764,2.4214387e-08
671,1.3269761,2.4214387e-08
671,1.3269758,2.4214387e-08
671,1.3269755,2.4214387e-08
671,1.3269753,2.4214387e-08
671,1.326975,2.4214387e-08
672,1.3269747,2.4214387e-08
672,1.3269744,2.4214387e-08
672,1.3269742,2.4214387e-08
672,1.3269739,2.4214387e-08
672,1.3269736,2.4214387e-08
672,1.3269733,2.4214387e-08
672,1.326973,2.4214387e-08
672,1.3269728,2.4214387e-08
672,1.3269725,2.4214387e-08
672,1.3269722,2.4214387e-08
672,1.3269719,2.4214387e-08
672,1.3269716,2.4214387e-08
672,1.3269714,2.4214387e-08
672,1.3269711,2.4214387e-08
672,1.3269708,2.4214387e-08
672,1.3269705,2.4214387e-08
672,1.3269703,2.4214387e-08
672,1.32697,2.4214387e-08
672,1.3269697,2.4214387e-08
672,1.3269694,2.4214387e-08
672,1.3269691,2.4214387e-08
672,1.3269689,2.4214387e-08
673,1.3269686,2.4214387e-08
673,1.3269683,2.4214387e-08
673,1.326968,2.4214387e-08
673,1.3269677,2.4214387e-08
673,1.3269675,2.4214387e-08
673,1.3269672,2.4214387e-08
673,1.3269669,2.4214387e-08
673,1.3269666,2.4214387e-08
673,1.3269663,2.4214387e-08
673,1.3269661,2.4214387e-08
673,1.3269658,2.4214387e-08
673,1.3269655,2.4214387e-08
673,1.3269652,2.4214387e-08
673,1.3269649,2.4214387e-08
673,1.3269647,2.4214387e-08
673,1.3269644,2.4214387e-08
673,1.3269641,2.4214387e-08
673,1.3269638,2.4214387e-08
673,1.3269635,2.4214387e-08
673,1.3269633,2.4214387e-08
673,1.326963,2.4214387e-08
673,1.3269627,2.4214387e-08
673,1.3269624,2.4214387e-08
674,1.3269621,2.4214387e-08
674,1.3269619,2.4214387e-08
674,1.3269616,2.4214387e-08
674,1.3269613,2.4214387e-08
674,1.326961,2.4214387e-08
674,1.3269607,2.4214387e-08
674,1.3269605,2.4214387e-08
674,1.3269602,2.4214387e-08
674,1.3269599,2.4214387e-08
674,1.3269596,2.4214387e-08
674,1.3269593,2.4214387e-08
674,1.326959,2.4214387e-08
674,1.3269588,2.4214387e-08
674,1.3269585,2.4214387e-08
674,1.3269582,2.4214387e-08
674,1.3269579,2.4214387e-08
674,1.3269576,2.4214387e-08
674,1.3269574,2.4214387e-08
674,1.3269571,2.6077032e-08
674,1.3269568,2.6077032e-08
674,1.3269565,2.6077032e-08
674,1.3269562,2.6077032e-08
674,1.3269559,2.6077032e-08
675,1.3269557,2.6077032e-08
675,1.3269554,2.6077032e-08
675,1.3269551,2.6077032e-08
675,1.3269548,2.6077032e-08
675,1.3269545,2.6077032e-08
675,1.3269543,2.6077032e-08
675,1.326954,2.6077032e-08
675,1.3269537,2.6077032e-08
675,1.3269534,2.6077032e-08
675,1.3269531,2.6077032e-08
675,1.3269528,2.6077032e-08
675,1.3269526,2.6077032e-08
675,1.3269523,2.6077032e-08
675,1.326952,2.6077032e-08
675,1.3269517,2.6077032e-08
675,1.3269514,2.6077032e-08
675,1.3269511,2.6077032e-08
675,1.3269509,2.6077032e-08
675,1.3269506,2.6077032e-08
675,1.3269503,2.6077032e-08
675,1.32695,2.6077032e-08
675,1.3269497,2.6077032e-08
675,1.3269494,2.6077032e-08
676,1.3269492,2.6077032e-08
676,1.3269489,2.6077032e-08
676,1.3269486,2.6077032e-08
676,1.3269483,2.6077032e-08
676,1.326948,2.6077032e-08
676,1.3269477,2.6077032e-08
676,1.3269475,2.6077032e-08
676,1.3269472,2.6077032e-08
676,1.3269469,2.6077032e-08
676,1.3269466,2.6077032e-08
676,1.3269463,2.6077032e-08
676,1.326946,2.6077032e-08
676,1.3269458,2.6077032e-08
676,1.3269455,2.6077032e-08
676,1.3269452,2.6077032e-08
676,1.3269449,2.6077032e-08
676,1.3269446,2.6077032e-08
676,1.3269443,2.6077032e-08
676,1.3269441,2.6077032e-08
676,1.3269438,2.6077032e-08
676,1.3269435,2.6077032e-08
676,1.3269432,2.6077032e-08
676,1.3269429,2.6077032e-08
677,1.3269426,2.6077032e-08
677,1.3269423,2.6077032e-08
677,1.3269421,2.6077032e-08
677,1.3269418,2.6077032e-08
677,1.3269415,2.6077032e-08
677,1.3269412,2.6077032e-08
677,1.3269409,2.6077032e-08
677,1.3269406,2.6077032e-08
677,1.3269403,2.6077032e-08
677,1.3269401,2.6077032e-08
677,1.3269398,2.6077032e-08
677,1.3269395,2.6077032e-08
677,1.3269392,2.6077032e-08
677,1.3269389,2.6077032e-08
677,1.3269386,2.6077032e-08
677,1.3269383,2.6077032e-08
677,1.3269381,2.6077032e-08
677,1.3269378,2.6077032e-08
677,1.3269375,2.6077032e-08
677,1.3269372,2.6077032e-08
677,1.3269369,2.6077032e-08
677,1.3269366,2.6077032e-08
678,1.3269363,2.6077032e-08
678,1.3269361,2.6077032e-08
678,1.3269358,2.6077032e-08
678,1.3269355,2.6077032e-08
678,1.3269352,2.6077032e-08
678,1.3269349,2.6077032e-08
678,1.3269346,2.6077032e-08
678,1.3269343,2.6077032e-08
678,1.3269341,2.6077032e-08
678,1.3269338,2.6077032e-08
678,1.3269335,2.6077032e-08
678,1.3269332,2.6077032e-08
678,1.3269329,2.6077032e-08
678,1.3269326,2.6077032e-08
678,1.3269323,2.6077032e-08
678,1.3269321,2.6077032e-08
678,1.3269318,2.6077032e-08
678,1.3269315,2.6077032e-08
678,1.3269312,2.6077032e-08
678,1.3269309,2.6077032e-08
678,1.3269306,2.6077032e-08
678,1.3269303,2.6077032e-08
678,1.32693,2.6077032e-08
679,1.3269298,2.6077032e-08
679,1.3269295,2.6077032e-08
679,1.3269292,2.6077032e-08
679,1.3269289,2.6077032e-08
679,1.3269286,2.6077032e-08
679,1.3269283,2.6077032e-08
679,1.326928,2.6077032e-08
679,1.3269277,2.6077032e-08
679,1.3269275,2.6077032e-08
679,1.3269272,2.6077032e-08
679,1.3269269,2.6077032e-08
679,1.3269266,2.6077032e-08
679,1.3269263,2.6077032e-08
679,1.326926,2.6077032e-08
679,1.3269257,2.6077032e-08
679,1.3269254,2.6077032e-08
679,1.3269251,2.6077032e-08
679,1.3269249,2.6077032e-08
679,1.3269246,2.6077032e-08
679,1.3269243,2.6077032e-08
679,1.326924,2.6077032e-08
679,1.3269237,2.6077032e-08
680,1.3269234,2.6077032e-08
680,1.3269231,2.6077032e-08
680,1.3269228,2.6077032e-08
680,1.3269225,2.6077032e-08
680,1.3269223,2.6077032e-08
680,1.326922,2.6077032e-08
680,1.3269217,2.6077032e-08
680,1.3269214,2.6077032e-08
680,1.3269211,2.6077032e-08
680,1.3269208,2.6077032e-08
680,1.3269205,2.6077032e-08
680,1.3269202,2.6077032e-08
680,1.3269199,2.6077032e-08
680,1.3269197,2.6077032e-08
680,1.3269194,2.6077032e-08
680,1.3269191,2.6077032e-08
680,1.3269188,2.6077032e-08
680,1.3269185,2.6077032e-08
680,1.3269182,2.6077032e-08
680,1.3269179,2.6077032e-08
680,1.3269176,2.6077032e-08
680,1.3269173,2.6077032e-08
680,1.326917,2.6077032e-08
681,1.3269168,2.6077032e-08
681,1.3269165,2.6077032e-08
681,1.3269162,2.6077032e-08
681,1.3269159,2.6077032e-08
681,1.3269156,2.6077032e-08
681,1.3269153,2.6077032e-08
681,1.326915,2.6077032e-08
681,1.3269147,2.6077032e-08
681,1.3269144,2.6077032e-08
681,1.3269141,2.6077032e-08
681,1.3269139,2.6077032e-08
681,1.3269136,2.6077032e-08
681,1.3269133,2.6077032e-08
681,1.326913,2.6077032e-08
681,1.3269127,2.6077032e-08
681,1.3269124,2.6077032e-08
681,1.3269121,2.6077032e-08
681,1.3269118,2.6077032e-08
681,1.3269115,2.6077032e-08
681,1.3269112,2.6077032e-08
681,1.3269109,2.6077032e-08
681,1.3269107,2.6077032e-08
682,1.3269104,2.6077032e-08
682,1.3269101,2.6077032e-08
682,1.3269098,2.6077032e-08
682,1.3269095,2.6077032e-08
682,1.3269092,2.6077032e-08
682,1.3269089,2.6077032e-08
682,1.3269086,2.6077032e-08
682,1.3269083,2.6077032e-08
682,1.326908,2.6077032e-08
682,1.3269077,2.6077032e-08
682,1.3269074,2.6077032e-08
682,1.3269071,2.6077032e-08
682,1.3269069,2.6077032e-08
682,1.3269066,2.6077032e-08
682,1.3269063,2.6077032e-08
682,1.326906,2.6077032e-08
682,1.3269057,2.6077032e-08
682,1.3269054,2.6077032e-08
682,1.3269051,2.6077032e-08
682,1.3269048,2.6077032e-08
682,1.3269045,2.6077032e-08
682,1.3269042,2.6077032e-08
683,1.3269039,2.6077032e-08
683,1.3269036,2.6077032e-08
683,1.3269033,2.6077032e-08
683,1.3269031,2.6077032e-08
683,1.3269028,2.6077032e-08
683,1.3269025,2.6077032e-08
683,1.3269022,2.6077032e-08
683,1.3269019,2.6077032e-08
683,1.3269016,2.6077032e-08
683,1.3269013,2.6077032e-08
683,1.326901,2.6077032e-08
683,1.3269007,2.6077032e-08
683,1.3269004,2.6077032e-08
683,1.3269001,2.6077032e-08
683,1.3268998,2.6077032e-08
683,1.3268995,2.6077032e-08
683,1.3268992,2.6077032e-08
683,1.3268989,2.6077032e-08
683,1.3268987,2.6077032e-08
683,1.3268984,2.6077032e-08
683,1.3268981,2.6077032e-08
683,1.3268978,2.6077032e-08
684,1.3268975,2.6077032e-08
684,1.3268972,2.6077032e-08
684,1.3268969,2.6077032e-08
684,1.3268966,2.6077032e-08
684,1.3268963,2.7939677e-08
684,1.326896,2.7939677e-08
684,1.3268957,2.7939677e-08
684,1.3268954,2.7939677e-08
684,1.3268951,2.7939677e-08
684,1.3268948,2.7939677e-08
684,1.3268945,2.7939677e-08
684,1.3268942,2.7939677e-08
684,1.3268939,2.7939677e-08
684,1.3268936,2.7939677e-08
684,1.3268933,2.7939677e-08
684,1.3268931,2.7939677e-08
684,1.3268928,2.7939677e-08
684,1.3268925,2.7939677e-08
684,1.3268922,2.7939677e-08
684,1.3268919,2.7939677e-08
684,1.3268916,2.7939677e-08
684,1.3268913,2.7939677e-08
685,1.326891,2.7939677e-08
685,1.3268907,2.7939677e-08
685,1.3268904,2.7939677e-08
685,1.3268901,2.7939677e-08
685,1.3268898,2.7939677e-08
685,1.3268895,2.7939677e-08
685,1.3268892,2.7939677e-08
685,1.3268889,2.7939677e-08
685,1.3268886,2.7939677e-08
685,1.3268883,2.7939677e-08
685,1.326888,2.7939677e-08
685,1.3268877,2.7939677e-08
685,1.3268874,2.7939677e-08
685,1.3268871,2.7939677e-08
685,1.3268868,2.7939677e-08
685,1.3268865,2.7939677e-08
685,1.3268863,2.7939677e-08
685,1.326886,2.7939677e-08
685,1.3268857,2.7939677e-08
685,1.3268854,2.7939677e-08
685,1.3268851,2.7939677e-08
685,1.3268848,2.7939677e-08
685,1.3268845,2.7939677e-08
686,1.3268842,2.7939677e-08
686,1.3268839,2.7939677e-08
686,1.3268836,2.7939677e-08
686,1.3268833,2.7939677e-08
686,1.326883,2.7939677e-08
686,1.3268827,2.7939677e-08
686,1.3268824,2.7939677e-08
686,1.3268821,2.7939677e-08
686,1.3268818,2.7939677e-08
686,1.3268815,2.7939677e-08
686,1.3268812,2.7939677e-08
686,1.3268809,2.7939677e-08
686,1.3268806,2.7939677e-08
686,1.3268803,2.7939677e-08
686,1.32688,2.7939677e-08
686,1.3268797,2.7939677e-08
686,1.3268794,2.7939677e-08
686,1.3268791,2.7939677e-08
686,1.3268788,2.7939677e-08
686,1.3268785,2.7939677e-08
686,1.3268782,2.7939677e-08
686,1.3268779,2.7939677e-08
687,1.3268776,2.7939677e-08
687,1.3268773,2.7939677e-08
687,1.326877,2.7939677e-08
687,1.3268767,2.7939677e-08
687,1.3268764,2.7939677e-08
687,1.3268761,2.7939677e-08
687,1.3268758,2.7939677e-08
687,1.3268755,2.7939677e-08
687,1.3268752,2.7939677e-08
687,1.3268749,2.7939677e-08
687,1.3268746,2.7939677e-08
687,1.3268743,2.7939677e-08
687,1.326874,2.7939677e-08
687,1.3268737,2.7939677e-08
687,1.3268734,2.7939677e-08
687,1.3268731,2.7939677e-08
687,1.3268728,2.7939677e-08
687,1.3268725,2.7939677e-08
687,1.3268722,2.7939677e-08
687,1.3268719,2.7939677e-08
687,1.3268716,2.7939677e-08
688,1.3268713,2.7939677e-08
688,1.326871,2.7939677e-08
688,1.3268707,2.7939677e-08
688,1.3268704,2.7939677e-08
688,1.3268701,2.7939677e-08
688,1.3268698,2.7939677e-08
688,1.3268695,2.7939677e-08
688,1.3268692,2.7939677e-08
688,1.3268689,2.7939677e-08
688,1.3268686,2.7939677e-08
688,1.3268683,2.7939677e-08
688,1.326868,2.7939677e-08
688,1.3268677,2.7939677e-08
688,1.3268674,2.7939677e-08
688,1.3268671,2.7939677e-08
688,1.3268668,2.7939677e-08
688,1.3268665,2.7939677e-08
688,1.3268662,2.7939677e-08
688,1.3268659,2.7939677e-08
688,1.3268656,2.7939677e-08
688,1.3268653,2.7939677e-08
688,1.326865,2.7939677e-08
689,1.3268647,2.7939677e-08
689,1.3268644,2.7939677e-08
689,1.3268641,2.7939677e-08
689,1.3268638,2.7939677e-08
689,1.3268635,2.7939677e-08
689,1.3268632,2.7939677e-08
689,1.3268629,2.7939677e-08
689,1.3268626,2.7939677e-08
689,1.3268623,2.7939677e-08
689,1.326862,2.7939677e-08
689,1.3268617,2.7939677e-08
689,1.3268614,2.7939677e-08
689,1.3268611,2.7939677e-08
689,1.3268608,2.7939677e-08
689,1.3268605,2.9802322e-08
689,1.3268602,2.9802322e-08
689,1.3268599,2.9802322e-08
689,1.3268596,2.9802322e-08
689,1.3268593,2.9802322e-08
689,1.326859,2.9802322e-08
689,1.3268587,2.9802322e-08
689,1.3268584,2.9802322e-08
690,1.3268581,2.9802322e-08
690,1.3268578,2.9802322e-08
690,1.3268575,2.9802322e-08
690,1.3268572,2.9802322e-08
690,1.3268569,2.9802322e-08
690,1.3268566,2.9802322e-08
690,1.3268563,2.9802322e-08
690,1.326856,2.9802322e-08
690,1.3268557,2.9802322e-08
690,1.3268554,2.9802322e-08
690,1.3268551,2.9802322e-08
690,1.3268548,2.9802322e-08
690,1.3268545,2.9802322e-08
690,1.3268542,2.9802322e-08
690,1.3268539,2.9802322e-08
690,1.3268536,2.9802322e-08
690,1.3268533,2.9802322e-08
690,1.3268529,2.9802322e-08
690,1.3268526,2.9802322e-08
690,1.3268523,2.9802322e-08
690,1.326852,2.9802322e-08
690,1.3268517,2.9802322e-08
691,1.3268514,2.9802322e-08
691,1.3268511,2.9802322e-08
691,1.3268508,2.9802322e-08
691,1.3268505,2.9802322e-08
691,1.3268502,2.9802322e-08
691,1.3268499,2.9802322e-08
691,1.3268496,2.9802322e-08
691,1.3268493,2.9802322e-08
691,1.326849,2.9802322e-08
691,1.3268487,2.9802322e-08
691,1.3268484,2.9802322e-08
691,1.3268481,2.9802322e-08
691,1.3268478,2.9802322e-08
691,1.3268475,2.9802322e-08
691,1.3268472,2.9802322e-08
691,1.3268469,2.9802322e-08
691,1.3268466,2.9802322e-08
691,1.3268463,2.9802322e-08
691,1.3268459,2.9802322e-08
691,1.3268456,2.9802322e-08
691,1.3268453,2.9802322e-08
691,1.326845,2.9802322e-08
692,1.3268447,2.9802322e-08
692,1.3268444,2.9802322e-08
692,1.3268441,2.9802322e-08
692,1.3268438,2.9802322e-08
692,1.3268435,2.9802322e-08
692,1.3268432,2.9802322e-08
692,1.3268429,2.9802322e-08
692,1.3268426,2.9802322e-08
692,1.3268423,2.9802322e-08
692,1.326842,2.9802322e-08
692,1.3268417,2.9802322e-08
692,1.3268414,2.9802322e-08
692,1.3268411,2.9802322e-08
692,1.3268408,2.9802322e-08
692,1.3268404,2.9802322e-08
692,1.3268401,2.9802322e-08
692,1.3268398,2.9802322e-08
692,1.3268395,3.1664968e-08
692,1.3268392,3.1664968e-08
692,1.3268389,3.1664968e-08
692,1.3268386,3.1664968e-08
693,1.3268383,3.1664968e-08
693,1.326838,3.1664968e-08
693,1.3268377,3.1664968e-08
693,1.3268374,3.1664968e-08
693,1.3268371,3.1664968e-08
693,1.3268368,3.1664968e-08
693,1.3268365,3.1664968e-08
693,1.3268362,3.1664968e-08
693,1.3268358,3.1664968e-08
693,1.3268355,3.1664968e-08
693,1.3268352,3.1664968e-08
693,1.3268349,3.1664968e-08
693,1.3268346,3.1664968e-08
693,1.3268343,3.1664968e-08
693,1.326834,3.1664968e-08
693,1.3268337,3.1664968e-08
693,1.3268334,3.1664968e-08
693,1.3268331,3.1664968e-08
693,1.3268328,3.1664968e-08
693,1.3268325,3.1664968e-08
693,1.3268322,3.1664968e-08
693,1.3268318,3.1664968e-08
694,1.3268315,3.1664968e-08
694,1.3268312,3.1664968e-08
694,1.3268309,3.1664968e-08
694,1.3268306,3.1664968e-08
694,1.3268303,3.1664968e-08
694,1.32683,3.1664968e-08
694,1.3268297,3.1664968e-08
694,1.3268294,3.1664968e-08
694,1.3268291,3.1664968e-08
694,1.3268288,3.1664968e-08
694,1.3268285,3.1664968e-08
694,1.3268281,3.1664968e-08
694,1.3268278,3.1664968e-08
694,1.3268275,3.1664968e-08
694,1.3268272,3.1664968e-08
694,1.3268269,3.1664968e-08
694,1.3268266,3.1664968e-08
694,1.3268263,3.1664968e-08
694,1.326826,3.1664968e-08
694,1.3268257,3.1664968e-08
694,1.3268254,3.1664968e-08
695,1.3268251,3.1664968e-08
695,1.3268247,3.1664968e-08
695,1.3268244,3.1664968e-08
695,1.3268241,3.1664968e-08
695,1.3268238,3.1664968e-08
695,1.3268235,3.1664968e-08
695,1.3268232,3.1664968e-08
695,1.3268229,3.1664968e-08
695,1.3268226,3.1664968e-08
695,1.3268223,3.1664968e-08
695,1.326822,3.1664968e-08
695,1.3268216,3.1664968e-08
695,1.3268213,3.1664968e-08
695,1.326821,3.1664968e-08
695,1.3268207,3.1664968e-08
695,1.3268204,3.1664968e-08
695,1.3268201,3.3527613e-08
695,1.3268198,3.3527613e-08
695,1.3268195,3.3527613e-08
695,1.3268192,3.3527613e-08
695,1.3268189,3.3527613e-08
695,1.3268185,3.3527613e-08
696,1.3268182,3.3527613e-08
696,1.3268179,3.3527613e-08
696,1.3268176,3.3527613e-08
696,1.3268173,3.3527613e-08
696,1.326817,3.3527613e-08
696,1.3268167,3.3527613e-08
696,1.3268164,3.3527613e-08
696,1.3268161,3.3527613e-08
696,1.3268157,3.3527613e-08
696,1.3268154,3.3527613e-08
696,1.3268151,3.3527613e-08
696,1.3268148,3.3527613e-08
696,1.3268145,3.3527613e-08
696,1.3268142,3.3527613e-08
696,1.3268139,3.3527613e-08
696,1.3268136,3.3527613e-08
696,1.3268132,3.3527613e-08
696,1.3268129,3.3527613e-08
696,1.3268126,3.3527613e-08
696,1.3268123,3.3527613e-08
696,1.326812,3.3527613e-08
697,1.3268117,3.3527613e-08
697,1.3268114,3.3527613e-08
697,1.3268111,3.3527613e-08
697,1.3268108,3.3527613e-08
697,1.3268104,3.3527613e-08
697,1.3268101,3.3527613e-08
697,1.3268098,3.3527613e-08
697,1.3268095,3.3527613e-08
697,1.3268092,3.3527613e-08
697,1.3268089,3.3527613e-08
697,1.3268086,3.3527613e-08
697,1.3268082,3.3527613e-08
697,1.3268079,3.3527613e-08
697,1.3268076,3.3527613e-08
697,1.3268073,3.3527613e-08
697,1.326807,3.3527613e-08
697,1.3268067,3.3527613e-08
697,1.3268064,3.3527613e-08
697,1.3268061,3.3527613e-08
697,1.3268057,3.3527613e-08
697,1.3268054,3.3527613e-08
698,1.3268051,3.3527613e-08
698,1.3268048,3.3527613e-08
698,1.3268045,3.3527613e-08
698,1.3268042,3.3527613e-08
698,1.3268039,3.3527613e-08
698,1.3268035,3.5390258e-08
698,1.3268032,3.5390258e-08
698,1.3268029,3.5390258e-08
698,1.3268026,3.5390258e-08
698,1.3268023,3.5390258e-08
698,1.326802,3.5390258e-08
698,1.3268017,3.5390258e-08
698,1.3268013,3.5390258e-08
698,1.326801,3.5390258e-08
698,1.3268007,3.5390258e-08
698,1.3268004,3.5390258e-08
698,1.3268001,3.5390258e-08
698,1.3267998,3.5390258e-08
698,1.3267995,3.5390258e-08
698,1.3267991,3.5390258e-08
698,1.3267988,3.5390258e-08
698,1.3267985,3.5390258e-08
699,1.3267982,3.5390258e-08
699,1.3267979,3.5390258e-08
699,1.3267976,3.5390258e-08
699,1.3267973,3.5390258e-08
699,1.3267969,3.5390258e-08
699,1.3267966,3.5390258e-08
699,1.3267963,3.5390258e-08
699,1.326796,3.5390258e-08
699,1.3267957,3.5390258e-08
699,1.3267954,3.5390258e-08
699,1.326795,3.5390258e-08
699,1.3267947,3.5390258e-08
699,1.3267944,3.5390258e-08
699,1.3267941,3.5390258e-08
699,1.3267938,3.5390258e-08
699,1.3267935,3.5390258e-08
699,1.3267931,3.5390258e-08
699,1.3267928,3.5390258e-08
699,1.3267925,3.5390258e-08
699,1.3267922,3.5390258e-08
699,1.3267919,3.5390258e-08
700,1.3267916,3.5390258e-08
700,1.3267912,3.5390258e-08
700,1.3267909,3.5390258e-08
700,1.3267906,3.5390258e-08
700,1.3267903,3.5390258e-08
700,1.32679,3.5390258e-08
700,1.3267897,3.5390258e-08
700,1.3267893,3.7252903e-08
700,1.326789,3.7252903e-08
700,1.3267887,3.7252903e-08
700,1.3267884,3.7252903e-08
700,1.3267881,3.7252903e-08
700,1.3267878,3.7252903e-08
700,1.3267874,3.7252903e-08
700,1.3267871,3.7252903e-08
700,1.3267868,3.7252903e-08
700,1.3267865,3.7252903e-08
700,1.3267862,3.7252903e-08
700,1.3267859,3.7252903e-08
700,1.3267855,3.7252903e-08
700,1.3267852,3.7252903e-08
701,1.3267849,3.7252903e-08
701,1.3267846,3.7252903e-08
701,1.3267843,3.7252903e-08
701,1.3267839,3.7252903e-08
701,1.3267836,3.7252903e-08
701,1.3267833,3.7252903e-08
701,1.326783,3.7252903e-08
701,1.3267827,3.7252903e-08
701,1.3267824,3.7252903e-08
701,1.326782,3.7252903e-08
701,1.3267817,3.7252903e-08
701,1.3267814,3.7252903e-08
701,1.3267811,3.7252903e-08
701,1.3267808,3.7252903e-08
701,1.3267804,3.7252903e-08
701,1.3267801,3.7252903e-08
701,1.3267798,3.7252903e-08
701,1.3267795,3.7252903e-08
701,1.3267792,3.7252903e-08
701,1.3267788,3.7252903e-08
701,1.3267785,3.7252903e-08
702,1.3267782,3.7252903e-08
702,1.3267779,3.7252903e-08
702,1.3267776,3.7252903e-08
702,1.3267772,3.7252903e-08
702,1.3267769,3.7252903e-08
702,1.3267766,3.7252903e-08
702,1.3267763,3.7252903e-08
702,1.326776,3.7252903e-08
702,1.3267756,3.9115548e-08
702,1.3267753,3.9115548e-08
702,1.326775,3.9115548e-08
702,1.3267747,3.9115548e-08
702,1.3267744,3.9115548e-08
702,1.326774,3.9115548e-08
702,1.3267737,3.9115548e-08
702,1.3267734,3.9115548e-08
702,1.3267731,3.9115548e-08
702,1.3267728,3.9115548e-08
702,1.3267724,3.9115548e-08
702,1.3267721,3.9115548e-08
702,1.3267718,3.9115548e-08
703,1.3267715,3.9115548e-08
703,1.3267712,3.9115548e-08
703,1.3267708,3.9115548e-08
703,1.3267705,3.9115548e-08
703,1.3267702,3.9115548e-08
703,1.3267699,3.9115548e-08
703,1.3267695,3.9115548e-08
703,1.3267692,3.9115548e-08
703,1.3267689,3.9115548e-08
703,1.3267686,3.9115548e-08
703,1.3267683,3.9115548e-08
703,1.3267679,3.9115548e-08
703,1.3267676,3.9115548e-08
703,1.3267673,3.9115548e-08
703,1.326767,3.9115548e-08
703,1.3267667,3.9115548e-08
703,1.3267663,3.9115548e-08
703,1.326766,3.9115548e-08
703,1.3267657,3.9115548e-08
703,1.3267654,3.9115548e-08
703,1.326765,3.9115548e-08
704,1.3267647,3.9115548e-08
704,1.3267644,3.9115548e-08
704,1.3267641,4.0978193e-08
704,1.3267638,4.0978193e-08
704,1.3267634,4.0978193e-08
704,1.3267631,4.0978193e-08
704,1.3267628,4.0978193e-08
704,1.3267625,4.0978193e-08
704,1.3267621,4.0978193e-08
704,1.3267618,4.0978193e-08
704,1.3267615,4.0978193e-08
704,1.3267612,4.0978193e-08
704,1.3267608,4.0978193e-08
704,1.3267605,4.0978193e-08
704,1.3267602,4.0978193e-08
704,1.3267599,4.0978193e-08
704,1.3267596,4.0978193e-08
704,1.3267592,4.0978193e-08
704,1.3267589,4.0978193e-08
704,1.3267586,4.0978193e-08
704,1.3267583,4.0978193e-08
705,1.3267579,4.0978193e-08
705,1.3267576,4.0978193e-08
705,1.3267573,4.0978193e-08
705,1.326757,4.0978193e-08
705,1.3267566,4.0978193e-08
705,1.3267563,4.0978193e-08
705,1.326756,4.0978193e-08
705,1.3267557,4.0978193e-08
705,1.3267553,4.0978193e-08
705,1.326755,4.0978193e-08
705,1.3267547,4.0978193e-08
705,1.3267544,4.0978193e-08
705,1.326754,4.0978193e-08
705,1.3267537,4.0978193e-08
705,1.3267534,4.0978193e-08
705,1.3267531,4.0978193e-08
705,1.3267527,4.2840838e-08
705,1.3267524,4.2840838e-08
705,1.3267521,4.2840838e-08
705,1.3267518,4.2840838e-08
705,1.3267514,4.2840838e-08
706,1.3267511,4.2840838e-08
706,1.3267508,4.2840838e-08
706,1.3267505,4.2840838e-08
706,1.3267501,4.2840838e-08
706,1.3267498,4.2840838e-08
706,1.3267495,4.2840838e-08
706,1.3267492,4.2840838e-08
706,1.3267488,4.2840838e-08
706,1.3267485,4.2840838e-08
706,1.3267482,4.2840838e-08
706,1.3267479,4.2840838e-08
706,1.3267475,4.2840838e-08
706,1.3267472,4.2840838e-08
706,1.3267469,4.2840838e-08
706,1.3267466,4.2840838e-08
706,1.3267462,4.2840838e-08
706,1.3267459,4.2840838e-08
706,1.3267456,4.2840838e-08
706,1.3267452,4.2840838e-08
706,1.3267449,4.2840838e-08
706,1.3267446,4.2840838e-08
707,1.3267443,4.2840838e-08
707,1.3267439,4.2840838e-08
707,1.3267436,4.2840838e-08
707,1.3267433,4.2840838e-08
707,1.326743,4.2840838e-08
707,1.3267426,4.2840838e-08
707,1.3267423,4.4703484e-08
707,1.326742,4.4703484e-08
707,1.3267417,4.4703484e-08
707,1.3267413,4.4703484e-08
707,1.326741,4.4703484e-08
707,1.3267407,4.4703484e-08
707,1.3267403,4.4703484e-08
707,1.32674,4.4703484e-08
707,1.3267397,4.4703484e-08
707,1.3267394,4.4703484e-08
707,1.326739,4.4703484e-08
707,1.3267387,4.4703484e-08
707,1.3267384,4.4703484e-08
707,1.326738,4.4703484e-08
708,1.3267377,4.4703484e-08
708,1.3267374,4.4703484e-08
708,1.3267371,4.4703484e-08
708,1.3267367,4.4703484e-08
708,1.3267364,4.4703484e-08
708,1.3267361,4.4703484e-08
708,1.3267357,4.4703484e-08
708,1.3267354,4.4703484e-08
708,1.3267351,4.4703484e-08
708,1.3267348,4.4703484e-08
708,1.3267344,4.4703484e-08
708,1.3267341,4.4703484e-08
708,1.3267338,4.4703484e-08
708,1.3267334,4.4703484e-08
708,1.3267331,4.6566129e-08
708,1.3267328,4.6566129e-08
708,1.3267325,4.6566129e-08
708,1.3267321,4.6566129e-08
708,1.3267318,4.6566129e-08
708,1.3267315,4.6566129e-08
708,1.3267311,4.6566129e-08
709,1.3267308,4.6566129e-08
709,1.3267305,4.6566129e-08
709,1.3267301,4.6566129e-08
709,1.3267298,4.6566129e-08
709,1.3267295,4.6566129e-08
709,1.3267292,4.6566129e-08
709,1.3267288,4.6566129e-08
709,1.3267285,4.6566129e-08
709,1.3267282,4.6566129e-08
709,1.3267278,4.6566129e-08
709,1.3267275,4.6566129e-08
709,1.3267272,4.6566129e-08
709,1.3267268,4.6566129e-08
709,1.3267265,4.6566129e-08
709,1.3267262,4.6566129e-08
709,1.3267259,4.6566129e-08
709,1.3267255,4.6566129e-08
709,1.3267252,4.6566129e-08
709,1.3267249,4.6566129e-08
709,1.3267245,4.8428774e-08
709,1.3267242,4.8428774e-08
710,1.3267239,4.8428774e-08
710,1.3267235,4.8428774e-08
710,1.3267232,4.8428774e-08
710,1.3267229,4.8428774e-08
710,1.3267225,4.8428774e-08
710,1.3267222,4.8428774e-08
710,1.3267219,4.8428774e-08
710,1.3267215,4.8428774e-08
710,1.3267212,4.8428774e-08
710,1.3267209,4.8428774e-08
710,1.3267205,4.8428774e-08
710,1.3267202,4.8428774e-08
710,1.3267199,4.8428774e-08
710,1.3267196,4.8428774e-08
710,1.3267192,4.8428774e-08
710,1.3267189,4.8428774e-08
710,1.3267186,4.8428774e-08
710,1.3267182,4.8428774e-08
710,1.3267179,4.8428774e-08
710,1.3267176,4.8428774e-08
711,1.3267172,5.0291419e-08
711,1.3267169,5.0291419e-08
711,1.3267166,5.0291419e-08
711,1.3267162,5.0291419e-08
711,1.3267159,5.0291419e-08
711,1.3267156,5.0291419e-08
711,1.3267152,5.0291419e-08
711,1.3267149,5.0291419e-08
711,1.3267146,5.0291419e-08
711,1.3267142,5.0291419e-08
711,1.3267139,5.0291419e-08
711,1.3267136,5.0291419e-08
711,1.3267132,5.0291419e-08
711,1.3267129,5.0291419e-08
711,1.3267126,5.0291419e-08
711,1.3267122,5.0291419e-08
711,1.3267119,5.0291419e-08
711,1.3267116,5.0291419e-08
711,1.3267112,5.0291419e-08
711,1.3267109,5.0291419e-08
711,1.3267106,5.2154064e-08
712,1.3267102,5.2154064e-08
712,1.3267099,5.2154064e-08
712,1.3267096,5.2154064e-08
712,1.3267092,5.2154064e-08
712,1.3267089,5.2154064e-08
712,1.3267085,5.2154064e-08
712,1.3267082,5.2154064e-08
712,1.3267079,5.2154064e-08
712,1.3267075,5.2154064e-08
712,1.3267072,5.2154064e-08
712,1.3267069,5.2154064e-08
712,1.3267065,5.2154064e-08
712,1.3267062,5.2154064e-08
712,1.3267059,5.2154064e-08
712,1.3267055,5.2154064e-08
712,1.3267052,5.2154064e-08
712,1.3267049,5.2154064e-08
712,1.3267045,5.4016709e-08
712,1.3267042,5.4016709e-08
712,1.3267039,5.4016709e-08
713,1.3267035,5.4016709e-08
713,1.3267032,5.4016709e-08
713,1.3267028,5.4016709e-08
713,1.3267025,5.4016709e-08
713,1.3267022,5.4016709e-08
713,1.3267018,5.4016709e-08
713,1.3267015,5.4016709e-08
713,1.3267012,5.4016709e-08
713,1.3267008,5.4016709e-08
713,1.3267005,5.4016709e-08
713,1.3267002,5.4016709e-08
713,1.3266998,5.4016709e-08
713,1.3266995,5.4016709e-08
713,1.3266991,5.4016709e-08
713,1.3266988,5.5879354e-08
713,1.3266985,5.5879354e-08
713,1.3266981,5.5879354e-08
713,1.3266978,5.5879354e-08
713,1.3266975,5.5879354e-08
713,1.3266971,5.5879354e-08
714,1.3266968,5.5879354e-08
714,1.3266965,5.5879354e-08
714,1.3266961,5.5879354e-08
714,1.3266958,5.5879354e-08
714,1.3266954,5.5879354e-08
714,1.3266951,5.5879354e-08
714,1.3266948,5.5879354e-08
714,1.3266944,5.5879354e-08
714,1.3266941,5.5879354e-08
714,1.3266938,5.5879354e-08
714,1.3266934,5.5879354e-08
714,1.3266931,5.7742e-08
714,1.3266927,5.7742e-08
714,1.3266924,5.7742e-08
714,1.3266921,5.7742e-08
714,1.3266917,5.7742e-08
714,1.3266914,5.7742e-08
714,1.326691,5.7742e-08
714,1.3266907,5.7742e-08
714,1.3266904,5.7742e-08
714,1.32669,5.7742e-08
715,1.3266897,5.7742e-08
715,1.3266894,5.7742e-08
715,1.326689,5.7742e-08
715,1.3266887,5.7742e-08
715,1.3266883,5.7742e-08
715,1.326688,5.9604645e-08
715,1.3266877,5.9604645e-08
715,1.3266873,5.9604645e-08
715,1.326687,5.9604645e-08
715,1.3266866,5.9604645e-08
715,1.3266863,5.9604645e-08
715,1.326686,5.9604645e-08
715,1.3266856,5.9604645e-08
715,1.3266853,5.9604645e-08
715,1.3266849,5.9604645e-08
715,1.3266846,5.9604645e-08
715,1.3266843,5.9604645e-08
715,1.3266839,5.9604645e-08
715,1.3266836,5.9604645e-08
715,1.3266832,5.9604645e-08
716,1.3266829,6.146729e-08
716,1.3266826,6.146729e-08
716,1.3266822,6.146729e-08
716,1.3266819,6.146729e-08
716,1.3266815,6.146729e-08
716,1.3266812,6.146729e-08
716,1.3266809,6.146729e-08
716,1.3266805,6.146729e-08
716,1.3266802,6.146729e-08
716,1.3266798,6.146729e-08
716,1.3266795,6.146729e-08
716,1.3266792,6.146729e-08
716,1.3266788,6.146729e-08
716,1.3266785,6.146729e-08
716,1.3266781,6.3329935e-08
716,1.3266778,6.3329935e-08
716,1.3266774,6.3329935e-08
716,1.3266771,6.3329935e-08
716,1.3266768,6.3329935e-08
716,1.3266764,6.3329935e-08
717,1.3266761,6.3329935e-08
717,1.3266757,6.3329935e-08
717,1.3266754,6.3329935e-08
717,1.3266751,6.3329935e-08
717,1.3266747,6.3329935e-08
717,1.3266744,6.3329935e-08
717,1.326674,6.3329935e-08
717,1.3266737,6.3329935e-08
717,1.3266733,6.519258e-08
717,1.326673,6.519258e-08
717,1.3266727,6.519258e-08
717,1.3266723,6.519258e-08
717,1.326672,6.519258e-08
717,1.3266716,6.519258e-08
717,1.3266713,6.519258e-08
717,1.3266709,6.519258e-08
717,1.3266706,6.519258e-08
717,1.3266703,6.519258e-08
717,1.3266699,6.519258e-08
717,1.3266696,6.519258e-08
718,1.3266692,6.519258e-08
718,1.3266689,6.7055225e-08
718,1.3266685,6.7055225e-08
718,1.3266682,6.7055225e-08
718,1.3266679,6.7055225e-08
718,1.3266675,6.7055225e-08
718,1.3266672,6.7055225e-08
718,1.3266668,6.7055225e-08
718,1.3266665,6.7055225e-08
718,1.3266661,6.7055225e-08
718,1.3266658,6.7055225e-08
718,1.3266654,6.7055225e-08
718,1.3266651,6.7055225e-08
718,1.3266648,6.7055225e-08
718,1.3266644,6.8917871e-08
718,1.3266641,6.8917871e-08
718,1.3266637,6.8917871e-08
718,1.3266634,6.8917871e-08
718,1.326663,6.8917871e-08
718,1.3266627,6.8917871e-08
719,1.3266623,6.8917871e-08
719,1.326662,6.8917871e-08
719,1.3266617,6.8917871e-08
719,1.3266613,6.8917871e-08
719,1.326661,6.8917871e-08
719,1.3266606,6.8917871e-08
719,1.3266603,6.8917871e-08
719,1.3266599,7.0780516e-08
719,1.3266596,7.0780516e-08
719,1.3266592,7.0780516e-08
719,1.3266589,7.0780516e-08
719,1.3266586,7.0780516e-08
719,1.3266582,7.0780516e-08
719,1.3266579,7.0780516e-08
719,1.3266575,7.0780516e-08
719,1.3266572,7.0780516e-08
719,1.3266568,7.0780516e-08
719,1.3266565,7.0780516e-08
719,1.3266561,7.0780516e-08
719,1.3266558,7.2643161e-08
720,1.3266554,7.2643161e-08
720,1.3266551,7.2643161e-08
720,1.3266547,7.2643161e-08
720,1.3266544,7.2643161e-08
720,1.3266541,7.2643161e-08
720,1.3266537,7.2643161e-08
720,1.3266534,7.2643161e-08
720,1.326653,7.2643161e-08
720,1.3266527,7.2643161e-08
720,1.3266523,7.2643161e-08
720,1.326652,7.2643161e-08
720,1.3266516,7.4505806e-08
720,1.3266513,7.4505806e-08
720,1.3266509,7.4505806e-08
720,1.3266506,7.4505806e-08
720,1.3266502,7.4505806e-08
720,1.3266499,7.4505806e-08
720,1.3266495,7.4505806e-08
720,1.3266492,7.4505806e-08
720,1.3266488,7.4505806e-08
721,1.3266485,7.4505806e-08
721,1.3266481,7.4505806e-08
721,1.3266478,7.4505806e-08
721,1.3266475,7.6368451e-08
721,1.3266471,7.6368451e-08
721,1.3266468,7.6368451e-08
721,1.3266464,7.6368451e-08
721,1.3266461,7.6368451e-08
721,1.3266457,7.6368451e-08
721,1.3266454,7.6368451e-08
721,1.326645,7.6368451e-08
721,1.3266447,7.6368451e-08
721,1.3266443,7.6368451e-08
721,1.326644,7.6368451e-08
721,1.3266436,7.6368451e-08
721,1.3266433,7.8231096e-08
721,1.3266429,7.8231096e-08
721,1.3266426,7.8231096e-08
721,1.3266422,7.8231096e-08
721,1.3266419,7.8231096e-08
722,1.3266415,7.8231096e-08
722,1.3266412,7.8231096e-08
722,1.3266408,7.8231096e-08
722,1.3266405,7.8231096e-08
722,1.3266401,7.8231096e-08
722,1.3266398,7.8231096e-08
722,1.3266394,8.0093741e-08
722,1.3266391,8.0093741e-08
722,1.3266387,8.0093741e-08
722,1.3266384,8.0093741e-08
722,1.326638,8.0093741e-08
722,1.3266377,8.0093741e-08
722,1.3266373,8.0093741e-08
722,1.326637,8.0093741e-08
722,1.3266366,8.0093741e-08
722,1.3266363,8.0093741e-08
722,1.3266359,8.0093741e-08
722,1.3266356,8.0093741e-08
722,1.3266352,8.1956387e-08
722,1.3266349,8.1956387e-08
723,1.3266345,8.1956387e-08
723,1.3266342,8.1956387e-08
723,1.3266338,8.1956387e-08
723,1.3266335,8.1956387e-08
723,1.3266331,8.1956387e-08
723,1.3266328,8.1956387e-08
723,1.3266324,8.1956387e-08
723,1.3266321,8.1956387e-08
723,1.3266317,8.3819032e-08
723,1.3266314,8.3819032e-08
723,1.326631,8.3819032e-08
723,1.3266307,8.3819032e-08
723,1.3266303,8.3819032e-08
723,1.3266299,8.3819032e-08
723,1.3266296,8.3819032e-08
723,1.3266292,8.3819032e-08
723,1.3266289,8.3819032e-08
723,1.3266285,8.3819032e-08
723,1.3266282,8.3819032e-08
723,1.3266278,8.5681677e-08
724,1.3266275,8.5681677e-08
724,1.3266271,8.5681677e-08
724,1.3266268,8.5681677e-08
724,1.3266264,8.5681677e-08
724,1.3266261,8.5681677e-08
724,1.3266257,8.5681677e-08
724,1.3266254,8.5681677e-08
724,1.326625,8.5681677e-08
724,1.3266247,8.5681677e-08
724,1.3266243,8.5681677e-08
724,1.326624,8.7544322e-08
724,1.3266236,8.7544322e-08
724,1.3266232,8.7544322e-08
724,1.3266229,8.7544322e-08
724,1.3266225,8.7544322e-08
724,1.3266222,8.7544322e-08
724,1.3266218,8.7544322e-08
724,1.3266215,8.7544322e-08
724,1.3266211,8.7544322e-08
724,1.3266208,8.7544322e-08
725,1.3266204,8.9406967e-08
725,1.3266201,8.9406967e-08
725,1.3266197,8.9406967e-08
725,1.3266194,8.9406967e-08
725,1.326619,8.9406967e-08
725,1.3266186,8.9406967e-08
725,1.3266183,8.9406967e-08
725,1.3266179,8.9406967e-08
725,1.3266176,8.9406967e-08
725,1.3266172,8.9406967e-08
725,1.3266169,9.1269612e-08
725,1.3266165,9.1269612e-08
725,1.3266162,9.1269612e-08
725,1.3266158,9.1269612e-08
725,1.3266155,9.1269612e-08
725,1.3266151,9.1269612e-08
725,1.3266147,9.1269612e-08
725,1.3266144,9.1269612e-08
725,1.326614,9.1269612e-08
726,1.3266137,9.3132257e-08
726,1.3266133,9.3132257e-08
726,1.326613,9.3132257e-08
726,1.3266126,9.3132257e-08
726,1.3266123,9.3132257e-08
726,1.3266119,9.3132257e-08
726,1.3266115,9.3132257e-08
726,1.3266112,9.3132257e-08
726,1.3266108,9.3132257e-08
726,1.3266105,9.4994903e-08
726,1.3266101,9.4994903e-08
726,1.3266098,9.4994903e-08
726,1.3266094,9.4994903e-08
726,1.326609,9.4994903e-08
726,1.3266087,9.4994903e-08
726,1.3266083,9.4994903e-08
726,1.326608,9.4994903e-08
726,1.3266076,9.6857548e-08
726,1.3266073,9.6857548e-08
726,1.3266069,9.6857548e-08
727,1.3266065,9.6857548e-08
727,1.3266062,9.6857548e-08
727,1.3266058,9.6857548e-08
727,1.3266055,9.6857548e-08
727,1.3266051,9.8720193e-08
727,1.3266048,9.8720193e-08
727,1.3266044,9.8720193e-08
727,1.326604,9.8720193e-08
727,1.3266037,9.8720193e-08
727,1.3266033,9.8720193e-08
727,1.326603,9.8720193e-08
727,1.3266026,1.0058284e-07
727,1.3266023,1.0058284e-07
727,1.3266019,1.0058284e-07
727,1.3266015,1.0058284e-07
727,1.3266012,1.0058284e-07
727,1.3266008,1.0058284e-07
727,1.3266005,1.0058284e-07
727,1.3266001,1.0244548e-07
727,1.3265997,1.0244548e-07
728,1.3265994,1.0244548e-07
728,1.326599,1.0244548e-07
728,1.3265987,1.0244548e-07
728,1.3265983,1.0244548e-07
728,1.3265979,1.0244548e-07
728,1.3265976,1.0430813e-07
728,1.3265972,1.0430813e-07
728,1.3265969,1.0430813e-07
728,1.3265965,1.0430813e-07
728,1.3265962,1.0430813e-07
728,1.3265958,1.0430813e-07
728,1.3265954,1.0430813e-07
728,1.3265951,1.0430813e-07
728,1.3265947,1.0617077e-07
728,1.3265944,1.0617077e-07
728,1.326594,1.0617077e-07
728,1.3265936,1.0617077e-07
728,1.3265933,1.0617077e-07
728,1.3265929,1.0617077e-07
729,1.3265926,1.0617077e-07
729,1.3265922,1.0803342e-07
729,1.3265918,1.0803342e-07
729,1.3265915,1.0803342e-07
729,1.3265911,1.0803342e-07
729,1.3265907,1.0803342e-07
729,1.3265904,1.0803342e-07
729,1.32659,1.0989606e-07
729,1.3265897,1.0989606e-07
729,1.3265893,1.0989606e-07
729,1.3265889,1.0989606e-07
729,1.3265886,1.0989606e-07
729,1.3265882,1.1175871e-07
729,1.3265879,1.1175871e-07
729,1.3265875,1.1175871e-07
729,1.3265871,1.1175871e-07
729,1.3265868,1.1175871e-07
729,1.3265864,1.1362135e-07
729,1.3265861,1.1362135e-07
729,1.3265857,1.1362135e-07
730,1.3265853,1.1362135e-07
730,1.326585,1.1362135e-07
730,1.3265846,1.1362135e-07
730,1.3265842,1.15484e-07
730,1.3265839,1.15484e-07
730,1.3265835,1.15484e-07
730,1.3265832,1.15484e-07
730,1.3265828,1.15484e-07
730,1.3265824,1.1734664e-07
730,1.3265821,1.1734664e-07
730,1.3265817,1.1734664e-07
730,1.3265813,1.1734664e-07
730,1.326581,1.1734664e-07
730,1.3265806,1.1734664e-07
730,1.3265803,1.1920929e-07
730,1.3265799,1.1920929e-07
730,1.3265795,1.1920929e-07
730,1.3265792,1.1920929e-07
730,1.3265788,1.1920929e-07
731,1.3265784,1.2107193e-07
731,1.3265781,1.2107193e-07
731,1.3265777,1.2107193e-07
731,1.3265773,1.2107193e-07
731,1.326577,1.2107193e-07
731,1.3265766,1.2107193e-07
731,1.3265763,1.2293458e-07
731,1.3265759,1.2293458e-07
731,1.3265755,1.2293458e-07
731,1.3265752,1.2293458e-07
731,1.3265748,1.2293458e-07
731,1.3265744,1.2479722e-07
731,1.3265741,1.2479722e-07
731,1.3265737,1.2479722e-07
731,1.3265733,1.2479722e-07
731,1.326573,1.2479722e-07
731,1.3265726,1.2479722e-07
731,1.3265722,1.2665987e-07
731,1.3265719,1.2665987e-07
731,1.3265715,1.2665987e-07
732,1.3265712,1.2665987e-07
732,1.3265708,1.2665987e-07
732,1.3265704,1.2852252e-07
732,1.3265701,1.2852252e-07
732,1.3265697,1.2852252e-07
732,1.3265693,1.2852252e-07
732,1.326569,1.2852252e-07
732,1.3265686,1.2852252e-07
732,1.3265682,1.3038516e-07
732,1.3265679,1.3038516e-07
732,1.3265675,1.3038516e-07
732,1.3265671,1.3038516e-07
732,1.3265668,1.3038516e-07
732,1.3265664,1.3224781e-07
732,1.326566,1.3224781e-07
732,1.3265657,1.3224781e-07
732,1.3265653,1.3224781e-07
732,1.3265649,1.3224781e-07
732,1.3265646,1.3224781e-07
733,1.3265642,1.3411045e-07
733,1.3265638,1.3411045e-07
733,1.3265635,1.3411045e-07
733,1.3265631,1.3411045e-07
733,1.3265627,1.3411045e-07
733,1.3265624,1.359731e-07
733,1.326562,1.359731e-07
733,1.3265616,1.359731e-07
733,1.3265613,1.359731e-07
733,1.3265609,1.359731e-07
733,1.3265605,1.3783574e-07
733,1.3265602,1.3783574e-07
733,1.3265598,1.3783574e-07
733,1.3265594,1.3783574e-07
733,1.3265591,1.3783574e-07
733,1.3265587,1.3969839e-07
733,1.3265583,1.3969839e-07
733,1.326558,1.3969839e-07
733,1.3265576,1.3969839e-07
734,1.3265572,1.3969839e-07
734,1.3265569,1.4156103e-07
734,1.3265565,1.4156103e-07
734,1.3265561,1.4156103e-07
734,1.3265558,1.4156103e-07
734,1.3265554,1.4342368e-07
734,1.326555,1.4342368e-07
734,1.3265546,1.4342368e-07
734,1.3265543,1.4342368e-07
734,1.3265539,1.4342368e-07
734,1.3265535,1.4342368e-07
734,1.3265532,1.4342368e-07
734,1.3265528,1.4528632e-07
734,1.3265524,1.4528632e-07
734,1.3265521,1.4528632e-07
734,1.3265517,1.4528632e-07
734,1.3265513,1.4528632e-07
734,1.326551,1.4528632e-07
734,1.3265506,1.4528632e-07
735,1.3265502,1.4528632e-07
735,1.3265498,1.4714897e-07
735,1.3265495,1.4714897e-07
735,1.3265491,1.4714897e-07
735,1.3265487,1.4714897e-07
735,1.3265484,1.4714897e-07
735,1.326548,1.4714897e-07
735,1.3265476,1.4714897e-07
735,1.3265473,1.4714897e-07
735,1.3265469,1.4714897e-07
735,1.3265465,1.4901161e-07
735,1.3265461,1.4901161e-07
735,1.3265458,1.4901161e-07
735,1.3265454,1.4901161e-07
735,1.326545,1.4901161e-07
735,1.3265447,1.4901161e-07
735,1.3265443,1.4901161e-07
735,1.3265439,1.4901161e-07
735,1.3265435,1.5087426e-07
735,1.3265432,1.5087426e-07
736,1.3265428,1.5087426e-07
736,1.3265424,1.5087426e-07
736,1.3265421,1.5087426e-07
736,1.3265417,1.5087426e-07
736,1.3265413,1.5087426e-07
736,1.3265409,1.5087426e-07
736,1.3265406,1.527369e-07
736,1.3265402,1.527369e-07
736,1.3265398,1.527369e-07
736,1.3265395,1.527369e-07
736,1.3265391,1.527369e-07
736,1.3265387,1.527369e-07
736,1.3265383,1.527369e-07
736,1.326538,1.527369e-07
736,1.3265376,1.5459955e-07
736,1.3265372,1.5459955e-07
736,1.3265369,1.5459955e-07
736,1.3265365,1.5459955e-07
736,1.3265361,1.5459955e-07
737,1.3265357,1.5459955e-07
737,1.3265354,1.5459955e-07
737,1.326535,1.5459955e-07
737,1.3265346,1.5459955e-07
737,1.3265342,1.5459955e-07
737,1.3265339,1.5646219e-07
737,1.3265335,1.5646219e-07
737,1.3265331,1.5646219e-07
737,1.3265328,1.5646219e-07
737,1.3265324,1.5646219e-07
737,1.326532,1.5646219e-07
737,1.3265316,1.5646219e-07
737,1.3265313,1.5646219e-07
737,1.3265309,1.5646219e-07
737,1.3265305,1.5646219e-07
737,1.3265301,1.5832484e-07
737,1.3265298,1.5832484e-07
737,1.3265294,1.5832484e-07
737,1.326529,1.5832484e-07
738,1.3265286,1.5832484e-07
738,1.3265283,1.5832484e-07
738,1.3265279,1.5832484e-07
738,1.3265275,1.5832484e-07
738,1.3265271,1.5832484e-07
738,1.3265268,1.5832484e-07
738,1.3265264,1.6018748e-07
738,1.326526,1.6018748e-07
738,1.3265256,1.6018748e-07
738,1.3265253,1.6018748e-07
738,1.3265249,1.6018748e-07
738,1.3265245,1.6018748e-07
738,1.3265241,1.6018748e-07
738,1.3265238,1.6018748e-07
738,1.3265234,1.6018748e-07
738,1.326523,1.6018748e-07
738,1.3265226,1.6018748e-07
738,1.3265223,1.6018748e-07
738,1.3265219,1.6205013e-07
739,1.3265215,1.6205013e-07
739,1.3265211,1.6205013e-07
739,1.3265208,1.6205013e-07
739,1.3265204,1.6205013e-07
739,1.32652,1.6205013e-07
739,1.3265196,1.6205013e-07
739,1.3265192,1.6205013e-07
739,1.3265189,1.6205013e-07
739,1.3265185,1.6205013e-07
739,1.3265181,1.6205013e-07
739,1.3265177,1.6205013e-07
739,1.3265174,1.6205013e-07
739,1.326517,1.6205013e-07
739,1.3265166,1.6205013e-07
739,1.3265162,1.6205013e-07
739,1.3265159,1.6205013e-07
739,1.3265155,1.6205013e-07
739,1.3265151,1.6205013e-07
739,1.3265147,1.6205013e-07
740,1.3265143,1.6205013e-07
740,1.326514,1.6205013e-07
740,1.3265136,1.6391277e-07
740,1.3265132,1.6391277e-07
740,1.3265128,1.6391277e-07
740,1.3265125,1.6391277e-07
740,1.3265121,1.6391277e-07
740,1.3265117,1.6391277e-07
740,1.3265113,1.6391277e-07
740,1.3265109,1.6391277e-07
740,1.3265106,1.6391277e-07
740,1.3265102,1.6391277e-07
740,1.3265098,1.6391277e-07
740,1.3265094,1.6391277e-07
740,1.326509,1.6391277e-07
740,1.3265087,1.6391277e-07
740,1.3265083,1.6391277e-07
740,1.3265079,1.6391277e-07
740,1.3265075,1.6391277e-07
741,1.3265072,1.6391277e-07
741,1.3265068,1.6391277e-07
741,1.3265064,1.6391277e-07
741,1.326506,1.6391277e-07
741,1.3265056,1.6391277e-07
741,1.3265053,1.6391277e-07
741,1.3265049,1.6391277e-07
741,1.3265045,1.6391277e-07
741,1.3265041,1.6391277e-07
741,1.3265037,1.6577542e-07
741,1.3265034,1.6577542e-07
741,1.326503,1.6577542e-07
741,1.3265026,1.6577542e-07
741,1.3265022,1.6577542e-07
741,1.3265018,1.6577542e-07
741,1.3265014,1.6577542e-07
741,1.3265011,1.6577542e-07
741,1.3265007,1.6577542e-07
741,1.3265003,1.6577542e-07
742,1.3264999,1.6577542e-07
742,1.3264995,1.6577542e-07
742,1.3264992,1.6577542e-07
742,1.3264988,1.6577542e-07
742,1.3264984,1.6577542e-07
742,1.326498,1.6577542e-07
742,1.3264976,1.6577542e-07
742,1.3264973,1.6577542e-07
742,1.3264969,1.6577542e-07
742,1.3264965,1.6577542e-07
742,1.3264961,1.6577542e-07
742,1.3264957,1.6577542e-07
742,1.3264953,1.6577542e-07
742,1.326495,1.6577542e-07
742,1.3264946,1.6577542e-07
742,1.3264942,1.6577542e-07
742,1.3264938,1.6577542e-07
742,1.3264934,1.6577542e-07
743,1.3264931,1.6577542e-07
743,1.3264927,1.6577542e-07
743,1.3264923,1.6577542e-07
743,1.3264919,1.6577542e-07
743,1.3264915,1.6577542e-07
743,1.3264911,1.6577542e-07
743,1.3264908,1.6577542e-07
743,1.3264904,1.6577542e-07
743,1.32649,1.6577542e-07
743,1.3264896,1.6577542e-07
743,1.3264892,1.6577542e-07
743,1.3264888,1.6577542e-07
743,1.3264885,1.6577542e-07
743,1.3264881,1.6763806e-07
743,1.3264877,1.6763806e-07
743,1.3264873,1.6763806e-07
743,1.3264869,1.6763806e-07
743,1.3264865,1.6763806e-07
743,1.3264861,1.6763806e-07
744,1.3264858,1.6763806e-07
744,1.3264854,1.6763806e-07
744,1.326485,1.6763806e-07
744,1.3264846,1.6763806e-07
744,1.3264842,1.6763806e-07
744,1.3264838,1.6763806e-07
744,1.3264835,1.6763806e-07
744,1.3264831,1.6763806e-07
744,1.3264827,1.6763806e-07
744,1.3264823,1.6763806e-07
744,1.3264819,1.6763806e-07
744,1.3264815,1.6763806e-07
744,1.3264811,1.6763806e-07
744,1.3264808,1.6763806e-07
744,1.3264804,1.6763806e-07
744,1.32648,1.6763806e-07
744,1.3264796,1.6763806e-07
744,1.3264792,1.6763806e-07
744,1.3264788,1.6763806e-07
745,1.3264784,1.6763806e-07
745,1.3264781,1.6763806e-07
745,1.3264777,1.6763806e-07
745,1.3264773,1.6763806e-07
745,1.3264769,1.6763806e-07
745,1.3264765,1.6763806e-07
745,1.3264761,1.6763806e-07
745,1.3264757,1.6763806e-07
745,1.3264754,1.6763806e-07
745,1.326475,1.6763806e-07
745,1.3264746,1.6763806e-07
745,1.3264742,1.6763806e-07
745,1.3264738,1.6763806e-07
745,1.3264734,1.6763806e-07
745,1.326473,1.6763806e-07
745,1.3264726,1.6763806e-07
745,1.3264723,1.6763806e-07
745,1.3264719,1.6763806e-07
746,1.3264715,1.6763806e-07
746,1.3264711,1.6763806e-07
746,1.3264707,1.6763806e-07
746,1.3264703,1.6763806e-07
746,1.3264699,1.6763806e-07
746,1.3264695,1.6763806e-07
746,1.3264692,1.6763806e-07
746,1.3264688,1.6763806e-07
746,1.3264684,1.6763806e-07
746,1.326468,1.6763806e-07
746,1.3264676,1.6763806e-07
746,1.3264672,1.6763806e-07
746,1.3264668,1.6763806e-07
746,1.3264664,1.6763806e-07
746,1.326466,1.6763806e-07
746,1.3264657,1.6763806e-07
746,1.3264653,1.6763806e-07
746,1.3264649,1.6763806e-07
746,1.3264645,1.6763806e-07
747,1.3264641,1.6763806e-07
747,1.3264637,1.6763806e-07
747,1.3264633,1.6763806e-07
747,1.3264629,1.6763806e-07
747,1.3264625,1.6763806e-07
747,1.3264621,1.6763806e-07
747,1.3264618,1.6763806e-07
747,1.3264614,1.6763806e-07
747,1.326461,1.6763806e-07
747,1.3264606,1.6763806e-07
747,1.3264602,1.6763806e-07
747,1.3264598,1.6763806e-07
747,1.3264594,1.6763806e-07
747,1.326459,1.6763806e-07
747,1.3264586,1.6763806e-07
747,1.3264582,1.6763806e-07
747,1.3264579,1.6763806e-07
747,1.3264575,1.6763806e-07
747,1.3264571,1.6763806e-07
748,1.3264567,1.6763806e-07
748,1.3264563,1.6763806e-07
748,1.3264559,1.6763806e-07
748,1.3264555,1.6763806e-07
748,1.3264551,1.6763806e-07
748,1.3264547,1.6763806e-07
748,1.3264543,1.6763806e-07
748,1.3264539,1.6763806e-07
748,1.3264535,1.6763806e-07
748,1.3264532,1.6763806e-07
748,1.3264528,1.6763806e-07
748,1.3264524,1.6763806e-07
748,1.326452,1.6763806e-07
748,1.3264516,1.6763806e-07
748,1.3264512,1.6763806e-07
748,1.3264508,1.6763806e-07
748,1.3264504,1.6763806e-07
748,1.32645,1.6763806e-07
749,1.3264496,1.6763806e-07
749,1.3264492,1.6763806e-07
749,1.3264488,1.6763806e-07
749,1.3264484,1.6950071e-07
749,1.3264481,1.6950071e-07
749,1.3264477,1.6950071e-07
749,1.3264473,1.6950071e-07
749,1.3264469,1.6950071e-07
749,1.3264465,1.6950071e-07
749,1.3264461,1.6950071e-07
749,1.3264457,1.6950071e-07
749,1.3264453,1.6950071e-07
749,1.3264449,1.6950071e-07
749,1.3264445,1.6950071e-07
749,1.3264441,1.6950071e-07
749,1.3264437,1.6950071e-07
749,1.3264433,1.6950071e-07
749,1.3264429,1.6950071e-07
749,1.3264425,1.6950071e-07
750,1.3264421,1.6950071e-07
750,1.3264418,1.6950071e-07
750,1.3264414,1.6950071e-07
750,1.326441,1.6950071e-07
750,1.3264406,1.6950071e-07
750,1.3264402,1.6950071e-07
750,1.3264398,1.6950071e-07
750,1.3264394,1.6950071e-07
750,1.326439,1.6950071e-07
750,1.3264386,1.6950071e-07
750,1.3264382,1.6950071e-07
750,1.3264378,1.6950071e-07
750,1.3264374,1.6950071e-07
750,1.326437,1.6950071e-07
750,1.3264366,1.6950071e-07
750,1.3264362,1.6950071e-07
750,1.3264358,1.6950071e-07
750,1.3264354,1.6950071e-07
751,1.326435,1.6950071e-07
751,1.3264346,1.6950071e-07
751,1.3264342,1.6950071e-07
751,1.3264338,1.6950071e-07
751,1.3264334,1.6950071e-07
751,1.326433,1.6950071e-07
751,1.3264327,1.6950071e-07
751,1.3264323,1.6950071e-07
751,1.3264319,1.6950071e-07
751,1.3264315,1.6950071e-07
751,1.3264311,1.6950071e-07
751,1.3264307,1.6950071e-07
751,1.3264303,1.6950071e-07
751,1.3264299,1.6950071e-07
751,1.3264295,1.6950071e-07
751,1.3264291,1.6950071e-07
751,1.3264287,1.6950071e-07
751,1.3264283,1.6950071e-07
752,1.3264279,1.6950071e-07
752,1.3264275,1.6950071e-07
752,1.3264271,1.6950071e-07
752,1.3264267,1.6950071e-07
752,1.3264263,1.6950071e-07
752,1.3264259,1.6950071e-07
752,1.3264255,1.6950071e-07
752,1.3264251,1.6950071e-07
752,1.3264247,1.7136335e-07
752,1.3264243,1.7136335e-07
752,1.3264239,1.7136335e-07
752,1.3264235,1.7136335e-07
752,1.3264231,1.7136335e-07
752,1.3264227,1.7136335e-07
752,1.3264223,1.7136335e-07
752,1.3264219,1.7136335e-07
752,1.3264215,1.7136335e-07
752,1.3264211,1.7136335e-07
752,1.3264207,1.7136335e-07
753,1.3264203,1.7136335e-07
753,1.3264199,1.7136335e-07
753,1.3264195,1.7136335e-07
753,1.3264191,1.7136335e-07
753,1.3264187,1.7136335e-07
753,1.3264183,1.7136335e-07
753,1.3264179,1.7136335e-07
753,1.3264175,1.7136335e-07
753,1.3264171,1.7136335e-07
753,1.3264167,1.7136335e-07
753,1.3264163,1.7136335e-07
753,1.3264159,1.7136335e-07
753,1.3264155,1.7136335e-07
753,1.3264151,1.7136335e-07
753,1.3264147,1.7136335e-07
753,1.3264143,1.7136335e-07
753,1.3264139,1.7136335e-07
753,1.3264135,1.7136335e-07
754,1.3264131,1.7136335e-07
754,1.3264127,1.7136335e-07
754,1.3264123,1.7136335e-07
754,1.3264119,1.7136335e-07
754,1.3264115,1.7136335e-07
754,1.3264111,1.7136335e-07
754,1.3264107,1.7136335e-07
754,1.3264103,1.7136335e-07
754,1.3264099,1.7136335e-07
754,1.3264095,1.7136335e-07
754,1.3264091,1.7136335e-07
754,1.3264087,1.7136335e-07
754,1.3264083,1.7136335e-07
754,1.3264079,1.7136335e-07
754,1.3264075,1.7136335e-07
754,1.3264071,1.7136335e-07
754,1.3264067,1.7136335e-07
754,1.3264063,1.7136335e-07
755,1.3264059,1.7136335e-07
755,1.3264055,1.7136335e-07
755,1.3264051,1.7136335e-07
755,1.3264047,1.7136335e-07
755,1.3264042,1.7136335e-07
755,1.3264038,1.7136335e-07
755,1.3264034,1.7136335e-07
755,1.326403,1.7136335e-07
755,1.3264026,1.7136335e-07
755,1.3264022,1.7136335e-07
755,1.3264018,1.7136335e-07
755,1.3264014,1.7136335e-07
755,1.326401,1.7136335e-07
755,1.3264006,1.7136335e-07
755,1.3264002,1.7136335e-07
755,1.3263998,1.7136335e-07
755,1.3263994,1.7136335e-07
755,1.326399,1.7136335e-07
756,1.3263986,1.7136335e-07
756,1.3263982,1.7136335e-07
756,1.3263978,1.7136335e-07
756,1.3263974,1.7136335e-07
756,1.326397,1.7136335e-07
756,1.3263966,1.7136335e-07
756,1.3263962,1.7136335e-07
756,1.3263958,1.7136335e-07
756,1.3263953,1.7136335e-07
756,1.3263949,1.7136335e-07
756,1.3263945,1.7136335e-07
756,1.3263941,1.7136335e-07
756,1.3263937,1.7136335e-07
756,1.3263933,1.7136335e-07
756,1.3263929,1.7136335e-07
756,1.3263925,1.7136335e-07
756,1.3263921,1.7136335e-07
756,1.3263917,1.7136335e-07
757,1.3263913,1.7136335e-07
757,1.3263909,1.7136335e-07
757,1.3263905,1.7136335e-07
757,1.3263901,1.7136335e-07
757,1.3263897,1.7136335e-07
757,1.3263893,1.7136335e-07
757,1.3263888,1.7136335e-07
757,1.3263884,1.7136335e-07
757,1.326388,1.7136335e-07
757,1.3263876,1.7136335e-07
757,1.3263872,1.7136335e-07
757,1.3263868,1.7136335e-07
757,1.3263864,1.7136335e-07
757,1.326386,1.7136335e-07
757,1.3263856,1.7136335e-07
757,1.3263852,1.7136335e-07
757,1.3263848,1.7136335e-07
757,1.3263844,1.7136335e-07
757,1.326384,1.7136335e-07
758,1.3263836,1.7136335e-07
758,1.3263831,1.7136335e-07
758,1.3263827,1.7136335e-07
758,1.3263823,1.7136335e-07
758,1.3263819,1.7136335e-07
758,1.3263815,1.7136335e-07
758,1.3263811,1.7136335e-07
758,1.3263807,1.7136335e-07
758,1.3263803,1.7136335e-07
758,1.3263799,1.7136335e-07
758,1.3263795,1.7136335e-07
758,1.3263791,1.7136335e-07
758,1.3263786,1.7136335e-07
758,1.3263782,1.7136335e-07
758,1.3263778,1.7136335e-07
758,1.3263774,1.7136335e-07
758,1.326377,1.7136335e-07
758,1.3263766,1.7136335e-07
759,1.3263762,1.7136335e-07
759,1.3263758,1.7136335e-07
759,1.3263754,1.7136335e-07
759,1.326375,1.7136335e-07
759,1.3263745,1.7136335e-07
759,1.3263741,1.7136335e-07
759,1.3263737,1.7136335e-07
759,1.3263733,1.7136335e-07
759,1.3263729,1.7136335e-07
759,1.3263725,1.7136335e-07
759,1.3263721,1.7136335e-07
759,1.3263717,1.7136335e-07
759,1.3263713,1.7136335e-07
759,1.3263708,1.7136335e-07
759,1.3263704,1.7136335e-07
759,1.32637,1.7136335e-07
759,1.3263696,1.7136335e-07
759,1.3263692,1.7136335e-07
760,1.3263688,1.7136335e-07
760,1.3263684,1.7136335e-07
760,1.326368,1.7136335e-07
760,1.3263676,1.7136335e-07
760,1.3263671,1.73226e-07
760,1.3263667,1.73226e-07
760,1.3263663,1.73226e-07
760,1.3263659,1.73226e-07
760,1.3263655,1.73226e-07
760,1.3263651,1.73226e-07
760,1.3263647,1.73226e-07
760,1.3263643,1.73226e-07
760,1.3263638,1.73226e-07
760,1.3263634,1.73226e-07
760,1.326363,1.73226e-07
760,1.3263626,1.73226e-07
760,1.3263622,1.73226e-07
761,1.3263618,1.73226e-07
761,1.3263614,1.73226e-07
761,1.326361,1.73226e-07
761,1.3263605,1.73226e-07
761,1.3263601,1.73226e-07
761,1.3263597,1.73226e-07
761,1.3263593,1.73226e-07
761,1.3263589,1.73226e-07
761,1.3263585,1.73226e-07
761,1.3263581,1.73226e-07
761,1.3263576,1.73226e-07
761,1.3263572,1.73226e-07
761,1.3263568,1.73226e-07
761,1.3263564,1.73226e-07
761,1.326356,1.73226e-07
761,1.3263556,1.73226e-07
761,1.3263552,1.73226e-07
761,1.3263547,1.73226e-07
762,1.3263543,1.73226e-07
762,1.3263539,1.73226e-07
762,1.3263535,1.73226e-07
762,1.3263531,1.73226e-07
762,1.3263527,1.73226e-07
762,1.3263522,1.73226e-07
762,1.3263518,1.73226e-07
762,1.3263514,1.73226e-07
762,1.326351,1.73226e-07
762,1.3263506,1.73226e-07
762,1.3263502,1.73226e-07
762,1.3263497,1.73226e-07
762,1.3263493,1.73226e-07
762,1.3263489,1.73226e-07
762,1.3263485,1.73226e-07
762,1.3263481,1.73226e-07
762,1.3263477,1.73226e-07
762,1.3263472,1.73226e-07
763,1.3263468,1.73226e-07
763,1.3263464,1.73226e-07
763,1.326346,1.73226e-07
763,1.3263456,1.73226e-07
763,1.3263452,1.73226e-07
763,1.3263447,1.73226e-07
763,1.3263443,1.73226e-07
763,1.3263439,1.73226e-07
763,1.3263435,1.73226e-07
763,1.3263431,1.73226e-07
763,1.3263427,1.73226e-07
763,1.3263422,1.73226e-07
763,1.3263418,1.73226e-07
763,1.3263414,1.73226e-07
763,1.326341,1.73226e-07
763,1.3263406,1.73226e-07
763,1.3263401,1.73226e-07
763,1.3263397,1.73226e-07
764,1.3263393,1.73226e-07
764,1.3263389,1.73226e-07
764,1.3263385,1.73226e-07
764,1.3263381,1.73226e-07
764,1.3263376,1.73226e-07
764,1.3263372,1.73226e-07
764,1.3263368,1.73226e-07
764,1.3263364,1.73226e-07
764,1.326336,1.73226e-07
764,1.3263355,1.73226e-07
764,1.3263351,1.73226e-07
764,1.3263347,1.73226e-07
764,1.3263343,1.73226e-07
764,1.3263339,1.73226e-07
764,1.3263334,1.73226e-07
764,1.326333,1.73226e-07
764,1.3263326,1.73226e-07
764,1.3263322,1.73226e-07
765,1.3263318,1.73226e-07
765,1.3263313,1.73226e-07
765,1.3263309,1.73226e-07
765,1.3263305,1.73226e-07
765,1.3263301,1.73226e-07
765,1.3263297,1.73226e-07
765,1.3263292,1.73226e-07
765,1.3263288,1.73226e-07
765,1.3263284,1.73226e-07
765,1.326328,1.73226e-07
765,1.3263275,1.73226e-07
765,1.3263271,1.73226e-07
765,1.3263267,1.73226e-07
765,1.3263263,1.73226e-07
765,1.3263259,1.73226e-07
765,1.3263254,1.73226e-07
765,1.326325,1.73226e-07
766,1.3263246,1.73226e-07
766,1.3263242,1.73226e-07
766,1.3263238,1.73226e-07
766,1.3263233,1.73226e-07
766,1.3263229,1.73226e-07
766,1.3263225,1.73226e-07
766,1.3263221,1.73226e-07
766,1.3263216,1.73226e-07
766,1.3263212,1.73226e-07
766,1.3263208,1.73226e-07
766,1.3263204,1.73226e-07
766,1.3263199,1.73226e-07
766,1.3263195,1.7136335e-07
766,1.3263191,1.7136335e-07
766,1.3263187,1.7136335e-07
766,1.3263183,1.7136335e-07
766,1.3263178,1.7136335e-07
766,1.3263174,1.7136335e-07
767,1.326317,1.7136335e-07
767,1.3263166,1.7136335e-07
767,1.3263161,1.7136335e-07
767,1.3263157,1.7136335e-07
767,1.3263153,1.7136335e-07
767,1.3263149,1.7136335e-07
767,1.3263144,1.7136335e-07
767,1.326314,1.7136335e-07
767,1.3263136,1.7136335e-07
767,1.3263132,1.7136335e-07
767,1.3263127,1.7136335e-07
767,1.3263123,1.7136335e-07
767,1.3263119,1.7136335e-07
767,1.3263115,1.7136335e-07
767,1.326311,1.7136335e-07
767,1.3263106,1.7136335e-07
767,1.3263102,1.7136335e-07
767,1.3263098,1.7136335e-07
768,1.3263093,1.7136335e-07
768,1.3263089,1.7136335e-07
768,1.3263085,1.7136335e-07
768,1.3263081,1.7136335e-07
768,1.3263076,1.7136335e-07
768,1.3263072,1.7136335e-07
768,1.3263068,1.7136335e-07
768,1.3263063,1.7136335e-07
768,1.3263059,1.7136335e-07
768,1.3263055,1.7136335e-07
768,1.3263051,1.7136335e-07
768,1.3263046,1.7136335e-07
768,1.3263042,1.7136335e-07
768,1.3263038,1.7136335e-07
768,1.3263034,1.7136335e-07
768,1.3263029,1.7136335e-07
768,1.3263025,1.7136335e-07
769,1.3263021,1.7136335e-07
769,1.3263017,1.7136335e-07
769,1.3263012,1.7136335e-07
769,1.3263008,1.7136335e-07
769,1.3263004,1.7136335e-07
769,1.3262999,1.7136335e-07
769,1.3262995,1.7136335e-07
769,1.3262991,1.7136335e-07
769,1.3262987,1.7136335e-07
769,1.3262982,1.7136335e-07
769,1.3262978,1.7136335e-07
769,1.3262974,1.7136335e-07
769,1.3262969,1.7136335e-07
769,1.3262965,1.7136335e-07
769,1.3262961,1.7136335e-07
769,1.3262957,1.7136335e-07
769,1.3262952,1.7136335e-07
769,1.3262948,1.7136335e-07
770,1.3262944,1.7136335e-07
770,1.3262939,1.7136335e-07
770,1.3262935,1.7136335e-07
770,1.3262931,1.7136335e-07
770,1.3262926,1.7136335e-07
770,1.3262922,1.7136335e-07
770,1.3262918,1.7136335e-07
770,1.3262914,1.7136335e-07
770,1.3262909,1.7136335e-07
770,1.3262905,1.7136335e-07
770,1.3262901,1.7136335e-07
770,1.3262896,1.7136335e-07
770,1.3262892,1.7136335e-07
770,1.3262888,1.7136335e-07
770,1.3262883,1.7136335e-07
770,1.3262879,1.7136335e-07
770,1.3262875,1.7136335e-07
771,1.326287,1.7136335e-07
771,1.3262866,1.7136335e-07
771,1.3262862,1.7136335e-07
771,1.3262858,1.7136335e-07
771,1.3262853,1.7136335e-07
771,1.3262849,1.7136335e-07
771,1.3262845,1.7136335e-07
771,1.326284,1.7136335e-07
771,1.3262836,1.7136335e-07
771,1.3262832,1.7136335e-07
771,1.3262827,1.7136335e-07
771,1.3262823,1.7136335e-07
771,1.3262819,1.7136335e-07
771,1.3262814,1.7136335e-07
771,1.326281,1.7136335e-07
771,1.3262806,1.7136335e-07
771,1.3262801,1.7136335e-07
771,1.3262797,1.7136335e-07
772,1.3262793,1.7136335e-07
772,1.3262788,1.7136335e-07
772,1.3262784,1.7136335e-07
772,1.326278,1.7136335e-07
772,1.3262775,1.7136335e-07
772,1.3262771,1.7136335e-07
772,1.3262767,1.6950071e-07
772,1.3262762,1.6950071e-07
772,1.3262758,1.6950071e-07
772,1.3262754,1.6950071e-07
772,1.3262749,1.6950071e-07
772,1.3262745,1.6950071e-07
772,1.3262741,1.6950071e-07
772,1.3262736,1.6950071e-07
772,1.3262732,1.6950071e-07
772,1.3262728,1.6950071e-07
772,1.3262723,1.6950071e-07
773,1.3262719,1.6950071e-07
773,1.3262715,1.6950071e-07
773,1.326271,1.6950071e-07
773,1.3262706,1.6950071e-07
773,1.3262702,1.6950071e-07
773,1.3262697,1.6950071e-07
773,1.3262693,1.6950071e-07
773,1.3262688,1.6950071e-07
773,1.3262684,1.6950071e-07
773,1.326268,1.6950071e-07
773,1.3262675,1.6950071e-07
773,1.3262671,1.6950071e-07
773,1.3262667,1.6950071e-07
773,1.3262662,1.6950071e-07
773,1.3262658,1.6950071e-07
773,1.3262654,1.6950071e-07
773,1.3262649,1.6950071e-07
774,1.3262645,1.6950071e-07
774,1.3262641,1.6950071e-07
774,1.3262636,1.6950071e-07
774,1.3262632,1.6950071e-07
774,1.3262627,1.6950071e-07
774,1.3262623,1.6950071e-07
774,1.3262619,1.6950071e-07
774,1.3262614,1.6950071e-07
774,1.326261,1.6950071e-07
774,1.3262606,1.6950071e-07
774,1.3262601,1.6950071e-07
774,1.3262597,1.6950071e-07
774,1.3262592,1.6950071e-07
774,1.3262588,1.6950071e-07
774,1.3262584,1.6950071e-07
774,1.3262579,1.6950071e-07
774,1.3262575,1.6950071e-07
774,1.326257,1.6950071e-07
775,1.3262566,1.6950071e-07
775,1.3262562,1.6950071e-07
775,1.3262557,1.6950071e-07
775,1.3262553,1.6950071e-07
775,1.3262549,1.6950071e-07
775,1.3262544,1.6950071e-07
775,1.326254,1.6950071e-07
775,1.3262535,1.6950071e-07
775,1.3262531,1.6950071e-07
775,1.3262527,1.6950071e-07
775,1.3262522,1.6950071e-07
775,1.3262518,1.6950071e-07
775,1.3262513,1.6950071e-07
775,1.3262509,1.6950071e-07
775,1.3262505,1.6950071e-07
775,1.32625,1.6950071e-07
775,1.3262496,1.6950071e-07
776,1.3262491,1.6950071e-07
776,1.3262487,1.6950071e-07
776,1.3262483,1.6950071e-07
776,1.3262478,1.6950071e-07
776,1.3262474,1.6950071e-07
776,1.3262469,1.6950071e-07
776,1.3262465,1.6950071e-07
776,1.3262461,1.6950071e-07
776,1.3262456,1.6950071e-07
776,1.3262452,1.6950071e-07
776,1.3262447,1.6950071e-07
776,1.3262443,1.6950071e-07
776,1.3262439,1.6950071e-07
776,1.3262434,1.6950071e-07
776,1.326243,1.6950071e-07
776,1.3262425,1.6950071e-07
776,1.3262421,1.6950071e-07
777,1.3262416,1.6950071e-07
777,1.3262412,1.6950071e-07
777,1.3262408,1.6763806e-07
777,1.3262403,1.6763806e-07
777,1.3262399,1.6763806e-07
777,1.3262394,1.6763806e-07
777,1.326239,1.6763806e-07
777,1.3262385,1.6763806e-07
777,1.3262381,1.6763806e-07
777,1.3262377,1.6763806e-07
777,1.3262372,1.6763806e-07
777,1.3262368,1.6763806e-07
777,1.3262363,1.6763806e-07
777,1.3262359,1.6763806e-07
777,1.3262354,1.6763806e-07
777,1.326235,1.6763806e-07
777,1.3262346,1.6763806e-07
778,1.3262341,1.6763806e-07
778,1.3262337,1.6763806e-07
778,1.3262332,1.6763806e-07
778,1.3262328,1.6763806e-07
778,1.3262323,1.6763806e-07
778,1.3262319,1.6763806e-07
778,1.3262314,1.6763806e-07
778,1.326231,1.6763806e-07
778,1.3262306,1.6763806e-07
778,1.3262301,1.6763806e-07
778,1.3262297,1.6763806e-07
778,1.3262292,1.6763806e-07
778,1.3262288,1.6763806e-07
778,1.3262283,1.6763806e-07
778,1.3262279,1.6763806e-07
778,1.3262274,1.6763806e-07
778,1.326227,1.6763806e-07
779,1.3262265,1.6763806e-07
779,1.3262261,1.6763806e-07
779,1.3262257,1.6763806e-07
779,1.3262252,1.6763806e-07
779,1.3262248,1.6577542e-07
779,1.3262243,1.6577542e-07
779,1.3262239,1.6577542e-07
779,1.3262234,1.6577542e-07
779,1.326223,1.6577542e-07
779,1.3262225,1.6577542e-07
779,1.3262221,1.6577542e-07
779,1.3262216,1.6577542e-07
779,1.3262212,1.6577542e-07
779,1.3262207,1.6577542e-07
779,1.3262203,1.6577542e-07
779,1.3262198,1.6577542e-07
779,1.3262194,1.6577542e-07
780,1.326219,1.6577542e-07
780,1.3262185,1.6577542e-07
780,1.3262181,1.6577542e-07
780,1.3262176,1.6577542e-07
780,1.3262172,1.6577542e-07
780,1.3262167,1.6577542e-07
780,1.3262163,1.6577542e-07
780,1.3262158,1.6577542e-07
780,1.3262154,1.6577542e-07
780,1.3262149,1.6577542e-07
780,1.3262145,1.6577542e-07
780,1.326214,1.6577542e-07
780,1.3262136,1.6577542e-07
780,1.3262131,1.6577542e-07
780,1.3262127,1.6577542e-07
780,1.3262122,1.6391277e-07
780,1.3262118,1.6391277e-07
781,1.3262113,1.6391277e-07
781,1.3262109,1.6391277e-07
781,1.3262104,1.6391277e-07
781,1.32621,1.6391277e-07
781,1.3262095,1.6391277e-07
781,1.3262091,1.6391277e-07
781,1.3262086,1.6391277e-07
781,1.3262082,1.6391277e-07
781,1.3262077,1.6391277e-07
781,1.3262073,1.6391277e-07
781,1.3262068,1.6391277e-07
781,1.3262064,1.6391277e-07
781,1.3262059,1.6391277e-07
781,1.3262055,1.6391277e-07
781,1.326205,1.6391277e-07
781,1.3262046,1.6391277e-07
781,1.3262041,1.6391277e-07
782,1.3262037,1.6391277e-07
782,1.3262032,1.6391277e-07
782,1.3262028,1.6391277e-07
782,1.3262023,1.6391277e-07
782,1.3262019,1.6391277e-07
782,1.3262014,1.6391277e-07
782,1.326201,1.6391277e-07
782,1.3262005,1.6391277e-07
782,1.3262001,1.6391277e-07
782,1.3261996,1.6391277e-07
782,1.3261992,1.6391277e-07
782,1.3261987,1.6205013e-07
782,1.3261982,1.6205013e-07
782,1.3261978,1.6205013e-07
782,1.3261973,1.6205013e-07
782,1.3261969,1.6205013e-07
782,1.3261964,1.6205013e-07
783,1.326196,1.6205013e-07
783,1.3261955,1.6205013e-07
783,1.3261951,1.6205013e-07
783,1.3261946,1.6205013e-07
783,1.3261942,1.6205013e-07
783,1.3261937,1.6205013e-07
783,1.3261933,1.6205013e-07
783,1.3261928,1.6205013e-07
783,1.3261924,1.6205013e-07
783,1.3261919,1.6205013e-07
783,1.3261914,1.6205013e-07
783,1.326191,1.6205013e-07
783,1.3261905,1.6205013e-07
783,1.3261901,1.6205013e-07
783,1.3261896,1.6205013e-07
783,1.3261892,1.6205013e-07
783,1.3261887,1.6205013e-07
784,1.3261883,1.6205013e-07
784,1.3261878,1.6205013e-07
784,1.3261873,1.6205013e-07
784,1.3261869,1.6205013e-07
784,1.3261864,1.6205013e-07
784,1.326186,1.6205013e-07
784,1.3261855,1.6205013e-07
784,1.3261851,1.6205013e-07
784,1.3261846,1.6205013e-07
784,1.3261842,1.6205013e-07
784,1.3261837,1.6205013e-07
784,1.3261832,1.6205013e-07
784,1.3261828,1.6205013e-07
784,1.3261823,1.6205013e-07
784,1.3261819,1.6205013e-07
784,1.3261814,1.6018748e-07
784,1.326181,1.6018748e-07
785,1.3261805,1.6018748e-07
785,1.32618,1.6018748e-07
785,1.3261796,1.6018748e-07
785,1.3261791,1.6018748e-07
785,1.3261787,1.6018748e-07
785,1.3261782,1.6018748e-07
785,1.3261778,1.6018748e-07
785,1.3261773,1.6018748e-07
785,1.3261768,1.6018748e-07
785,1.3261764,1.6018748e-07
785,1.3261759,1.6018748e-07
785,1.3261755,1.6018748e-07
785,1.326175,1.6018748e-07
785,1.3261746,1.6018748e-07
785,1.3261741,1.6018748e-07
785,1.3261736,1.6018748e-07
785,1.3261732,1.6018748e-07
786,1.3261727,1.6018748e-07
786,1.3261723,1.5832484e-07
786,1.3261718,1.5832484e-07
786,1.3261713,1.5832484e-07
786,1.3261709,1.5832484e-07
786,1.3261704,1.5832484e-07
786,1.32617,1.5832484e-07
786,1.3261695,1.5832484e-07
786,1.326169,1.5832484e-07
786,1.3261686,1.5832484e-07
786,1.3261681,1.5832484e-07
786,1.3261677,1.5832484e-07
786,1.3261672,1.5832484e-07
786,1.3261667,1.5832484e-07
786,1.3261663,1.5832484e-07
786,1.3261658,1.5832484e-07
786,1.3261654,1.5832484e-07
787,1.3261649,1.5832484e-07
787,1.3261644,1.5832484e-07
787,1.326164,1.5832484e-07
787,1.3261635,1.5646219e-07
787,1.3261631,1.5646219e-07
787,1.3261626,1.5646219e-07
787,1.3261621,1.5646219e-07
787,1.3261617,1.5646219e-07
787,1.3261612,1.5646219e-07
787,1.3261607,1.5646219e-07
787,1.3261603,1.5646219e-07
787,1.3261598,1.5646219e-07
787,1.3261594,1.5646219e-07
787,1.3261589,1.5646219e-07
787,1.3261584,1.5646219e-07
787,1.326158,1.5646219e-07
788,1.3261575,1.5646219e-07
788,1.326157,1.5646219e-07
788,1.3261566,1.5646219e-07
788,1.3261561,1.5646219e-07
788,1.3261557,1.5646219e-07
788,1.3261552,1.5646219e-07
788,1.3261547,1.5646219e-07
788,1.3261543,1.5646219e-07
788,1.3261538,1.5646219e-07
788,1.3261533,1.5646219e-07
788,1.3261529,1.5646219e-07
788,1.3261524,1.5646219e-07
788,1.326152,1.5646219e-07
788,1.3261515,1.5646219e-07
788,1.326151,1.5646219e-07
788,1.3261506,1.5646219e-07
788,1.3261501,1.5646219e-07
789,1.3261496,1.5646219e-07
789,1.3261492,1.5459955e-07
789,1.3261487,1.5459955e-07
789,1.3261482,1.5459955e-07
789,1.3261478,1.5459955e-07
789,1.3261473,1.5459955e-07
789,1.3261468,1.5459955e-07
789,1.3261464,1.5459955e-07
789,1.3261459,1.5459955e-07
789,1.3261454,1.5459955e-07
789,1.326145,1.5459955e-07
789,1.3261445,1.5459955e-07
789,1.326144,1.5459955e-07
789,1.3261436,1.5459955e-07
789,1.3261431,1.5459955e-07
789,1.3261426,1.5459955e-07
789,1.3261422,1.5459955e-07
790,1.3261417,1.5459955e-07
790,1.3261412,1.5459955e-07
790,1.3261408,1.5459955e-07
790,1.3261403,1.5459955e-07
790,1.3261398,1.527369e-07
790,1.3261394,1.527369e-07
790,1.3261389,1.527369e-07
790,1.3261384,1.527369e-07
790,1.326138,1.527369e-07
790,1.3261375,1.527369e-07
790,1.326137,1.527369e-07
790,1.3261366,1.527369e-07
790,1.3261361,1.527369e-07
790,1.3261356,1.527369e-07
790,1.3261352,1.527369e-07
790,1.3261347,1.527369e-07
791,1.3261342,1.527369e-07
791,1.3261338,1.527369e-07
791,1.3261333,1.527369e-07
791,1.3261328,1.527369e-07
791,1.3261324,1.527369e-07
791,1.3261319,1.527369e-07
791,1.3261314,1.527369e-07
791,1.326131,1.527369e-07
791,1.3261305,1.527369e-07
791,1.32613,1.527369e-07
791,1.3261295,1.527369e-07
791,1.3261291,1.527369e-07
791,1.3261286,1.527369e-07
791,1.3261281,1.527369e-07
791,1.3261277,1.527369e-07
791,1.3261272,1.527369e-07
791,1.3261267,1.527369e-07
792,1.3261263,1.5087426e-07
792,1.3261258,1.5087426e-07
792,1.3261253,1.5087426e-07
792,1.3261248,1.5087426e-07
792,1.3261244,1.5087426e-07
792,1.3261239,1.5087426e-07
792,1.3261234,1.5087426e-07
792,1.326123,1.5087426e-07
792,1.3261225,1.5087426e-07
792,1.326122,1.5087426e-07
792,1.3261215,1.5087426e-07
792,1.3261211,1.5087426e-07
792,1.3261206,1.5087426e-07
792,1.3261201,1.5087426e-07
792,1.3261197,1.5087426e-07
792,1.3261192,1.5087426e-07
793,1.3261187,1.5087426e-07
793,1.3261182,1.5087426e-07
793,1.3261178,1.4901161e-07
793,1.3261173,1.4901161e-07
793,1.3261168,1.4901161e-07
793,1.3261163,1.4901161e-07
793,1.3261159,1.4901161e-07
793,1.3261154,1.4901161e-07
793,1.3261149,1.4901161e-07
793,1.3261145,1.4901161e-07
793,1.326114,1.4901161e-07
793,1.3261135,1.4901161e-07
793,1.326113,1.4901161e-07
793,1.3261126,1.4901161e-07
793,1.3261121,1.4901161e-07
793,1.3261116,1.4901161e-07
793,1.3261111,1.4901161e-07
794,1.3261107,1.4901161e-07
794,1.3261102,1.4901161e-07
794,1.3261097,1.4901161e-07
794,1.3261092,1.4901161e-07
794,1.3261088,1.4901161e-07
794,1.3261083,1.4901161e-07
794,1.3261078,1.4901161e-07
794,1.3261073,1.4901161e-07
794,1.3261069,1.4901161e-07
794,1.3261064,1.4901161e-07
794,1.3261059,1.4901161e-07
794,1.3261054,1.4901161e-07
794,1.326105,1.4901161e-07
794,1.3261045,1.4901161e-07
794,1.326104,1.4901161e-07
794,1.3261035,1.4714897e-07
795,1.3261031,1.4714897e-07
795,1.3261026,1.4714897e-07
795,1.3261021,1.4714897e-07
795,1.3261016,1.4714897e-07
795,1.3261012,1.4714897e-07
795,1.3261007,1.4714897e-07
795,1.3261002,1.4714897e-07
795,1.3260997,1.4714897e-07
795,1.3260992,1.4714897e-07
795,1.3260988,1.4714897e-07
795,1.3260983,1.4714897e-07
795,1.3260978,1.4714897e-07
795,1.3260973,1.4714897e-07
795,1.3260969,1.4714897e-07
795,1.3260964,1.4714897e-07
795,1.3260959,1.4714897e-07
795,1.3260954,1.4714897e-07
796,1.3260949,1.4714897e-07
796,1.3260945,1.4714897e-07
796,1.326094,1.4714897e-07
796,1.3260935,1.4714897e-07
796,1.326093,1.4714897e-07
796,1.3260926,1.4714897e-07
796,1.3260921,1.4714897e-07
796,1.3260916,1.4714897e-07
796,1.3260911,1.4714897e-07
796,1.3260906,1.4714897e-07
796,1.3260902,1.4714897e-07
796,1.3260897,1.4714897e-07
796,1.3260892,1.4714897e-07
796,1.3260887,1.4714897e-07
796,1.3260882,1.4714897e-07
796,1.3260878,1.4714897e-07
797,1.3260873,1.4714897e-07
797,1.3260868,1.4714897e-07
797,1.3260863,1.4714897e-07
797,1.3260858,1.4714897e-07
797,1.3260854,1.4528632e-07
797,1.3260849,1.4528632e-07
797,1.3260844,1.4528632e-07
797,1.3260839,1.4528632e-07
797,1.3260834,1.4528632e-07
797,1.326083,1.4528632e-07
797,1.3260825,1.4528632e-07
797,1.326082,1.4528632e-07
797,1.3260815,1.4528632e-07
797,1.326081,1.4528632e-07
797,1.3260805,1.4528632e-07
797,1.3260801,1.4528632e-07
798,1.3260796,1.4528632e-07
798,1.3260791,1.4528632e-07
798,1.3260786,1.4528632e-07
798,1.3260781,1.4528632e-07
798,1.3260777,1.4528632e-07
798,1.3260772,1.4528632e-07
798,1.3260767,1.4528632e-07
798,1.3260762,1.4528632e-07
798,1.3260757,1.4528632e-07
798,1.3260752,1.4342368e-07
798,1.3260748,1.4342368e-07
798,1.3260743,1.4342368e-07
798,1.3260738,1.4342368e-07
798,1.3260733,1.4342368e-07
798,1.3260728,1.4342368e-07
798,1.3260723,1.4342368e-07
798,1.3260719,1.4342368e-07
799,1.3260714,1.4342368e-07
799,1.3260709,1.4342368e-07
799,1.3260704,1.4342368e-07
799,1.3260699,1.4342368e-07
799,1.3260694,1.4342368e-07
799,1.3260689,1.4342368e-07
799,1.3260685,1.4342368e-07
799,1.326068,1.4342368e-07
799,1.3260675,1.4342368e-07
799,1.326067,1.4342368e-07
799,1.3260665,1.4342368e-07
799,1.326066,1.4342368e-07
799,1.3260656,1.4156103e-07
799,1.3260651,1.4156103e-07
799,1.3260646,1.4156103e-07
799,1.3260641,1.4156103e-07
800,1.3260636,1.4156103e-07
800,1.3260631,1.4156103e-07
800,1.3260626,1.4156103e-07
800,1.3260621,1.4156103e-07
800,1.3260617,1.4156103e-07
800,1.3260612,1.4156103e-07
800,1.3260607,1.4156103e-07
800,1.3260602,1.4156103e-07
800,1.3260597,1.4156103e-07
800,1.3260592,1.4156103e-07
800,1.3260587,1.4156103e-07
800,1.3260583,1.4156103e-07
800,1.3260578,1.4156103e-07
800,1.3260573,1.4156103e-07
800,1.3260568,1.4156103e-07
800,1.3260563,1.4156103e-07
801,1.3260558,1.4156103e-07
801,1.3260553,1.4156103e-07
801,1.3260548,1.4156103e-07
801,1.3260543,1.4156103e-07
801,1.3260539,1.4156103e-07
801,1.3260534,1.4156103e-07
801,1.3260529,1.4156103e-07
801,1.3260524,1.4156103e-07
801,1.3260519,1.4156103e-07
801,1.3260514,1.4156103e-07
801,1.3260509,1.4156103e-07
801,1.3260504,1.4156103e-07
801,1.3260499,1.4156103e-07
801,1.3260495,1.4156103e-07
801,1.326049,1.4156103e-07
801,1.3260485,1.4156103e-07
802,1.326048,1.4156103e-07
802,1.3260475,1.4156103e-07
802,1.326047,1.4156103e-07
802,1.3260465,1.4156103e-07
802,1.326046,1.4156103e-07
802,1.3260455,1.4156103e-07
802,1.326045,1.4156103e-07
802,1.3260446,1.4156103e-07
802,1.3260441,1.4156103e-07
802,1.3260436,1.4156103e-07
802,1.3260431,1.4156103e-07
802,1.3260426,1.4156103e-07
802,1.3260421,1.4156103e-07
802,1.3260416,1.4156103e-07
802,1.3260411,1.4156103e-07
802,1.3260406,1.4156103e-07
803,1.3260401,1.4156103e-07
803,1.3260396,1.4156103e-07
803,1.3260391,1.4156103e-07
803,1.3260387,1.3969839e-07
803,1.3260382,1.3969839e-07
803,1.3260377,1.3969839e-07
803,1.3260372,1.3969839e-07
803,1.3260367,1.3969839e-07
803,1.3260362,1.3969839e-07
803,1.3260357,1.3969839e-07
803,1.3260352,1.3969839e-07
803,1.3260347,1.3969839e-07
803,1.3260342,1.3969839e-07
803,1.3260337,1.3969839e-07
803,1.3260332,1.3969839e-07
803,1.3260327,1.3969839e-07
804,1.3260322,1.3969839e-07
804,1.3260317,1.3969839e-07
804,1.3260313,1.3969839e-07
804,1.3260308,1.3969839e-07
804,1.3260303,1.3969839e-07
804,1.3260298,1.3969839e-07
804,1.3260293,1.3969839e-07
804,1.3260288,1.3969839e-07
804,1.3260283,1.3969839e-07
804,1.3260278,1.3969839e-07
804,1.3260273,1.3969839e-07
804,1.3260268,1.3969839e-07
804,1.3260263,1.3969839e-07
804,1.3260258,1.3969839e-07
804,1.3260253,1.3969839e-07
804,1.3260248,1.3969839e-07
805,1.3260243,1.3969839e-07
805,1.3260238,1.3969839e-07
805,1.3260233,1.3969839e-07
805,1.3260228,1.3969839e-07
805,1.3260223,1.3969839e-07
805,1.3260218,1.3969839e-07
805,1.3260213,1.3969839e-07
805,1.3260208,1.3969839e-07
805,1.3260204,1.3969839e-07
805,1.3260199,1.3969839e-07
805,1.3260194,1.3969839e-07
805,1.3260189,1.3969839e-07
805,1.3260184,1.3969839e-07
805,1.3260179,1.3969839e-07
805,1.3260174,1.3969839e-07
805,1.3260169,1.3969839e-07
806,1.3260164,1.3969839e-07
806,1.3260159,1.3969839e-07
806,1.3260154,1.3969839e-07
806,1.3260149,1.3969839e-07
806,1.3260144,1.3969839e-07
806,1.3260139,1.3969839e-07
806,1.3260134,1.3969839e-07
806,1.3260129,1.3969839e-07
806,1.3260124,1.3969839e-07
806,1.3260119,1.3969839e-07
806,1.3260114,1.3969839e-07
806,1.3260109,1.3969839e-07
806,1.3260104,1.3969839e-07
806,1.3260099,1.3969839e-07
806,1.3260094,1.3969839e-07
806,1.3260089,1.3969839e-07
807,1.3260084,1.3969839e-07
807,1.3260079,1.3969839e-07
807,1.3260074,1.3969839e-07
807,1.3260069,1.3969839e-07
807,1.3260064,1.3969839e-07
807,1.3260059,1.3969839e-07
807,1.3260054,1.3969839e-07
807,1.3260049,1.3969839e-07
807,1.3260044,1.3969839e-07
807,1.3260039,1.3969839e-07
807,1.3260034,1.3969839e-07
807,1.3260029,1.3969839e-07
807,1.3260024,1.3969839e-07
807,1.3260019,1.3969839e-07
807,1.3260014,1.3969839e-07
807,1.3260009,1.3969839e-07
808,1.3260004,1.3969839e-07
808,1.3259999,1.3969839e-07
808,1.3259994,1.3969839e-07
808,1.3259989,1.3969839e-07
808,1.3259984,1.3969839e-07
808,1.3259979,1.3969839e-07
808,1.3259974,1.3969839e-07
808,1.3259969,1.3969839e-07
808,1.3259963,1.3969839e-07
808,1.3259958,1.3969839e-07
808,1.3259953,1.3969839e-07
808,1.3259948,1.3969839e-07
808,1.3259943,1.3969839e-07
808,1.3259938,1.3969839e-07
808,1.3259933,1.3969839e-07
808,1.3259928,1.3969839e-07
809,1.3259923,1.3969839e-07
809,1.3259918,1.3969839e-07
809,1.3259913,1.3969839e-07
809,1.3259908,1.3969839e-07
809,1.3259903,1.3969839e-07
809,1.3259898,1.3969839e-07
809,1.3259893,1.3969839e-07
809,1.3259888,1.3969839e-07
809,1.3259883,1.3969839e-07
809,1.3259878,1.3969839e-07
809,1.3259873,1.3969839e-07
809,1.3259868,1.3969839e-07
809,1.3259863,1.3969839e-07
809,1.3259858,1.3969839e-07
809,1.3259852,1.3969839e-07
809,1.3259847,1.3969839e-07
810,1.3259842,1.3969839e-07
810,1.3259837,1.3969839e-07
810,1.3259832,1.3969839e-07
810,1.3259827,1.3969839e-07
810,1.3259822,1.3969839e-07
810,1.3259817,1.3969839e-07
810,1.3259812,1.3969839e-07
810,1.3259807,1.3969839e-07
810,1.3259802,1.3969839e-07
810,1.3259797,1.3969839e-07
810,1.3259792,1.3969839e-07
810,1.3259787,1.3969839e-07
810,1.3259782,1.3969839e-07
810,1.3259776,1.3969839e-07
810,1.3259771,1.3969839e-07
810,1.3259766,1.3969839e-07
811,1.3259761,1.3969839e-07
811,1.3259756,1.3969839e-07
811,1.3259751,1.3969839e-07
811,1.3259746,1.4156103e-07
811,1.3259741,1.4156103e-07
811,1.3259736,1.4156103e-07
811,1.3259731,1.4156103e-07
811,1.3259726,1.4156103e-07
811,1.3259721,1.4156103e-07
811,1.3259715,1.4156103e-07
811,1.325971,1.4156103e-07
811,1.3259705,1.4156103e-07
811,1.32597,1.4156103e-07
811,1.3259695,1.4156103e-07
811,1.325969,1.4156103e-07
812,1.3259685,1.4156103e-07
812,1.325968,1.4156103e-07
812,1.3259675,1.4156103e-07
812,1.325967,1.4156103e-07
812,1.3259664,1.4156103e-07
812,1.3259659,1.4156103e-07
812,1.3259654,1.4156103e-07
812,1.3259649,1.4156103e-07
812,1.3259644,1.4156103e-07
812,1.3259639,1.4156103e-07
812,1.3259634,1.4156103e-07
812,1.3259629,1.4156103e-07
812,1.3259624,1.4156103e-07
812,1.3259618,1.4156103e-07
812,1.3259613,1.4156103e-07
812,1.3259608,1.4156103e-07
813,1.3259603,1.4156103e-07
813,1.3259598,1.4156103e-07
813,1.3259593,1.4156103e-07
813,1.3259588,1.4156103e-07
813,1.3259583,1.4156103e-07
813,1.3259577,1.4156103e-07
813,1.3259572,1.4156103e-07
813,1.3259567,1.4156103e-07
813,1.3259562,1.4342368e-07
813,1.3259557,1.4342368e-07
813,1.3259552,1.4342368e-07
813,1.3259547,1.4342368e-07
813,1.3259541,1.4342368e-07
813,1.3259536,1.4342368e-07
813,1.3259531,1.4342368e-07
813,1.3259526,1.4342368e-07
814,1.3259521,1.4342368e-07
814,1.3259516,1.4342368e-07
814,1.3259511,1.4342368e-07
814,1.3259505,1.4342368e-07
814,1.32595,1.4342368e-07
814,1.3259495,1.4342368e-07
814,1.325949,1.4342368e-07
814,1.3259485,1.4342368e-07
814,1.325948,1.4342368e-07
814,1.3259475,1.4342368e-07
814,1.3259469,1.4342368e-07
814,1.3259464,1.4342368e-07
814,1.3259459,1.4342368e-07
814,1.3259454,1.4342368e-07
814,1.3259449,1.4342368e-07
815,1.3259444,1.4342368e-07
815,1.3259438,1.4342368e-07
815,1.3259433,1.4342368e-07
815,1.3259428,1.4342368e-07
815,1.3259423,1.4528632e-07
815,1.3259418,1.4528632e-07
815,1.3259413,1.4528632e-07
815,1.3259407,1.4528632e-07
815,1.3259402,1.4528632e-07
815,1.3259397,1.4528632e-07
815,1.3259392,1.4528632e-07
815,1.3259387,1.4528632e-07
815,1.3259382,1.4528632e-07
815,1.3259376,1.4528632e-07
815,1.3259371,1.4528632e-07
815,1.3259366,1.4528632e-07
816,1.3259361,1.4528632e-07
816,1.3259356,1.4528632e-07
816,1.325935,1.4528632e-07
816,1.3259345,1.4528632e-07
816,1.325934,1.4528632e-07
816,1.3259335,1.4528632e-07
816,1.325933,1.4528632e-07
816,1.3259324,1.4714897e-07
816,1.3259319,1.4714897e-07
816,1.3259314,1.4714897e-07
816,1.3259309,1.4714897e-07
816,1.3259304,1.4714897e-07
816,1.3259298,1.4714897e-07
816,1.3259293,1.4714897e-07
816,1.3259288,1.4714897e-07
816,1.3259283,1.4714897e-07
817,1.3259278,1.4714897e-07
817,1.3259272,1.4714897e-07
817,1.3259267,1.4714897e-07
817,1.3259262,1.4714897e-07
817,1.3259257,1.4714897e-07
817,1.3259252,1.4714897e-07
817,1.3259246,1.4714897e-07
817,1.3259241,1.4714897e-07
817,1.3259236,1.4714897e-07
817,1.3259231,1.4714897e-07
817,1.3259226,1.4901161e-07
817,1.325922,1.4901161e-07
817,1.3259215,1.4901161e-07
817,1.325921,1.4901161e-07
817,1.3259205,1.4901161e-07
818,1.3259199,1.4901161e-07
818,1.3259194,1.4901161e-07
818,1.3259189,1.4901161e-07
818,1.3259184,1.4901161e-07
818,1.3259178,1.4901161e-07
818,1.3259173,1.4901161e-07
818,1.3259168,1.4901161e-07
818,1.3259163,1.4901161e-07
818,1.3259158,1.4901161e-07
818,1.3259152,1.4901161e-07
818,1.3259147,1.4901161e-07
818,1.3259142,1.4901161e-07
818,1.3259137,1.4901161e-07
818,1.3259131,1.4901161e-07
818,1.3259126,1.5087426e-07
818,1.3259121,1.5087426e-07
819,1.3259116,1.5087426e-07
819,1.325911,1.5087426e-07
819,1.3259105,1.5087426e-07
819,1.32591,1.5087426e-07
819,1.3259095,1.5087426e-07
819,1.3259089,1.5087426e-07
819,1.3259084,1.5087426e-07
819,1.3259079,1.5087426e-07
819,1.3259074,1.5087426e-07
819,1.3259068,1.5087426e-07
819,1.3259063,1.5087426e-07
819,1.3259058,1.5087426e-07
819,1.3259053,1.5087426e-07
819,1.3259047,1.5087426e-07
819,1.3259042,1.5087426e-07
820,1.3259037,1.527369e-07
820,1.3259031,1.527369e-07
820,1.3259026,1.527369e-07
820,1.3259021,1.527369e-07
820,1.3259016,1.527369e-07
820,1.325901,1.527369e-07
820,1.3259005,1.527369e-07
820,1.3259,1.527369e-07
820,1.3258995,1.527369e-07
820,1.3258989,1.527369e-07
820,1.3258984,1.5459955e-07
820,1.3258979,1.5459955e-07
820,1.3258973,1.5459955e-07
820,1.3258968,1.5459955e-07
820,1.3258963,1.5459955e-07
821,1.3258958,1.5459955e-07
821,1.3258952,1.5459955e-07
821,1.3258947,1.5459955e-07
821,1.3258942,1.5646219e-07
821,1.3258936,1.5646219e-07
821,1.3258931,1.5646219e-07
821,1.3258926,1.5646219e-07
821,1.325892,1.5646219e-07
821,1.3258915,1.5646219e-07
821,1.325891,1.5646219e-07
821,1.3258905,1.5646219e-07
821,1.3258899,1.5646219e-07
821,1.3258894,1.5646219e-07
821,1.3258889,1.5832484e-07
821,1.3258883,1.5832484e-07
821,1.3258878,1.5832484e-07
822,1.3258873,1.5832484e-07
822,1.3258867,1.5832484e-07
822,1.3258862,1.5832484e-07
822,1.3258857,1.5832484e-07
822,1.3258851,1.5832484e-07
822,1.3258846,1.5832484e-07
822,1.3258841,1.6018748e-07
822,1.3258836,1.6018748e-07
822,1.325883,1.6018748e-07
822,1.3258825,1.6018748e-07
822,1.325882,1.6018748e-07
822,1.3258814,1.6018748e-07
822,1.3258809,1.6018748e-07
822,1.3258804,1.6018748e-07
822,1.3258798,1.6205013e-07
823,1.3258793,1.6205013e-07
823,1.3258788,1.6205013e-07
823,1.3258782,1.6205013e-07
823,1.3258777,1.6205013e-07
823,1.3258772,1.6205013e-07
823,1.3258766,1.6205013e-07
823,1.3258761,1.6205013e-07
823,1.3258756,1.6391277e-07
823,1.325875,1.6391277e-07
823,1.3258745,1.6391277e-07
823,1.325874,1.6391277e-07
823,1.3258734,1.6391277e-07
823,1.3258729,1.6391277e-07
823,1.3258723,1.6391277e-07
823,1.3258718,1.6577542e-07
824,1.3258713,1.6577542e-07
824,1.3258707,1.6577542e-07
824,1.3258702,1.6577542e-07
824,1.3258697,1.6577542e-07
824,1.3258691,1.6577542e-07
824,1.3258686,1.6763806e-07
824,1.3258681,1.6763806e-07
824,1.3258675,1.6763806e-07
824,1.325867,1.6763806e-07
824,1.3258665,1.6763806e-07
824,1.3258659,1.6950071e-07
824,1.3258654,1.6950071e-07
824,1.3258648,1.6950071e-07
824,1.3258643,1.6950071e-07
824,1.3258638,1.6950071e-07
824,1.3258632,1.7136335e-07
825,1.3258627,1.7136335e-07
825,1.3258622,1.7136335e-07
825,1.3258616,1.7136335e-07
825,1.3258611,1.7136335e-07
825,1.3258605,1.73226e-07
825,1.32586,1.73226e-07
825,1.3258595,1.73226e-07
825,1.3258589,1.73226e-07
825,1.3258584,1.7508864e-07
825,1.3258578,1.7508864e-07
825,1.3258573,1.7508864e-07
825,1.3258568,1.7508864e-07
825,1.3258562,1.7695129e-07
825,1.3258557,1.7695129e-07
825,1.3258552,1.7695129e-07
826,1.3258546,1.7695129e-07
826,1.3258541,1.7881393e-07
826,1.3258535,1.7881393e-07
826,1.325853,1.7881393e-07
826,1.3258525,1.8067658e-07
826,1.3258519,1.8067658e-07
826,1.3258514,1.8067658e-07
826,1.3258508,1.8067658e-07
826,1.3258503,1.8253922e-07
826,1.3258498,1.8253922e-07
826,1.3258492,1.8253922e-07
826,1.3258487,1.8253922e-07
826,1.3258481,1.8440187e-07
826,1.3258476,1.8440187e-07
826,1.325847,1.8440187e-07
827,1.3258465,1.8440187e-07
827,1.325846,1.8626451e-07
827,1.3258454,1.8626451e-07
827,1.3258449,1.8626451e-07
827,1.3258443,1.8812716e-07
827,1.3258438,1.8812716e-07
827,1.3258433,1.8812716e-07
827,1.3258427,1.8812716e-07
827,1.3258422,1.8998981e-07
827,1.3258416,1.8998981e-07
827,1.3258411,1.8998981e-07
827,1.3258405,1.8998981e-07
827,1.32584,1.9185245e-07
827,1.3258395,1.9185245e-07
827,1.3258389,1.9185245e-07
828,1.3258384,1.9185245e-07
828,1.3258378,1.937151e-07
828,1.3258373,1.937151e-07
828,1.3258367,1.937151e-07
828,1.3258362,1.9557774e-07
828,1.3258356,1.9557774e-07
828,1.3258351,1.9557774e-07
828,1.3258346,1.9744039e-07
828,1.325834,1.9744039e-07
828,1.3258335,1.9744039e-07
828,1.3258329,1.9930303e-07
828,1.3258324,1.9930303e-07
828,1.3258318,1.9930303e-07
828,1.3258313,2.0116568e-07
828,1.3258307,2.0116568e-07
829,1.3258302,2.0302832e-07
829,1.3258296,2.0302832e-07
829,1.3258291,2.0302832e-07
829,1.3258286,2.0489097e-07
829,1.325828,2.0489097e-07
829,1.3258275,2.0489097e-07
829,1.3258269,2.0675361e-07
829,1.3258264,2.0675361e-07
829,1.3258258,2.0675361e-07
829,1.3258253,2.0861626e-07
829,1.3258247,2.0861626e-07
829,1.3258242,2.0861626e-07
829,1.3258236,2.104789e-07
829,1.3258231,2.104789e-07
829,1.3258225,2.104789e-07
830,1.325822,2.1234155e-07
830,1.3258214,2.1234155e-07
830,1.3258209,2.1234155e-07
830,1.3258203,2.1420419e-07
830,1.3258198,2.1420419e-07
830,1.3258193,2.1420419e-07
830,1.3258187,2.1606684e-07
830,1.3258182,2.1606684e-07
830,1.3258176,2.1606684e-07
830,1.3258171,2.1792948e-07
830,1.3258165,2.1792948e-07
830,1.325816,2.1792948e-07
830,1.3258154,2.1979213e-07
830,1.3258149,2.1979213e-07
830,1.3258143,2.1979213e-07
831,1.3258138,2.2165477e-07
831,1.3258132,2.2165477e-07
831,1.3258127,2.2165477e-07
831,1.3258121,2.2165477e-07
831,1.3258116,2.2351742e-07
831,1.325811,2.2351742e-07
831,1.3258105,2.2351742e-07
831,1.3258099,2.2538006e-07
831,1.3258094,2.2538006e-07
831,1.3258088,2.2538006e-07
831,1.3258083,2.2538006e-07
831,1.3258077,2.2724271e-07
831,1.3258072,2.2724271e-07
831,1.3258066,2.2724271e-07
831,1.325806,2.2724271e-07
832,1.3258055,2.2910535e-07
832,1.3258049,2.2910535e-07
832,1.3258044,2.2910535e-07
832,1.3258038,2.2910535e-07
832,1.3258033,2.30968e-07
832,1.3258027,2.30968e-07
832,1.3258022,2.30968e-07
832,1.3258016,2.3283064e-07
832,1.3258011,2.3283064e-07
832,1.3258005,2.3283064e-07
832,1.3258,2.3283064e-07
832,1.3257994,2.3469329e-07
832,1.3257989,2.3469329e-07
832,1.3257983,2.3469329e-07
832,1.3257978,2.3469329e-07
833,1.3257972,2.3655593e-07
833,1.3257966,2.3655593e-07
833,1.3257961,2.3655593e-07
833,1.3257955,2.3655593e-07
833,1.325795,2.3841858e-07
833,1.3257944,2.3841858e-07
833,1.3257939,2.3841858e-07
833,1.3257933,2.3841858e-07
833,1.3257928,2.4028122e-07
833,1.3257922,2.4028122e-07
833,1.3257917,2.4028122e-07
833,1.3257911,2.4028122e-07
833,1.3257905,2.4028122e-07
833,1.32579,2.4214387e-07
833,1.3257894,2.4214387e-07
834,1.3257889,2.4214387e-07
834,1.3257883,2.4214387e-07
834,1.3257878,2.4214387e-07
834,1.3257872,2.4214387e-07
834,1.3257866,2.4400651e-07
834,1.3257861,2.4400651e-07
834,1.3257855,2.4400651e-07
834,1.325785,2.4400651e-07
834,1.3257844,2.4400651e-07
834,1.3257839,2.4400651e-07
834,1.3257833,2.4400651e-07
834,1.3257827,2.4586916e-07
834,1.3257822,2.4586916e-07
834,1.3257816,2.4586916e-07
834,1.3257811,2.4586916e-07
835,1.3257805,2.4586916e-07
835,1.32578,2.4586916e-07
835,1.3257794,2.477318e-07
835,1.3257788,2.477318e-07
835,1.3257783,2.477318e-07
835,1.3257777,2.477318e-07
835,1.3257772,2.477318e-07
835,1.3257766,2.477318e-07
835,1.325776,2.4959445e-07
835,1.3257755,2.4959445e-07
835,1.3257749,2.4959445e-07
835,1.3257744,2.4959445e-07
835,1.3257738,2.4959445e-07
835,1.3257732,2.4959445e-07
835,1.3257727,2.4959445e-07
836,1.3257721,2.514571e-07
836,1.3257716,2.514571e-07
836,1.325771,2.514571e-07
836,1.3257704,2.514571e-07
836,1.3257699,2.514571e-07
836,1.3257693,2.514571e-07
836,1.3257688,2.514571e-07
836,1.3257682,2.5331974e-07
836,1.3257676,2.5331974e-07
836,1.3257671,2.5331974e-07
836,1.3257665,2.5331974e-07
836,1.3257659,2.5331974e-07
836,1.3257654,2.5331974e-07
836,1.3257648,2.5331974e-07
836,1.3257643,2.5331974e-07
837,1.3257637,2.5518239e-07
837,1.3257631,2.5518239e-07
837,1.3257626,2.5518239e-07
837,1.325762,2.5518239e-07
837,1.3257614,2.5518239e-07
837,1.3257609,2.5518239e-07
837,1.3257603,2.5518239e-07
837,1.3257597,2.5518239e-07
837,1.3257592,2.5704503e-07
837,1.3257586,2.5704503e-07
837,1.3257581,2.5704503e-07
837,1.3257575,2.5704503e-07
837,1.3257569,2.5704503e-07
837,1.3257564,2.5704503e-07
837,1.3257558,2.5704503e-07
838,1.3257552,2.5704503e-07
838,1.3257547,2.5704503e-07
838,1.3257541,2.5890768e-07
838,1.3257535,2.5890768e-07
838,1.325753,2.5890768e-07
838,1.3257524,2.5890768e-07
838,1.3257518,2.5890768e-07
838,1.3257513,2.5890768e-07
838,1.3257507,2.5890768e-07
838,1.3257501,2.5890768e-07
838,1.3257496,2.5890768e-07
838,1.325749,2.5890768e-07
838,1.3257484,2.6077032e-07
838,1.3257479,2.6077032e-07
839,1.3257473,2.6077032e-07
839,1.3257467,2.6077032e-07
839,1.3257462,2.6077032e-07
839,1.3257456,2.6077032e-07
839,1.325745,2.6077032e-07
839,1.3257445,2.6077032e-07
839,1.3257439,2.6077032e-07
839,1.3257433,2.6077032e-07
839,1.3257428,2.6077032e-07
839,1.3257422,2.6077032e-07
839,1.3257416,2.6263297e-07
839,1.3257411,2.6263297e-07
839,1.3257405,2.6263297e-07
839,1.3257399,2.6263297e-07
839,1.3257393,2.6263297e-07
840,1.3257388,2.6263297e-07
840,1.3257382,2.6263297e-07
840,1.3257376,2.6263297e-07
840,1.3257371,2.6263297e-07
840,1.3257365,2.6263297e-07
840,1.3257359,2.6263297e-07
840,1.3257354,2.6263297e-07
840,1.3257348,2.6263297e-07
840,1.3257342,2.6449561e-07
840,1.3257336,2.6449561e-07
840,1.3257331,2.6449561e-07
840,1.3257325,2.6449561e-07
840,1.3257319,2.6449561e-07
840,1.3257314,2.6449561e-07
840,1.3257308,2.6449561e-07
841,1.3257302,2.6449561e-07
841,1.3257296,2.6449561e-07
841,1.3257291,2.6449561e-07
841,1.3257285,2.6635826e-07
841,1.3257279,2.6635826e-07
841,1.3257274,2.6635826e-07
841,1.3257268,2.6635826e-07
841,1.3257262,2.6635826e-07
841,1.3257256,2.6635826e-07
841,1.3257251,2.6635826e-07
841,1.3257245,2.6635826e-07
841,1.3257239,2.6635826e-07
841,1.3257233,2.682209e-07
841,1.3257228,2.682209e-07
842,1.3257222,2.682209e-07
842,1.3257216,2.682209e-07
842,1.325721,2.682209e-07
842,1.3257205,2.682209e-07
842,1.3257199,2.682209e-07
842,1.3257193,2.682209e-07
842,1.3257187,2.682209e-07
842,1.3257182,2.682209e-07
842,1.3257176,2.682209e-07
842,1.325717,2.682209e-07
842,1.3257164,2.7008355e-07
842,1.3257159,2.7008355e-07
842,1.3257153,2.7008355e-07
842,1.3257147,2.7008355e-07
842,1.3257141,2.7008355e-07
843,1.3257136,2.7008355e-07
843,1.325713,2.7008355e-07
843,1.3257124,2.7008355e-07
843,1.3257118,2.7008355e-07
843,1.3257113,2.7008355e-07
843,1.3257107,2.7008355e-07
843,1.3257101,2.7008355e-07
843,1.3257095,2.7008355e-07
843,1.325709,2.7008355e-07
843,1.3257084,2.7194619e-07
843,1.3257078,2.7194619e-07
843,1.3257072,2.7194619e-07
843,1.3257066,2.7194619e-07
843,1.3257061,2.7194619e-07
843,1.3257055,2.7194619e-07
844,1.3257049,2.7194619e-07
844,1.3257043,2.7194619e-07
844,1.3257037,2.7194619e-07
844,1.3257032,2.7194619e-07
844,1.3257026,2.7194619e-07
844,1.325702,2.7194619e-07
844,1.3257014,2.7194619e-07
844,1.3257009,2.7380884e-07
844,1.3257003,2.7380884e-07
844,1.3256997,2.7380884e-07
844,1.3256991,2.7380884e-07
844,1.3256985,2.7380884e-07
844,1.325698,2.7380884e-07
844,1.3256974,2.7380884e-07
845,1.3256968,2.7380884e-07
845,1.3256962,2.7380884e-07
845,1.3256956,2.7380884e-07
845,1.325695,2.7380884e-07
845,1.3256945,2.7380884e-07
845,1.3256939,2.7380884e-07
845,1.3256933,2.7567148e-07
845,1.3256927,2.7567148e-07
845,1.3256921,2.7567148e-07
845,1.3256916,2.7567148e-07
845,1.325691,2.7567148e-07
845,1.3256904,2.7567148e-07
845,1.3256898,2.7567148e-07
845,1.3256892,2.7567148e-07
845,1.3256886,2.7567148e-07
846,1.3256881,2.7567148e-07
846,1.3256875,2.7567148e-07
846,1.3256869,2.7567148e-07
846,1.3256863,2.7567148e-07
846,1.3256857,2.7753413e-07
846,1.3256851,2.7753413e-07
846,1.3256846,2.7753413e-07
846,1.325684,2.7753413e-07
846,1.3256834,2.7753413e-07
846,1.3256828,2.7753413e-07
846,1.3256822,2.7753413e-07
846,1.3256816,2.7753413e-07
846,1.3256811,2.7753413e-07
846,1.3256805,2.7753413e-07
847,1.3256799,2.7753413e-07
847,1.3256793,2.7753413e-07
847,1.3256787,2.7939677e-07
847,1.3256781,2.7939677e-07
847,1.3256775,2.7939677e-07
847,1.325677,2.7939677e-07
847,1.3256764,2.7939677e-07
847,1.3256758,2.7939677e-07
847,1.3256752,2.7939677e-07
847,1.3256746,2.7939677e-07
847,1.325674,2.7939677e-07
847,1.3256734,2.7939677e-07
847,1.3256728,2.7939677e-07
847,1.3256723,2.7939677e-07
847,1.3256717,2.8125942e-07
848,1.3256711,2.8125942e-07
848,1.3256705,2.8125942e-07
848,1.3256699,2.8125942e-07
848,1.3256693,2.8125942e-07
848,1.3256687,2.8125942e-07
848,1.3256681,2.8125942e-07
848,1.3256676,2.8125942e-07
848,1.325667,2.8125942e-07
848,1.3256664,2.8312206e-07
848,1.3256658,2.8312206e-07
848,1.3256652,2.8312206e-07
848,1.3256646,2.8312206e-07
848,1.325664,2.8312206e-07
848,1.3256634,2.8312206e-07
849,1.3256628,2.8312206e-07
849,1.3256622,2.8312206e-07
849,1.3256617,2.8312206e-07
849,1.3256611,2.8312206e-07
849,1.3256605,2.8312206e-07
849,1.3256599,2.8312206e-07
849,1.3256593,2.8312206e-07
849,1.3256587,2.8312206e-07
849,1.3256581,2.8312206e-07
849,1.3256575,2.8312206e-07
849,1.3256569,2.8312206e-07
849,1.3256563,2.8312206e-07
849,1.3256557,2.8312206e-07
849,1.3256552,2.8312206e-07
850,1.3256546,2.8312206e-07
850,1.325654,2.8312206e-07
850,1.3256534,2.8312206e-07
850,1.3256528,2.8312206e-07
850,1.3256522,2.8312206e-07
850,1.3256516,2.8312206e-07
850,1.325651,2.8312206e-07
850,1.3256504,2.8312206e-07
850,1.3256498,2.8312206e-07
850,1.3256492,2.8312206e-07
850,1.3256486,2.8312206e-07
850,1.325648,2.8312206e-07
850,1.3256474,2.8312206e-07
850,1.3256469,2.8312206e-07
850,1.3256463,2.8312206e-07
851,1.3256457,2.8312206e-07
851,1.3256451,2.8312206e-07
851,1.3256445,2.8312206e-07
851,1.3256439,2.8498471e-07
851,1.3256433,2.8498471e-07
851,1.3256427,2.8498471e-07
851,1.3256421,2.8498471e-07
851,1.3256415,2.8498471e-07
851,1.3256409,2.8498471e-07
851,1.3256403,2.8498471e-07
851,1.3256397,2.8498471e-07
851,1.3256391,2.8498471e-07
851,1.3256385,2.8498471e-07
851,1.3256379,2.8498471e-07
852,1.3256373,2.8498471e-07
852,1.3256367,2.8498471e-07
852,1.3256361,2.8684735e-07
852,1.3256355,2.8684735e-07
852,1.3256349,2.8684735e-07
852,1.3256343,2.8684735e-07
852,1.3256337,2.8684735e-07
852,1.3256331,2.8684735e-07
852,1.3256325,2.8684735e-07
852,1.3256319,2.8684735e-07
852,1.3256313,2.8684735e-07
852,1.3256307,2.8684735e-07
852,1.3256301,2.8871e-07
852,1.3256295,2.8871e-07
853,1.3256289,2.8871e-07
853,1.3256284,2.8871e-07
853,1.3256278,2.8871e-07
853,1.3256272,2.8871e-07
853,1.3256266,2.8871e-07
853,1.325626,2.8871e-07
853,1.3256254,2.8871e-07
853,1.3256248,2.9057264e-07
853,1.3256242,2.9057264e-07
853,1.3256236,2.9057264e-07
853,1.325623,2.9057264e-07
853,1.3256223,2.9057264e-07
853,1.3256217,2.9057264e-07
853,1.3256211,2.9057264e-07
853,1.3256205,2.9057264e-07
854,1.3256199,2.9057264e-07
854,1.3256193,2.9057264e-07
854,1.3256187,2.9057264e-07
854,1.3256181,2.9057264e-07
854,1.3256175,2.9057264e-07
854,1.3256169,2.9243529e-07
854,1.3256163,2.9243529e-07
854,1.3256157,2.9243529e-07
854,1.3256151,2.9243529e-07
854,1.3256145,2.9243529e-07
854,1.3256139,2.9243529e-07
854,1.3256133,2.9243529e-07
854,1.3256127,2.9243529e-07
854,1.3256121,2.9243529e-07
855,1.3256115,2.9243529e-07
855,1.3256109,2.9243529e-07
855,1.3256103,2.9243529e-07
855,1.3256097,2.9429793e-07
855,1.3256091,2.9429793e-07
855,1.3256085,2.9429793e-07
855,1.3256079,2.9429793e-07
855,1.3256073,2.9429793e-07
855,1.3256067,2.9429793e-07
855,1.3256061,2.9429793e-07
855,1.3256055,2.9429793e-07
855,1.3256049,2.9429793e-07
855,1.3256042,2.9616058e-07
855,1.3256036,2.9616058e-07
856,1.325603,2.9616058e-07
856,1.3256024,2.9616058e-07
856,1.3256018,2.9616058e-07
856,1.3256012,2.9616058e-07
856,1.3256006,2.9616058e-07
856,1.3256,2.9616058e-07
856,1.3255994,2.9616058e-07
856,1.3255988,2.9616058e-07
856,1.3255982,2.9616058e-07
856,1.3255976,2.9616058e-07
856,1.325597,2.9802322e-07
856,1.3255964,2.9802322e-07
856,1.3255958,2.9802322e-07
856,1.3255951,2.9802322e-07
857,1.3255945,2.9802322e-07
857,1.3255939,2.9802322e-07
857,1.3255933,2.9802322e-07
857,1.3255927,2.9802322e-07
857,1.3255921,2.9802322e-07
857,1.3255915,2.9802322e-07
857,1.3255909,2.9802322e-07
857,1.3255903,2.9802322e-07
857,1.3255897,2.9802322e-07
857,1.3255891,2.9802322e-07
857,1.3255884,2.9802322e-07
857,1.3255878,2.9802322e-07
857,1.3255872,2.9802322e-07
857,1.3255866,2.9802322e-07
858,1.325586,2.9802322e-07
858,1.3255854,2.9802322e-07
858,1.3255848,2.9802322e-07
858,1.3255842,2.9802322e-07
858,1.3255836,2.9802322e-07
858,1.3255829,2.9802322e-07
858,1.3255823,2.9802322e-07
858,1.3255817,2.9802322e-07
858,1.3255811,2.9802322e-07
858,1.3255805,2.9802322e-07
858,1.3255799,2.9802322e-07
858,1.3255793,2.9988587e-07
858,1.3255787,2.9988587e-07
858,1.325578,2.9988587e-07
859,1.3255774,2.9988587e-07
859,1.3255768,2.9988587e-07
859,1.3255762,2.9988587e-07
859,1.3255756,2.9988587e-07
859,1.325575,2.9988587e-07
859,1.3255744,2.9988587e-07
859,1.3255737,2.9988587e-07
859,1.3255731,2.9988587e-07
859,1.3255725,2.9988587e-07
859,1.3255719,2.9988587e-07
859,1.3255713,3.0174851e-07
859,1.3255707,3.0174851e-07
859,1.3255701,3.0174851e-07
859,1.3255694,3.0174851e-07
860,1.3255688,3.0174851e-07
860,1.3255682,3.0174851e-07
860,1.3255676,3.0361116e-07
860,1.325567,3.0361116e-07
860,1.3255664,3.0361116e-07
860,1.3255657,3.0361116e-07
860,1.3255651,3.0361116e-07
860,1.3255645,3.054738e-07
860,1.3255639,3.054738e-07
860,1.3255633,3.054738e-07
860,1.3255627,3.054738e-07
860,1.325562,3.054738e-07
860,1.3255614,3.054738e-07
860,1.3255608,3.054738e-07
861,1.3255602,3.054738e-07
861,1.3255596,3.054738e-07
861,1.325559,3.0733645e-07
861,1.3255583,3.0733645e-07
861,1.3255577,3.0733645e-07
861,1.3255571,3.0733645e-07
861,1.3255565,3.0733645e-07
861,1.3255559,3.0733645e-07
861,1.3255552,3.0733645e-07
861,1.3255546,3.0733645e-07
861,1.325554,3.0733645e-07
861,1.3255534,3.0733645e-07
861,1.3255528,3.0733645e-07
861,1.3255521,3.0733645e-07
862,1.3255515,3.0733645e-07
862,1.3255509,3.0733645e-07
862,1.3255503,3.0733645e-07
862,1.3255497,3.0919909e-07
862,1.325549,3.0919909e-07
862,1.3255484,3.0919909e-07
862,1.3255478,3.0919909e-07
862,1.3255472,3.0919909e-07
862,1.3255466,3.0919909e-07
862,1.3255459,3.0919909e-07
862,1.3255453,3.0919909e-07
862,1.3255447,3.0919909e-07
862,1.3255441,3.0919909e-07
862,1.3255434,3.1106174e-07
863,1.3255428,3.1106174e-07
863,1.3255422,3.1106174e-07
863,1.3255416,3.1106174e-07
863,1.325541,3.1106174e-07
863,1.3255403,3.1106174e-07
863,1.3255397,3.1106174e-07
863,1.3255391,3.1106174e-07
863,1.3255385,3.1106174e-07
863,1.3255378,3.1292439e-07
863,1.3255372,3.1292439e-07
863,1.3255366,3.1292439e-07
863,1.325536,3.1292439e-07
863,1.3255353,3.1292439e-07
863,1.3255347,3.1292439e-07
864,1.3255341,3.1292439e-07
864,1.3255335,3.1292439e-07
864,1.3255328,3.1292439e-07
864,1.3255322,3.1478703e-07
864,1.3255316,3.1478703e-07
864,1.325531,3.1478703e-07
864,1.3255303,3.1478703e-07
864,1.3255297,3.1478703e-07
864,1.3255291,3.1478703e-07
864,1.3255285,3.1478703e-07
864,1.3255278,3.1478703e-07
864,1.3255272,3.1478703e-07
864,1.3255266,3.1478703e-07
864,1.325526,3.1664968e-07
865,1.3255253,3.1664968e-07
865,1.3255247,3.1664968e-07
865,1.3255241,3.1664968e-07
865,1.3255234,3.1664968e-07
865,1.3255228,3.1664968e-07
865,1.3255222,3.1664968e-07
865,1.3255216,3.1664968e-07
865,1.3255209,3.1664968e-07
865,1.3255203,3.1851232e-07
865,1.3255197,3.1851232e-07
865,1.325519,3.1851232e-07
865,1.3255184,3.1851232e-07
865,1.3255178,3.1851232e-07
865,1.3255172,3.1851232e-07
866,1.3255165,3.1851232e-07
866,1.3255159,3.1851232e-07
866,1.3255153,3.1851232e-07
866,1.3255146,3.1851232e-07
866,1.325514,3.2037497e-07
866,1.3255134,3.2037497e-07
866,1.3255127,3.2037497e-07
866,1.3255121,3.2037497e-07
866,1.3255115,3.2037497e-07
866,1.3255108,3.2037497e-07
866,1.3255102,3.2037497e-07
866,1.3255096,3.2037497e-07
866,1.325509,3.2037497e-07
866,1.3255083,3.2037497e-07
867,1.3255077,3.2223761e-07
867,1.3255071,3.2223761e-07
867,1.3255064,3.2223761e-07
867,1.3255058,3.2223761e-07
867,1.3255052,3.2223761e-07
867,1.3255045,3.2223761e-07
867,1.3255039,3.2223761e-07
867,1.3255033,3.2223761e-07
867,1.3255026,3.2223761e-07
867,1.325502,3.2410026e-07
867,1.3255014,3.2410026e-07
867,1.3255007,3.2410026e-07
867,1.3255001,3.2410026e-07
868,1.3254995,3.2410026e-07
868,1.3254988,3.2410026e-07
868,1.3254982,3.2410026e-07
868,1.3254975,3.2410026e-07
868,1.3254969,3.2410026e-07
868,1.3254963,3.2410026e-07
868,1.3254956,3.259629e-07
868,1.325495,3.259629e-07
868,1.3254944,3.259629e-07
868,1.3254937,3.259629e-07
868,1.3254931,3.259629e-07
868,1.3254925,3.259629e-07
868,1.3254918,3.259629e-07
868,1.3254912,3.259629e-07
869,1.3254906,3.259629e-07
869,1.3254899,3.259629e-07
869,1.3254893,3.2782555e-07
869,1.3254886,3.2782555e-07
869,1.325488,3.2782555e-07
869,1.3254874,3.2782555e-07
869,1.3254867,3.2782555e-07
869,1.3254861,3.2782555e-07
869,1.3254854,3.2782555e-07
869,1.3254848,3.2782555e-07
869,1.3254842,3.2782555e-07
869,1.3254835,3.2968819e-07
869,1.3254829,3.2968819e-07
869,1.3254823,3.2968819e-07
870,1.3254816,3.2968819e-07
870,1.325481,3.2968819e-07
870,1.3254803,3.2968819e-07
870,1.3254797,3.2968819e-07
870,1.3254791,3.3155084e-07
870,1.3254784,3.3155084e-07
870,1.3254778,3.3155084e-07
870,1.3254771,3.3155084e-07
870,1.3254765,3.3155084e-07
870,1.3254759,3.3155084e-07
870,1.3254752,3.3341348e-07
870,1.3254746,3.3341348e-07
870,1.3254739,3.3341348e-07
870,1.3254733,3.3341348e-07
871,1.3254726,3.3341348e-07
871,1.325472,3.3341348e-07
871,1.3254714,3.3527613e-07
871,1.3254707,3.3527613e-07
871,1.3254701,3.3527613e-07
871,1.3254694,3.3527613e-07
871,1.3254688,3.3527613e-07
871,1.3254681,3.3527613e-07
871,1.3254675,3.3527613e-07
871,1.3254669,3.3713877e-07
871,1.3254662,3.3713877e-07
871,1.3254656,3.3713877e-07
871,1.3254649,3.3713877e-07
872,1.3254643,3.3713877e-07
872,1.3254636,3.3713877e-07
872,1.325463,3.3713877e-07
872,1.3254623,3.3713877e-07
872,1.3254617,3.3900142e-07
872,1.3254611,3.3900142e-07
872,1.3254604,3.3900142e-07
872,1.3254598,3.3900142e-07
872,1.3254591,3.3900142e-07
872,1.3254585,3.3900142e-07
872,1.3254578,3.3900142e-07
872,1.3254572,3.3900142e-07
872,1.3254565,3.4086406e-07
872,1.3254559,3.4086406e-07
873,1.3254552,3.4086406e-07
873,1.3254546,3.4086406e-07
873,1.3254539,3.4086406e-07
873,1.3254533,3.4086406e-07
873,1.3254527,3.4086406e-07
873,1.325452,3.4272671e-07
873,1.3254514,3.4272671e-07
873,1.3254507,3.4272671e-07
873,1.3254501,3.4272671e-07
873,1.3254494,3.4272671e-07
873,1.3254488,3.4272671e-07
873,1.3254481,3.4272671e-07
873,1.3254475,3.4272671e-07
874,1.3254468,3.4458935e-07
874,1.3254462,3.4458935e-07
874,1.3254455,3.4458935e-07
874,1.3254449,3.4458935e-07
874,1.3254442,3.4458935e-07
874,1.3254436,3.4458935e-07
874,1.3254429,3.4458935e-07
874,1.3254423,3.46452e-07
874,1.3254416,3.46452e-07
874,1.325441,3.46452e-07
874,1.3254403,3.46452e-07
874,1.3254397,3.46452e-07
874,1.325439,3.46452e-07
874,1.3254384,3.4831464e-07
875,1.3254377,3.4831464e-07
875,1.3254371,3.4831464e-07
875,1.3254364,3.4831464e-07
875,1.3254358,3.4831464e-07
875,1.3254351,3.5017729e-07
875,1.3254344,3.5017729e-07
875,1.3254338,3.5017729e-07
875,1.3254331,3.5017729e-07
875,1.3254325,3.5017729e-07
875,1.3254318,3.5203993e-07
875,1.3254312,3.5203993e-07
875,1.3254305,3.5203993e-07
875,1.3254299,3.5203993e-07
875,1.3254292,3.5203993e-07
876,1.3254286,3.5203993e-07
876,1.3254279,3.5203993e-07
876,1.3254273,3.5390258e-07
876,1.3254266,3.5390258e-07
876,1.3254259,3.5390258e-07
876,1.3254253,3.5390258e-07
876,1.3254246,3.5390258e-07
876,1.325424,3.5390258e-07
876,1.3254233,3.5390258e-07
876,1.3254227,3.5390258e-07
876,1.325422,3.5576522e-07
876,1.3254214,3.5576522e-07
876,1.3254207,3.5576522e-07
877,1.32542,3.5576522e-07
877,1.3254194,3.5576522e-07
877,1.3254187,3.5576522e-07
877,1.3254181,3.5576522e-07
877,1.3254174,3.5576522e-07
877,1.3254168,3.5762787e-07
877,1.3254161,3.5762787e-07
877,1.3254154,3.5762787e-07
877,1.3254148,3.5762787e-07
877,1.3254141,3.5762787e-07
877,1.3254135,3.5762787e-07
877,1.3254128,3.5949051e-07
877,1.3254122,3.5949051e-07
877,1.3254115,3.5949051e-07
878,1.3254108,3.5949051e-07
878,1.3254102,3.5949051e-07
878,1.3254095,3.6135316e-07
878,1.3254089,3.6135316e-07
878,1.3254082,3.6135316e-07
878,1.3254075,3.6135316e-07
878,1.3254069,3.6135316e-07
878,1.3254062,3.632158e-07
878,1.3254056,3.632158e-07
878,1.3254049,3.632158e-07
878,1.3254042,3.632158e-07
878,1.3254036,3.632158e-07
878,1.3254029,3.6507845e-07
879,1.3254022,3.6507845e-07
879,1.3254016,3.6507845e-07
879,1.3254009,3.6507845e-07
879,1.3254003,3.6507845e-07
879,1.3253996,3.6507845e-07
879,1.3253989,3.6694109e-07
879,1.3253983,3.6694109e-07
879,1.3253976,3.6694109e-07
879,1.3253969,3.6694109e-07
879,1.3253963,3.6694109e-07
879,1.3253956,3.6694109e-07
879,1.325395,3.6880374e-07
879,1.3253943,3.6880374e-07
880,1.3253936,3.6880374e-07
880,1.325393,3.6880374e-07
880,1.3253923,3.6880374e-07
880,1.3253916,3.7066638e-07
880,1.325391,3.7066638e-07
880,1.3253903,3.7066638e-07
880,1.3253896,3.7066638e-07
880,1.325389,3.7066638e-07
880,1.3253883,3.7252903e-07
880,1.3253876,3.7252903e-07
880,1.325387,3.7252903e-07
880,1.3253863,3.7252903e-07
880,1.3253856,3.7252903e-07
880,1.325385,3.7252903e-07
881,1.3253843,3.7439167e-07
881,1.3253836,3.7439167e-07
881,1.325383,3.7439167e-07
881,1.3253823,3.7439167e-07
881,1.3253816,3.7439167e-07
881,1.325381,3.7439167e-07
881,1.3253803,3.7625432e-07
881,1.3253796,3.7625432e-07
881,1.325379,3.7625432e-07
881,1.3253783,3.7625432e-07
881,1.3253776,3.7625432e-07
881,1.325377,3.7811697e-07
881,1.3253763,3.7811697e-07
882,1.3253756,3.7811697e-07
882,1.325375,3.7811697e-07
882,1.3253743,3.7811697e-07
882,1.3253736,3.7811697e-07
882,1.325373,3.7997961e-07
882,1.3253723,3.7997961e-07
882,1.3253716,3.7997961e-07
882,1.3253709,3.7997961e-07
882,1.3253703,3.7997961e-07
882,1.3253696,3.7997961e-07
882,1.3253689,3.7997961e-07
882,1.3253683,3.8184226e-07
882,1.3253676,3.8184226e-07
883,1.3253669,3.8184226e-07
883,1.3253662,3.8184226e-07
883,1.3253656,3.8184226e-07
883,1.3253649,3.8184226e-07
883,1.3253642,3.8184226e-07
883,1.3253636,3.837049e-07
883,1.3253629,3.837049e-07
883,1.3253622,3.837049e-07
883,1.3253615,3.837049e-07
883,1.3253609,3.837049e-07
883,1.3253602,3.8556755e-07
883,1.3253595,3.8556755e-07
883,1.3253588,3.8556755e-07
883,1.3253582,3.8556755e-07
884,1.3253575,3.8556755e-07
884,1.3253568,3.8743019e-07
884,1.3253561,3.8743019e-07
884,1.3253555,3.8743019e-07
884,1.3253548,3.8743019e-07
884,1.3253541,3.8743019e-07
884,1.3253534,3.8929284e-07
884,1.3253528,3.8929284e-07
884,1.3253521,3.8929284e-07
884,1.3253514,3.8929284e-07
884,1.3253507,3.9115548e-07
884,1.3253501,3.9115548e-07
884,1.3253494,3.9115548e-07
885,1.3253487,3.9115548e-07
885,1.325348,3.9115548e-07
885,1.3253474,3.9301813e-07
885,1.3253467,3.9301813e-07
885,1.325346,3.9301813e-07
885,1.3253453,3.9301813e-07
885,1.3253446,3.9301813e-07
885,1.325344,3.9488077e-07
885,1.3253433,3.9488077e-07
885,1.3253426,3.9488077e-07
885,1.3253419,3.9488077e-07
885,1.3253413,3.9488077e-07
885,1.3253406,3.9488077e-07
886,1.3253399,3.9674342e-07
886,1.3253392,3.9674342e-07
886,1.3253385,3.9674342e-07
886,1.3253379,3.9674342e-07
886,1.3253372,3.9674342e-07
886,1.3253365,3.9674342e-07
886,1.3253358,3.9860606e-07
886,1.3253351,3.9860606e-07
886,1.3253345,3.9860606e-07
886,1.3253338,3.9860606e-07
886,1.3253331,3.9860606e-07
886,1.3253324,4.0046871e-07
886,1.3253317,4.0046871e-07
887,1.325331,4.0046871e-07
887,1.3253304,4.0046871e-07
887,1.3253297,4.0046871e-07
887,1.325329,4.0046871e-07
887,1.3253283,4.0233135e-07
887,1.3253276,4.0233135e-07
887,1.325327,4.0233135e-07
887,1.3253263,4.0233135e-07
887,1.3253256,4.0233135e-07
887,1.3253249,4.0233135e-07
887,1.3253242,4.04194e-07
887,1.3253235,4.04194e-07
887,1.3253229,4.04194e-07
887,1.3253222,4.04194e-07
888,1.3253215,4.04194e-07
888,1.3253208,4.0605664e-07
888,1.3253201,4.0605664e-07
888,1.3253194,4.0605664e-07
888,1.3253187,4.0605664e-07
888,1.3253181,4.0605664e-07
888,1.3253174,4.0791929e-07
888,1.3253167,4.0791929e-07
888,1.325316,4.0791929e-07
888,1.3253153,4.0791929e-07
888,1.3253146,4.0791929e-07
888,1.3253139,4.0791929e-07
888,1.3253133,4.0978193e-07
889,1.3253126,4.0978193e-07
889,1.3253119,4.0978193e-07
889,1.3253112,4.0978193e-07
889,1.3253105,4.0978193e-07
889,1.3253098,4.0978193e-07
889,1.3253091,4.1164458e-07
889,1.3253084,4.1164458e-07
889,1.3253078,4.1164458e-07
889,1.3253071,4.1164458e-07
889,1.3253064,4.1164458e-07
889,1.3253057,4.1350722e-07
889,1.325305,4.1350722e-07
889,1.3253043,4.1350722e-07
890,1.3253036,4.1350722e-07
890,1.3253029,4.1350722e-07
890,1.3253022,4.1350722e-07
890,1.3253016,4.1536987e-07
890,1.3253009,4.1536987e-07
890,1.3253002,4.1536987e-07
890,1.3252995,4.1536987e-07
890,1.3252988,4.1536987e-07
890,1.3252981,4.1723251e-07
890,1.3252974,4.1723251e-07
890,1.3252967,4.1723251e-07
890,1.325296,4.1723251e-07
890,1.3252953,4.1723251e-07
891,1.3252946,4.1723251e-07
891,1.3252939,4.1909516e-07
891,1.3252933,4.1909516e-07
891,1.3252926,4.1909516e-07
891,1.3252919,4.1909516e-07
891,1.3252912,4.1909516e-07
891,1.3252905,4.209578e-07
891,1.3252898,4.209578e-07
891,1.3252891,4.209578e-07
891,1.3252884,4.209578e-07
891,1.3252877,4.209578e-07
891,1.325287,4.2282045e-07
891,1.3252863,4.2282045e-07
892,1.3252856,4.2282045e-07
892,1.3252849,4.2282045e-07
892,1.3252842,4.2282045e-07
892,1.3252835,4.2282045e-07
892,1.3252828,4.2468309e-07
892,1.3252821,4.2468309e-07
892,1.3252815,4.2468309e-07
892,1.3252808,4.2468309e-07
892,1.3252801,4.2468309e-07
892,1.3252794,4.2468309e-07
892,1.3252787,4.2654574e-07
892,1.325278,4.2654574e-07
892,1.3252773,4.2654574e-07
893,1.3252766,4.2654574e-07
893,1.3252759,4.2654574e-07
893,1.3252752,4.2840838e-07
893,1.3252745,4.2840838e-07
893,1.3252738,4.2840838e-07
893,1.3252731,4.2840838e-07
893,1.3252724,4.2840838e-07
893,1.3252717,4.2840838e-07
893,1.325271,4.3027103e-07
893,1.3252703,4.3027103e-07
893,1.3252696,4.3027103e-07
893,1.3252689,4.3027103e-07
893,1.3252682,4.3027103e-07
894,1.3252675,4.3213367e-07
894,1.3252668,4.3213367e-07
894,1.3252661,4.3213367e-07
894,1.3252654,4.3213367e-07
894,1.3252647,4.3213367e-07
894,1.325264,4.3213367e-07
894,1.3252633,4.3399632e-07
894,1.3252626,4.3399632e-07
894,1.3252619,4.3399632e-07
894,1.3252612,4.3399632e-07
894,1.3252605,4.3399632e-07
894,1.3252598,4.3585896e-07
894,1.3252591,4.3585896e-07
895,1.3252584,4.3585896e-07
895,1.3252577,4.3585896e-07
895,1.325257,4.3585896e-07
895,1.3252563,4.3585896e-07
895,1.3252556,4.3772161e-07
895,1.3252549,4.3772161e-07
895,1.3252542,4.3772161e-07
895,1.3252535,4.3772161e-07
895,1.3252527,4.3772161e-07
895,1.325252,4.3958426e-07
895,1.3252513,4.3958426e-07
895,1.3252506,4.3958426e-07
895,1.3252499,4.3958426e-07
896,1.3252492,4.3958426e-07
896,1.3252485,4.3958426e-07
896,1.3252478,4.414469e-07
896,1.3252471,4.414469e-07
896,1.3252464,4.414469e-07
896,1.3252457,4.414469e-07
896,1.325245,4.414469e-07
896,1.3252443,4.4330955e-07
896,1.3252436,4.4330955e-07
896,1.3252429,4.4330955e-07
896,1.3252422,4.4330955e-07
896,1.3252415,4.4330955e-07
896,1.3252407,4.4330955e-07
897,1.32524,4.4517219e-07
897,1.3252393,4.4517219e-07
897,1.3252386,4.4517219e-07
897,1.3252379,4.4517219e-07
897,1.3252372,4.4517219e-07
897,1.3252365,4.4703484e-07
897,1.3252358,4.4703484e-07
897,1.3252351,4.4703484e-07
897,1.3252344,4.4703484e-07
897,1.3252337,4.4703484e-07
897,1.3252329,4.4703484e-07
897,1.3252322,4.4889748e-07
897,1.3252315,4.4889748e-07
898,1.3252308,4.4889748e-07
898,1.3252301,4.4889748e-07
898,1.3252294,4.4889748e-07
898,1.3252287,4.5076013e-07
898,1.325228,4.5076013e-07
898,1.3252273,4.5076013e-07
898,1.3252265,4.5076013e-07
898,1.3252258,4.5076013e-07
898,1.3252251,4.5076013e-07
898,1.3252244,4.5262277e-07
898,1.3252237,4.5262277e-07
898,1.325223,4.5262277e-07
899,1.3252223,4.5262277e-07
899,1.3252216,4.5262277e-07
899,1.3252208,4.5262277e-07
899,1.3252201,4.5448542e-07
899,1.3252194,4.5448542e-07
899,1.3252187,4.5448542e-07
899,1.325218,4.5448542e-07
899,1.3252173,4.5448542e-07
899,1.3252166,4.5634806e-07
899,1.3252158,4.5634806e-07
899,1.3252151,4.5634806e-07
899,1.3252144,4.5634806e-07
899,1.3252137,4.5634806e-07
900,1.325213,4.5821071e-07
900,1.3252123,4.5821071e-07
900,1.3252116,4.5821071e-07
900,1.3252108,4.5821071e-07
900,1.3252101,4.5821071e-07
900,1.3252094,4.6007335e-07
900,1.3252087,4.6007335e-07
900,1.325208,4.6007335e-07
900,1.3252072,4.6007335e-07
900,1.3252065,4.61936e-07
900,1.3252058,4.61936e-07
900,1.3252051,4.61936e-07
900,1.3252044,4.61936e-07
901,1.3252037,4.61936e-07
901,1.3252029,4.6379864e-07
901,1.3252022,4.6379864e-07
901,1.3252015,4.6379864e-07
901,1.3252008,4.6379864e-07
901,1.3252001,4.6379864e-07
901,1.3251993,4.6566129e-07
901,1.3251986,4.6566129e-07
901,1.3251979,4.6566129e-07
901,1.3251972,4.6566129e-07
901,1.3251965,4.6566129e-07
901,1.3251957,4.6752393e-07
901,1.325195,4.6752393e-07
902,1.3251943,4.6752393e-07
902,1.3251936,4.6752393e-07
902,1.3251929,4.6938658e-07
902,1.3251921,4.6938658e-07
902,1.3251914,4.6938658e-07
902,1.3251907,4.6938658e-07
902,1.32519,4.6938658e-07
902,1.3251892,4.7124922e-07
902,1.3251885,4.7124922e-07
902,1.3251878,4.7124922e-07
902,1.3251871,4.7124922e-07
902,1.3251864,4.7124922e-07
902,1.3251856,4.7311187e-07
903,1.3251849,4.7311187e-07
903,1.3251842,4.7311187e-07
903,1.3251835,4.7311187e-07
903,1.3251827,4.7497451e-07
903,1.325182,4.7497451e-07
903,1.3251813,4.7497451e-07
903,1.3251806,4.7497451e-07
903,1.3251798,4.7683716e-07
903,1.3251791,4.7683716e-07
903,1.3251784,4.7683716e-07
903,1.3251777,4.7683716e-07
903,1.3251769,4.7683716e-07
904,1.3251762,4.786998e-07
904,1.3251755,4.786998e-07
904,1.3251747,4.786998e-07
904,1.325174,4.786998e-07
904,1.3251733,4.8056245e-07
904,1.3251726,4.8056245e-07
904,1.3251718,4.8056245e-07
904,1.3251711,4.8056245e-07
904,1.3251704,4.8242509e-07
904,1.3251697,4.8242509e-07
904,1.3251689,4.8242509e-07
904,1.3251682,4.8242509e-07
904,1.3251675,4.8242509e-07
905,1.3251667,4.8428774e-07
905,1.325166,4.8428774e-07
905,1.3251653,4.8428774e-07
905,1.3251645,4.8428774e-07
905,1.3251638,4.8428774e-07
905,1.3251631,4.8615038e-07
905,1.3251624,4.8615038e-07
905,1.3251616,4.8615038e-07
905,1.3251609,4.8615038e-07
905,1.3251602,4.8615038e-07
905,1.3251594,4.8801303e-07
905,1.3251587,4.8801303e-07
905,1.325158,4.8801303e-07
906,1.3251572,4.8801303e-07
906,1.3251565,4.8987567e-07
906,1.3251558,4.8987567e-07
906,1.325155,4.8987567e-07
906,1.3251543,4.8987567e-07
906,1.3251536,4.9173832e-07
906,1.3251528,4.9173832e-07
906,1.3251521,4.9173832e-07
906,1.3251514,4.9173832e-07
906,1.3251506,4.9360096e-07
906,1.3251499,4.9360096e-07
906,1.3251492,4.9360096e-07
907,1.3251484,4.9360096e-07
907,1.3251477,4.9546361e-07
907,1.325147,4.9546361e-07
907,1.3251462,4.9546361e-07
907,1.3251455,4.9732625e-07
907,1.3251448,4.9732625e-07
907,1.325144,4.9732625e-07
907,1.3251433,4.9732625e-07
907,1.3251425,4.991889e-07
907,1.3251418,4.991889e-07
907,1.3251411,4.991889e-07
907,1.3251403,4.991889e-07
907,1.3251396,5.0105155e-07
908,1.3251389,5.0105155e-07
908,1.3251381,5.0105155e-07
908,1.3251374,5.0291419e-07
908,1.3251366,5.0291419e-07
908,1.3251359,5.0291419e-07
908,1.3251352,5.0291419e-07
908,1.3251344,5.0477684e-07
908,1.3251337,5.0477684e-07
908,1.3251329,5.0477684e-07
908,1.3251322,5.0663948e-07
908,1.3251315,5.0663948e-07
908,1.3251307,5.0663948e-07
909,1.32513,5.0850213e-07
909,1.3251292,5.0850213e-07
909,1.3251285,5.0850213e-07
909,1.3251278,5.0850213e-07
909,1.325127,5.1036477e-07
909,1.3251263,5.1036477e-07
909,1.3251255,5.1036477e-07
909,1.3251248,5.1222742e-07
909,1.3251241,5.1222742e-07
909,1.3251233,5.1222742e-07
909,1.3251226,5.1409006e-07
909,1.3251218,5.1409006e-07
909,1.3251211,5.1409006e-07
910,1.3251203,5.1409006e-07
910,1.3251196,5.1595271e-07
910,1.3251189,5.1595271e-07
910,1.3251181,5.1595271e-07
910,1.3251174,5.1781535e-07
910,1.3251166,5.1781535e-07
910,1.3251159,5.1781535e-07
910,1.3251151,5.19678e-07
910,1.3251144,5.19678e-07
910,1.3251136,5.19678e-07
910,1.3251129,5.2154064e-07
910,1.3251122,5.2154064e-07
911,1.3251114,5.2154064e-07
911,1.3251107,5.2340329e-07
911,1.3251099,5.2340329e-07
911,1.3251092,5.2340329e-07
911,1.3251084,5.2526593e-07
911,1.3251077,5.2526593e-07
911,1.3251069,5.2526593e-07
911,1.3251062,5.2712858e-07
911,1.3251054,5.2712858e-07
911,1.3251047,5.2712858e-07
911,1.3251039,5.2899122e-07
911,1.3251032,5.2899122e-07
911,1.3251024,5.2899122e-07
912,1.3251017,5.3085387e-07
912,1.3251009,5.3085387e-07
912,1.3251002,5.3085387e-07
912,1.3250994,5.3271651e-07
912,1.3250987,5.3271651e-07
912,1.3250979,5.3271651e-07
912,1.3250972,5.3457916e-07
912,1.3250964,5.3457916e-07
912,1.3250957,5.364418e-07
912,1.3250949,5.364418e-07
912,1.3250942,5.364418e-07
912,1.3250934,5.3830445e-07
913,1.3250927,5.3830445e-07
913,1.3250919,5.4016709e-07
913,1.3250912,5.4016709e-07
913,1.3250904,5.4016709e-07
913,1.3250897,5.4202974e-07
913,1.3250889,5.4202974e-07
913,1.3250882,5.4389238e-07
913,1.3250874,5.4389238e-07
913,1.3250867,5.4389238e-07
913,1.3250859,5.4575503e-07
913,1.3250852,5.4575503e-07
913,1.3250844,5.4761767e-07
913,1.3250837,5.4761767e-07
914,1.3250829,5.4948032e-07
914,1.3250821,5.4948032e-07
914,1.3250814,5.5134296e-07
914,1.3250806,5.5134296e-07
914,1.3250799,5.5134296e-07
914,1.3250791,5.5320561e-07
914,1.3250784,5.5320561e-07
914,1.3250776,5.5506825e-07
914,1.3250769,5.5506825e-07
914,1.3250761,5.569309e-07
914,1.3250753,5.569309e-07
914,1.3250746,5.5879354e-07
915,1.3250738,5.5879354e-07
915,1.3250731,5.6065619e-07
915,1.3250723,5.6065619e-07
915,1.3250716,5.6251884e-07
915,1.3250708,5.6251884e-07
915,1.32507,5.6251884e-07
915,1.3250693,5.6438148e-07
915,1.3250685,5.6438148e-07
915,1.3250678,5.6624413e-07
915,1.325067,5.6624413e-07
915,1.3250662,5.6810677e-07
915,1.3250655,5.6996942e-07
915,1.3250647,5.6996942e-07
916,1.325064,5.7183206e-07
916,1.3250632,5.7183206e-07
916,1.3250624,5.7369471e-07
916,1.3250617,5.7369471e-07
916,1.3250609,5.7555735e-07
916,1.3250602,5.7555735e-07
916,1.3250594,5.7742e-07
916,1.3250586,5.7928264e-07
916,1.3250579,5.7928264e-07
916,1.3250571,5.7928264e-07
916,1.3250563,5.8114529e-07
916,1.3250556,5.8300793e-07
917,1.3250548,5.8300793e-07
917,1.3250541,5.8487058e-07
917,1.3250533,5.8673322e-07
917,1.3250525,5.8673322e-07
917,1.3250518,5.8859587e-07
917,1.325051,5.9045851e-07
917,1.3250502,5.9045851e-07
917,1.3250495,5.9232116e-07
917,1.3250487,5.9232116e-07
917,1.3250479,5.941838e-07
917,1.3250472,5.9604645e-07
917,1.3250464,5.9604645e-07
918,1.3250457,5.9790909e-07
918,1.3250449,5.9790909e-07
918,1.3250441,5.9977174e-07
918,1.3250434,6.0163438e-07
918,1.3250426,6.0163438e-07
918,1.3250418,6.0349703e-07
918,1.3250411,6.0535967e-07
918,1.3250403,6.0535967e-07
918,1.3250395,6.0722232e-07
918,1.3250387,6.0908496e-07
918,1.325038,6.0908496e-07
918,1.3250372,6.1094761e-07
919,1.3250364,6.1281025e-07
919,1.3250357,6.1281025e-07
919,1.3250349,6.146729e-07
919,1.3250341,6.1653554e-07
919,1.3250334,6.1653554e-07
919,1.3250326,6.1839819e-07
919,1.3250318,6.2026083e-07
919,1.3250311,6.2212348e-07
919,1.3250303,6.2398612e-07
919,1.3250295,6.2398612e-07
919,1.3250287,6.2584877e-07
919,1.325028,6.2771142e-07
919,1.3250272,6.2771142e-07
920,1.3250264,6.2957406e-07
920,1.3250257,6.3143671e-07
920,1.3250249,6.3329935e-07
920,1.3250241,6.35162e-07
920,1.3250233,6.3702464e-07
920,1.3250226,6.3702464e-07
920,1.3250218,6.3888729e-07
920,1.325021,6.4074993e-07
920,1.3250203,6.4261258e-07
920,1.3250195,6.4447522e-07
920,1.3250187,6.4447522e-07
920,1.3250179,6.4633787e-07
921,1.3250172,6.4820051e-07
921,1.3250164,6.5006316e-07
921,1.3250156,6.519258e-07
921,1.3250148,6.5378845e-07
921,1.3250141,6.5565109e-07
921,1.3250133,6.5751374e-07
921,1.3250125,6.5751374e-07
921,1.3250117,6.5937638e-07
921,1.325011,6.6123903e-07
921,1.3250102,6.6310167e-07
921,1.3250094,6.6496432e-07
921,1.3250086,6.6682696e-07
922,1.3250078,6.6868961e-07
922,1.3250071,6.7055225e-07
922,1.3250063,6.724149e-07
922,1.3250055,6.7427754e-07
922,1.3250047,6.7614019e-07
922,1.325004,6.7800283e-07
922,1.3250032,6.7986548e-07
922,1.3250024,6.8172812e-07
922,1.3250016,6.8359077e-07
922,1.3250008,6.8545341e-07
922,1.3250001,6.8731606e-07
922,1.3249993,6.8917871e-07
923,1.3249985,6.9104135e-07
923,1.3249977,6.92904e-07
923,1.3249969,6.9476664e-07
923,1.3249962,6.9662929e-07
923,1.3249954,6.9849193e-07
923,1.3249946,7.0035458e-07
923,1.3249938,7.0221722e-07
923,1.324993,7.0594251e-07
923,1.3249923,7.0594251e-07
923,1.3249915,7.0780516e-07
923,1.3249907,7.1153045e-07
923,1.3249899,7.1339309e-07
923,1.3249891,7.1525574e-07
924,1.3249883,7.1711838e-07
924,1.3249876,7.1898103e-07
924,1.3249868,7.2270632e-07
924,1.324986,7.2456896e-07
924,1.3249852,7.2643161e-07
924,1.3249844,7.2829425e-07
924,1.3249836,7.301569e-07
924,1.3249829,7.3201954e-07
924,1.3249821,7.3388219e-07
924,1.3249813,7.3760748e-07
924,1.3249805,7.3947012e-07
924,1.3249797,7.4133277e-07
925,1.3249789,7.4319541e-07
925,1.3249781,7.4505806e-07
925,1.3249774,7.4878335e-07
925,1.3249766,7.50646e-07
925,1.3249758,7.5250864e-07
925,1.324975,7.5437129e-07
925,1.3249742,7.5623393e-07
925,1.3249734,7.5995922e-07
925,1.3249726,7.6182187e-07
925,1.3249718,7.6368451e-07
925,1.3249711,7.6554716e-07
925,1.3249703,7.674098e-07
926,1.3249695,7.7113509e-07
926,1.3249687,7.7299774e-07
926,1.3249679,7.7672303e-07
926,1.3249671,7.7858567e-07
926,1.3249663,7.8044832e-07
926,1.3249655,7.8417361e-07
926,1.3249647,7.8603625e-07
926,1.3249639,7.878989e-07
926,1.3249632,7.9162419e-07
926,1.3249624,7.9348683e-07
926,1.3249616,7.9534948e-07
926,1.3249608,7.9907477e-07
927,1.32496,8.0093741e-07
927,1.3249592,8.046627e-07
927,1.3249584,8.0652535e-07
927,1.3249576,8.1025064e-07
927,1.3249568,8.1211329e-07
927,1.324956,8.1583858e-07
927,1.3249552,8.1770122e-07
927,1.3249544,8.2142651e-07
927,1.3249537,8.2328916e-07
927,1.3249529,8.251518e-07
927,1.3249521,8.2887709e-07
927,1.3249513,8.3073974e-07
928,1.3249505,8.3446503e-07
928,1.3249497,8.3819032e-07
928,1.3249489,8.4191561e-07
928,1.3249481,8.4377825e-07
928,1.3249473,8.456409e-07
928,1.3249465,8.4936619e-07
928,1.3249457,8.5122883e-07
928,1.3249449,8.5495412e-07
928,1.3249441,8.5867941e-07
928,1.3249433,8.6054206e-07
928,1.3249425,8.6426735e-07
928,1.3249417,8.6612999e-07
929,1.3249409,8.6985528e-07
929,1.3249401,8.7358057e-07
929,1.3249393,8.7544322e-07
929,1.3249385,8.7916851e-07
929,1.3249377,8.828938e-07
929,1.3249369,8.8661909e-07
929,1.3249361,8.8848174e-07
929,1.3249353,8.9220703e-07
929,1.3249345,8.9406967e-07
929,1.3249337,8.9779496e-07
929,1.3249329,9.0152025e-07
929,1.3249321,9.033829e-07
930,1.3249313,9.0710819e-07
930,1.3249305,9.1083348e-07
930,1.3249297,9.1269612e-07
930,1.3249289,9.1642141e-07
930,1.3249281,9.201467e-07
930,1.3249273,9.2387199e-07
930,1.3249265,9.2573464e-07
930,1.3249257,9.2945993e-07
930,1.3249249,9.3318522e-07
930,1.3249241,9.3504786e-07
930,1.3249233,9.406358e-07
930,1.3249225,9.4249845e-07
931,1.3249217,9.4622374e-07
931,1.3249209,9.4994903e-07
931,1.3249201,9.5181167e-07
931,1.3249193,9.5553696e-07
931,1.3249185,9.5926225e-07
931,1.3249177,9.6298754e-07
931,1.3249169,9.6671283e-07
931,1.3249161,9.6857548e-07
931,1.3249153,9.7230077e-07
931,1.3249145,9.7602606e-07
931,1.3249137,9.7975135e-07
931,1.3249129,9.8347664e-07
932,1.3249121,9.8533928e-07
932,1.3249113,9.9092722e-07
932,1.3249105,9.9278986e-07
932,1.3249097,9.9651515e-07
932,1.3249089,1.0002404e-06
932,1.324908,1.0021031e-06
932,1.3249072,1.007691e-06
932,1.3249064,1.0095537e-06
932,1.3249056,1.0151416e-06
932,1.3249048,1.0170043e-06
932,1.324904,1.0225922e-06
932,1.3249032,1.0244548e-06
933,1.3249024,1.0281801e-06
933,1.3249016,1.0319054e-06
933,1.3249008,1.0337681e-06
933,1.3249,1.039356e-06
933,1.3248992,1.0412186e-06
933,1.3248983,1.0449439e-06
933,1.3248975,1.0486692e-06
933,1.3248967,1.0505319e-06
933,1.3248959,1.0561198e-06
933,1.3248951,1.0579824e-06
933,1.3248943,1.0617077e-06
933,1.3248935,1.065433e-06
934,1.3248927,1.0672957e-06
934,1.3248919,1.0728836e-06
934,1.3248911,1.0747463e-06
934,1.3248902,1.0784715e-06
934,1.3248894,1.0821968e-06
934,1.3248886,1.0840595e-06
934,1.3248878,1.0896474e-06
934,1.324887,1.0915101e-06
934,1.3248862,1.0952353e-06
934,1.3248854,1.0989606e-06
934,1.3248845,1.1008233e-06
934,1.3248837,1.1064112e-06
935,1.3248829,1.1082739e-06
935,1.3248821,1.1119992e-06
935,1.3248813,1.1157244e-06
935,1.3248805,1.1175871e-06
935,1.3248797,1.123175e-06
935,1.3248788,1.1250377e-06
935,1.324878,1.128763e-06
935,1.3248772,1.1324883e-06
935,1.3248764,1.1362135e-06
935,1.3248756,1.1399388e-06
935,1.3248748,1.1418015e-06
936,1.3248739,1.1455268e-06
936,1.3248731,1.1492521e-06
936,1.3248723,1.1529773e-06
936,1.3248715,1.1567026e-06
936,1.3248707,1.1585653e-06
936,1.3248698,1.1641532e-06
936,1.324869,1.1678785e-06
936,1.3248682,1.1734664e-06
936,1.3248674,1.1771917e-06
936,1.3248666,1.180917e-06
936,1.3248657,1.186505e-06
936,1.3248649,1.1902303e-06
937,1.3248641,1.1958182e-06
937,1.3248633,1.1995435e-06
937,1.3248625,1.2032688e-06
937,1.3248616,1.2088567e-06
937,1.3248608,1.212582e-06
937,1.32486,1.2200326e-06
937,1.3248592,1.2237579e-06
937,1.3248584,1.2293458e-06
937,1.3248575,1.2349337e-06
937,1.3248567,1.238659e-06
937,1.3248559,1.2461096e-06
937,1.3248551,1.2498349e-06
938,1.3248542,1.2572855e-06
938,1.3248534,1.2610108e-06
938,1.3248526,1.2647361e-06
938,1.3248518,1.2721866e-06
938,1.3248509,1.2759119e-06
938,1.3248501,1.2814999e-06
938,1.3248493,1.2852252e-06
938,1.3248485,1.2889504e-06
938,1.3248476,1.2945384e-06
938,1.3248468,1.2982637e-06
938,1.324846,1.3057142e-06
938,1.3248452,1.3094395e-06
939,1.3248443,1.3150275e-06
939,1.3248435,1.3187528e-06
939,1.3248427,1.3224781e-06
939,1.3248419,1.3299286e-06
939,1.324841,1.3336539e-06
939,1.3248402,1.3392419e-06
939,1.3248394,1.3429672e-06
939,1.3248386,1.3466924e-06
939,1.3248377,1.3522804e-06
939,1.3248369,1.3578683e-06
939,1.3248361,1.3634562e-06
939,1.3248352,1.3671815e-06
940,1.3248344,1.3709068e-06
940,1.3248336,1.3783574e-06
940,1.3248328,1.3820827e-06
940,1.3248319,1.3895333e-06
940,1.3248311,1.3932586e-06
940,1.3248303,1.3969839e-06
940,1.3248294,1.4044344e-06
940,1.3248286,1.4081597e-06
940,1.3248278,1.4156103e-06
940,1.3248269,1.4193356e-06
940,1.3248261,1.4267862e-06
941,1.3248253,1.4305115e-06
941,1.3248244,1.4342368e-06
941,1.3248236,1.4416873e-06
941,1.3248228,1.4454126e-06
941,1.3248219,1.4528632e-06
941,1.3248211,1.4584512e-06
941,1.3248203,1.4621764e-06
941,1.3248194,1.469627e-06
941,1.3248186,1.4733523e-06
941,1.3248178,1.4808029e-06
941,1.3248169,1.4845282e-06
941,1.3248161,1.4882535e-06
942,1.3248153,1.4957041e-06
942,1.3248144,1.4994293e-06
942,1.3248136,1.5068799e-06
942,1.3248128,1.5106052e-06
942,1.3248119,1.5180558e-06
942,1.3248111,1.5217811e-06
942,1.3248103,1.5255064e-06
942,1.3248094,1.532957e-06
942,1.3248086,1.5366822e-06
942,1.3248078,1.5441328e-06
942,1.3248069,1.5478581e-06
942,1.3248061,1.5534461e-06
943,1.3248052,1.559034e-06
943,1.3248044,1.5627593e-06
943,1.3248036,1.5702099e-06
943,1.3248027,1.5739352e-06
943,1.3248019,1.5795231e-06
943,1.324801,1.5869737e-06
943,1.3248002,1.590699e-06
943,1.3247994,1.6000122e-06
943,1.3247985,1.6056001e-06
943,1.3247977,1.6093254e-06
943,1.3247968,1.6186386e-06
944,1.324796,1.6242266e-06
944,1.3247952,1.6316772e-06
944,1.3247943,1.6372651e-06
944,1.3247935,1.6447157e-06
944,1.3247926,1.6503036e-06
944,1.3247918,1.6558915e-06
944,1.324791,1.6652048e-06
944,1.3247901,1.6707927e-06
944,1.3247893,1.6801059e-06
944,1.3247884,1.6856939e-06
944,1.3247876,1.6912818e-06
944,1.3247867,1.700595e-06
945,1.3247859,1.706183e-06
945,1.324785,1.7154962e-06
945,1.3247842,1.7229468e-06
945,1.3247834,1.7285347e-06
945,1.3247825,1.7359853e-06
945,1.3247817,1.7415732e-06
945,1.3247808,1.7490238e-06
945,1.32478,1.7546117e-06
945,1.3247791,1.763925e-06
945,1.3247783,1.7695129e-06
945,1.3247774,1.7751008e-06
945,1.3247766,1.7825514e-06
946,1.3247758,1.7881393e-06
946,1.3247749,1.7974526e-06
946,1.3247741,1.8030405e-06
946,1.3247732,1.8086284e-06
946,1.3247724,1.8179417e-06
946,1.3247715,1.8235296e-06
946,1.3247707,1.8309802e-06
946,1.3247698,1.8365681e-06
946,1.324769,1.8421561e-06
946,1.3247681,1.8496066e-06
946,1.3247673,1.8570572e-06
947,1.3247664,1.8645078e-06
947,1.3247656,1.8719584e-06
947,1.3247647,1.8812716e-06
947,1.3247639,1.8887222e-06
947,1.324763,1.8943101e-06
947,1.3247622,1.905486e-06
947,1.3247613,1.9129366e-06
947,1.3247605,1.9222498e-06
947,1.3247596,1.9297004e-06
947,1.3247588,1.937151e-06
947,1.3247579,1.9483268e-06
947,1.3247571,1.9557774e-06
948,1.3247562,1.9650906e-06
948,1.3247553,1.9725412e-06
948,1.3247545,1.9799918e-06
948,1.3247536,1.9930303e-06
948,1.3247528,2.0004809e-06
948,1.3247519,2.0116568e-06
948,1.3247511,2.0191073e-06
948,1.3247502,2.0265579e-06
948,1.3247494,2.0395964e-06
948,1.3247485,2.047047e-06
948,1.3247477,2.0582229e-06
949,1.3247468,2.0675361e-06
949,1.324746,2.078712e-06
949,1.3247451,2.0861626e-06
949,1.3247442,2.0954758e-06
949,1.3247434,2.1066517e-06
949,1.3247425,2.1159649e-06
949,1.3247417,2.1271408e-06
949,1.3247408,2.136454e-06
949,1.32474,2.1439046e-06
949,1.3247391,2.1569431e-06
949,1.3247382,2.1662563e-06
949,1.3247374,2.1792948e-06
950,1.3247365,2.1867454e-06
950,1.3247357,2.1960586e-06
950,1.3247348,2.2090971e-06
950,1.324734,2.2184104e-06
950,1.3247331,2.2314489e-06
950,1.3247322,2.2407621e-06
950,1.3247314,2.2538006e-06
950,1.3247305,2.2631139e-06
950,1.3247297,2.2705644e-06
950,1.3247288,2.2854656e-06
950,1.3247279,2.2929162e-06
951,1.3247271,2.3078173e-06
951,1.3247262,2.3152679e-06
951,1.3247254,2.3245811e-06
951,1.3247245,2.3394823e-06
951,1.3247236,2.3487955e-06
951,1.3247228,2.361834e-06
951,1.3247219,2.3711473e-06
951,1.3247211,2.3804605e-06
951,1.3247202,2.393499e-06
951,1.3247193,2.4028122e-06
951,1.3247185,2.4177134e-06
951,1.3247176,2.4270266e-06
952,1.3247168,2.4400651e-06
952,1.3247159,2.451241e-06
952,1.324715,2.4605542e-06
952,1.3247142,2.4735928e-06
952,1.3247133,2.4847686e-06
952,1.3247124,2.4996698e-06
952,1.3247116,2.508983e-06
952,1.3247107,2.5201589e-06
952,1.3247099,2.53506e-06
952,1.324709,2.5462359e-06
952,1.3247081,2.5611371e-06
953,1.3247073,2.572313e-06
953,1.3247064,2.5816262e-06
953,1.3247055,2.59839e-06
953,1.3247047,2.6095659e-06
953,1.3247038,2.624467e-06
953,1.3247029,2.6356429e-06
953,1.3247021,2.6468188e-06
953,1.3247012,2.6635826e-06
953,1.3247004,2.6747584e-06
953,1.3246995,2.6915222e-06
953,1.3246986,2.7026981e-06
953,1.3246978,2.7213246e-06
954,1.3246969,2.7325004e-06
954,1.324696,2.7436763e-06
954,1.3246952,2.7604401e-06
954,1.3246943,2.7697533e-06
954,1.3246934,2.7846545e-06
954,1.3246926,2.7939677e-06
954,1.3246917,2.8032809e-06
954,1.3246908,2.8181821e-06
954,1.32469,2.829358e-06
954,1.3246891,2.8442591e-06
954,1.3246883,2.8535724e-06
955,1.3246874,2.8628856e-06
955,1.3246865,2.8777868e-06
955,1.3246857,2.8871e-06
955,1.3246848,2.9020011e-06
955,1.3246839,2.9113144e-06
955,1.3246831,2.9243529e-06
955,1.3246822,2.9336661e-06
955,1.3246813,2.9429793e-06
955,1.3246805,2.9578805e-06
955,1.3246796,2.9671937e-06
955,1.3246787,2.9802322e-06
956,1.3246779,2.9895455e-06
956,1.324677,2.996996e-06
956,1.3246761,3.0100346e-06
956,1.3246753,3.0193478e-06
956,1.3246744,3.0323863e-06
956,1.3246735,3.0416995e-06
956,1.3246726,3.0491501e-06
956,1.3246718,3.0621886e-06
956,1.3246709,3.0696392e-06
956,1.32467,3.0826777e-06
956,1.3246692,3.0901283e-06
956,1.3246683,3.0975789e-06
957,1.3246674,3.1106174e-06
957,1.3246666,3.118068e-06
957,1.3246657,3.1292439e-06
957,1.3246648,3.1366944e-06
957,1.324664,3.1478703e-06
957,1.3246631,3.1553209e-06
957,1.3246622,3.1627715e-06
957,1.3246613,3.1739473e-06
957,1.3246605,3.1813979e-06
957,1.3246596,3.1925738e-06
957,1.3246587,3.2000244e-06
958,1.3246579,3.2074749e-06
958,1.324657,3.2167882e-06
958,1.3246561,3.2242388e-06
958,1.3246552,3.233552e-06
958,1.3246544,3.2410026e-06
958,1.3246535,3.2484531e-06
958,1.3246526,3.2577664e-06
958,1.3246517,3.2652169e-06
958,1.3246509,3.2745302e-06
958,1.32465,3.2801181e-06
958,1.3246491,3.2894313e-06
959,1.3246482,3.2950193e-06
959,1.3246474,3.3024698e-06
959,1.3246465,3.3117831e-06
959,1.3246456,3.317371e-06
959,1.3246447,3.3266842e-06
959,1.3246439,3.3322722e-06
959,1.324643,3.3378601e-06
959,1.3246421,3.3453107e-06
959,1.3246412,3.3508986e-06
959,1.3246404,3.3602118e-06
959,1.3246395,3.3657998e-06
960,1.3246386,3.3713877e-06
960,1.3246377,3.3788383e-06
960,1.3246369,3.3844262e-06
960,1.324636,3.3918768e-06
960,1.3246351,3.3974648e-06
960,1.3246342,3.4049153e-06
960,1.3246333,3.4086406e-06
960,1.3246325,3.4142286e-06
960,1.3246316,3.4216791e-06
960,1.3246307,3.4254044e-06
960,1.3246298,3.432855e-06
960,1.3246289,3.4365803e-06
961,1.3246281,3.4421682e-06
961,1.3246272,3.4477562e-06
961,1.3246263,3.4533441e-06
961,1.3246254,3.458932e-06
961,1.3246245,3.4626573e-06
961,1.3246236,3.4663826e-06
961,1.3246228,3.4738332e-06
961,1.3246219,3.4775585e-06
961,1.324621,3.4831464e-06
961,1.3246201,3.4868717e-06
961,1.3246192,3.490597e-06
962,1.3246184,3.4961849e-06
962,1.3246175,3.4999102e-06
962,1.3246166,3.5036355e-06
962,1.3246157,3.5073608e-06
962,1.3246148,3.5129488e-06
962,1.3246139,3.516674e-06
962,1.324613,3.5185367e-06
962,1.3246122,3.5241246e-06
962,1.3246113,3.5259873e-06
962,1.3246104,3.5315752e-06
962,1.3246095,3.5334378e-06
963,1.3246086,3.5371631e-06
963,1.3246077,3.5408884e-06
963,1.3246068,3.5427511e-06
963,1.3246059,3.5464764e-06
963,1.3246051,3.548339e-06
963,1.3246042,3.5520643e-06
963,1.3246033,3.5557896e-06
963,1.3246024,3.5576522e-06
963,1.3246015,3.5632402e-06
963,1.3246006,3.5651028e-06
963,1.3245997,3.5688281e-06
964,1.3245988,3.5706908e-06
964,1.3245979,3.574416e-06
964,1.324597,3.5781413e-06
964,1.3245962,3.580004e-06
964,1.3245953,3.5837293e-06
964,1.3245944,3.5855919e-06
964,1.3245935,3.5893172e-06
964,1.3245926,3.5911798e-06
964,1.3245917,3.5949051e-06
964,1.3245908,3.5967678e-06
964,1.3245899,3.6004931e-06
965,1.324589,3.6023557e-06
965,1.3245881,3.6042184e-06
965,1.3245872,3.606081e-06
965,1.3245863,3.6098063e-06
965,1.3245854,3.6116689e-06
965,1.3245845,3.6153942e-06
965,1.3245836,3.6172569e-06
965,1.3245827,3.6191195e-06
965,1.3245818,3.6228448e-06
965,1.3245809,3.6247075e-06
965,1.32458,3.6284328e-06
965,1.3245791,3.6302954e-06
966,1.3245782,3.632158e-06
966,1.3245773,3.6358833e-06
966,1.3245765,3.637746e-06
966,1.3245756,3.6396086e-06
966,1.3245747,3.6414713e-06
966,1.3245738,3.6433339e-06
966,1.3245729,3.6470592e-06
966,1.324572,3.6489218e-06
966,1.3245711,3.6526471e-06
966,1.3245702,3.6545098e-06
966,1.3245693,3.6563724e-06
967,1.3245684,3.6582351e-06
967,1.3245675,3.6600977e-06
967,1.3245665,3.6619604e-06
967,1.3245656,3.663823e-06
967,1.3245647,3.6656857e-06
967,1.3245638,3.6675483e-06
967,1.3245629,3.6694109e-06
967,1.324562,3.6712736e-06
967,1.3245611,3.6731362e-06
967,1.3245602,3.6749989e-06
967,1.3245593,3.6749989e-06
968,1.3245584,3.6768615e-06
968,1.3245575,3.6787242e-06
968,1.3245566,3.6787242e-06
968,1.3245557,3.6805868e-06
968,1.3245548,3.6824495e-06
968,1.3245539,3.6824495e-06
968,1.324553,3.6843121e-06
968,1.3245521,3.6861748e-06
968,1.3245512,3.6861748e-06
968,1.3245503,3.6880374e-06
968,1.3245494,3.6899e-06
969,1.3245484,3.6899e-06
969,1.3245475,3.6917627e-06
969,1.3245466,3.6936253e-06
969,1.3245457,3.6936253e-06
969,1.3245448,3.695488e-06
969,1.3245439,3.6973506e-06
969,1.324543,3.6992133e-06
969,1.3245421,3.7010759e-06
969,1.3245412,3.7010759e-06
969,1.3245403,3.7029386e-06
969,1.3245393,3.7048012e-06
970,1.3245384,3.7066638e-06
970,1.3245375,3.7085265e-06
970,1.3245366,3.7085265e-06
970,1.3245357,3.7103891e-06
970,1.3245348,3.7122518e-06
970,1.3245339,3.7122518e-06
970,1.324533,3.7141144e-06
970,1.324532,3.7159771e-06
970,1.3245311,3.7178397e-06
970,1.3245302,3.7197024e-06
970,1.3245293,3.721565e-06
971,1.3245284,3.721565e-06
971,1.3245275,3.7234277e-06
971,1.3245266,3.7252903e-06
971,1.3245256,3.7271529e-06
971,1.3245247,3.7271529e-06
971,1.3245238,3.7290156e-06
971,1.3245229,3.7308782e-06
971,1.324522,3.7327409e-06
971,1.3245211,3.7327409e-06
971,1.3245201,3.7346035e-06
971,1.3245192,3.7364662e-06
972,1.3245183,3.7383288e-06
972,1.3245174,3.7401915e-06
972,1.3245165,3.7401915e-06
972,1.3245155,3.7420541e-06
972,1.3245146,3.7439167e-06
972,1.3245137,3.7457794e-06
972,1.3245128,3.7457794e-06
972,1.3245119,3.747642e-06
972,1.3245109,3.7495047e-06
972,1.32451,3.7513673e-06
972,1.3245091,3.7513673e-06
973,1.3245082,3.75323e-06
973,1.3245073,3.75323e-06
973,1.3245063,3.7550926e-06
973,1.3245054,3.7569553e-06
973,1.3245045,3.7569553e-06
973,1.3245036,3.7588179e-06
973,1.3245027,3.7588179e-06
973,1.3245017,3.7606806e-06
973,1.3245008,3.7606806e-06
973,1.3244999,3.7625432e-06
973,1.324499,3.7625432e-06
974,1.324498,3.7644058e-06
974,1.3244971,3.7644058e-06
974,1.3244962,3.7662685e-06
974,1.3244953,3.7662685e-06
974,1.3244943,3.7681311e-06
974,1.3244934,3.7681311e-06
974,1.3244925,3.7681311e-06
974,1.3244916,3.7699938e-06
974,1.3244906,3.7699938e-06
974,1.3244897,3.7699938e-06
974,1.3244888,3.7718564e-06
975,1.3244878,3.7718564e-06
975,1.3244869,3.7718564e-06
975,1.324486,3.7737191e-06
975,1.3244851,3.7737191e-06
975,1.3244841,3.7737191e-06
975,1.3244832,3.7755817e-06
975,1.3244823,3.7755817e-06
975,1.3244813,3.7755817e-06
975,1.3244804,3.7755817e-06
975,1.3244795,3.7774444e-06
975,1.3244786,3.7774444e-06
976,1.3244776,3.7774444e-06
976,1.3244767,3.7774444e-06
976,1.3244758,3.7774444e-06
976,1.3244748,3.779307e-06
976,1.3244739,3.779307e-06
976,1.324473,3.779307e-06
976,1.324472,3.779307e-06
976,1.3244711,3.779307e-06
976,1.3244702,3.779307e-06
976,1.3244692,3.779307e-06
977,1.3244683,3.779307e-06
977,1.3244674,3.779307e-06
977,1.3244664,3.779307e-06
977,1.3244655,3.779307e-06
977,1.3244646,3.7811697e-06
977,1.3244636,3.7811697e-06
977,1.3244627,3.7811697e-06
977,1.3244618,3.7811697e-06
977,1.3244608,3.779307e-06
977,1.3244599,3.779307e-06
977,1.3244589,3.779307e-06
978,1.324458,3.779307e-06
978,1.3244571,3.779307e-06
978,1.3244561,3.779307e-06
978,1.3244552,3.779307e-06
978,1.3244543,3.779307e-06
978,1.3244533,3.779307e-06
978,1.3244524,3.779307e-06
978,1.3244514,3.7774444e-06
978,1.3244505,3.7774444e-06
978,1.3244496,3.7774444e-06
978,1.3244486,3.7755817e-06
979,1.3244477,3.7755817e-06
979,1.3244467,3.7737191e-06
979,1.3244458,3.7737191e-06
979,1.3244449,3.7718564e-06
979,1.3244439,3.7718564e-06
979,1.324443,3.7699938e-06
979,1.324442,3.7699938e-06
979,1.3244411,3.7681311e-06
979,1.3244401,3.7681311e-06
979,1.3244392,3.7662685e-06
979,1.3244383,3.7644058e-06
980,1.3244373,3.7644058e-06
980,1.3244364,3.7625432e-06
980,1.3244354,3.7606806e-06
980,1.3244345,3.7606806e-06
980,1.3244335,3.7588179e-06
980,1.3244326,3.7569553e-06
980,1.3244316,3.7569553e-06
980,1.3244307,3.7550926e-06
980,1.3244297,3.7550926e-06
980,1.3244288,3.75323e-06
980,1.3244278,3.75323e-06
981,1.3244269,3.7513673e-06
981,1.3244259,3.7513673e-06
981,1.324425,3.7495047e-06
981,1.3244241,3.7495047e-06
981,1.3244231,3.747642e-06
981,1.3244222,3.747642e-06
981,1.3244212,3.7457794e-06
981,1.3244203,3.7457794e-06
981,1.3244193,3.7439167e-06
981,1.3244184,3.7439167e-06
982,1.3244174,3.7420541e-06
982,1.3244164,3.7420541e-06
982,1.3244155,3.7401915e-06
982,1.3244145,3.7401915e-06
982,1.3244136,3.7383288e-06
982,1.3244126,3.7364662e-06
982,1.3244117,3.7364662e-06
982,1.3244107,3.7346035e-06
982,1.3244098,3.7327409e-06
982,1.3244088,3.7308782e-06
982,1.3244079,3.7308782e-06
983,1.3244069,3.7290156e-06
983,1.324406,3.7271529e-06
983,1.324405,3.7271529e-06
983,1.3244041,3.7252903e-06
983,1.3244031,3.7234277e-06
983,1.3244021,3.721565e-06
983,1.3244012,3.7197024e-06
983,1.3244002,3.7197024e-06
983,1.3243993,3.7178397e-06
983,1.3243983,3.7159771e-06
983,1.3243974,3.7141144e-06
984,1.3243964,3.7122518e-06
984,1.3243954,3.7103891e-06
984,1.3243945,3.7085265e-06
984,1.3243935,3.7085265e-06
984,1.3243926,3.7066638e-06
984,1.3243916,3.7048012e-06
984,1.3243906,3.7029386e-06
984,1.3243897,3.7010759e-06
984,1.3243887,3.6992133e-06
984,1.3243878,3.6973506e-06
984,1.3243868,3.695488e-06
985,1.3243858,3.6936253e-06
985,1.3243849,3.6917627e-06
985,1.3243839,3.6899e-06
985,1.324383,3.6880374e-06
985,1.324382,3.6861748e-06
985,1.324381,3.6843121e-06
985,1.3243801,3.6805868e-06
985,1.3243791,3.6787242e-06
985,1.3243781,3.6768615e-06
985,1.3243772,3.6749989e-06
986,1.3243762,3.6731362e-06
986,1.3243752,3.6712736e-06
986,1.3243743,3.6694109e-06
986,1.3243733,3.6656857e-06
986,1.3243723,3.663823e-06
986,1.3243714,3.6619604e-06
986,1.3243704,3.6600977e-06
986,1.3243694,3.6582351e-06
986,1.3243685,3.6545098e-06
986,1.3243675,3.6526471e-06
986,1.3243665,3.6507845e-06
987,1.3243656,3.6489218e-06
987,1.3243646,3.6470592e-06
987,1.3243636,3.6433339e-06
987,1.3243627,3.6414713e-06
987,1.3243617,3.637746e-06
987,1.3243607,3.6358833e-06
987,1.3243598,3.6340207e-06
987,1.3243588,3.6302954e-06
987,1.3243578,3.6284328e-06
987,1.3243568,3.6247075e-06
987,1.3243559,3.6228448e-06
988,1.3243549,3.6209822e-06
988,1.3243539,3.6172569e-06
988,1.3243529,3.6153942e-06
988,1.324352,3.6135316e-06
988,1.324351,3.6116689e-06
988,1.32435,3.6079437e-06
988,1.3243491,3.606081e-06
988,1.3243481,3.6042184e-06
988,1.3243471,3.6004931e-06
988,1.3243461,3.5986304e-06
989,1.3243452,3.5967678e-06
989,1.3243442,3.5949051e-06
989,1.3243432,3.5911798e-06
989,1.3243422,3.5893172e-06
989,1.3243412,3.5874546e-06
989,1.3243403,3.5837293e-06
989,1.3243393,3.5818666e-06
989,1.3243383,3.580004e-06
989,1.3243373,3.5762787e-06
989,1.3243364,3.574416e-06
989,1.3243354,3.5725534e-06
990,1.3243344,3.5706908e-06
990,1.3243334,3.5669655e-06
990,1.3243324,3.5651028e-06
990,1.3243315,3.5613775e-06
990,1.3243305,3.5576522e-06
990,1.3243295,3.5557896e-06
990,1.3243285,3.5520643e-06
990,1.3243275,3.548339e-06
990,1.3243266,3.5464764e-06
990,1.3243256,3.5427511e-06
991,1.3243246,3.5390258e-06
991,1.3243236,3.5353005e-06
991,1.3243226,3.5315752e-06
991,1.3243216,3.5297126e-06
991,1.3243207,3.5259873e-06
991,1.3243197,3.522262e-06
991,1.3243187,3.5185367e-06
991,1.3243177,3.5148114e-06
991,1.3243167,3.5092235e-06
991,1.3243157,3.5073608e-06
991,1.3243147,3.5036355e-06
992,1.3243138,3.4999102e-06
992,1.3243128,3.4961849e-06
992,1.3243118,3.4924597e-06
992,1.3243108,3.490597e-06
992,1.3243098,3.4887344e-06
992,1.3243088,3.4850091e-06
992,1.3243078,3.4831464e-06
992,1.3243068,3.4794211e-06
992,1.3243058,3.4775585e-06
992,1.3243049,3.4756958e-06
993,1.3243039,3.4719706e-06
993,1.3243029,3.4701079e-06
993,1.3243019,3.4682453e-06
993,1.3243009,3.4663826e-06
993,1.3242999,3.46452e-06
993,1.3242989,3.4607947e-06
993,1.3242979,3.458932e-06
993,1.3242969,3.4570694e-06
993,1.3242959,3.4552068e-06
993,1.3242949,3.4533441e-06
993,1.3242939,3.4514815e-06
994,1.324293,3.4496188e-06
994,1.324292,3.4458935e-06
994,1.324291,3.4440309e-06
994,1.32429,3.4403056e-06
994,1.324289,3.4365803e-06
994,1.324288,3.4347177e-06
994,1.324287,3.4291297e-06
994,1.324286,3.4272671e-06
994,1.324285,3.4235418e-06
994,1.324284,3.4198165e-06
995,1.324283,3.4179538e-06
995,1.324282,3.4142286e-06
995,1.324281,3.4105033e-06
995,1.32428,3.406778e-06
995,1.324279,3.4030527e-06
995,1.324278,3.3993274e-06
995,1.324277,3.3956021e-06
995,1.324276,3.3937395e-06
995,1.324275,3.3881515e-06
995,1.324274,3.3844262e-06
995,1.324273,3.3807009e-06
996,1.324272,3.3769757e-06
996,1.324271,3.375113e-06
996,1.32427,3.3695251e-06
996,1.324269,3.3676624e-06
996,1.324268,3.3639371e-06
996,1.324267,3.3602118e-06
996,1.324266,3.3583492e-06
996,1.324265,3.3546239e-06
996,1.324264,3.3508986e-06
996,1.324263,3.3471733e-06
997,1.324262,3.343448e-06
997,1.324261,3.3397228e-06
997,1.32426,3.3378601e-06
997,1.324259,3.3341348e-06
997,1.324258,3.3304095e-06
997,1.324257,3.3266842e-06
997,1.324256,3.3229589e-06
997,1.324255,3.3210963e-06
997,1.3242539,3.317371e-06
997,1.3242529,3.3136457e-06
997,1.3242519,3.3099204e-06
998,1.3242509,3.3061951e-06
998,1.3242499,3.3043325e-06
998,1.3242489,3.3006072e-06
998,1.3242479,3.2968819e-06
998,1.3242469,3.2931566e-06
998,1.3242459,3.2894313e-06
998,1.3242449,3.2875687e-06
998,1.3242439,3.2838434e-06
998,1.3242428,3.2801181e-06
998,1.3242418,3.2763928e-06
999,1.3242408,3.2726675e-06
999,1.3242398,3.2689422e-06
999,1.3242388,3.2652169e-06
999,1.3242378,3.2633543e-06
999,1.3242368,3.259629e-06
999,1.3242358,3.2559037e-06
999,1.3242347,3.2521784e-06
999,1.3242337,3.2484531e-06
999,1.3242327,3.2465905e-06
999,1.3242317,3.2428652e-06
999,1.3242307,3.2391399e-06
1000,1.3242297,3.2354146e-06
1000,1.3242287,3.2316893e-06
1000,1.3242276,3.227964e-06
1000,1.3242266,3.2261014e-06
1000,1.3242256,3.2205135e-06
1000,1.3242246,3.2167882e-06
1000,1.3242236,3.2130629e-06
1000,1.3242226,3.2093376e-06
1000,1.3242215,3.2056123e-06
1000,1.3242205,3.201887e-06
1001,1.3242195,3.1981617e-06
1001,1.3242185,3.1944364e-06
1001,1.3242175,3.1907111e-06
1001,1.3242164,3.1851232e-06
1001,1.3242154,3.1832606e-06
1001,1.3242144,3.1795353e-06
1001,1.3242134,3.1739473e-06
1001,1.3242124,3.170222e-06
1001,1.3242113,3.1664968e-06
1001,1.3242103,3.1627715e-06
1002,1.3242093,3.1590462e-06
1002,1.3242083,3.1553209e-06
1002,1.3242072,3.1515956e-06
1002,1.3242062,3.1478703e-06
1002,1.3242052,3.144145e-06
1002,1.3242042,3.1404197e-06
1002,1.3242032,3.1366944e-06
1002,1.3242021,3.1348318e-06
1002,1.3242011,3.1292439e-06
1002,1.3242001,3.1273812e-06
1002,1.324199,3.1236559e-06
1003,1.324198,3.1199306e-06
1003,1.324197,3.118068e-06
1003,1.324196,3.11248e-06
1003,1.3241949,3.1106174e-06
1003,1.3241939,3.1068921e-06
1003,1.3241929,3.1031668e-06
1003,1.3241919,3.1013042e-06
1003,1.3241908,3.0975789e-06
1003,1.3241898,3.0938536e-06
1003,1.3241888,3.0901283e-06
1004,1.3241877,3.0882657e-06
1004,1.3241867,3.0845404e-06
1004,1.3241857,3.0808151e-06
1004,1.3241847,3.0770898e-06
1004,1.3241836,3.0715019e-06
1004,1.3241826,3.0696392e-06
1004,1.3241816,3.0640513e-06
1004,1.3241805,3.0621886e-06
1004,1.3241795,3.0584633e-06
1004,1.3241785,3.0528754e-06
1005,1.3241774,3.0510128e-06
1005,1.3241764,3.0454248e-06
1005,1.3241754,3.0416995e-06
1005,1.3241743,3.0398369e-06
1005,1.3241733,3.0342489e-06
1005,1.3241723,3.0305237e-06
1005,1.3241712,3.0267984e-06
1005,1.3241702,3.0230731e-06
1005,1.3241692,3.0193478e-06
1005,1.3241681,3.0137599e-06
1006,1.3241671,3.0100346e-06
1006,1.324166,3.0063093e-06
1006,1.324165,3.002584e-06
1006,1.324164,2.996996e-06
1006,1.3241629,2.9932708e-06
1006,1.3241619,2.9895455e-06
1006,1.3241608,2.9839575e-06
1006,1.3241598,2.9820949e-06
1006,1.3241588,2.9765069e-06
1006,1.3241577,2.9727817e-06
1006,1.3241567,2.9690564e-06
1007,1.3241557,2.9634684e-06
1007,1.3241546,2.9597431e-06
1007,1.3241536,2.9541552e-06
1007,1.3241525,2.9504299e-06
1007,1.3241515,2.9467046e-06
1007,1.3241504,2.9411167e-06
1007,1.3241494,2.9373914e-06
1007,1.3241484,2.9318035e-06
1007,1.3241473,2.9280782e-06
1007,1.3241463,2.9243529e-06
1008,1.3241452,2.9187649e-06
1008,1.3241442,2.9150397e-06
1008,1.3241431,2.9094517e-06
1008,1.3241421,2.9057264e-06
1008,1.324141,2.9020011e-06
1008,1.32414,2.8982759e-06
1008,1.3241389,2.8945506e-06
1008,1.3241379,2.8889626e-06
1008,1.3241369,2.8852373e-06
1008,1.3241358,2.8796494e-06
1009,1.3241348,2.8759241e-06
1009,1.3241337,2.8721988e-06
1009,1.3241327,2.8666109e-06
1009,1.3241316,2.8628856e-06
1009,1.3241306,2.8572977e-06
1009,1.3241295,2.8535724e-06
1009,1.3241285,2.8498471e-06
1009,1.3241274,2.8461218e-06
1009,1.3241264,2.8423965e-06
1009,1.3241253,2.8368086e-06
1010,1.3241243,2.8330833e-06
1010,1.3241232,2.8274953e-06
1010,1.3241221,2.82377e-06
1010,1.3241211,2.8200448e-06
1010,1.32412,2.8144568e-06
1010,1.324119,2.8107315e-06
1010,1.3241179,2.8051436e-06
1010,1.3241169,2.8014183e-06
1010,1.3241158,2.797693e-06
1010,1.3241148,2.7939677e-06
1011,1.3241137,2.7902424e-06
1011,1.3241127,2.7846545e-06
1011,1.3241116,2.7809292e-06
1011,1.3241105,2.7772039e-06
1011,1.3241095,2.771616e-06
1011,1.3241084,2.7678907e-06
1011,1.3241074,2.7623028e-06
1011,1.3241063,2.7585775e-06
1011,1.3241052,2.7529895e-06
1011,1.3241042,2.7492642e-06
1011,1.3241031,2.7455389e-06
1012,1.3241021,2.739951e-06
1012,1.324101,2.7380884e-06
1012,1.3240999,2.7325004e-06
1012,1.3240989,2.7287751e-06
1012,1.3240978,2.7250499e-06
1012,1.3240968,2.7213246e-06
1012,1.3240957,2.7175993e-06
1012,1.3240946,2.7120113e-06
1012,1.3240936,2.708286e-06
1012,1.3240925,2.7064234e-06
1013,1.3240914,2.7008355e-06
1013,1.3240904,2.6971102e-06
1013,1.3240893,2.6933849e-06
1013,1.3240883,2.6896596e-06
1013,1.3240872,2.6859343e-06
1013,1.3240861,2.682209e-06
1013,1.3240851,2.6784837e-06
1013,1.324084,2.6747584e-06
1013,1.3240829,2.6710331e-06
1013,1.3240819,2.6673079e-06
1014,1.3240808,2.6635826e-06
1014,1.3240797,2.6598573e-06
1014,1.3240787,2.656132e-06
1014,1.3240776,2.6524067e-06
1014,1.3240765,2.6486814e-06
1014,1.3240754,2.6449561e-06
1014,1.3240744,2.6412308e-06
1014,1.3240733,2.6375055e-06
1014,1.3240722,2.6337802e-06
1014,1.3240712,2.6281923e-06
1015,1.3240701,2.6263297e-06
1015,1.324069,2.6226044e-06
1015,1.324068,2.6170164e-06
1015,1.3240669,2.6151538e-06
1015,1.3240658,2.6095659e-06
1015,1.3240647,2.6058406e-06
1015,1.3240637,2.6021153e-06
1015,1.3240626,2.59839e-06
1015,1.3240615,2.5946647e-06
1015,1.3240604,2.5909394e-06
1016,1.3240594,2.5872141e-06
1016,1.3240583,2.5816262e-06
1016,1.3240572,2.5797635e-06
1016,1.3240561,2.5760382e-06
1016,1.3240551,2.5704503e-06
1016,1.324054,2.5685877e-06
1016,1.3240529,2.5629997e-06
1016,1.3240518,2.5592744e-06
1016,1.3240508,2.5574118e-06
1016,1.3240497,2.5518239e-06
1017,1.3240486,2.5480986e-06
1017,1.3240475,2.5443733e-06
1017,1.3240464,2.540648e-06
1017,1.3240454,2.53506e-06
1017,1.3240443,2.5331974e-06
1017,1.3240432,2.5294721e-06
1017,1.3240421,2.5238842e-06
1017,1.324041,2.5220215e-06
1017,1.32404,2.5164336e-06
1017,1.3240389,2.5127083e-06
1018,1.3240378,2.5108457e-06
1018,1.3240367,2.5052577e-06
1018,1.3240356,2.5015324e-06
1018,1.3240346,2.4978071e-06
1018,1.3240335,2.4940819e-06
1018,1.3240324,2.4903566e-06
1018,1.3240313,2.4847686e-06
1018,1.3240302,2.4810433e-06
1018,1.3240291,2.4754554e-06
1018,1.3240281,2.4717301e-06
1019,1.324027,2.4680048e-06
1019,1.3240259,2.4624169e-06
1019,1.3240248,2.456829e-06
1019,1.3240237,2.451241e-06
1019,1.3240226,2.4475157e-06
1019,1.3240215,2.4419278e-06
1019,1.3240204,2.4382025e-06
1019,1.3240194,2.4326146e-06
1019,1.3240183,2.4270266e-06
1019,1.3240172,2.4233013e-06
1020,1.3240161,2.4158508e-06
1020,1.324015,2.4121255e-06
1020,1.3240139,2.4084002e-06
1020,1.3240128,2.4009496e-06
1020,1.3240117,2.3972243e-06
1020,1.3240106,2.3916364e-06
1020,1.3240095,2.3879111e-06
1020,1.3240084,2.3841858e-06
1020,1.3240074,2.3785979e-06
1020,1.3240063,2.3748726e-06
1021,1.3240052,2.3692846e-06
1021,1.3240041,2.3655593e-06
1021,1.324003,2.3599714e-06
1021,1.3240019,2.3562461e-06
1021,1.3240008,2.3525208e-06
1021,1.3239997,2.3469329e-06
1021,1.3239986,2.3432076e-06
1021,1.3239975,2.3394823e-06
1021,1.3239964,2.335757e-06
1021,1.3239953,2.3320317e-06
1022,1.3239942,2.3264438e-06
1022,1.3239931,2.3227185e-06
1022,1.323992,2.3171306e-06
1022,1.3239909,2.3134053e-06
1022,1.3239898,2.3115426e-06
1022,1.3239887,2.3059547e-06
1022,1.3239876,2.3022294e-06
1022,1.3239865,2.2966415e-06
1022,1.3239854,2.2929162e-06
1022,1.3239843,2.2891909e-06
1023,1.3239832,2.283603e-06
1023,1.3239821,2.2798777e-06
1023,1.323981,2.2742897e-06
1023,1.3239799,2.2705644e-06
1023,1.3239788,2.2649765e-06
1023,1.3239777,2.2631139e-06
1023,1.3239766,2.2593886e-06
1023,1.3239755,2.2538006e-06
1023,1.3239744,2.2500753e-06
1023,1.3239733,2.2444874e-06
1024,1.3239722,2.2407621e-06
1024,1.3239711,2.2370368e-06
1024,1.32397,2.2314489e-06
1024,1.3239689,2.2277236e-06
1024,1.3239677,2.2221357e-06
1024,1.3239666,2.2184104e-06
1024,1.3239655,2.2146851e-06
1024,1.3239644,2.2109598e-06
1024,1.3239633,2.2072345e-06
1024,1.3239622,2.2016466e-06
1025,1.3239611,2.1997839e-06
1025,1.32396,2.194196e-06
1025,1.3239589,2.1904707e-06
1025,1.3239578,2.1867454e-06
1025,1.3239567,2.1830201e-06
1025,1.3239555,2.1792948e-06
1025,1.3239544,2.1737069e-06
1025,1.3239533,2.1718442e-06
1025,1.3239522,2.168119e-06
1026,1.3239511,2.1643937e-06
1026,1.32395,2.1606684e-06
1026,1.3239489,2.1550804e-06
1026,1.3239477,2.1532178e-06
1026,1.3239466,2.1494925e-06
1026,1.3239455,2.1457672e-06
1026,1.3239444,2.1420419e-06
1026,1.3239433,2.1383166e-06
1026,1.3239422,2.1345913e-06
1026,1.3239411,2.1290034e-06
1027,1.3239399,2.1252781e-06
1027,1.3239388,2.1215528e-06
1027,1.3239377,2.1159649e-06
1027,1.3239366,2.1122396e-06
1027,1.3239355,2.1085143e-06
1027,1.3239344,2.104789e-06
1027,1.3239332,2.1010637e-06
1027,1.3239321,2.0954758e-06
1027,1.323931,2.0917505e-06
1027,1.3239299,2.0861626e-06
1028,1.3239288,2.0824373e-06
1028,1.3239276,2.078712e-06
1028,1.3239265,2.0731241e-06
1028,1.3239254,2.0693988e-06
1028,1.3239243,2.0638108e-06
1028,1.3239231,2.0600855e-06
1028,1.323922,2.0563602e-06
1028,1.3239209,2.0507723e-06
1028,1.3239198,2.047047e-06
1028,1.3239186,2.0414591e-06
1029,1.3239175,2.0377338e-06
1029,1.3239164,2.0321459e-06
1029,1.3239153,2.0284206e-06
1029,1.3239141,2.0265579e-06
1029,1.323913,2.02097e-06
1029,1.3239119,2.0172447e-06
1029,1.3239108,2.0116568e-06
1029,1.3239096,2.0079315e-06
1029,1.3239085,2.0042062e-06
1029,1.3239074,1.9986182e-06
1030,1.3239063,1.994893e-06
1030,1.3239051,1.989305e-06
1030,1.323904,1.9855797e-06
1030,1.3239029,1.9818544e-06
1030,1.3239017,1.9762665e-06
1030,1.3239006,1.9725412e-06
1030,1.3238995,1.9688159e-06
1030,1.3238983,1.9650906e-06
1030,1.3238972,1.9595027e-06
1031,1.3238961,1.9557774e-06
1031,1.3238949,1.9520521e-06
1031,1.3238938,1.9483268e-06
1031,1.3238927,1.9446015e-06
1031,1.3238915,1.9408762e-06
1031,1.3238904,1.937151e-06
1031,1.3238893,1.9352883e-06
1031,1.3238881,1.9297004e-06
1031,1.323887,1.9278377e-06
1031,1.3238859,1.9222498e-06
1032,1.3238847,1.9203871e-06
1032,1.3238836,1.9166619e-06
1032,1.3238824,1.9129366e-06
1032,1.3238813,1.9110739e-06
1032,1.3238802,1.9073486e-06
1032,1.323879,1.9036233e-06
1032,1.3238779,1.8998981e-06
1032,1.3238767,1.8980354e-06
1032,1.3238756,1.8961728e-06
1032,1.3238745,1.8924475e-06
1033,1.3238733,1.8887222e-06
1033,1.3238722,1.8849969e-06
1033,1.323871,1.8812716e-06
1033,1.3238699,1.879409e-06
1033,1.3238688,1.873821e-06
1033,1.3238676,1.8700957e-06
1033,1.3238665,1.8663704e-06
1033,1.3238653,1.8626451e-06
1033,1.3238642,1.8589199e-06
1033,1.323863,1.8551946e-06
1034,1.3238619,1.8514693e-06
1034,1.3238608,1.847744e-06
1034,1.3238596,1.8440187e-06
1034,1.3238585,1.8402934e-06
1034,1.3238573,1.8365681e-06
1034,1.3238562,1.8328428e-06
1034,1.323855,1.8272549e-06
1034,1.3238539,1.8235296e-06
1034,1.3238527,1.8198043e-06
1035,1.3238516,1.816079e-06
1035,1.3238504,1.8123537e-06
1035,1.3238493,1.8067658e-06
1035,1.3238481,1.8049031e-06
1035,1.323847,1.7993152e-06
1035,1.3238458,1.7974526e-06
1035,1.3238447,1.7937273e-06
1035,1.3238435,1.790002e-06
1035,1.3238424,1.7862767e-06
1035,1.3238412,1.7825514e-06
1036,1.3238401,1.7806888e-06
1036,1.3238389,1.7769635e-06
1036,1.3238378,1.7732382e-06
1036,1.3238366,1.7695129e-06
1036,1.3238355,1.7657876e-06
1036,1.3238343,1.763925e-06
1036,1.3238332,1.758337e-06
1036,1.323832,1.7564744e-06
1036,1.3238308,1.7527491e-06
1036,1.3238297,1.7490238e-06
1037,1.3238285,1.7471611e-06
1037,1.3238274,1.7434359e-06
1037,1.3238262,1.7397106e-06
1037,1.3238251,1.7378479e-06
1037,1.3238239,1.7341226e-06
1037,1.3238227,1.7303973e-06
1037,1.3238216,1.7266721e-06
1037,1.3238204,1.7229468e-06
1037,1.3238193,1.7210841e-06
1038,1.3238181,1.7173588e-06
1038,1.3238169,1.7136335e-06
1038,1.3238158,1.7099082e-06
1038,1.3238146,1.706183e-06
1038,1.3238135,1.7043203e-06
1038,1.3238123,1.700595e-06
1038,1.3238111,1.6968697e-06
1038,1.32381,1.6931444e-06
1038,1.3238088,1.6894192e-06
1038,1.3238076,1.6856939e-06
1039,1.3238065,1.6838312e-06
1039,1.3238053,1.6801059e-06
1039,1.3238041,1.6763806e-06
1039,1.323803,1.6726553e-06
1039,1.3238018,1.6689301e-06
1039,1.3238006,1.6670674e-06
1039,1.3237995,1.6633421e-06
1039,1.3237983,1.6596168e-06
1039,1.3237971,1.6577542e-06
1040,1.323796,1.6540289e-06
1040,1.3237948,1.6521662e-06
1040,1.3237936,1.648441e-06
1040,1.3237925,1.6447157e-06
1040,1.3237913,1.642853e-06
1040,1.3237901,1.6391277e-06
1040,1.323789,1.6372651e-06
1040,1.3237878,1.6335398e-06
1040,1.3237866,1.6298145e-06
1040,1.3237854,1.6279519e-06
1041,1.3237843,1.6242266e-06
1041,1.3237831,1.6223639e-06
1041,1.3237819,1.6186386e-06
1041,1.3237807,1.616776e-06
1041,1.3237796,1.6149133e-06
1041,1.3237784,1.6111881e-06
1041,1.3237772,1.6093254e-06
1041,1.323776,1.6056001e-06
1041,1.3237749,1.6037375e-06
1041,1.3237737,1.6000122e-06
1042,1.3237725,1.5962869e-06
1042,1.3237713,1.5944242e-06
1042,1.3237702,1.590699e-06
1042,1.323769,1.5888363e-06
1042,1.3237678,1.585111e-06
1042,1.3237666,1.5832484e-06
1042,1.3237655,1.5795231e-06
1042,1.3237643,1.5757978e-06
1042,1.3237631,1.5739352e-06
1043,1.3237619,1.5702099e-06
1043,1.3237607,1.5683472e-06
1043,1.3237596,1.5664846e-06
1043,1.3237584,1.5627593e-06
1043,1.3237572,1.559034e-06
1043,1.323756,1.5571713e-06
1043,1.3237548,1.5534461e-06
1043,1.3237536,1.5515834e-06
1043,1.3237525,1.5478581e-06
1043,1.3237513,1.5459955e-06
1044,1.3237501,1.5422702e-06
1044,1.3237489,1.5404075e-06
1044,1.3237477,1.5366822e-06
1044,1.3237465,1.532957e-06
1044,1.3237453,1.5310943e-06
1044,1.3237442,1.527369e-06
1044,1.323743,1.5255064e-06
1044,1.3237418,1.5217811e-06
1044,1.3237406,1.5199184e-06
1045,1.3237394,1.5161932e-06
1045,1.3237382,1.5124679e-06
1045,1.323737,1.5106052e-06
1045,1.3237358,1.5068799e-06
1045,1.3237347,1.5050173e-06
1045,1.3237335,1.5031546e-06
1045,1.3237323,1.4994293e-06
1045,1.3237311,1.4957041e-06
1045,1.3237299,1.4919788e-06
1045,1.3237287,1.4901161e-06
1046,1.3237275,1.4882535e-06
1046,1.3237263,1.4845282e-06
1046,1.3237251,1.4826655e-06
1046,1.3237239,1.4789402e-06
1046,1.3237227,1.475215e-06
1046,1.3237215,1.4714897e-06
1046,1.3237203,1.469627e-06
1046,1.3237191,1.4677644e-06
1046,1.3237179,1.4640391e-06
1047,1.3237168,1.4621764e-06
1047,1.3237156,1.4584512e-06
1047,1.3237144,1.4547259e-06
1047,1.3237132,1.4528632e-06
1047,1.323712,1.4491379e-06
1047,1.3237108,1.4472753e-06
1047,1.3237096,1.44355e-06
1047,1.3237084,1.4416873e-06
1047,1.3237072,1.4379621e-06
1047,1.323706,1.4342368e-06
1048,1.3237048,1.4323741e-06
1048,1.3237036,1.4286488e-06
1048,1.3237024,1.4267862e-06
1048,1.3237012,1.4249235e-06
1048,1.3236999,1.4211982e-06
1048,1.3236987,1.4211982e-06
1048,1.3236975,1.417473e-06
1048,1.3236963,1.4156103e-06
1048,1.3236951,1.4137477e-06
1049,1.3236939,1.411885e-06
1049,1.3236927,1.4100224e-06
1049,1.3236915,1.4081597e-06
1049,1.3236903,1.4062971e-06
1049,1.3236891,1.4025718e-06
1049,1.3236879,1.4025718e-06
1049,1.3236867,1.4007092e-06
1049,1.3236855,1.3988465e-06
1049,1.3236843,1.3969839e-06
1050,1.3236831,1.3951212e-06
1050,1.3236819,1.3932586e-06
1050,1.3236806,1.3913959e-06
1050,1.3236794,1.3895333e-06
1050,1.3236782,1.3895333e-06
1050,1.323677,1.3876706e-06
1050,1.3236758,1.385808e-06
1050,1.3236746,1.3820827e-06
1050,1.3236734,1.3802201e-06
1050,1.3236722,1.3802201e-06
1051,1.323671,1.3764948e-06
1051,1.3236697,1.3746321e-06
1051,1.3236685,1.3727695e-06
1051,1.3236673,1.3709068e-06
1051,1.3236661,1.3690442e-06
1051,1.3236649,1.3671815e-06
1051,1.3236637,1.3653189e-06
1051,1.3236624,1.3634562e-06
1051,1.3236612,1.3615936e-06
1052,1.32366,1.359731e-06
1052,1.3236588,1.3578683e-06
1052,1.3236576,1.3560057e-06
1052,1.3236564,1.354143e-06
1052,1.3236551,1.3522804e-06
1052,1.3236539,1.3504177e-06
1052,1.3236527,1.3485551e-06
1052,1.3236515,1.3466924e-06
1052,1.3236503,1.3448298e-06
1052,1.323649,1.3429672e-06
1053,1.3236478,1.3411045e-06
1053,1.3236466,1.3392419e-06
1053,1.3236454,1.3373792e-06
1053,1.3236442,1.3355166e-06
1053,1.3236429,1.3336539e-06
1053,1.3236417,1.3299286e-06
1053,1.3236405,1.3299286e-06
1053,1.3236393,1.328066e-06
1053,1.323638,1.3243407e-06
1054,1.3236368,1.3243407e-06
1054,1.3236356,1.3206154e-06
1054,1.3236344,1.3187528e-06
1054,1.3236331,1.3187528e-06
1054,1.3236319,1.3150275e-06
1054,1.3236307,1.3131648e-06
1054,1.3236295,1.3113022e-06
1054,1.3236282,1.3094395e-06
1054,1.323627,1.3075769e-06
1055,1.3236258,1.3057142e-06
1055,1.3236245,1.3057142e-06
1055,1.3236233,1.301989e-06
1055,1.3236221,1.301989e-06
1055,1.3236208,1.3001263e-06
1055,1.3236196,1.2982637e-06
1055,1.3236184,1.296401e-06
1055,1.3236171,1.2945384e-06
1055,1.3236159,1.2945384e-06
1055,1.3236147,1.2926757e-06
1056,1.3236134,1.2908131e-06
1056,1.3236122,1.2908131e-06
1056,1.323611,1.2889504e-06
1056,1.3236097,1.2870878e-06
1056,1.3236085,1.2852252e-06
1056,1.3236073,1.2852252e-06
1056,1.323606,1.2833625e-06
1056,1.3236048,1.2814999e-06
1056,1.3236036,1.2814999e-06
1057,1.3236023,1.2796372e-06
1057,1.3236011,1.2777746e-06
1057,1.3235998,1.2759119e-06
1057,1.3235986,1.2759119e-06
1057,1.3235974,1.2740493e-06
1057,1.3235961,1.2740493e-06
1057,1.3235949,1.2721866e-06
1057,1.3235936,1.270324e-06
1057,1.3235924,1.270324e-06
1058,1.3235912,1.270324e-06
1058,1.3235899,1.2684613e-06
1058,1.3235887,1.2665987e-06
1058,1.3235874,1.2665987e-06
1058,1.3235862,1.2647361e-06
1058,1.3235849,1.2647361e-06
1058,1.3235837,1.2628734e-06
1058,1.3235825,1.2628734e-06
1058,1.3235812,1.2628734e-06
1059,1.32358,1.2610108e-06
1059,1.3235787,1.2610108e-06
1059,1.3235775,1.2591481e-06
1059,1.3235762,1.2591481e-06
1059,1.323575,1.2572855e-06
1059,1.3235737,1.2572855e-06
1059,1.3235725,1.2554228e-06
1059,1.3235712,1.2535602e-06
1059,1.32357,1.2535602e-06
1059,1.3235687,1.2516975e-06
1060,1.3235675,1.2498349e-06
1060,1.3235662,1.2479722e-06
1060,1.323565,1.2479722e-06
1060,1.3235637,1.2461096e-06
1060,1.3235625,1.244247e-06
1060,1.3235612,1.2423843e-06
1060,1.32356,1.2405217e-06
1060,1.3235587,1.2405217e-06
1060,1.3235575,1.238659e-06
1061,1.3235562,1.2367964e-06
1061,1.323555,1.2349337e-06
1061,1.3235537,1.2330711e-06
1061,1.3235525,1.2312084e-06
1061,1.3235512,1.2293458e-06
1061,1.3235499,1.2293458e-06
1061,1.3235487,1.2274832e-06
1061,1.3235474,1.2256205e-06
1061,1.3235462,1.2256205e-06
1062,1.3235449,1.2256205e-06
1062,1.3235436,1.2237579e-06
1062,1.3235424,1.2237579e-06
1062,1.3235411,1.2237579e-06
1062,1.3235399,1.2218952e-06
1062,1.3235386,1.2218952e-06
1062,1.3235373,1.2218952e-06
1062,1.3235361,1.2200326e-06
1062,1.3235348,1.2200326e-06
1063,1.3235336,1.2200326e-06
1063,1.3235323,1.2200326e-06
1063,1.323531,1.2200326e-06
1063,1.3235298,1.2200326e-06
1063,1.3235285,1.2200326e-06
1063,1.3235272,1.2200326e-06
1063,1.323526,1.2200326e-06
1063,1.3235247,1.2181699e-06
1063,1.3235234,1.2181699e-06
1064,1.3235222,1.2181699e-06
1064,1.3235209,1.2181699e-06
1064,1.3235196,1.2181699e-06
1064,1.3235184,1.2163073e-06
1064,1.3235171,1.2163073e-06
1064,1.3235158,1.2163073e-06
1064,1.3235146,1.2163073e-06
1064,1.3235133,1.2144446e-06
1064,1.323512,1.2144446e-06
1064,1.3235108,1.2144446e-06
1065,1.3235095,1.212582e-06
1065,1.3235082,1.212582e-06
1065,1.3235069,1.212582e-06
1065,1.3235057,1.212582e-06
1065,1.3235044,1.2107193e-06
1065,1.3235031,1.2107193e-06
1065,1.3235018,1.2107193e-06
1065,1.3235006,1.2107193e-06
1065,1.3234993,1.2088567e-06
1066,1.323498,1.2088567e-06
1066,1.3234967,1.2088567e-06
1066,1.3234955,1.2088567e-06
1066,1.3234942,1.2069941e-06
1066,1.3234929,1.2069941e-06
1066,1.3234916,1.2069941e-06
1066,1.3234904,1.2069941e-06
1066,1.3234891,1.2051314e-06
1066,1.3234878,1.2051314e-06
1067,1.3234865,1.2051314e-06
1067,1.3234852,1.2051314e-06
1067,1.323484,1.2032688e-06
1067,1.3234827,1.2032688e-06
1067,1.3234814,1.2032688e-06
1067,1.3234801,1.2014061e-06
1067,1.3234788,1.2014061e-06
1067,1.3234776,1.2014061e-06
1067,1.3234763,1.2014061e-06
1068,1.323475,1.1995435e-06
1068,1.3234737,1.1995435e-06
1068,1.3234724,1.1995435e-06
1068,1.3234711,1.1995435e-06
1068,1.3234698,1.1995435e-06
1068,1.3234686,1.1976808e-06
1068,1.3234673,1.1976808e-06
1068,1.323466,1.1976808e-06
1068,1.3234647,1.1976808e-06
1069,1.3234634,1.1976808e-06
1069,1.3234621,1.1976808e-06
1069,1.3234608,1.1976808e-06
1069,1.3234595,1.1976808e-06
1069,1.3234583,1.1976808e-06
1069,1.323457,1.1976808e-06
1069,1.3234557,1.1976808e-06
1069,1.3234544,1.1976808e-06
1069,1.3234531,1.1976808e-06
1070,1.3234518,1.1976808e-06
1070,1.3234505,1.1976808e-06
1070,1.3234492,1.1976808e-06
1070,1.3234479,1.1976808e-06
1070,1.3234466,1.1995435e-06
1070,1.3234453,1.1995435e-06
1070,1.323444,1.1995435e-06
1070,1.3234427,1.1995435e-06
1070,1.3234414,1.1995435e-06
1071,1.3234401,1.1995435e-06
1071,1.3234388,1.1995435e-06
1071,1.3234376,1.1995435e-06
1071,1.3234363,1.1995435e-06
1071,1.323435,1.1995435e-06
1071,1.3234337,1.1995435e-06
1071,1.3234324,1.1995435e-06
1071,1.3234311,1.1995435e-06
1071,1.3234298,1.1995435e-06
1072,1.3234285,1.1995435e-06
1072,1.3234272,1.1995435e-06
1072,1.3234259,1.1995435e-06
1072,1.3234246,1.1995435e-06
1072,1.3234232,1.1995435e-06
1072,1.3234219,1.1995435e-06
1072,1.3234206,1.1995435e-06
1072,1.3234193,1.1995435e-06
1072,1.323418,1.1995435e-06
1073,1.3234167,1.1995435e-06
1073,1.3234154,1.1995435e-06
1073,1.3234141,1.1995435e-06
1073,1.3234128,1.1995435e-06
1073,1.3234115,1.1995435e-06
1073,1.3234102,1.2014061e-06
1073,1.3234089,1.2014061e-06
1073,1.3234076,1.2014061e-06
1073,1.3234063,1.2014061e-06
1074,1.323405,1.2032688e-06
1074,1.3234036,1.2032688e-06
1074,1.3234023,1.2032688e-06
1074,1.323401,1.2032688e-06
1074,1.3233997,1.2051314e-06
1074,1.3233984,1.2051314e-06
1074,1.3233971,1.2051314e-06
1074,1.3233958,1.2069941e-06
1074,1.3233945,1.2069941e-06
1075,1.3233932,1.2069941e-06
1075,1.3233918,1.2088567e-06
1075,1.3233905,1.2088567e-06
1075,1.3233892,1.2088567e-06
1075,1.3233879,1.2107193e-06
1075,1.3233866,1.2107193e-06
1075,1.3233853,1.212582e-06
1075,1.3233839,1.212582e-06
1075,1.3233826,1.2144446e-06
1076,1.3233813,1.2144446e-06
1076,1.32338,1.2163073e-06
1076,1.3233787,1.2163073e-06
1076,1.3233773,1.2181699e-06
1076,1.323376,1.2181699e-06
1076,1.3233747,1.2200326e-06
1076,1.3233734,1.2200326e-06
1076,1.3233721,1.2218952e-06
1076,1.3233707,1.2218952e-06
1077,1.3233694,1.2237579e-06
1077,1.3233681,1.2256205e-06
1077,1.3233668,1.2256205e-06
1077,1.3233655,1.2274832e-06
1077,1.3233641,1.2274832e-06
1077,1.3233628,1.2293458e-06
1077,1.3233615,1.2293458e-06
1077,1.3233602,1.2312084e-06
1077,1.3233588,1.2312084e-06
1078,1.3233575,1.2312084e-06
1078,1.3233562,1.2330711e-06
1078,1.3233548,1.2330711e-06
1078,1.3233535,1.2330711e-06
1078,1.3233522,1.2349337e-06
1078,1.3233509,1.2349337e-06
1078,1.3233495,1.2349337e-06
1078,1.3233482,1.2349337e-06
1078,1.3233469,1.2367964e-06
1079,1.3233455,1.2367964e-06
1079,1.3233442,1.2367964e-06
1079,1.3233429,1.2367964e-06
1079,1.3233415,1.238659e-06
1079,1.3233402,1.238659e-06
1079,1.3233389,1.238659e-06
1079,1.3233375,1.238659e-06
1079,1.3233362,1.238659e-06
1079,1.3233349,1.238659e-06
1080,1.3233335,1.2405217e-06
1080,1.3233322,1.2405217e-06
1080,1.3233309,1.2423843e-06
1080,1.3233295,1.244247e-06
1080,1.3233282,1.244247e-06
1080,1.3233268,1.2461096e-06
1080,1.3233255,1.2479722e-06
1080,1.3233242,1.2479722e-06
1080,1.3233228,1.2498349e-06
1081,1.3233215,1.2516975e-06
1081,1.3233201,1.2535602e-06
1081,1.3233188,1.2554228e-06
1081,1.3233175,1.2554228e-06
1081,1.3233161,1.2572855e-06
1081,1.3233148,1.2591481e-06
1081,1.3233134,1.2610108e-06
1081,1.3233121,1.2628734e-06
1081,1.3233107,1.2647361e-06
1082,1.3233094,1.2665987e-06
1082,1.3233081,1.2684613e-06
1082,1.3233067,1.270324e-06
1082,1.3233054,1.2721866e-06
1082,1.323304,1.2740493e-06
1082,1.3233027,1.2759119e-06
1082,1.3233013,1.2777746e-06
1082,1.3233,1.2796372e-06
1083,1.3232986,1.2814999e-06
1083,1.3232973,1.2833625e-06
1083,1.3232959,1.2852252e-06
1083,1.3232946,1.2870878e-06
1083,1.3232932,1.2889504e-06
1083,1.3232919,1.2908131e-06
1083,1.3232905,1.2926757e-06
1083,1.3232892,1.2945384e-06
1083,1.3232878,1.296401e-06
1084,1.3232865,1.2982637e-06
1084,1.3232851,1.3001263e-06
1084,1.3232838,1.3038516e-06
1084,1.3232824,1.3038516e-06
1084,1.323281,1.3075769e-06
1084,1.3232797,1.3094395e-06
1084,1.3232783,1.3113022e-06
1084,1.323277,1.3131648e-06
1084,1.3232756,1.3150275e-06
1085,1.3232743,1.3168901e-06
1085,1.3232729,1.3187528e-06
1085,1.3232715,1.3206154e-06
1085,1.3232702,1.3224781e-06
1085,1.3232688,1.3243407e-06
1085,1.3232675,1.3262033e-06
1085,1.3232661,1.328066e-06
1085,1.3232647,1.3299286e-06
1085,1.3232634,1.3317913e-06
1086,1.323262,1.3336539e-06
1086,1.3232607,1.3355166e-06
1086,1.3232593,1.3373792e-06
1086,1.3232579,1.3411045e-06
1086,1.3232566,1.3411045e-06
1086,1.3232552,1.3429672e-06
1086,1.3232538,1.3466924e-06
1086,1.3232525,1.3466924e-06
1086,1.3232511,1.3504177e-06
1087,1.3232497,1.3522804e-06
1087,1.3232484,1.3522804e-06
1087,1.323247,1.3560057e-06
1087,1.3232456,1.3578683e-06
1087,1.3232443,1.359731e-06
1087,1.3232429,1.3615936e-06
1087,1.3232415,1.3634562e-06
1087,1.3232402,1.3653189e-06
1088,1.3232388,1.3671815e-06
1088,1.3232374,1.3690442e-06
1088,1.3232361,1.3709068e-06
1088,1.3232347,1.3727695e-06
1088,1.3232333,1.3746321e-06
1088,1.3232319,1.3764948e-06
1088,1.3232306,1.3783574e-06
1088,1.3232292,1.3802201e-06
1088,1.3232278,1.3820827e-06
1089,1.3232264,1.3839453e-06
1089,1.3232251,1.385808e-06
1089,1.3232237,1.3876706e-06
1089,1.3232223,1.3895333e-06
1089,1.3232209,1.3932586e-06
1089,1.3232195,1.3951212e-06
1089,1.3232182,1.3969839e-06
1089,1.3232168,1.3988465e-06
1089,1.3232154,1.4007092e-06
1090,1.323214,1.4044344e-06
1090,1.3232127,1.4062971e-06
1090,1.3232113,1.4081597e-06
1090,1.3232099,1.4100224e-06
1090,1.3232085,1.411885e-06
1090,1.3232071,1.4156103e-06
1090,1.3232057,1.417473e-06
1090,1.3232044,1.4211982e-06
1090,1.323203,1.4230609e-06
1091,1.3232016,1.4249235e-06
1091,1.3232002,1.4286488e-06
1091,1.3231988,1.4305115e-06
1091,1.3231974,1.4342368e-06
1091,1.323196,1.4360994e-06
1091,1.3231947,1.4379621e-06
1091,1.3231933,1.4416873e-06
1091,1.3231919,1.44355e-06
1092,1.3231905,1.4454126e-06
1092,1.3231891,1.4472753e-06
1092,1.3231877,1.4510006e-06
1092,1.3231863,1.4528632e-06
1092,1.3231849,1.4547259e-06
1092,1.3231835,1.4584512e-06
1092,1.3231821,1.4603138e-06
1092,1.3231808,1.4621764e-06
1092,1.3231794,1.4659017e-06
1093,1.323178,1.4677644e-06
1093,1.3231766,1.469627e-06
1093,1.3231752,1.4714897e-06
1093,1.3231738,1.475215e-06
1093,1.3231724,1.4770776e-06
1093,1.323171,1.4789402e-06
1093,1.3231696,1.4826655e-06
1093,1.3231682,1.4845282e-06
1093,1.3231668,1.4863908e-06
1094,1.3231654,1.4882535e-06
1094,1.323164,1.4919788e-06
1094,1.3231626,1.4938414e-06
1094,1.3231612,1.4975667e-06
1094,1.3231598,1.4994293e-06
1094,1.3231584,1.5031546e-06
1094,1.323157,1.5068799e-06
1094,1.3231556,1.5087426e-06
1095,1.3231542,1.5106052e-06
1095,1.3231528,1.5143305e-06
1095,1.3231514,1.5161932e-06
1095,1.32315,1.5199184e-06
1095,1.3231486,1.5217811e-06
1095,1.3231472,1.5255064e-06
1095,1.3231458,1.5292317e-06
1095,1.3231444,1.5310943e-06
1095,1.323143,1.5348196e-06
1096,1.3231415,1.5366822e-06
1096,1.3231401,1.5404075e-06
1096,1.3231387,1.5441328e-06
1096,1.3231373,1.5459955e-06
1096,1.3231359,1.5497208e-06
1096,1.3231345,1.5534461e-06
1096,1.3231331,1.5571713e-06
1096,1.3231317,1.5608966e-06
1096,1.3231303,1.5627593e-06
1097,1.3231289,1.5683472e-06
1097,1.3231274,1.5702099e-06
1097,1.323126,1.5757978e-06
1097,1.3231246,1.5795231e-06
1097,1.3231232,1.5813857e-06
1097,1.3231218,1.5869737e-06
1097,1.3231204,1.590699e-06
1097,1.323119,1.5944242e-06
1098,1.3231175,1.5981495e-06
1098,1.3231161,1.6018748e-06
1098,1.3231147,1.6056001e-06
1098,1.3231133,1.6093254e-06
1098,1.3231119,1.6149133e-06
1098,1.3231105,1.6186386e-06
1098,1.323109,1.6223639e-06
1098,1.3231076,1.6279519e-06
1098,1.3231062,1.6298145e-06
1099,1.3231048,1.6354024e-06
1099,1.3231034,1.6372651e-06
1099,1.3231019,1.6409904e-06
1099,1.3231005,1.6447157e-06
1099,1.3230991,1.6465783e-06
1099,1.3230977,1.6503036e-06
1099,1.3230962,1.6521662e-06
1099,1.3230948,1.6558915e-06
1100,1.3230934,1.6596168e-06
1100,1.323092,1.6614795e-06
1100,1.3230905,1.6652048e-06
1100,1.3230891,1.6670674e-06
1100,1.3230877,1.6707927e-06
1100,1.3230863,1.6726553e-06
1100,1.3230848,1.674518e-06
1100,1.3230834,1.6782433e-06
1100,1.323082,1.6801059e-06
1101,1.3230805,1.6838312e-06
1101,1.3230791,1.6856939e-06
1101,1.3230777,1.6894192e-06
1101,1.3230763,1.6912818e-06
1101,1.3230748,1.6931444e-06
1101,1.3230734,1.6987324e-06
1101,1.323072,1.700595e-06
1101,1.3230705,1.7043203e-06
1102,1.3230691,1.7080456e-06
1102,1.3230676,1.7099082e-06
1102,1.3230662,1.7136335e-06
1102,1.3230648,1.7173588e-06
1102,1.3230633,1.7210841e-06
1102,1.3230619,1.7248094e-06
1102,1.3230605,1.7266721e-06
1102,1.323059,1.7303973e-06
1102,1.3230576,1.7341226e-06
1103,1.3230561,1.7378479e-06
1103,1.3230547,1.7415732e-06
1103,1.3230533,1.7452985e-06
1103,1.3230518,1.7490238e-06
1103,1.3230504,1.7508864e-06
1103,1.3230489,1.7564744e-06
1103,1.3230475,1.758337e-06
1103,1.3230461,1.763925e-06
1103,1.3230446,1.7657876e-06
1104,1.3230432,1.7695129e-06
1104,1.3230417,1.7732382e-06
1104,1.3230403,1.7751008e-06
1104,1.3230388,1.7806888e-06
1104,1.3230374,1.7825514e-06
1104,1.3230359,1.7862767e-06
1104,1.3230345,1.790002e-06
1104,1.323033,1.7918646e-06
1105,1.3230316,1.7974526e-06
1105,1.3230301,1.7993152e-06
1105,1.3230287,1.8030405e-06
1105,1.3230272,1.8067658e-06
1105,1.3230258,1.8086284e-06
1105,1.3230243,1.8142164e-06
1105,1.3230229,1.816079e-06
1105,1.3230214,1.8198043e-06
1105,1.32302,1.8235296e-06
1106,1.3230185,1.8253922e-06
1106,1.3230171,1.8309802e-06
1106,1.3230156,1.8328428e-06
1106,1.3230142,1.8384308e-06
1106,1.3230127,1.8402934e-06
1106,1.3230112,1.8440187e-06
1106,1.3230098,1.8496066e-06
1106,1.3230083,1.8514693e-06
1107,1.3230069,1.8570572e-06
1107,1.3230054,1.8607825e-06
1107,1.3230039,1.8626451e-06
1107,1.3230025,1.8682331e-06
1107,1.323001,1.8719584e-06
1107,1.3229996,1.8756837e-06
1107,1.3229981,1.879409e-06
1107,1.3229966,1.8849969e-06
1108,1.3229952,1.8868595e-06
1108,1.3229937,1.8905848e-06
1108,1.3229922,1.8961728e-06
1108,1.3229908,1.8998981e-06
1108,1.3229893,1.9036233e-06
1108,1.3229879,1.9073486e-06
1108,1.3229864,1.9110739e-06
1108,1.3229849,1.9147992e-06
1108,1.3229835,1.9185245e-06
1109,1.322982,1.9241124e-06
1109,1.3229805,1.9259751e-06
1109,1.322979,1.9297004e-06
1109,1.3229776,1.9352883e-06
1109,1.3229761,1.937151e-06
1109,1.3229746,1.9427389e-06
1109,1.3229732,1.9464642e-06
1109,1.3229717,1.9483268e-06
1110,1.3229702,1.9539148e-06
1110,1.3229687,1.9576401e-06
1110,1.3229673,1.9613653e-06
1110,1.3229658,1.9650906e-06
1110,1.3229643,1.9706786e-06
1110,1.3229628,1.9725412e-06
1110,1.3229614,1.9762665e-06
1110,1.3229599,1.9818544e-06
1110,1.3229584,1.9837171e-06
1111,1.3229569,1.989305e-06
1111,1.3229555,1.9930303e-06
1111,1.322954,1.994893e-06
1111,1.3229525,2.0004809e-06
1111,1.322951,2.0042062e-06
1111,1.3229495,2.0079315e-06
1111,1.3229481,2.0116568e-06
1111,1.3229466,2.0153821e-06
1112,1.3229451,2.0191073e-06
1112,1.3229436,2.0228326e-06
1112,1.3229421,2.0265579e-06
1112,1.3229406,2.0302832e-06
1112,1.3229392,2.0358711e-06
1112,1.3229377,2.0377338e-06
1112,1.3229362,2.0414591e-06
1112,1.3229347,2.047047e-06
1112,1.3229332,2.0489097e-06
1113,1.3229317,2.0544976e-06
1113,1.3229302,2.0582229e-06
1113,1.3229287,2.0619482e-06
1113,1.3229273,2.0656735e-06
1113,1.3229258,2.0693988e-06
1113,1.3229243,2.0731241e-06
1113,1.3229228,2.0749867e-06
1113,1.3229213,2.0749867e-06
1114,1.3229198,2.078712e-06
1114,1.3229183,2.078712e-06
1114,1.3229168,2.0805746e-06
1114,1.3229153,2.0824373e-06
1114,1.3229138,2.0842999e-06
1114,1.3229123,2.0861626e-06
1114,1.3229108,2.0861626e-06
1114,1.3229093,2.0880252e-06
1115,1.3229078,2.0880252e-06
1115,1.3229063,2.0880252e-06
1115,1.3229048,2.0898879e-06
1115,1.3229033,2.0898879e-06
1115,1.3229018,2.0898879e-06
1115,1.3229003,2.0898879e-06
1115,1.3228988,2.0898879e-06
1115,1.3228973,2.0898879e-06
1115,1.3228958,2.0880252e-06
1116,1.3228943,2.0898879e-06
1116,1.3228928,2.0917505e-06
1116,1.3228913,2.0954758e-06
1116,1.3228898,2.0973384e-06
1116,1.3228883,2.1010637e-06
1116,1.3228868,2.1066517e-06
1116,1.3228853,2.1085143e-06
1116,1.3228837,2.1141022e-06
1117,1.3228822,2.1178275e-06
1117,1.3228807,2.1215528e-06
1117,1.3228792,2.1252781e-06
1117,1.3228777,2.1290034e-06
1117,1.3228762,2.1345913e-06
1117,1.3228747,2.1383166e-06
1117,1.3228731,2.1457672e-06
1117,1.3228716,2.1494925e-06
1118,1.3228701,2.1532178e-06
1118,1.3228686,2.1606684e-06
1118,1.3228671,2.1643937e-06
1118,1.3228656,2.1718442e-06
1118,1.322864,2.1774322e-06
1118,1.3228625,2.1811575e-06
1118,1.322861,2.1886081e-06
1118,1.3228595,2.1923333e-06
1119,1.322858,2.1979213e-06
1119,1.3228564,2.2035092e-06
1119,1.3228549,2.2090971e-06
1119,1.3228534,2.2146851e-06
1119,1.3228519,2.2184104e-06
1119,1.3228503,2.225861e-06
1119,1.3228488,2.2295862e-06
1119,1.3228473,2.2370368e-06
1119,1.3228458,2.2426248e-06
1120,1.3228442,2.2482127e-06
1120,1.3228427,2.2556633e-06
1120,1.3228412,2.2593886e-06
1120,1.3228397,2.2668391e-06
1120,1.3228381,2.2724271e-06
1120,1.3228366,2.278015e-06
1120,1.3228351,2.2854656e-06
1120,1.3228335,2.2910535e-06
1121,1.322832,2.2985041e-06
1121,1.3228305,2.304092e-06
1121,1.3228289,2.3115426e-06
1121,1.3228274,2.3171306e-06
1121,1.3228259,2.3208559e-06
1121,1.3228243,2.3301691e-06
1121,1.3228228,2.3338944e-06
1121,1.3228213,2.341345e-06
1122,1.3228197,2.3469329e-06
1122,1.3228182,2.3525208e-06
1122,1.3228167,2.3599714e-06
1122,1.3228151,2.3655593e-06
1122,1.3228136,2.3730099e-06
1122,1.322812,2.3785979e-06
1122,1.3228105,2.3841858e-06
1122,1.322809,2.3916364e-06
1123,1.3228074,2.3972243e-06
1123,1.3228059,2.4046749e-06
1123,1.3228043,2.4102628e-06
1123,1.3228028,2.4158508e-06
1123,1.3228012,2.4233013e-06
1123,1.3227997,2.4288893e-06
1123,1.3227981,2.4382025e-06
1123,1.3227966,2.4437904e-06
1123,1.322795,2.4531037e-06
1124,1.3227935,2.4586916e-06
1124,1.3227919,2.4642795e-06
1124,1.3227904,2.4735928e-06
1124,1.3227888,2.4810433e-06
1124,1.3227873,2.4903566e-06
1124,1.3227857,2.4959445e-06
1124,1.3227842,2.5015324e-06
1124,1.3227826,2.5127083e-06
1125,1.3227811,2.5182962e-06
1125,1.3227795,2.5276095e-06
1125,1.322778,2.53506e-06
1125,1.3227764,2.540648e-06
1125,1.3227748,2.5518239e-06
1125,1.3227733,2.5574118e-06
1125,1.3227717,2.5685877e-06
1125,1.3227702,2.5741756e-06
1126,1.3227686,2.5853515e-06
1126,1.322767,2.592802e-06
1126,1.3227655,2.6002526e-06
1126,1.3227639,2.6132911e-06
1126,1.3227623,2.6226044e-06
1126,1.3227608,2.6356429e-06
1126,1.3227592,2.6449561e-06
1126,1.3227576,2.6542693e-06
1127,1.3227561,2.6691705e-06
1127,1.3227545,2.6784837e-06
1127,1.3227529,2.6933849e-06
1127,1.3227514,2.7026981e-06
1127,1.3227498,2.7120113e-06
1127,1.3227482,2.7287751e-06
1127,1.3227467,2.7380884e-06
1127,1.3227451,2.7548522e-06
1128,1.3227435,2.766028e-06
1128,1.3227419,2.7753413e-06
1128,1.3227404,2.7921051e-06
1128,1.3227388,2.8032809e-06
1128,1.3227372,2.8219074e-06
1128,1.3227356,2.8330833e-06
1128,1.3227341,2.8517097e-06
1128,1.3227325,2.8628856e-06
1128,1.3227309,2.8759241e-06
1129,1.3227293,2.8945506e-06
1129,1.3227278,2.9057264e-06
1129,1.3227262,2.9262155e-06
1129,1.3227246,2.939254e-06
1129,1.322723,2.9522926e-06
1129,1.3227214,2.970919e-06
1129,1.3227199,2.9839575e-06
1129,1.3227183,3.0044466e-06
1130,1.3227167,3.0193478e-06
1130,1.3227151,3.0323863e-06
1130,1.3227135,3.0528754e-06
1130,1.3227119,3.0677766e-06
1130,1.3227103,3.0901283e-06
1130,1.3227088,3.1050295e-06
1130,1.3227072,3.1255186e-06
1130,1.3227056,3.1404197e-06
1131,1.322704,3.1571835e-06
1131,1.3227024,3.1795353e-06
1131,1.3227008,3.1944364e-06
1131,1.3226992,3.2186508e-06
1131,1.3226976,3.2354146e-06
1131,1.322696,3.2521784e-06
1131,1.3226944,3.2782555e-06
1131,1.3226928,3.2950193e-06
1132,1.3226913,3.3210963e-06
1132,1.3226897,3.3397228e-06
1132,1.3226881,3.3564866e-06
1132,1.3226865,3.3844262e-06
1132,1.3226849,3.4030527e-06
1132,1.3226833,3.4309924e-06
1132,1.3226817,3.4496188e-06
1132,1.3226801,3.4775585e-06
1133,1.3226785,3.4980476e-06
1133,1.3226769,3.516674e-06
1133,1.3226753,3.5464764e-06
1133,1.3226737,3.5669655e-06
1133,1.3226721,3.5967678e-06
1133,1.3226705,3.6172569e-06
1133,1.3226689,3.6396086e-06
1133,1.3226673,3.6712736e-06
1134,1.3226656,3.6936253e-06
1134,1.322664,3.7271529e-06
1134,1.3226624,3.7495047e-06
1134,1.3226608,3.7737191e-06
1134,1.3226592,3.8072467e-06
1134,1.3226576,3.8314611e-06
1134,1.322656,3.8668513e-06
1134,1.3226544,3.8910657e-06
1135,1.3226528,3.9171427e-06
1135,1.3226512,3.9543957e-06
1135,1.3226496,3.97861e-06
1135,1.322648,4.0177256e-06
1135,1.3226464,4.0438026e-06
1135,1.3226447,4.0829182e-06
1135,1.3226431,4.1089952e-06
1135,1.3226415,4.1350722e-06
1136,1.3226399,4.1760504e-06
1136,1.3226383,4.2039901e-06
1136,1.3226367,4.2449683e-06
1136,1.3226351,4.272908e-06
1136,1.3226335,4.3008476e-06
1136,1.3226318,4.3436885e-06
1136,1.3226302,4.3734908e-06
1136,1.3226286,4.4181943e-06
1137,1.322627,4.4479966e-06
1137,1.3226254,4.4777989e-06
1137,1.3226238,4.5225024e-06
1137,1.3226221,4.5541674e-06
1137,1.3226205,4.6007335e-06
1137,1.3226189,4.6323985e-06
1137,1.3226173,4.6789646e-06
1137,1.3226157,4.7124922e-06
1138,1.3226141,4.7441572e-06
1138,1.3226124,4.7944486e-06
1138,1.3226108,4.8261136e-06
1138,1.3226092,4.876405e-06
1138,1.3226076,4.9099326e-06
1138,1.322606,4.9453229e-06
1138,1.3226043,4.9956143e-06
1138,1.3226027,5.0310045e-06
1139,1.3226011,5.0831586e-06
1139,1.3225995,5.1166862e-06
1139,1.3225979,5.1502138e-06
1139,1.3225962,5.2005053e-06
1139,1.3225946,5.2340329e-06
1139,1.322593,5.2843243e-06
1139,1.3225914,5.3178519e-06
1139,1.3225898,5.370006e-06
1140,1.3225881,5.4053962e-06
1140,1.3225865,5.4389238e-06
1140,1.3225849,5.4910779e-06
1140,1.3225833,5.5264682e-06
1140,1.3225816,5.5786222e-06
1140,1.32258,5.6140125e-06
1140,1.3225784,5.6494027e-06
1140,1.3225768,5.7034194e-06
1141,1.3225752,5.7388097e-06
1141,1.3225735,5.7928264e-06
1141,1.3225719,5.8282167e-06
1141,1.3225703,5.8654696e-06
1141,1.3225687,5.9194863e-06
1141,1.322567,5.9548765e-06
1141,1.3225654,6.0107559e-06
1141,1.3225638,6.0461462e-06
1142,1.3225621,6.0833991e-06
1142,1.3225605,6.1374158e-06
1142,1.3225589,6.1746687e-06
1142,1.3225573,6.230548e-06
1142,1.3225556,6.2678009e-06
1142,1.322554,6.3236803e-06
1142,1.3225524,6.3609332e-06
1142,1.3225508,6.3981861e-06
1143,1.3225491,6.4559281e-06
1143,1.3225475,6.493181e-06
1143,1.3225459,6.550923e-06
1143,1.3225442,6.5881759e-06
1143,1.3225426,6.6272914e-06
1143,1.322541,6.6850334e-06
1143,1.3225393,6.724149e-06
1143,1.3225377,6.781891e-06
1144,1.3225361,6.8210065e-06
1144,1.3225345,6.8582594e-06
1144,1.3225328,6.9178641e-06
1144,1.3225312,6.955117e-06
1144,1.3225296,7.012859e-06
1144,1.3225279,7.0519745e-06
1144,1.3225263,7.1097165e-06
1144,1.3225247,7.1488321e-06
1145,1.322523,7.1879476e-06
1145,1.3225214,7.2456896e-06
1145,1.3225198,7.2848052e-06
1145,1.3225181,7.3444098e-06
1145,1.3225165,7.3835254e-06
1145,1.3225149,7.4226409e-06
1145,1.3225132,7.4822456e-06
1145,1.3225116,7.5213611e-06
1146,1.32251,7.5809658e-06
1146,1.3225084,7.6200813e-06
1146,1.3225067,7.6591969e-06
1146,1.3225051,7.7206641e-06
1146,1.3225035,7.7597797e-06
1146,1.3225018,7.8193843e-06
1146,1.3225002,7.8584999e-06
1146,1.3224986,7.8957528e-06
1147,1.3224969,7.9479069e-06
1147,1.3224953,7.9832971e-06
1147,1.3224937,8.0354512e-06
1147,1.322492,8.0708414e-06
1147,1.3224904,8.1229955e-06
1147,1.3224888,8.1565231e-06
1147,1.3224871,8.1919134e-06
1147,1.3224855,8.2422048e-06
1148,1.3224839,8.2757324e-06
1148,1.3224822,8.3260238e-06
1148,1.3224806,8.3595514e-06
1148,1.322479,8.393079e-06
1148,1.3224773,8.4415078e-06
1148,1.3224757,8.4731728e-06
1148,1.322474,8.5216016e-06
1149,1.3224724,8.5532665e-06
1149,1.3224708,8.5849315e-06
1149,1.3224691,8.6314976e-06
1149,1.3224675,8.6631626e-06
1149,1.3224658,8.7115914e-06
1149,1.3224642,8.745119e-06
1149,1.3224625,8.797273e-06
1149,1.3224609,8.8326633e-06
1150,1.3224593,8.8661909e-06
1150,1.3224576,8.918345e-06
1150,1.322456,8.9518726e-06
1150,1.3224543,9.0040267e-06
1150,1.3224527,9.0375543e-06
1150,1.322451,9.0729445e-06
1150,1.3224494,9.1232359e-06
1150,1.3224477,9.1586262e-06
1151,1.3224461,9.2107803e-06
1151,1.3224444,9.2443079e-06
1151,1.3224428,9.2796981e-06
1151,1.3224412,9.3299896e-06
1151,1.3224395,9.3653798e-06
1151,1.3224379,9.4175339e-06
1151,1.3224362,9.4529241e-06
1151,1.3224346,9.5050782e-06
1152,1.322433,9.5386058e-06
1152,1.3224313,9.5702708e-06
1152,1.3224297,9.611249e-06
1152,1.322428,9.637326e-06
1152,1.3224264,9.6764416e-06
1152,1.3224248,9.7006559e-06
1152,1.3224231,9.726733e-06
1152,1.3224215,9.7639859e-06
1153,1.3224198,9.7882003e-06
1153,1.3224182,9.8235905e-06
1153,1.3224165,9.8459423e-06
1153,1.3224149,9.868294e-06
1153,1.3224132,9.899959e-06
1153,1.3224116,9.9223107e-06
1153,1.3224099,9.952113e-06
1153,1.3224083,9.9726021e-06
1154,1.3224066,9.9930912e-06
1154,1.322405,1.0021031e-05
1154,1.3224033,1.0039657e-05
1154,1.3224017,1.0065734e-05
1154,1.3224,1.0082498e-05
1154,1.3223983,1.0108575e-05
1154,1.3223967,1.0127202e-05
1155,1.322395,1.0145828e-05
1155,1.3223934,1.0173768e-05
1155,1.3223917,1.0192394e-05
1155,1.3223901,1.0218471e-05
1155,1.3223884,1.0235235e-05
1155,1.3223867,1.0253862e-05
1155,1.3223851,1.0278076e-05
1155,1.3223834,1.029484e-05
1156,1.3223817,1.0319054e-05
1156,1.3223801,1.0333955e-05
1156,1.3223784,1.0350719e-05
1156,1.3223767,1.0373071e-05
1156,1.3223751,1.0387972e-05
1156,1.3223734,1.0410324e-05
1156,1.3223717,1.0425225e-05
1156,1.3223701,1.0445714e-05
1157,1.3223684,1.0458753e-05
1157,1.3223667,1.0471791e-05
1157,1.322365,1.049228e-05
1157,1.3223634,1.0505319e-05
1157,1.3223617,1.0525808e-05
1157,1.32236,1.0540709e-05
1157,1.3223583,1.0553747e-05
1157,1.3223567,1.0574237e-05
1158,1.322355,1.0587275e-05
1158,1.3223533,1.0605901e-05
1158,1.3223516,1.061894e-05
1158,1.32235,1.0631979e-05
1158,1.3223483,1.0650605e-05
1158,1.3223466,1.0661781e-05
1158,1.3223449,1.0680407e-05
1159,1.3223432,1.0691583e-05
1159,1.3223415,1.0708347e-05
1159,1.3223399,1.0719523e-05
1159,1.3223382,1.0730699e-05
1159,1.3223365,1.0747463e-05
1159,1.3223348,1.0758638e-05
1159,1.3223331,1.077354e-05
1159,1.3223314,1.0784715e-05
1160,1.3223297,1.0794029e-05
1160,1.3223281,1.080893e-05
1160,1.3223264,1.0818243e-05
1160,1.3223247,1.0833144e-05
1160,1.322323,1.0842457e-05
1160,1.3223213,1.0851771e-05
1160,1.3223196,1.0864809e-05
1160,1.3223179,1.0874122e-05
1161,1.3223162,1.0887161e-05
1161,1.3223145,1.0894611e-05
1161,1.3223128,1.0903925e-05
1161,1.3223111,1.0915101e-05
1161,1.3223094,1.0922551e-05
1161,1.3223077,1.0933727e-05
1161,1.322306,1.0941178e-05
1162,1.3223043,1.0952353e-05
1162,1.3223026,1.0959804e-05
1162,1.3223009,1.0967255e-05
1162,1.3222992,1.0976568e-05
1162,1.3222975,1.0984018e-05
1162,1.3222958,1.0993332e-05
1162,1.3222941,1.099892e-05
1162,1.3222924,1.1004508e-05
1163,1.3222907,1.1013821e-05
1163,1.322289,1.1019409e-05
1163,1.3222873,1.1026859e-05
1163,1.3222856,1.1032447e-05
1163,1.3222838,1.1036173e-05
1163,1.3222821,1.1043623e-05
1163,1.3222804,1.1049211e-05
1163,1.3222787,1.1054799e-05
1164,1.322277,1.1058524e-05
1164,1.3222753,1.1065975e-05
1164,1.3222736,1.10697e-05
1164,1.3222718,1.1071563e-05
1164,1.3222701,1.1077151e-05
1164,1.3222684,1.1080876e-05
1164,1.3222667,1.1084601e-05
1165,1.322265,1.1088327e-05
1165,1.3222632,1.1090189e-05
1165,1.3222615,1.1093915e-05
1165,1.3222598,1.1095777e-05
1165,1.3222581,1.1099502e-05
1165,1.3222563,1.1103228e-05
1165,1.3222546,1.1106953e-05
1165,1.3222529,1.1114404e-05
1166,1.3222512,1.1119992e-05
1166,1.3222494,1.1125579e-05
1166,1.3222477,1.1129305e-05
1166,1.322246,1.113303e-05
1166,1.3222442,1.1138618e-05
1166,1.3222425,1.1142343e-05
1166,1.3222408,1.1149794e-05
1166,1.322239,1.1153519e-05
1167,1.3222373,1.1159107e-05
1167,1.3222355,1.1162832e-05
1167,1.3222338,1.1166558e-05
1167,1.3222321,1.1172146e-05
1167,1.3222303,1.1177734e-05
1167,1.3222286,1.1183321e-05
1167,1.3222268,1.1187047e-05
1168,1.3222251,1.1190772e-05
1168,1.3222234,1.119636e-05
1168,1.3222216,1.1201948e-05
1168,1.3222199,1.1207536e-05
1168,1.3222181,1.1211261e-05
1168,1.3222164,1.1214986e-05
1168,1.3222146,1.1220574e-05
1168,1.3222129,1.12243e-05
1169,1.3222111,1.123175e-05
1169,1.3222094,1.1235476e-05
1169,1.3222076,1.1241063e-05
1169,1.3222059,1.1244789e-05
1169,1.3222041,1.1248514e-05
1169,1.3222024,1.1255965e-05
1169,1.3222006,1.125969e-05
1170,1.3221989,1.1265278e-05
1170,1.3221971,1.1269003e-05
1170,1.3221954,1.1272728e-05
1170,1.3221936,1.1278316e-05
1170,1.3221918,1.1282042e-05
1170,1.3221901,1.1289492e-05
1170,1.3221883,1.1293218e-05
1170,1.3221866,1.1296943e-05
1171,1.3221848,1.1304393e-05
1171,1.322183,1.1309981e-05
1171,1.3221813,1.1319295e-05
1171,1.3221795,1.1326745e-05
1171,1.3221777,1.1337921e-05
1171,1.322176,1.1345372e-05
1171,1.3221742,1.1352822e-05
1171,1.3221724,1.1363998e-05
1172,1.3221707,1.1371449e-05
1172,1.3221689,1.1382625e-05
1172,1.3221671,1.1390075e-05
1172,1.3221654,1.1399388e-05
1172,1.3221636,1.1410564e-05
1172,1.3221618,1.1419877e-05
1172,1.3221601,1.1432916e-05
1173,1.3221583,1.1442229e-05
1173,1.3221565,1.1451542e-05
1173,1.3221547,1.1466444e-05
1173,1.322153,1.1475757e-05
1173,1.3221512,1.1490658e-05
1173,1.3221494,1.1498109e-05
1173,1.3221477,1.1505559e-05
1173,1.3221459,1.1511147e-05
1174,1.3221441,1.151301e-05
1174,1.3221424,1.1514872e-05
1174,1.3221406,1.1516735e-05
1174,1.3221388,1.152046e-05
1174,1.322137,1.1522323e-05
1174,1.3221353,1.1522323e-05
1174,1.3221335,1.1524186e-05
1175,1.3221317,1.1524186e-05
1175,1.3221299,1.1524186e-05
1175,1.3221282,1.1524186e-05
1175,1.3221264,1.1522323e-05
1175,1.3221246,1.152046e-05
1175,1.3221228,1.152046e-05
1175,1.322121,1.1516735e-05
1175,1.3221192,1.1514872e-05
1176,1.3221174,1.1511147e-05
1176,1.3221156,1.1505559e-05
1176,1.3221139,1.1501834e-05
1176,1.3221121,1.1499971e-05
1176,1.3221103,1.1499971e-05
1176,1.3221085,1.1503696e-05
1176,1.3221067,1.1507422e-05
1177,1.3221049,1.1511147e-05
1177,1.3221031,1.1514872e-05
1177,1.3221013,1.1518598e-05
1177,1.3220995,1.1524186e-05
1177,1.3220977,1.1526048e-05
1177,1.3220959,1.1529773e-05
1177,1.322094,1.1537224e-05
1177,1.3220922,1.1540949e-05
1178,1.3220904,1.1546537e-05
1178,1.3220886,1.1552125e-05
1178,1.3220868,1.1555851e-05
1178,1.322085,1.1563301e-05
1178,1.3220832,1.1568889e-05
1178,1.3220814,1.157634e-05
1178,1.3220796,1.1581928e-05
1179,1.3220778,1.1587515e-05
1179,1.322076,1.1596829e-05
1179,1.3220742,1.1600554e-05
1179,1.3220724,1.1608005e-05
1179,1.3220706,1.161173e-05
1179,1.3220687,1.1617318e-05
1179,1.3220669,1.1621043e-05
1179,1.3220651,1.1624768e-05
1180,1.3220633,1.1630356e-05
1180,1.3220615,1.1634082e-05
1180,1.3220597,1.1641532e-05
1180,1.3220579,1.1645257e-05
1180,1.322056,1.1648983e-05
1180,1.3220542,1.1654571e-05
1180,1.3220524,1.1658296e-05
1181,1.3220506,1.1665747e-05
1181,1.3220488,1.1669472e-05
1181,1.3220469,1.1673197e-05
1181,1.3220451,1.1678785e-05
1181,1.3220433,1.168251e-05
1181,1.3220415,1.1689961e-05
1181,1.3220397,1.1693686e-05
1182,1.3220378,1.1699274e-05
1182,1.322036,1.1702999e-05
1182,1.3220342,1.1706725e-05
1182,1.3220323,1.1712313e-05
1182,1.3220305,1.1717901e-05
1182,1.3220287,1.1723489e-05
1182,1.3220269,1.1727214e-05
1182,1.322025,1.1730939e-05
1183,1.3220232,1.1736527e-05
1183,1.3220214,1.1740252e-05
1183,1.3220195,1.1747703e-05
1183,1.3220177,1.1751428e-05
1183,1.3220159,1.1755154e-05
1183,1.322014,1.1760741e-05
1183,1.3220122,1.1764467e-05
1184,1.3220104,1.1771917e-05
1184,1.3220085,1.1775643e-05
1184,1.3220067,1.1781231e-05
1184,1.3220048,1.1784956e-05
1184,1.322003,1.1788681e-05
1184,1.3220012,1.1794269e-05
1184,1.3219993,1.1799857e-05
1184,1.3219975,1.1805445e-05
1185,1.3219956,1.180917e-05
1185,1.3219938,1.1812896e-05
1185,1.3219919,1.1818483e-05
1185,1.3219901,1.1822209e-05
1185,1.3219883,1.1829659e-05
1185,1.3219864,1.1833385e-05
1185,1.3219846,1.183711e-05
1186,1.3219827,1.1842698e-05
1186,1.3219809,1.1846423e-05
1186,1.321979,1.1853874e-05
1186,1.3219772,1.1857599e-05
1186,1.3219753,1.1861324e-05
1186,1.3219735,1.1866912e-05
1186,1.3219716,1.1870638e-05
1187,1.3219697,1.1876225e-05
1187,1.3219679,1.1881813e-05
1187,1.321966,1.1887401e-05
1187,1.3219642,1.1891127e-05
1187,1.3219623,1.1894852e-05
1187,1.3219605,1.190044e-05
1187,1.3219586,1.1904165e-05
1187,1.3219567,1.1911616e-05
1188,1.3219549,1.1915341e-05
1188,1.321953,1.1919066e-05
1188,1.3219512,1.1924654e-05
1188,1.3219493,1.192838e-05
1188,1.3219474,1.193583e-05
1188,1.3219456,1.1939555e-05
1188,1.3219437,1.1943281e-05
1189,1.3219418,1.1948869e-05
1189,1.32194,1.1952594e-05
1189,1.3219381,1.1958182e-05
1189,1.3219362,1.196377e-05
1189,1.3219344,1.1969358e-05
1189,1.3219325,1.1973083e-05
1189,1.3219306,1.1976808e-05
1190,1.3219288,1.1982396e-05
1190,1.3219269,1.1987984e-05
1190,1.321925,1.1993572e-05
1190,1.3219231,1.1997297e-05
1190,1.3219213,1.2001023e-05
1190,1.3219194,1.2006611e-05
1190,1.3219175,1.2010336e-05
1190,1.3219156,1.2017787e-05
1191,1.3219138,1.2021512e-05
1191,1.3219119,1.2025237e-05
1191,1.32191,1.2030825e-05
1191,1.3219081,1.203455e-05
1191,1.3219062,1.2042001e-05
1191,1.3219044,1.2045726e-05
1191,1.3219025,1.2051314e-05
1192,1.3219006,1.2055039e-05
1192,1.3218987,1.2058765e-05
1192,1.3218968,1.2064353e-05
1192,1.3218949,1.2069941e-05
1192,1.3218931,1.2075529e-05
1192,1.3218912,1.2079254e-05
1192,1.3218893,1.2082979e-05
1193,1.3218874,1.2088567e-05
1193,1.3218855,1.2092292e-05
1193,1.3218836,1.2099743e-05
1193,1.3218817,1.2103468e-05
1193,1.3218798,1.2107193e-05
1193,1.3218779,1.2112781e-05
1193,1.321876,1.2116507e-05
1193,1.3218742,1.2123957e-05
1194,1.3218723,1.2127683e-05
1194,1.3218704,1.2131408e-05
1194,1.3218685,1.2136996e-05
1194,1.3218666,1.2140721e-05
1194,1.3218647,1.2146309e-05
1194,1.3218628,1.2151897e-05
1194,1.3218609,1.2157485e-05
1195,1.321859,1.216121e-05
1195,1.3218571,1.2164935e-05
1195,1.3218552,1.2170523e-05
1195,1.3218533,1.2174249e-05
1195,1.3218514,1.2181699e-05
1195,1.3218495,1.2185425e-05
1195,1.3218476,1.218915e-05
1196,1.3218457,1.2194738e-05
1196,1.3218438,1.2198463e-05
1196,1.3218419,1.2202188e-05
1196,1.32184,1.2204051e-05
1196,1.3218381,1.2205914e-05
1196,1.3218361,1.2205914e-05
1196,1.3218342,1.2207776e-05
1197,1.3218323,1.2209639e-05
1197,1.3218304,1.2209639e-05
1197,1.3218285,1.2211502e-05
1197,1.3218266,1.2211502e-05
1197,1.3218247,1.2211502e-05
1197,1.3218228,1.2211502e-05
1197,1.3218209,1.2211502e-05
1197,1.3218189,1.2209639e-05
1198,1.321817,1.2209639e-05
1198,1.3218151,1.2207776e-05
1198,1.3218132,1.2207776e-05
1198,1.3218113,1.2205914e-05
1198,1.3218094,1.2204051e-05
1198,1.3218074,1.2202188e-05
1198,1.3218055,1.2200326e-05
1199,1.3218036,1.2198463e-05
1199,1.3218017,1.2194738e-05
1199,1.3217997,1.2191013e-05
1199,1.3217978,1.218915e-05
1199,1.3217959,1.2187287e-05
1199,1.321794,1.2181699e-05
1199,1.321792,1.2179837e-05
1200,1.3217901,1.2174249e-05
1200,1.3217882,1.2170523e-05
1200,1.3217862,1.2164935e-05
1200,1.3217843,1.216121e-05
1200,1.3217824,1.2157485e-05
1200,1.3217804,1.2150034e-05
1200,1.3217785,1.2146309e-05
1201,1.3217766,1.2138858e-05
1201,1.3217746,1.2135133e-05
1201,1.3217727,1.2129545e-05
1201,1.3217707,1.2120232e-05
1201,1.3217688,1.2114644e-05
1201,1.3217668,1.2105331e-05
1201,1.3217649,1.2101606e-05
1202,1.3217629,1.209788e-05
1202,1.321761,1.2096018e-05
1202,1.321759,1.209788e-05
1202,1.3217571,1.2101606e-05
1202,1.3217551,1.2103468e-05
1202,1.3217532,1.2107193e-05
1202,1.3217512,1.2109056e-05
1202,1.3217493,1.2112781e-05
1203,1.3217473,1.2116507e-05
1203,1.3217453,1.2120232e-05
1203,1.3217434,1.212582e-05
1203,1.3217414,1.2129545e-05
1203,1.3217395,1.2135133e-05
1203,1.3217375,1.2142584e-05
1203,1.3217356,1.2148172e-05
1204,1.3217336,1.2155622e-05
1204,1.3217316,1.2163073e-05
1204,1.3217297,1.2170523e-05
1204,1.3217277,1.2181699e-05
1204,1.3217258,1.218915e-05
1204,1.3217238,1.2198463e-05
1204,1.3217219,1.2202188e-05
1205,1.3217199,1.2202188e-05
1205,1.321718,1.2200326e-05
1205,1.321716,1.21966e-05
1205,1.321714,1.2192875e-05
1205,1.3217121,1.218915e-05
1205,1.3217101,1.2185425e-05
1205,1.3217081,1.2183562e-05
1206,1.3217062,1.2181699e-05
1206,1.3217042,1.2176111e-05
1206,1.3217022,1.2170523e-05
1206,1.3217003,1.2164935e-05
1206,1.3216983,1.2159348e-05
1206,1.3216963,1.2155622e-05
1206,1.3216944,1.2146309e-05
1207,1.3216924,1.2140721e-05
1207,1.3216904,1.2131408e-05
1207,1.3216884,1.2123957e-05
1207,1.3216865,1.2116507e-05
1207,1.3216845,1.2105331e-05
1207,1.3216825,1.209788e-05
1207,1.3216805,1.2092292e-05
1208,1.3216785,1.209043e-05
1208,1.3216765,1.209043e-05
1208,1.3216745,1.209043e-05
1208,1.3216725,1.209043e-05
1208,1.3216706,1.2088567e-05
1208,1.3216686,1.2088567e-05
1208,1.3216666,1.2086704e-05
1209,1.3216646,1.2086704e-05
1209,1.3216626,1.2086704e-05
1209,1.3216606,1.2086704e-05
1209,1.3216586,1.2086704e-05
1209,1.3216566,1.2086704e-05
1209,1.3216546,1.2088567e-05
1209,1.3216526,1.2088567e-05
1210,1.3216506,1.209043e-05
1210,1.3216486,1.2092292e-05
1210,1.3216466,1.2094155e-05
1210,1.3216446,1.2096018e-05
1210,1.3216426,1.209788e-05
1210,1.3216406,1.209788e-05
1210,1.3216386,1.209788e-05
1210,1.3216367,1.2094155e-05
1211,1.3216347,1.209043e-05
1211,1.3216327,1.2084842e-05
1211,1.3216307,1.2082979e-05
1211,1.3216286,1.2079254e-05
1211,1.3216266,1.2073666e-05
1211,1.3216246,1.2071803e-05
1211,1.3216226,1.2066215e-05
1212,1.3216206,1.2060627e-05
1212,1.3216186,1.2056902e-05
1212,1.3216166,1.2051314e-05
1212,1.3216146,1.2045726e-05
1212,1.3216126,1.2040138e-05
1212,1.3216106,1.203455e-05
1212,1.3216086,1.20271e-05
1213,1.3216065,1.2021512e-05
1213,1.3216045,1.2015924e-05
1213,1.3216025,1.2006611e-05
1213,1.3216005,1.2001023e-05
1213,1.3215985,1.1995435e-05
1213,1.3215964,1.1993572e-05
1213,1.3215944,1.1991709e-05
1214,1.3215924,1.1991709e-05
1214,1.3215903,1.1989847e-05
1214,1.3215883,1.1989847e-05
1214,1.3215863,1.1987984e-05
1214,1.3215843,1.1987984e-05
1214,1.3215822,1.1986122e-05
1214,1.3215802,1.1986122e-05
1215,1.3215782,1.1986122e-05
1215,1.3215761,1.1986122e-05
1215,1.3215741,1.1986122e-05
1215,1.3215721,1.1987984e-05
1215,1.32157,1.1987984e-05
1215,1.321568,1.1989847e-05
1215,1.321566,1.1991709e-05
1216,1.3215639,1.1993572e-05
1216,1.3215619,1.1995435e-05
1216,1.3215599,1.1997297e-05
1216,1.3215579,1.199916e-05
1216,1.3215558,1.1997297e-05
1216,1.3215538,1.1991709e-05
1216,1.3215518,1.1986122e-05
1217,1.3215497,1.1978671e-05
1217,1.3215477,1.1969358e-05
1217,1.3215456,1.1961907e-05
1217,1.3215436,1.1952594e-05
1217,1.3215416,1.1947006e-05
1217,1.3215395,1.1939555e-05
1217,1.3215375,1.192838e-05
1218,1.3215354,1.1919066e-05
1218,1.3215334,1.190789e-05
1218,1.3215313,1.1898577e-05
1218,1.3215293,1.1885539e-05
1218,1.3215272,1.1874363e-05
1218,1.3215252,1.186505e-05
1218,1.3215231,1.1850148e-05
1219,1.3215211,1.183711e-05
1219,1.321519,1.1820346e-05
1219,1.3215169,1.180917e-05
1219,1.3215149,1.1799857e-05
1219,1.3215128,1.1790544e-05
1219,1.3215107,1.1786819e-05
1219,1.3215086,1.1783093e-05
1220,1.3215066,1.1783093e-05
1220,1.3215045,1.1781231e-05
1220,1.3215024,1.1777505e-05
1220,1.3215004,1.1777505e-05
1220,1.3214983,1.1775643e-05
1220,1.3214962,1.177378e-05
1220,1.3214941,1.177378e-05
1221,1.3214921,1.177378e-05
1221,1.32149,1.177378e-05
1221,1.3214879,1.1775643e-05
1221,1.3214858,1.1777505e-05
1221,1.3214838,1.1779368e-05
1221,1.3214817,1.1781231e-05
1221,1.3214796,1.1784956e-05
1222,1.3214775,1.1788681e-05
1222,1.3214754,1.1792406e-05
1222,1.3214734,1.1797994e-05
1222,1.3214713,1.1797994e-05
1222,1.3214692,1.1797994e-05
1222,1.3214671,1.1794269e-05
1222,1.3214651,1.1790544e-05
1223,1.321463,1.1784956e-05
1223,1.3214609,1.1783093e-05
1223,1.3214588,1.1779368e-05
1223,1.3214567,1.177378e-05
1223,1.3214546,1.1771917e-05
1223,1.3214526,1.1766329e-05
1223,1.3214505,1.1760741e-05
1224,1.3214484,1.1755154e-05
1224,1.3214463,1.1751428e-05
1224,1.3214442,1.174584e-05
1224,1.3214421,1.1740252e-05
1224,1.32144,1.1734664e-05
1224,1.3214379,1.1727214e-05
1225,1.3214358,1.1721626e-05
1225,1.3214337,1.1716038e-05
1225,1.3214316,1.1706725e-05
1225,1.3214295,1.1701137e-05
1225,1.3214274,1.1695549e-05
1225,1.3214253,1.1693686e-05
1225,1.3214232,1.1691824e-05
1226,1.3214211,1.1691824e-05
1226,1.321419,1.1689961e-05
1226,1.3214169,1.1689961e-05
1226,1.3214148,1.1688098e-05
1226,1.3214127,1.1688098e-05
1226,1.3214105,1.1686236e-05
1226,1.3214084,1.1686236e-05
1227,1.3214063,1.1686236e-05
1227,1.3214042,1.1686236e-05
1227,1.3214021,1.1686236e-05
1227,1.3214,1.1688098e-05
1227,1.3213979,1.1688098e-05
1227,1.3213957,1.1689961e-05
1227,1.3213936,1.1691824e-05
1228,1.3213915,1.1693686e-05
1228,1.3213894,1.1695549e-05
1228,1.3213873,1.1697412e-05
1228,1.3213852,1.1699274e-05
1228,1.3213831,1.1697412e-05
1228,1.3213809,1.1695549e-05
1228,1.3213788,1.1691824e-05
1229,1.3213767,1.1688098e-05
1229,1.3213746,1.1684373e-05
1229,1.3213725,1.1680648e-05
1229,1.3213703,1.167506e-05
1229,1.3213682,1.1673197e-05
1229,1.3213661,1.1667609e-05
1229,1.3213639,1.1663884e-05
1230,1.3213618,1.1658296e-05
1230,1.3213597,1.1652708e-05
1230,1.3213576,1.1648983e-05
1230,1.3213554,1.1641532e-05
1230,1.3213533,1.1635944e-05
1230,1.3213512,1.1632219e-05
1230,1.321349,1.1624768e-05
1231,1.3213469,1.161918e-05
1231,1.3213447,1.1609867e-05
1231,1.3213426,1.1604279e-05
1231,1.3213405,1.1598691e-05
1231,1.3213383,1.1591241e-05
1231,1.3213362,1.1587515e-05
1231,1.321334,1.1581928e-05
1232,1.3213319,1.1578202e-05
1232,1.3213297,1.1572614e-05
1232,1.3213276,1.1568889e-05
1232,1.3213254,1.1565164e-05
1232,1.3213233,1.1559576e-05
1232,1.3213211,1.1555851e-05
1233,1.321319,1.15484e-05
1233,1.3213168,1.1544675e-05
1233,1.3213147,1.1540949e-05
1233,1.3213125,1.1535361e-05
1233,1.3213104,1.1531636e-05
1233,1.3213082,1.1524186e-05
1233,1.321306,1.152046e-05
1234,1.3213039,1.1516735e-05
1234,1.3213017,1.1511147e-05
1234,1.3212996,1.1507422e-05
1234,1.3212974,1.1501834e-05
1234,1.3212952,1.1496246e-05
1234,1.3212931,1.1490658e-05
1234,1.3212909,1.1486933e-05
1235,1.3212887,1.1483207e-05
1235,1.3212866,1.1477619e-05
1235,1.3212844,1.1473894e-05
1235,1.3212822,1.1466444e-05
1235,1.3212801,1.1462718e-05
1235,1.3212779,1.1458993e-05
1235,1.3212757,1.1453405e-05
1236,1.3212735,1.144968e-05
1236,1.3212714,1.1442229e-05
1236,1.3212692,1.1438504e-05
1236,1.321267,1.1434779e-05
1236,1.3212648,1.1429191e-05
1236,1.3212626,1.1425465e-05
1236,1.3212605,1.1419877e-05
1237,1.3212583,1.1414289e-05
1237,1.3212561,1.1410564e-05
1237,1.3212539,1.1404976e-05
1237,1.3212517,1.1401251e-05
1237,1.3212495,1.1395663e-05
1237,1.3212473,1.13938e-05
1238,1.3212451,1.1391938e-05
1238,1.321243,1.1391938e-05
1238,1.3212408,1.1390075e-05
1238,1.3212386,1.1390075e-05
1238,1.3212364,1.1388212e-05
1238,1.3212342,1.1388212e-05
1238,1.321232,1.138635e-05
1239,1.3212298,1.138635e-05
1239,1.3212276,1.138635e-05
1239,1.3212254,1.138635e-05
1239,1.3212232,1.1388212e-05
1239,1.321221,1.1388212e-05
1239,1.3212188,1.1388212e-05
1239,1.3212166,1.1390075e-05
1240,1.3212144,1.1391938e-05
1240,1.3212122,1.13938e-05
1240,1.32121,1.1395663e-05
1240,1.3212078,1.1397526e-05
1240,1.3212056,1.1399388e-05
1240,1.3212034,1.1397526e-05
1240,1.3212012,1.1395663e-05
1241,1.321199,1.1391938e-05
1241,1.3211968,1.138635e-05
1241,1.3211945,1.1384487e-05
1241,1.3211923,1.1380762e-05
1241,1.3211901,1.1375174e-05
1241,1.3211879,1.1373311e-05
1242,1.3211857,1.1367723e-05
1242,1.3211835,1.1363998e-05
1242,1.3211813,1.135841e-05
1242,1.3211791,1.1352822e-05
1242,1.3211768,1.1349097e-05
1242,1.3211746,1.1341646e-05
1242,1.3211724,1.1336058e-05
1243,1.3211702,1.1332333e-05
1243,1.3211679,1.1324883e-05
1243,1.3211657,1.1319295e-05
1243,1.3211635,1.1309981e-05
1243,1.3211613,1.1304393e-05
1243,1.321159,1.1296943e-05
1243,1.3211568,1.1291355e-05
1244,1.3211546,1.128763e-05
1244,1.3211523,1.1282042e-05
1244,1.3211501,1.1278316e-05
1244,1.3211479,1.1272728e-05
1244,1.3211456,1.1269003e-05
1244,1.3211434,1.1265278e-05
1245,1.3211412,1.125969e-05
1245,1.3211389,1.1255965e-05
1245,1.3211367,1.1248514e-05
1245,1.3211344,1.1244789e-05
1245,1.3211322,1.1241063e-05
1245,1.32113,1.1235476e-05
1245,1.3211277,1.123175e-05
1246,1.3211255,1.12243e-05
1246,1.3211232,1.1220574e-05
1246,1.321121,1.1214986e-05
1246,1.3211187,1.1211261e-05
1246,1.3211165,1.1207536e-05
1246,1.3211142,1.1201948e-05
1246,1.321112,1.119636e-05
1247,1.3211097,1.1190772e-05
1247,1.3211074,1.1187047e-05
1247,1.3211052,1.1183321e-05
1247,1.3211029,1.1177734e-05
1247,1.3211007,1.1172146e-05
1247,1.3210984,1.1166558e-05
1248,1.3210961,1.1162832e-05
1248,1.3210939,1.1159107e-05
1248,1.3210916,1.1153519e-05
1248,1.3210894,1.1149794e-05
1248,1.3210871,1.1142343e-05
1248,1.3210848,1.1138618e-05
1248,1.3210826,1.113303e-05
1249,1.3210803,1.1129305e-05
1249,1.321078,1.1125579e-05
1249,1.3210757,1.1119992e-05
1249,1.3210735,1.1114404e-05
1249,1.3210712,1.1108816e-05
1249,1.3210689,1.110509e-05
1249,1.3210666,1.1101365e-05
1250,1.3210644,1.1095777e-05
1250,1.3210621,1.1090189e-05
1250,1.3210598,1.1084601e-05
1250,1.3210575,1.1080876e-05
1250,1.3210552,1.1077151e-05
1250,1.321053,1.1071563e-05
1251,1.3210507,1.1067837e-05
1251,1.3210484,1.1060387e-05
1251,1.3210461,1.1056662e-05
1251,1.3210438,1.1052936e-05
1251,1.3210415,1.1047348e-05
1251,1.3210392,1.1043623e-05
1251,1.3210369,1.1036173e-05
1252,1.3210346,1.1032447e-05
1252,1.3210323,1.1026859e-05
1252,1.32103,1.1023134e-05
1252,1.3210277,1.1019409e-05
1252,1.3210254,1.1011958e-05
1252,1.3210231,1.1008233e-05
1252,1.3210208,1.1002645e-05
1253,1.3210185,1.099892e-05
1253,1.3210162,1.0997057e-05
1253,1.3210139,1.0993332e-05
1253,1.3210116,1.0993332e-05
1253,1.3210093,1.0991469e-05
1253,1.321007,1.0991469e-05
1254,1.3210047,1.0989606e-05
1254,1.3210024,1.0987744e-05
1254,1.3210001,1.0987744e-05
1254,1.3209977,1.0987744e-05
1254,1.3209954,1.0987744e-05
1254,1.3209931,1.0987744e-05
1254,1.3209908,1.0987744e-05
1255,1.3209885,1.0987744e-05
1255,1.3209862,1.0987744e-05
1255,1.3209838,1.0989606e-05
1255,1.3209815,1.0991469e-05
1255,1.3209792,1.0991469e-05
1255,1.3209769,1.0993332e-05
1256,1.3209746,1.0997057e-05
1256,1.3209722,1.099892e-05
1256,1.3209699,1.1000782e-05
1256,1.3209676,1.1000782e-05
1256,1.3209653,1.1000782e-05
1256,1.3209629,1.099892e-05
1256,1.3209606,1.099892e-05
1257,1.3209583,1.099892e-05
1257,1.3209559,1.099892e-05
1257,1.3209536,1.099892e-05
1257,1.3209513,1.099892e-05
1257,1.3209489,1.099892e-05
1257,1.3209466,1.099892e-05
1257,1.3209443,1.099892e-05
1258,1.3209419,1.099892e-05
1258,1.3209396,1.099892e-05
1258,1.3209372,1.099892e-05
1258,1.3209349,1.099892e-05
1258,1.3209326,1.099892e-05
1258,1.3209302,1.099892e-05
1259,1.3209279,1.099892e-05
1259,1.3209255,1.099892e-05
1259,1.3209232,1.099892e-05
1259,1.3209208,1.099892e-05
1259,1.3209185,1.0995194e-05
1259,1.3209161,1.0993332e-05
1259,1.3209138,1.0989606e-05
1260,1.3209114,1.0985881e-05
1260,1.3209091,1.0982156e-05
1260,1.3209067,1.0978431e-05
1260,1.3209044,1.0974705e-05
1260,1.320902,1.0969117e-05
1260,1.3208997,1.0965392e-05
1261,1.3208973,1.0961667e-05
1261,1.3208949,1.0956079e-05
1261,1.3208926,1.0950491e-05
1261,1.3208902,1.0944903e-05
1261,1.3208878,1.0939315e-05
1261,1.3208855,1.0933727e-05
1261,1.3208831,1.0926276e-05
1262,1.3208807,1.0920689e-05
1262,1.3208784,1.0913238e-05
1262,1.320876,1.0905787e-05
1262,1.3208736,1.0902062e-05
1262,1.3208712,1.0896474e-05
1262,1.3208688,1.0892749e-05
1263,1.3208665,1.0890886e-05
1263,1.3208641,1.0890886e-05
1263,1.3208617,1.0890886e-05
1263,1.3208593,1.0889024e-05
1263,1.3208569,1.0889024e-05
1263,1.3208545,1.0887161e-05
1263,1.3208521,1.0887161e-05
1264,1.3208497,1.0887161e-05
1264,1.3208474,1.0887161e-05
1264,1.320845,1.0887161e-05
1264,1.3208426,1.0887161e-05
1264,1.3208402,1.0887161e-05
1264,1.3208378,1.0889024e-05
1265,1.3208354,1.0890886e-05
1265,1.320833,1.0890886e-05
1265,1.3208306,1.0892749e-05
1265,1.3208282,1.0894611e-05
1265,1.3208258,1.0898337e-05
1265,1.3208234,1.0898337e-05
1265,1.320821,1.0900199e-05
1266,1.3208186,1.0900199e-05
1266,1.3208162,1.0900199e-05
1266,1.3208138,1.0898337e-05
1266,1.3208114,1.0898337e-05
1266,1.3208089,1.0898337e-05
1266,1.3208065,1.0898337e-05
1267,1.3208041,1.0898337e-05
1267,1.3208017,1.0898337e-05
1267,1.3207993,1.0898337e-05
1267,1.3207969,1.0898337e-05
1267,1.3207945,1.0898337e-05
1267,1.320792,1.0898337e-05
1267,1.3207896,1.0898337e-05
1268,1.3207872,1.0898337e-05
1268,1.3207848,1.0898337e-05
1268,1.3207823,1.0898337e-05
1268,1.3207799,1.0898337e-05
1268,1.3207775,1.0898337e-05
1268,1.3207751,1.0898337e-05
1269,1.3207726,1.0900199e-05
1269,1.3207702,1.0902062e-05
1269,1.3207678,1.0903925e-05
1269,1.3207653,1.090765e-05
1269,1.3207629,1.0911375e-05
1269,1.3207604,1.0915101e-05
1270,1.320758,1.0918826e-05
1270,1.3207556,1.0924414e-05
1270,1.3207531,1.0926276e-05
1270,1.3207507,1.0930002e-05
1270,1.3207482,1.093559e-05
1270,1.3207458,1.0941178e-05
1270,1.3207433,1.0946766e-05
1271,1.3207409,1.0952353e-05
1271,1.3207384,1.0956079e-05
1271,1.320736,1.0963529e-05
1271,1.3207335,1.0969117e-05
1271,1.3207311,1.0976568e-05
1271,1.3207286,1.0982156e-05
1272,1.3207262,1.0989606e-05
1272,1.3207237,1.0995194e-05
1272,1.3207213,1.1002645e-05
1272,1.3207188,1.1011958e-05
1272,1.3207163,1.1017546e-05
1272,1.3207139,1.1026859e-05
1272,1.3207114,1.103431e-05
1273,1.320709,1.104176e-05
1273,1.3207065,1.1052936e-05
1273,1.320704,1.1060387e-05
1273,1.3207016,1.1071563e-05
1273,1.3206991,1.1079013e-05
1273,1.3206966,1.1086464e-05
1274,1.3206942,1.1099502e-05
1274,1.3206917,1.1106953e-05
1274,1.3206892,1.1119992e-05
1274,1.3206867,1.1129305e-05
1274,1.3206843,1.1136755e-05
1274,1.3206818,1.1151657e-05
1275,1.3206793,1.116097e-05
1275,1.3206768,1.1175871e-05
1275,1.3206744,1.1185184e-05
1275,1.3206719,1.1198223e-05
1275,1.3206694,1.1205673e-05
1275,1.3206669,1.1213124e-05
1275,1.3206645,1.1220574e-05
1276,1.320662,1.12243e-05
1276,1.3206595,1.123175e-05
1276,1.320657,1.1237338e-05
1276,1.3206545,1.1241063e-05
1276,1.320652,1.1248514e-05
1276,1.3206495,1.1252239e-05
1277,1.320647,1.125969e-05
1277,1.3206445,1.1263415e-05
1277,1.3206421,1.1267141e-05
1277,1.3206396,1.1272728e-05
1277,1.3206371,1.1276454e-05
1277,1.3206346,1.1280179e-05
1277,1.3206321,1.1283904e-05
1278,1.3206296,1.128763e-05
1278,1.320627,1.1289492e-05
1278,1.3206245,1.1291355e-05
1278,1.320622,1.129508e-05
1278,1.3206195,1.1298805e-05
1278,1.320617,1.1308119e-05
1279,1.3206145,1.1317432e-05
1279,1.3206119,1.1326745e-05
1279,1.3206094,1.1343509e-05
1279,1.3206069,1.1352822e-05
1279,1.3206044,1.1367723e-05
1279,1.3206019,1.1378899e-05
1280,1.3205993,1.1390075e-05
1280,1.3205968,1.1406839e-05
1280,1.3205943,1.1418015e-05
1280,1.3205918,1.1436641e-05
1280,1.3205892,1.1447817e-05
1280,1.3205867,1.1460856e-05
1280,1.3205842,1.1481345e-05
1281,1.3205816,1.1494383e-05
1281,1.3205791,1.1514872e-05
1281,1.3205766,1.1529773e-05
1281,1.320574,1.1553988e-05
1281,1.3205715,1.1568889e-05
1281,1.320569,1.158379e-05
1282,1.3205664,1.1606142e-05
1282,1.3205639,1.161918e-05
1282,1.3205614,1.1635944e-05
1282,1.3205588,1.1648983e-05
1282,1.3205563,1.1658296e-05
1282,1.3205538,1.1676922e-05
1283,1.3205512,1.1688098e-05
1283,1.3205487,1.1706725e-05
1283,1.3205461,1.1719763e-05
1283,1.3205436,1.1730939e-05
1283,1.320541,1.1749566e-05
1283,1.3205385,1.1760741e-05
1284,1.3205359,1.1779368e-05
1284,1.3205334,1.1790544e-05
1284,1.3205308,1.180917e-05
1284,1.3205283,1.1820346e-05
1284,1.3205257,1.1833385e-05
1284,1.3205232,1.1852011e-05
1284,1.3205206,1.1863187e-05
1285,1.3205181,1.1881813e-05
1285,1.3205155,1.1892989e-05
1285,1.3205129,1.1904165e-05
1285,1.3205104,1.1919066e-05
1285,1.3205078,1.1930242e-05
1285,1.3205053,1.1943281e-05
1286,1.3205027,1.1952594e-05
1286,1.3205001,1.1960045e-05
1286,1.3204976,1.1973083e-05
1286,1.320495,1.1982396e-05
1286,1.3204924,1.1995435e-05
1286,1.3204898,1.2002885e-05
1287,1.3204873,1.2015924e-05
1287,1.3204847,1.2023374e-05
1287,1.3204821,1.2030825e-05
1287,1.3204795,1.2042001e-05
1287,1.3204769,1.2049451e-05
1287,1.3204744,1.2060627e-05
1287,1.3204718,1.2068078e-05
1288,1.3204692,1.2073666e-05
1288,1.3204666,1.2082979e-05
1288,1.320464,1.2088567e-05
1288,1.3204614,1.2099743e-05
1288,1.3204588,1.2109056e-05
1288,1.3204562,1.2120232e-05
1289,1.3204536,1.2140721e-05
1289,1.320451,1.2155622e-05
1289,1.3204484,1.2177974e-05
1289,1.3204458,1.2191013e-05
1289,1.3204432,1.2205914e-05
1289,1.3204405,1.2228265e-05
1290,1.3204379,1.2243167e-05
1290,1.3204353,1.2265518e-05
1290,1.3204327,1.2282282e-05
1290,1.3204301,1.2306497e-05
1290,1.3204275,1.232326e-05
1290,1.3204249,1.2340024e-05
1291,1.3204222,1.2367964e-05
1291,1.3204196,1.2384728e-05
1291,1.320417,1.2412667e-05
1291,1.3204144,1.2431294e-05
1291,1.3204118,1.2451783e-05
1291,1.3204092,1.2479722e-05
1292,1.3204065,1.2500212e-05
1292,1.3204039,1.2524426e-05
1292,1.3204013,1.254119e-05
1292,1.3203987,1.2556091e-05
1292,1.320396,1.2578443e-05
1292,1.3203934,1.2595206e-05
1292,1.3203908,1.2619421e-05
1293,1.3203881,1.2634322e-05
1293,1.3203855,1.2658536e-05
1293,1.3203829,1.26753e-05
1293,1.3203802,1.2690201e-05
1293,1.3203776,1.2714416e-05
1293,1.320375,1.273118e-05
1294,1.3203723,1.2755394e-05
1294,1.3203697,1.2770295e-05
1294,1.320367,1.2787059e-05
1294,1.3203644,1.2811273e-05
1294,1.3203617,1.2826174e-05
1294,1.3203591,1.2850389e-05
1295,1.3203564,1.2867153e-05
1295,1.3203538,1.2882054e-05
1295,1.3203511,1.2908131e-05
1295,1.3203485,1.2924895e-05
1295,1.3203458,1.2952834e-05
1295,1.3203431,1.2971461e-05
1296,1.3203405,1.3001263e-05
1296,1.3203378,1.301989e-05
1296,1.3203352,1.3038516e-05
1296,1.3203325,1.3068318e-05
1296,1.3203298,1.3086945e-05
1296,1.3203272,1.3116747e-05
1297,1.3203245,1.3137236e-05
1297,1.3203218,1.3155863e-05
1297,1.3203191,1.3187528e-05
1297,1.3203165,1.3208017e-05
1297,1.3203138,1.3237819e-05
1297,1.3203111,1.3260171e-05
1297,1.3203084,1.328066e-05
1298,1.3203057,1.3312325e-05
1298,1.3203031,1.3332814e-05
1298,1.3203004,1.3366342e-05
1298,1.3202977,1.3388693e-05
1298,1.320295,1.3409182e-05
1298,1.3202923,1.344271e-05
1299,1.3202896,1.3465062e-05
1299,1.3202869,1.3498589e-05
1299,1.3202842,1.3522804e-05
1299,1.3202816,1.3556331e-05
1299,1.3202789,1.3580546e-05
1299,1.3202762,1.3602898e-05
1300,1.3202735,1.3638288e-05
1300,1.3202708,1.3662502e-05
1300,1.3202681,1.3697892e-05
1300,1.3202654,1.3722107e-05
1300,1.3202626,1.3746321e-05
1300,1.3202599,1.3783574e-05
1301,1.3202572,1.3807788e-05
1301,1.3202545,1.3845041e-05
1301,1.3202518,1.3871118e-05
1301,1.3202491,1.3895333e-05
1301,1.3202464,1.3934448e-05
1301,1.3202437,1.3960525e-05
1302,1.320241,1.3999641e-05
1302,1.3202382,1.4025718e-05
1302,1.3202355,1.4064834e-05
1302,1.3202328,1.4090911e-05
1302,1.3202301,1.4116988e-05
1302,1.3202274,1.4157966e-05
1303,1.3202246,1.4184043e-05
1303,1.3202219,1.4225021e-05
1303,1.3202192,1.4252961e-05
1303,1.3202164,1.42809e-05
1303,1.3202137,1.4321879e-05
1303,1.320211,1.4349818e-05
1304,1.3202082,1.4392659e-05
1304,1.3202055,1.4420599e-05
1304,1.3202028,1.4450401e-05
1304,1.3202,1.4493242e-05
1304,1.3201973,1.4521182e-05
1304,1.3201945,1.4565885e-05
1305,1.3201918,1.4595687e-05
1305,1.3201891,1.4623627e-05
1305,1.3201863,1.4668331e-05
1305,1.3201836,1.4698133e-05
1305,1.3201808,1.4744699e-05
1305,1.3201781,1.4774501e-05
1305,1.3201753,1.4821067e-05
1306,1.3201726,1.485087e-05
1306,1.3201698,1.4882535e-05
1306,1.320167,1.4929101e-05
1306,1.3201643,1.4958903e-05
1306,1.3201615,1.5007332e-05
1306,1.3201587,1.5038997e-05
1307,1.320156,1.5070662e-05
1307,1.3201532,1.5119091e-05
1307,1.3201505,1.5150756e-05
1307,1.3201477,1.5199184e-05
1307,1.3201449,1.5232712e-05
1307,1.3201421,1.5264377e-05
1308,1.3201394,1.5314668e-05
1308,1.3201366,1.5348196e-05
1308,1.3201338,1.5396625e-05
1308,1.320131,1.5430152e-05
1308,1.3201283,1.5482306e-05
1308,1.3201255,1.5515834e-05
1309,1.3201227,1.5553087e-05
1309,1.3201199,1.5607104e-05
1309,1.3201171,1.5644357e-05
1309,1.3201143,1.5702099e-05
1309,1.3201115,1.5739352e-05
1309,1.3201087,1.5778467e-05
1310,1.3201059,1.5836209e-05
1310,1.3201031,1.5875325e-05
1310,1.3201004,1.5934929e-05
1310,1.3200976,1.5974045e-05
1310,1.3200948,1.6015023e-05
1310,1.320092,1.6074628e-05
1311,1.3200891,1.6115606e-05
1311,1.3200863,1.6178936e-05
1311,1.3200835,1.6219914e-05
1311,1.3200807,1.6283244e-05
1311,1.3200779,1.6326085e-05
1311,1.3200751,1.6368926e-05
1312,1.3200723,1.6434118e-05
1312,1.3200695,1.6476959e-05
1312,1.3200667,1.6540289e-05
1312,1.3200639,1.6581267e-05
1312,1.3200611,1.6620383e-05
1312,1.3200583,1.6679987e-05
1313,1.3200555,1.6719103e-05
1313,1.3200526,1.6778708e-05
1313,1.3200498,1.6817823e-05
1313,1.320047,1.6858801e-05
1313,1.3200442,1.6918406e-05
1313,1.3200413,1.6959384e-05
1314,1.3200385,1.7018989e-05
1314,1.3200357,1.7059967e-05
1314,1.3200329,1.7099082e-05
1314,1.32003,1.7158687e-05
1314,1.3200272,1.7199665e-05
1314,1.3200244,1.725927e-05
1315,1.3200215,1.7298386e-05
1315,1.3200187,1.735799e-05
1315,1.3200158,1.7397106e-05
1315,1.320013,1.7438084e-05
1315,1.3200101,1.7499551e-05
1315,1.3200073,1.7544255e-05
1316,1.3200044,1.7613173e-05
1316,1.3200016,1.7661601e-05
1316,1.3199987,1.771003e-05
1316,1.3199958,1.7784536e-05
1316,1.319993,1.7834827e-05
1316,1.3199901,1.7909333e-05
1317,1.3199873,1.7959625e-05
1317,1.3199844,1.8009916e-05
1317,1.3199815,1.8086284e-05
1317,1.3199787,1.8138438e-05
1317,1.3199758,1.821667e-05
1317,1.3199729,1.8270686e-05
1318,1.3199701,1.835078e-05
1318,1.3199672,1.8406659e-05
1318,1.3199643,1.8460676e-05
1318,1.3199615,1.8544495e-05
1318,1.3199586,1.8600374e-05
1318,1.3199557,1.8686056e-05
1319,1.3199528,1.8743798e-05
1319,1.31995,1.8799677e-05
1319,1.3199471,1.8879771e-05
1319,1.3199442,1.8931925e-05
1319,1.3199414,1.9008294e-05
1319,1.3199385,1.9058585e-05
1320,1.3199356,1.9110739e-05
1320,1.3199327,1.918897e-05
1320,1.3199298,1.9241124e-05
1320,1.3199269,1.9319355e-05
1320,1.319924,1.937151e-05
1320,1.3199212,1.9449741e-05
1321,1.3199183,1.9501895e-05
1321,1.3199154,1.9554049e-05
1321,1.3199125,1.9630417e-05
1321,1.3199096,1.9682571e-05
1321,1.3199067,1.9760802e-05
1321,1.3199038,1.9812956e-05
1322,1.3199009,1.9865111e-05
1322,1.319898,1.9941479e-05
1322,1.3198951,1.9993633e-05
1322,1.3198922,2.0071864e-05
1322,1.3198892,2.0125881e-05
1322,1.3198863,2.018176e-05
1323,1.3198834,2.0267442e-05
1323,1.3198805,2.0325184e-05
1323,1.3198776,2.0410866e-05
1323,1.3198746,2.047047e-05
1323,1.3198717,2.0528212e-05
1324,1.3198688,2.0615757e-05
1324,1.3198659,2.0675361e-05
1324,1.3198629,2.0764768e-05
1324,1.31986,2.0824373e-05
1324,1.3198571,2.091378e-05
1324,1.3198542,2.0975247e-05
1325,1.3198512,2.1034852e-05
1325,1.3198483,2.1127984e-05
1325,1.3198453,2.1189451e-05
1325,1.3198424,2.1282583e-05
1325,1.3198395,2.1345913e-05
1325,1.3198365,2.1407381e-05
1326,1.3198336,2.1502376e-05
1326,1.3198306,2.1567568e-05
1326,1.3198277,2.1662563e-05
1326,1.3198247,2.1727756e-05
1326,1.3198218,2.1792948e-05
1326,1.3198188,2.1889806e-05
1327,1.3198159,2.1954998e-05
1327,1.3198129,2.2055581e-05
1327,1.31981,2.2120774e-05
1327,1.319807,2.2221357e-05
1327,1.3198041,2.2288412e-05
1327,1.3198011,2.2355467e-05
1328,1.3197981,2.2457913e-05
1328,1.3197952,2.252683e-05
1328,1.3197922,2.2629276e-05
1328,1.3197892,2.2698194e-05
1328,1.3197863,2.2767112e-05
1328,1.3197833,2.2873282e-05
1329,1.3197803,2.29422e-05
1329,1.3197774,2.3050234e-05
1329,1.3197744,2.3121014e-05
1329,1.3197714,2.3191795e-05
1329,1.3197685,2.3299828e-05
1329,1.3197655,2.3368746e-05
1330,1.3197625,2.3471192e-05
1330,1.3197595,2.3538247e-05
1330,1.3197566,2.3605302e-05
1330,1.3197536,2.3705885e-05
1330,1.3197506,2.3774803e-05
1330,1.3197476,2.3877248e-05
1331,1.3197446,2.3944303e-05
1331,1.3197416,2.4046749e-05
1331,1.3197386,2.4115667e-05
1331,1.3197357,2.4182722e-05
1331,1.3197327,2.4285167e-05
1331,1.3197297,2.4352223e-05
1332,1.3197267,2.4454668e-05
1332,1.3197237,2.4523586e-05
1332,1.3197207,2.4590641e-05
1332,1.3197176,2.4693087e-05
1332,1.3197146,2.4760142e-05
1333,1.3197116,2.4860725e-05
1333,1.3197086,2.4929643e-05
1333,1.3197056,2.4998561e-05
1333,1.3197026,2.5108457e-05
1333,1.3196995,2.5182962e-05
1333,1.3196965,2.5296584e-05
1334,1.3196935,2.5374815e-05
1334,1.3196905,2.5490299e-05
1334,1.3196875,2.556853e-05
1334,1.3196844,2.5646761e-05
1334,1.3196814,2.5764108e-05
1334,1.3196784,2.5842339e-05
1335,1.3196753,2.5961548e-05
1335,1.3196723,2.6041642e-05
1335,1.3196693,2.6123598e-05
1335,1.3196662,2.624467e-05
1335,1.3196632,2.6326627e-05
1335,1.3196602,2.6449561e-05
1336,1.3196571,2.653338e-05
1336,1.3196541,2.6617199e-05
1336,1.3196511,2.6745722e-05
1336,1.319648,2.6831403e-05
1336,1.319645,2.6958063e-05
1336,1.319642,2.704002e-05
1337,1.3196389,2.7155504e-05
1337,1.3196359,2.7230009e-05
1337,1.3196329,2.7302653e-05
1337,1.3196298,2.7410686e-05
1337,1.3196268,2.7485192e-05
1338,1.3196237,2.7595088e-05
1338,1.3196207,2.7669594e-05
1338,1.3196176,2.7742237e-05
1338,1.3196146,2.7852133e-05
1338,1.3196115,2.7922913e-05
1338,1.3196084,2.8030947e-05
1339,1.3196054,2.810359e-05
1339,1.3196023,2.8174371e-05
1339,1.3195992,2.8280541e-05
1339,1.3195962,2.8349459e-05
1339,1.3195931,2.845563e-05
1339,1.31959,2.8522685e-05
1340,1.3195869,2.8591603e-05
1340,1.3195838,2.8694049e-05
1340,1.3195807,2.8762966e-05
1340,1.3195776,2.8872862e-05
1340,1.3195745,2.8951094e-05
1340,1.3195714,2.9070303e-05
1341,1.3195684,2.9152259e-05
1341,1.3195653,2.9236078e-05
1341,1.3195622,2.935715e-05
1341,1.319559,2.9439107e-05
1341,1.319556,2.9562041e-05
1341,1.3195528,2.9643998e-05
1342,1.3195497,2.9727817e-05
1342,1.3195466,2.9852614e-05
1342,1.3195435,2.9938295e-05
1342,1.3195404,3.0064955e-05
1342,1.3195373,3.0150637e-05
1343,1.3195342,3.0236319e-05
1343,1.319531,3.0366704e-05
1343,1.3195279,3.0454248e-05
1343,1.3195248,3.0586496e-05
1343,1.3195217,3.0675903e-05
1343,1.3195186,3.0810013e-05
1344,1.3195155,3.089942e-05
1344,1.3195123,3.0986965e-05
1344,1.3195092,3.1121075e-05
1344,1.3195061,3.1210482e-05
1344,1.3195029,3.134273e-05
1344,1.3194998,3.1434e-05
1345,1.3194967,3.1523407e-05
1345,1.3194935,3.165938e-05
1345,1.3194904,3.1750649e-05
1345,1.3194873,3.1886622e-05
1345,1.3194841,3.1977892e-05
1346,1.319481,3.2071024e-05
1346,1.3194778,3.220886e-05
1346,1.3194747,3.2301992e-05
1346,1.3194716,3.2441691e-05
1346,1.3194684,3.2534823e-05
1346,1.3194653,3.2629818e-05
1347,1.3194621,3.2771379e-05
1347,1.319459,3.2868236e-05
1347,1.3194558,3.301166e-05
1347,1.3194527,3.3106655e-05
1347,1.3194496,3.3242628e-05
1347,1.3194464,3.3322722e-05
1348,1.3194433,3.3400953e-05
1348,1.3194402,3.3508986e-05
1348,1.319437,3.3576041e-05
1348,1.3194339,3.3682212e-05
1348,1.3194307,3.3752993e-05
1348,1.3194275,3.3821911e-05
1349,1.3194244,3.3924356e-05
1349,1.3194212,3.3991411e-05
1349,1.319418,3.4088269e-05
1349,1.3194149,3.4151599e-05
1349,1.3194117,3.4214929e-05
1350,1.3194085,3.4306198e-05
1350,1.3194053,3.4365803e-05
1350,1.3194021,3.4451485e-05
1350,1.3193989,3.4509227e-05
1350,1.3193957,3.458932e-05
1350,1.3193925,3.4641474e-05
1351,1.3193893,3.4693629e-05
1351,1.3193861,3.4773722e-05
1351,1.3193829,3.4831464e-05
1351,1.3193796,3.4928322e-05
1351,1.3193764,3.499724e-05
1351,1.3193731,3.5069883e-05
1352,1.3193699,3.5177916e-05
1352,1.3193667,3.5248697e-05
1352,1.3193634,3.5354868e-05
1352,1.3193602,3.5425648e-05
1352,1.3193569,3.5494566e-05
1353,1.3193537,3.5602599e-05
1353,1.3193504,3.567338e-05
1353,1.3193472,3.5781413e-05
1353,1.3193439,3.5854056e-05
1353,1.3193407,3.5963953e-05
1353,1.3193374,3.6038458e-05
1354,1.3193341,3.6111102e-05
1354,1.3193309,3.622286e-05
1354,1.3193276,3.6297366e-05
1354,1.3193243,3.6410987e-05
1354,1.319321,3.6485493e-05
1354,1.3193178,3.6561862e-05
1355,1.3193145,3.6671758e-05
1355,1.3193112,3.6744401e-05
1355,1.3193079,3.6852434e-05
1355,1.3193046,3.6923215e-05
1355,1.3193013,3.6993995e-05
1356,1.319298,3.7102029e-05
1356,1.3192947,3.7174672e-05
1356,1.3192914,3.7282705e-05
1356,1.3192881,3.7355348e-05
1356,1.3192848,3.7426129e-05
1356,1.3192815,3.7534162e-05
1357,1.3192782,3.7606806e-05
1357,1.3192748,3.7714839e-05
1357,1.3192715,3.7787482e-05
1357,1.3192682,3.7895516e-05
1357,1.3192648,3.7966296e-05
1357,1.3192615,3.8038939e-05
1358,1.3192582,3.8146973e-05
1358,1.3192548,3.8217753e-05
1358,1.3192515,3.8325787e-05
1358,1.3192481,3.839843e-05
1358,1.3192448,3.8472936e-05
1359,1.3192414,3.858842e-05
1359,1.319238,3.8664788e-05
1359,1.3192346,3.8782135e-05
1359,1.3192313,3.8860366e-05
1359,1.3192279,3.8938597e-05
1359,1.3192245,3.9055943e-05
1360,1.3192211,3.9136037e-05
1360,1.3192177,3.9255247e-05
1360,1.3192143,3.9333478e-05
1360,1.3192109,3.945455e-05
1360,1.3192075,3.9534643e-05
1361,1.3192041,3.9614737e-05
1361,1.3192007,3.9737672e-05
1361,1.3191973,3.9819628e-05
1361,1.3191939,3.9942563e-05
1361,1.3191905,4.0024519e-05
1361,1.319187,4.0106475e-05
1362,1.3191836,4.022941e-05
1362,1.3191801,4.0313229e-05
1362,1.3191767,4.0443614e-05
1362,1.3191732,4.0534884e-05
1362,1.3191698,4.0628016e-05
1362,1.3191663,4.077144e-05
1363,1.3191628,4.087016e-05
1363,1.3191594,4.1017309e-05
1363,1.3191559,4.1116029e-05
1363,1.3191524,4.1265041e-05
1363,1.319149,4.1365623e-05
1364,1.3191455,4.1468069e-05
1364,1.319142,4.1622669e-05
1364,1.3191385,4.1726977e-05
1364,1.319135,4.1885301e-05
1364,1.3191315,4.1991472e-05
1364,1.319128,4.2099506e-05
1365,1.3191245,4.2263418e-05
1365,1.319121,4.2373314e-05
1365,1.3191175,4.2540953e-05
1365,1.319114,4.2654574e-05
1365,1.3191104,4.2768195e-05
1366,1.3191069,4.2939559e-05
1366,1.3191034,4.3055043e-05
1366,1.3190999,4.3224543e-05
1366,1.3190963,4.3338165e-05
1366,1.3190928,4.3453649e-05
1366,1.3190892,4.3625012e-05
1367,1.3190857,4.3740496e-05
1367,1.3190821,4.3915585e-05
1367,1.3190785,4.4032931e-05
1367,1.319075,4.4209883e-05
1367,1.3190714,4.4329092e-05
1368,1.3190678,4.4448301e-05
1368,1.3190642,4.4628978e-05
1368,1.3190606,4.4751912e-05
1368,1.3190571,4.4934452e-05
1368,1.3190535,4.5057386e-05
1368,1.3190498,4.5180321e-05
1369,1.3190462,4.5366585e-05
1369,1.3190426,4.548952e-05
1369,1.3190389,4.5675784e-05
1369,1.3190353,4.5802444e-05
1369,1.3190316,4.5932829e-05
1370,1.3190279,4.6147034e-05
1370,1.3190242,4.6301633e-05
1370,1.3190206,4.6547502e-05
1370,1.3190169,4.6718866e-05
1370,1.3190132,4.6975911e-05
1370,1.3190095,4.7149137e-05
1371,1.3190058,4.7324225e-05
1371,1.3190021,4.7588721e-05
1371,1.3189985,4.7767535e-05
1371,1.3189948,4.8045069e-05
1371,1.3189911,4.8233196e-05
1371,1.3189873,4.8425049e-05
1372,1.3189836,4.8715621e-05
1372,1.3189799,4.8913062e-05
1372,1.3189762,4.921481e-05
1372,1.3189724,4.9417838e-05
1372,1.3189687,4.9626455e-05
1373,1.318965,4.9943104e-05
1373,1.3189612,5.0157309e-05
1373,1.3189575,5.0481409e-05
1373,1.3189538,5.0701201e-05
1373,1.31895,5.0920993e-05
1373,1.3189462,5.1250681e-05
1374,1.3189425,5.1472336e-05
1374,1.3189387,5.1807612e-05
1374,1.3189349,5.2036718e-05
1374,1.3189312,5.2381307e-05
1374,1.3189274,5.2616e-05
1375,1.3189236,5.2852556e-05
1375,1.3189198,5.3212047e-05
1375,1.318916,5.345419e-05
1375,1.3189122,5.3819269e-05
1375,1.3189084,5.4067001e-05
1376,1.3189046,5.4316595e-05
1376,1.3189007,5.4696575e-05
1376,1.3188969,5.4951757e-05
1376,1.3188931,5.5337325e-05
1376,1.3188892,5.5596232e-05
1376,1.3188853,5.5857003e-05
1377,1.3188814,5.6253746e-05
1377,1.3188775,5.652383e-05
1377,1.3188736,5.694665e-05
1377,1.3188697,5.7246536e-05
1377,1.3188658,5.771406e-05
1378,1.3188619,5.803816e-05
1378,1.318858,5.8369711e-05
1378,1.3188541,5.8865175e-05
1378,1.3188502,5.9200451e-05
1378,1.3188463,5.9710816e-05
1378,1.3188424,6.0053542e-05
1379,1.3188384,6.0405582e-05
1379,1.3188344,6.0940161e-05
1379,1.3188305,6.1301515e-05
1379,1.3188265,6.185472e-05
1379,1.3188226,6.2227249e-05
1380,1.3188186,6.2607229e-05
1380,1.3188146,6.3182786e-05
1380,1.3188106,6.3573942e-05
1380,1.3188066,6.41644e-05
1380,1.3188027,6.4563006e-05
1380,1.3187987,6.5172091e-05
1381,1.3187947,6.5589324e-05
1381,1.3187907,6.6021457e-05
1381,1.3187866,6.6703185e-05
1381,1.3187826,6.7172572e-05
1381,1.3187786,6.7900866e-05
1382,1.3187746,6.8394467e-05
1382,1.3187705,6.8891793e-05
1382,1.3187664,6.964989e-05
1382,1.3187624,7.016398e-05
1382,1.3187583,7.0948154e-05
1382,1.3187543,7.148087e-05
1383,1.3187503,7.2021037e-05
1383,1.3187462,7.2846189e-05
1383,1.3187422,7.3404983e-05
1383,1.3187382,7.4256212e-05
1383,1.3187343,7.4833632e-05
1384,1.3187301,7.5418502e-05
1384,1.318726,7.6308846e-05
1384,1.3187219,7.6912344e-05
1384,1.3187179,7.783249e-05
1384,1.3187139,7.8452751e-05
1385,1.3187098,7.9397112e-05
1385,1.3187058,8.0028549e-05
1385,1.3187017,8.0665573e-05
1385,1.3186977,8.1630424e-05
1385,1.3186937,8.2280487e-05
1385,1.3186897,8.3265826e-05
1386,1.3186857,8.393079e-05
1386,1.3186816,8.4603205e-05
1386,1.3186775,8.5623935e-05
1386,1.3186735,8.6311251e-05
1386,1.3186695,8.7354332e-05
1387,1.3186654,8.8058412e-05
1387,1.3186613,8.8769943e-05
1387,1.3186572,8.9846551e-05
1387,1.3186531,9.0572983e-05
1387,1.318649,9.1675669e-05
1387,1.3186449,9.2417002e-05
1388,1.3186408,9.3540177e-05
1388,1.3186367,9.4290823e-05
1388,1.3186326,9.5050782e-05
1388,1.3186285,9.621121e-05
1388,1.3186244,9.7006559e-05
1389,1.3186203,9.826757e-05
1389,1.3186163,9.9137425e-05
1389,1.3186121,0.0001000315
1389,1.3186078,0.00010140799
1389,1.3186037,0.00010232814
1390,1.3185996,0.00010372885
1390,1.3185955,0.00010467507
1390,1.3185913,0.00010563061
1390,1.3185872,0.00010708906
1390,1.3185831,0.00010807626
1390,1.3185791,0.00010958128
1391,1.318575,0.00011059828
1391,1.318571,0.000112148
1391,1.318567,0.00011319481
1391,1.318563,0.00011425465
1391,1.3185589,0.00011586584
1392,1.3185549,0.00011695363
1392,1.3185509,0.00011860766
1392,1.3185469,0.00011972524
1392,1.3185428,0.00012085587
1392,1.3185387,0.00012257881
1393,1.3185347,0.00012375042
1393,1.3185307,0.00012553297
1393,1.3185268,0.00012673996
1393,1.3185228,0.00012796
1393,1.3185189,0.00012981147
1393,1.318515,0.0001310613
1394,1.3185113,0.00013295934
1394,1.3185076,0.00013424084
1394,1.3185035,0.00013553537
1394,1.3184995,0.00013750233
1394,1.3184956,0.00013882853
1395,1.3184917,0.00014084391
1395,1.3184879,0.00014220178
1395,1.3184842,0.00014426187
1395,1.3184805,0.0001456514
1395,1.3184767,0.00014705397
1396,1.318473,0.00014919788
1396,1.3184694,0.00015064515
1396,1.3184659,0.00015282817
1396,1.3184625,0.00015428104
1396,1.3184591,0.00015569851
1396,1.3184555,0.00015775114
1397,1.3184521,0.00015909038
1397,1.3184487,0.00016106479
1397,1.3184453,0.00016238727
1397,1.3184417,0.0001637321
1397,1.3184381,0.00016575679
1398,1.3184347,0.00016711652
1398,1.3184312,0.00016915798
1398,1.3184278,0.00017051585
1398,1.3184244,0.00017255545
1398,1.3184211,0.00017391518
1399,1.3184178,0.00017527863
1399,1.3184145,0.00017732568
1399,1.3184112,0.00017869286
1399,1.3184081,0.00018074736
1399,1.318405,0.00018211827
1399,1.3184016,0.00018350035
1400,1.3183981,0.00018557161
1400,1.318395,0.00018694997
1400,1.3183918,0.00018899888
1400,1.3183886,0.00019032136
1400,1.3183855,0.00019162521
1401,1.3183824,0.00019354559
1401,1.3183793,0.00019480661
1401,1.3183762,0.00019670278
1401,1.3183732,0.00019796938
1401,1.3183701,0.00019923225
1402,1.3183669,0.0002011247
1402,1.3183637,0.00020238012
1402,1.3183606,0.00020424835
1402,1.3183576,0.00020548888
1402,1.3183547,0.00020734034
1402,1.3183516,0.00020856783
1403,1.3183485,0.00020979159
1403,1.3183454,0.00021161698
1403,1.3183423,0.0002128277
1403,1.3183393,0.0002146326
1403,1.3183362,0.00021582842
1404,1.3183332,0.00021702051
1404,1.3183302,0.00021880493
1404,1.3183272,0.00021999516
1404,1.3183243,0.00022180751
1404,1.3183214,0.00022302195
1405,1.3183183,0.00022424385
1405,1.3183151,0.00022607855
1405,1.318312,0.000227293
1405,1.318309,0.00022910908
1405,1.3183061,0.00023031607
1406,1.3183032,0.00023212098
1406,1.3183002,0.00023332238
1406,1.3182973,0.00023452379
1406,1.3182944,0.0002363231
1406,1.3182915,0.00023752078
1406,1.3182887,0.00023931451
1407,1.3182859,0.00024050847
1407,1.318283,0.00024170056
1407,1.3182801,0.00024348497
1407,1.3182772,0.0002446752
1407,1.3182745,0.00024646148
1408,1.3182717,0.00024764612
1408,1.3182688,0.00024882704
1408,1.3182659,0.00025057606
1408,1.3182632,0.00025172159
1408,1.3182604,0.0002534166
1409,1.3182577,0.00025453418
1409,1.3182549,0.00025619939
1409,1.3182522,0.00025730953
1409,1.3182495,0.00025841407
1409,1.3182468,0.00026006624
1410,1.3182441,0.00026116334
1410,1.3182416,0.00026279502
1410,1.318239,0.00026387721
1410,1.3182362,0.00026495568
1410,1.3182334,0.00026656315
1411,1.3182307,0.00026762858
1411,1.3182281,0.00026921742
1411,1.3182254,0.00027027167
1411,1.3182228,0.00027132034
1411,1.3182202,0.00027289242
1411,1.3182176,0.00027393736
1412,1.3182151,0.00027548708
1412,1.3182127,0.00027650222
1412,1.3182101,0.0002774857
1412,1.3182076,0.00027889572
1412,1.318205,0.00027980283
1413,1.3182025,0.00028112158
1413,1.3182,0.00028198957
1413,1.3181976,0.0002832897
1413,1.3181951,0.00028414652
1413,1.3181925,0.00028499588
1414,1.3181899,0.00028624758
1414,1.3181873,0.00028706342
1414,1.3181848,0.00028826855
1414,1.3181823,0.00028905645
1414,1.3181797,0.00028983317
1415,1.3181772,0.0002909787
1415,1.3181747,0.00029172748
1415,1.3181722,0.00029283203
1415,1.3181697,0.00029355474
1415,1.3181671,0.00029425882
1416,1.3181644,0.00029529445
1416,1.3181617,0.00029597618
1416,1.3181591,0.00029699318
1416,1.3181564,0.00029768981
1416,1.3181538,0.00029874407
1416,1.3181512,0.00029945187
1417,1.3181485,0.00030016154
1417,1.3181459,0.00030120276
1417,1.3181433,0.00030188262
1417,1.3181407,0.00030288659
1417,1.3181381,0.00030354597
1418,1.3181355,0.00030419976
1418,1.3181328,0.00030517206
1418,1.3181301,0.00030581281
1418,1.3181275,0.00030676089
1418,1.3181248,0.00030738488
1419,1.3181221,0.00030800141
1419,1.3181194,0.00030891597
1419,1.3181167,0.00030951761
1419,1.318114,0.00031040236
1419,1.3181113,0.00031097792
1420,1.3181085,0.00031183474
1420,1.3181057,0.0003124103
1420,1.318103,0.0003129933
1420,1.3181001,0.00031394325
1420,1.3180973,0.00031460077
1421,1.3180946,0.0003156215
1421,1.3180919,0.00031631626
1421,1.3180891,0.00031699054
1421,1.3180863,0.00031800196
1421,1.3180835,0.00031867251
1422,1.3180808,0.00031967647
1422,1.318078,0.00032035261
1422,1.3180752,0.00032103062
1422,1.3180725,0.00032205135
1422,1.3180698,0.00032273494
1423,1.3180671,0.00032376125
1423,1.3180644,0.00032444671
1423,1.3180617,0.00032513589
1423,1.3180589,0.00032616965
1423,1.3180562,0.00032686628
1423,1.3180535,0.00032792054
1424,1.3180509,0.00032861903
1424,1.3180484,0.00032965653
1424,1.3180458,0.00033032149
1424,1.3180432,0.00033095479
1424,1.3180406,0.00033186749
1425,1.3180379,0.00033245608
1425,1.3180353,0.00033332594
1425,1.3180327,0.00033391453
1425,1.3180301,0.0003344994
1425,1.3180275,0.00033537298
1426,1.3180249,0.00033595227
1426,1.3180223,0.0003368035
1426,1.3180198,0.00033736601
1426,1.3180171,0.00033792481
1426,1.3180144,0.00033875182
1427,1.3180118,0.00033929758
1427,1.3180091,0.00034010597
1427,1.3180065,0.00034064054
1427,1.318004,0.00034143217
1427,1.3180013,0.00034195557
1428,1.3179987,0.00034247339
1428,1.3179961,0.0003432408
1428,1.3179935,0.00034374371
1428,1.317991,0.00034447573
1428,1.3179884,0.00034494884
1429,1.3179858,0.00034541264
1429,1.3179832,0.00034609251
1429,1.3179806,0.00034653582
1429,1.317978,0.00034719519
1429,1.3179754,0.00034762733
1430,1.3179727,0.00034805387
1430,1.3179701,0.00034868158
1430,1.3179674,0.00034909137
1430,1.3179648,0.000349693
1430,1.3179621,0.00035008602
1431,1.3179595,0.00035047345
1431,1.3179568,0.00035104342
1431,1.3179541,0.00035141408
1431,1.3179515,0.00035195798
1431,1.3179488,0.00035231374
1432,1.3179461,0.00035281479
1432,1.3179434,0.00035314448
1432,1.3179406,0.0003534779
1432,1.3179378,0.00035399385
1432,1.3179349,0.00035439618
1433,1.3179321,0.00035504997
1433,1.3179293,0.00035551563
1433,1.3179264,0.00035599992
1433,1.3179237,0.00035671145
1433,1.3179209,0.00035717525
1434,1.3179182,0.00035787188
1434,1.3179155,0.00035833381
1434,1.3179128,0.00035880134
1434,1.31791,0.00035951473
1434,1.3179073,0.00035999529
1435,1.3179046,0.00036072172
1435,1.3179019,0.00036120974
1435,1.3178993,0.00036194734
1435,1.3178967,0.00036244467
1435,1.317894,0.00036294386
1436,1.3178914,0.00036370941
1436,1.3178888,0.0003642384
1436,1.3178863,0.0003650263
1436,1.3178839,0.00036553107
1436,1.3178815,0.00036600605
1437,1.3178792,0.0003665369
1437,1.3178768,0.00036682375
1437,1.3178744,0.00036716275
1437,1.317872,0.00036734156
1437,1.3178695,0.00036755018
1438,1.317867,0.0003678482
1438,1.3178645,0.00036803633
1438,1.3178619,0.00036830083
1438,1.3178594,0.00036844984
1438,1.3178569,0.00036864541
1439,1.3178543,0.00036875904
1439,1.3178517,0.00036885776
1439,1.3178491,0.00036897697
1439,1.3178465,0.0003690403
1439,1.3178439,0.00036910735
1440,1.3178412,0.00036913343
1440,1.3178385,0.00036913343
1440,1.3178358,0.00036909245
1440,1.317833,0.00036905892
1440,1.3178301,0.00036902167
1441,1.3178271,0.00036905706
1441,1.3178241,0.00036916509
1441,1.3178212,0.00036940351
1441,1.3178182,0.0003696084
1441,1.3178153,0.0003699325
1442,1.3178124,0.00037011877
1442,1.3178096,0.00037030503
1442,1.3178067,0.00037057884
1442,1.3178038,0.00037075765
1442,1.317801,0.00037105009
1443,1.3177981,0.00037124939
1443,1.3177953,0.000371553
1443,1.3177924,0.00037175789
1443,1.3177895,0.00037196837
1443,1.3177866,0.00037228875
1444,1.3177838,0.00037250482
1444,1.3177809,0.00037283823
1444,1.3177781,0.00037307106
1444,1.3177753,0.00037330762
1444,1.3177725,0.00037366152
1445,1.3177697,0.00037388876
1445,1.317767,0.00037418492
1445,1.3177642,0.0003743507
1445,1.3177615,0.00037450157
1445,1.3177587,0.00037470087
1446,1.3177559,0.00037483126
1446,1.3177531,0.00037503615
1446,1.3177503,0.00037517212
1446,1.3177475,0.00037537515
1446,1.3177447,0.00037550554
1447,1.3177418,0.00037563033
1447,1.317739,0.00037581101
1447,1.3177362,0.00037592836
1447,1.3177334,0.00037609786
1447,1.3177306,0.00037620589
1448,1.3177277,0.00037631206
1448,1.3177249,0.0003764648
1448,1.3177221,0.00037656166
1448,1.3177193,0.00037669949
1448,1.3177164,0.00037678704
1449,1.3177136,0.00037687272
1449,1.3177107,0.00037700124
1449,1.3177078,0.00037709437
1449,1.317705,0.00037723593
1449,1.3177021,0.00037733279
1450,1.3176992,0.00037743151
1450,1.3176964,0.00037757307
1450,1.3176935,0.00037766248
1450,1.3176906,0.00037779473
1450,1.3176878,0.00037787855
1451,1.3176849,0.00037800334
1451,1.3176821,0.0003780853
1451,1.3176792,0.00037816539
1451,1.3176763,0.00037828274
1451,1.3176735,0.00037835911
1452,1.3176706,0.00037846901
1452,1.3176678,0.00037854165
1452,1.3176649,0.00037861243
1452,1.317662,0.00037871487
1452,1.3176592,0.00037878379
1453,1.3176563,0.00037888251
1453,1.3176535,0.00037894398
1453,1.3176506,0.00037899986
1453,1.3176478,0.00037906505
1453,1.317645,0.00037909858
1454,1.3176421,0.00037913956
1454,1.3176393,0.00037915818
1454,1.3176364,0.00037918985
1454,1.3176336,0.00037920661
1454,1.3176307,0.00037922151
1455,1.3176279,0.00037923828
1455,1.317625,0.00037924573
1455,1.3176221,0.00037924945
1455,1.3176193,0.00037924759
1455,1.3176164,0.000379242
1456,1.3176136,0.00037922896
1456,1.3176107,0.00037921593
1456,1.3176078,0.00037919171
1456,1.317605,0.00037916936
1457,1.3176021,0.00037914701
1457,1.3175993,0.00037910417
1457,1.3175964,0.0003790725
1457,1.3175935,0.00037901849
1457,1.3175907,0.00037897751
1458,1.3175878,0.00037891231
1458,1.3175849,0.00037886389
1458,1.3175821,0.00037881359
1458,1.3175792,0.00037872978
1458,1.3175763,0.00037867017
1459,1.3175735,0.00037857704
1459,1.3175706,0.00037850812
1459,1.3175678,0.0003784392
1459,1.3175649,0.00037832744
1459,1.317562,0.00037824921
1460,1.3175592,0.00037812442
1460,1.3175563,0.00037803873
1460,1.3175535,0.00037794933
1460,1.3175506,0.00037780777
1460,1.3175478,0.00037771091
1461,1.317545,0.00037755817
1461,1.3175422,0.00037746318
1461,1.3175394,0.00037736446
1461,1.3175366,0.00037719868
1461,1.3175339,0.00037707016
1462,1.3175311,0.00037680566
1462,1.3175284,0.00037658215
1462,1.3175256,0.00037619285
1462,1.3175228,0.00037590414
1462,1.31752,0.00037560984
1463,1.3175172,0.0003751684
1463,1.3175144,0.00037486292
1463,1.3175115,0.00037439354
1463,1.3175087,0.00037406385
1463,1.3175059,0.00037372112
1464,1.317503,0.00037318468
1464,1.3175001,0.00037281401
1464,1.3174973,0.00037223659
1464,1.3174943,0.00037183799
1465,1.3174914,0.00037142634
1465,1.3174885,0.00037079118
1465,1.3174855,0.0003703516
1465,1.3174825,0.00036965497
1465,1.3174795,0.00036917813
1466,1.3174763,0.00036846288
1466,1.3174731,0.00036799163
1466,1.31747,0.00036757253
1466,1.3174669,0.00036698207
1466,1.3174637,0.00036661327
1467,1.3174606,0.00036608055
1467,1.3174575,0.00036569871
1467,1.3174544,0.00036531314
1467,1.3174513,0.00036472268
1467,1.3174481,0.00036432222
1468,1.3174449,0.00036372431
1468,1.3174418,0.0003633257
1468,1.3174386,0.00036292523
1468,1.3174355,0.00036232173
1468,1.3174323,0.00036191754
1469,1.3174291,0.00036130846
1469,1.3174259,0.00036090054
1469,1.3174227,0.00036028586
1469,1.3174195,0.00035987236
1470,1.3174163,0.00035945699
1470,1.3174131,0.000358833
1470,1.3174099,0.00035841577
1470,1.3174066,0.00035779737
1470,1.3174034,0.00035739131
1471,1.3174001,0.00035699084
1471,1.3173968,0.0003563948
1471,1.3173936,0.00035599992
1471,1.3173903,0.00035540015
1471,1.3173869,0.00035500154
1472,1.3173837,0.00035460107
1472,1.3173805,0.00035399944
1472,1.3173773,0.00035359897
1472,1.317374,0.0003529992
1472,1.3173708,0.00035259873
1473,1.3173675,0.00035219826
1473,1.3173643,0.00035159849
1473,1.317361,0.00035119988
1473,1.3173577,0.00035060011
1473,1.3173545,0.00035019964
1474,1.3173512,0.00034961104
1474,1.3173479,0.00034922361
1474,1.3173448,0.00034882873
1474,1.3173416,0.00034821406
1475,1.3173385,0.00034776144
1475,1.3173353,0.00034700148
1475,1.3173321,0.00034645572
1475,1.317329,0.00034588389
1475,1.3173258,0.000345001
1476,1.3173225,0.00034441799
1476,1.3173193,0.00034353323
1476,1.317316,0.00034293532
1476,1.3173127,0.00034232996
1476,1.3173094,0.00034139492
1477,1.3173061,0.00034075975
1477,1.3173027,0.00033978932
1477,1.3172993,0.00033912994
1477,1.3172959,0.00033812225
1477,1.3172924,0.00033744052
1478,1.317289,0.00033674762
1478,1.3172857,0.00033568963
1478,1.3172822,0.00033495575
1478,1.3172786,0.00033384189
1479,1.317275,0.00033310056
1479,1.3172714,0.00033236854
1479,1.3172677,0.00033135526
1479,1.317264,0.000330735
1479,1.3172603,0.00032985955
1480,1.3172565,0.00032930635
1480,1.3172529,0.00032874942
1480,1.3172493,0.00032788701
1480,1.3172456,0.00032731146
1480,1.3172419,0.00032644533
1481,1.3172382,0.00032587163
1481,1.3172346,0.00032530725
1481,1.317231,0.0003244672
1481,1.3172273,0.00032391027
1481,1.3172236,0.00032307953
1482,1.3172199,0.00032253191
1482,1.3172162,0.00032171421
1482,1.3172125,0.00032117404
1482,1.3172087,0.00032063574
1483,1.317205,0.00031983852
1483,1.3172013,0.0003193114
1483,1.3171975,0.00031852163
1483,1.3171937,0.00031799637
1483,1.3171901,0.00031746365
1484,1.3171864,0.00031666085
1484,1.3171827,0.00031612441
1484,1.317179,0.00031531788
1484,1.3171753,0.00031478517
1484,1.3171716,0.00031425618
1485,1.3171678,0.00031346455
1485,1.3171641,0.00031293929
1485,1.3171603,0.00031215511
1485,1.3171566,0.00031163357
1486,1.3171528,0.00031085312
1486,1.317149,0.00031033531
1486,1.3171453,0.00030981936
1486,1.3171416,0.00030904822
1486,1.3171378,0.00030853599
1487,1.3171341,0.00030777231
1487,1.3171303,0.00030727126
1487,1.3171267,0.00030677952
1487,1.3171231,0.00030603632
1487,1.3171194,0.00030552596
1488,1.3171158,0.00030470453
1488,1.3171122,0.00030408986
1488,1.3171086,0.0003034398
1488,1.317105,0.00030240603
1489,1.3171013,0.00030168705
1489,1.3170975,0.00030063279
1489,1.3170938,0.00029992498
1489,1.3170899,0.00029885024
1489,1.317086,0.00029812567
1490,1.3170823,0.00029738434
1490,1.3170786,0.00029625557
1490,1.3170748,0.00029549189
1490,1.3170709,0.00029432587
1490,1.3170671,0.00029353797
1491,1.3170632,0.0002927389
1491,1.3170593,0.00029152259
1491,1.3170553,0.0002906993
1491,1.3170512,0.00028942339
1492,1.3170471,0.00028855354
1492,1.3170429,0.00028768741
1492,1.3170387,0.00028641522
1492,1.3170345,0.00028564036
1492,1.3170301,0.00028462522
1493,1.3170258,0.00028401427
1493,1.3170215,0.00028344616
1493,1.3170173,0.00028262287
1493,1.3170131,0.00028205104
1493,1.3170089,0.00028119981
1494,1.3170047,0.00028063357
1494,1.3170005,0.00027980283
1494,1.3169962,0.00027926825
1494,1.316992,0.00027874298
1495,1.3169877,0.00027797371
1495,1.3169835,0.0002774708
1495,1.3169792,0.00027673878
1495,1.316975,0.00027626194
1495,1.3169708,0.00027579442
1496,1.3169667,0.00027511269
1496,1.3169626,0.00027468614
1496,1.3169584,0.00027406029
1496,1.3169544,0.0002736412
1496,1.3169503,0.00027321279
1497,1.3169463,0.00027248636
1497,1.3169423,0.00027194619
1497,1.3169383,0.00027108006
1497,1.3169342,0.00027047284
1498,1.31693,0.00026957691
1498,1.3169259,0.00026899204
1498,1.3169217,0.00026840717
1498,1.3169176,0.00026753359
1498,1.3169134,0.00026694499
1499,1.3169092,0.00026605092
1499,1.3169051,0.00026545115
1499,1.3169009,0.00026484951
1499,1.3168968,0.00026393868
1499,1.3168926,0.00026332773
1500,1.3168884,0.00026240386
1500,1.3168841,0.00026178546
1500,1.3168799,0.00026116148
1500,1.3168756,0.00026020966
1501,1.3168714,0.0002595745
1501,1.316867,0.00025862455
1501,1.3168626,0.00025800243
1501,1.3168582,0.00025713071
1501,1.3168537,0.00025657192
1502,1.3168494,0.00025602803
1502,1.3168451,0.0002552364
1502,1.3168408,0.0002546981
1502,1.3168364,0.00025389344
1503,1.3168321,0.00025335699
1503,1.3168277,0.00025282428
1503,1.3168234,0.00025203079
1503,1.316819,0.00025150739
1503,1.3168146,0.0002507288
1504,1.3168102,0.00025021285
1504,1.3168058,0.00024970062
1504,1.3168015,0.0002489388
1504,1.3167971,0.00024843588
1504,1.3167927,0.00024768524
1505,1.3167883,0.00024719164
1505,1.316784,0.00024670549
1505,1.3167797,0.00024597719
1505,1.3167753,0.00024549104
1506,1.316771,0.00024473853
1506,1.3167667,0.00024421141
1506,1.3167624,0.00024339743
1506,1.316758,0.00024284236
1506,1.3167536,0.00024227984
1507,1.3167492,0.00024145283
1507,1.3167448,0.00024089962
1507,1.3167403,0.00024007261
1507,1.3167358,0.0002395194
1508,1.3167315,0.00023896247
1508,1.3167272,0.00023812614
1508,1.3167227,0.00023756549
1508,1.3167183,0.00023671985
1508,1.3167139,0.00023615547
1509,1.3167094,0.00023558922
1509,1.316705,0.00023473613
1509,1.3167005,0.00023416616
1509,1.316696,0.00023330376
1510,1.3166915,0.00023272447
1510,1.3166869,0.00023185834
1510,1.3166823,0.00023128465
1510,1.3166778,0.00023072399
1510,1.3166732,0.00022990443
1511,1.3166687,0.00022936985
1511,1.3166641,0.00022858009
1511,1.3166595,0.00022805482
1511,1.316655,0.00022752769
1512,1.3166504,0.00022673607
1512,1.3166458,0.00022620708
1512,1.3166413,0.00022541918
1512,1.3166367,0.00022489578
1512,1.316632,0.0002243761
1513,1.3166274,0.00022359751
1513,1.3166228,0.0002230797
1513,1.3166181,0.00022230856
1513,1.3166134,0.00022179447
1514,1.3166089,0.00022128411
1514,1.3166043,0.00022052042
1514,1.3165997,0.00022001378
1514,1.3165951,0.00021925569
1514,1.3165904,0.00021875277
1515,1.3165858,0.00021800026
1515,1.3165811,0.00021750107
1515,1.3165764,0.00021700189
1515,1.3165718,0.00021625869
1515,1.3165671,0.00021576509
1516,1.3165624,0.00021502748
1516,1.3165576,0.00021453761
1516,1.3165529,0.00021404959
1516,1.3165483,0.0002133213
1517,1.3165436,0.00021283701
1517,1.3165388,0.0002121143
1517,1.3165341,0.00021163374
1517,1.3165294,0.00021115504
1517,1.3165247,0.00021044165
1518,1.31652,0.00020996667
1518,1.3165153,0.00020925887
1518,1.3165105,0.00020878762
1518,1.3165058,0.0002080854
1519,1.316501,0.00020761974
1519,1.3164963,0.00020715408
1519,1.3164915,0.00020645931
1519,1.3164867,0.00020599924
1519,1.3164819,0.00020531006
1520,1.316477,0.00020485371
1520,1.3164723,0.00020439737
1520,1.3164676,0.0002037175
1520,1.3164628,0.00020326674
1521,1.316458,0.00020259246
1521,1.3164532,0.00020214543
1521,1.3164484,0.00020170026
1521,1.3164436,0.00020103529
1522,1.3164387,0.00020059384
1522,1.3164339,0.00019993447
1522,1.316429,0.00019949675
1522,1.3164242,0.00019884296
1522,1.3164193,0.00019840896
1523,1.3164144,0.00019797683
1523,1.3164096,0.00019733235
1523,1.3164047,0.00019690208
1523,1.3163998,0.00019625761
1524,1.3163949,0.00019583106
1524,1.31639,0.0001954101
1524,1.3163851,0.00019480102
1524,1.3163802,0.00019441545
1524,1.3163752,0.00019385852
1525,1.3163703,0.00019350275
1525,1.3163654,0.00019315444
1525,1.3163605,0.00019262731
1525,1.3163555,0.00019228272
1526,1.3163506,0.00019177049
1526,1.3163456,0.00019143336
1526,1.3163407,0.00019110367
1526,1.3163358,0.00019061938
1526,1.3163309,0.00019030087
1527,1.316326,0.00018983334
1527,1.3163211,0.00018952787
1527,1.3163162,0.00018907897
1527,1.3163113,0.00018878467
1528,1.3163064,0.00018849596
1528,1.3163015,0.00018808059
1528,1.3162966,0.00018781051
1528,1.3162918,0.00018740818
1528,1.3162869,0.00018713437
1529,1.3162821,0.00018684007
1529,1.3162773,0.0001863502
1529,1.3162725,0.00018600561
1529,1.3162676,0.00018546544
1530,1.3162628,0.00018510409
1530,1.3162579,0.00018475205
1530,1.3162531,0.00018422306
1530,1.3162482,0.00018387102
1530,1.3162434,0.00018334202
1531,1.3162385,0.0001829844
1531,1.3162336,0.00018244609
1531,1.3162287,0.00018208288
1531,1.3162238,0.00018172152
1532,1.3162189,0.00018117204
1532,1.316214,0.0001808051
1532,1.316209,0.0001802519
1532,1.3162041,0.00017988123
1533,1.3161992,0.00017950498
1533,1.3161943,0.00017894059
1533,1.3161894,0.00017856434
1533,1.3161845,0.00017799996
1533,1.3161795,0.00017763302
1534,1.3161746,0.0001772698
1534,1.3161696,0.0001767315
1534,1.3161647,0.00017637573
1534,1.3161597,0.00017583929
1535,1.3161547,0.00017548166
1535,1.3161497,0.00017493963
1535,1.3161447,0.00017458014
1535,1.3161398,0.00017421879
1535,1.3161348,0.00017367862
1536,1.3161298,0.00017331913
1536,1.3161248,0.00017277896
1536,1.3161199,0.00017241947
1536,1.3161149,0.00017205998
1537,1.31611,0.00017151982
1537,1.316105,0.00017115846
1537,1.3161,0.00017062202
1537,1.316095,0.00017026812
1538,1.31609,0.00016991235
1538,1.3160851,0.00016937032
1538,1.3160801,0.00016899966
1538,1.3160751,0.00016839057
1538,1.3160701,0.00016796589
1539,1.3160652,0.0001675263
1539,1.3160603,0.00016684458
1539,1.3160553,0.00016639382
1539,1.3160503,0.00016571395
1540,1.3160453,0.00016525574
1540,1.3160402,0.0001645647
1540,1.3160351,0.00016409345
1540,1.3160301,0.00016361848
1541,1.316025,0.00016289577
1541,1.3160199,0.00016240962
1541,1.3160147,0.00016167015
1541,1.3160096,0.00016117096
1541,1.3160044,0.00016066618
1542,1.3159993,0.0001599025
1542,1.3159941,0.00015937723
1542,1.3159888,0.00015857071
1542,1.3159835,0.00015803427
1543,1.3159782,0.000157509
1543,1.3159728,0.00015678443
1543,1.3159674,0.00015637279
1543,1.315962,0.00015582517
1543,1.3159566,0.00015550107
1544,1.3159512,0.00015503541
1544,1.3159458,0.00015471131
1544,1.3159405,0.00015438907
1544,1.3159351,0.00015391223
1545,1.3159297,0.00015359931
1545,1.3159243,0.00015315972
1545,1.3159189,0.00015287474
1545,1.3159136,0.00015259907
1546,1.3159083,0.00015220046
1546,1.3159029,0.00015194342
1546,1.3158976,0.00015157461
1546,1.3158922,0.00015133806
1546,1.3158869,0.00015111081
1547,1.3158816,0.0001507923
1547,1.3158763,0.00015059114
1547,1.315871,0.0001502987
1547,1.3158657,0.00015010126
1548,1.3158604,0.00014988519
1548,1.3158552,0.00014952198
1548,1.31585,0.00014926307
1548,1.3158447,0.00014885701
1549,1.3158394,0.00014859065
1549,1.3158341,0.00014821254
1549,1.3158288,0.00014796481
1549,1.3158235,0.0001477208
1549,1.3158182,0.00014735758
1550,1.3158129,0.00014711544
1550,1.3158076,0.00014675595
1550,1.3158023,0.00014651753
1550,1.315797,0.00014627911
1551,1.3157917,0.00014592707
1551,1.3157864,0.00014569424
1551,1.3157811,0.00014534965
1551,1.3157758,0.00014512055
1552,1.3157705,0.00014489889
1552,1.3157653,0.0001445692
1552,1.31576,0.00014434569
1552,1.3157548,0.00014399923
1553,1.3157495,0.00014373846
1553,1.3157443,0.00014331937
1553,1.315739,0.00014302321
1553,1.3157338,0.00014271773
1553,1.3157285,0.00014225952
1554,1.3157232,0.00014195777
1554,1.3157179,0.00014150143
1554,1.3157125,0.00014119409
1554,1.3157072,0.00014088489
1555,1.3157019,0.00014040992
1555,1.3156966,0.0001400914
1555,1.3156912,0.00013960525
1555,1.3156859,0.00013927743
1556,1.3156805,0.00013894588
1556,1.3156752,0.00013844296
1556,1.3156698,0.00013810396
1556,1.3156644,0.00013758428
1556,1.315659,0.00013722852
1557,1.3156535,0.0001366958
1557,1.315648,0.00013634376
1557,1.3156425,0.00013600104
1557,1.315637,0.00013555028
1558,1.3156315,0.00013527088
1558,1.3156259,0.00013488159
1558,1.3156204,0.00013463758
1558,1.3156149,0.00013437867
1559,1.3156094,0.00013399497
1559,1.3156039,0.00013373978
1559,1.3155984,0.00013335794
1559,1.3155929,0.00013311207
1560,1.3155874,0.00013286807
1560,1.3155819,0.00013250858
1560,1.3155764,0.00013227388
1560,1.3155709,0.00013192743
1560,1.3155654,0.00013170019
1561,1.3155598,0.00013147667
1561,1.3155543,0.00013114698
1561,1.3155488,0.00013093278
1561,1.3155433,0.00013061985
1562,1.3155378,0.00013041496
1562,1.3155323,0.00013010204
1562,1.3155268,0.00012988597
1562,1.3155213,0.000129655
1563,1.3155159,0.00012929551
1563,1.3155104,0.00012904964
1563,1.3155049,0.00012867711
1563,1.3154993,0.00012843683
1564,1.3154938,0.00012819469
1564,1.3154883,0.00012783706
1564,1.3154827,0.00012759864
1564,1.3154771,0.00012723915
1564,1.3154716,0.00012699887
1565,1.315466,0.00012675859
1565,1.3154605,0.0001263991
1565,1.315455,0.00012615882
1565,1.3154494,0.00012579933
1566,1.3154438,0.00012555905
1566,1.3154382,0.00012519956
1566,1.3154326,0.00012495741
1566,1.315427,0.00012471527
1567,1.3154214,0.00012435392
1567,1.3154158,0.00012411736
1567,1.3154102,0.00012377277
1567,1.3154045,0.00012355298
1568,1.3153989,0.00012333877
1568,1.3153933,0.00012302399
1568,1.3153876,0.00012281537
1568,1.315382,0.00012250058
1568,1.3153763,0.00012229383
1569,1.3153707,0.00012208708
1569,1.3153651,0.00012177974
1569,1.3153594,0.00012157671
1569,1.3153538,0.00012127496
1570,1.3153481,0.00012107752
1570,1.3153424,0.00012078322
1570,1.3153368,0.00012058765
1570,1.3153311,0.00012039579
1571,1.3153254,0.00012010895
1571,1.3153197,0.00011992082
1571,1.315314,0.00011963956
1571,1.3153083,0.00011945516
1572,1.3153026,0.00011927262
1572,1.315297,0.00011900067
1572,1.3152913,0.00011882
1572,1.3152856,0.00011855364
1573,1.3152799,0.00011837855
1573,1.3152742,0.00011820346
1573,1.3152685,0.00011794642
1573,1.3152628,0.00011777692
1573,1.3152571,0.00011752546
1574,1.3152513,0.00011735968
1574,1.3152456,0.00011719577
1574,1.3152399,0.00011695176
1574,1.3152342,0.00011679158
1575,1.3152285,0.00011655502
1575,1.3152227,0.00011639856
1575,1.315217,0.00011616759
1575,1.3152113,0.00011601672
1576,1.3152055,0.00011586584
1576,1.3151998,0.00011564419
1576,1.3151941,0.00011550076
1576,1.3151884,0.0001152847
1577,1.3151826,0.00011514127
1577,1.3151769,0.00011499785
1577,1.3151712,0.00011476688
1577,1.3151655,0.00011460856
1578,1.3151597,0.00011436455
1578,1.315154,0.00011419877
1578,1.3151482,0.00011403859
1578,1.3151425,0.00011379831
1579,1.3151368,0.00011363812
1579,1.315131,0.0001133997
1579,1.3151252,0.00011323951
1579,1.3151195,0.00011299923
1579,1.3151137,0.00011283904
1580,1.3151079,0.00011267886
1580,1.3151022,0.00011243857
1580,1.3150964,0.00011227839
1580,1.3150906,0.00011203997
1581,1.3150848,0.00011187978
1581,1.315079,0.00011171959
1581,1.3150732,0.00011147931
1581,1.3150674,0.00011131912
1582,1.3150616,0.00011107884
1582,1.3150558,0.00011091866
1582,1.31505,0.00011075847
1582,1.3150442,0.00011051819
1583,1.3150384,0.00011035986
1583,1.3150326,0.00011011958
1583,1.3150267,0.00010995939
1583,1.3150209,0.00010979921
1584,1.3150151,0.00010955893
1584,1.3150093,0.00010939874
1584,1.3150034,0.00010915846
1584,1.3149976,0.00010899827
1585,1.3149917,0.00010875985
1585,1.3149858,0.00010859966
1585,1.31498,0.00010843948
1585,1.3149741,0.00010819919
1586,1.3149683,0.00010803901
1586,1.3149624,0.00010779873
1586,1.3149565,0.00010763854
1586,1.3149506,0.00010747835
1586,1.3149448,0.00010723807
1587,1.3149389,0.00010707974
1587,1.314933,0.00010683946
1587,1.3149271,0.00010667928
1587,1.3149212,0.00010651909
1588,1.3149153,0.00010627881
1588,1.3149094,0.00010611862
1588,1.3149034,0.00010587834
1588,1.3148975,0.00010571815
1589,1.3148916,0.00010547973
1589,1.3148856,0.00010531954
1589,1.3148797,0.00010515936
1589,1.3148738,0.00010491908
1590,1.3148678,0.00010475889
1590,1.3148619,0.00010451861
1590,1.3148559,0.00010435842
1590,1.31485,0.00010419823
1591,1.314844,0.00010395981
1591,1.314838,0.00010379963
1591,1.314832,0.00010355562
1591,1.314826,0.00010339357
1592,1.31482,0.00010323338
1592,1.314814,0.00010299869
1592,1.314808,0.0001028534
1592,1.314802,0.00010264479
1593,1.314796,0.00010251068
1593,1.3147899,0.00010231882
1593,1.3147839,0.00010218844
1593,1.3147779,0.00010205992
1594,1.3147718,0.00010186806
1594,1.3147658,0.0001017414
1594,1.3147597,0.000101557
1594,1.3147537,0.00010143407
1595,1.3147476,0.00010131486
1595,1.3147416,0.00010113791
1595,1.3147356,0.00010102242
1595,1.3147295,0.00010085106
1596,1.3147234,0.0001007393
1596,1.3147174,0.00010062754
1596,1.3147113,0.00010046735
1596,1.3147053,0.00010036305
1597,1.3146992,0.00010020658
1597,1.3146932,0.00010010414
1597,1.3146871,9.999983e-05
1597,1.3146811,9.9828467e-05
1597,1.314675,9.9709257e-05
1598,1.3146689,9.9524856e-05
1598,1.3146629,9.9398196e-05
1598,1.3146568,9.9217519e-05
1598,1.3146506,9.9096447e-05
1599,1.3146446,9.8977238e-05
1599,1.3146385,9.8798424e-05
1599,1.3146324,9.8679215e-05
1599,1.3146263,9.8498538e-05
1600,1.3146202,9.8379329e-05
1600,1.3146141,9.8258257e-05
1600,1.314608,9.8079443e-05
1600,1.3146018,9.7958371e-05
1601,1.3145957,9.7779557e-05
1601,1.3145896,9.7658485e-05
1601,1.3145834,9.7539276e-05
1601,1.3145773,9.7356737e-05
1602,1.3145711,9.7237527e-05
1602,1.314565,9.7058713e-05
1602,1.3145588,9.6941367e-05
1602,1.3145526,9.6771866e-05
1603,1.3145465,9.666197e-05
1603,1.3145403,9.6553937e-05
1603,1.3145341,9.6391886e-05
1603,1.3145279,9.6283853e-05
1604,1.3145218,9.6123666e-05
1604,1.3145156,9.6017495e-05
1604,1.3145094,9.5909461e-05
1604,1.3145032,9.5752999e-05
1605,1.314497,9.5648691e-05
1605,1.3144907,9.5492229e-05
1605,1.3144845,9.5389783e-05
1605,1.3144783,9.5289201e-05
1606,1.3144721,9.5136464e-05
1606,1.3144659,9.5035881e-05
1606,1.3144597,9.4886869e-05
1606,1.3144534,9.4786286e-05
1607,1.3144472,9.4689429e-05
1607,1.314441,9.454228e-05
1607,1.3144347,9.4445422e-05
1607,1.3144285,9.4303861e-05
1608,1.3144222,9.4210729e-05
1608,1.314416,9.4072893e-05
1608,1.3144097,9.3983486e-05
1608,1.3144034,9.3894079e-05
1609,1.3143972,9.3759969e-05
1609,1.3143909,9.3672425e-05
1609,1.3143846,9.3542039e-05
1609,1.3143783,9.3456358e-05
1610,1.3143721,9.3370676e-05
1610,1.3143658,9.3244016e-05
1610,1.3143595,9.3160197e-05
1610,1.3143532,9.3037263e-05
1611,1.3143469,9.2957169e-05
1611,1.3143406,9.2875212e-05
1611,1.3143343,9.2756003e-05
1611,1.314328,9.2677772e-05
1612,1.3143217,9.2564151e-05
1612,1.3143154,9.2489645e-05
1612,1.3143091,9.2376024e-05
1612,1.3143028,9.2297792e-05
1613,1.3142965,9.2215836e-05
1613,1.3142902,9.2083588e-05
1613,1.3142839,9.1994181e-05
1613,1.3142775,9.1854483e-05
1614,1.3142712,9.1765076e-05
1614,1.3142649,9.1673806e-05
1614,1.3142585,9.1537833e-05
1614,1.3142522,9.1448426e-05
1615,1.3142458,9.1310591e-05
1615,1.3142395,9.1219321e-05
1615,1.3142331,9.1128051e-05
1615,1.3142268,9.0988353e-05
1616,1.3142204,9.0897083e-05
1616,1.314214,9.0757385e-05
1616,1.3142076,9.066239e-05
1616,1.3142012,9.0522692e-05
1617,1.3141949,9.0427697e-05
1617,1.3141885,9.0330839e-05
1617,1.3141821,9.0187415e-05
1617,1.3141757,9.0092421e-05
1618,1.3141692,8.9952722e-05
1618,1.3141628,8.9863315e-05
1618,1.3141564,8.9775771e-05
1618,1.31415,8.9647248e-05
1619,1.3141435,8.9563429e-05
1619,1.3141371,8.9434907e-05
1619,1.3141306,8.9349225e-05
1619,1.3141242,8.9263543e-05
1620,1.3141177,8.9135021e-05
1620,1.3141113,8.9049339e-05
1620,1.3141048,8.8924542e-05
1620,1.3140984,8.8840723e-05
1621,1.3140919,8.8756904e-05
1621,1.3140854,8.8632107e-05
1621,1.3140789,8.8548288e-05
1621,1.3140724,8.8425353e-05
1622,1.3140659,8.8343397e-05
1622,1.3140594,8.8220462e-05
1622,1.3140529,8.8138506e-05
1622,1.3140464,8.8058412e-05
1623,1.3140399,8.793734e-05
1623,1.3140334,8.7860972e-05
1623,1.3140269,8.7749213e-05
1624,1.3140203,8.7678432e-05
1624,1.3140138,8.7607652e-05
1624,1.3140073,8.7505206e-05
1624,1.3140007,8.7436289e-05
1625,1.3139942,8.7333843e-05
1625,1.3139876,8.7266788e-05
1625,1.3139811,8.7199733e-05
1625,1.3139745,8.7101012e-05
1626,1.313968,8.7037683e-05
1626,1.3139614,8.6942688e-05
1626,1.3139549,8.6879358e-05
1626,1.3139483,8.6788088e-05
1627,1.3139417,8.6726621e-05
1627,1.3139351,8.6667016e-05
1627,1.3139285,8.6579472e-05
1627,1.313922,8.6523592e-05
1628,1.3139154,8.6441636e-05
1628,1.3139088,8.6385757e-05
1628,1.3139022,8.6328015e-05
1628,1.3138956,8.6234882e-05
1629,1.3138891,8.6165965e-05
1629,1.3138825,8.6057931e-05
1629,1.3138758,8.5981563e-05
1629,1.3138692,8.5907057e-05
1630,1.3138626,8.5795298e-05
1630,1.313856,8.5722655e-05
1630,1.3138494,8.5612759e-05
1630,1.3138427,8.5538253e-05
1631,1.3138361,8.5424632e-05
1631,1.3138295,8.5348263e-05
1631,1.3138228,8.5271895e-05
1631,1.3138162,8.5156411e-05
1632,1.3138095,8.507818e-05
1632,1.3138028,8.4960833e-05
1632,1.3137962,8.4882602e-05
1632,1.3137895,8.4802508e-05
1633,1.3137828,8.4681436e-05
1633,1.3137761,8.459948e-05
1633,1.3137694,8.4478408e-05
1633,1.3137626,8.4398314e-05
1634,1.3137559,8.4325671e-05
1634,1.3137492,8.4223226e-05
1634,1.3137425,8.4159896e-05
1635,1.3137357,8.4066764e-05
1635,1.313729,8.4003434e-05
1635,1.3137223,8.3940104e-05
1635,1.3137155,8.3845109e-05
1636,1.3137088,8.3781779e-05
1636,1.313702,8.3688647e-05
1636,1.3136952,8.3629042e-05
1636,1.3136885,8.3539635e-05
1637,1.3136817,8.348003e-05
1637,1.3136749,8.3422288e-05
1637,1.3136681,8.3334744e-05
1637,1.3136614,8.3278865e-05
1638,1.3136546,8.3195046e-05
1638,1.3136478,8.3139166e-05
1638,1.313641,8.3083287e-05
1638,1.3136342,8.3003193e-05
1639,1.3136273,8.2949176e-05
1639,1.3136205,8.2874671e-05
1639,1.3136137,8.2826242e-05
1639,1.3136069,8.2779676e-05
1640,1.3136,8.2714483e-05
1640,1.3135932,8.2671642e-05
1640,1.3135864,8.2608312e-05
1640,1.3135795,8.2567334e-05
1641,1.3135726,8.2505867e-05
1641,1.3135658,8.2466751e-05
1641,1.3135589,8.2429498e-05
1642,1.3135521,8.2373619e-05
1642,1.3135452,8.2338229e-05
1642,1.3135383,8.2287937e-05
1642,1.3135315,8.225441e-05
1643,1.3135246,8.2222745e-05
1643,1.3135177,8.2176179e-05
1643,1.3135108,8.2146376e-05
1643,1.3135039,8.2105398e-05
1644,1.3134971,8.2079321e-05
1644,1.3134902,8.2053244e-05
1644,1.3134833,8.2014129e-05
1644,1.3134764,8.1982464e-05
1645,1.3134695,8.1926584e-05
1645,1.3134626,8.1885606e-05
1645,1.3134557,8.1840903e-05
1645,1.3134488,8.1773847e-05
1646,1.3134419,8.1731007e-05
1646,1.3134349,8.1667677e-05
1646,1.313428,8.1624836e-05
1646,1.3134211,8.1561506e-05
1647,1.3134141,8.1518665e-05
1647,1.3134072,8.1473961e-05
1647,1.3134002,8.1408769e-05
1648,1.3133933,8.1364065e-05
1648,1.3133863,8.1295148e-05
1648,1.3133793,8.1250444e-05
1648,1.3133724,8.1203878e-05
1649,1.3133654,8.113496e-05
1649,1.3133584,8.1088394e-05
1649,1.3133514,8.1017613e-05
1649,1.3133444,8.0971047e-05
1650,1.3133374,8.0922619e-05
1650,1.3133304,8.0851838e-05
1650,1.3133234,8.0805272e-05
1650,1.3133164,8.0736354e-05
1651,1.3133094,8.0689788e-05
1651,1.3133023,8.062087e-05
1651,1.3132953,8.0574304e-05
1651,1.3132883,8.0525875e-05
1652,1.3132812,8.0455095e-05
1652,1.3132742,8.0406666e-05
1652,1.3132671,8.0335885e-05
1653,1.31326,8.0287457e-05
1653,1.313253,8.0239028e-05
1653,1.3132459,8.0166385e-05
1653,1.3132388,8.0117956e-05
1654,1.3132317,8.0045313e-05
1654,1.3132246,7.9996884e-05
1654,1.3132175,7.9946592e-05
1654,1.3132104,7.9870224e-05
1655,1.3132033,7.9819933e-05
1655,1.3131961,7.9745427e-05
1655,1.313189,7.9698861e-05
1655,1.3131818,7.9639256e-05
1656,1.3131747,7.9605728e-05
1656,1.3131675,7.9574063e-05
1656,1.3131604,7.9531223e-05
1656,1.3131532,7.9499558e-05
1657,1.313146,7.9456717e-05
1657,1.3131389,7.9428777e-05
1657,1.3131317,7.9400837e-05
1658,1.3131245,7.9359859e-05
1658,1.3131173,7.9335645e-05
1658,1.3131101,7.9300255e-05
1658,1.3131029,7.9277903e-05
1659,1.3130957,7.9255551e-05
1659,1.3130885,7.9225749e-05
1659,1.3130813,7.920526e-05
1659,1.3130741,7.9179183e-05
1660,1.3130669,7.9162419e-05
1660,1.3130596,7.9147518e-05
1660,1.3130524,7.9127029e-05
1660,1.3130452,7.911399e-05
1661,1.313038,7.9087913e-05
1661,1.3130307,7.9067424e-05
1661,1.3130235,7.9032034e-05
1662,1.3130162,7.9005957e-05
1662,1.313009,7.897988e-05
1662,1.3130017,7.8942627e-05
1662,1.3129945,7.8918412e-05
1663,1.3129872,7.8883022e-05
1663,1.3129799,7.8858808e-05
1663,1.3129726,7.8834593e-05
1663,1.3129653,7.8799203e-05
1664,1.312958,7.8774989e-05
1664,1.3129507,7.8739598e-05
1664,1.3129434,7.8715384e-05
1664,1.3129361,7.869117e-05
1665,1.3129288,7.8655779e-05
1665,1.3129215,7.8631565e-05
1665,1.3129141,7.8594312e-05
1666,1.3129068,7.8570098e-05
1666,1.3128995,7.8532845e-05
1666,1.3128921,7.8510493e-05
1666,1.3128847,7.8488141e-05
1667,1.3128774,7.8460202e-05
1667,1.31287,7.84453e-05
1667,1.3128626,7.8421086e-05
1667,1.3128552,7.8408048e-05
1668,1.3128479,7.8393146e-05
1668,1.3128405,7.8370795e-05
1668,1.3128331,7.8355893e-05
1668,1.3128257,7.8335404e-05
1669,1.3128183,7.8324229e-05
1669,1.3128108,7.831119e-05
1669,1.3128034,7.8294426e-05
1670,1.312796,7.828325e-05
1670,1.3127886,7.8266487e-05
1670,1.3127811,7.8257173e-05
1670,1.3127737,7.8244135e-05
1671,1.3127662,7.8234822e-05
1671,1.3127588,7.8227371e-05
1671,1.3127513,7.8216195e-05
1671,1.3127439,7.8210607e-05
1672,1.3127364,7.8199431e-05
1672,1.3127289,7.8188255e-05
1672,1.3127215,7.817708e-05
1673,1.312714,7.8158453e-05
1673,1.3127065,7.8145415e-05
1673,1.312699,7.8126788e-05
1673,1.3126915,7.811375e-05
1674,1.312684,7.8102574e-05
1674,1.3126765,7.8083947e-05
1674,1.312669,7.8072771e-05
1674,1.3126614,7.8054145e-05
1675,1.3126539,7.8042969e-05
1675,1.3126464,7.8031793e-05
1675,1.3126388,7.8013167e-05
1675,1.3126313,7.8000128e-05
1676,1.3126237,7.7983364e-05
1676,1.3126161,7.7970326e-05
1676,1.3126086,7.7951699e-05
1677,1.312601,7.7938661e-05
1677,1.3125934,7.7925622e-05
1677,1.3125858,7.7908859e-05
1677,1.3125782,7.7899545e-05
1678,1.3125705,7.789582e-05
1678,1.3125629,7.789582e-05
1678,1.3125553,7.7901408e-05
1678,1.3125477,7.7910721e-05
1679,1.31254,7.7918172e-05
1679,1.3125324,7.7927485e-05
1679,1.3125247,7.7934936e-05
1680,1.3125171,7.7942386e-05
1680,1.3125094,7.7957287e-05
1680,1.3125018,7.7968463e-05
1680,1.3124941,7.798709e-05
1681,1.3124864,7.8000128e-05
1681,1.3124787,7.802248e-05
1681,1.3124711,7.8037381e-05
1681,1.3124634,7.8054145e-05
1682,1.3124557,7.8082085e-05
1682,1.312448,7.8102574e-05
1682,1.3124403,7.8134239e-05
1683,1.3124326,7.815659e-05
1683,1.3124249,7.8178942e-05
1683,1.3124172,7.8206882e-05
1683,1.3124095,7.821992e-05
1684,1.3124017,7.8234822e-05
1684,1.312394,7.8242272e-05
1684,1.3123863,7.8245997e-05
1684,1.3123785,7.8259036e-05
1685,1.3123708,7.8268349e-05
1685,1.312363,7.8281388e-05
1685,1.3123553,7.8290701e-05
1686,1.3123475,7.8300014e-05
1686,1.3123397,7.831119e-05
1686,1.312332,7.8318641e-05
1686,1.3123242,7.8331679e-05
1687,1.3123164,7.833913e-05
1687,1.3123086,7.8350306e-05
1687,1.3123008,7.8355893e-05
1687,1.3122929,7.8363344e-05
1688,1.3122851,7.8372657e-05
1688,1.3122773,7.8378245e-05
1688,1.3122694,7.8387558e-05
1689,1.3122616,7.8395009e-05
1689,1.3122537,7.8404322e-05
1689,1.3122459,7.8424811e-05
1689,1.312238,7.8439713e-05
1690,1.3122301,7.846579e-05
1690,1.3122222,7.8484416e-05
1690,1.3122144,7.850118e-05
1691,1.3122065,7.8527257e-05
1691,1.3121986,7.8545883e-05
1691,1.3121907,7.857196e-05
1691,1.3121827,7.8592449e-05
1692,1.3121748,7.8622252e-05
1692,1.3121669,7.8642741e-05
1692,1.312159,7.866323e-05
1692,1.312151,7.8694895e-05
1693,1.3121431,7.8717247e-05
1693,1.3121351,7.8752637e-05
1693,1.3121272,7.8774989e-05
1694,1.3121192,7.8799203e-05
1694,1.3121112,7.8836456e-05
1694,1.3121033,7.886067e-05
1694,1.3120953,7.8899786e-05
1695,1.3120873,7.8925863e-05
1695,1.3120793,7.895194e-05
1695,1.3120713,7.8992918e-05
1695,1.3120633,7.9020858e-05
1696,1.3120553,7.9063699e-05
1696,1.3120472,7.9093501e-05
1696,1.3120392,7.9138204e-05
1697,1.3120312,7.9168007e-05
1697,1.3120232,7.9197809e-05
1697,1.3120151,7.9246238e-05
1697,1.312007,7.9277903e-05
1698,1.311999,7.9326332e-05
1698,1.3119909,7.9359859e-05
1698,1.3119829,7.9393387e-05
1699,1.3119748,7.9445541e-05
1699,1.3119667,7.9479069e-05
1699,1.3119586,7.9533085e-05
1699,1.3119505,7.9570338e-05
1700,1.3119424,7.9607591e-05
1700,1.3119343,7.966347e-05
1700,1.3119262,7.9698861e-05
1700,1.3119181,7.9747289e-05
1701,1.31191,7.9777092e-05
1701,1.3119018,7.9805031e-05
1701,1.3118937,7.984601e-05
1702,1.3118855,7.9875812e-05
1702,1.3118774,7.9918653e-05
1702,1.3118692,7.9946592e-05
1702,1.311861,7.9991296e-05
1703,1.3118529,8.0019236e-05
1703,1.3118447,8.0047175e-05
1703,1.3118365,8.0090016e-05
1704,1.3118283,8.0117956e-05
1704,1.3118201,8.0158934e-05
1704,1.3118118,8.0185011e-05
1704,1.3118036,8.0212951e-05
1705,1.3117954,8.0253929e-05
1705,1.3117871,8.0280006e-05
1705,1.3117789,8.0317259e-05
1706,1.3117706,8.0341473e-05
1706,1.3117623,8.0369413e-05
1706,1.311754,8.0417842e-05
1706,1.3117457,8.045882e-05
1707,1.3117374,8.05296e-05
1707,1.3117291,8.0579892e-05
1707,1.3117208,8.0661848e-05
1707,1.3117124,8.0714002e-05
1708,1.3117041,8.0766156e-05
1708,1.3116958,8.0848113e-05
1708,1.3116875,8.0903992e-05
1709,1.3116791,8.0989674e-05
1709,1.3116708,8.1049278e-05
1709,1.3116624,8.1110746e-05
1709,1.311654,8.1203878e-05
1710,1.3116456,8.1267208e-05
1710,1.3116373,8.1365928e-05
1710,1.3116289,8.1432983e-05
1711,1.3116205,8.1500039e-05
1711,1.3116121,8.1606209e-05
1711,1.3116037,8.1678852e-05
1711,1.3115953,8.1788749e-05
1712,1.3115868,8.1861392e-05
1712,1.3115784,8.1971288e-05
1712,1.31157,8.2043931e-05
1713,1.3115616,8.2114711e-05
1713,1.3115531,8.2222745e-05
1713,1.3115447,8.2295388e-05
1713,1.3115362,8.2407147e-05
1714,1.3115278,8.2483515e-05
1714,1.3115193,8.2559884e-05
1714,1.3115108,8.267723e-05
1715,1.3115023,8.2755461e-05
1715,1.3114938,8.2876533e-05
1715,1.3114853,8.2956627e-05
1715,1.3114768,8.3038583e-05
1716,1.3114683,8.3161518e-05
1716,1.3114598,8.3245337e-05
1716,1.3114513,8.3371997e-05
1717,1.3114428,8.3457679e-05
1717,1.3114342,8.3545223e-05
1717,1.3114257,8.3677471e-05
1717,1.3114171,8.3765015e-05
1718,1.3114086,8.3899125e-05
1718,1.3114,8.3984807e-05
1718,1.3113914,8.411333e-05
1719,1.3113829,8.4197149e-05
1719,1.3113743,8.4280968e-05
1719,1.3113657,8.4407628e-05
1719,1.3113571,8.4493309e-05
1720,1.3113485,8.4623694e-05
1720,1.3113399,8.4711239e-05
1720,1.3113313,8.4798783e-05
1721,1.3113226,8.4929168e-05
1721,1.311314,8.5018575e-05
1721,1.3113054,8.5150823e-05
1721,1.3112967,8.5238367e-05
1722,1.3112881,8.5327774e-05
1722,1.3112794,8.5461885e-05
1722,1.3112707,8.5553154e-05
1723,1.311262,8.5687265e-05
1723,1.3112533,8.5778534e-05
1723,1.3112446,8.5914508e-05
1723,1.3112359,8.6005777e-05
1724,1.3112272,8.6098909e-05
1724,1.3112185,8.6242333e-05
1724,1.3112098,8.6339191e-05
1725,1.311201,8.648634e-05
1725,1.3111923,8.6586922e-05
1725,1.3111835,8.6685643e-05
1725,1.3111748,8.6836517e-05
1726,1.311166,8.69371e-05
1726,1.3111572,8.7089837e-05
1726,1.3111484,8.7192282e-05
1727,1.3111396,8.729659e-05
1727,1.3111308,8.7453052e-05
1727,1.311122,8.7557361e-05
1727,1.3111132,8.7715685e-05
1728,1.3111044,8.7823719e-05
1728,1.3110956,8.792989e-05
1728,1.3110867,8.809194e-05
1729,1.3110779,8.8199973e-05
1729,1.311069,8.8363886e-05
1729,1.3110602,8.8475645e-05
1729,1.3110513,8.864142e-05
1730,1.3110424,8.8755041e-05
1730,1.3110335,8.8872388e-05
1730,1.3110246,8.9049339e-05
1731,1.3110157,8.9170411e-05
1731,1.3110068,8.9351088e-05
1731,1.3109979,8.9474022e-05
1731,1.310989,8.9596957e-05
1732,1.31098,8.9781359e-05
1732,1.3109711,8.9908019e-05
1732,1.3109622,9.0096146e-05
1733,1.3109532,9.0224668e-05
1733,1.3109443,9.0353191e-05
1733,1.3109353,9.0546906e-05
1733,1.3109263,9.0677291e-05
1734,1.3109173,9.0876594e-05
1734,1.3109083,9.1008842e-05
1734,1.3108993,9.121187e-05
1735,1.3108903,9.1345981e-05
1735,1.3108813,9.1481954e-05
1735,1.3108722,9.1688707e-05
1736,1.3108632,9.1828406e-05
1736,1.3108541,9.204261e-05
1736,1.3108451,9.2187896e-05
1736,1.310836,9.2336908e-05
1737,1.310827,9.2560425e-05
1737,1.3108179,9.27113e-05
1737,1.3108088,9.2940405e-05
1738,1.3107997,9.3093142e-05
1738,1.3107906,9.3249604e-05
1738,1.3107815,9.3482435e-05
1738,1.3107724,9.364076e-05
1739,1.3107633,9.3881041e-05
1739,1.3107541,9.4041228e-05
1739,1.310745,9.4285235e-05
1740,1.3107358,9.445101e-05
1740,1.3107267,9.4616786e-05
1740,1.3107175,9.4868243e-05
1740,1.3107084,9.5035881e-05
1741,1.3106992,9.5291063e-05
1741,1.3106901,9.5462427e-05
1741,1.3106809,9.5635653e-05
1742,1.3106716,9.5900148e-05
1742,1.3106624,9.6080825e-05
1742,1.3106532,9.6358359e-05
1743,1.310644,9.6544623e-05
1743,1.3106347,9.6736476e-05
1743,1.3106255,9.7023323e-05
1743,1.3106163,9.7217038e-05
1744,1.310607,9.7509474e-05
1744,1.3105978,9.7708777e-05
1744,1.3105885,9.790808e-05
1745,1.3105793,9.8209828e-05
1745,1.31057,9.8414719e-05
1745,1.3105607,9.8723918e-05
1745,1.3105514,9.8932534e-05
1746,1.3105422,9.9247321e-05
1746,1.3105329,9.9459663e-05
1746,1.3105236,9.967573e-05
1747,1.3105142,0.00010000169
1747,1.3105049,0.00010022335
1747,1.3104956,0.00010055676
1748,1.3104863,0.00010077842
1748,1.310477,0.00010100007
1748,1.3104677,0.00010131299
1748,1.3104584,0.00010151602
1749,1.3104491,0.00010181218
1749,1.3104398,0.00010200776
1749,1.3104304,0.00010220706
1750,1.310421,0.00010250695
1750,1.3104117,0.00010270812
1750,1.3104023,0.00010301173
1750,1.3103929,0.00010321103
1751,1.3103835,0.00010351278
1751,1.3103741,0.00010371208
1751,1.3103647,0.00010391138
1752,1.3103553,0.00010421127
1752,1.3103459,0.00010441057
1752,1.3103365,0.0001047086
1753,1.3103271,0.0001049079
1753,1.3103176,0.0001051072
1753,1.3103081,0.00010540336
1753,1.3102987,0.00010560267
1754,1.3102892,0.00010590069
1754,1.3102797,0.00010609813
1754,1.3102702,0.00010629743
1755,1.3102607,0.00010659732
1755,1.3102512,0.00010679848
1755,1.3102417,0.00010709837
1755,1.3102322,0.00010729954
1756,1.3102226,0.00010749884
1756,1.3102131,0.00010779873
1756,1.3102035,0.00010799803
1757,1.310194,0.00010829978
1757,1.3101844,0.00010849908
1757,1.3101749,0.00010879897
1758,1.3101653,0.00010899827
1758,1.3101557,0.00010919943
1758,1.3101461,0.00010949932
1758,1.3101364,0.00010969862
1759,1.3101268,0.00010999851
1759,1.3101172,0.00011019409
1759,1.3101075,0.00011039153
1760,1.3100978,0.00011068955
1760,1.3100881,0.00011089444
1760,1.3100784,0.00011122786
1761,1.3100687,0.00011146627
1761,1.310059,0.00011171773
1761,1.3100492,0.00011210889
1761,1.3100395,0.00011237152
1762,1.3100298,0.00011276454
1762,1.3100201,0.00011302903
1762,1.3100104,0.00011342764
1763,1.3100006,0.00011369772
1763,1.3099909,0.00011397339
1763,1.3099811,0.00011439249
1764,1.3099714,0.00011467561
1764,1.3099616,0.00011510588
1764,1.3099519,0.00011539832
1764,1.3099421,0.00011569262
1765,1.3099324,0.00011613965
1765,1.3099226,0.0001164414
1765,1.3099129,0.00011691451
1766,1.3099032,0.00011723116
1766,1.3098935,0.00011754408
1766,1.3098838,0.0001180023
1767,1.3098741,0.00011826679
1767,1.3098644,0.00011862814
1767,1.3098547,0.00011884794
1767,1.3098449,0.00011915714
1768,1.3098352,0.0001193732
1768,1.3098254,0.00011959113
1768,1.3098156,0.00011991337
1769,1.3098058,0.00012012944
1769,1.3097961,0.00012044236
1769,1.3097863,0.00012064539
1770,1.3097765,0.00012084655
1770,1.3097666,0.00012114085
1770,1.3097568,0.00012133271
1770,1.309747,0.00012161396
1771,1.3097371,0.00012179837
1771,1.3097272,0.00012197904
1771,1.3097173,0.00012224354
1772,1.3097074,0.00012241304
1772,1.3096975,0.0001226645
1772,1.3096876,0.00012283027
1773,1.3096777,0.00012299605
1773,1.3096677,0.00012325682
1773,1.3096578,0.00012343191
1774,1.3096478,0.00012370013
1774,1.3096378,0.00012387894
1774,1.3096279,0.00012413599
1774,1.3096179,0.00012430549
1775,1.3096079,0.00012447312
1775,1.3095979,0.00012471899
1775,1.3095878,0.00012488104
1776,1.3095778,0.00012512319
1776,1.3095678,0.00012528338
1776,1.3095577,0.00012543984
1777,1.3095477,0.00012567267
1777,1.3095376,0.00012582727
1777,1.3095275,0.00012605451
1777,1.3095174,0.00012620352
1778,1.3095073,0.00012635253
1778,1.3094972,0.00012657046
1778,1.3094871,0.00012671575
1779,1.309477,0.00012692809
1779,1.3094668,0.00012706779
1779,1.3094567,0.00012727454
1780,1.3094465,0.00012741052
1780,1.3094363,0.00012754463
1780,1.3094261,0.00012774393
1781,1.3094159,0.00012787431
1781,1.3094057,0.00012806617
1781,1.3093955,0.00012819283
1781,1.3093853,0.00012831762
1782,1.309375,0.00012850203
1782,1.3093648,0.0001286231
1782,1.3093545,0.00012880005
1783,1.3093443,0.0001289174
1783,1.309334,0.00012903288
1783,1.3093237,0.00012920238
1784,1.3093134,0.00012931414
1784,1.309303,0.00012947805
1784,1.3092927,0.00012958609
1785,1.3092824,0.00012974814
1785,1.309272,0.00012985058
1785,1.3092617,0.0001299493
1785,1.3092513,0.00013008341
1786,1.309241,0.00013016164
1786,1.3092306,0.00013026595
1786,1.3092202,0.00013032928
1787,1.3092098,0.00013038889
1787,1.3091993,0.00013047829
1787,1.3091889,0.00013053417
1788,1.3091784,0.0001306124
1788,1.309168,0.00013066269
1788,1.3091575,0.0001307074
1789,1.3091469,0.000130767
1789,1.3091364,0.00013080426
1789,1.3091259,0.00013085455
1789,1.3091153,0.00013088249
1790,1.3091048,0.00013090856
1790,1.3090942,0.00013094023
1790,1.3090836,0.00013095886
1791,1.3090729,0.00013097562
1791,1.3090623,0.00013098307
1791,1.3090516,0.00013099238
1792,1.3090409,0.00013099797
1792,1.3090302,0.00013101101
1792,1.3090195,0.00013103336
1793,1.3090087,0.00013105012
1793,1.308998,0.00013107806
1793,1.3089872,0.0001310911
1793,1.3089764,0.00013110042
1794,1.3089656,0.00013111159
1794,1.3089548,0.00013111718
1794,1.308944,0.00013112091
1795,1.3089331,0.00013112277
1795,1.3089222,0.00013112277
1795,1.3089114,0.00013112091
1796,1.3089005,0.00013111532
1796,1.3088895,0.00013110787
1796,1.3088786,0.00013109855
1797,1.3088676,0.00013108365
1797,1.3088566,0.00013106875
1797,1.3088456,0.00013104826
1798,1.3088345,0.00013102032
1798,1.3088234,0.00013100542
1798,1.3088123,0.00013100728
1798,1.3088012,0.00013103709
1799,1.30879,0.00013107993
1799,1.3087789,0.00013116933
1799,1.3087677,0.00013124011
1800,1.3087566,0.00013133138
1800,1.3087454,0.00013139471
1800,1.3087342,0.00013145991
1801,1.308723,0.00013156049
1801,1.3087118,0.00013163313
1801,1.3087006,0.00013175048
1802,1.3086893,0.00013183057
1802,1.3086781,0.00013191625
1802,1.3086668,0.0001320485
1803,1.3086555,0.00013214163
1803,1.3086443,0.00013228692
1803,1.308633,0.0001323875
1803,1.3086217,0.00013255514
1804,1.3086104,0.00013267435
1804,1.3085992,0.0001327917
1804,1.3085879,0.00013295189
1805,1.3085767,0.00013302825
1805,1.3085654,0.00013307855
1805,1.3085541,0.00013308413
1806,1.3085428,0.00013307109
1806,1.3085315,0.00013303757
1806,1.3085201,0.00013302267
1807,1.3085087,0.00013300031
1807,1.3084972,0.00013298169
1807,1.3084858,0.00013296306
1808,1.3084743,0.00013291463
1808,1.3084628,0.00013287738
1808,1.3084513,0.00013281219
1808,1.3084397,0.0001327619
1809,1.3084281,0.00013267994
1809,1.3084165,0.00013261661
1809,1.3084049,0.00013255142
1810,1.3083933,0.00013244338
1810,1.3083815,0.00013235398
1810,1.3083698,0.00013221428
1811,1.308358,0.00013212301
1811,1.3083462,0.00013203919
1811,1.3083343,0.00013197027
1812,1.3083224,0.0001319591
1812,1.3083104,0.00013198145
1812,1.3082985,0.00013201684
1813,1.3082866,0.0001320485
1813,1.3082746,0.00013208389
1813,1.3082627,0.00013210811
1814,1.3082507,0.00013214536
1814,1.3082387,0.00013217516
1814,1.3082267,0.00013222918
1815,1.3082147,0.00013226829
1815,1.3082026,0.00013231114
1815,1.3081906,0.00013238192
1815,1.3081785,0.00013243407
1816,1.3081664,0.00013251603
1816,1.3081542,0.00013257563
1816,1.3081421,0.0001326371
1817,1.3081299,0.00013274327
1817,1.3081178,0.00013281778
1817,1.3081056,0.00013292767
1818,1.3080934,0.00013299845
1818,1.3080812,0.00013305061
1818,1.308069,0.00013311766
1819,1.3080568,0.00013315305
1819,1.3080445,0.00013319962
1819,1.3080322,0.00013323687
1820,1.3080198,0.00013327599
1820,1.3080075,0.00013333559
1820,1.3079951,0.00013337843
1821,1.3079827,0.0001334399
1821,1.3079702,0.00013347901
1821,1.3079578,0.00013353862
1822,1.3079453,0.0001335796
1822,1.3079328,0.00013361871
1822,1.3079203,0.00013367832
1822,1.3079077,0.0001337193
1823,1.3078951,0.0001337789
1823,1.3078825,0.00013381615
1823,1.3078698,0.00013385341
1824,1.3078572,0.00013390929
1824,1.3078444,0.00013395026
1824,1.3078317,0.00013403222
1825,1.3078189,0.00013410486
1825,1.3078061,0.00013418868
1825,1.3077932,0.00013433211
1826,1.3077804,0.00013443828
1826,1.3077675,0.00013458729
1826,1.3077546,0.0001346916
1827,1.3077417,0.00013484992
1827,1.3077288,0.00013495795
1827,1.3077158,0.00013507158
1828,1.3077028,0.00013524853
1828,1.3076898,0.0001353696
1828,1.3076767,0.00013555773
1829,1.3076636,0.00013568625
1829,1.3076505,0.00013582036
1829,1.3076374,0.00013602525
1830,1.3076242,0.00013616681
1830,1.3076111,0.00013638288
1830,1.3075979,0.00013653189
1831,1.3075846,0.00013668463
1831,1.3075713,0.00013691746
1831,1.307558,0.00013707764
1831,1.3075447,0.00013732351
1832,1.3075314,0.00013749115
1832,1.307518,0.0001377482
1832,1.3075046,0.00013792329
1833,1.3074912,0.00013810396
1833,1.3074777,0.00013837777
1833,1.3074642,0.0001385659
1834,1.3074507,0.00013885275
1834,1.3074371,0.00013904832
1834,1.3074236,0.00013924576
1835,1.3074099,0.00013954937
1835,1.3073963,0.00013975613
1835,1.3073826,0.00014007092
1836,1.307369,0.00014028512
1836,1.3073552,0.00014050305
1836,1.3073414,0.00014083646
1837,1.3073276,0.00014106371
1837,1.3073138,0.00014141016
1837,1.3072999,0.00014164485
1838,1.307286,0.00014187768
1838,1.3072721,0.00014222413
1838,1.3072581,0.00014244951
1839,1.3072441,0.00014278665
1839,1.3072301,0.00014300831
1839,1.307216,0.00014334917
1840,1.3072019,0.00014357828
1840,1.3071877,0.00014381111
1840,1.3071735,0.00014416128
1841,1.3071593,0.00014439784
1841,1.307145,0.00014475547
1841,1.3071307,0.00014499575
1842,1.3071162,0.00014523789
1842,1.3071018,0.00014560297
1842,1.3070873,0.00014584884
1843,1.3070728,0.00014621951
1843,1.3070582,0.0001464691
1843,1.3070435,0.00014672056
1844,1.3070288,0.0001470726
1844,1.307014,0.00014731288
1844,1.306999,0.0001477059
1845,1.3069841,0.0001480002
1845,1.306969,0.0001485981
1845,1.306954,0.00014905818
1846,1.3069388,0.00014956482
1846,1.3069236,0.00015038997
1846,1.3069084,0.00015092827
1847,1.3068933,0.00015175529
1847,1.306878,0.00015232153
1847,1.3068628,0.00015289709
1847,1.3068475,0.00015379861
1848,1.3068321,0.0001544226
1848,1.3068168,0.00015538931
1848,1.3068014,0.00015605241
1849,1.3067859,0.00015673228
1849,1.3067704,0.00015778281
1849,1.3067548,0.00015850179
1850,1.3067393,0.00015961193
1850,1.3067236,0.00016037375
1850,1.3067079,0.00016115047
1851,1.3066921,0.00016234629
1851,1.3066763,0.00016316213
1851,1.3066605,0.00016440637
1852,1.3066447,0.00016524643
1852,1.3066288,0.00016652979
1852,1.3066129,0.00016739778
1853,1.3065969,0.00016828068
1853,1.3065808,0.00016963296
1853,1.3065648,0.00017055497
1854,1.3065487,0.00017196313
1854,1.3065327,0.00017292053
1854,1.3065162,0.00017389096
1855,1.3064998,0.00017537549
1855,1.3064834,0.00017638132
1855,1.3064669,0.00017791986
1856,1.3064503,0.00017896295
1856,1.3064337,0.00018002093
1856,1.306417,0.00018163398
1857,1.3064003,0.00018272735
1857,1.3063835,0.00018437207
1857,1.3063666,0.00018548034
1858,1.3063496,0.00018719211
1858,1.3063325,0.00018838421
1858,1.3063152,0.00018966198
1859,1.3062978,0.00019176491
1859,1.3062804,0.00019325502
1859,1.3062631,0.00019560941
1860,1.3062457,0.00019721128
1860,1.3062281,0.00019881316
1860,1.3062105,0.0002012644
1861,1.3061928,0.0002029296
1861,1.3061752,0.00020548329
1861,1.3061574,0.00020723417
1862,1.3061396,0.00020901859
1862,1.3061217,0.00021175668
1862,1.3061038,0.00021362118
1863,1.3060858,0.00021647662
1863,1.3060678,0.00021842122
1863,1.3060498,0.00022139773
1864,1.3060318,0.00022342056
1864,1.3060131,0.00022543222
1864,1.3059943,0.00022852048
1865,1.3059755,0.00023065321
1865,1.3059566,0.00023402087
1865,1.3059374,0.00023653731
1866,1.3059181,0.00023920089
1866,1.305899,0.0002434589
1866,1.3058798,0.00024645217
1867,1.3058609,0.00025101565
1867,1.305842,0.00025410391
1867,1.3058228,0.00025724806
1868,1.3058033,0.00026207231
1868,1.305784,0.00026537292
1868,1.3057649,0.00027046911
1869,1.3057455,0.00027394854
1869,1.3057257,0.00027749501
1869,1.3057059,0.00028294139
1870,1.3056862,0.0002866555
1870,1.3056665,0.00029235519
1870,1.3056467,0.00029623881
1871,1.3056269,0.00030216388
1871,1.305607,0.00030616112
1872,1.305587,0.00031024031
1872,1.3055667,0.00031655841
1872,1.3055464,0.00032094307
1873,1.3055265,0.00032807328
1873,1.3055066,0.00033307821
1873,1.3054855,0.0003382694
1874,1.3054643,0.00034636259
1874,1.3054438,0.00035179965
1874,1.3054234,0.0003601294
1875,1.3054028,0.00036579743
1875,1.3053822,0.00037156045
1875,1.3053617,0.00038042292
1876,1.3053412,0.00038647652
1876,1.3053208,0.00039575994
1876,1.3053004,0.00040208362
1877,1.3052803,0.00041176565
1877,1.3052603,0.00041835196
1877,1.3052398,0.00042504631
1878,1.3052188,0.000435289
1878,1.3051982,0.00044221431
1878,1.305178,0.00045275502
1879,1.3051572,0.00045995414
1879,1.3051353,0.00046733022
1879,1.3051136,0.0004789196
1880,1.3050921,0.00048713572
1880,1.3050707,0.00050001219
1880,1.3050499,0.00050893426
1881,1.3050291,0.00051808544
1881,1.3050084,0.00053186528
1881,1.3049878,0.00054122321
1882,1.3049678,0.00055551343
1882,1.3049478,0.00056521781
1882,1.304929,0.00058014505
1883,1.3049103,0.00059030019
1883,1.3048892,0.00060061924
1883,1.3048678,0.00061640516
1884,1.304848,0.00062713586
1884,1.3048283,0.00064353831
1884,1.3048085,0.00065468065
1885,1.3047887,0.00066598505
1885,1.3047694,0.00068322383
1885,1.3047503,0.00069491379
1886,1.3047319,0.00071277097
1886,1.3047138,0.00072490424
1886,1.3046949,0.00073725544
1887,1.3046754,0.0007562153
1887,1.3046569,0.00076911785
1888,1.3046396,0.00078886561
1888,1.3046216,0.00080226548
1888,1.3046026,0.00081584044
1889,1.3045841,0.00083655119
1889,1.3045666,0.00085058995
1889,1.3045492,0.00087198988
1890,1.3045325,0.00088648312
1890,1.304516,0.00090856105
1890,1.3045004,0.00092350505
1891,1.3044848,0.00093862787
1891,1.3044698,0.00096165203
1891,1.3044549,0.0009772256
1892,1.3044428,0.001000924
1892,1.3044308,0.0010169484
1892,1.3044154,0.001033349
1893,1.3043998,0.0010582339
1893,1.3043879,0.0010749102
1893,1.3043763,0.0010998063
1894,1.3043655,0.0011156499
1894,1.3043548,0.0011311788
1894,1.3043444,0.0011539571
1895,1.3043342,0.0011688881
1895,1.3043242,0.0011915863
1895,1.3043143,0.0012069345
1896,1.3043054,0.0012301113
1896,1.3042972,0.0012456663
1897,1.3042882,0.0012612306
1897,1.3042786,0.0012845658
1897,1.3042702,0.0013001654
1898,1.3042634,0.001323631
1898,1.3042559,0.0013393164
1898,1.3042472,0.0013550352
1899,1.3042391,0.0013786741
1899,1.3042324,0.0013944767
1899,1.3042261,0.0014183652
1900,1.3042213,0.0014345031
1900,1.3042168,0.0014506094
1900,1.3042139,0.0014744718
1901,1.3042112,0.0014899895
1901,1.3042113,0.0015112758
1901,1.3042114,0.0015247054
1902,1.3042074,0.0015375838
1902,1.3042033,0.0015560891
1902,1.3042003,0.0015686788
1903,1.3041974,0.001587376
1903,1.3041955,0.0015997328
1903,1.3041937,0.0016180892
1904,1.3041919,0.0016300101
1904,1.30419,0.0016417727
1905,1.3041886,0.0016591176
1905,1.3041873,0.0016704816
1905,1.3041868,0.0016872231
1906,1.3041865,0.001698181
1906,1.3041856,0.0017089769
1906,1.304184,0.0017248709
1907,1.3041833,0.0017352793
1907,1.3041834,0.0017506108
1907,1.3041831,0.0017606206
1908,1.304182,0.0017704517
1908,1.3041812,0.0017847996
1908,1.304181,0.0017940551
1909,1.3041809,0.0018075332
1909,1.304181,0.0018162578
1909,1.3041812,0.0018290151
1910,1.3041816,0.001837343
1910,1.3041819,0.001845507
1910,1.3041823,0.0018574409
1911,1.3041828,0.0018651877
1911,1.3041842,0.0018764511
1912,1.3041856,0.0018837396
1912,1.3041851,0.0018908512
1912,1.3041845,0.001901187
1913,1.3041847,0.001907859
1913,1.3041851,0.0019175373
1913,1.3041853,0.0019237678
1914,1.3041855,0.0019298252
1914,1.3041857,0.0019385163
1914,1.3041859,0.0019440763
1915,1.3041859,0.0019521471
1915,1.3041859,0.0019573905
1915,1.3041859,0.0019653067
1916,1.304186,0.0019706115
1916,1.3041858,0.0019758902
1916,1.3041853,0.0019837189
1917,1.3041853,0.0019887704
1917,1.3041857,0.0019959975
1918,1.3041858,0.0020006374
1918,1.3041853,0.0020051356
1918,1.304185,0.0020116363
1919,1.3041849,0.0020158291
1919,1.3041848,0.0020218771
1919,1.3041848,0.0020257477
1920,1.3041848,0.0020294916
1920,1.3041846,0.0020348672
1920,1.3041845,0.0020382907
1921,1.3041847,0.0020431858
1921,1.3041849,0.0020462908
1921,1.304184,0.0020492226
1922,1.3041832,0.0020533912
1922,1.3041824,0.0020560455
1923,1.3041816,0.00205989
1923,1.3041807,0.0020625275
1923,1.3041799,0.0020664558
1924,1.3041791,0.002069043
1924,1.3041782,0.0020715836
1924,1.3041775,0.0020751357
1925,1.3041769,0.0020773299
1925,1.3041762,0.0020804051
1925,1.3041756,0.0020823143
1926,1.3041748,0.002084136
1926,1.3041738,0.0020867139
1926,1.3041729,0.0020883139
1927,1.304172,0.0020905361
1927,1.3041711,0.0020918958
1928,1.30417,0.0020931605
1928,1.3041689,0.002094876
1928,1.3041678,0.0020959005
1929,1.3041667,0.0020972565
1929,1.3041656,0.0020980388
1929,1.3041644,0.0020990334
1930,1.3041631,0.0020995773
1930,1.3041619,0.0021000281
1930,1.3041605,0.0021005366
1931,1.3041592,0.0021007601
1931,1.3041577,0.0021009184
1931,1.3041563,0.0021009035
1932,1.3041547,0.0021007825
1932,1.3041532,0.0021004137
1933,1.3041515,0.002100043
1933,1.3041498,0.0020993035
1933,1.304148,0.0020986944
1934,1.3041461,0.0020979885
1934,1.3041442,0.0020967536
1934,1.3041421,0.0020958092
1935,1.3041399,0.0020942148
1935,1.3041377,0.0020930301
1935,1.3041354,0.0020917505
1936,1.3041331,0.0020896513
1936,1.3041307,0.0020881109
1937,1.304128,0.0020855945
1937,1.3041251,0.0020838156
1937,1.3041218,0.002081044
1938,1.3041186,0.0020792093
1938,1.3041155,0.0020774323
1938,1.3041122,0.0020747744
1939,1.3041089,0.0020729937
1939,1.3041055,0.0020702276
1939,1.3041021,0.0020682551
1940,1.3040986,0.0020662118
1940,1.3040951,0.0020630118
1941,1.3040915,0.0020607896
1941,1.3040875,0.0020573586
1941,1.3040834,0.0020549912
1942,1.3040799,0.0020525586
1942,1.3040765,0.0020487886
1942,1.3040726,0.0020461977
1943,1.3040687,0.0020421892
1943,1.3040645,0.0020394363
1943,1.3040602,0.0020351894
1944,1.304056,0.0020322762
1944,1.3040517,0.0020293016
1945,1.3040473,0.0020247176
1945,1.3040428,0.0020215809
1945,1.304038,0.0020167567
1946,1.304033,0.0020134598
1946,1.3040283,0.0020100996
1946,1.3040236,0.0020049401
1947,1.3040187,0.0020014197
1947,1.3040133,0.0019960199
1947,1.3040082,0.0019923411
1948,1.3040033,0.0019885972
1948,1.3039982,0.0019828603
1949,1.3039929,0.0019789562
1949,1.3039874,0.0019729808
1949,1.3039818,0.0019689165
1950,1.303976,0.0019627009
1950,1.30397,0.0019584764
1950,1.303964,0.0019541886
1951,1.3039577,0.0019476358
1951,1.3039514,0.0019431878
1951,1.3039442,0.0019363333
1952,1.303937,0.0019316934
1952,1.3039306,0.00192702
1953,1.3039242,0.0019199885
1953,1.303917,0.0019154381
1953,1.3039096,0.0019086972
1954,1.3039023,0.0019042455
1954,1.303895,0.0018998124
1954,1.3038875,0.0018930398
1955,1.30388,0.0018884446
1955,1.3038721,0.0018814653
1956,1.303864,0.0018767565
1956,1.3038562,0.0018720236
1956,1.3038487,0.0018648859
1957,1.3038408,0.0018600859
1957,1.3038326,0.001852829
1957,1.3038241,0.0018479507
1958,1.3038152,0.0018405691
1958,1.3038066,0.001835607
1958,1.3037983,0.0018306132
1959,1.3037899,0.0018230435
1959,1.3037809,0.0018179286
1960,1.3037719,0.0018102266
1960,1.3037623,0.001805095
1960,1.3037527,0.0017999932
1961,1.3037429,0.0017926227
1961,1.3037331,0.0017878022
1961,1.3037226,0.0017806888
1962,1.3037121,0.0017759968
1962,1.3037029,0.0017712209
1963,1.3036938,0.0017640386
1963,1.3036839,0.001759233
1963,1.303674,0.0017520022
1964,1.3036637,0.0017472021
1964,1.3036534,0.0017399974
1964,1.3036431,0.0017351955
1965,1.3036328,0.0017303918
1965,1.3036223,0.0017231926
1966,1.3036116,0.0017183945
1966,1.3036007,0.0017111972
1966,1.3035896,0.0017064009
1967,1.3035788,0.0017016027
1967,1.3035683,0.0016944036
1967,1.3035574,0.0016896017
1968,1.303546,0.0016823988
1968,1.3035349,0.0016775969
1969,1.3035241,0.0016727988
1969,1.3035133,0.0016655996
1969,1.303502,0.0016608015
1970,1.3034908,0.0016536023
1970,1.3034793,0.0016488004
1970,1.3034678,0.0016415976
1971,1.3034561,0.0016367938
1971,1.3034444,0.0016319919
1972,1.3034325,0.0016247928
1972,1.3034206,0.0016199946
1972,1.303408,0.0016127992
1973,1.3033953,0.0016080029
1973,1.3033839,0.0016032029
1973,1.3033725,0.001596
1974,1.3033604,0.0015911981
1974,1.3033481,0.0015839953
1975,1.3033359,0.0015791953
1975,1.3033237,0.0015743952
1975,1.3033112,0.0015671998
1976,1.3032987,0.0015624017
1976,1.3032858,0.0015552025
1976,1.3032728,0.0015504025
1977,1.3032601,0.0015456006
1977,1.3032477,0.0015383977
1978,1.3032351,0.0015335977
1978,1.3032221,0.0015263967
1978,1.3032089,0.0015215967
1979,1.3031953,0.0015143976
1979,1.303182,0.0015095975
1979,1.3031691,0.0015047975
1980,1.3031561,0.0014975984
1980,1.3031428,0.0014927983
1981,1.3031294,0.0014855973
1981,1.3031157,0.0014807973
1981,1.303102,0.0014759973
1982,1.3030882,0.0014687981
1982,1.3030744,0.0014639981
1982,1.3030598,0.0014567655
1983,1.3030451,0.0014519505
1983,1.3030316,0.0014471486
1984,1.3030181,0.0014399979
1984,1.3030039,0.0014353376
1984,1.3029896,0.0014284514
1985,1.302975,0.0014239214
1985,1.3029604,0.0014171991
1986,1.3029459,0.001412699
1986,1.3029315,0.00140821
1986,1.3029168,0.0014014933
1987,1.3029021,0.0013970286
1987,1.3028871,0.0013903677
1987,1.3028719,0.0013859514
1988,1.3028571,0.0013815518
1988,1.3028424,0.0013749823
1989,1.3028275,0.0013706218
1989,1.3028121,0.0013641119
1989,1.302797,0.0013597924
1990,1.3027823,0.0013554879
1990,1.3027674,0.0013490617
1990,1.3027523,0.0013447981
1991,1.3027371,0.0013384316
1991,1.3027217,0.001334209
1992,1.3027063,0.0013299994
1992,1.3026909,0.0013237149
1992,1.3026756,0.0013195444
1993,1.3026599,0.0013133157
1993,1.3026442,0.0013091844
1994,1.3026279,0.0013030227
1994,1.3026117,0.0012989342
1994,1.3025964,0.0012948643
1995,1.3025813,0.0012887884
1995,1.3025655,0.0012847558
1995,1.3025497,0.0012787394
1996,1.3025339,0.0012747459
1996,1.3025181,0.0012707692
1997,1.3025022,0.0012648366
1997,1.3024861,0.001260899
1997,1.3024699,0.0012550261
1998,1.3024536,0.0012511294
1998,1.3024376,0.0012472607
1999,1.3024218,0.0012414996
1999,1.3024059,0.00123767
1999,1.3023899,0.0012319144
2000,1.3023736,0.001228027
2000,1.3023571,0.0012220871
2000,1.3023409,0.0012180824
2001,1.3023249,0.0012140479
2001,1.3023089,0.0012079906
2002,1.3022925,0.0012039822
2002,1.3022761,0.0011979789
2002,1.3022594,0.0011939853
2003,1.3022428,0.0011899956
2003,1.302226,0.001183996
2004,1.3022093,0.001179995
2004,1.3021919,0.0011739954
2004,1.3021745,0.0011699963
2005,1.3021581,0.0011659954
2005,1.3021417,0.0011599958
2005,1.3021247,0.0011559967
2006,1.3021077,0.0011499953
2006,1.3020903,0.0011459533
2007,1.3020728,0.0011399034
2007,1.3020551,0.0011359006
2007,1.3020375,0.0011319462
2008,1.3020196,0.0011262745
2008,1.3020015,0.0011226628
2009,1.3019834,0.0011174288
2009,1.3019653,0.0011140462
2009,1.3019474,0.001110673
2010,1.3019297,0.0011055954
2010,1.3019119,0.0011022352
2011,1.3018937,0.0010972321
2011,1.3018757,0.0010939408
2011,1.3018581,0.0010906942
2012,1.3018403,0.0010858811
2012,1.3018224,0.0010827128
2012,1.3018044,0.0010780208
2013,1.3017864,0.0010749344
2013,1.3017683,0.0010718778
2014,1.3017504,0.0010673534
2014,1.3017324,0.0010643769
2014,1.3017144,0.0010600388
2015,1.3016963,0.0010571759
2015,1.3016782,0.0010528769
2016,1.30166,0.0010499768
2016,1.3016427,0.0010468997
2016,1.3016255,0.0010421351
2017,1.3016077,0.0010388698
2017,1.3015898,0.001033878
2018,1.3015719,0.0010306276
2018,1.3015539,0.0010273848
2018,1.3015357,0.00102254
2019,1.3015176,0.0010193232
2019,1.3014992,0.0010144804
2020,1.3014807,0.0010112431
2020,1.3014624,0.0010080021
2020,1.3014444,0.0010031406
2021,1.3014261,0.00099989586
2021,1.3014076,0.0009950269
2022,1.301389,0.00099177845
2022,1.3013701,0.00098690391
2022,1.3013514,0.00098364241
2023,1.301333,0.00098036975
2023,1.3013144,0.00097546913
2023,1.3012955,0.00097222067
2024,1.3012766,0.00096742623
2024,1.3012575,0.00096431561
2025,1.3012384,0.00096125342
2025,1.3012193,0.00095673651
2025,1.3012001,0.00095376372
2026,1.3011806,0.00094926916
2026,1.3011611,0.00094628148
2027,1.3011423,0.00094330125
2027,1.3011236,0.00093884394
2027,1.3011044,0.00093589909
2028,1.3010852,0.00093150325
2028,1.3010658,0.00092859007
2029,1.3010464,0.00092424452
2029,1.301027,0.00092136301
2029,1.3010076,0.00091849454
2030,1.3009882,0.00091421418
2030,1.3009686,0.00091137737
2031,1.3009489,0.0009071473
2031,1.3009291,0.00090434216
2031,1.3009095,0.00090155005
2032,1.30089,0.00089738518
2032,1.3008703,0.00089462474
2033,1.3008504,0.00089050457
2033,1.3008306,0.00088777393
2033,1.3008111,0.00088505633
2034,1.3007915,0.00088100322
2034,1.3007716,0.00087831914
2035,1.3007518,0.00087431818
2035,1.3007318,0.00087166764
2035,1.3007119,0.00086903013
2036,1.3006919,0.00086509809
2036,1.3006719,0.00086249225
2037,1.3006517,0.00085860491
2037,1.3006316,0.00085603073
2037,1.300611,0.00085219368
2038,1.3005905,0.00084965117
2038,1.3005706,0.0008471217
2039,1.3005507,0.00084335171
2039,1.3005304,0.00084084645
2039,1.3005101,0.00083711743
2040,1.3004898,0.00083465129
2040,1.3004695,0.00083220564
2041,1.300449,0.00082859956
2041,1.3004285,0.00082623586
2041,1.3004079,0.00082274154
2042,1.3003872,0.0008204449
2042,1.3003667,0.00081816129
2043,1.3003464,0.0008147601
2043,1.3003259,0.00081251375
2043,1.3003053,0.00080917217
2044,1.3002846,0.0008069668
2044,1.3002638,0.00080369413
2045,1.3002431,0.00080153346
2045,1.3002226,0.00079938956
2045,1.3002021,0.00079620816
2046,1.3001815,0.00079411082
2046,1.3001608,0.00079099648
2047,1.3001401,0.00078894198
2047,1.3001194,0.00078690611
2047,1.3000987,0.00078392774
2048,1.3000781,0.0007819552
2048,1.3000573,0.00077898987
2049,1.3000364,0.0007769838
2049,1.3000163,0.00077485666
2049,1.2999961,0.00077155977
2050,1.2999755,0.00076929852
2050,1.2999549,0.00076583773
2051,1.2999342,0.00076357648
2051,1.2999135,0.00076131709
2052,1.2998927,0.00075793266
2052,1.2998718,0.00075568072
2052,1.2998509,0.00075228512
2053,1.2998299,0.00075001083
2053,1.2998088,0.00074658915
2054,1.2997876,0.00074430369
2054,1.2997665,0.00074201077
2054,1.2997456,0.00073856302
2055,1.2997244,0.00073625706
2055,1.299703,0.00073279068
2056,1.2996817,0.00073046796
2056,1.2996606,0.00072813779
2056,1.2996394,0.00072463974
2057,1.299618,0.0007223133
2057,1.2995966,0.00071885996
2058,1.299575,0.0007165987
2058,1.2995534,0.0007143598
2058,1.2995318,0.00071103685
2059,1.2995102,0.00070883892
2059,1.2994884,0.0007055141
2060,1.2994666,0.00070329942
2060,1.2994445,0.00069997646
2060,1.2994225,0.00069776177
2061,1.2994009,0.00069555454
2061,1.2993793,0.00069225021
2062,1.2993574,0.00069005042
2062,1.2993354,0.00068675913
2063,1.2993134,0.00068456866
2063,1.2992914,0.00068238191
2063,1.2992693,0.00067910738
2064,1.2992471,0.00067692995
2064,1.2992248,0.00067364983
2065,1.2992023,0.00067146309
2065,1.29918,0.00066928566
2065,1.2991577,0.00066605955
2066,1.2991352,0.00066396967
2066,1.2991126,0.00066095591
2067,1.2990899,0.00065900385
2067,1.2990671,0.00065614656
2067,1.2990445,0.00065425597
2068,1.299022,0.00065235794
2068,1.2989995,0.00064953417
2069,1.2989768,0.00064766407
2069,1.2989541,0.00064488687
2070,1.2989313,0.00064306334
2070,1.2989085,0.00064125657
2070,1.2988857,0.00063857436
2071,1.2988628,0.00063680857
2071,1.2988397,0.00063418597
2072,1.2988166,0.00063245744
2072,1.2987939,0.00063074566
2072,1.2987713,0.00062820502
2073,1.2987483,0.00062654354
2073,1.2987254,0.00062407926
2074,1.2987025,0.00062244758
2074,1.2986796,0.00062081963
2075,1.2986567,0.00061834231
2075,1.2986337,0.00061666593
2075,1.2986107,0.00061413459
2076,1.2985876,0.00061244145
2076,1.2985644,0.00060993247
2077,1.2985411,0.00060828216
2077,1.2985179,0.00060664304
2077,1.2984947,0.00060420483
2078,1.2984715,0.00060258806
2078,1.2984481,0.00060017407
2079,1.2984248,0.00059857406
2079,1.2984016,0.0005969815
2080,1.2983783,0.00059460662
2080,1.2983549,0.00059303455
2080,1.2983316,0.00059069321
2081,1.2983081,0.00058914162
2081,1.2982846,0.00058759749
2082,1.2982611,0.00058530271
2082,1.2982376,0.00058378093
2082,1.298214,0.0005815085
2083,1.2981904,0.0005799979
2083,1.2981666,0.00057771057
2084,1.2981427,0.0005761832
2084,1.2981192,0.00057465211
2085,1.2980958,0.00057235919
2085,1.298072,0.000570843
2085,1.2980483,0.00056858175
2086,1.2980245,0.00056708045
2086,1.2980007,0.00056558475
2087,1.2979768,0.00056334957
2087,1.2979529,0.00056186505
2087,1.2979289,0.00055964664
2088,1.2979048,0.00055817328
2088,1.2978808,0.00055670552
2089,1.2978569,0.00055451319
2089,1.2978329,0.0005530566
2090,1.2978088,0.00055088289
2090,1.2977845,0.00054943748
2090,1.2977602,0.00054728054
2091,1.297736,0.00054584816
2091,1.2977118,0.00054442137
2092,1.2976877,0.00054229051
2092,1.2976634,0.0005408749
2093,1.297639,0.0005387608
2093,1.2976146,0.00053735636
2093,1.2975902,0.00053595752
2094,1.2975657,0.00053386949
2094,1.2975412,0.00053248182
2095,1.2975165,0.00053041242
2095,1.2974917,0.00052903779
2095,1.2974673,0.00052766874
2096,1.2974429,0.00052562356
2096,1.2974182,0.00052426569
2097,1.2973935,0.00052223727
2097,1.2973688,0.00052089244
2098,1.2973441,0.00051955134
2098,1.2973192,0.00051754899
2098,1.2972944,0.00051622093
2099,1.2972695,0.00051423162
2099,1.2972445,0.00051291101
2100,1.2972194,0.00051094219
2100,1.2971943,0.00050964393
2101,1.2971692,0.00050836243
2101,1.2971441,0.00050647743
2101,1.297119,0.00050524063
2102,1.2970937,0.00050340965
2102,1.2970685,0.00050219893
2103,1.2970434,0.00050098822
2103,1.2970182,0.00049918704
2104,1.2969929,0.00049799308
2104,1.2969676,0.00049621612
2104,1.2969422,0.00049504451
2105,1.2969168,0.00049388036
2105,1.2968914,0.00049214996
2106,1.2968659,0.0004910063
2106,1.2968404,0.0004893057
2107,1.2968148,0.00048818067
2107,1.2967891,0.00048650987
2107,1.2967634,0.00048540533
2108,1.2967378,0.00048431382
2108,1.2967124,0.00048268959
2109,1.2966867,0.00048161484
2109,1.296661,0.00048000552
2110,1.2966353,0.00047892146
2110,1.2966096,0.00047783367
2110,1.2965838,0.00047619827
2111,1.2965579,0.00047510676
2111,1.296532,0.0004734844
2112,1.296506,0.00047241524
2112,1.2964801,0.00047135167
2113,1.2964541,0.00046976656
2113,1.2964281,0.00046871603
2113,1.296402,0.00046714768
2114,1.2963759,0.00046610646
2114,1.2963498,0.00046507269
2115,1.2963238,0.00046352856
2115,1.2962976,0.0004625041
2116,1.2962713,0.0004609786
2116,1.2962451,0.00045996718
2116,1.2962187,0.00045845844
2117,1.2961923,0.0004574582
2117,1.2961659,0.00045646168
2118,1.2961395,0.00045498088
2118,1.296113,0.00045400113
2119,1.2960863,0.00045255944
2119,1.2960596,0.00045160949
2119,1.2960331,0.00045066886
2120,1.2960066,0.0004492756
2120,1.29598,0.00044835173
2121,1.2959533,0.00044697709
2121,1.2959266,0.00044606812
2122,1.2958999,0.00044516474
2122,1.295873,0.00044382177
2123,1.2958462,0.00044293702
2123,1.2958193,0.00044161826
2123,1.2957924,0.00044074841
2124,1.2957654,0.00043945387
2124,1.2957384,0.00043860078
2125,1.2957113,0.00043775141
2125,1.2956843,0.00043649226
2126,1.2956573,0.00043566152
2126,1.2956301,0.00043442845
2126,1.2956029,0.00043361261
2127,1.2955758,0.00043280236
2127,1.2955487,0.00043158978
2128,1.2955214,0.00043077953
2128,1.2954942,0.00042956695
2129,1.2954668,0.00042876042
2129,1.2954395,0.00042795762
2129,1.2954121,0.00042676739
2130,1.2953847,0.0004259795
2130,1.2953572,0.00042480975
2131,1.2953296,0.00042403676
2131,1.295302,0.00042288378
2132,1.2952743,0.00042212196
2132,1.2952467,0.00042136386
2133,1.2952192,0.00042023696
2133,1.2951915,0.0004194919
2133,1.2951637,0.00041838177
2134,1.295136,0.00041764788
2134,1.2951082,0.00041691959
2135,1.2950803,0.00041583739
2135,1.2950525,0.00041512214
2136,1.2950245,0.0004140567
2136,1.2949965,0.00041335076
2137,1.2949685,0.00041264109
2137,1.2949406,0.0004115738
2137,1.2949125,0.0004108604
2138,1.2948844,0.00040979311
2138,1.2948562,0.0004090853
2139,1.2948281,0.00040838495
2139,1.2947999,0.00040733814
2140,1.2947717,0.0004066471
2140,1.2947434,0.0004056152
2140,1.294715,0.00040492974
2141,1.2946866,0.00040390901
2141,1.2946582,0.00040323101
2142,1.2946297,0.00040255859
2142,1.2946011,0.00040155277
2143,1.2945726,0.0004008878
2143,1.2945438,0.00039989501
2144,1.2945151,0.0003992375
2144,1.2944865,0.00039857998
2144,1.2944578,0.00039759837
2145,1.294429,0.00039695203
2145,1.2944002,0.00039599836
2146,1.2943713,0.00039538741
2146,1.2943424,0.00039479136
2147,1.2943134,0.00039392151
2147,1.2942844,0.00039335527
2148,1.2942553,0.00039251335
2148,1.2942262,0.00039195642
2148,1.2941971,0.0003911294
2149,1.2941678,0.00039058551
2149,1.2941386,0.00039004907
2150,1.2941094,0.00038925745
2150,1.2940801,0.00038873777
2151,1.2940508,0.0003879685
2151,1.2940214,0.00038746372
2152,1.293992,0.00038696639
2152,1.2939626,0.00038623251
2152,1.2939331,0.00038575195
2153,1.2939036,0.00038504228
2153,1.2938741,0.00038457848
2154,1.2938445,0.00038412027
2154,1.2938148,0.00038344227
2155,1.2937852,0.00038299523
2155,1.2937554,0.00038232096
2156,1.2937256,0.00038187206
2156,1.2936959,0.00038142502
2157,1.2936661,0.00038076006
2157,1.2936363,0.00038032606
2157,1.2936064,0.00037968345
2158,1.2935764,0.00037926249
2158,1.2935464,0.00037864037
2159,1.2935164,0.00037823059
2159,1.2934863,0.00037782639
2160,1.2934562,0.00037722848
2160,1.293426,0.00037683547
2161,1.2933958,0.00037625432
2161,1.2933655,0.00037587434
2161,1.2933352,0.00037549809
2162,1.293305,0.00037494302
2162,1.2932746,0.0003745798
2163,1.2932442,0.00037404895
2163,1.2932138,0.00037369877
2164,1.2931833,0.00037335046
2164,1.2931529,0.00037281774
2165,1.2931223,0.00037244894
2165,1.2930918,0.00037188455
2166,1.2930612,0.00037150458
2166,1.2930305,0.00037093274
2166,1.2929997,0.00037056021
2167,1.292969,0.00037019141
2167,1.2929381,0.00036964193
2168,1.2929073,0.00036928058
2168,1.2928763,0.00036873668
2169,1.2928453,0.00036837533
2169,1.2928143,0.00036801584
2170,1.2927833,0.0003674794
2170,1.2927522,0.00036712363
2171,1.292721,0.00036659464
2171,1.2926898,0.00036624447
2171,1.2926586,0.00036589429
2172,1.2926272,0.00036536716
2172,1.2925959,0.00036501512
2173,1.2925644,0.0003644973
2173,1.2925329,0.00036416203
2174,1.2925013,0.00036370195
2174,1.2924697,0.00036342256
2175,1.292438,0.00036315992
2175,1.2924064,0.00036279298
2176,1.2923747,0.00036255457
2176,1.2923429,0.0003621988
2176,1.2923111,0.00036196597
2177,1.2922792,0.00036173873
2177,1.2922474,0.00036140904
2178,1.2922154,0.00036119856
2178,1.2921835,0.00036089681
2179,1.2921514,0.0003607031
2179,1.2921194,0.00036051683
2180,1.2920873,0.00036024675
2180,1.2920551,0.00036007538
2181,1.2920229,0.00035983138
2181,1.2919907,0.00035967678
2181,1.2919584,0.00035953522
2182,1.2919262,0.00035933405
2182,1.2918939,0.0003592018
2183,1.2918615,0.00035899691
2183,1.2918291,0.00035882369
2184,1.2917967,0.00035853684
2184,1.2917643,0.00035832822
2185,1.2917317,0.00035811029
2185,1.2916991,0.00035779551
2186,1.2916665,0.00035759248
2186,1.2916337,0.00035729259
2187,1.2916009,0.00035709701
2187,1.2915681,0.00035689957
2187,1.2915353,0.00035659969
2188,1.2915023,0.00035639852
2188,1.2914693,0.00035609864
2189,1.2914363,0.00035589933
2189,1.2914032,0.00035569817
2190,1.2913701,0.00035539828
2190,1.2913369,0.00035519898
2191,1.2913036,0.00035489537
2191,1.2912703,0.00035468675
2192,1.2912369,0.00035437942
2192,1.2912034,0.00035418198
2193,1.2911698,0.00035399944
2193,1.2911362,0.00035379082
2193,1.2911025,0.00035367906
2194,1.2910688,0.00035354681
2194,1.291035,0.0003534779
2195,1.2910012,0.0003533978
2195,1.2909674,0.00035328418
2196,1.2909335,0.00035321526
2196,1.2908996,0.00035311654
2197,1.2908656,0.00035306439
2197,1.2908316,0.00035301782
2198,1.2907975,0.00035296008
2198,1.2907634,0.00035293028
2199,1.2907292,0.00035289675
2199,1.290695,0.00035288185
2200,1.2906607,0.00035287254
2200,1.2906264,0.0003528744
2200,1.290592,0.00035288557
2201,1.2905576,0.0003529191
2201,1.2905232,0.00035294518
2202,1.2904887,0.00035298616
2202,1.2904542,0.0003529992
2203,1.2904196,0.00035299547
2203,1.290385,0.00035297126
2204,1.2903503,0.00035294704
2204,1.2903155,0.00035291165
2205,1.2902807,0.00035289861
2205,1.2902458,0.00035288744
2206,1.2902109,0.00035287999
2206,1.2901759,0.00035287812
2207,1.2901409,0.0003528744
2207,1.2901058,0.0003528744
2207,1.2900706,0.0003528744
2208,1.2900354,0.00035287812
2208,1.2900001,0.00035288371
2209,1.2899648,0.00035289302
2209,1.2899294,0.00035290234
2210,1.2898939,0.0003529191
2210,1.2898584,0.00035292655
2211,1.2898228,0.00035293773
2211,1.2897872,0.00035296008
2212,1.2897514,0.00035298429
2212,1.2897156,0.00035304762
2213,1.2896798,0.00035310909
2213,1.2896439,0.0003531836
2214,1.2896079,0.00035331212
2214,1.2895719,0.00035340339
2215,1.2895359,0.00035354123
2215,1.2894998,0.00035363808
2216,1.2894636,0.0003537368
2216,1.2894274,0.00035389513
2216,1.2893911,0.00035400689
2217,1.2893547,0.0003541857
2217,1.2893183,0.0003543105
2218,1.2892818,0.00035450608
2218,1.2892453,0.00035464391
2219,1.2892087,0.00035478547
2219,1.2891721,0.00035500713
2220,1.2891354,0.00035515986
2220,1.2890987,0.00035540015
2221,1.2890619,0.00035556406
2221,1.289025,0.00035573542
2222,1.288988,0.00035599992
2222,1.288951,0.00035618246
2223,1.288914,0.00035646558
2223,1.2888768,0.00035665929
2224,1.2888397,0.0003568586
2224,1.2888024,0.00035716593
2225,1.2887651,0.00035737827
2225,1.2887278,0.00035770424
2226,1.2886904,0.00035792589
2226,1.2886529,0.000358155
2226,1.2886154,0.00035850517
2227,1.2885778,0.00035874546
2227,1.2885401,0.00035911426
2228,1.2885024,0.00035936572
2228,1.2884647,0.00035975315
2229,1.2884269,0.00036001764
2229,1.2883889,0.00036028586
2230,1.288351,0.00036069937
2230,1.2883129,0.00036098249
2231,1.2882749,0.00036141463
2231,1.2882368,0.00036170706
2232,1.2881986,0.0003619995
2232,1.2881603,0.00036243163
2233,1.2881221,0.00036271848
2233,1.2880837,0.00036315061
2234,1.2880453,0.00036343932
2234,1.2880068,0.00036373548
2235,1.2879682,0.00036418624
2235,1.2879295,0.00036449358
2236,1.2878908,0.00036495924
2236,1.287852,0.00036527216
2237,1.2878132,0.000365749
2237,1.2877743,0.00036607124
2238,1.2877354,0.00036639534
2238,1.2876963,0.00036688894
2238,1.2876573,0.00036722049
2239,1.2876181,0.00036772713
2239,1.2875789,0.00036806799
2240,1.2875396,0.00036841072
2240,1.2875002,0.00036893412
2241,1.2874608,0.00036928616
2241,1.2874214,0.00036981888
2242,1.2873818,0.00037017837
2242,1.2873421,0.00037054159
2243,1.2873024,0.00037109293
2243,1.2872626,0.0003714636
2244,1.2872228,0.00037202798
2244,1.2871829,0.0003724061
2245,1.2871429,0.00037298165
2245,1.2871029,0.00037336908
2246,1.2870628,0.00037375838
2246,1.2870226,0.0003743507
2247,1.2869824,0.0003747493
2247,1.2869421,0.0003753528
2248,1.2869017,0.00037575886
2248,1.2868612,0.00037616864
2249,1.2868206,0.0003767889
2249,1.2867799,0.00037720613
2250,1.2867393,0.00037783943
2250,1.2866985,0.00037825853
2251,1.2866576,0.00037868135
2251,1.2866166,0.00037932768
2252,1.2865756,0.00037977286
2252,1.2865345,0.00038048252
2253,1.2864933,0.00038098544
2253,1.2864521,0.00038150512
2254,1.2864107,0.00038231723
2254,1.2863693,0.00038286671
2255,1.2863278,0.00038369559
2255,1.2862864,0.00038425438
2256,1.2862448,0.00038510747
2256,1.2862032,0.00038568489
2257,1.2861614,0.00038627349
2257,1.2861196,0.00038717128
2257,1.2860777,0.00038777851
2258,1.2860358,0.00038870424
2258,1.2859938,0.00038933381
2259,1.2859517,0.00038996898
2259,1.2859096,0.00039093941
2260,1.2858674,0.00039159507
2260,1.2858252,0.00039260276
2261,1.285783,0.00039328262
2261,1.2857405,0.00039396808
2262,1.285698,0.00039499439
2262,1.2856555,0.00039565563
2263,1.2856129,0.00039663538
2263,1.2855702,0.000397278
2264,1.2855275,0.00039823912
2264,1.2854847,0.00039889291
2265,1.2854418,0.00039955229
2265,1.2853988,0.0004005488
2266,1.2853557,0.00040121935
2266,1.2853126,0.00040223077
2267,1.2852695,0.00040290877
2267,1.2852262,0.00040358864
2268,1.2851828,0.00040461496
2268,1.2851393,0.00040530227
2269,1.2850958,0.00040633976
2269,1.2850522,0.00040703639
2270,1.2850084,0.00040773489
2270,1.2849646,0.00040878728
2271,1.2849207,0.00040948763
2271,1.2848767,0.00041054934
2272,1.2848326,0.00041126832
2272,1.2847885,0.00041237846
2273,1.2847442,0.00041315146
2273,1.2846999,0.00041394308
2274,1.2846555,0.00041516498
2274,1.2846111,0.00041599758
2275,1.2845667,0.00041723996
2275,1.2845222,0.00041807815
2276,1.2844774,0.00041892193
2276,1.2844325,0.00042019784
2277,1.2843876,0.00042106211
2277,1.2843427,0.00042237341
2278,1.2842977,0.00042325631
2278,1.2842526,0.00042414851
2279,1.2842074,0.0004255008
2279,1.2841622,0.00042641349
2280,1.2841169,0.00042779557
2280,1.2840715,0.00042872876
2281,1.284026,0.0004296694
2281,1.2839804,0.00043109804
2282,1.2839347,0.00043205917
2282,1.283889,0.00043351017
2283,1.2838433,0.00043448247
2283,1.2837975,0.00043594092
2284,1.2837516,0.00043691695
2284,1.2837055,0.0004378967
2285,1.2836593,0.0004393775
2285,1.2836131,0.00044037588
2286,1.2835668,0.00044188462
2286,1.2835204,0.00044289976
2287,1.283474,0.00044392049
2287,1.2834274,0.00044546463
2288,1.2833809,0.00044650212
2288,1.2833343,0.0004480686
2289,1.2832877,0.00044912286
2289,1.2832406,0.00045018271
2290,1.2831935,0.00045178272
2290,1.2831464,0.0004528556
2291,1.2830993,0.00045447983
2291,1.2830521,0.0004555732
2292,1.2830048,0.00045722537
2292,1.2829574,0.00045833364
2293,1.28291,0.00045944378
2293,1.2828624,0.00046111085
2294,1.2828148,0.00046222098
2294,1.2827671,0.00046388805
2295,1.2827194,0.00046500191
2295,1.2826715,0.00046612136
2296,1.2826235,0.00046781637
2296,1.2825754,0.00046895258
2297,1.2825273,0.00047066621
2298,1.282479,0.00047181547
2298,1.2824305,0.00047296844
2299,1.282382,0.00047470629
2299,1.2823334,0.00047587045
2300,1.2822848,0.00047762692
2300,1.282236,0.00047880225
2301,1.2821872,0.00047998503
2301,1.2821383,0.00048176572
2302,1.2820892,0.00048295967
2302,1.2820401,0.00048474967
2303,1.281991,0.00048595108
2303,1.2819417,0.00048776902
2304,1.2818925,0.00048900023
2304,1.2818427,0.00049026497
2305,1.2817929,0.00049220212
2305,1.2817431,0.00049351715
2306,1.2816933,0.00049552135
2306,1.2816434,0.00049685873
2307,1.2815934,0.00049820356
2307,1.2815432,0.00050023384
2308,1.2814931,0.0005015973
2308,1.2814429,0.00050366297
2309,1.2813926,0.00050505251
2309,1.2813421,0.00050645322
2310,1.2812914,0.00050857104
2310,1.2812407,0.00050999597
2311,1.28119,0.00051214918
2311,1.2811392,0.00051359646
2312,1.2810884,0.00051578693
2312,1.2810374,0.00051726028
2313,1.2809861,0.00051874295
2313,1.2809348,0.00052098557
2314,1.2808835,0.00052249059
2314,1.2808321,0.00052475557
2315,1.2807806,0.00052626804
2315,1.2807291,0.00052778423
2316,1.2806774,0.00053006597
2317,1.2806256,0.0005315952
2317,1.2805739,0.00053391233
2318,1.2805222,0.00053546764
2318,1.2804698,0.00053703226
2319,1.2804174,0.00053939596
2319,1.280365,0.00054097921
2320,1.2803126,0.00054337084
2320,1.2802601,0.00054497458
2321,1.2802076,0.00054739602
2321,1.2801549,0.00054901838
2322,1.280102,0.00055065192
2322,1.2800491,0.00055311434
2323,1.2799962,0.00055476651
2323,1.2799432,0.00055726431
2324,1.2798901,0.00055893883
2324,1.2798368,0.0005606208
2325,1.2797833,0.00056315213
2325,1.2797299,0.0005648341
2326,1.2796764,0.00056734495
2326,1.2796227,0.00056901574
2327,1.2795687,0.00057068653
2327,1.2795147,0.00057319738
2328,1.2794606,0.00057488494
2328,1.2794064,0.00057742745
2329,1.2793521,0.00057912804
2330,1.2792978,0.00058083609
2330,1.2792432,0.00058340468
2331,1.2791886,0.00058512203
2331,1.2791338,0.00058770739
2332,1.279079,0.00058943592
2332,1.2790242,0.0005920399
2333,1.2789694,0.00059378147
2333,1.2789138,0.00059552863
2334,1.2788582,0.00059815682
2334,1.2788025,0.0005998686
2335,1.2787468,0.00060245767
2335,1.2786906,0.00060422532
2336,1.2786343,0.00060605258
2336,1.2785779,0.00060909241
2337,1.2785213,0.00061131641
2337,1.2784649,0.00061486661
2338,1.2784085,0.00061735697
2338,1.2783519,0.0006198585
2339,1.2782951,0.00062359124
2340,1.2782383,0.0006261114
2340,1.2781815,0.00062993914
2341,1.2781248,0.00063254312
2341,1.2780682,0.0006365478
2342,1.2780114,0.00063926727
2342,1.2779542,0.00064202771
2343,1.277897,0.00064624287
2343,1.2778399,0.00064910389
2344,1.2777828,0.00065346807
2344,1.2777257,0.00065642782
2345,1.2776687,0.00065942854
2345,1.2776119,0.00066418201
2346,1.277555,0.00066737086
2346,1.2774991,0.00067205913
2347,1.2774431,0.00067502819
2347,1.2773865,0.00067746267
2348,1.2773299,0.0006806124
2349,1.277273,0.00068241172
2349,1.2772161,0.00068477169
2350,1.2771586,0.00068650208
2350,1.2771011,0.00068906322
2351,1.2770433,0.00069075264
2351,1.2769854,0.0006924253
2352,1.2769274,0.00069479458
2352,1.2768692,0.00069628656
2353,1.2768109,0.00069842674
2353,1.2767524,0.00069979019
2354,1.2766936,0.0007011015
2354,1.2766345,0.00070297346
2355,1.2765752,0.0007041581
2355,1.2765158,0.00070583634
2356,1.276456,0.00070683658
2357,1.2763957,0.00070772506
2357,1.2763351,0.00070903637
2358,1.2762739,0.00070996583
2358,1.2762125,0.0007117521
2359,1.2761506,0.00071342103
2359,1.2760887,0.00071533024
2360,1.2760268,0.00071858242
2360,1.275965,0.00072094053
2361,1.2759033,0.00072418898
2361,1.2758416,0.00072636455
2362,1.2757799,0.0007296335
2362,1.2757182,0.0007318221
2363,1.2756556,0.00073410943
2364,1.2755929,0.00073760934
2364,1.2755304,0.00073998794
2365,1.2754678,0.00074362382
2365,1.275405,0.00074609369
2366,1.2753422,0.00074860267
2366,1.2752792,0.00075243227
2367,1.2752163,0.00075503066
2367,1.2751533,0.00075903349
2368,1.2750904,0.00076175667
2368,1.2750271,0.00076450035
2369,1.2749637,0.0007686168
2369,1.2749003,0.00077128969
2370,1.274837,0.00077513047
2371,1.2747736,0.00077763014
2371,1.2747101,0.00078130886
2372,1.2746463,0.00078378245
2372,1.274582,0.00078630634
2373,1.2745176,0.00079012662
2373,1.2744531,0.00079269707
2374,1.2743887,0.0007965751
2374,1.274324,0.00079916045
2375,1.2742593,0.00080175512
2375,1.2741944,0.00080566667
2376,1.2741294,0.00080828741
2377,1.2740646,0.00081223249
2377,1.2739997,0.00081487559
2378,1.2739337,0.00081752986
2378,1.2738678,0.00082152709
2379,1.2738019,0.00082420558
2379,1.273736,0.00082824193
2380,1.2736699,0.00083094276
2380,1.2736036,0.00083365105
2381,1.2735372,0.00083771721
2381,1.2734708,0.00084043108
2382,1.2734041,0.00084451213
2383,1.2733374,0.00084723905
2383,1.2732706,0.00085134618
2384,1.2732038,0.00085409917
2384,1.2731365,0.00085685775
2385,1.273069,0.00086101517
2385,1.2730014,0.0008637961
2386,1.2729339,0.0008679796
2386,1.2728661,0.00087078102
2387,1.2727978,0.00087358803
2387,1.2727295,0.00087781623
2388,1.2726611,0.00088064373
2389,1.2725926,0.00088489987
2389,1.2725239,0.00088774785
2390,1.2724552,0.00089060515
2390,1.2723861,0.0008948911
2391,1.2723169,0.00089776143
2391,1.2722476,0.00090209208
2392,1.2721783,0.00090500526
2392,1.2721089,0.00090945512
2393,1.2720396,0.0009124577
2394,1.2719691,0.00091548823
2394,1.2718987,0.00092007779
2395,1.2718283,0.00092314184
2395,1.2717579,0.0009277612
2396,1.2716871,0.00093085505
2396,1.2716163,0.00093396008
2397,1.2715453,0.00093865022
2397,1.2714743,0.00094179623
2398,1.2714032,0.00094654039
2399,1.271332,0.00094972178
2399,1.2712604,0.00095291808
2400,1.2711884,0.00095774047
2400,1.2711163,0.00096097402
2401,1.2710443,0.00096585043
2401,1.2709722,0.00096912123
2402,1.2709001,0.00097405724
2402,1.2708277,0.00097736157
2403,1.2707547,0.00098067895
2404,1.2706816,0.00098566152
2404,1.2706085,0.00098898262
2405,1.2705353,0.00099397078
2405,1.2704619,0.00099730305
2406,1.2703885,0.0010006409
2406,1.2703147,0.001005685
2407,1.270241,0.0010090619
2407,1.2701673,0.0010141507
2408,1.2700936,0.0010175593
2409,1.2700186,0.0010209773
2409,1.2699435,0.0010261238
2410,1.2698685,0.0010295697
2410,1.2697936,0.001034759
2411,1.2697182,0.0010382328
2411,1.2696428,0.0010417178
2412,1.2695672,0.0010469649
2412,1.2694915,0.0010504778
2413,1.2694155,0.0010557547
2414,1.2693394,0.0010592826
2414,1.2692632,0.0010646097
2415,1.2691869,0.0010681953
2415,1.2691102,0.0010718368
2416,1.2690329,0.0010774173
2416,1.2689558,0.0010811947
2417,1.2688788,0.001086941
2418,1.2688014,0.0010907948
2418,1.2687234,0.0010946561
2419,1.2686453,0.0011004806
2419,1.2685672,0.0011043865
2420,1.268489,0.0011102874
2420,1.2684107,0.001114253
2421,1.2683322,0.0011182427
2421,1.2682534,0.0011242665
2422,1.2681745,0.0011283103
2423,1.2680956,0.0011344198
2423,1.2680166,0.0011385195
2424,1.2679377,0.0011447128
2424,1.2678588,0.0011488702
2425,1.2677786,0.0011530798
2425,1.2676982,0.0011594258
2426,1.2676182,0.0011636633
2427,1.2675382,0.0011699907
2427,1.2674579,0.0011740867
2428,1.2673774,0.0011781286
2428,1.2672967,0.001184104
2429,1.2672159,0.0011880435
2429,1.2671349,0.0011939891
2430,1.2670538,0.0011979807
2431,1.2669721,0.0012019817
2431,1.26689,0.0012079962
2432,1.2668079,0.0012120046
2432,1.2667258,0.0012180042
2433,1.2666433,0.0012220033
2433,1.2665601,0.0012260042
2434,1.2664769,0.0012320038
2435,1.2663935,0.0012360029
2435,1.2663099,0.0012420025
2436,1.266226,0.0012459997
2436,1.266142,0.0012519676
2437,1.2660576,0.0012559053
2437,1.265973,0.0012598578
2438,1.2658877,0.0012658779
2439,1.2658024,0.0012699999
2439,1.2657171,0.0012766961
2440,1.2656317,0.001281362
2440,1.2655448,0.0012861732
2441,1.2654579,0.0012936052
2441,1.2653714,0.001298504
2442,1.2652849,0.0013059098
2443,1.2651979,0.0013108831
2443,1.2651108,0.0013158862
2444,1.2650235,0.0013235025
2444,1.2649361,0.0013286546
2445,1.2648485,0.0013364721
2445,1.2647608,0.0013417453
2446,1.2646731,0.0013497435
2447,1.2645854,0.0013551358
2447,1.264497,0.0013605747
2448,1.2644081,0.0013688244
2448,1.2643194,0.0013743844
2449,1.2642308,0.0013828147
2450,1.2641418,0.0013884958
2450,1.2640519,0.0013942234
2451,1.263962,0.0014029052
2451,1.263872,0.0014087539
2452,1.2637821,0.0014176145
2452,1.263692,0.0014235824
2453,1.2636018,0.0014295988
2454,1.2635111,0.0014387127
2454,1.2634205,0.0014448483
2455,1.2633298,0.0014541429
2455,1.2632391,0.0014603976
2456,1.2631488,0.0014698729
2456,1.2630585,0.0014762487
2457,1.2629662,0.001482673
2458,1.2628737,0.0014923979
2458,1.2627818,0.0014989432
2459,1.2626899,0.0015088487
2459,1.2625976,0.0015155133
2460,1.2625052,0.0015222244
2461,1.2624129,0.0015324671
2461,1.2623207,0.0015393756
2462,1.2622288,0.001549745
2462,1.2621371,0.0015566032
2463,1.2620448,0.0015632492
2463,1.2619519,0.0015727486
2464,1.2618591,0.0015788823
2465,1.2617664,0.0015878491
2465,1.261673,0.0015938282
2466,1.2615786,0.0015998948
2466,1.2614842,0.0016090106
2467,1.2613898,0.0016151015
2468,1.2612953,0.0016242135
2468,1.2612005,0.0016302392
2469,1.2611057,0.0016392469
2469,1.2610105,0.0016452335
2470,1.2609153,0.0016512033
2471,1.2608196,0.0016601253
2471,1.2607239,0.0016660541
2472,1.2606284,0.0016749147
2472,1.260533,0.0016808026
2473,1.2604353,0.0016866326
2473,1.2603375,0.0016953591
2474,1.2602398,0.0017011873
2475,1.260142,0.0017100032
2475,1.2600437,0.0017160773
2476,1.2599452,0.0017222427
2476,1.2598466,0.0017316528
2477,1.259748,0.00173801
2478,1.2596492,0.0017475169
2478,1.2595504,0.0017538331
2479,1.2594515,0.001763314
2479,1.2593527,0.0017696396
2480,1.2592531,0.0017759874
2481,1.2591529,0.0017855577
2481,1.259053,0.0017919578
2482,1.2589533,0.0018015876
2482,1.2588531,0.0018080268
2483,1.2587519,0.0018144846
2484,1.2586508,0.0018242002
2484,1.2585498,0.0018306971
2485,1.2584487,0.0018405132
2485,1.2583478,0.001847133
2486,1.2582468,0.0018537473
2487,1.2581458,0.0018635783
2487,1.2580448,0.0018700082
2488,1.257944,0.0018789954
2488,1.2578433,0.001884738
2489,1.2577424,0.0018930286
2490,1.2576416,0.0018983912
2490,1.257539,0.0019038785
2491,1.2574363,0.001912063
2491,1.2573348,0.0019174907
2492,1.2572335,0.0019255877
2493,1.2571318,0.0019282866
2493,1.2570299,0.0019309837
2494,1.2569263,0.0019336827
2494,1.256822,0.0019363817
2495,1.2567167,0.0019390807
2496,1.256611,0.0019417778
2496,1.2565046,0.0019444767
2497,1.2563978,0.0019471757
2497,1.2562905,0.0019498728
2498,1.2561826,0.0019516908
2499,1.2560739,0.0019535087
2499,1.2559638,0.0019553266
2500,1.2558536,0.0019583367
2500,1.2557429,0.0019613449
2501,1.255632,0.0019643549
2502,1.2555206,0.0019673631
2502,1.2554091,0.0019703731
2503,1.2552968,0.0019733831
2503,1.2551845,0.0019763913
2504,1.2550713,0.0019794013
2505,1.2549582,0.0019824095
2505,1.2548441,0.0019854195
2506,1.2547301,0.0019884296
2506,1.2546152,0.0019914377
2507,1.2545003,0.0019944478
2508,1.2543846,0.001997456
2508,1.2542688,0.002000466
2509,1.2541522,0.002003476
2509,1.2540355,0.0020064842
2510,1.2539181,0.0020094942
2511,1.2538004,0.0020125043
2511,1.2536822,0.0020155124
2512,1.2535635,0.0020185225
2512,1.2534442,0.0020215306
2513,1.2533245,0.0020245407
2514,1.2532045,0.0020281095
2514,1.2530844,0.0020321831
2515,1.2529637,0.0020347741
2515,1.2528423,0.0020382162
2516,1.2527208,0.0020436794
2517,1.2525993,0.0020451155
2517,1.2524777,0.0020484552
2518,1.2523562,0.0020533074
2519,1.2522339,0.0020525772
2519,1.2521093,0.0020561945
2520,1.2519847,0.002061259
2520,1.2518601,0.0020625852
2521,1.2517355,0.0020661987
2522,1.2516101,0.0020688213
2522,1.2514847,0.0020725038
2523,1.251359,0.0020750202
2523,1.2512333,0.002076
2524,1.2511058,0.0020787753
2525,1.2509781,0.0020801071
2525,1.2508495,0.0020826589
2526,1.2507207,0.0020880848
2527,1.2505922,0.0020896941
2527,1.2504639,0.0020897724
2528,1.2503333,0.0020920988
2528,1.2502019,0.0020900071
2529,1.2500701,0.0020946208
2530,1.2499381,0.002097778
2530,1.2498072,0.0020992104
2531,1.2496773,0.0021054782
2531,1.249543,0.0020962041
2532,1.249404,0.0020958297
2533,1.2492672,0.0021057185
2533,1.2491338,0.0021075122
2534,1.2489992,0.0021090712
2535,1.2488624,0.002108233
2535,1.2487255,0.0021101348
2536,1.2485883,0.0021125246
2536,1.2484506,0.0021115039
2537,1.2483111,0.0021136198
2538,1.2481715,0.0021154433
2538,1.2480304,0.0021155961
2539,1.2478894,0.002118066
2540,1.2477481,0.0021196511
2540,1.2476068,0.0021206029
2541,1.2474643,0.0021223724
2541,1.2473217,0.0021231882
2542,1.247178,0.002124656
2543,1.2470342,0.0021248721
2543,1.2468886,0.0021252744
2544,1.2467426,0.0021270812
2545,1.2465957,0.0021271072
2545,1.2464485,0.0021294747
2546,1.2463008,0.0021312609
2546,1.2461529,0.0021299254
2547,1.2460037,0.0021318402
2548,1.2458536,0.0021321215
2548,1.2457032,0.0021332595
2549,1.2455525,0.0021357965
2550,1.2454008,0.002134433
2550,1.245248,0.0021360815
2551,1.2450943,0.0021371599
2551,1.2449393,0.0021361709
2552,1.2447843,0.0021396652
2553,1.2446293,0.0021402948
2553,1.2444736,0.0021388028
2554,1.244316,0.0021416172
2555,1.2441582,0.0021434259
2555,1.2439997,0.0021439083
2556,1.243841,0.0021445826
2556,1.2436797,0.0021448042
2557,1.2435183,0.0021462515
2558,1.2433573,0.0021493584
2558,1.2431963,0.0021499321
2559,1.2430316,0.0021492038
2560,1.2428665,0.0021516401
2560,1.2427015,0.0021542367
2561,1.2425365,0.0021574516
2561,1.2423704,0.0021589063
2562,1.2422039,0.0021593515
2563,1.2420366,0.002162518
2563,1.2418689,0.0021641571
2564,1.2416993,0.0021643452
2565,1.2415285,0.0021660868
2565,1.2413577,0.0021692365
2566,1.2411869,0.0021720938
2567,1.2410143,0.0021717884
2567,1.2408394,0.0021720137
2568,1.2406641,0.0021753646
2568,1.2404881,0.0021785479
2569,1.2403121,0.0021832697
2570,1.2401361,0.0021856297
2570,1.2399594,0.0021859985
2571,1.2397807,0.0021906141
2572,1.2396017,0.0021926984
2572,1.2394205,0.0021946225
2573,1.2392392,0.0021990687
2574,1.2390571,0.0022016335
2574,1.238875,0.002204366
2575,1.2386902,0.0022071227
2575,1.2385055,0.0022100993
2576,1.2383187,0.002213845
2577,1.2381318,0.0022203624
2577,1.237945,0.0022245236
2578,1.2377583,0.0022253431
2579,1.2375689,0.0022301711
2579,1.2373788,0.0022344459
2580,1.2371872,0.0022379309
2581,1.236995,0.00224174
2581,1.2368011,0.0022458714
2582,1.2366064,0.0022507962
2583,1.2364115,0.0022561867
2583,1.2362164,0.0022638571
2584,1.2360197,0.002267547
2584,1.2358215,0.0022705682
2585,1.2356224,0.0022776946
2586,1.2354219,0.0022820663
2586,1.2352216,0.002289189
2587,1.2350213,0.0022974964
2588,1.2348197,0.002299685
2588,1.2346147,0.0023056939
2589,1.2344096,0.0023145769
2590,1.2342044,0.0023198761
2590,1.2339986,0.0023256317
2591,1.2337895,0.0023313574
2592,1.2335802,0.0023393724
2592,1.2333697,0.0023467913
2593,1.2331591,0.0023522731
2594,1.232949,0.0023647174
2594,1.232739,0.0023715887
2595,1.2325232,0.0023746192
2595,1.2323069,0.0023865886
2596,1.2320903,0.0023933034
2597,1.2318736,0.002398774
2597,1.2316551,0.0024101157
2598,1.231436,0.0024176706
2599,1.2312158,0.0024271104
2599,1.230995,0.0024385117
2600,1.2307722,0.0024450216
2601,1.2305482,0.0024542157
2601,1.2303235,0.0024651662
2602,1.2300981,0.0024735257
2603,1.2298708,0.0024816692
2603,1.2296413,0.0024925582
2604,1.2294114,0.0025040954
2605,1.2291809,0.0025146082
2605,1.2289496,0.0025271215
2606,1.2287167,0.0025359001
2607,1.2284833,0.0025460273
2607,1.2282481,0.0025588628
2608,1.228012,0.0025681201
2609,1.2277721,0.0025786459
2609,1.2275321,0.0025913306
2610,1.2272911,0.0026048254
2611,1.2270501,0.0026179105
2611,1.2268063,0.0026304312
2612,1.2265624,0.0026439279
2612,1.226318,0.0026591457
2613,1.2260736,0.0026714634
2614,1.225825,0.0026835538
2614,1.2255759,0.0026956946
2615,1.2253242,0.0027091671
2616,1.2250719,0.0027285013
2616,1.2248192,0.002742406
2617,1.2245664,0.0027540382
2618,1.2243104,0.0027693287
2618,1.2240526,0.0027826279
2619,1.2237944,0.0027987137
2620,1.2235357,0.0028184503
2620,1.2232742,0.0028298311
2621,1.22301,0.0028436352
2622,1.2227454,0.0028638169
2622,1.2224803,0.0028791241
2623,1.2222136,0.0028970931
2624,1.2219443,0.0029119961
2624,1.2216747,0.0029305965
2625,1.2214044,0.0029507671
2626,1.2211332,0.0029654689
2626,1.2208585,0.002985144
2627,1.2205838,0.0030041952
2628,1.2203082,0.0030235182
2628,1.2200323,0.0030391645
2629,1.2197502,0.0030567739
2630,1.2194681,0.0030803923
2630,1.219187,0.0030990057
2631,1.2189058,0.0031185001
2632,1.2186211,0.0031361699
2632,1.218336,0.0031515811
2633,1.2180476,0.0031710665
2634,1.2177586,0.0031893079
2634,1.2174654,0.003203738
2635,1.2171709,0.0032242346
2636,1.2168744,0.0032423492
2636,1.2165771,0.0032562172
2637,1.2162764,0.0032748063
2638,1.2159737,0.0032940756
2638,1.2156692,0.0033119318
2639,1.2153633,0.0033322164
2640,1.215055,0.0033499765
2640,1.2147439,0.0033673138
2641,1.2144319,0.0033894026
2642,1.2141187,0.0034083755
2642,1.2138036,0.0034269051
2643,1.2134848,0.0034445033
2644,1.2131644,0.003460982
2644,1.2128396,0.0034818891
2645,1.2125146,0.0035038276
2646,1.2121886,0.0035235462
2646,1.2118616,0.0035395836
2647,1.2115264,0.0035566322
2648,1.2111911,0.0035773354
2649,1.2108531,0.0035972955
2649,1.2105151,0.0036166706
2650,1.2101705,0.003634355
2651,1.2098255,0.0036515617
2651,1.2094762,0.0036735807
2652,1.2091264,0.0036945452
2653,1.2087715,0.0037123854
2653,1.2084154,0.0037339451
2654,1.2080551,0.0037533019
2655,1.2076932,0.0037723114
2655,1.2073281,0.0037941249
2656,1.2069612,0.0038131885
2657,1.2065879,0.0038290827
2657,1.20621,0.0038475138
2658,1.2058296,0.0038719661
2659,1.2054467,0.0038908174
2659,1.2050605,0.0039108271
2660,1.2046699,0.0039348026
2661,1.2042763,0.0039569376
2661,1.2038774,0.0039755595
2662,1.2034759,0.0039957838
2663,1.2030676,0.0040214345
2663,1.2026577,0.0040445709
2664,1.2022422,0.0040709498
2665,1.2018255,0.0040973564
2666,1.201402,0.0041221866
2666,1.2009778,0.0041498782
2667,1.2005429,0.0041723722
2668,1.2001079,0.0041993322
2668,1.1996591,0.004225527
2669,1.1992101,0.0042609042
2670,1.198761,0.0043008658
2670,1.1983119,0.004329105
2671,1.1978501,0.0043619128
2672,1.1973859,0.0043976135
2672,1.1969107,0.004428208
2673,1.196432,0.0044668218
2674,1.1959442,0.0045038076
2674,1.1954522,0.0045524353
2675,1.1949574,0.0046041189
2676,1.1944607,0.0046504935
2677,1.1939582,0.0047022927
2677,1.1934507,0.0047534965
2678,1.1929331,0.0047996575
2679,1.1924038,0.0048504608
2679,1.1918694,0.0049053146
2680,1.191327,0.0049836434
2681,1.1907834,0.0050594971
2681,1.1902372,0.0051327075
2682,1.1896881,0.0052098914
2683,1.1891302,0.0052901387
2683,1.1885686,0.0053698667
2684,1.1879892,0.0054490748
2685,1.1874085,0.0055296575
2686,1.1868155,0.0056412765
2686,1.1862224,0.0057532121
2687,1.1856279,0.0058654639
2688,1.1850334,0.005978032
2688,1.1844245,0.0060909159
2689,1.1838149,0.0062041164
2690,1.1831755,0.0063176329
2690,1.1825319,0.0064343985
2691,1.181879,0.0065955359
2692,1.1812239,0.0067683262
2693,1.1805767,0.0069458875
2693,1.1799326,0.0071231705
2694,1.1792808,0.0072978909
2695,1.178625,0.0074740958
2695,1.177948,0.0076509894
2696,1.1772556,0.0078299032
2697,1.1765677,0.008066729
2697,1.1758843,0.0083059861
2698,1.1752032,0.0085450573
2699,1.1745253,0.0087820012
2700,1.1738413,0.0090184292
2700,1.173146,0.0092541699
2701,1.1724338,0.0094884543
2702,1.1716784,0.0097252056
2702,1.1709311,0.01005684
2703,1.170215,0.010388474
2704,1.1695006,0.010720109
2704,1.1687966,0.011051743
2705,1.1680919,0.011383377
2706,1.1673772,0.011715012
2707,1.1666625,0.012046646
2707,1.165904,0.012383727
2708,1.1651449,0.012798189
2709,1.1644292,0.013212651
2709,1.1637177,0.013627113
2710,1.1630127,0.014041575
2711,1.1623089,0.014456037
2712,1.1615942,0.014870499
2712,1.1608761,0.015284961
2713,1.1601393,0.015704591
2714,1.1593941,0.016201776
2714,1.1586766,0.01669896
2715,1.1579767,0.017196145
2716,1.1572817,0.017693329
2717,1.1565909,0.018190513
2717,1.1558932,0.018687698
2718,1.1551877,0.019184882
2719,1.154479,0.019686999
2719,1.1537654,0.020260652
2720,1.1530645,0.020834306
2721,1.1523909,0.021407959
2722,1.1517199,0.021981613
2722,1.1510564,0.022555266
2723,1.1503905,0.02312892
2724,1.1497127,0.023702573
2724,1.1490357,0.024280214
2725,1.148366,0.024922581
2726,1.1476971,0.025564949
2727,1.1470626,0.026207316
2727,1.1464281,0.026849683
2728,1.1458046,0.02749205
2729,1.1451817,0.028134418
2729,1.1445501,0.028776785
2730,1.1439172,0.029422247
2731,1.1433002,0.030118648
2732,1.1426871,0.030815049
2732,1.1420946,0.03151145
2733,1.1415099,0.032207851
2734,1.1409335,0.032904252
2734,1.1403614,0.033600653
2735,1.1397878,0.034297054
2736,1.1392131,0.034995586
2737,1.1386503,0.035726152
2737,1.1380992,0.036456717
2738,1.1375585,0.037187282
2739,1.137032,0.037917847
2740,1.1365051,0.038633002
2740,1.1359773,0.039353674
2741,1.1354494,0.040079346
2742,1.134921,0.040810515
2742,1.1343971,0.041561231
2743,1.1338904,0.042314242
2744,1.1333859,0.043068938
2745,1.1328964,0.04382457
2745,1.1324077,0.04458062
2746,1.1319316,0.045336765
2747,1.1314556,0.046092292
2747,1.1309887,0.04684731
2748,1.130522,0.047605471
2749,1.1300662,0.048361869
2750,1.1296115,0.049116839
2750,1.1291628,0.049869634
2751,1.1287154,0.050620621
2752,1.1282701,0.05136916
2753,1.1278255,0.052115905
2753,1.1273805,0.05286088
2754,1.1269353,0.053610673
2755,1.1264917,0.054358402
2756,1.1260493,0.055104775
2756,1.1256053,0.055850186
2757,1.1251601,0.056594531
2758,1.1247115,0.05733859
2758,1.1242588,0.05808296
2759,1.1238034,0.058828686
2760,1.1233439,0.059585248
2761,1.1228835,0.060342103
2761,1.1224213,0.061099828
2762,1.1219569,0.061859607
2763,1.1214854,0.062622194
2764,1.1210116,0.063388353
2764,1.1205261,0.064159858
2765,1.1200399,0.06493763
2766,1.1195462,0.065733717
2767,1.1190525,0.066536035
2767,1.1185558,0.067346491
2768,1.1180591,0.068165947
2769,1.1175591,0.068995136
2770,1.117059,0.069833833
2770,1.1165551,0.070682667
2771,1.1160506,0.071543535
2772,1.1155501,0.072423024
2772,1.1150507,0.073311746
2773,1.1145563,0.074210815
2774,1.1140637,0.075120401
2775,1.1135757,0.076040889
2775,1.1130902,0.076971664
2776,1.1126095,0.077913806
2777,1.1121325,0.078867989
2778,1.1116636,0.079836369
2778,1.111203,0.080812658
2779,1.1107488,0.081796857
2780,1.1103033,0.082788073
2781,1.109862,0.083785789
2781,1.1094284,0.084790342
2782,1.108998,0.085802324
2783,1.1085756,0.086821466
2784,1.1081555,0.08784757
2784,1.107744,0.088881835
2785,1.107334,0.089923528
2786,1.1069338,0.090972648
2787,1.1065344,0.092029374
2787,1.1061468,0.093095225
2788,1.1057592,0.094167593
2789,1.1053843,0.095247535
2790,1.1050096,0.09633599
2790,1.1046473,0.097430071
2791,1.1042863,0.098532346
2792,1.1039365,0.0996413
2793,1.1035891,0.10075675
2793,1.103252,0.10188024
2794,1.1029181,0.10301062
2795,1.1025936,0.1041475
2796,1.1022734,0.10529154
2796,1.1019617,0.106443
2797,1.1016556,0.1076019
2798,1.1013573,0.10876767
2799,1.101066,0.10994045
2799,1.1007812,0.11112018
2800,1.1005042,0.11230686
2801,1.100233,0.11350097
2802,1.0999708,0.11470287
2802,1.0997136,0.11591246
2803,1.0994673,0.11712945
2804,1.099225,0.11835493
2805,1.0989957,0.11958759
2805,1.0987696,0.12082916
2806,1.0985596,0.12207815
2807,1.0983515,0.12333457
2808,1.0981618,0.12459833
2809,1.0979724,0.12586864
2809,1.0978035,0.12714636
2810,1.0976346,0.12843072
2811,1.0974868,0.12972169
2812,1.0973404,0.13101916
2812,1.0972134,0.13232138
2813,1.0970894,0.13362992
2814,1.0969837,0.13494416
2815,1.0968829,0.1362632
2815,1.0967988,0.13758762
2816,1.0967214,0.13891691
2817,1.0966588,0.14025019
2818,1.0966046,0.1415878
2818,1.0965637,0.14293005
2819,1.0965328,0.14427585
2820,1.0965133,0.14562546
2821,1.0965053,0.14697923
2822,1.0965071,0.14833672
2822,1.0965224,0.14969792
2823,1.096546,0.15106284
2824,1.096585,0.15243113
2825,1.0966305,0.15380251
2825,1.0966933,0.15517734
2826,1.0967609,0.15655518
2827,1.0968481,0.15793635
2828,1.0969384,0.15931953
2828,1.0970499,0.16070538
2829,1.0971625,0.16209317
2830,1.0972981,0.16348369
2831,1.0974337,0.16487608
2832,1.0975929,0.16627036
2832,1.0977527,0.16766653
2833,1.0979342,0.16906455
2834,1.0981181,0.17046356
2835,1.0983219,0.17186517
2835,1.0985299,0.17326797
2836,1.0987563,0.17467246
2837,1.0989888,0.17607807
2838,1.0992377,0.17748462
2839,1.0994944,0.17889275
2839,1.0997661,0.18030212
2840,1.1000476,0.18171183
2841,1.100342,0.18312263
2842,1.1006479,0.18453479
2842,1.1009655,0.18594787
2843,1.1012971,0.18736187
2844,1.1016386,0.18877641
2845,1.1019962,0.19019094
2846,1.102362,0.1916058
2846,1.1027463,0.193021
2847,1.1031367,0.19443526
2848,1.1035472,0.19584883
2849,1.1039621,0.19726221
2849,1.1043996,0.1986745
2850,1.1048393,0.20008505
2851,1.1053032,0.20149467
2852,1.1057673,0.20290327
2853,1.1062581,0.2043091
2853,1.1067488,0.20571302
2854,1.1072641,0.20711506
2855,1.107781,0.20851434
2856,1.1083208,0.20991171
2857,1.1088642,0.21130554
2857,1.1094279,0.21269646
2858,1.1099971,0.2140846
2859,1.1105849,0.21546923
2860,1.1111803,0.21685014
2860,1.1117916,0.21822668
2861,1.112412,0.2195992
2862,1.1130465,0.220968
2863,1.1136919,0.22233254
2864,1.1143494,0.22369193
2864,1.1150193,0.2250467
2865,1.1156991,0.22639643
2866,1.1163926,0.22774048
2867,1.1170941,0.22907951
2868,1.1178107,0.23041297
2868,1.1185331,0.23174057
2869,1.1192715,0.23306192
2870,1.1200139,0.23437748
2871,1.1207727,0.23568673
2872,1.1215338,0.23699026
2872,1.1223117,0.23828752
2873,1.1230904,0.23957998
2874,1.1238875,0.24086598
2875,1.1246845,0.24214641
2876,1.1254988,0.24342113
2876,1.1263136,0.24469021
2877,1.1271436,0.24595371
2878,1.1279752,0.24721251
2879,1.1288214,0.24846668
2880,1.1296708,0.2497146
2880,1.1305327,0.25095831
2881,1.1313988,0.25219685
2882,1.1322764,0.25343052
2883,1.1331594,0.25465954
2884,1.1340527,0.25588391
2884,1.1349527,0.25710365
2885,1.1358619,0.25831874
2886,1.1367791,0.25952971
2887,1.1377044,0.260736
2888,1.1386393,0.26193761
2888,1.1395807,0.26313469
2889,1.1405329,0.26432694
2890,1.1414905,0.26551515
2891,1.1424605,0.26669871
2892,1.1434345,0.26787763
2892,1.1444219,0.26905213
2893,1.1454122,0.27022273
2894,1.1464178,0.27138869
2895,1.147425,0.27255023
2896,1.1484497,0.27370875
2896,1.1494746,0.27486179
2897,1.1505189,0.27601111
2898,1.1515631,0.27715565
2899,1.1526263,0.2782955
2900,1.1536907,0.27943071
2900,1.1547727,0.28056041
2901,1.1558576,0.28168538
2902,1.1569593,0.28280569
2903,1.1580657,0.28391985
2904,1.159187,0.28502823
2905,1.1603144,0.28613104
2905,1.1614558,0.28722828
2906,1.1626053,0.28831872
2907,1.1637669,0.28940231
2908,1.1649377,0.29047885
2909,1.1661189,0.29154847
2909,1.1673109,0.29261113
2910,1.1685114,0.29366591
2911,1.1697238,0.29471315
2912,1.170943,0.29575315
2913,1.1721755,0.29678513
2914,1.1734132,0.29780968
2914,1.1746655,0.2988268
2915,1.1759216,0.29983627
2916,1.1771938,0.30083758
2917,1.1784684,0.30183145
2918,1.1797612,0.30281767
2918,1.1810549,0.30379476
2919,1.1823677,0.30476442
2920,1.1836804,0.30572664
2921,1.1850136,0.3066793
2922,1.1863474,0.30762259
2923,1.1876994,0.3085584
2923,1.1890536,0.30948505
2924,1.1904252,0.31040241
2925,1.1918006,0.31131049
2926,1.1931919,0.31220853
2927,1.1945886,0.31309636
2927,1.1959997,0.31397465
2928,1.1974178,0.31484171
2929,1.1988485,0.31569794
2930,1.2002877,0.31654278
2931,1.2017375,0.31737556
2932,1.2031968,0.31819627
2932,1.2046647,0.31900491
2933,1.2061433,0.31980148
2934,1.207629,0.32058557
2935,1.2091265,0.32135667
2936,1.2106297,0.3221151
2937,1.212146,0.32286058
2937,1.2136664,0.32359172
2938,1.2152006,0.32430964
2939,1.2167375,0.32501344
2940,1.2182893,0.32570224
2941,1.2198425,0.32637549
2942,1.2214104,0.32703457
2942,1.2229784,0.32767703
2943,1.2245612,0.32830462
2944,1.226144,0.32891594
2945,1.2277386,0.32950949
2946,1.229334,0.33008719
2947,1.2309389,0.33064738
2947,1.2325454,0.33119076
2948,1.2341592,0.33171663
2949,1.235775,0.33222411
2950,1.2373952,0.33271374
2951,1.2390172,0.33318573
2952,1.2406411,0.33363877
2953,1.2422663,0.33407416
2953,1.2438918,0.33449226
2954,1.2455177,0.33489272
2955,1.2471429,0.33527605
2956,1.2487673,0.33564219
2957,1.2503903,0.33599156
2958,1.2520112,0.33632515
2958,1.2536306,0.33664295
2959,1.2552471,0.33694497
2960,1.2568622,0.3372315
2961,1.258473,0.33750291
2962,1.2600824,0.33775899
2963,1.2616861,0.33800113
2963,1.2632888,0.3382292
2964,1.2648845,0.33844264
2965,1.2664798,0.33864308
2966,1.2680674,0.33883053
2967,1.2696549,0.33900498
2968,1.2712342,0.33916697
2969,1.2728131,0.33931495
2969,1.2743831,0.33945169
2970,1.275952,0.33957643
2971,1.2775126,0.33968828
2972,1.2790712,0.33978871
2973,1.2806216,0.33987799
2974,1.2821692,0.33995614
2975,1.2837092,0.34002382
2975,1.2852455,0.3400813
2976,1.286775,0.34012856
2977,1.2882998,0.34016618
2978,1.2898189,0.34019506
2979,1.2913329,0.34021458
2980,1.2928423,0.34022529
2981,1.294346,0.3402277
2981,1.295846,0.34022123
2982,1.2973398,0.34020604
2983,1.2988306,0.34018221
2984,1.3003143,0.34015067
2985,1.301796,0.34011103
2986,1.3032706,0.34006374
2987,1.3047438,0.34000809
2987,1.3062091,0.33994424
2988,1.3076738,0.33987284
2989,1.3091298,0.33979317
2990,1.3105859,0.33970607
2991,1.3120333,0.33961153
2992,1.3134807,0.33950836
2993,1.3149182,0.33939679
2993,1.316355,0.33927776
2994,1.3177822,0.33915131
2995,1.3192079,0.33901743
2996,1.3206245,0.3388769
2997,1.3220386,0.33872988
2998,1.3234444,0.33857636
2999,1.3248469,0.33841703
2999,1.3262426,0.33825277
3000,1.3276344,0.33808264
3001,1.3290204,0.33790717
3002,1.3304016,0.33772705
3003,1.3317783,0.33754229
3004,1.3331501,0.33735289
3005,1.3345184,0.33715928
3006,1.3358816,0.33696156
3006,1.3372422,0.3367592
3007,1.3385973,0.33655284
3008,1.3399508,0.33634341
3009,1.3412998,0.33613001
3010,1.3426478,0.33591219
3011,1.3439912,0.33569065
3012,1.345334,0.33546526
3013,1.3466728,0.33523533
3013,1.3480114,0.33500161
3014,1.3493465,0.33476325
3015,1.3506816,0.33452025
3016,1.3520127,0.33427244
3017,1.3533436,0.33401998
3018,1.3546708,0.33376287
3019,1.3559975,0.33350112
3020,1.3573216,0.33323556
3020,1.358645,0.33296549
3021,1.359967,0.33269077
3022,1.3612884,0.33241214
3023,1.3626091,0.33212774
3024,1.3639295,0.33183878
3025,1.3652497,0.33154428
3026,1.3665698,0.33124328
3027,1.3678893,0.33093632
3028,1.3692083,0.33062278
3028,1.3705269,0.33030275
3029,1.371845,0.32997586
3030,1.3731623,0.329641
3031,1.3744783,0.32929872
3032,1.3757935,0.32894901
3033,1.3771071,0.3285913
3034,1.3784197,0.32822455
3035,1.3797289,0.32784945
3035,1.3810371,0.32746581
3036,1.3823402,0.32707288
3037,1.3836426,0.32667078
3038,1.3849367,0.32626033
3039,1.3862308,0.32584151
3040,1.387514,0.32541435
3041,1.3887973,0.32497948
3042,1.3900686,0.32453717
3043,1.391339,0.32408833
3044,1.3925979,0.32363299
3044,1.3938547,0.32317279
3045,1.3951018,0.32270716
3046,1.396346,0.32223597
3047,1.3975813,0.32176063
3048,1.3988127,0.32128022
3049,1.4000357,0.32079553
3050,1.4012539,0.32030652
3051,1.4024644,0.31981401
3052,1.4036689,0.31931871
3052,1.4048668,0.31882013
3053,1.4060574,0.31831922
3054,1.4072429,0.31781739
3055,1.4084208,0.31731424
3056,1.4095948,0.31680995
3057,1.4107607,0.31630598
3058,1.4119241,0.31580236
3059,1.4130798,0.31529857
3060,1.4142339,0.31479641
3061,1.4153811,0.31429537
3061,1.4165275,0.31379618
3062,1.4176678,0.31329907
3063,1.4188081,0.31280552
3064,1.4199447,0.31231391
3065,1.4210814,0.31182601
3066,1.4222188,0.31134292
3067,1.4233562,0.31086263
3068,1.4244989,0.3103869
3069,1.4256423,0.30991325
3070,1.4267932,0.30944145
3071,1.4279458,0.30897151
3071,1.4291076,0.30850268
3072,1.4302726,0.30803335
3073,1.4314469,0.30756377
3074,1.4326259,0.30709226
3075,1.4338135,0.30661857
3076,1.435007,0.30614246
3077,1.4362086,0.30566302
3078,1.4374178,0.30518037
3079,1.4386346,0.30469355
3080,1.439861,0.30420158
3081,1.441094,0.30370379
3082,1.4423382,0.30319929
3082,1.4435878,0.30268825
3083,1.4448507,0.30216857
3084,1.4461175,0.30163961
3085,1.4473982,0.30110094
3086,1.4486814,0.30055113
3087,1.4499788,0.29999003
3088,1.4512774,0.29941676
3089,1.4525907,0.29883042
3090,1.453904,0.29823015
3091,1.4552316,0.29761594
3092,1.4565592,0.29698535
3093,1.4578965,0.29633806
3093,1.4592347,0.29567494
3094,1.4605792,0.29499262
3095,1.461925,0.29429244
3096,1.4632727,0.29357305
3097,1.464621,0.29283416
3098,1.465967,0.29207578
3099,1.4673119,0.29129857
3100,1.4686518,0.2905028
3101,1.4699888,0.28968845
3102,1.4713192,0.28885668
3103,1.4726443,0.28800873
3104,1.4739631,0.28714449
3105,1.4752748,0.28626493
3106,1.4765808,0.28537059
3106,1.477878,0.28446124
3107,1.4791701,0.28353797
3108,1.4804516,0.28260109
3109,1.4817289,0.28165093
3110,1.4829935,0.28068758
3111,1.484255,0.27971267
3112,1.4855018,0.27872529
3113,1.4867468,0.2777277
3114,1.4879758,0.2767201
3115,1.4892044,0.27570407
3116,1.490418,0.27467883
3117,1.4916315,0.27364614
3118,1.492833,0.27260671
3119,1.4940339,0.27156079
3120,1.4952292,0.27050926
3120,1.4964238,0.26945215
3121,1.4976227,0.2683903
3122,1.4988226,0.26732537
3123,1.5000664,0.26625765
3124,1.5013262,0.26518786
3125,1.5025502,0.2639495
3126,1.5037559,0.26270993
3127,1.5049184,0.26147034
3128,1.5060505,0.26023027
3129,1.507165,0.25898952
3130,1.5082627,0.25774752
3131,1.5093511,0.25650302
3132,1.5104278,0.25525558
3133,1.5114992,0.25400404
3134,1.5125615,0.25274518
3135,1.5136202,0.25147993
3136,1.5146699,0.2502067
3137,1.5157171,0.24892462
3137,1.5167553,0.24763406
3138,1.5177921,0.2463335
3139,1.5188197,0.24502195
3140,1.5198467,0.24370062
3141,1.5208648,0.24236497
3142,1.5218828,0.24101578
3143,1.522888,0.2396532
3144,1.5238932,0.23827621
3145,1.5248853,0.23688385
3146,1.5258763,0.23547638
3147,1.5268539,0.23405179
3148,1.5278292,0.23261005
3149,1.5287886,0.23114925
3150,1.5297432,0.22966988
3151,1.5306808,0.22817303
3152,1.531611,0.22665764
3153,1.5325247,0.22512395
3154,1.5334283,0.22357051
3155,1.5343151,0.22199704
3156,1.5351881,0.22040369
3157,1.5360431,0.21878749
3158,1.536878,0.21715028
3158,1.5376947,0.21549248
3159,1.5384841,0.21381388
3160,1.539256,0.21211487
3161,1.5399917,0.21039729
3162,1.5407123,0.20866222
3163,1.5413885,0.20691158
3164,1.5420532,0.20514561
3165,1.542665,0.20336714
3166,1.5432698,0.2015773
3167,1.5438147,0.19977786
3168,1.5443576,0.19797099
3169,1.5448347,0.19615635
3170,1.5453117,0.19433689
3171,1.5457221,0.19251264
3172,1.5461294,0.19068709
3173,1.5464765,0.18886087
3174,1.5468154,0.18703418
3175,1.5470992,0.18520961
3176,1.5473698,0.18338814
3177,1.5475909,0.1815705
3178,1.547794,0.17975843
3179,1.5479538,0.17795324
3180,1.5480911,0.17616149
3181,1.5481949,0.17437824
3182,1.5482748,0.17260431
3183,1.5483251,0.17083991
3184,1.5483469,0.16908603
3185,1.5483429,0.16734382
3186,1.5483054,0.16561408
3187,1.5482481,0.16389861
3188,1.548156,0.16220953
3189,1.548052,0.1605365
3190,1.5479184,0.15888016
3191,1.5477762,0.15724062
3192,1.547602,0.1556187
3193,1.5474225,0.15401474
3194,1.5472103,0.15242881
3194,1.5469962,0.15086027
3195,1.5467548,0.14932015
3196,1.5465133,0.1477966
3197,1.5462517,0.14628944
3198,1.5459899,0.14479808
3199,1.545709,0.14332198
3200,1.5454263,0.1418609
3201,1.5451245,0.14041358
3202,1.544819,0.13898027
3203,1.5445017,0.13757051
3204,1.5441808,0.13617326
3205,1.5438514,0.13478886
3206,1.5435182,0.13341579
3207,1.5431756,0.13205402
3208,1.542827,0.13070269
3209,1.5424675,0.12936173
3210,1.5420987,0.12803147
3211,1.5417245,0.12672163
3212,1.5413441,0.1254216
3213,1.5409587,0.12413128
3214,1.5405655,0.12285045
3215,1.5401672,0.12157927
3216,1.5397583,0.12031741
3217,1.5393438,0.11906442
3218,1.5389124,0.11782112
3219,1.5384802,0.11660208
3220,1.5380434,0.11539126
3221,1.5376055,0.11418816
3222,1.537157,0.11299271
3223,1.536708,0.11180517
3224,1.5362422,0.11062454
3225,1.5357764,0.10945076
3226,1.5352842,0.10828594
3227,1.5347907,0.10715125
3228,1.5342956,0.1060244
3229,1.5338004,0.10490568
3230,1.5332948,0.10379539
3231,1.5327866,0.10269342
3232,1.5322643,0.10159997
3233,1.5317367,0.1005153
3234,1.5311945,0.099441015
3235,1.5306446,0.098400651
3236,1.5300951,0.09736963
3237,1.529546,0.096348298
3238,1.5289921,0.095336603
3239,1.5284337,0.094334754
3240,1.5278682,0.093342892
3241,1.5272935,0.092360952
3242,1.5267145,0.091390352
3243,1.5261278,0.090455093
3244,1.5255429,0.089530024
3245,1.5249625,0.088614764
3247,1.5243813,0.087708886
3248,1.5237975,0.08681248
3249,1.523212,0.085925423
3250,1.5226159,0.085046958
3251,1.5220197,0.084178993
3252,1.5214216,0.083346225
3253,1.5208235,0.082522593
3254,1.5202349,0.081707221
3255,1.5196465,0.080900629
3256,1.5190591,0.080102316
3257,1.5184718,0.079311677
3258,1.5178765,0.078528704
3259,1.5172798,0.077754563
3260,1.516689,0.077014771
3261,1.5161001,0.076281717
3262,1.5155195,0.075555457
3263,1.5149426,0.074835421
3264,1.5143676,0.074120969
3265,1.5137937,0.073412118
3266,1.513214,0.072708286
3267,1.5126294,0.072010902
3268,1.5120525,0.07135029
3269,1.5114843,0.070694083
3270,1.5109212,0.07004165
3271,1.510366,0.069392838
3272,1.5098118,0.068747437
3273,1.5092598,0.068104663
3274,1.5087043,0.067464226
3275,1.5081379,0.06682798
3276,1.5075755,0.066229796
3277,1.5070328,0.06563361
3278,1.5064912,0.065039333
3279,1.5059593,0.064446252
3280,1.5054274,0.063854596
3281,1.5048958,0.06326399
3282,1.5043642,0.062674305
3284,1.5038173,0.062087204
3285,1.5032696,0.061539598
3286,1.5027467,0.06099272
3287,1.5022273,0.06044607
3288,1.5017146,0.059899822
3289,1.5012035,0.059353416
3290,1.5006897,0.058806934
3291,1.5001749,0.058260054
3292,1.4996532,0.057714719
3293,1.4991279,0.057210255
3294,1.4986177,0.056705392
3295,1.4981187,0.056200068
3296,1.4976233,0.055694243
3297,1.4971316,0.055187652
3298,1.4966375,0.054680135
3299,1.4961401,0.054171616
3300,1.4956418,0.053663964
3301,1.4951417,0.053191668
3302,1.4946473,0.05271851
3303,1.4941674,0.052244414
3304,1.4936885,0.051769188
3306,1.4932131,0.051292877
3307,1.4927365,0.050815244
3308,1.4922515,0.050336288
3309,1.4917666,0.049858052
3310,1.4912849,0.049414972
3311,1.4908031,0.048970669
3312,1.4903381,0.048525082
3313,1.4898734,0.048078147
3314,1.4894116,0.04762986
3315,1.4889501,0.047180007
3316,1.4884795,0.046728646
3317,1.4880071,0.046277454
3318,1.4875409,0.045857324
3319,1.4870767,0.045435715
3320,1.4866208,0.045012586
3321,1.4861688,0.04458793
3322,1.4857172,0.044161638
3324,1.4852658,0.04373364
3325,1.4848068,0.043303932
3326,1.4843411,0.042874459
3327,1.4838818,0.042476741
3328,1.4834298,0.042077502
3329,1.482982,0.041676682
3330,1.4825407,0.041274246
3331,1.4821009,0.040870164
3332,1.4816646,0.040464395
3333,1.4812221,0.040043062
3334,1.4807604,0.039623426
3335,1.4803005,0.03923402
3336,1.4798498,0.038844615
3337,1.4793993,0.03845521
3339,1.4789512,0.038065805
3340,1.478503,0.0376764
3341,1.47805,0.037286995
3342,1.477597,0.03689759
3343,1.4771281,0.036509899
3344,1.4766583,0.036152853
3345,1.4762048,0.035795807
3346,1.4757537,0.035438761
3347,1.4753054,0.035081715
3348,1.4748579,0.034724669
3349,1.4744069,0.034367623
3350,1.4739547,0.034010577
3351,1.4734968,0.033654905
3353,1.4730359,0.033326618
3354,1.4725838,0.03299833
3355,1.4721384,0.032670043
3356,1.4716944,0.032341756
3357,1.4712519,0.032013469
3358,1.4708065,0.031685182
3359,1.4703576,0.031356895
3360,1.4699075,0.031030258
3361,1.4694555,0.030731335
3362,1.4690076,0.030432412
3363,1.4685702,0.030133489
3365,1.4681335,0.029834566
3366,1.4676993,0.029535643
3367,1.4672644,0.02923672
3368,1.466824,0.028937797
3369,1.4663838,0.028640184
3370,1.4659462,0.028366953
3371,1.4655085,0.028093723
3372,1.4650826,0.027820493
3373,1.4646569,0.027547263
3374,1.4642338,0.027274032
3375,1.4638111,0.027000802
3377,1.4633835,0.026727572
3378,1.462955,0.026455436
3379,1.4625313,0.026203729
3380,1.4621092,0.025952021
3381,1.4616932,0.025700314
3382,1.4612801,0.025448607
3383,1.4608682,0.0251969
3384,1.4604571,0.024945192
3385,1.4600425,0.024693485
3386,1.4596248,0.02444292
3388,1.4592116,0.024211585
3389,1.4588036,0.023980251
3390,1.4583985,0.023748917
3391,1.457998,0.023517583
3392,1.4575981,0.023286249
3393,1.4571995,0.023054915
3394,1.4567994,0.02282358
3395,1.4563949,0.022593091
3396,1.4559922,0.022379081
3398,1.4555991,0.022165071
3399,1.4552066,0.021951061
3400,1.4548192,0.02173705
3401,1.4544318,0.02152304
3402,1.454046,0.02130903
3403,1.4536601,0.02109502
3404,1.4532704,0.020881659
3405,1.4528805,0.020681314
3407,1.4524997,0.02048097
3408,1.4521204,0.020280626
3409,1.451744,0.020080282
3410,1.4513685,0.019879938
3411,1.4509929,0.019679593
3412,1.4506173,0.019479249
3413,1.4502404,0.01927961
3414,1.4498629,0.019092713
3415,1.4494906,0.018905815
3417,1.4491224,0.018718918
3418,1.4487558,0.01853202
3419,1.448391,0.018345122
3420,1.448026,0.018158225
3421,1.4476607,0.017971327
3422,1.4472957,0.017785014
3423,1.4469311,0.017608753
3425,1.4465683,0.017432492
3426,1.4462103,0.017256231
3427,1.4458528,0.01707997
3428,1.445497,0.016903709
3429,1.4451411,0.016727447
3430,1.4447835,0.016551186
3431,1.444426,0.016375539
3432,1.4440703,0.016210343
3434,1.4437146,0.016045146
3435,1.4433645,0.01587995
3436,1.4430145,0.015714754
3437,1.4426659,0.015549557
3438,1.4423175,0.015384361
3439,1.4419663,0.015219165
3440,1.4416146,0.015054632
3442,1.4412659,0.014901665
3443,1.440918,0.014748698
3444,1.4405738,0.014595731
3445,1.4402313,0.014442763
3446,1.4398897,0.014289796
3447,1.4395486,0.014136829
3448,1.4392057,0.013983861
3450,1.4388614,0.013831459
3451,1.4385194,0.013689388
3452,1.4381803,0.013547316
3453,1.4378427,0.013405245
3454,1.4375075,0.013263173
3455,1.4371725,0.013121102
3456,1.4368379,0.012979031
3458,1.4365021,0.012836959
3459,1.4361625,0.012695504
3460,1.4358242,0.012566165
3461,1.4354925,0.012436826
3462,1.4351613,0.012307487
3463,1.4348334,0.012178148
3465,1.4345055,0.012048809
3466,1.4341783,0.01191947
3467,1.433851,0.011790131
3468,1.4335203,0.011661373
3469,1.4331894,0.011542981
3470,1.4328655,0.011424589
3472,1.4325427,0.011306197
3473,1.432222,0.011187805
3474,1.4319018,0.011069413
3475,1.4315813,0.010951021
3476,1.4312606,0.01083263
3477,1.4309386,0.010714815
3479,1.4306159,0.010608287
3480,1.4302976,0.01050176
3481,1.4299828,0.010395232
3482,1.4296693,0.010288704
3483,1.4293573,0.010182176
3484,1.429045,0.010075649
3486,1.4287323,0.009969121
3487,1.4284197,0.0098631439
3488,1.4281074,0.0097670135
3489,1.427797,0.0096708832
3490,1.4274913,0.0095747529
3491,1.4271861,0.0094786225
3493,1.4268829,0.0093824922
3494,1.4265796,0.0092863618
3495,1.4262753,0.0091902315
3496,1.4259712,0.0090945701
3497,1.4256692,0.0090079855
3498,1.4253672,0.008921401
3500,1.4250707,0.0088348165
3501,1.4247744,0.008748232
3502,1.4244801,0.0086616474
3503,1.4241861,0.0085750629
3504,1.4238913,0.0084884784
3506,1.4235963,0.0084022552
3507,1.4233039,0.0083235153
3508,1.4230125,0.0082447753
3509,1.4227239,0.0081660354
3510,1.4224368,0.0080872954
3512,1.4221507,0.0080085555
3513,1.4218653,0.0079298155
3514,1.4215792,0.0078510756
3515,1.4212924,0.0077727331
3516,1.4210076,0.0077015614
3517,1.4207253,0.0076303897
3519,1.4204444,0.0075592181
3520,1.4201657,0.0074880464
3521,1.4198874,0.0074168747
3522,1.4196101,0.0073457031
3523,1.4193323,0.0072745314
3525,1.4190529,0.0072037717
3526,1.4187745,0.0071405268
3527,1.418501,0.0070772818
3528,1.4182279,0.0070140369
3529,1.4179578,0.0069507919
3531,1.4176876,0.0068875469
3532,1.4174189,0.006824302
3533,1.4171502,0.006761057
3534,1.4168803,0.0066981665
3535,1.4166104,0.0066415837
3537,1.4163456,0.0065850009
3538,1.4160817,0.0065284181
3539,1.4158199,0.0064718353
3540,1.4155588,0.0064152525
3541,1.4152985,0.0063586697
3543,1.4150385,0.0063020869
3544,1.4147788,0.0062457445
3545,1.4145193,0.0061941424
3546,1.4142623,0.0061425404
3548,1.4140073,0.0060909383
3549,1.4137534,0.0060393363
3550,1.4135006,0.0059877342
3551,1.4132482,0.0059361322
3552,1.4129962,0.0058845301
3554,1.4127446,0.0058331194
3555,1.4124937,0.0057856906
3556,1.4122437,0.0057382617
3557,1.4119963,0.0056908328
3559,1.4117492,0.005643404
3560,1.4115033,0.0055959751
3561,1.4112574,0.0055485463
3562,1.4110112,0.0055011174
3563,1.410765,0.0054539565
3565,1.4105205,0.0054123204
3566,1.410276,0.0053706844
3567,1.4100351,0.0053290483
3568,1.4097943,0.0052874123
3570,1.409555,0.0052457762
3571,1.4093159,0.0052041402
3572,1.4090763,0.0051625041
3573,1.4088367,0.0051211585
3574,1.4085991,0.0050853545
3576,1.4083623,0.0050495506
3577,1.408128,0.0050137466
3578,1.4078948,0.0049779427
3579,1.4076628,0.0049421388
3581,1.4074315,0.0049063348
3582,1.4072003,0.0048705309
3583,1.4069693,0.0048349088
3584,1.4067396,0.0048028389
3586,1.4065116,0.0047707691
3587,1.4062846,0.0047386993
3588,1.4060591,0.0047066294
3589,1.4058341,0.0046745596
3591,1.4056101,0.0046424898
3592,1.4053858,0.0046104199
3593,1.4051611,0.0045785892
3594,1.4049371,0.0045511664
3596,1.4047165,0.0045237437
3597,1.4044962,0.004496321
3598,1.4042783,0.0044688982
3599,1.4040605,0.0044414755
3601,1.4038443,0.0044140528
3602,1.4036282,0.00438663
3603,1.4034128,0.0043593152
3604,1.4031974,0.0043340353
3606,1.4029846,0.0043087555
3607,1.4027721,0.0042834756
3608,1.4025611,0.0042581958
3609,1.4023505,0.0042329159
3611,1.4021405,0.0042076361
3612,1.4019309,0.0041823562
3613,1.4017217,0.0041572105
3614,1.4015126,0.0041348564
3616,1.4013054,0.0041125024
3617,1.4010994,0.0040901484
3618,1.4008944,0.0040677943
3619,1.4006902,0.0040454403
3621,1.4004866,0.0040230862
3622,1.4002835,0.0040007322
3623,1.4000808,0.0039784727
3624,1.399879,0.0039581644
3626,1.3996777,0.0039378561
3627,1.3994783,0.0039175478
3628,1.3992791,0.0038972394
3630,1.399081,0.0038769311
3631,1.3988831,0.0038566228
3632,1.3986857,0.0038363144
3633,1.3984884,0.0038161369
3635,1.3982925,0.0037983529
3636,1.3980966,0.0037805689
3637,1.3979031,0.0037627849
3638,1.3977097,0.0037450009
3640,1.3975178,0.0037272169
3641,1.397326,0.0037094328
3642,1.3971352,0.0036916488
3644,1.3969446,0.0036739024
3645,1.3967552,0.0036569142
3646,1.3965661,0.0036399259
3647,1.3963781,0.0036229376
3649,1.3961905,0.0036059493
3650,1.3960037,0.003588961
3651,1.3958173,0.0035719727
3653,1.3956313,0.0035549844
3654,1.3954455,0.0035380572
3655,1.3952605,0.0035223221
3656,1.3950763,0.003506587
3658,1.3948927,0.0034908519
3659,1.39471,0.0034751168
3660,1.3945276,0.0034593817
3662,1.3943459,0.0034436467
3663,1.3941643,0.0034279116
3664,1.393983,0.0034122373
3665,1.393802,0.0033977542
3667,1.3936225,0.0033832711
3668,1.393443,0.003368788
3669,1.3932647,0.0033543049
3671,1.3930864,0.0033398217
3672,1.392909,0.0033253386
3673,1.3927317,0.0033108555
3675,1.3925548,0.0032964108
3676,1.3923779,0.0032827376
3677,1.3922022,0.0032690643
3678,1.3920267,0.0032553911
3680,1.3918518,0.0032417179
3681,1.391677,0.0032280447
3682,1.3915024,0.0032143714
3684,1.3913279,0.0032006982
3685,1.3911533,0.0031871583
3686,1.3909786,0.0031764158
3688,1.3908054,0.0031656733
3689,1.3906333,0.0031549308
3690,1.3904618,0.0031441882
3692,1.390291,0.0031334457
3693,1.3901206,0.0031227032
3694,1.3899507,0.0031119607
3695,1.3897811,0.0031012598
3697,1.3896121,0.003091336
3698,1.3894435,0.0030814122
3699,1.3892757,0.0030714884
3701,1.3891082,0.0030615646
3702,1.3889414,0.0030516408
3703,1.3887746,0.0030417171
3705,1.3886081,0.0030317933
3706,1.3884417,0.0030219303
3707,1.3882761,0.0030132557
3709,1.3881105,0.0030045811
3710,1.3879461,0.0029959064
3711,1.3877818,0.0029872318
3713,1.387618,0.0029785571
3714,1.3874543,0.0029698825
3715,1.3872906,0.0029612079
3717,1.3871269,0.00295263
3718,1.3869641,0.002946013
3719,1.3868016,0.0029393961
3721,1.3866401,0.0029327791
3722,1.3864791,0.0029261622
3723,1.3863187,0.0029195452
3725,1.3861586,0.0029129282
3726,1.3859989,0.0029063113
3727,1.3858395,0.0028997147
3729,1.3856805,0.0028935379
3730,1.385522,0.0028873611
3731,1.3853637,0.0028811843
3733,1.3852059,0.0028750075
3734,1.3850481,0.0028688307
3735,1.3848906,0.002862654
3737,1.384733,0.0028564772
3738,1.3845748,0.0028504169
3739,1.3844169,0.0028467395
3741,1.3842606,0.0028430621
3742,1.3841045,0.0028393847
3744,1.3839495,0.0028357073
3745,1.3837945,0.0028320299
3746,1.3836403,0.0028283525
3748,1.383486,0.0028246751
3749,1.3833321,0.0028210371
3750,1.3831782,0.0028181707
3752,1.3830253,0.0028153042
3753,1.3828726,0.0028124378
3754,1.3827203,0.0028095713
3756,1.3825682,0.0028067049
3757,1.3824161,0.0028038384
3758,1.3822641,0.002800972
3760,1.3821121,0.002798202
3761,1.38196,0.0027974668
3763,1.3818089,0.0027967316
3764,1.3816586,0.0027959964
3765,1.3815087,0.0027952612
3767,1.3813592,0.002794526
3768,1.3812098,0.0027937908
3769,1.3810606,0.0027930555
3771,1.3809116,0.0027923921
3772,1.3807628,0.0027932746
3773,1.3806144,0.0027941572
3775,1.380467,0.0027950398
3776,1.3803197,0.0027959223
3778,1.3801731,0.0027968049
3779,1.3800264,0.0027976874
3780,1.3798798,0.00279857
3782,1.3797333,0.0027995307
3783,1.3795874,0.0028021035
3785,1.3794415,0.0028046763
3786,1.3792969,0.0028072491
3787,1.3791523,0.0028098219
3789,1.3790083,0.0028123948
3790,1.3788643,0.0028149676
3791,1.3787204,0.0028175404
3793,1.3785765,0.0028201845
3794,1.3784333,0.0028243764
3796,1.3782904,0.0028285683
3797,1.3781482,0.0028327602
3798,1.3780065,0.0028369521
3800,1.3778651,0.002841144
3801,1.3777239,0.0028453359
3803,1.3775828,0.0028495278
3804,1.3774418,0.0028537763
3805,1.3773012,0.0028592163
3807,1.3771611,0.0028646562
3808,1.3770214,0.0028700961
3810,1.3768823,0.0028755361
3811,1.3767432,0.002880976
3812,1.3766045,0.0028864159
3814,1.3764657,0.0028918559
3815,1.3763267,0.0028973696
3817,1.3761878,0.0029045042
3818,1.3760502,0.0029116388
3819,1.3759127,0.0029187735
3821,1.3757759,0.0029259081
3822,1.3756391,0.0029330427
3824,1.3755027,0.0029401773
3825,1.3753664,0.0029473119
3826,1.3752298,0.002954521
3828,1.3750931,0.0029632711
3829,1.3749578,0.0029720213
3831,1.3748226,0.0029807715
3832,1.374688,0.0029895217
3833,1.3745535,0.0029982719
3835,1.374419,0.0030070221
3836,1.3742846,0.0030157722
3838,1.37415,0.0030246379
3839,1.3740153,0.0030358855
3841,1.3738818,0.0030471331
3842,1.373749,0.0030583806
3843,1.3736167,0.0030696282
3845,1.3734849,0.0030808758
3846,1.3733532,0.0030921233
3848,1.3732216,0.0031033709
3849,1.3730903,0.0031146941
3851,1.3729592,0.0031276414
3852,1.3728285,0.0031405887
3853,1.3726989,0.003153536
3855,1.3725694,0.0031664833
3856,1.3724405,0.0031794306
3858,1.3723117,0.0031923779
3859,1.372183,0.0032053252
3861,1.3720543,0.0032183536
3862,1.3719264,0.0032329782
3863,1.3717985,0.0032476028
3865,1.3716718,0.0032622275
3866,1.3715453,0.0032768521
3868,1.3714194,0.0032914767
3869,1.3712936,0.0033061014
3871,1.371168,0.003320726
3872,1.3710425,0.0033354063
3874,1.3709177,0.0033512928
3875,1.3707931,0.0033671793
3876,1.3706693,0.0033830659
3878,1.3705458,0.0033989524
3879,1.3704228,0.0034148389
3881,1.3703,0.0034307255
3882,1.3701774,0.003446612
3884,1.370055,0.0034625393
3885,1.369933,0.003479308
3887,1.3698115,0.0034960766
3888,1.3696903,0.0035128453
3890,1.3695696,0.003529614
3891,1.369449,0.0035463827
3892,1.3693288,0.0035631514
3894,1.3692085,0.00357992
3895,1.3690878,0.003596787
3897,1.3689675,0.0036155996
3898,1.3688487,0.0036344121
3900,1.3687299,0.0036532247
3901,1.3686123,0.0036720372
3903,1.3684947,0.0036908498
3904,1.3683781,0.0037096623
3906,1.3682615,0.0037284749
3907,1.3681457,0.0037472722
3909,1.36803,0.0037657346
3910,1.3679147,0.003784197
3912,1.3677994,0.0038026594
3913,1.3676844,0.0038211218
3915,1.3675696,0.0038395842
3916,1.3674547,0.0038580466
3917,1.3673399,0.003876509
3919,1.3672251,0.0038950659
3920,1.3671102,0.0039155734
3922,1.3669963,0.0039360809
3923,1.3668831,0.0039565884
3925,1.3667704,0.0039770959
3926,1.3666582,0.0039976034
3928,1.3665463,0.0040181109
3929,1.3664347,0.0040386184
3931,1.3663233,0.0040591644
3932,1.3662124,0.0040805581
3934,1.3661018,0.0041019518
3935,1.3659922,0.0041233456
3937,1.3658827,0.0041447393
3938,1.365774,0.004166133
3940,1.3656654,0.0041875268
3941,1.3655578,0.0042089205
3943,1.3654503,0.0042302803
3944,1.3653433,0.0042508705
3946,1.3652364,0.0042714606
3947,1.3651297,0.0042920508
3949,1.365023,0.0043126409
3950,1.3649166,0.0043332311
3952,1.3648103,0.0043538212
3953,1.3647039,0.0043744114
3955,1.3645976,0.0043950555
3956,1.3644918,0.0044169023
3958,1.3643863,0.0044387491
3959,1.3642815,0.0044605958
3961,1.3641771,0.0044824426
3962,1.3640731,0.0045042894
3964,1.3639695,0.0045261362
3965,1.3638663,0.004547983
3967,1.3637636,0.0045698124
3968,1.3636611,0.0045912813
3970,1.3635588,0.0046127502
3972,1.3634568,0.0046342191
3973,1.363355,0.004655688
3975,1.3632534,0.0046771569
3976,1.3631521,0.0046986259
3978,1.3630509,0.0047200948
3979,1.36295,0.00474158
3981,1.3628491,0.0047634077
3982,1.362749,0.0047852353
3984,1.3626488,0.004807063
3985,1.3625493,0.0048288907
3987,1.3624498,0.0048507184
3988,1.3623509,0.0048725461
3990,1.3622521,0.0048943737
3991,1.3621539,0.0049161866
3993,1.3620557,0.0049376568
3994,1.3619579,0.004959127
3996,1.3618601,0.0049805972
3998,1.3617626,0.0050020674
3999,1.3616652,0.0050235377
4001,1.3615681,0.0050450079
4002,1.3614712,0.0050664781
4004,1.3613745,0.0050879488
4005,1.361278,0.0051094301
4007,1.3611818,0.0051309114
4008,1.3610858,0.0051523926
4010,1.3609901,0.0051738739
4011,1.3608946,0.0051953552
4013,1.3607993,0.0052168365
4015,1.3607044,0.0052383178
4016,1.3606096,0.005259778
4018,1.3605151,0.0052807961
4019,1.3604207,0.0053018143
4021,1.3603264,0.0053228324
4022,1.3602321,0.0053438505
4024,1.360138,0.0053648686
4025,1.360044,0.0053858868
4027,1.3599501,0.0054069049
4029,1.3598562,0.0054279417
4030,1.3597627,0.0054494142
4032,1.3596692,0.0054708868
4033,1.3595762,0.0054923593
4035,1.3594833,0.0055138318
4036,1.3593908,0.0055353044
4038,1.3592983,0.0055567769
4040,1.3592063,0.0055782494
4041,1.3591144,0.0055997034
4043,1.3590228,0.0056207324
4044,1.3589312,0.0056417613
4046,1.3588397,0.0056627903
4047,1.3587483,0.0056838192
4049,1.358657,0.0057048481
4051,1.3585658,0.0057258771
4052,1.3584748,0.005746906
4054,1.3583839,0.0057679349
4055,1.3582931,0.0057889627
4057,1.3582025,0.0058099905
4059,1.3581119,0.0058310183
4060,1.3580215,0.0058520461
4062,1.3579313,0.0058730739
4063,1.3578412,0.0058941017
4065,1.3577512,0.0059151295
4067,1.3576615,0.0059361399
4068,1.3575718,0.0059567427
4070,1.357482,0.0059773455
4071,1.3573922,0.0059979483
4073,1.3573024,0.0060185512
4075,1.3572125,0.006039154
4076,1.3571225,0.0060597568
4078,1.3570324,0.0060803596
4079,1.3569417,0.0061010373
4081,1.356851,0.0061232429
4083,1.3567613,0.0061454485
4084,1.3566717,0.0061676541
4086,1.3565825,0.0061898597
4087,1.3564935,0.0062120652
4089,1.3564047,0.0062342708
4091,1.356316,0.0062564764
4092,1.3562275,0.0062786779
4094,1.3561391,0.0063007957
4095,1.3560507,0.0063229134
4097,1.3559625,0.0063450312
4099,1.3558742,0.0063671489
4100,1.355786,0.0063892667
4102,1.3556977,0.0064113845
4104,1.3556092,0.0064335022
4105,1.3555208,0.0064556695
4107,1.3554323,0.0064789851
4108,1.355344,0.0065023008
4110,1.3552562,0.0065256164
4112,1.3551684,0.0065489321
4113,1.3550808,0.0065722477
4115,1.3549932,0.0065955634
4117,1.3549053,0.006618879
4118,1.3548174,0.0066422648
4120,1.3547299,0.0066671855
4121,1.3546423,0.0066921062
4123,1.3545557,0.0067170269
4125,1.3544691,0.0067419476
4126,1.354383,0.0067668684
4128,1.3542969,0.0067917891
4130,1.354211,0.0068167098
4131,1.3541252,0.0068416462
4133,1.3540397,0.0068669421
4135,1.3539543,0.006892238
4136,1.3538693,0.0069175339
4138,1.3537843,0.0069428297
4140,1.3536996,0.0069681256
4141,1.353615,0.0069934215
4143,1.3535306,0.0070187174
4145,1.3534462,0.0070440137
4146,1.353362,0.0070693185
4148,1.3532778,0.0070946233
4150,1.3531937,0.0071199282
4151,1.3531097,0.007145233
4153,1.3530257,0.0071705379
4155,1.3529416,0.0071958427
4156,1.3528574,0.0072211476
4158,1.3527726,0.0072465285
4160,1.3526879,0.0072734961
4161,1.3526042,0.0073004638
4163,1.3525206,0.0073274314
4165,1.3524375,0.0073543991
4166,1.3523544,0.0073813667
4168,1.3522717,0.0074083343
4170,1.352189,0.007435302
4171,1.3521065,0.0074622709
4173,1.352024,0.0074892715
4175,1.3519416,0.0075162721
4176,1.3518593,0.0075432727
4178,1.351777,0.0075702733
4180,1.3516947,0.0075972739
4181,1.351612,0.0076242744
4183,1.3515291,0.007651275
4185,1.3514459,0.007678407
4186,1.3513623,0.0077083221
4188,1.3512799,0.0077382372
4190,1.3511982,0.0077681523
4191,1.3511171,0.0077980674
4193,1.3510363,0.0078279825
4195,1.3509559,0.0078578976
4197,1.3508759,0.0078878127
4198,1.3507961,0.0079177131
4200,1.3507166,0.0079472784
4202,1.3506372,0.0079768436
4203,1.3505579,0.0080064089
4205,1.3504787,0.0080359741
4207,1.3503996,0.0080655394
4208,1.3503204,0.0080951046
4210,1.3502411,0.0081246699
4212,1.3501618,0.008154293
4214,1.3500829,0.0081851796
4215,1.350004,0.0082160662
4217,1.3499259,0.0082469528
4219,1.3498479,0.0082778394
4220,1.3497704,0.008308726
4222,1.349693,0.0083396125
4224,1.349616,0.0083704991
4226,1.3495391,0.0084013682
4227,1.3494624,0.0084318647
4229,1.3493858,0.0084623611
4231,1.3493093,0.0084928575
4233,1.3492328,0.008523354
4234,1.3491564,0.0085538504
4236,1.3490801,0.0085843469
4238,1.3490038,0.0086148433
4239,1.3489276,0.0086453436
4241,1.3488514,0.0086759373
4243,1.3487753,0.008706531
4245,1.3486992,0.0087371246
4246,1.3486231,0.0087677183
4248,1.3485469,0.0087983119
4250,1.3484706,0.0088289056
4252,1.3483942,0.0088594993
4253,1.3483171,0.0088901633
4255,1.3482401,0.008922452
4257,1.348164,0.0089547408
4259,1.3480879,0.0089870295
4260,1.3480121,0.0090193182
4262,1.3479364,0.009051607
4264,1.3478607,0.0090838957
4266,1.3477851,0.0091161845
4267,1.347709,0.0091485272
4269,1.3476329,0.0091820484
4271,1.3475575,0.0092155696
4273,1.3474823,0.0092490908
4274,1.3474072,0.009282612
4276,1.3473321,0.0093161332
4278,1.3472569,0.0093496544
4280,1.3471816,0.0093831755
4281,1.347106,0.0094167832
4283,1.3470302,0.0094523715
4285,1.346955,0.0094879597
4287,1.3468805,0.0095235479
4289,1.3468061,0.0095591362
4290,1.3467319,0.0095947244
4292,1.3466575,0.0096303126
4294,1.3465829,0.0096659008
4296,1.3465083,0.0097015942
4297,1.3464337,0.009739694
4299,1.3463594,0.0097777937
4301,1.3462863,0.0098158935
4303,1.3462133,0.0098539933
4305,1.3461409,0.0098920931
4306,1.3460684,0.0099301929
4308,1.3459962,0.0099682927
4310,1.3459239,0.010006428
4312,1.345852,0.010045324
4314,1.3457801,0.01008422
4315,1.3457086,0.010123116
4317,1.3456372,0.010162012
4319,1.3455658,0.010200908
4321,1.3454943,0.010239804
4323,1.3454219,0.0102787
4324,1.3453492,0.010317761
4326,1.3452773,0.010360396
4328,1.3452057,0.010403031
4330,1.3451353,0.010445666
4332,1.3450654,0.010488301
4333,1.3449959,0.010530936
4335,1.3449268,0.010573571
4337,1.3448576,0.010616206
4339,1.3447884,0.010658913
4341,1.3447197,0.010703261
4342,1.3446518,0.010747609
4344,1.3445842,0.010791956
4346,1.3445172,0.010836304
4348,1.3444504,0.010880652
4350,1.3443839,0.010925
4352,1.3443173,0.010969348
4353,1.3442502,0.011013803
4355,1.3441833,0.011060614
4357,1.3441183,0.011107424
4359,1.3440533,0.011154235
4361,1.3439894,0.011201046
4363,1.3439256,0.011247856
4364,1.3438624,0.011294667
4366,1.3437993,0.011341478
4368,1.3437362,0.011388353
4370,1.3436732,0.011436811
4372,1.3436117,0.011485268
4374,1.3435506,0.011533726
4375,1.3434903,0.011582184
4377,1.3434304,0.011630642
4379,1.343371,0.0116791
4381,1.343312,0.011727558
4383,1.3432534,0.011776033
4385,1.3431952,0.011824933
4387,1.3431376,0.011873833
4388,1.3430805,0.011922733
4390,1.3430239,0.011971632
4392,1.3429677,0.012020532
4394,1.342912,0.012069432
4396,1.3428567,0.012118332
4398,1.3428018,0.012167229
4400,1.3427474,0.012216059
4401,1.3426932,0.01226489
4403,1.3426395,0.01231372
4405,1.342586,0.01236255
4407,1.3425331,0.012411381
4409,1.3424802,0.012460211
4411,1.3424279,0.012509041
4413,1.3423755,0.012557887
4415,1.3423239,0.012607092
4416,1.3422723,0.012656297
4418,1.3422214,0.012705503
4420,1.3421706,0.012754708
4422,1.3421203,0.012803914
4424,1.3420701,0.012853119
4426,1.34202,0.012902324
4428,1.34197,0.012951583
4430,1.3419207,0.013002016
4432,1.3418717,0.013052449
4433,1.3418233,0.013102883
4435,1.3417754,0.013153316
4437,1.3417279,0.01320375
4439,1.3416806,0.013254183
4441,1.3416333,0.013304616
4443,1.3415859,0.01335514
4445,1.3415393,0.01340772
4447,1.3414938,0.013460301
4449,1.3414487,0.013512882
4451,1.3414048,0.013565462
4452,1.3413612,0.013618043
4454,1.3413185,0.013670624
4456,1.341276,0.013723204
4458,1.3412342,0.013775803
4460,1.3411927,0.01382881
4462,1.3411523,0.013881816
4464,1.3411121,0.013934822
4466,1.3410729,0.013987829
4468,1.3410338,0.014040835
4470,1.3409956,0.014093841
4472,1.3409574,0.014146847
4474,1.3409197,0.014199924
4476,1.3408821,0.014254609
4477,1.3408464,0.014309294
4479,1.3408113,0.014363979
4481,1.3407775,0.014418665
4483,1.3407442,0.01447335
4485,1.3407122,0.014528035
4487,1.3406809,0.01458272
4489,1.3406508,0.014637361
4491,1.3406215,0.014690897
4493,1.3405928,0.014744433
4495,1.3405645,0.014797969
4497,1.3405371,0.014851505
4499,1.3405104,0.014905041
4501,1.3404846,0.014958576
4503,1.3404602,0.015012112
4505,1.3404363,0.015065581
4507,1.3404137,0.015117421
4509,1.3403914,0.015169262
4511,1.3403698,0.015221102
4513,1.3403486,0.015272943
4514,1.3403289,0.015324783
4516,1.3403095,0.015376624
4518,1.340293,0.015428464
4520,1.3402765,0.01548014
4522,1.3402615,0.015527863
4524,1.3402464,0.015575585
4526,1.3402315,0.015623308
4528,1.3402165,0.01567103
4530,1.3402028,0.015718753
4532,1.3401894,0.015766475
4534,1.3401782,0.015814198
4536,1.3401678,0.015861769
4538,1.3401578,0.015905745
4540,1.3401481,0.01594972
4542,1.3401388,0.015993696
4544,1.3401296,0.016037671
4546,1.3401215,0.016081646
4548,1.3401142,0.016125622
4550,1.3401091,0.016169597
4552,1.3401063,0.016213315
4554,1.340103,0.016251021
4556,1.3400992,0.016288728
4558,1.3400954,0.016326435
4560,1.3400914,0.016364141
4562,1.3400879,0.016401848
4564,1.3400853,0.016439554
4566,1.3400835,0.016477261
4568,1.3400848,0.016514775
4570,1.3400859,0.016547437
4572,1.3400858,0.0165801
4574,1.3400857,0.016612762
4576,1.3400861,0.016645424
4578,1.3400865,0.016678087
4580,1.340089,0.016710749
4582,1.3400916,0.016743411
4584,1.3400982,0.016775789
4586,1.3401052,0.016801659
4588,1.3401099,0.016827529
4590,1.3401142,0.016853399
4592,1.3401189,0.016879269
4595,1.3401237,0.016905139
4597,1.3401304,0.016931009
4599,1.3401379,0.016956879
4601,1.3401474,0.016982442
4603,1.3401584,0.017000234
4605,1.3401677,0.017018026
4607,1.3401755,0.017035818
4609,1.3401834,0.01705361
4611,1.3401915,0.017071402
4613,1.3402008,0.017089194
4615,1.3402119,0.017106987
4617,1.3402235,0.017124465
4619,1.3402364,0.017133806
4621,1.3402486,0.017143147
4623,1.3402585,0.017152488
4625,1.3402684,0.01716183
4627,1.3402786,0.017171171
4629,1.3402891,0.017180512
4631,1.3403028,0.017189853
4634,1.3403166,0.017198826
4636,1.3403304,0.0171989
4638,1.3403441,0.017198973
4640,1.340355,0.017199047
4642,1.3403656,0.01719912
4644,1.3403764,0.017199194
4646,1.3403872,0.017199267
4648,1.3404009,0.017199341
4650,1.3404155,0.017199072
4652,1.3404286,0.017189805
4654,1.3404413,0.017180538
4656,1.340452,0.017171272
4659,1.3404618,0.017162005
4661,1.3404715,0.017152738
4663,1.3404812,0.017143472
4665,1.3404927,0.017134205
4667,1.3405062,0.0171246
4669,1.3405182,0.017106507
4671,1.340528,0.017088414
4673,1.340537,0.017070321
4675,1.3405445,0.017052228
4677,1.340552,0.017034135
4680,1.3405595,0.017016042
4682,1.3405678,0.016997949
4684,1.3405795,0.016979485
4686,1.3405906,0.01695221
4688,1.3405967,0.016924936
4690,1.3406027,0.016897662
4692,1.3406066,0.016870388
4694,1.3406105,0.016843114
4696,1.3406144,0.016815839
4699,1.3406183,0.016788565
4701,1.340625,0.01676095
4703,1.340632,0.01672492
4705,1.3406338,0.01668889
4707,1.3406345,0.01665286
4709,1.3406336,0.016616829
4711,1.3406321,0.016580799
4714,1.3406304,0.016544769
4716,1.3406287,0.016508739
4718,1.3406273,0.016472447
4720,1.3406262,0.016429738
4722,1.3406225,0.016387029
4724,1.3406165,0.016344319
4726,1.3406097,0.01630161
4729,1.3406018,0.016258901
4731,1.340594,0.016216192
4733,1.3405863,0.016173482
4735,1.3405784,0.016130528
4737,1.3405699,0.016081184
4739,1.3405604,0.016031841
4742,1.3405473,0.015982498
4744,1.3405339,0.015933154
4746,1.3405186,0.015883811
4748,1.3405034,0.015834468
4750,1.340488,0.015785124
4752,1.3404726,0.015735578
4755,1.340455,0.015680874
4757,1.3404374,0.015626169
4759,1.340416,0.015571464
4761,1.3403943,0.01551676
4763,1.3403706,0.015462055
4766,1.3403465,0.015407351
4768,1.3403213,0.015352646
4770,1.3402958,0.015297867
4772,1.3402686,0.01524118
4774,1.3402406,0.015184492
4777,1.3402111,0.015127805
4779,1.3401807,0.015071118
4781,1.3401493,0.015014431
4783,1.3401172,0.014957744
4785,1.3400848,0.014901056
4788,1.3400521,0.014844263
4790,1.3400181,0.014784706
4792,1.3399824,0.014725149
4794,1.3399458,0.014665592
4796,1.3399074,0.014606035
4799,1.3398685,0.014546478
4801,1.3398281,0.014486922
4803,1.3397874,0.014427365
4805,1.3397456,0.014367764
4808,1.3397034,0.014307024
4810,1.339659,0.014246283
4812,1.3396145,0.014185543
4814,1.3395679,0.014124803
4816,1.3395214,0.014064062
4819,1.3394731,0.014003322
4821,1.3394248,0.013942581
4823,1.3393754,0.01388178
4825,1.3393259,0.01381941
4828,1.3392738,0.013757039
4830,1.3392212,0.013694669
4832,1.3391668,0.013632299
4834,1.3391117,0.013569928
4837,1.339055,0.013507558
4839,1.3389974,0.013445188
4841,1.3389384,0.013382869
4843,1.3388784,0.013321799
4846,1.3388177,0.01326073
4848,1.3387563,0.01319966
4850,1.3386942,0.01313859
4853,1.3386311,0.01307752
4855,1.3385673,0.01301645
4857,1.3385023,0.012955381
4859,1.3384367,0.012894325
4862,1.3383698,0.012833641
4864,1.3383024,0.012772956
4866,1.3382338,0.012712272
4868,1.3381649,0.012651588
4871,1.3380943,0.012590904
4873,1.3380236,0.01253022
4875,1.3379509,0.012469536
4878,1.3378782,0.012408873
4880,1.3378036,0.012348743
4882,1.3377289,0.012288612
4885,1.3376526,0.012228482
4887,1.3375761,0.012168352
4889,1.3374976,0.012108222
4891,1.3374189,0.012048091
4894,1.3373377,0.011987961
4896,1.3372559,0.01192792
4898,1.337173,0.011870259
4901,1.3370896,0.011812597
4903,1.3370054,0.011754936
4905,1.3369207,0.011697275
4908,1.3368348,0.011639614
4910,1.3367479,0.011581952
4912,1.3366593,0.011524291
4915,1.3365688,0.011466776
4917,1.3364781,0.011412965
4919,1.3363871,0.011359153
4922,1.3362959,0.011305341
4924,1.3362042,0.01125153
4926,1.3361119,0.011197718
4929,1.3360183,0.011143906
4931,1.335924,0.011090095
4933,1.335827,0.011036405
4936,1.3357301,0.010985967
4938,1.3356333,0.010935529
4940,1.3355364,0.010885091
4943,1.3354385,0.010834653
4945,1.3353406,0.010784215
4947,1.3352407,0.010733777
4950,1.3351408,0.010683339
4952,1.3350379,0.010633035
4955,1.3349347,0.010586335
4957,1.334832,0.010539636
4959,1.3347294,0.010492936
4962,1.334626,0.010446237
4964,1.3345222,0.010399537
4966,1.334417,0.010352838
4969,1.334311,0.010306138
4971,1.3342034,0.010259595
4974,1.3340948,0.010217096
4976,1.3339866,0.010174597
4978,1.3338787,0.010132097
4981,1.3337704,0.010089598
4983,1.3336615,0.010047099
4986,1.3335519,0.0100046
4988,1.3334408,0.0099621008
4990,1.3333292,0.0099197407
4993,1.3332164,0.0098809956
4995,1.3331037,0.0098422505
4998,1.3329913,0.0098035053
5000,1.3328788,0.0097647602
5002,1.3327654,0.0097260151
5005,1.3326518,0.00968727
5007,1.332536,0.0096485249
5010,1.3324203,0.0096099017
5012,1.3323034,0.009574539
5014,1.3321866,0.0095391764
5017,1.3320697,0.0095038137
5019,1.3319529,0.0094684511
5022,1.3318349,0.0094330884
5024,1.3317167,0.0093977258
5027,1.3315962,0.0093623632
5029,1.331475,0.0093271596
5031,1.3313537,0.0092963528
5034,1.3312324,0.0092655461
5036,1.3311113,0.0092347394
5039,1.3309903,0.0092039326
5041,1.3308688,0.0091731259
5044,1.3307469,0.0091423191
5046,1.330624,0.0091115124
5049,1.3305,0.0090807914
5051,1.3303759,0.0090524799
5054,1.3302518,0.0090241684
5056,1.3301274,0.0089958569
5058,1.3300026,0.0089675454
5061,1.3298774,0.0089392339
5063,1.329751,0.0089109224
5066,1.3296241,0.0088826109
5068,1.3294943,0.0088544465
5071,1.3293648,0.0088303206
5073,1.3292362,0.0088061947
5076,1.3291077,0.0087820688
5078,1.3289788,0.0087579429
5081,1.3288499,0.008733817
5083,1.3287199,0.0087096911
5086,1.3285898,0.0086855652
5088,1.3284579,0.0086615178
5091,1.3283258,0.008639466
5093,1.3281936,0.0086174143
5096,1.3280614,0.0085953625
5098,1.3279282,0.0085733107
5101,1.3277947,0.0085512589
5103,1.3276596,0.0085292071
5106,1.3275237,0.0085071553
5108,1.3273862,0.0084852798
5111,1.3272474,0.008468219
5113,1.3271094,0.0084511582
5116,1.326972,0.0084340974
5118,1.3268343,0.0084170366
5121,1.3266961,0.0083999759
5123,1.3265572,0.0083829151
5126,1.3264169,0.0083658543
5129,1.3262762,0.0083489321
5131,1.3261343,0.0083356949
5134,1.3259925,0.0083224577
5136,1.3258511,0.0083092206
5139,1.3257095,0.0082959834
5141,1.3255669,0.0082827462
5144,1.325424,0.0082695091
5146,1.3252784,0.0082562719
5149,1.3251327,0.0082432382
5151,1.3249862,0.0082354459
5154,1.3248397,0.0082276535
5157,1.324694,0.0082198611
5159,1.3245485,0.0082120688
5162,1.3244021,0.0082042764
5164,1.3242557,0.0081964841
5167,1.3241069,0.0081886917
5169,1.3239576,0.0081810771
5172,1.3238084,0.008178283
5175,1.3236592,0.0081754889
5177,1.3235105,0.0081726948
5180,1.3233621,0.0081699007
5182,1.3232132,0.0081671066
5185,1.3230639,0.0081643125
5188,1.3229134,0.0081615184
5190,1.3227617,0.0081588601
5193,1.3226102,0.0081598893
5195,1.3224591,0.0081609185
5198,1.322308,0.0081619478
5201,1.3221569,0.008162977
5203,1.3220056,0.0081640062
5206,1.3218535,0.0081650354
5208,1.3217009,0.0081660647
5211,1.3215461,0.0081672192
5214,1.3213914,0.0081719262
5216,1.3212378,0.0081766331
5219,1.3210841,0.00818134
5222,1.3209302,0.008186047
5224,1.3207763,0.0081907539
5227,1.3206213,0.0081954609
5229,1.3204663,0.0082001678
5232,1.3203092,0.0082049933
5235,1.3201518,0.0082130062
5237,1.3199953,0.0082210191
5240,1.3198391,0.008229032
5243,1.3196826,0.0082370449
5245,1.3195259,0.0082450578
5248,1.3193686,0.0082530707
5251,1.319211,0.0082610836
5253,1.3190526,0.0082691391
5256,1.3188937,0.0082784029
5259,1.3187345,0.0082876666
5261,1.3185751,0.0082969304
5264,1.3184151,0.0083061941
5267,1.3182545,0.0083154579
5269,1.3180931,0.0083247216
5272,1.3179303,0.0083339854
5275,1.3177671,0.008343347
5277,1.3176027,0.0083555543
5280,1.3174383,0.0083677616
5283,1.3172739,0.0083799689
5285,1.3171093,0.0083921762
5288,1.3169436,0.0084043835
5291,1.3167778,0.0084165908
5293,1.3166099,0.0084287981
5296,1.316442,0.0084411059
5299,1.3162729,0.0084562525
5302,1.3161038,0.0084713991
5304,1.3159344,0.0084865457
5307,1.315765,0.0085016923
5310,1.3155944,0.0085168388
5312,1.3154237,0.0085319854
5315,1.3152511,0.008547132
5318,1.315078,0.0085623634
5321,1.3149042,0.0085800091
5323,1.3147302,0.0085976549
5326,1.3145557,0.0086153006
5329,1.3143809,0.0086329464
5332,1.3142052,0.0086505921
5334,1.3140288,0.0086682379
5337,1.3138513,0.0086858837
5340,1.3136725,0.0087035858
5343,1.3134932,0.0087229237
5345,1.3133132,0.0087422616
5348,1.3131328,0.0087615995
5351,1.3129512,0.0087809374
5354,1.3127691,0.0088002753
5356,1.3125852,0.0088196133
5359,1.3124007,0.0088389512
5362,1.3122131,0.008858399
5365,1.3120254,0.0088810492
5367,1.3118375,0.0089036994
5370,1.3116496,0.0089263496
5373,1.3114601,0.0089489998
5376,1.3112707,0.00897165
5379,1.311079,0.0089943002
5381,1.3108872,0.0090169504
5384,1.3106925,0.0090396837
5387,1.3104973,0.009064756
5390,1.3103015,0.0090898284
5393,1.3101055,0.0091149007
5395,1.3099079,0.009139973
5398,1.3097097,0.0091650453
5401,1.3095098,0.0091901177
5404,1.3093088,0.00921519
5407,1.3091061,0.0092403046
5409,1.308902,0.0092666247
5412,1.3086967,0.0092929448
5415,1.3084903,0.0093192649
5418,1.3082824,0.0093455849
5421,1.3080727,0.009371905
5424,1.3078614,0.0093982251
5426,1.3076473,0.0094245452
5429,1.3074321,0.0094509624
5432,1.307214,0.0094802368
5435,1.3069953,0.0095095111
5438,1.3067745,0.0095387855
5441,1.3065531,0.0095680599
5444,1.306328,0.0095973343
5446,1.3061025,0.0096266087
5449,1.3058708,0.009655883
5452,1.3056391,0.0096853942
5455,1.3054033,0.0097213352
5458,1.3051674,0.0097572762
5461,1.3049296,0.0097932172
5464,1.3046915,0.0098291583
5467,1.3044492,0.0098650993
5469,1.3042062,0.0099010403
5472,1.3039562,0.0099369813
5475,1.3037042,0.0099732571
5478,1.3034503,0.010019592
5481,1.3031956,0.010065928
5484,1.3029398,0.010112263
5487,1.3026832,0.010158598
5490,1.3024235,0.010204933
5493,1.3021614,0.010251269
5495,1.301894,0.010297604
5498,1.3016207,0.010344381
5501,1.3013473,0.01040363
5504,1.3010738,0.010462879
5507,1.3007994,0.010522128
5510,1.3005234,0.010581377
5513,1.3002457,0.010640625
5516,1.2999633,0.010699874
5519,1.2996785,0.010759123
5522,1.2993827,0.010818828
5525,1.2990871,0.010892297
5528,1.2987929,0.010965766
5531,1.2984985,0.011039235
5534,1.2981996,0.011112704
5537,1.2979007,0.011186173
5540,1.2975926,0.011259641
5542,1.2972841,0.01133311
5545,1.2969604,0.011407137
5548,1.2966347,0.011497274
5551,1.2963027,0.01158741
5554,1.2959691,0.011677546
5557,1.2956367,0.011794593
5560,1.2953048,0.011911279
5563,1.2949737,0.012027684
5566,1.2946432,0.012143867
5569,1.294309,0.012260514
5572,1.2939721,0.012394264
5575,1.2936383,0.012527732
5578,1.2933075,0.012661018
5581,1.2929752,0.012794256
5584,1.2926411,0.012927595
5587,1.2923033,0.013061168
5590,1.2919589,0.013195036
5593,1.2916124,0.01333007
5596,1.2912607,0.013485312
5599,1.2909097,0.013640757
5602,1.2905614,0.013796545
5605,1.2902123,0.013952881
5608,1.2898586,0.014109788
5611,1.289504,0.014267486
5615,1.2891362,0.014425796
5618,1.2887684,0.014585808
5621,1.2883961,0.014770225
5624,1.2880238,0.014955344
5627,1.2876539,0.015141059
5630,1.2872842,0.01532769
5633,1.2869089,0.01551517
5636,1.2865325,0.015703587
5639,1.2861418,0.015893049
5642,1.2857468,0.016085143
5645,1.2853527,0.016307724
5648,1.284959,0.016530991
5651,1.2845669,0.016755028
5654,1.284176,0.016979857
5657,1.2837808,0.017205587
5660,1.2833822,0.017432325
5664,1.282973,0.01766018
5667,1.282552,0.017890607
5670,1.2821341,0.018156373
5673,1.2817211,0.018422447
5676,1.2813085,0.018689087
5679,1.2808968,0.018956069
5682,1.2804826,0.019223734
5685,1.2800612,0.019492192
5688,1.279635,0.019761463
5692,1.2791863,0.020032726
5695,1.2787385,0.02034028
5698,1.2783,0.02064788
5701,1.2778613,0.020956444
5704,1.2774157,0.02126656
5707,1.2769701,0.021578897
5710,1.2765076,0.021894206
5714,1.2760443,0.022213086
5717,1.275554,0.022537034
5720,1.2750599,0.022902914
5723,1.2745731,0.02327308
5726,1.274088,0.023648366
5729,1.273595,0.024029229
5732,1.2730991,0.024416841
5736,1.2725887,0.024812262
5739,1.2720707,0.025216464
5742,1.2715394,0.025631827
5745,1.2709982,0.02609753
5748,1.270463,0.026572821
5752,1.2699337,0.027058545
5755,1.2694019,0.027555249
5758,1.2688668,0.028063451
5761,1.2683254,0.028584283
5764,1.2677729,0.029118686
5768,1.2672185,0.029668498
5771,1.2666594,0.030274062
5774,1.266104,0.030892033
5777,1.2655626,0.031523958
5780,1.2650215,0.032170458
5784,1.264482,0.03283225
5787,1.2639419,0.033510609
5790,1.263393,0.034206759
5793,1.262844,0.034922041
5797,1.2623072,0.035694328
5800,1.2617707,0.03648308
5803,1.2612584,0.037289936
5806,1.2607485,0.038114923
5810,1.2602519,0.038958682
5813,1.2597579,0.039822542
5816,1.2592704,0.040706666
5819,1.258785,0.041613131
5823,1.2583219,0.042567911
5826,1.2578689,0.043542502
5829,1.257439,0.044537069
5832,1.2570237,0.045552039
5836,1.2566267,0.0465876
5839,1.2562454,0.047644085
5842,1.2558793,0.048721272
5846,1.2555305,0.049819417
5849,1.2552,0.050949905
5852,1.2548979,0.05209916
5855,1.2546102,0.053267255
5859,1.2543533,0.054454757
5862,1.2541077,0.055662755
5865,1.2538971,0.056892863
5869,1.2536957,0.058145027
5872,1.2535391,0.059419885
5875,1.2533892,0.060718536
5879,1.2533044,0.062038795
5882,1.2532206,0.06335813
5885,1.2531846,0.064696985
5889,1.2531487,0.066056554
5892,1.2531726,0.067436098
5895,1.2531999,0.068836055
5899,1.2532897,0.070253799
5902,1.2533887,0.071690872
5906,1.2535523,0.073146634
5909,1.2537322,0.074619421
5912,1.2539785,0.076108185
5916,1.2542501,0.077610629
5919,1.2545863,0.079123412
5922,1.2549572,0.080644851
5926,1.2553882,0.082172272
5929,1.2558635,0.083703219
5933,1.2563925,0.085234865
5936,1.256975,0.086764609
5939,1.2576036,0.088289766
5943,1.2582937,0.08980801
5946,1.2590219,0.091317689
5950,1.2598199,0.092816468
5953,1.2606481,0.094301948
5956,1.261554,0.095771101
5960,1.2624816,0.097221906
5963,1.2634932,0.098651684
5967,1.2645181,0.10005809
5970,1.2656322,0.10143983
5974,1.2667517,0.10279354
5977,1.2679636,0.10411748
5980,1.2691755,0.10541074
5984,1.2704784,0.106671
5987,1.271783,0.10789611
5991,1.2731673,0.10908596
5994,1.2745596,0.11023789
5998,1.2760223,0.11135007
6001,1.277499,0.11242071
6005,1.2790358,0.11344726
6008,1.2805916,0.1144263
6012,1.2821952,0.11535706
6015,1.2838206,0.11623821
6019,1.2854825,0.11706672
6022,1.2871675,0.11784137
6026,1.288878,0.11856218
6029,1.2906103,0.11922809
6033,1.2923597,0.11983878
6036,1.2941287,0.12039469
6040,1.2959087,0.1208954
6043,1.2977058,0.12134041
6047,1.2995086,0.12172937
6050,1.3013238,0.12206199
6054,1.3031409,0.12233891
6057,1.3049639,0.12256059
6061,1.3067869,0.12272842
6064,1.3086101,0.12284256
6068,1.3104327,0.12290403
6071,1.3122505,0.12291444
6075,1.314068,0.12287384
6079,1.3158772,0.12278313
6082,1.3176864,0.12264332
6086,1.319485,0.1224523
6089,1.321283,0.12221115
6093,1.3230684,0.12191722
6096,1.3248519,0.12156954
6100,1.3266175,0.1211688
6104,1.3283786,0.12071361
6107,1.3301175,0.12020364
6111,1.3318477,0.11963818
6114,1.3335511,0.11901703
6118,1.3352398,0.11834078
6122,1.3368984,0.11760917
6125,1.3385346,0.11682296
6129,1.3401393,0.1159829
6133,1.3417123,0.11508899
6136,1.3432526,0.11414123
6140,1.3447487,0.11314085
6143,1.3462127,0.11208978
6147,1.3476171,0.11098994
6151,1.3489927,0.10984458
6154,1.3502931,0.1086564
6158,1.3515706,0.10742829
6162,1.3527573,0.10616403
6165,1.3539289,0.10486776
6169,1.3549974,0.1035424
6173,1.3560596,0.10219216
6176,1.3570102,0.10081881
6180,1.3579608,0.099424142
6184,1.3587923,0.098009611
6187,1.3596214,0.096578985
6191,1.360337,0.095133486
6195,1.3610407,0.093676633
6199,1.3616381,0.092212835
6202,1.3622139,0.090742539
6206,1.362691,0.089271886
6210,1.3631365,0.087802894
6213,1.3634947,0.08634133
6217,1.3638122,0.084891033
6221,1.364056,0.083454681
6225,1.3642524,0.08203554
6228,1.3643878,0.080637183
6232,1.3644701,0.079262661
6236,1.3645047,0.077916099
6240,1.3644832,0.076601068
6243,1.3644296,0.075321405
6247,1.3643246,0.074081113
6251,1.3642003,0.072876647
6255,1.3640333,0.071706355
6258,1.3638538,0.070569636
6262,1.3636347,0.069465888
6266,1.3634084,0.068394508
6270,1.3631457,0.067354895
6274,1.3628798,0.066346447
6277,1.3625808,0.06536856
6281,1.3622813,0.064420635
6285,1.3619525,0.063502067
6289,1.3616236,0.062612257
6293,1.3612725,0.0617506
6296,1.3609201,0.060916496
6300,1.3605512,0.060109343
6304,1.3601797,0.059328537
6308,1.3597966,0.058573478
6312,1.3594104,0.057843563
6316,1.3590163,0.057138191
6319,1.3586192,0.056456759
6323,1.3582172,0.055798665
6327,1.3578126,0.055163307
6331,1.3574055,0.054550083
6335,1.3569965,0.053958391
6339,1.3565866,0.05338763
6343,1.356176,0.052837196
6346,1.3557657,0.052306489
6350,1.3553559,0.051794906
6354,1.3549471,0.051301844
6358,1.3545403,0.050826703
6362,1.3541349,0.050368879
6366,1.353733,0.049927772
6370,1.3533324,0.049502778
6374,1.352937,0.049093297
6378,1.3525427,0.048698725
6382,1.3521553,0.048318461
6386,1.3517684,0.047951903
6389,1.35139,0.047598448
6393,1.3510116,0.047257496
6397,1.3506433,0.046928443
6401,1.3502752,0.046610687
6405,1.349917,0.046303628
6409,1.3495599,0.046006662
6413,1.349212,0.045719188
6417,1.3488661,0.045440603
6421,1.3485287,0.045170306
6425,1.3481941,0.044907694
6429,1.347867,0.044652166
6433,1.3475434,0.04440312
6437,1.3472261,0.044159953
6441,1.3469128,0.043922063
6445,1.3466045,0.043688849
6449,1.3463005,0.043459708
6453,1.3459995,0.043234039
6457,1.3457021,0.043009914
6461,1.3454038,0.042784605
6465,1.345104,0.042569898
6469,1.3448075,0.042368073
6473,1.3445183,0.042160887
6477,1.3442277,0.041947607
6481,1.3439325,0.041752551
6485,1.3436365,0.041555487
6489,1.3433364,0.041367926
6494,1.3430377,0.04120126
6498,1.3427528,0.041033991
6502,1.3424679,0.040862847
6506,1.3421851,0.040708296
6510,1.3419022,0.040558189
6514,1.3416251,0.040406756
6518,1.3413484,0.040278293
6522,1.3410863,0.04014042
6526,1.3408265,0.03998911
6530,1.3405643,0.039857034
6534,1.3403015,0.039735958
6539,1.3400466,0.039607964
6543,1.3397949,0.039484203
6547,1.3395452,0.039360072
6551,1.3392967,0.039242562
6555,1.339051,0.039127439
6559,1.3388074,0.039007328
6563,1.3385644,0.038894787
6568,1.3383222,0.038786944
6572,1.3380844,0.038688041
6576,1.3378529,0.038578257
6580,1.3376183,0.038460877
6584,1.3373779,0.038362026
6588,1.3371408,0.038275056
6593,1.3369125,0.038172711
6597,1.3366816,0.038063001
6601,1.3364405,0.037973229
6605,1.3362008,0.037888139
6609,1.3359721,0.037816141
6614,1.3357437,0.037741236
6618,1.3355203,0.037664004
6622,1.3352969,0.037597593
6626,1.3350746,0.037519418
6631,1.3348524,0.037444897
6635,1.3346386,0.037392523
6639,1.3344258,0.037342101
6643,1.3342192,0.037276261
6648,1.3340139,0.037214838
6652,1.333814,0.037161507
6656,1.3336159,0.037098512
6660,1.3334122,0.037032437
6665,1.3332058,0.036974121
6669,1.3330076,0.036928993
6673,1.3328148,0.036885716
6678,1.3326204,0.036826983
6682,1.3324245,0.036771353
6686,1.3322334,0.036732115
6690,1.3320479,0.036688387
6695,1.3318643,0.036641065
6699,1.3316839,0.036595959
6703,1.3315054,0.036549263
6708,1.3313311,0.036498439
6712,1.331153,0.036435224
6716,1.3309624,0.036373354
6721,1.3307704,0.036323659
6725,1.3305714,0.036272056
6730,1.3303735,0.036238141
6734,1.330189,0.036215406
6738,1.3300047,0.036192495
6743,1.3298374,0.036168136
6747,1.3296701,0.036126457
6751,1.3294986,0.036094777
6756,1.3293268,0.036062755
6760,1.3291514,0.036022387
6765,1.3289755,0.035997637
6769,1.3288127,0.035975091
6773,1.3286535,0.035960156
6778,1.3284961,0.035921384
6782,1.3283395,0.035868563
6787,1.3281721,0.035829112
6791,1.3279985,0.035781033
6796,1.3278225,0.035742838
6800,1.3276446,0.035731919
6805,1.3274744,0.035717528
6809,1.3273123,0.035685051
6814,1.3271495,0.03566559
6818,1.3269855,0.035636455
6822,1.3268228,0.035606034
6827,1.3266625,0.035598554
6831,1.3264995,0.035564624
6836,1.3263291,0.035537459
6840,1.3261593,0.035530392
6845,1.3259926,0.035509925
6850,1.3258277,0.035509508
6854,1.3256763,0.035505243
6859,1.3255253,0.035489149
6863,1.3253817,0.035488151
6868,1.325238,0.035459198
6872,1.3250826,0.035444871
6877,1.3249269,0.035448406
6881,1.3247787,0.035426416
6886,1.3246314,0.035421588
6890,1.3244859,0.035407189
6895,1.3243408,0.035381723
6900,1.324195,0.035377771
6904,1.3240491,0.035361163
6909,1.3239007,0.035346009
6913,1.3237512,0.035339072
6918,1.3236071,0.035334166
6923,1.3234667,0.035326522
6927,1.3233255,0.035308182
6932,1.3231836,0.035306565
6937,1.323044,0.035295479
6941,1.3229071,0.035282165
6946,1.3227655,0.035272628
6951,1.322616,0.035238065
6955,1.3224707,0.035234835
6960,1.3223347,0.035245903
6965,1.3221979,0.035227463
6969,1.3220582,0.035215698
6974,1.3219179,0.035205636
6979,1.3217744,0.035190381
6983,1.3216312,0.03518457
6988,1.3214906,0.035176534
6993,1.3213499,0.035170436
6997,1.3212076,0.035160966
7002,1.3210652,0.035158526
7007,1.3209282,0.035156578
7012,1.3207916,0.035152394
7016,1.3206581,0.035150923
7021,1.320525,0.035138607
7026,1.3203906,0.035134532
7031,1.3202559,0.035124339
7035,1.3201173,0.035110496
7040,1.3199771,0.035108261
7045,1.3198371,0.035099048
7050,1.3196972,0.035092574
7055,1.3195559,0.035087138
7059,1.3194135,0.035085656
7064,1.3192764,0.035094328
7069,1.3191447,0.035094101
7074,1.3190122,0.035092734
7079,1.3188787,0.035084013
7083,1.3187448,0.035077736
7088,1.3186101,0.03507676
7093,1.3184728,0.035062827
7098,1.3183282,0.035058893
7103,1.3181854,0.035061281
7108,1.3180502,0.035070684
7113,1.3179148,0.035070945
7118,1.3177774,0.035070769
7122,1.3176404,0.03508025
7127,1.3175116,0.035083093
7132,1.3173828,0.035086248
7137,1.3172473,0.035076503
7142,1.3171116,0.035065763
7147,1.316969,0.035068288
7152,1.3168256,0.035078727
7157,1.3166893,0.035086162
7162,1.3165545,0.03509894
7167,1.3164236,0.035107858
7172,1.3162939,0.035105322
7177,1.3161612,0.035110813
7182,1.3160271,0.035117637
7187,1.3158923,0.035125364
7192,1.3157571,0.035124235
7197,1.3156255,0.035138469
7202,1.3154971,0.035157405
7207,1.3153717,0.035166878
7212,1.3152498,0.035167888
7217,1.3151221,0.035156529
7222,1.3149848,0.035160363
7227,1.3148497,0.035169296
7232,1.3147199,0.035179611
7237,1.31459,0.035185508
7242,1.3144596,0.035188854
7247,1.3143291,0.035195816
7252,1.3141977,0.035197951
7257,1.3140656,0.035202265
7262,1.3139255,0.035202697
7267,1.3137854,0.035220433
7272,1.3136596,0.035237242
7277,1.3135338,0.035243478
7282,1.3134086,0.035256263
7288,1.3132835,0.035250723
7293,1.3131498,0.035255406
7298,1.3130147,0.035270151
7303,1.3128808,0.035270944
7308,1.3127473,0.035289474
7313,1.3126182,0.035301596
7318,1.3124909,0.035298027
7324,1.3123577,0.035302825
7329,1.3122212,0.035317827
7334,1.3120872,0.035330273
7339,1.3119552,0.035340331
7344,1.3118242,0.03535476
7350,1.3116944,0.035367712
7355,1.3115657,0.035380699
7360,1.3114386,0.035392325
7365,1.3113097,0.035400055
7370,1.3111773,0.035405893
7376,1.3110456,0.035423238
7381,1.3109157,0.035431348
7386,1.3107868,0.035440821
7391,1.3106627,0.035459593
7397,1.3105369,0.035455011
7402,1.3103989,0.035461418
7407,1.3102609,0.035478204
7413,1.3101251,0.035487518
7418,1.3099893,0.035506688
7423,1.3098688,0.035530746
7429,1.3097489,0.035527751
7434,1.3096132,0.0355311
7439,1.3094755,0.035544436
7445,1.3093386,0.035549022
7450,1.3092019,0.035585247
7455,1.3090664,0.035591699
7461,1.3089313,0.035583757
7466,1.3088012,0.035624929
7471,1.3086737,0.03564138
7477,1.3085457,0.035647295
7482,1.3084173,0.035678782
7488,1.3082866,0.035685562
7493,1.3081537,0.035686541
7498,1.3080237,0.035709873
7504,1.3078973,0.035731547
7509,1.3077702,0.035742164
7515,1.3076421,0.035751712
7520,1.3075142,0.035765707
7526,1.3073867,0.035773989
7531,1.3072561,0.035779957
7537,1.3071143,0.035779528
7542,1.3069744,0.035791278
7547,1.3068459,0.035824846
7553,1.3067169,0.035844885
7559,1.3065815,0.035843015
7564,1.3064462,0.035858709
7570,1.3063128,0.035874709
7575,1.3061794,0.035881978
7581,1.3060454,0.035905115
7586,1.3059114,0.03592648
7592,1.3057891,0.035951495
7597,1.3056688,0.035956614
7603,1.305535,0.035955537
7608,1.3053973,0.035966434
7614,1.3052619,0.035978012
7620,1.3051274,0.036002226
7625,1.3049956,0.036015563
7631,1.3048652,0.036018334
7636,1.3047315,0.036029618
7642,1.304595,0.036039531
7648,1.3044566,0.036046658
7653,1.3043161,0.036064513
7659,1.3041807,0.036081422
7665,1.3040528,0.036108326
7670,1.3039213,0.036114682
7676,1.3037826,0.036111381
7682,1.303643,0.036130454
7687,1.3035007,0.036137156
7693,1.3033611,0.036170334
7699,1.3032331,0.036182344
7705,1.3031038,0.036162883
7710,1.3029643,0.036197715
7716,1.3028251,0.036215123
7722,1.3026938,0.036226042
7727,1.3025626,0.036245853
7733,1.3024079,0.036223598
7739,1.3022523,0.036254864
7745,1.3021228,0.03629107
7751,1.3019965,0.036276519
7756,1.301864,0.036305495
7762,1.30173,0.036317766
7768,1.3015856,0.036306743
7774,1.3014376,0.036336146
7780,1.3012931,0.0363461
7785,1.3011503,0.036357686
7791,1.3010126,0.03639514
7797,1.3008785,0.036394846
7803,1.3007504,0.036418661
7809,1.3006278,0.036450021
7815,1.3004952,0.036431294
7821,1.3003499,0.036427587
7827,1.3002098,0.036443591
7833,1.3000785,0.036465865
7838,1.2999426,0.036469258
7844,1.2997954,0.036451794
7850,1.2996507,0.036456399
7856,1.2995147,0.036488384
7862,1.2993779,0.036501467
7868,1.2992367,0.03648914
7874,1.2990959,0.036500566
7880,1.2989591,0.036503471
7886,1.2988223,0.036502164
7892,1.2986749,0.0364976
7898,1.2985275,0.036490284
7904,1.2983887,0.036510013
7910,1.2982508,0.036510922
7916,1.2981033,0.036498092
7922,1.2979542,0.036503036
7928,1.297818,0.036512889
7934,1.2976855,0.036503214
7941,1.297539,0.036473293
7947,1.2973864,0.0364707
7953,1.2972315,0.036462288
7959,1.2970752,0.03642546
7965,1.2969226,0.036438141
7971,1.2967731,0.036423255
7977,1.2966134,0.036376096
7983,1.2964426,0.036383845
7989,1.2962729,0.036371496
7996,1.296105,0.036348373
8002,1.2959339,0.036340885
8008,1.2957567,0.03631983
8014,1.2955818,0.03630545
8020,1.2954139,0.036318041
8027,1.2952419,0.036299009
8033,1.2950513,0.036266502
8039,1.2948613,0.036267951
8045,1.2946763,0.036262762
8051,1.2944912,0.036267538
8058,1.2943027,0.036252312
8064,1.2941142,0.036226012
8070,1.2939164,0.036241181
8077,1.2937182,0.036238141
8083,1.2935224,0.036248777
8089,1.293327,0.036286339
8095,1.2931433,0.036288157
8102,1.2929625,0.036277864
8108,1.2927702,0.036267046
8114,1.2925738,0.036316384
8121,1.2923749,0.036315806
8127,1.2921749,0.036255211
8134,1.2919751,0.036304615
8140,1.2917754,0.036335375
8146,1.2915841,0.036347665
8153,1.2914006,0.036374636
8159,1.2912046,0.036364157
8166,1.2909926,0.036349677
8172,1.2907823,0.036370404
8178,1.2905749,0.03640604
8185,1.2903723,0.036426652
8191,1.2901811,0.036465757
8198,1.2899883,0.036477428
8204,1.2897895,0.036491189
8211,1.2895888,0.036499672
8217,1.2893772,0.036519382
8224,1.2891663,0.036571931
8230,1.2889665,0.036580872
8237,1.2887666,0.036595829
8243,1.2885578,0.036627989
8250,1.2883489,0.036672898
8257,1.2881497,0.036707181
8263,1.2879513,0.036708064
8270,1.2877485,0.036765296
8276,1.2875449,0.036833622
8283,1.2873679,0.036876146
8290,1.2871988,0.036945783
8296,1.2870387,0.036967456
8303,1.2868826,0.036966819
8310,1.28671,0.036964737
8316,1.2865273,0.036969613
8323,1.2863561,0.037014313
8330,1.2861943,0.036959048
8336,1.2859999,0.036887232
8343,1.2857694,0.036903072
8350,1.2855419,0.036897726
8356,1.2853189,0.036896937
8363,1.2850983,0.036918048
8370,1.2848829,0.036918364
8377,1.2846656,0.036919158
8383,1.2844424,0.036928743
8390,1.2842187,0.036931418
8397,1.2839929,0.036944598
8404,1.2837659,0.036949124
8411,1.2835287,0.036957011
8417,1.2832916,0.036979016
8424,1.2830608,0.036998842
8431,1.2828301,0.037018631
8438,1.2825972,0.037037797
8445,1.2823642,0.037049815
8452,1.2821265,0.037074979
8459,1.2818883,0.037110794
8466,1.2816536,0.037133809
8472,1.2814198,0.037161205
8479,1.2811895,0.037194826
8486,1.2809606,0.037222393
8493,1.2807277,0.037241869
8500,1.2804928,0.037275251
8507,1.2802642,0.037314761
8514,1.2800402,0.037326932
8521,1.2798085,0.037341267
8528,1.2795693,0.037362453
8535,1.2793282,0.037382603
8542,1.2790846,0.037403595
8549,1.2788418,0.037426509
8556,1.2786003,0.037458293
8563,1.2783556,0.037477739
8571,1.2781034,0.037493519
8578,1.277852,0.037524827
8585,1.2776036,0.037554912
8592,1.2773536,0.03757621
8599,1.2770944,0.03760054
8606,1.2768351,0.037632376
8613,1.2765742,0.037663303
8620,1.2763133,0.037690111
8628,1.2760465,0.037730545
8635,1.2757796,0.037784062
8642,1.2755163,0.037821941
8649,1.2752534,0.03785209
8656,1.274985,0.037907612
8664,1.2747157,0.037973337
8671,1.2744511,0.038027778
8678,1.2741881,0.038098156
8685,1.2739433,0.038183086
8693,1.2737066,0.03825251
8700,1.2734782,0.038319457
8707,1.273255,0.038387366
8715,1.2730427,0.038445182
8722,1.2728395,0.038494676
8729,1.2726283,0.038512468
8737,1.2724081,0.038517725
8744,1.2721834,0.03853213
8751,1.2719518,0.038540799
8759,1.2717148,0.038538586
8766,1.2714663,0.038536996
8774,1.2712143,0.038539793
8781,1.2709517,0.038533248
8788,1.2706889,0.038537409
8796,1.2704248,0.038546175
8803,1.270161,0.038544685
8811,1.2698984,0.038550429
8818,1.269635,0.038544487
8826,1.269342,0.03850989
8833,1.2690489,0.038482532
8841,1.2687395,0.038484607
8848,1.2684291,0.038485516
8856,1.2681079,0.038479857
8864,1.2677851,0.03848296
8871,1.267454,0.038493913
8879,1.267121,0.038514972
8886,1.2667849,0.038539998
8894,1.2664476,0.03856453
8902,1.2661139,0.038611647
8909,1.2657819,0.038653899
8917,1.2654458,0.038688143
8925,1.2651067,0.038743961
8932,1.2647748,0.038807511
8940,1.2644498,0.038866007
8948,1.2641287,0.038929089
8955,1.2638126,0.038987811
8963,1.2634964,0.039047022
8971,1.2631799,0.039090271
8979,1.2628614,0.039130011
8986,1.2625379,0.0391931
8994,1.2622159,0.039248537
9002,1.2618991,0.039299372
9010,1.2615805,0.039344682
9018,1.2612508,0.039383951
9026,1.2609214,0.039434944
9033,1.2605968,0.039487719
9041,1.2602723,0.039530167
9049,1.2599361,0.039570828
9057,1.2595999,0.039621221
9065,1.2592627,0.039665666
9073,1.2589255,0.039706826
9081,1.2585798,0.039749636
9089,1.2582324,0.039806487
9097,1.2578881,0.039858439
9105,1.2575447,0.039893719
9113,1.2571941,0.039941669
9121,1.2568403,0.03999642
9129,1.2564856,0.040045279
9137,1.2561304,0.040087779
9145,1.2557721,0.040135932
9153,1.2554112,0.040189131
9161,1.2550473,0.040232458
9169,1.2546798,0.040281652
9177,1.2543089,0.040331356
9185,1.2539329,0.040375109
9194,1.2535558,0.040430235
9202,1.2531765,0.040484359
9210,1.2527962,0.040531952
9218,1.2524129,0.040595494
9226,1.2520287,0.040650014
9235,1.2516395,0.040702891
9243,1.2512495,0.040763038
9251,1.2508509,0.040813166
9259,1.2504525,0.040872451
9268,1.2500564,0.040941074
9276,1.2496603,0.040998186
9284,1.2492545,0.041056875
9292,1.2488481,0.041118382
9301,1.2484348,0.041178856
9309,1.2480206,0.041241739
9318,1.2476048,0.041311742
9326,1.2471886,0.041380613
9334,1.246767,0.04144545
9343,1.2463433,0.041510738
9351,1.2459144,0.041580154
9360,1.2454827,0.041653895
9368,1.2450506,0.041730395
9376,1.2446183,0.04180678
9385,1.2441826,0.041882262
9393,1.2437436,0.041953119
9402,1.2433009,0.042030231
9411,1.2428535,0.042106593
9419,1.2424046,0.042185863
9428,1.2419527,0.042270024
9436,1.2414996,0.042350735
9445,1.2410429,0.042435256
9453,1.2405851,0.042521012
9462,1.2401232,0.042602335
9471,1.2396595,0.042685244
9479,1.2391851,0.042766857
9488,1.2387106,0.042856463
9497,1.2382343,0.042949353
9505,1.2377581,0.043039947
9514,1.2372759,0.043131119
9523,1.2367937,0.043222462
9532,1.2363041,0.043312597
9540,1.2358137,0.043402313
9549,1.235312,0.04349118
9558,1.234808,0.043587428
9567,1.234302,0.043687973
9576,1.2337954,0.043786514
9584,1.2332812,0.043881186
9593,1.2327635,0.0439802
9602,1.2322389,0.044079493
9611,1.2317098,0.044176965
9620,1.2311734,0.044276463
9629,1.2306306,0.044389528
9638,1.2300868,0.044503529
9647,1.2295417,0.044614698
9656,1.2289921,0.044724984
9665,1.2284355,0.044838463
9674,1.2278734,0.044950063
9683,1.2272995,0.045061181
9692,1.2267219,0.045173416
9701,1.226133,0.045305373
9710,1.2255432,0.045438149
9719,1.2249493,0.045570682
9728,1.2243535,0.045702704
9737,1.2237394,0.045835186
9747,1.2231248,0.045967398
9756,1.2224895,0.046123281
9765,1.2218543,0.046279803
9774,1.2212211,0.046466049
9783,1.2205881,0.046652296
9793,1.2199593,0.046838543
9802,1.2193312,0.047024789
9811,1.2186972,0.047211036
9820,1.2180617,0.047397282
9830,1.2174106,0.047583529
9839,1.2167536,0.047770487
9848,1.2160967,0.047990788
9858,1.2154398,0.048211089
9867,1.2147839,0.04843139
9877,1.2141286,0.048651691
9886,1.2134688,0.048871992
9895,1.2128042,0.049092293
9905,1.2121289,0.049312594
9914,1.2114392,0.049533655
9924,1.2107516,0.049789879
9933,1.2100681,0.050046103
9943,1.2093844,0.050302327
9952,1.2087001,0.050558551
9962,1.2080136,0.050814775
9972,1.2073186,0.051070999
9981,1.2066197,0.051327223
9991,1.2058954,0.051584224
10000,1.2051719,0.051878633
10010,1.2044609,0.052173043
10020,1.2037499,0.052467452
10029,1.2030356,0.052761862
10039,1.2023212,0.053056271
10049,1.2015946,0.053350681
10059,1.2008668,0.05364509
10068,1.2001173,0.053940268
10078,1.1993636,0.054272565
10088,1.1986191,0.054604862
10098,1.1978775,0.054937159
10108,1.1971316,0.055269456
10118,1.1963836,0.055601753
10127,1.1956243,0.05593405
10137,1.1948579,0.056266347
10147,1.1940796,0.056599505
10157,1.1932911,0.056973391
10167,1.1925069,0.057347278
10177,1.191728,0.057721164
10187,1.1909452,0.05809505
10197,1.1901565,0.058468937
10207,1.1893593,0.058842823
10217,1.1885438,0.059216709
10227,1.187724,0.059591693
10237,1.1868907,0.060019199
10247,1.1860591,0.060446704
10258,1.1852359,0.06087421
10268,1.1844116,0.061301715
10278,1.1835761,0.061729221
10288,1.18274,0.062156726
10298,1.1818671,0.062584232
10309,1.1809941,0.063013197
10319,1.1801138,0.063511622
10329,1.1792331,0.064010047
10339,1.178363,0.064508473
10350,1.1774945,0.065006898
10360,1.1766149,0.065505324
10370,1.1757323,0.066003749
10381,1.1748135,0.066502175
10391,1.1738807,0.067002491
10402,1.1729558,0.067595068
10412,1.1720351,0.068187644
10423,1.1711247,0.068780221
10433,1.1702219,0.069372797
10444,1.1693136,0.069965374
10454,1.1683999,0.07055795
10465,1.1674625,0.071150527
10475,1.1664928,0.071745369
10486,1.1655413,0.072450505
10496,1.1646234,0.073155641
10507,1.1637249,0.073860777
10518,1.1628771,0.074565913
10528,1.1620134,0.075163719
10539,1.1610862,0.075765967
10550,1.1601459,0.076373451
10561,1.1591154,0.076989251
10571,1.1580872,0.077723805
10582,1.1570998,0.078461113
10593,1.1561124,0.07920198
10604,1.1551214,0.079947396
10615,1.1541303,0.08069807
10625,1.1531142,0.081454943
10636,1.1520955,0.082219062
10647,1.1510322,0.082993167
10658,1.1499598,0.083872244
10669,1.1489253,0.084756243
10680,1.1479029,0.085646075
10691,1.146882,0.08654265
10702,1.1458617,0.087447095
10713,1.1448293,0.088360452
10724,1.143789,0.089283684
10735,1.1427373,0.090219037
10747,1.1416756,0.091237809
10758,1.1406307,0.092265006
10769,1.1396056,0.093301647
10780,1.1385822,0.094348559
10791,1.1375615,0.095406848
10803,1.1365371,0.096477906
10814,1.1355045,0.097562477
10825,1.1344721,0.098662559
10836,1.13344,0.099824718
10848,1.1324121,0.10099975
10859,1.1314065,0.10218829
10871,1.1304015,0.10339126
10882,1.1294039,0.10460929
10893,1.1284062,0.10584438
10905,1.1274075,0.10709642
10916,1.1264087,0.10836784
10928,1.1254254,0.10968515
10939,1.124443,0.11101872
10951,1.1234814,0.11236949
10962,1.122523,0.11373844
10974,1.1215778,0.1151259
10986,1.120636,0.11653268
10997,1.1197041,0.1179603
11009,1.1187762,0.119409
11021,1.1178665,0.1208923
11032,1.1169669,0.12239427
11044,1.1160844,0.12391604
11056,1.115215,0.12545831
11068,1.114361,0.1270216
11080,1.1135229,0.12860677
11091,1.1127031,0.13021468
11103,1.1119085,0.13184617
11115,1.1111283,0.1334871
11127,1.1103752,0.13514195
11139,1.1096323,0.13681103
11151,1.1089167,0.13849444
11163,1.1082085,0.14019084
11175,1.1075301,0.14190044
11187,1.1068563,0.1436238
11199,1.1062159,0.14536004
11211,1.1055775,0.14710844
11223,1.1049755,0.14886974
11236,1.1043734,0.15064219
11248,1.1038095,0.15242699
11260,1.1032466,0.1542231
11272,1.1027201,0.15603036
11285,1.1021976,0.15784788
11297,1.1017086,0.15967562
11309,1.1012266,0.16151357
11322,1.1007755,0.16336021
11334,1.1003345,0.16521593
11346,1.0999213,0.16708025
11359,1.0995213,0.16895357
11371,1.0991463,0.17083432
11384,1.0987877,0.17272274
11396,1.0984514,0.17461896
11409,1.0981347,0.1765221
11421,1.0978373,0.17843174
11434,1.0975628,0.18034743
11446,1.0973046,0.1822691
11459,1.0970726,0.18419653
11472,1.0968537,0.1861286
11485,1.0966642,0.18806502
11497,1.0964845,0.19000541
11510,1.0963371,0.19195022
11523,1.0961964,0.19389854
11536,1.0960914,0.19584966
11548,1.09599,0.19780344
11561,1.0959267,0.19975907
11574,1.0958639,0.20171656
11587,1.095842,0.2036759
11600,1.0958201,0.20563619
11613,1.095836,0.20759647
11626,1.0958545,0.20955767
11639,1.0959066,0.21151805
11652,1.095964,0.21347917
11665,1.0960517,0.21543962
11679,1.0961474,0.21739991
11692,1.09627,0.21935947
11705,1.0964033,0.2213181
11718,1.0965601,0.2232758
11731,1.0967301,0.22523258
11745,1.0969204,0.22718784
11758,1.0971261,0.22914179
11771,1.0973495,0.23109482
11785,1.0975909,0.23304644
11798,1.0978471,0.2349962
11812,1.0981238,0.2369441
11825,1.0984123,0.23889015
11838,1.0987235,0.24083435
11852,1.0990441,0.24277668
11866,1.0993902,0.24471716
11879,1.0997431,0.24665533
11893,1.100124,0.24859016
11906,1.100509,0.25052283
11920,1.1009242,0.25245179
11934,1.101341,0.25437711
11948,1.1017898,0.2562996
11961,1.1022385,0.25821837
11975,1.1027189,0.26013237
11989,1.1032002,0.26204262
12003,1.1037101,0.26394914
12017,1.1042232,0.26585109
12031,1.1047621,0.26774923
12045,1.1053065,0.26964206
12059,1.1058734,0.27153084
12073,1.1064479,0.27341518
12087,1.1070424,0.27529488
12101,1.1076466,0.27716928
12115,1.108268,0.27903935
12129,1.1089008,0.28090512
12143,1.1095486,0.2827657
12158,1.1102096,0.28462174
12172,1.1108832,0.28647311
12186,1.1115718,0.28831978
12201,1.112271,0.29016234
12215,1.1129874,0.29200026
12229,1.1137121,0.29383354
12244,1.114456,0.29566187
12258,1.1152061,0.29748516
12273,1.1159771,0.29930428
12287,1.1167521,0.30111784
12302,1.117549,0.30292613
12317,1.118348,0.30473047
12331,1.1191708,0.30652932
12346,1.1199938,0.30832353
12361,1.1208411,0.3101131
12375,1.1216885,0.31189886
12390,1.12256,0.31368087
12405,1.1234331,0.31545826
12420,1.1243274,0.317231
12435,1.1252253,0.31900077
12450,1.1261436,0.32076696
12465,1.1270675,0.32252943
12480,1.1280102,0.32428819
12495,1.1289606,0.32604392
12510,1.1299284,0.32779621
12525,1.1309063,0.32954479
12540,1.1319001,0.33129024
12555,1.1329063,0.3330329
12570,1.1339276,0.33477227
12586,1.1349646,0.33650793
12601,1.1360148,0.33823943
12616,1.1370835,0.33996669
12632,1.1381634,0.3416895
12647,1.1392648,0.34340675
12662,1.1403751,0.34511872
12678,1.1415097,0.34682526
12693,1.1426507,0.34852483
12709,1.1438183,0.35021845
12725,1.1449898,0.3519048
12740,1.1461905,0.35358453
12756,1.1473926,0.35525683
12772,1.1486273,0.35692166
12787,1.1498619,0.35857813
12803,1.1511289,0.36022601
12819,1.152397,0.36186451
12835,1.1536942,0.36349373
12851,1.1549947,0.36511366
12867,1.1563222,0.36672348
12883,1.1576554,0.36832308
12899,1.1590127,0.36991172
12915,1.1603781,0.37148921
12931,1.1617643,0.37305487
12947,1.1631606,0.37460912
12963,1.1645753,0.37615099
12979,1.1660021,0.37768044
12996,1.1674442,0.37919674
13012,1.1689002,0.3806991
13028,1.1703686,0.38218802
13045,1.171852,0.38366306
13061,1.173345,0.38512324
13078,1.1748538,0.38656857
13094,1.1763695,0.38799905
13111,1.177901,0.38941467
13127,1.1794372,0.39081543
13144,1.1809894,0.39220156
13161,1.1825446,0.3935734
13177,1.1841157,0.39492989
13194,1.1856882,0.39627317
13211,1.1872777,0.39760166
13228,1.1888672,0.39891618
13245,1.1904729,0.40021587
13262,1.1920785,0.40150313
13279,1.1936988,0.4027754
13296,1.1953202,0.40403373
13313,1.1969535,0.40527899
13330,1.1985887,0.40651125
13347,1.2002349,0.40773051
13364,1.2018841,0.40893678
13381,1.2035431,0.41013076
13399,1.2052061,0.41131131
13416,1.2068775,0.41247988
13433,1.2085538,0.41363608
13451,1.2102372,0.41477928
13468,1.2119263,0.41591056
13486,1.2136216,0.4170302
13503,1.2153237,0.4181373
13521,1.2170309,0.41923227
13539,1.2187453,0.42031609
13556,1.2204641,0.42138842
13574,1.2221914,0.42244867
13592,1.2239221,0.42349743
13610,1.2256623,0.42453573
13628,1.2274052,0.42556289
13646,1.2291596,0.4265789
13663,1.2309157,0.42758377
13682,1.2326852,0.4285775
13700,1.2344554,0.42956001
13718,1.2362411,0.4305305
13736,1.2380269,0.43148983
13754,1.2398283,0.43243574
13772,1.2416303,0.4333695
13791,1.2434465,0.4342903
13809,1.2452646,0.4351981
13827,1.2470953,0.43609207
13846,1.2489288,0.43697291
13864,1.2507739,0.43783999
13883,1.252623,0.43869315
13902,1.2544824,0.43953238
13920,1.256347,0.44035638
13939,1.2582203,0.44116583
13958,1.2600996,0.4419602
13977,1.261986,0.44273878
13995,1.263879,0.44350158
14014,1.2657777,0.44424859
14033,1.2676834,0.44497939
14052,1.2695935,0.44569387
14071,1.2715109,0.44639185
14090,1.2734315,0.44707283
14110,1.2753596,0.44773716
14129,1.2772897,0.44838343
14148,1.2792267,0.44901299
14167,1.281165,0.44962547
14187,1.2831103,0.45021938
14206,1.2850562,0.45079483
14226,1.2870075,0.45135257
14245,1.2889588,0.45189173
14265,1.2909138,0.45241233
14285,1.2928689,0.4529147
14304,1.2948245,0.45339747
14324,1.2967802,0.45386254
14344,1.2987344,0.45430911
14364,1.3006884,0.45473794
14384,1.3026401,0.45514991
14404,1.3045912,0.45554442
14424,1.3065389,0.45592128
14444,1.3084853,0.45628187
14464,1.3104283,0.45662603
14484,1.3123693,0.45695409
14504,1.3143066,0.45726579
14525,1.316241,0.45756185
14545,1.3181717,0.45784206
14565,1.3200983,0.45810695
14586,1.3220214,0.45835705
14606,1.3239393,0.45859177
14627,1.3258537,0.45881199
14648,1.3277613,0.45901861
14668,1.3296662,0.45921194
14689,1.3315636,0.4593916
14710,1.3334589,0.45955847
14731,1.3353456,0.45971328
14752,1.337231,0.45985601
14773,1.339107,0.45998679
14794,1.3409827,0.4601065
14815,1.3428493,0.46021596
14836,1.3447159,0.46031427
14858,1.3465724,0.46040105
14879,1.3484285,0.46047945
14900,1.3502767,0.4605468
14922,1.3521239,0.4606056
14943,1.3539655,0.46065603
14965,1.3558058,0.46069654
14986,1.3576425,0.46072908
15008,1.3594778,0.46075205
15030,1.3613107,0.46076549
15052,1.3631424,0.46076965
15074,1.3649727,0.4607639
15096,1.366802,0.46074852
15118,1.3686301,0.46072224
15140,1.3704573,0.4606849
15162,1.3722833,0.46063687
15184,1.3741079,0.46057771
15206,1.3759316,0.4605074
15229,1.3777537,0.46042595
15251,1.3795752,0.46033304
15273,1.3813951,0.46022834
15296,1.3832147,0.46011225
15319,1.385033,0.45998409
15341,1.3868512,0.45984368
15364,1.3886685,0.45969027
15387,1.3904857,0.45952375
15410,1.3923021,0.45934323
15432,1.3941184,0.45914786
15455,1.3959322,0.45893763
15479,1.3977459,0.45871104
15502,1.3995543,0.45846863
15525,1.4013623,0.45821044
15548,1.4031643,0.45793561
15572,1.4049654,0.45764407
15595,1.4067591,0.45733502
15618,1.4085507,0.45700834
15642,1.4103331,0.4566633
15666,1.4121115,0.45630037
15689,1.4138792,0.45591915
15713,1.4156404,0.45551937
15737,1.417389,0.45510101
15761,1.4191273,0.45466516
15785,1.4208525,0.4542126
15809,1.4225635,0.45374426
15833,1.4242623,0.45326106
15857,1.4259432,0.45276379
15882,1.4276137,0.45225388
15906,1.4292632,0.4517319
15930,1.4309044,0.45119842
15955,1.4325218,0.45065473
15979,1.4341332,0.45010104
16004,1.435718,0.44953807
16029,1.4372992,0.44896596
16054,1.4388498,0.44838559
16079,1.4403993,0.44779794
16103,1.4419152,0.44720469
16129,1.4434312,0.44660494
16154,1.4449114,0.44600036
16179,1.4463901,0.44539393
16204,1.4478372,0.44478475
16230,1.4492802,0.44417621
16255,1.4506963,0.44356778
16280,1.4521062,0.44296092
16306,1.4534933,0.44235666
16332,1.4548722,0.4417552
16357,1.4562326,0.44115855
16383,1.4575834,0.44056811
16409,1.4589206,0.43998357
16435,1.4602481,0.43940631
16461,1.4615663,0.43883741
16488,1.4628758,0.43827786
16514,1.4641808,0.43772806
16540,1.46548,0.4371884
16567,1.4667789,0.4366591
16593,1.468077,0.43613909
16620,1.469377,0.43562772
16646,1.4706814,0.43512349
16673,1.4719885,0.43462551
16700,1.4733049,0.43413267
16727,1.4746233,0.43364302
16754,1.4759542,0.43315444
16781,1.4772861,0.4326675
16808,1.4786333,0.43218042
16835,1.4799805,0.43169152
16863,1.4813449,0.43120169
16890,1.4827093,0.43070993
16918,1.4840927,0.43021354
16946,1.4854776,0.42971339
16973,1.4868814,0.42920611
17001,1.4882887,0.4286914
17029,1.4897146,0.42816848
17057,1.4911459,0.42763421
17085,1.4925933,0.42708644
17113,1.4940475,0.42652407
17142,1.4955141,0.42594557
17170,1.4969881,0.42534914
17198,1.4984713,0.42473414
17227,1.499962,0.42409897
17256,1.5014586,0.42344145
17284,1.5029617,0.42276025
17313,1.5044674,0.42205449
17342,1.505977,0.42132249
17371,1.5074862,0.42056264
17400,1.5089947,0.41977397
17430,1.5105,0.41895466
17459,1.5119961,0.41810422
17488,1.5134875,0.41722192
17518,1.5149573,0.41631009
17548,1.5164233,0.41536947
17577,1.5178567,0.41440038
17607,1.5192888,0.41340543
17637,1.5206776,0.41238641
17667,1.5220664,0.41134504
17697,1.5234072,0.41028348
17728,1.5247459,0.40920334
17758,1.5260394,0.40810642
17788,1.5273269,0.40699278
17819,1.5285709,0.40586407
17850,1.5298047,0.4047205
17880,1.5309954,0.40356357
17911,1.5321705,0.40239578
17942,1.5333055,0.40121912
17973,1.5344199,0.40003411
18005,1.5354967,0.39884315
18036,1.5365471,0.39764983
18067,1.5375661,0.39645664
18099,1.5385552,0.39526637
18131,1.5395208,0.39408119
18162,1.5404564,0.39290287
18194,1.5413759,0.39173152
18226,1.5422671,0.39056705
18258,1.543147,0.38940941
18290,1.5439993,0.38825855
18323,1.5448439,0.38711443
18355,1.5456609,0.38597699
18388,1.5464733,0.38484619
18420,1.547258,0.38372197
18453,1.5480407,0.3826043
18486,1.5487955,0.38149312
18519,1.5495503,0.38038838
18552,1.5502776,0.37929003
18585,1.5510047,0.37819803
18619,1.551708,0.37711233
18652,1.5524093,0.37603287
18686,1.55309,0.37495962
18720,1.5537669,0.37389252
18754,1.5544261,0.37283152
18788,1.5550801,0.37177658
18822,1.555719,0.37072764
18856,1.5563513,0.36968466
18890,1.5569708,0.36864759
18925,1.5575825,0.36761638
18959,1.5581836,0.36659099
18994,1.5587759,0.36557135
19029,1.5593593,0.36455744
19064,1.559933,0.36354919
19099,1.5604997,0.36254656
19134,1.5610557,0.36154949
19170,1.5616063,0.36055796
19205,1.5621455,0.35957189
19241,1.5626806,0.35859125
19276,1.5632037,0.35761598
19312,1.563724,0.35664605
19348,1.5642317,0.35568139
19385,1.5647378,0.35472196
19421,1.5652307,0.35376771
19457,1.5657232,0.3528186
19494,1.5662019,0.35187458
19531,1.5666806,0.35093559
19567,1.5671465,0.35000159
19604,1.5676117,0.34907253
19642,1.5680655,0.34814836
19679,1.5685178,0.34722903
19716,1.56896,0.3463145
19754,1.5693998,0.34540471
19791,1.5698308,0.34449962
19829,1.5702586,0.34359918
19867,1.5706788,0.34270334
19905,1.571095,0.34181206
19944,1.5715047,0.34092527
19982,1.5719097,0.34004294
20021,1.5723093,0.33916502
20059,1.5727035,0.33829146
20098,1.5730932,0.3374222
20137,1.5734771,0.33655721
20177,1.5738573,0.33569643
20216,1.5742311,0.33483982
20255,1.5746021,0.33398731
20295,1.5749662,0.33313888
20335,1.5753282,0.33229447
20375,1.5756828,0.33145402
20415,1.5760361,0.3306175
20455,1.5763816,0.32978485
20496,1.5767265,0.32895603
20536,1.577063,0.32813098
20577,1.5773995,0.32730966
20618,1.5777275,0.32649202
20659,1.5780554,0.32567801
20700,1.5783756,0.32486759
20741,1.5786952,0.32406069
20783,1.5790079,0.32325729
20825,1.5793193,0.32245732
20867,1.5796246,0.32166073
20909,1.579928,0.32086749
20951,1.580226,0.32007754
20993,1.5805216,0.31929084
21036,1.5808125,0.31850732
21079,1.5811005,0.31772696
21122,1.5813845,0.31694969
21165,1.581665,0.31617547
21208,1.581942,0.31540425
21252,1.5822152,0.31463598
21295,1.5824855,0.31387062
21339,1.5827515,0.31310811
21383,1.5830151,0.31234841
21427,1.5832739,0.31159147
21472,1.583531,0.31083724
21516,1.5837828,0.31008567
21561,1.5840334,0.30933671
21606,1.5842782,0.30859032
21651,1.5845223,0.30784644
21696,1.5847602,0.30710503
21742,1.5849979,0.30636604
21787,1.585229,0.30562942
21833,1.58546,0.30489512
21879,1.5856846,0.30416309
21925,1.5859089,0.30343329
21972,1.5861272,0.30270567
22019,1.5863447,0.30198017
22065,1.5865567,0.30125676
22112,1.5867674,0.30053537
22160,1.5869731,0.29981597
22207,1.587177,0.2990985
22255,1.5873764,0.29838292
22303,1.5875734,0.29766918
22351,1.5877665,0.29695722
22399,1.5879566,0.29624701
22448,1.5881432,0.29553848
22496,1.5883264,0.2948316
22545,1.5885065,0.29412631
22594,1.5886826,0.29342257
22644,1.5888562,0.29272033
22693,1.5890251,0.29201954
22743,1.589192,0.29132015
22793,1.5893537,0.29062211
22843,1.5895138,0.28992537
22894,1.5896681,0.28922989
22944,1.5898213,0.28853562
22995,1.5899679,0.28784251
23046,1.590114,0.2871505
23097,1.5902529,0.28645956
23149,1.5903917,0.28576963
23201,1.5905226,0.28508067
23253,1.5906534,0.28439262
23305,1.5907767,0.28370544
23358,1.5908992,0.28301908
23410,1.5910146,0.28233348
23463,1.5911286,0.28164862
23516,1.5912358,0.28096442
23570,1.5913409,0.28028085
23624,1.5914397,0.27959786
23678,1.5915356,0.27891539
23732,1.5916255,0.27823341
23786,1.5917118,0.27755185
23841,1.5917926,0.27687068
23896,1.5918687,0.27618984
23951,1.5919399,0.27550929
24006,1.5920054,0.27482898
24062,1.5920666,0.27414886
24118,1.5921209,0.27346887
24174,1.5921714,0.27278898
24231,1.5922138,0.27210913
24288,1.5922531,0.27142928
24345,1.5922828,0.27074937
24402,1.5923102,0.27006936
24459,1.5923262,0.2693892
24517,1.5923407,0.26870884
24575,1.5923418,0.26802824
24634,1.5923426,0.26734734
24692,1.5923272,0.26666609
24751,1.5923118,0.26598445
24810,1.5922786,0.26530237
24870,1.5922445,0.2646198
24930,1.5921903,0.2639367
24990,1.5921332,0.263253
25050,1.5920485,0.26256867
25111,1.5919569,0.26189055
25172,1.5918549,0.26123755
25233,1.5917488,0.26058455
25295,1.59163,0.25993155
25356,1.5915043,0.2592821
25419,1.5913717,0.25865025
25481,1.5912339,0.25801841
25544,1.5910838,0.25738656
25607,1.5909217,0.25675822
25670,1.5907577,0.25615636
25734,1.5905913,0.25555449
25798,1.5904202,0.25495262
25862,1.5902408,0.25435116
25927,1.5900565,0.25375532
25992,1.5898596,0.25315948
26057,1.5896545,0.25256364
26123,1.5894177,0.25196844
26189,1.5891817,0.25141771
26255,1.5889505,0.25086697
26322,1.5887182,0.25031624
26389,1.588468,0.24976551
26456,1.5882179,0.24923346
26524,1.5879609,0.24870213
26592,1.5877039,0.24817079
26660,1.5874174,0.24763946
26729,1.5871279,0.24714941
26798,1.5868486,0.24666333
26867,1.5865714,0.24617725
26937,1.5862871,0.24569117
27007,1.5860005,0.24521026
27078,1.5857029,0.24473018
27149,1.5854002,0.2442501
27220,1.5850803,0.24377003
27292,1.5847496,0.24332506
27364,1.5844212,0.24288835
27436,1.5840948,0.24245164
27509,1.5837626,0.24201494
27582,1.5834235,0.2415925
27655,1.5830813,0.2411746
27729,1.5827339,0.24075671
27804,1.5823808,0.24033881
27879,1.5820152,0.23994005
27954,1.5816479,0.23954918
28029,1.5812751,0.23915832
28105,1.5808994,0.23876746
28182,1.5805092,0.23839635
28258,1.5801186,0.23803556
28336,1.5797245,0.23767476
28413,1.57933,0.23731397
28491,1.5789207,0.23696806
28570,1.5785115,0.23663186
28649,1.5780977,0.23629566
28728,1.5776836,0.23595945
28808,1.5772552,0.23563074
28888,1.5768248,0.23530806
28969,1.5763773,0.23498538
29050,1.5759255,0.2346627
29132,1.5754601,0.23436191
29214,1.5749894,0.23408272
29296,1.5745195,0.23380354
29379,1.57405,0.23352435
29463,1.5735717,0.23324785
29547,1.5730869,0.23297462
29631,1.5725876,0.23270138
29716,1.5720738,0.23242814
29801,1.5715522,0.23217229
29887,1.57102,0.23194247
29973,1.5704855,0.23171265
30060,1.5699465,0.23148284
30148,1.5694023,0.23125692
30236,1.5688444,0.23103828
30324,1.5682799,0.23081963
30413,1.5676896,0.23060099
30502,1.5670966,0.23039375
30592,1.5664858,0.2302133
30683,1.5658738,0.23003286
30774,1.5652397,0.22985242
30866,1.5646057,0.2296781
30958,1.5639476,0.22952238
31050,1.563289,0.22936666
31144,1.5625926,0.22921095
31237,1.5618923,0.22906488
31332,1.5611726,0.2289585
31427,1.560449,0.22885212
31522,1.5596961,0.22874573
31618,1.5589339,0.2286465
31715,1.5581552,0.22858949
31812,1.5573688,0.22853248
31910,1.5565502,0.22847546
32009,1.555711,0.22842558
32108,1.5548657,0.22844439
32208,1.554015,0.22846319
32308,1.553147,0.228482
32409,1.5522587,0.22850261
32511,1.5513591,0.22856313
32613,1.5504415,0.22862366
32716,1.5494964,0.22868418
32819,1.5484909,0.22874471
32923,1.5474847,0.22891069
33028,1.5464759,0.22907762
33134,1.5454534,0.22924454
33240,1.5443612,0.22941146
33347,1.5432696,0.2296856
33454,1.5421851,0.22996655
33563,1.5410989,0.2302475
33672,1.5399187,0.23052845
33781,1.5387386,0.23093068
33892,1.5375789,0.23134799
34003,1.5364204,0.2317653
34115,1.5351852,0.23218261
34227,1.5339382,0.23272548
34341,1.5327053,0.23329252
34455,1.5314761,0.23385957
34570,1.5301849,0.23442661
34685,1.5288697,0.23513293
34802,1.5275679,0.23587704
34919,1.5262736,0.23662114
35037,1.5249339,0.23736525
35155,1.52356,0.23826546
35275,1.5222034,0.23922174
35395,1.5208645,0.24017803
35517,1.5194987,0.24113432
35639,1.5180963,0.24225443
35762,1.5167133,0.24344994
35885,1.5153666,0.24464544
36010,1.5140081,0.24584095
36135,1.5126189,0.2471916
36262,1.5112429,0.24863183
36389,1.5099198,0.25007207
36517,1.5085927,0.2515123
36646,1.5072387,0.25311285
36776,1.5058899,0.25482853
36907,1.5046373,0.2565442
37039,1.5033846,0.25825987
37172,1.5021323,0.2601229
37305,1.5008799,0.262116
37440,1.4997453,0.26410909
37576,1.4986232,0.26610219
37712,1.4975374,0.26821836
37850,1.4964591,0.27046772
37989,1.495485,0.27271708
38128,1.4945446,0.27496644
38269,1.4936762,0.27733363
38411,1.4928414,0.27985742
38553,1.4921743,0.2823812
38697,1.4916159,0.28490499
38842,1.4911286,0.28737759
38988,1.4907038,0.28976576
39135,1.4902978,0.29215393
39284,1.489914,0.29454209
39433,1.4895128,0.29688282
39584,1.4890839,0.29912753
39735,1.4885467,0.30137224
39888,1.487769,0.30361695
40042,1.4870221,0.30611733
40197,1.486375,0.30928948
40354,1.4858302,0.31246162
40511,1.4858149,0.31563377
40670,1.4858028,0.31867721
40830,1.4858238,0.3212768
40992,1.4858386,0.32387639
41154,1.4854049,0.32647598
41318,1.4849713,0.32922808
41484,1.4847103,0.33270998
41650,1.4844604,0.33619188
41818,1.4845452,0.33967377
41987,1.484682,0.34316542
42158,1.4850164,0.34672725
42330,1.4854028,0.35028908
42504,1.4859294,0.35385091
42679,1.4865114,0.35741826
42855,1.4872323,0.36105767
43033,1.4880304,0.36469709
43212,1.4889468,0.36833651
43393,1.489953,0.37197599
43575,1.4910524,0.37561858
43759,1.4922472,0.37926118
43945,1.4935174,0.38290378
44132,1.4948917,0.38654637
44320,1.4963318,0.39019898
44510,1.4978966,0.39385192
44702,1.4995183,0.39750485
44896,1.5012924,0.40115779
45091,1.5031006,0.4047692
45288,1.5050467,0.40837688
45487,1.5070198,0.41198456
45687,1.5091849,0.41559224
45889,1.5113575,0.41912759
46093,1.5136732,0.42265181
46299,1.5159889,0.42617602
46506,1.5185245,0.42970023
46716,1.5210657,0.4331293
46927,1.5237273,0.43653685
47141,1.5264022,0.4399444
47356,1.5292604,0.44335196
47573,1.532157,0.44665289
47792,1.5351545,0.44992085
48014,1.5381852,0.4531888
48237,1.5413709,0.45645675
48462,1.54463,0.4595856
48690,1.5479561,0.46265842
48920,1.5513259,0.46573123
49151,1.5548075,0.46880405
49385,1.5583883,0.47174225
49622,1.5620224,0.4746117
49860,1.56572,0.47748115
50101,1.5695011,0.4803506
50344,1.5734175,0.48305048
50590,1.5773558,0.48564243
50838,1.5813433,0.48823438
51088,1.5853751,0.49082633
51341,1.5895527,0.49327438
51597,1.5937428,0.49560896
51855,1.5979984,0.49794355
52115,1.6022713,0.50027814
52379,1.6067294,0.5024553
52644,1.611188,0.50448013
52913,1.6156932,0.50650497
53184,1.6201984,0.5085298
53459,1.6248764,0.51040034
53736,1.629566,0.5120878
54015,1.6342822,0.51377527
54298,1.6390025,0.51546273
54584,1.6438453,0.51700647
54873,1.6487209,0.51834035
55165,1.6536189,0.51967422
55460,1.6585257,0.5210081
55758,1.6635114,0.52220414
56059,1.6685415,0.52314926
56364,1.6735783,0.52409438
56672,1.6786202,0.5250395
56983,1.6837012,0.52586646
57298,1.6888226,0.52642248
57617,1.6939466,0.52697851
57938,1.6990742,0.52753453
58264,1.7042164,0.52799413
58593,1.7093867,0.52816869
58926,1.714561,0.52834325
59263,1.7197464,0.52851782
59603,1.7249329,0.52861147
59948,1.7301238,0.52838524
60296,1.7353154,0.52815901
60649,1.7405115,0.52793278
61006,1.7457058,0.52764652
61367,1.7508648,0.52701996
61732,1.7560238,0.52639341
62102,1.7611799,0.52576685
62476,1.766336,0.52510058
62855,1.7714185,0.52407318
63238,1.7764926,0.52304577
63626,1.7815433,0.52201837
64019,1.7865891,0.52097385
64416,1.7915495,0.51959144
64819,1.7964814,0.51820902
65226,1.8014049,0.51682661
65639,1.8063243,0.5154442
66057,1.8111494,0.51370055
66481,1.8159119,0.51195594
66910,1.8206562,0.51021132
67344,1.8253843,0.50846671
67784,1.8300222,0.50640383
68230,1.8345512,0.50432257
68682,1.8390566,0.50224131
69140,1.8435233,0.50016005
69604,1.8479083,0.49780013
70074,1.8521068,0.49540736
70551,1.8562471,0.49301458
71034,1.8601927,0.49062181
71524,1.8641337,0.48833812
72021,1.8680499,0.48607465
72525,1.8719738,0.48381118
73035,1.8759832,0.48154771
73553,1.8799914,0.47907644
74079,1.8838394,0.47655083
74612,1.8876875,0.47402522
75152,1.891519,0.47149961
75701,1.8953493,0.46881799
76258,1.8990367,0.46608207
76823,1.9027007,0.46334616
77396,1.9063291,0.46061024
77978,1.9099478,0.45776233
78569,1.9134912,0.45486408
79168,1.917004,0.45196583
79777,1.9205324,0.44906758
80396,1.9240697,0.44585984
81024,1.9273817,0.44247728
81662,1.9305184,0.43909471
82310,1.9335079,0.43571215
82969,1.9363431,0.43248031
83638,1.9391993,0.429354
84318,1.9420851,0.4262277
85009,1.9449917,0.4231014
85711,1.9479386,0.41970055
86426,1.9507779,0.41606324
87152,1.9533202,0.41242594
87891,1.9558068,0.40878863
88642,1.9580586,0.40519366
89406,1.9602899,0.40164358
90183,1.9623675,0.3980935
90974,1.9644369,0.39454342
91780,1.9663234,0.39100969
92599,1.9682099,0.38749723
93433,1.969928,0.38398477
94283,1.9716408,0.38047231
95148,1.973179,0.37698826
96029,1.9746966,0.37354986
96926,1.9760796,0.37011146
97841,1.9774333,0.36667305
98773,1.97864,0.3632715
99722,1.9797968,0.35994386
100691,1.9808412,0.35661623
101678,1.9818307,0.35328859
102684,1.9827037,0.35001352
103711,1.9834984,0.34687311
104759,1.984225,0.34373271
105828,1.9848898,0.3405923
106919,1.9854718,0.33748978
108033,1.9859525,0.33451417
109170,1.9863569,0.33153856
110331,1.9866346,0.32856296
111518,1.9868641,0.32568041
112730,1.9869814,0.32303397
113969,1.9870661,0.32038754
115235,1.9870391,0.3177411
116530,1.9869913,0.31514011
117854,1.9868279,0.31285137
119209,1.9866532,0.31056263
120595,1.9863464,0.30827389
122014,1.9860392,0.30601802
123467,1.9856435,0.30416069
124954,1.9852477,0.30230337
126478,1.9847401,0.30044604
128039,1.9842242,0.29860048
129640,1.9836775,0.29720808
131281,1.9831258,0.29581567
132964,1.9824753,0.29442327
134691,1.9817974,0.29303086
136463,1.9811415,0.29215527
138283,1.9804946,0.29129324
140152,1.9797793,0.29043122
142072,1.9790245,0.28956919
144045,1.9783277,0.28922857
146074,1.9776766,0.28893175
148161,1.9769779,0.28863493
150308,1.9762287,0.28833811
152519,1.9755547,0.28856434
154795,1.9749886,0.28886763
157141,1.9743953,0.28917091
159558,1.9737485,0.2894742
162051,1.9731707,0.29028399
164624,1.9727867,0.29120442
167279,1.9723913,0.29212486
170021,1.9719469,0.29304529
172855,1.9715396,0.29443464
175785,1.9714196,0.29596419
178816,1.9712965,0.29749374
181953,1.9710997,0.2990233
185203,1.9709028,0.30102319
188570,1.9710949,0.3032079
192062,1.9713006,0.30539261
195686,1.971504,0.30757731
199450,1.9717072,0.3101823
203361,1.9722185,0.31299709
207428,1.9727986,0.31581188
211662,1.9733687,0.31862666
216071,1.9739354,0.32193433
220669,1.9748249,0.32554906
225466,1.9758741,0.32916379
230477,1.9769881,0.33277852
235715,1.9781463,0.336784
241197,1.9795197,0.34109002
246941,1.981091,0.34539603
252964,1.9826663,0.34970204
259288,1.9842465,0.35450765
265937,1.9860154,0.35978692
272936,1.9881023,0.36506619
280313,1.9901842,0.37034546
288100,1.9922544,0.3761909
296332,1.994457,0.38269448
305048,1.9971178,0.38919806
314293,1.9997554,0.39570163
324115,2.0022609,0.40290624
334572,2.0048221,0.41111314
345725,2.008063,0.41932005
357647,2.0113032,0.42752696
370422,2.0141108,0.43663406
384142,2.0169185,0.4473368
398918,2.0204465,0.45803953
414877,2.024031,0.46874227
432165,2.0266339,0.48064595
450957,2.0290679,0.49523829
471457,2.0299153,0.50983063
493910,2.0303125,0.52442297
518608,2.0340305,0.55356591
545907,2.0391396,0.5756622
576239,2.043772,0.6018205
610141,2.0481252,0.6323228
648280,2.0540415,0.66755107
691506,2.0612041,0.71036949
740908,2.0719455,0.76168641
797911,2.0865297,0.8162504
864417,2.1094726,0.88975566
943018,2.1445425,0.97178993
1037342,2.1945356,1.0623533
1152633,2.2743074,1.1801243
1296756,2.3680744,1.2933933
1482070,2.5017461,1.3949678
1729181,2.6425879,1.4817286
2075184,2.8149203,1.6276529
2594292,3.0223072,1.8296001
3459751,3.509654,2.1330914
5191709,3.9789235,2.5245161
10395939,3.9789235,2.818758
