666,1.3272993,2.4214387e-08
666,1.3272993,2.4214387e-08
666,1.3272992,2.4214387e-08
666,1.327299,2.4214387e-08
666,1.3272987,2.4214387e-08
666,1.3272984,2.4214387e-08
666,1.3272981,2.4214387e-08
666,1.3272979,2.4214387e-08
667,1.3272976,2.4214387e-08
667,1.3272973,2.4214387e-08
667,1.327297,2.4214387e-08
667,1.3272968,2.4214387e-08
667,1.3272965,2.4214387e-08
667,1.3272962,2.4214387e-08
667,1.3272959,2.4214387e-08
667,1.3272957,2.4214387e-08
667,1.3272954,2.4214387e-08
667,1.3272951,2.4214387e-08
667,1.3272948,2.4214387e-08
667,1.3272946,2.4214387e-08
667,1.3272943,2.4214387e-08
667,1.327294,2.4214387e-08
667,1.3272937,2.4214387e-08
667,1.3272935,2.4214387e-08
667,1.3272932,2.4214387e-08
667,1.3272929,2.4214387e-08
667,1.3272926,2.4214387e-08
667,1.3272924,2.4214387e-08
667,1.3272921,2.4214387e-08
667,1.3272918,2.4214387e-08
667,1.3272915,2.4214387e-08
668,1.3272913,2.4214387e-08
668,1.327291,2.4214387e-08
668,1.3272907,2.4214387e-08
668,1.3272904,2.4214387e-08
668,1.3272902,2.4214387e-08
668,1.3272899,2.4214387e-08
668,1.3272896,2.4214387e-08
668,1.3272893,2.4214387e-08
668,1.3272891,2.4214387e-08
668,1.3272888,2.4214387e-08
668,1.3272885,2.4214387e-08
668,1.3272882,2.4214387e-08
668,1.327288,2.4214387e-08
668,1.3272877,2.4214387e-08
668,1.3272874,2.4214387e-08
668,1.3272871,2.4214387e-08
668,1.3272868,2.4214387e-08
668,1.3272866,2.4214387e-08
668,1.3272863,2.4214387e-08
668,1.327286,2.4214387e-08
668,1.3272857,2.4214387e-08
668,1.3272855,2.4214387e-08
668,1.3272852,2.4214387e-08
669,1.3272849,2.4214387e-08
669,1.3272846,2.4214387e-08
669,1.3272844,2.4214387e-08
669,1.3272841,2.4214387e-08
669,1.3272838,2.4214387e-08
669,1.3272835,2.4214387e-08
669,1.3272832,2.4214387e-08
669,1.327283,2.4214387e-08
669,1.3272827,2.4214387e-08
669,1.3272824,2.4214387e-08
669,1.3272821,2.4214387e-08
669,1.3272819,2.4214387e-08
669,1.3272816,2.4214387e-08
669,1.3272813,2.4214387e-08
669,1.327281,2.4214387e-08
669,1.3272807,2.4214387e-08
669,1.3272805,2.4214387e-08
669,1.3272802,2.4214387e-08
669,1.3272799,2.4214387e-08
669,1.3272796,2.4214387e-08
669,1.3272793,2.4214387e-08
669,1.3272791,2.4214387e-08
669,1.3272788,2.4214387e-08
670,1.3272785,2.4214387e-08
670,1.3272782,2.4214387e-08
670,1.327278,2.4214387e-08
670,1.3272777,2.4214387e-08
670,1.3272774,2.4214387e-08
670,1.3272771,2.4214387e-08
670,1.3272768,2.4214387e-08
670,1.3272766,2.4214387e-08
670,1.3272763,2.4214387e-08
670,1.327276,2.4214387e-08
670,1.3272757,2.4214387e-08
670,1.3272754,2.4214387e-08
670,1.3272752,2.4214387e-08
670,1.3272749,2.4214387e-08
670,1.3272746,2.4214387e-08
670,1.3272743,2.4214387e-08
670,1.327274,2.4214387e-08
670,1.3272738,2.4214387e-08
670,1.3272735,2.4214387e-08
670,1.3272732,2.4214387e-08
670,1.3272729,2.4214387e-08
670,1.3272727,2.4214387e-08
670,1.3272724,2.4214387e-08
670,1.3272721,2.4214387e-08
671,1.3272718,2.4214387e-08
671,1.3272715,2.4214387e-08
671,1.3272713,2.4214387e-08
671,1.327271,2.4214387e-08
671,1.3272707,2.4214387e-08
671,1.3272704,2.4214387e-08
671,1.3272701,2.4214387e-08
671,1.3272699,2.4214387e-08
671,1.3272696,2.4214387e-08
671,1.3272693,2.4214387e-08
671,1.327269,2.4214387e-08
671,1.3272687,2.4214387e-08
671,1.3272684,2.4214387e-08
671,1.3272682,2.4214387e-08
671,1.3272679,2.4214387e-08
671,1.3272676,2.4214387e-08
671,1.3272673,2.4214387e-08
671,1.327267,2.4214387e-08
671,1.3272668,2.4214387e-08
671,1.3272665,2.4214387e-08
671,1.3272662,2.4214387e-08
671,1.3272659,2.4214387e-08
671,1.3272656,2.4214387e-08
672,1.3272654,2.4214387e-08
672,1.3272651,2.4214387e-08
672,1.3272648,2.4214387e-08
672,1.3272645,2.4214387e-08
672,1.3272642,2.4214387e-08
672,1.327264,2.4214387e-08
672,1.3272637,2.4214387e-08
672,1.3272634,2.4214387e-08
672,1.3272631,2.4214387e-08
672,1.3272628,2.4214387e-08
672,1.3272625,2.4214387e-08
672,1.3272623,2.4214387e-08
672,1.327262,2.4214387e-08
672,1.3272617,2.4214387e-08
672,1.3272614,2.4214387e-08
672,1.3272611,2.4214387e-08
672,1.3272608,2.4214387e-08
672,1.3272606,2.4214387e-08
672,1.3272603,2.4214387e-08
672,1.32726,2.4214387e-08
672,1.3272597,2.4214387e-08
672,1.3272594,2.4214387e-08
673,1.3272592,2.4214387e-08
673,1.3272589,2.4214387e-08
673,1.3272586,2.4214387e-08
673,1.3272583,2.4214387e-08
673,1.327258,2.4214387e-08
673,1.3272577,2.4214387e-08
673,1.3272575,2.4214387e-08
673,1.3272572,2.4214387e-08
673,1.3272569,2.4214387e-08
673,1.3272566,2.4214387e-08
673,1.3272563,2.4214387e-08
673,1.327256,2.4214387e-08
673,1.3272558,2.4214387e-08
673,1.3272555,2.4214387e-08
673,1.3272552,2.4214387e-08
673,1.3272549,2.4214387e-08
673,1.3272546,2.4214387e-08
673,1.3272543,2.4214387e-08
673,1.3272541,2.4214387e-08
673,1.3272538,2.4214387e-08
673,1.3272535,2.4214387e-08
673,1.3272532,2.4214387e-08
673,1.3272529,2.4214387e-08
674,1.3272526,2.4214387e-08
674,1.3272524,2.4214387e-08
674,1.3272521,2.4214387e-08
674,1.3272518,2.4214387e-08
674,1.3272515,2.4214387e-08
674,1.3272512,2.4214387e-08
674,1.3272509,2.4214387e-08
674,1.3272507,2.4214387e-08
674,1.3272504,2.4214387e-08
674,1.3272501,2.4214387e-08
674,1.3272498,2.4214387e-08
674,1.3272495,2.4214387e-08
674,1.3272492,2.4214387e-08
674,1.3272489,2.4214387e-08
674,1.3272487,2.4214387e-08
674,1.3272484,2.4214387e-08
674,1.3272481,2.4214387e-08
674,1.3272478,2.4214387e-08
674,1.3272475,2.6077032e-08
674,1.3272472,2.6077032e-08
674,1.3272469,2.6077032e-08
674,1.3272467,2.6077032e-08
674,1.3272464,2.6077032e-08
675,1.3272461,2.6077032e-08
675,1.3272458,2.6077032e-08
675,1.3272455,2.6077032e-08
675,1.3272452,2.6077032e-08
675,1.327245,2.6077032e-08
675,1.3272447,2.6077032e-08
675,1.3272444,2.6077032e-08
675,1.3272441,2.6077032e-08
675,1.3272438,2.6077032e-08
675,1.3272435,2.6077032e-08
675,1.3272432,2.6077032e-08
675,1.327243,2.6077032e-08
675,1.3272427,2.6077032e-08
675,1.3272424,2.6077032e-08
675,1.3272421,2.6077032e-08
675,1.3272418,2.6077032e-08
675,1.3272415,2.6077032e-08
675,1.3272412,2.6077032e-08
675,1.327241,2.6077032e-08
675,1.3272407,2.6077032e-08
675,1.3272404,2.6077032e-08
675,1.3272401,2.6077032e-08
675,1.3272398,2.6077032e-08
676,1.3272395,2.6077032e-08
676,1.3272392,2.6077032e-08
676,1.3272389,2.6077032e-08
676,1.3272387,2.6077032e-08
676,1.3272384,2.6077032e-08
676,1.3272381,2.6077032e-08
676,1.3272378,2.6077032e-08
676,1.3272375,2.6077032e-08
676,1.3272372,2.6077032e-08
676,1.3272369,2.6077032e-08
676,1.3272367,2.6077032e-08
676,1.3272364,2.6077032e-08
676,1.3272361,2.6077032e-08
676,1.3272358,2.6077032e-08
676,1.3272355,2.6077032e-08
676,1.3272352,2.6077032e-08
676,1.3272349,2.6077032e-08
676,1.3272346,2.6077032e-08
676,1.3272344,2.6077032e-08
676,1.3272341,2.6077032e-08
676,1.3272338,2.6077032e-08
676,1.3272335,2.6077032e-08
676,1.3272332,2.6077032e-08
677,1.3272329,2.6077032e-08
677,1.3272326,2.6077032e-08
677,1.3272323,2.6077032e-08
677,1.327232,2.6077032e-08
677,1.3272318,2.6077032e-08
677,1.3272315,2.6077032e-08
677,1.3272312,2.6077032e-08
677,1.3272309,2.6077032e-08
677,1.3272306,2.6077032e-08
677,1.3272303,2.6077032e-08
677,1.32723,2.6077032e-08
677,1.3272297,2.6077032e-08
677,1.3272295,2.6077032e-08
677,1.3272292,2.6077032e-08
677,1.3272289,2.6077032e-08
677,1.3272286,2.6077032e-08
677,1.3272283,2.6077032e-08
677,1.327228,2.6077032e-08
677,1.3272277,2.6077032e-08
677,1.3272274,2.6077032e-08
677,1.3272271,2.6077032e-08
677,1.3272269,2.6077032e-08
678,1.3272266,2.6077032e-08
678,1.3272263,2.6077032e-08
678,1.327226,2.6077032e-08
678,1.3272257,2.6077032e-08
678,1.3272254,2.6077032e-08
678,1.3272251,2.6077032e-08
678,1.3272248,2.6077032e-08
678,1.3272245,2.6077032e-08
678,1.3272242,2.6077032e-08
678,1.327224,2.6077032e-08
678,1.3272237,2.6077032e-08
678,1.3272234,2.6077032e-08
678,1.3272231,2.6077032e-08
678,1.3272228,2.6077032e-08
678,1.3272225,2.6077032e-08
678,1.3272222,2.6077032e-08
678,1.3272219,2.6077032e-08
678,1.3272216,2.6077032e-08
678,1.3272213,2.6077032e-08
678,1.3272211,2.6077032e-08
678,1.3272208,2.6077032e-08
678,1.3272205,2.6077032e-08
678,1.3272202,2.6077032e-08
679,1.3272199,2.6077032e-08
679,1.3272196,2.6077032e-08
679,1.3272193,2.6077032e-08
679,1.327219,2.6077032e-08
679,1.3272187,2.6077032e-08
679,1.3272184,2.6077032e-08
679,1.3272181,2.6077032e-08
679,1.3272179,2.6077032e-08
679,1.3272176,2.6077032e-08
679,1.3272173,2.6077032e-08
679,1.327217,2.6077032e-08
679,1.3272167,2.6077032e-08
679,1.3272164,2.6077032e-08
679,1.3272161,2.6077032e-08
679,1.3272158,2.6077032e-08
679,1.3272155,2.6077032e-08
679,1.3272152,2.6077032e-08
679,1.3272149,2.6077032e-08
679,1.3272146,2.6077032e-08
679,1.3272144,2.6077032e-08
679,1.3272141,2.6077032e-08
679,1.3272138,2.6077032e-08
680,1.3272135,2.6077032e-08
680,1.3272132,2.6077032e-08
680,1.3272129,2.6077032e-08
680,1.3272126,2.6077032e-08
680,1.3272123,2.6077032e-08
680,1.327212,2.6077032e-08
680,1.3272117,2.6077032e-08
680,1.3272114,2.6077032e-08
680,1.3272111,2.6077032e-08
680,1.3272109,2.6077032e-08
680,1.3272106,2.6077032e-08
680,1.3272103,2.6077032e-08
680,1.32721,2.6077032e-08
680,1.3272097,2.6077032e-08
680,1.3272094,2.6077032e-08
680,1.3272091,2.6077032e-08
680,1.3272088,2.6077032e-08
680,1.3272085,2.6077032e-08
680,1.3272082,2.6077032e-08
680,1.3272079,2.6077032e-08
680,1.3272076,2.6077032e-08
680,1.3272073,2.6077032e-08
680,1.327207,2.6077032e-08
681,1.3272067,2.6077032e-08
681,1.3272065,2.6077032e-08
681,1.3272062,2.6077032e-08
681,1.3272059,2.6077032e-08
681,1.3272056,2.6077032e-08
681,1.3272053,2.6077032e-08
681,1.327205,2.6077032e-08
681,1.3272047,2.6077032e-08
681,1.3272044,2.6077032e-08
681,1.3272041,2.6077032e-08
681,1.3272038,2.6077032e-08
681,1.3272035,2.6077032e-08
681,1.3272032,2.6077032e-08
681,1.3272029,2.6077032e-08
681,1.3272026,2.6077032e-08
681,1.3272023,2.6077032e-08
681,1.327202,2.6077032e-08
681,1.3272018,2.6077032e-08
681,1.3272015,2.6077032e-08
681,1.3272012,2.6077032e-08
681,1.3272009,2.6077032e-08
681,1.3272006,2.6077032e-08
682,1.3272003,2.6077032e-08
682,1.3272,2.6077032e-08
682,1.3271997,2.6077032e-08
682,1.3271994,2.6077032e-08
682,1.3271991,2.6077032e-08
682,1.3271988,2.6077032e-08
682,1.3271985,2.6077032e-08
682,1.3271982,2.6077032e-08
682,1.3271979,2.6077032e-08
682,1.3271976,2.6077032e-08
682,1.3271973,2.6077032e-08
682,1.327197,2.6077032e-08
682,1.3271967,2.6077032e-08
682,1.3271964,2.6077032e-08
682,1.3271961,2.6077032e-08
682,1.3271958,2.6077032e-08
682,1.3271956,2.6077032e-08
682,1.3271953,2.6077032e-08
682,1.327195,2.6077032e-08
682,1.3271947,2.6077032e-08
682,1.3271944,2.6077032e-08
682,1.3271941,2.6077032e-08
683,1.3271938,2.6077032e-08
683,1.3271935,2.6077032e-08
683,1.3271932,2.6077032e-08
683,1.3271929,2.6077032e-08
683,1.3271926,2.6077032e-08
683,1.3271923,2.6077032e-08
683,1.327192,2.6077032e-08
683,1.3271917,2.6077032e-08
683,1.3271914,2.6077032e-08
683,1.3271911,2.6077032e-08
683,1.3271908,2.6077032e-08
683,1.3271905,2.6077032e-08
683,1.3271902,2.6077032e-08
683,1.3271899,2.6077032e-08
683,1.3271896,2.6077032e-08
683,1.3271893,2.6077032e-08
683,1.327189,2.6077032e-08
683,1.3271887,2.6077032e-08
683,1.3271884,2.6077032e-08
683,1.3271881,2.6077032e-08
683,1.3271878,2.6077032e-08
683,1.3271875,2.6077032e-08
684,1.3271872,2.6077032e-08
684,1.3271869,2.6077032e-08
684,1.3271867,2.6077032e-08
684,1.3271864,2.6077032e-08
684,1.3271861,2.7939677e-08
684,1.3271858,2.7939677e-08
684,1.3271855,2.7939677e-08
684,1.3271852,2.7939677e-08
684,1.3271849,2.7939677e-08
684,1.3271846,2.7939677e-08
684,1.3271843,2.7939677e-08
684,1.327184,2.7939677e-08
684,1.3271837,2.7939677e-08
684,1.3271834,2.7939677e-08
684,1.3271831,2.7939677e-08
684,1.3271828,2.7939677e-08
684,1.3271825,2.7939677e-08
684,1.3271822,2.7939677e-08
684,1.3271819,2.7939677e-08
684,1.3271816,2.7939677e-08
684,1.3271813,2.7939677e-08
684,1.327181,2.7939677e-08
685,1.3271807,2.7939677e-08
685,1.3271804,2.7939677e-08
685,1.3271801,2.7939677e-08
685,1.3271798,2.7939677e-08
685,1.3271795,2.7939677e-08
685,1.3271792,2.7939677e-08
685,1.3271789,2.7939677e-08
685,1.3271786,2.7939677e-08
685,1.3271783,2.7939677e-08
685,1.327178,2.7939677e-08
685,1.3271777,2.7939677e-08
685,1.3271774,2.7939677e-08
685,1.3271771,2.7939677e-08
685,1.3271768,2.7939677e-08
685,1.3271765,2.7939677e-08
685,1.3271762,2.7939677e-08
685,1.3271759,2.7939677e-08
685,1.3271756,2.7939677e-08
685,1.3271753,2.7939677e-08
685,1.327175,2.7939677e-08
685,1.3271747,2.7939677e-08
685,1.3271744,2.7939677e-08
685,1.3271741,2.7939677e-08
686,1.3271738,2.7939677e-08
686,1.3271735,2.7939677e-08
686,1.3271732,2.7939677e-08
686,1.3271729,2.7939677e-08
686,1.3271726,2.7939677e-08
686,1.3271723,2.7939677e-08
686,1.327172,2.7939677e-08
686,1.3271717,2.7939677e-08
686,1.3271714,2.7939677e-08
686,1.3271711,2.7939677e-08
686,1.3271708,2.7939677e-08
686,1.3271705,2.7939677e-08
686,1.3271702,2.7939677e-08
686,1.3271699,2.7939677e-08
686,1.3271696,2.7939677e-08
686,1.3271693,2.7939677e-08
686,1.327169,2.7939677e-08
686,1.3271687,2.7939677e-08
686,1.3271684,2.7939677e-08
686,1.3271681,2.7939677e-08
686,1.3271678,2.7939677e-08
686,1.3271675,2.7939677e-08
687,1.3271672,2.7939677e-08
687,1.3271669,2.7939677e-08
687,1.3271666,2.7939677e-08
687,1.3271663,2.7939677e-08
687,1.327166,2.7939677e-08
687,1.3271657,2.7939677e-08
687,1.3271654,2.7939677e-08
687,1.3271651,2.7939677e-08
687,1.3271648,2.7939677e-08
687,1.3271645,2.7939677e-08
687,1.3271642,2.7939677e-08
687,1.3271639,2.7939677e-08
687,1.3271635,2.7939677e-08
687,1.3271632,2.7939677e-08
687,1.3271629,2.7939677e-08
687,1.3271626,2.7939677e-08
687,1.3271623,2.7939677e-08
687,1.327162,2.7939677e-08
687,1.3271617,2.7939677e-08
687,1.3271614,2.7939677e-08
687,1.3271611,2.7939677e-08
688,1.3271608,2.7939677e-08
688,1.3271605,2.7939677e-08
688,1.3271602,2.7939677e-08
688,1.3271599,2.7939677e-08
688,1.3271596,2.7939677e-08
688,1.3271593,2.7939677e-08
688,1.327159,2.7939677e-08
688,1.3271587,2.7939677e-08
688,1.3271584,2.7939677e-08
688,1.3271581,2.7939677e-08
688,1.3271578,2.7939677e-08
688,1.3271575,2.7939677e-08
688,1.3271572,2.7939677e-08
688,1.3271569,2.7939677e-08
688,1.3271566,2.7939677e-08
688,1.3271563,2.7939677e-08
688,1.327156,2.7939677e-08
688,1.3271557,2.7939677e-08
688,1.3271554,2.7939677e-08
688,1.3271551,2.7939677e-08
688,1.3271548,2.7939677e-08
688,1.3271544,2.7939677e-08
689,1.3271541,2.7939677e-08
689,1.3271538,2.7939677e-08
689,1.3271535,2.7939677e-08
689,1.3271532,2.7939677e-08
689,1.3271529,2.7939677e-08
689,1.3271526,2.7939677e-08
689,1.3271523,2.7939677e-08
689,1.327152,2.7939677e-08
689,1.3271517,2.7939677e-08
689,1.3271514,2.7939677e-08
689,1.3271511,2.7939677e-08
689,1.3271508,2.7939677e-08
689,1.3271505,2.7939677e-08
689,1.3271502,2.7939677e-08
689,1.3271499,2.9802322e-08
689,1.3271496,2.9802322e-08
689,1.3271493,2.9802322e-08
689,1.327149,2.9802322e-08
689,1.3271486,2.9802322e-08
689,1.3271483,2.9802322e-08
689,1.327148,2.9802322e-08
689,1.3271477,2.9802322e-08
690,1.3271474,2.9802322e-08
690,1.3271471,2.9802322e-08
690,1.3271468,2.9802322e-08
690,1.3271465,2.9802322e-08
690,1.3271462,2.9802322e-08
690,1.3271459,2.9802322e-08
690,1.3271456,2.9802322e-08
690,1.3271453,2.9802322e-08
690,1.327145,2.9802322e-08
690,1.3271447,2.9802322e-08
690,1.3271444,2.9802322e-08
690,1.3271441,2.9802322e-08
690,1.3271438,2.9802322e-08
690,1.3271434,2.9802322e-08
690,1.3271431,2.9802322e-08
690,1.3271428,2.9802322e-08
690,1.3271425,2.9802322e-08
690,1.3271422,2.9802322e-08
690,1.3271419,2.9802322e-08
690,1.3271416,2.9802322e-08
690,1.3271413,2.9802322e-08
690,1.327141,2.9802322e-08
691,1.3271407,2.9802322e-08
691,1.3271404,2.9802322e-08
691,1.3271401,2.9802322e-08
691,1.3271398,2.9802322e-08
691,1.3271395,2.9802322e-08
691,1.3271391,2.9802322e-08
691,1.3271388,2.9802322e-08
691,1.3271385,2.9802322e-08
691,1.3271382,2.9802322e-08
691,1.3271379,2.9802322e-08
691,1.3271376,2.9802322e-08
691,1.3271373,2.9802322e-08
691,1.327137,2.9802322e-08
691,1.3271367,2.9802322e-08
691,1.3271364,2.9802322e-08
691,1.3271361,2.9802322e-08
691,1.3271358,2.9802322e-08
691,1.3271354,2.9802322e-08
691,1.3271351,2.9802322e-08
691,1.3271348,2.9802322e-08
691,1.3271345,2.9802322e-08
691,1.3271342,2.9802322e-08
692,1.3271339,2.9802322e-08
692,1.3271336,2.9802322e-08
692,1.3271333,2.9802322e-08
692,1.327133,2.9802322e-08
692,1.3271327,2.9802322e-08
692,1.3271324,2.9802322e-08
692,1.3271321,2.9802322e-08
692,1.3271317,2.9802322e-08
692,1.3271314,2.9802322e-08
692,1.3271311,2.9802322e-08
692,1.3271308,2.9802322e-08
692,1.3271305,2.9802322e-08
692,1.3271302,2.9802322e-08
692,1.3271299,2.9802322e-08
692,1.3271296,2.9802322e-08
692,1.3271293,2.9802322e-08
692,1.327129,2.9802322e-08
692,1.3271286,3.1664968e-08
692,1.3271283,3.1664968e-08
692,1.327128,3.1664968e-08
692,1.3271277,3.1664968e-08
693,1.3271274,3.1664968e-08
693,1.3271271,3.1664968e-08
693,1.3271268,3.1664968e-08
693,1.3271265,3.1664968e-08
693,1.3271262,3.1664968e-08
693,1.3271259,3.1664968e-08
693,1.3271255,3.1664968e-08
693,1.3271252,3.1664968e-08
693,1.3271249,3.1664968e-08
693,1.3271246,3.1664968e-08
693,1.3271243,3.1664968e-08
693,1.327124,3.1664968e-08
693,1.3271237,3.1664968e-08
693,1.3271234,3.1664968e-08
693,1.3271231,3.1664968e-08
693,1.3271227,3.1664968e-08
693,1.3271224,3.1664968e-08
693,1.3271221,3.1664968e-08
693,1.3271218,3.1664968e-08
693,1.3271215,3.1664968e-08
693,1.3271212,3.1664968e-08
693,1.3271209,3.1664968e-08
694,1.3271206,3.1664968e-08
694,1.3271203,3.1664968e-08
694,1.3271199,3.1664968e-08
694,1.3271196,3.1664968e-08
694,1.3271193,3.1664968e-08
694,1.327119,3.1664968e-08
694,1.3271187,3.1664968e-08
694,1.3271184,3.1664968e-08
694,1.3271181,3.1664968e-08
694,1.3271178,3.1664968e-08
694,1.3271174,3.1664968e-08
694,1.3271171,3.1664968e-08
694,1.3271168,3.1664968e-08
694,1.3271165,3.1664968e-08
694,1.3271162,3.1664968e-08
694,1.3271159,3.1664968e-08
694,1.3271156,3.1664968e-08
694,1.3271153,3.1664968e-08
694,1.3271149,3.1664968e-08
694,1.3271146,3.1664968e-08
694,1.3271143,3.1664968e-08
695,1.327114,3.1664968e-08
695,1.3271137,3.1664968e-08
695,1.3271134,3.1664968e-08
695,1.3271131,3.1664968e-08
695,1.3271128,3.1664968e-08
695,1.3271124,3.1664968e-08
695,1.3271121,3.1664968e-08
695,1.3271118,3.1664968e-08
695,1.3271115,3.1664968e-08
695,1.3271112,3.1664968e-08
695,1.3271109,3.1664968e-08
695,1.3271106,3.1664968e-08
695,1.3271102,3.1664968e-08
695,1.3271099,3.1664968e-08
695,1.3271096,3.1664968e-08
695,1.3271093,3.1664968e-08
695,1.327109,3.3527613e-08
695,1.3271087,3.3527613e-08
695,1.3271084,3.3527613e-08
695,1.3271081,3.3527613e-08
695,1.3271077,3.3527613e-08
695,1.3271074,3.3527613e-08
696,1.3271071,3.3527613e-08
696,1.3271068,3.3527613e-08
696,1.3271065,3.3527613e-08
696,1.3271062,3.3527613e-08
696,1.3271059,3.3527613e-08
696,1.3271055,3.3527613e-08
696,1.3271052,3.3527613e-08
696,1.3271049,3.3527613e-08
696,1.3271046,3.3527613e-08
696,1.3271043,3.3527613e-08
696,1.327104,3.3527613e-08
696,1.3271036,3.3527613e-08
696,1.3271033,3.3527613e-08
696,1.327103,3.3527613e-08
696,1.3271027,3.3527613e-08
696,1.3271024,3.3527613e-08
696,1.3271021,3.3527613e-08
696,1.3271018,3.3527613e-08
696,1.3271014,3.3527613e-08
696,1.3271011,3.3527613e-08
696,1.3271008,3.3527613e-08
697,1.3271005,3.3527613e-08
697,1.3271002,3.3527613e-08
697,1.3270999,3.3527613e-08
697,1.3270995,3.3527613e-08
697,1.3270992,3.3527613e-08
697,1.3270989,3.3527613e-08
697,1.3270986,3.3527613e-08
697,1.3270983,3.3527613e-08
697,1.327098,3.3527613e-08
697,1.3270976,3.3527613e-08
697,1.3270973,3.3527613e-08
697,1.327097,3.3527613e-08
697,1.3270967,3.3527613e-08
697,1.3270964,3.3527613e-08
697,1.3270961,3.3527613e-08
697,1.3270957,3.3527613e-08
697,1.3270954,3.3527613e-08
697,1.3270951,3.3527613e-08
697,1.3270948,3.3527613e-08
697,1.3270945,3.3527613e-08
697,1.3270942,3.3527613e-08
698,1.3270938,3.3527613e-08
698,1.3270935,3.3527613e-08
698,1.3270932,3.3527613e-08
698,1.3270929,3.3527613e-08
698,1.3270926,3.3527613e-08
698,1.3270923,3.5390258e-08
698,1.3270919,3.5390258e-08
698,1.3270916,3.5390258e-08
698,1.3270913,3.5390258e-08
698,1.327091,3.5390258e-08
698,1.3270907,3.5390258e-08
698,1.3270903,3.5390258e-08
698,1.32709,3.5390258e-08
698,1.3270897,3.5390258e-08
698,1.3270894,3.5390258e-08
698,1.3270891,3.5390258e-08
698,1.3270888,3.5390258e-08
698,1.3270884,3.5390258e-08
698,1.3270881,3.5390258e-08
698,1.3270878,3.5390258e-08
698,1.3270875,3.5390258e-08
698,1.3270872,3.5390258e-08
699,1.3270868,3.5390258e-08
699,1.3270865,3.5390258e-08
699,1.3270862,3.5390258e-08
699,1.3270859,3.5390258e-08
699,1.3270856,3.5390258e-08
699,1.3270853,3.5390258e-08
699,1.3270849,3.5390258e-08
699,1.3270846,3.5390258e-08
699,1.3270843,3.5390258e-08
699,1.327084,3.5390258e-08
699,1.3270837,3.5390258e-08
699,1.3270833,3.5390258e-08
699,1.327083,3.5390258e-08
699,1.3270827,3.5390258e-08
699,1.3270824,3.5390258e-08
699,1.3270821,3.5390258e-08
699,1.3270817,3.5390258e-08
699,1.3270814,3.5390258e-08
699,1.3270811,3.5390258e-08
699,1.3270808,3.5390258e-08
699,1.3270805,3.5390258e-08
700,1.3270801,3.5390258e-08
700,1.3270798,3.5390258e-08
700,1.3270795,3.5390258e-08
700,1.3270792,3.5390258e-08
700,1.3270789,3.5390258e-08
700,1.3270785,3.5390258e-08
700,1.3270782,3.5390258e-08
700,1.3270779,3.7252903e-08
700,1.3270776,3.7252903e-08
700,1.3270773,3.7252903e-08
700,1.3270769,3.7252903e-08
700,1.3270766,3.7252903e-08
700,1.3270763,3.7252903e-08
700,1.327076,3.7252903e-08
700,1.3270756,3.7252903e-08
700,1.3270753,3.7252903e-08
700,1.327075,3.7252903e-08
700,1.3270747,3.7252903e-08
700,1.3270744,3.7252903e-08
700,1.327074,3.7252903e-08
700,1.3270737,3.7252903e-08
701,1.3270734,3.7252903e-08
701,1.3270731,3.7252903e-08
701,1.3270728,3.7252903e-08
701,1.3270724,3.7252903e-08
701,1.3270721,3.7252903e-08
701,1.3270718,3.7252903e-08
701,1.3270715,3.7252903e-08
701,1.3270711,3.7252903e-08
701,1.3270708,3.7252903e-08
701,1.3270705,3.7252903e-08
701,1.3270702,3.7252903e-08
701,1.3270699,3.7252903e-08
701,1.3270695,3.7252903e-08
701,1.3270692,3.7252903e-08
701,1.3270689,3.7252903e-08
701,1.3270686,3.7252903e-08
701,1.3270682,3.7252903e-08
701,1.3270679,3.7252903e-08
701,1.3270676,3.7252903e-08
701,1.3270673,3.7252903e-08
701,1.3270669,3.7252903e-08
702,1.3270666,3.7252903e-08
702,1.3270663,3.7252903e-08
702,1.327066,3.7252903e-08
702,1.3270657,3.7252903e-08
702,1.3270653,3.7252903e-08
702,1.327065,3.7252903e-08
702,1.3270647,3.7252903e-08
702,1.3270644,3.7252903e-08
702,1.327064,3.9115548e-08
702,1.3270637,3.9115548e-08
702,1.3270634,3.9115548e-08
702,1.3270631,3.9115548e-08
702,1.3270627,3.9115548e-08
702,1.3270624,3.9115548e-08
702,1.3270621,3.9115548e-08
702,1.3270618,3.9115548e-08
702,1.3270614,3.9115548e-08
702,1.3270611,3.9115548e-08
702,1.3270608,3.9115548e-08
702,1.3270605,3.9115548e-08
702,1.3270601,3.9115548e-08
703,1.3270598,3.9115548e-08
703,1.3270595,3.9115548e-08
703,1.3270592,3.9115548e-08
703,1.3270589,3.9115548e-08
703,1.3270585,3.9115548e-08
703,1.3270582,3.9115548e-08
703,1.3270579,3.9115548e-08
703,1.3270576,3.9115548e-08
703,1.3270572,3.9115548e-08
703,1.3270569,3.9115548e-08
703,1.3270566,3.9115548e-08
703,1.3270562,3.9115548e-08
703,1.3270559,3.9115548e-08
703,1.3270556,3.9115548e-08
703,1.3270553,3.9115548e-08
703,1.3270549,3.9115548e-08
703,1.3270546,3.9115548e-08
703,1.3270543,3.9115548e-08
703,1.327054,3.9115548e-08
703,1.3270536,3.9115548e-08
703,1.3270533,3.9115548e-08
704,1.327053,3.9115548e-08
704,1.3270527,3.9115548e-08
704,1.3270523,4.0978193e-08
704,1.327052,4.0978193e-08
704,1.3270517,4.0978193e-08
704,1.3270514,4.0978193e-08
704,1.327051,4.0978193e-08
704,1.3270507,4.0978193e-08
704,1.3270504,4.0978193e-08
704,1.3270501,4.0978193e-08
704,1.3270497,4.0978193e-08
704,1.3270494,4.0978193e-08
704,1.3270491,4.0978193e-08
704,1.3270487,4.0978193e-08
704,1.3270484,4.0978193e-08
704,1.3270481,4.0978193e-08
704,1.3270478,4.0978193e-08
704,1.3270474,4.0978193e-08
704,1.3270471,4.0978193e-08
704,1.3270468,4.0978193e-08
704,1.3270465,4.0978193e-08
705,1.3270461,4.0978193e-08
705,1.3270458,4.0978193e-08
705,1.3270455,4.0978193e-08
705,1.3270451,4.0978193e-08
705,1.3270448,4.0978193e-08
705,1.3270445,4.0978193e-08
705,1.3270442,4.0978193e-08
705,1.3270438,4.0978193e-08
705,1.3270435,4.0978193e-08
705,1.3270432,4.0978193e-08
705,1.3270428,4.0978193e-08
705,1.3270425,4.0978193e-08
705,1.3270422,4.0978193e-08
705,1.3270419,4.0978193e-08
705,1.3270415,4.0978193e-08
705,1.3270412,4.0978193e-08
705,1.3270409,4.2840838e-08
705,1.3270405,4.2840838e-08
705,1.3270402,4.2840838e-08
705,1.3270399,4.2840838e-08
705,1.3270396,4.2840838e-08
706,1.3270392,4.2840838e-08
706,1.3270389,4.2840838e-08
706,1.3270386,4.2840838e-08
706,1.3270382,4.2840838e-08
706,1.3270379,4.2840838e-08
706,1.3270376,4.2840838e-08
706,1.3270373,4.2840838e-08
706,1.3270369,4.2840838e-08
706,1.3270366,4.2840838e-08
706,1.3270363,4.2840838e-08
706,1.3270359,4.2840838e-08
706,1.3270356,4.2840838e-08
706,1.3270353,4.2840838e-08
706,1.327035,4.2840838e-08
706,1.3270346,4.2840838e-08
706,1.3270343,4.2840838e-08
706,1.327034,4.2840838e-08
706,1.3270336,4.2840838e-08
706,1.3270333,4.2840838e-08
706,1.327033,4.2840838e-08
706,1.3270326,4.2840838e-08
707,1.3270323,4.2840838e-08
707,1.327032,4.2840838e-08
707,1.3270316,4.2840838e-08
707,1.3270313,4.2840838e-08
707,1.327031,4.2840838e-08
707,1.3270307,4.2840838e-08
707,1.3270303,4.4703484e-08
707,1.32703,4.4703484e-08
707,1.3270297,4.4703484e-08
707,1.3270293,4.4703484e-08
707,1.327029,4.4703484e-08
707,1.3270287,4.4703484e-08
707,1.3270283,4.4703484e-08
707,1.327028,4.4703484e-08
707,1.3270277,4.4703484e-08
707,1.3270273,4.4703484e-08
707,1.327027,4.4703484e-08
707,1.3270267,4.4703484e-08
707,1.3270263,4.4703484e-08
707,1.327026,4.4703484e-08
708,1.3270257,4.4703484e-08
708,1.3270254,4.4703484e-08
708,1.327025,4.4703484e-08
708,1.3270247,4.4703484e-08
708,1.3270244,4.4703484e-08
708,1.327024,4.4703484e-08
708,1.3270237,4.4703484e-08
708,1.3270234,4.4703484e-08
708,1.327023,4.4703484e-08
708,1.3270227,4.4703484e-08
708,1.3270224,4.4703484e-08
708,1.327022,4.4703484e-08
708,1.3270217,4.4703484e-08
708,1.3270214,4.4703484e-08
708,1.327021,4.6566129e-08
708,1.3270207,4.6566129e-08
708,1.3270204,4.6566129e-08
708,1.32702,4.6566129e-08
708,1.3270197,4.6566129e-08
708,1.3270194,4.6566129e-08
708,1.327019,4.6566129e-08
709,1.3270187,4.6566129e-08
709,1.3270184,4.6566129e-08
709,1.327018,4.6566129e-08
709,1.3270177,4.6566129e-08
709,1.3270174,4.6566129e-08
709,1.327017,4.6566129e-08
709,1.3270167,4.6566129e-08
709,1.3270164,4.6566129e-08
709,1.327016,4.6566129e-08
709,1.3270157,4.6566129e-08
709,1.3270154,4.6566129e-08
709,1.327015,4.6566129e-08
709,1.3270147,4.6566129e-08
709,1.3270144,4.6566129e-08
709,1.327014,4.6566129e-08
709,1.3270137,4.6566129e-08
709,1.3270133,4.6566129e-08
709,1.327013,4.6566129e-08
709,1.3270127,4.6566129e-08
709,1.3270123,4.8428774e-08
709,1.327012,4.8428774e-08
710,1.3270117,4.8428774e-08
710,1.3270113,4.8428774e-08
710,1.327011,4.8428774e-08
710,1.3270107,4.8428774e-08
710,1.3270103,4.8428774e-08
710,1.32701,4.8428774e-08
710,1.3270097,4.8428774e-08
710,1.3270093,4.8428774e-08
710,1.327009,4.8428774e-08
710,1.3270087,4.8428774e-08
710,1.3270083,4.8428774e-08
710,1.327008,4.8428774e-08
710,1.3270076,4.8428774e-08
710,1.3270073,4.8428774e-08
710,1.327007,4.8428774e-08
710,1.3270066,4.8428774e-08
710,1.3270063,4.8428774e-08
710,1.327006,4.8428774e-08
710,1.3270056,4.8428774e-08
710,1.3270053,4.8428774e-08
711,1.327005,5.0291419e-08
711,1.3270046,5.0291419e-08
711,1.3270043,5.0291419e-08
711,1.3270039,5.0291419e-08
711,1.3270036,5.0291419e-08
711,1.3270033,5.0291419e-08
711,1.3270029,5.0291419e-08
711,1.3270026,5.0291419e-08
711,1.3270023,5.0291419e-08
711,1.3270019,5.0291419e-08
711,1.3270016,5.0291419e-08
711,1.3270013,5.0291419e-08
711,1.3270009,5.0291419e-08
711,1.3270006,5.0291419e-08
711,1.3270002,5.0291419e-08
711,1.3269999,5.0291419e-08
711,1.3269996,5.0291419e-08
711,1.3269992,5.0291419e-08
711,1.3269989,5.0291419e-08
711,1.3269985,5.0291419e-08
711,1.3269982,5.2154064e-08
712,1.3269979,5.2154064e-08
712,1.3269975,5.2154064e-08
712,1.3269972,5.2154064e-08
712,1.3269969,5.2154064e-08
712,1.3269965,5.2154064e-08
712,1.3269962,5.2154064e-08
712,1.3269958,5.2154064e-08
712,1.3269955,5.2154064e-08
712,1.3269952,5.2154064e-08
712,1.3269948,5.2154064e-08
712,1.3269945,5.2154064e-08
712,1.3269942,5.2154064e-08
712,1.3269938,5.2154064e-08
712,1.3269935,5.2154064e-08
712,1.3269931,5.2154064e-08
712,1.3269928,5.2154064e-08
712,1.3269925,5.2154064e-08
712,1.3269921,5.4016709e-08
712,1.3269918,5.4016709e-08
712,1.3269914,5.4016709e-08
713,1.3269911,5.4016709e-08
713,1.3269908,5.4016709e-08
713,1.3269904,5.4016709e-08
713,1.3269901,5.4016709e-08
713,1.3269897,5.4016709e-08
713,1.3269894,5.4016709e-08
713,1.3269891,5.4016709e-08
713,1.3269887,5.4016709e-08
713,1.3269884,5.4016709e-08
713,1.326988,5.4016709e-08
713,1.3269877,5.4016709e-08
713,1.3269874,5.4016709e-08
713,1.326987,5.4016709e-08
713,1.3269867,5.4016709e-08
713,1.3269863,5.5879354e-08
713,1.326986,5.5879354e-08
713,1.3269857,5.5879354e-08
713,1.3269853,5.5879354e-08
713,1.326985,5.5879354e-08
713,1.3269846,5.5879354e-08
714,1.3269843,5.5879354e-08
714,1.326984,5.5879354e-08
714,1.3269836,5.5879354e-08
714,1.3269833,5.5879354e-08
714,1.3269829,5.5879354e-08
714,1.3269826,5.5879354e-08
714,1.3269822,5.5879354e-08
714,1.3269819,5.5879354e-08
714,1.3269816,5.5879354e-08
714,1.3269812,5.5879354e-08
714,1.3269809,5.5879354e-08
714,1.3269805,5.7742e-08
714,1.3269802,5.7742e-08
714,1.3269799,5.7742e-08
714,1.3269795,5.7742e-08
714,1.3269792,5.7742e-08
714,1.3269788,5.7742e-08
714,1.3269785,5.7742e-08
714,1.3269781,5.7742e-08
714,1.3269778,5.7742e-08
714,1.3269775,5.7742e-08
715,1.3269771,5.7742e-08
715,1.3269768,5.7742e-08
715,1.3269764,5.7742e-08
715,1.3269761,5.7742e-08
715,1.3269757,5.7742e-08
715,1.3269754,5.9604645e-08
715,1.3269751,5.9604645e-08
715,1.3269747,5.9604645e-08
715,1.3269744,5.9604645e-08
715,1.326974,5.9604645e-08
715,1.3269737,5.9604645e-08
715,1.3269733,5.9604645e-08
715,1.326973,5.9604645e-08
715,1.3269727,5.9604645e-08
715,1.3269723,5.9604645e-08
715,1.326972,5.9604645e-08
715,1.3269716,5.9604645e-08
715,1.3269713,5.9604645e-08
715,1.3269709,5.9604645e-08
715,1.3269706,5.9604645e-08
716,1.3269702,6.146729e-08
716,1.3269699,6.146729e-08
716,1.3269696,6.146729e-08
716,1.3269692,6.146729e-08
716,1.3269689,6.146729e-08
716,1.3269685,6.146729e-08
716,1.3269682,6.146729e-08
716,1.3269678,6.146729e-08
716,1.3269675,6.146729e-08
716,1.3269671,6.146729e-08
716,1.3269668,6.146729e-08
716,1.3269665,6.146729e-08
716,1.3269661,6.146729e-08
716,1.3269658,6.146729e-08
716,1.3269654,6.3329935e-08
716,1.3269651,6.3329935e-08
716,1.3269647,6.3329935e-08
716,1.3269644,6.3329935e-08
716,1.326964,6.3329935e-08
716,1.3269637,6.3329935e-08
717,1.3269633,6.3329935e-08
717,1.326963,6.3329935e-08
717,1.3269627,6.3329935e-08
717,1.3269623,6.3329935e-08
717,1.326962,6.3329935e-08
717,1.3269616,6.3329935e-08
717,1.3269613,6.3329935e-08
717,1.3269609,6.3329935e-08
717,1.3269606,6.519258e-08
717,1.3269602,6.519258e-08
717,1.3269599,6.519258e-08
717,1.3269595,6.519258e-08
717,1.3269592,6.519258e-08
717,1.3269588,6.519258e-08
717,1.3269585,6.519258e-08
717,1.3269582,6.519258e-08
717,1.3269578,6.519258e-08
717,1.3269575,6.519258e-08
717,1.3269571,6.519258e-08
717,1.3269568,6.519258e-08
718,1.3269564,6.519258e-08
718,1.3269561,6.7055225e-08
718,1.3269557,6.7055225e-08
718,1.3269554,6.7055225e-08
718,1.326955,6.7055225e-08
718,1.3269547,6.7055225e-08
718,1.3269543,6.7055225e-08
718,1.326954,6.7055225e-08
718,1.3269536,6.7055225e-08
718,1.3269533,6.7055225e-08
718,1.3269529,6.7055225e-08
718,1.3269526,6.7055225e-08
718,1.3269522,6.7055225e-08
718,1.3269519,6.7055225e-08
718,1.3269516,6.8917871e-08
718,1.3269512,6.8917871e-08
718,1.3269509,6.8917871e-08
718,1.3269505,6.8917871e-08
718,1.3269502,6.8917871e-08
718,1.3269498,6.8917871e-08
719,1.3269495,6.8917871e-08
719,1.3269491,6.8917871e-08
719,1.3269488,6.8917871e-08
719,1.3269484,6.8917871e-08
719,1.3269481,6.8917871e-08
719,1.3269477,6.8917871e-08
719,1.3269474,6.8917871e-08
719,1.326947,7.0780516e-08
719,1.3269467,7.0780516e-08
719,1.3269463,7.0780516e-08
719,1.326946,7.0780516e-08
719,1.3269456,7.0780516e-08
719,1.3269453,7.0780516e-08
719,1.3269449,7.0780516e-08
719,1.3269446,7.0780516e-08
719,1.3269442,7.0780516e-08
719,1.3269439,7.0780516e-08
719,1.3269435,7.0780516e-08
719,1.3269432,7.0780516e-08
719,1.3269428,7.2643161e-08
720,1.3269425,7.2643161e-08
720,1.3269421,7.2643161e-08
720,1.3269418,7.2643161e-08
720,1.3269414,7.2643161e-08
720,1.3269411,7.2643161e-08
720,1.3269407,7.2643161e-08
720,1.3269404,7.2643161e-08
720,1.32694,7.2643161e-08
720,1.3269397,7.2643161e-08
720,1.3269393,7.2643161e-08
720,1.326939,7.2643161e-08
720,1.3269386,7.4505806e-08
720,1.3269383,7.4505806e-08
720,1.3269379,7.4505806e-08
720,1.3269376,7.4505806e-08
720,1.3269372,7.4505806e-08
720,1.3269369,7.4505806e-08
720,1.3269365,7.4505806e-08
720,1.3269362,7.4505806e-08
720,1.3269358,7.4505806e-08
721,1.3269354,7.4505806e-08
721,1.3269351,7.4505806e-08
721,1.3269347,7.4505806e-08
721,1.3269344,7.6368451e-08
721,1.326934,7.6368451e-08
721,1.3269337,7.6368451e-08
721,1.3269333,7.6368451e-08
721,1.326933,7.6368451e-08
721,1.3269326,7.6368451e-08
721,1.3269323,7.6368451e-08
721,1.3269319,7.6368451e-08
721,1.3269316,7.6368451e-08
721,1.3269312,7.6368451e-08
721,1.3269309,7.6368451e-08
721,1.3269305,7.6368451e-08
721,1.3269302,7.8231096e-08
721,1.3269298,7.8231096e-08
721,1.3269295,7.8231096e-08
721,1.3269291,7.8231096e-08
721,1.3269288,7.8231096e-08
722,1.3269284,7.8231096e-08
722,1.326928,7.8231096e-08
722,1.3269277,7.8231096e-08
722,1.3269273,7.8231096e-08
722,1.326927,7.8231096e-08
722,1.3269266,7.8231096e-08
722,1.3269263,8.0093741e-08
722,1.3269259,8.0093741e-08
722,1.3269256,8.0093741e-08
722,1.3269252,8.0093741e-08
722,1.3269249,8.0093741e-08
722,1.3269245,8.0093741e-08
722,1.3269242,8.0093741e-08
722,1.3269238,8.0093741e-08
722,1.3269234,8.0093741e-08
722,1.3269231,8.0093741e-08
722,1.3269227,8.0093741e-08
722,1.3269224,8.0093741e-08
722,1.326922,8.1956387e-08
722,1.3269217,8.1956387e-08
723,1.3269213,8.1956387e-08
723,1.326921,8.1956387e-08
723,1.3269206,8.1956387e-08
723,1.3269202,8.1956387e-08
723,1.3269199,8.1956387e-08
723,1.3269195,8.1956387e-08
723,1.3269192,8.1956387e-08
723,1.3269188,8.1956387e-08
723,1.3269185,8.3819032e-08
723,1.3269181,8.3819032e-08
723,1.3269178,8.3819032e-08
723,1.3269174,8.3819032e-08
723,1.3269171,8.3819032e-08
723,1.3269167,8.3819032e-08
723,1.3269163,8.3819032e-08
723,1.326916,8.3819032e-08
723,1.3269156,8.3819032e-08
723,1.3269153,8.3819032e-08
723,1.3269149,8.3819032e-08
723,1.3269146,8.5681677e-08
724,1.3269142,8.5681677e-08
724,1.3269138,8.5681677e-08
724,1.3269135,8.5681677e-08
724,1.3269131,8.5681677e-08
724,1.3269128,8.5681677e-08
724,1.3269124,8.5681677e-08
724,1.3269121,8.5681677e-08
724,1.3269117,8.5681677e-08
724,1.3269113,8.5681677e-08
724,1.326911,8.5681677e-08
724,1.3269106,8.7544322e-08
724,1.3269103,8.7544322e-08
724,1.3269099,8.7544322e-08
724,1.3269096,8.7544322e-08
724,1.3269092,8.7544322e-08
724,1.3269088,8.7544322e-08
724,1.3269085,8.7544322e-08
724,1.3269081,8.7544322e-08
724,1.3269078,8.7544322e-08
724,1.3269074,8.7544322e-08
725,1.3269071,8.9406967e-08
725,1.3269067,8.9406967e-08
725,1.3269063,8.9406967e-08
725,1.326906,8.9406967e-08
725,1.3269056,8.9406967e-08
725,1.3269053,8.9406967e-08
725,1.3269049,8.9406967e-08
725,1.3269045,8.9406967e-08
725,1.3269042,8.9406967e-08
725,1.3269038,8.9406967e-08
725,1.3269035,9.1269612e-08
725,1.3269031,9.1269612e-08
725,1.3269027,9.1269612e-08
725,1.3269024,9.1269612e-08
725,1.326902,9.1269612e-08
725,1.3269017,9.1269612e-08
725,1.3269013,9.1269612e-08
725,1.326901,9.1269612e-08
725,1.3269006,9.1269612e-08
726,1.3269002,9.3132257e-08
726,1.3268999,9.3132257e-08
726,1.3268995,9.3132257e-08
726,1.3268992,9.3132257e-08
726,1.3268988,9.3132257e-08
726,1.3268984,9.3132257e-08
726,1.3268981,9.3132257e-08
726,1.3268977,9.3132257e-08
726,1.3268974,9.3132257e-08
726,1.326897,9.4994903e-08
726,1.3268966,9.4994903e-08
726,1.3268963,9.4994903e-08
726,1.3268959,9.4994903e-08
726,1.3268956,9.4994903e-08
726,1.3268952,9.4994903e-08
726,1.3268948,9.4994903e-08
726,1.3268945,9.4994903e-08
726,1.3268941,9.6857548e-08
726,1.3268937,9.6857548e-08
726,1.3268934,9.6857548e-08
727,1.326893,9.6857548e-08
727,1.3268927,9.6857548e-08
727,1.3268923,9.6857548e-08
727,1.3268919,9.6857548e-08
727,1.3268916,9.8720193e-08
727,1.3268912,9.8720193e-08
727,1.3268909,9.8720193e-08
727,1.3268905,9.8720193e-08
727,1.3268901,9.8720193e-08
727,1.3268898,9.8720193e-08
727,1.3268894,9.8720193e-08
727,1.326889,1.0058284e-07
727,1.3268887,1.0058284e-07
727,1.3268883,1.0058284e-07
727,1.326888,1.0058284e-07
727,1.3268876,1.0058284e-07
727,1.3268872,1.0058284e-07
727,1.3268869,1.0058284e-07
727,1.3268865,1.0244548e-07
727,1.3268861,1.0244548e-07
728,1.3268858,1.0244548e-07
728,1.3268854,1.0244548e-07
728,1.3268851,1.0244548e-07
728,1.3268847,1.0244548e-07
728,1.3268843,1.0244548e-07
728,1.326884,1.0430813e-07
728,1.3268836,1.0430813e-07
728,1.3268832,1.0430813e-07
728,1.3268829,1.0430813e-07
728,1.3268825,1.0430813e-07
728,1.3268822,1.0430813e-07
728,1.3268818,1.0430813e-07
728,1.3268814,1.0430813e-07
728,1.3268811,1.0617077e-07
728,1.3268807,1.0617077e-07
728,1.3268803,1.0617077e-07
728,1.32688,1.0617077e-07
728,1.3268796,1.0617077e-07
728,1.3268792,1.0617077e-07
729,1.3268789,1.0617077e-07
729,1.3268785,1.0803342e-07
729,1.3268781,1.0803342e-07
729,1.3268778,1.0803342e-07
729,1.3268774,1.0803342e-07
729,1.326877,1.0803342e-07
729,1.3268767,1.0803342e-07
729,1.3268763,1.0989606e-07
729,1.326876,1.0989606e-07
729,1.3268756,1.0989606e-07
729,1.3268752,1.0989606e-07
729,1.3268749,1.0989606e-07
729,1.3268745,1.1175871e-07
729,1.3268741,1.1175871e-07
729,1.3268738,1.1175871e-07
729,1.3268734,1.1175871e-07
729,1.326873,1.1175871e-07
729,1.3268727,1.1362135e-07
729,1.3268723,1.1362135e-07
729,1.3268719,1.1362135e-07
730,1.3268716,1.1362135e-07
730,1.3268712,1.1362135e-07
730,1.3268708,1.1362135e-07
730,1.3268705,1.15484e-07
730,1.3268701,1.15484e-07
730,1.3268697,1.15484e-07
730,1.3268694,1.15484e-07
730,1.326869,1.15484e-07
730,1.3268686,1.1734664e-07
730,1.3268683,1.1734664e-07
730,1.3268679,1.1734664e-07
730,1.3268675,1.1734664e-07
730,1.3268672,1.1734664e-07
730,1.3268668,1.1734664e-07
730,1.3268664,1.1920929e-07
730,1.3268661,1.1920929e-07
730,1.3268657,1.1920929e-07
730,1.3268653,1.1920929e-07
730,1.326865,1.1920929e-07
731,1.3268646,1.2107193e-07
731,1.3268642,1.2107193e-07
731,1.3268639,1.2107193e-07
731,1.3268635,1.2107193e-07
731,1.3268631,1.2107193e-07
731,1.3268628,1.2107193e-07
731,1.3268624,1.2293458e-07
731,1.326862,1.2293458e-07
731,1.3268617,1.2293458e-07
731,1.3268613,1.2293458e-07
731,1.3268609,1.2293458e-07
731,1.3268606,1.2479722e-07
731,1.3268602,1.2479722e-07
731,1.3268598,1.2479722e-07
731,1.3268594,1.2479722e-07
731,1.3268591,1.2479722e-07
731,1.3268587,1.2479722e-07
731,1.3268583,1.2665987e-07
731,1.326858,1.2665987e-07
731,1.3268576,1.2665987e-07
732,1.3268572,1.2665987e-07
732,1.3268569,1.2665987e-07
732,1.3268565,1.2852252e-07
732,1.3268561,1.2852252e-07
732,1.3268558,1.2852252e-07
732,1.3268554,1.2852252e-07
732,1.326855,1.2852252e-07
732,1.3268546,1.2852252e-07
732,1.3268543,1.3038516e-07
732,1.3268539,1.3038516e-07
732,1.3268535,1.3038516e-07
732,1.3268532,1.3038516e-07
732,1.3268528,1.3038516e-07
732,1.3268524,1.3224781e-07
732,1.3268521,1.3224781e-07
732,1.3268517,1.3224781e-07
732,1.3268513,1.3224781e-07
732,1.3268509,1.3224781e-07
732,1.3268506,1.3224781e-07
733,1.3268502,1.3411045e-07
733,1.3268498,1.3411045e-07
733,1.3268495,1.3411045e-07
733,1.3268491,1.3411045e-07
733,1.3268487,1.3411045e-07
733,1.3268483,1.359731e-07
733,1.326848,1.359731e-07
733,1.3268476,1.359731e-07
733,1.3268472,1.359731e-07
733,1.3268469,1.359731e-07
733,1.3268465,1.3783574e-07
733,1.3268461,1.3783574e-07
733,1.3268457,1.3783574e-07
733,1.3268454,1.3783574e-07
733,1.326845,1.3783574e-07
733,1.3268446,1.3969839e-07
733,1.3268443,1.3969839e-07
733,1.3268439,1.3969839e-07
733,1.3268435,1.3969839e-07
734,1.3268431,1.3969839e-07
734,1.3268428,1.4156103e-07
734,1.3268424,1.4156103e-07
734,1.326842,1.4156103e-07
734,1.3268417,1.4156103e-07
734,1.3268413,1.4342368e-07
734,1.3268409,1.4342368e-07
734,1.3268405,1.4342368e-07
734,1.3268402,1.4342368e-07
734,1.3268398,1.4342368e-07
734,1.3268394,1.4342368e-07
734,1.326839,1.4342368e-07
734,1.3268387,1.4528632e-07
734,1.3268383,1.4528632e-07
734,1.3268379,1.4528632e-07
734,1.3268376,1.4528632e-07
734,1.3268372,1.4528632e-07
734,1.3268368,1.4528632e-07
734,1.3268364,1.4528632e-07
735,1.3268361,1.4528632e-07
735,1.3268357,1.4714897e-07
735,1.3268353,1.4714897e-07
735,1.3268349,1.4714897e-07
735,1.3268346,1.4714897e-07
735,1.3268342,1.4714897e-07
735,1.3268338,1.4714897e-07
735,1.3268334,1.4714897e-07
735,1.3268331,1.4714897e-07
735,1.3268327,1.4714897e-07
735,1.3268323,1.4901161e-07
735,1.3268319,1.4901161e-07
735,1.3268316,1.4901161e-07
735,1.3268312,1.4901161e-07
735,1.3268308,1.4901161e-07
735,1.3268304,1.4901161e-07
735,1.3268301,1.4901161e-07
735,1.3268297,1.4901161e-07
735,1.3268293,1.5087426e-07
735,1.3268289,1.5087426e-07
736,1.3268286,1.5087426e-07
736,1.3268282,1.5087426e-07
736,1.3268278,1.5087426e-07
736,1.3268274,1.5087426e-07
736,1.3268271,1.5087426e-07
736,1.3268267,1.5087426e-07
736,1.3268263,1.527369e-07
736,1.3268259,1.527369e-07
736,1.3268256,1.527369e-07
736,1.3268252,1.527369e-07
736,1.3268248,1.527369e-07
736,1.3268244,1.527369e-07
736,1.3268241,1.527369e-07
736,1.3268237,1.527369e-07
736,1.3268233,1.5459955e-07
736,1.3268229,1.5459955e-07
736,1.3268225,1.5459955e-07
736,1.3268222,1.5459955e-07
736,1.3268218,1.5459955e-07
737,1.3268214,1.5459955e-07
737,1.326821,1.5459955e-07
737,1.3268207,1.5459955e-07
737,1.3268203,1.5459955e-07
737,1.3268199,1.5459955e-07
737,1.3268195,1.5646219e-07
737,1.3268192,1.5646219e-07
737,1.3268188,1.5646219e-07
737,1.3268184,1.5646219e-07
737,1.326818,1.5646219e-07
737,1.3268176,1.5646219e-07
737,1.3268173,1.5646219e-07
737,1.3268169,1.5646219e-07
737,1.3268165,1.5646219e-07
737,1.3268161,1.5646219e-07
737,1.3268157,1.5832484e-07
737,1.3268154,1.5832484e-07
737,1.326815,1.5832484e-07
737,1.3268146,1.5832484e-07
738,1.3268142,1.5832484e-07
738,1.3268139,1.5832484e-07
738,1.3268135,1.5832484e-07
738,1.3268131,1.5832484e-07
738,1.3268127,1.5832484e-07
738,1.3268123,1.5832484e-07
738,1.326812,1.6018748e-07
738,1.3268116,1.6018748e-07
738,1.3268112,1.6018748e-07
738,1.3268108,1.6018748e-07
738,1.3268104,1.6018748e-07
738,1.3268101,1.6018748e-07
738,1.3268097,1.6018748e-07
738,1.3268093,1.6018748e-07
738,1.3268089,1.6018748e-07
738,1.3268085,1.6018748e-07
738,1.3268082,1.6018748e-07
738,1.3268078,1.6018748e-07
738,1.3268074,1.6205013e-07
739,1.326807,1.6205013e-07
739,1.3268066,1.6205013e-07
739,1.3268063,1.6205013e-07
739,1.3268059,1.6205013e-07
739,1.3268055,1.6205013e-07
739,1.3268051,1.6205013e-07
739,1.3268047,1.6205013e-07
739,1.3268044,1.6205013e-07
739,1.326804,1.6205013e-07
739,1.3268036,1.6205013e-07
739,1.3268032,1.6205013e-07
739,1.3268028,1.6205013e-07
739,1.3268025,1.6205013e-07
739,1.3268021,1.6205013e-07
739,1.3268017,1.6205013e-07
739,1.3268013,1.6205013e-07
739,1.3268009,1.6205013e-07
739,1.3268005,1.6205013e-07
739,1.3268002,1.6205013e-07
740,1.3267998,1.6205013e-07
740,1.3267994,1.6205013e-07
740,1.326799,1.6391277e-07
740,1.3267986,1.6391277e-07
740,1.3267983,1.6391277e-07
740,1.3267979,1.6391277e-07
740,1.3267975,1.6391277e-07
740,1.3267971,1.6391277e-07
740,1.3267967,1.6391277e-07
740,1.3267963,1.6391277e-07
740,1.326796,1.6391277e-07
740,1.3267956,1.6391277e-07
740,1.3267952,1.6391277e-07
740,1.3267948,1.6391277e-07
740,1.3267944,1.6391277e-07
740,1.326794,1.6391277e-07
740,1.3267937,1.6391277e-07
740,1.3267933,1.6391277e-07
740,1.3267929,1.6391277e-07
741,1.3267925,1.6391277e-07
741,1.3267921,1.6391277e-07
741,1.3267917,1.6391277e-07
741,1.3267914,1.6391277e-07
741,1.326791,1.6391277e-07
741,1.3267906,1.6391277e-07
741,1.3267902,1.6391277e-07
741,1.3267898,1.6391277e-07
741,1.3267894,1.6391277e-07
741,1.326789,1.6577542e-07
741,1.3267887,1.6577542e-07
741,1.3267883,1.6577542e-07
741,1.3267879,1.6577542e-07
741,1.3267875,1.6577542e-07
741,1.3267871,1.6577542e-07
741,1.3267867,1.6577542e-07
741,1.3267864,1.6577542e-07
741,1.326786,1.6577542e-07
741,1.3267856,1.6577542e-07
742,1.3267852,1.6577542e-07
742,1.3267848,1.6577542e-07
742,1.3267844,1.6577542e-07
742,1.326784,1.6577542e-07
742,1.3267837,1.6577542e-07
742,1.3267833,1.6577542e-07
742,1.3267829,1.6577542e-07
742,1.3267825,1.6577542e-07
742,1.3267821,1.6577542e-07
742,1.3267817,1.6577542e-07
742,1.3267813,1.6577542e-07
742,1.326781,1.6577542e-07
742,1.3267806,1.6577542e-07
742,1.3267802,1.6577542e-07
742,1.3267798,1.6577542e-07
742,1.3267794,1.6577542e-07
742,1.326779,1.6577542e-07
742,1.3267786,1.6577542e-07
743,1.3267782,1.6577542e-07
743,1.3267779,1.6577542e-07
743,1.3267775,1.6577542e-07
743,1.3267771,1.6577542e-07
743,1.3267767,1.6577542e-07
743,1.3267763,1.6577542e-07
743,1.3267759,1.6577542e-07
743,1.3267755,1.6577542e-07
743,1.3267751,1.6577542e-07
743,1.3267748,1.6577542e-07
743,1.3267744,1.6577542e-07
743,1.326774,1.6577542e-07
743,1.3267736,1.6577542e-07
743,1.3267732,1.6763806e-07
743,1.3267728,1.6763806e-07
743,1.3267724,1.6763806e-07
743,1.326772,1.6763806e-07
743,1.3267717,1.6763806e-07
743,1.3267713,1.6763806e-07
744,1.3267709,1.6763806e-07
744,1.3267705,1.6763806e-07
744,1.3267701,1.6763806e-07
744,1.3267697,1.6763806e-07
744,1.3267693,1.6763806e-07
744,1.3267689,1.6763806e-07
744,1.3267685,1.6763806e-07
744,1.3267682,1.6763806e-07
744,1.3267678,1.6763806e-07
744,1.3267674,1.6763806e-07
744,1.326767,1.6763806e-07
744,1.3267666,1.6763806e-07
744,1.3267662,1.6763806e-07
744,1.3267658,1.6763806e-07
744,1.3267654,1.6763806e-07
744,1.326765,1.6763806e-07
744,1.3267646,1.6763806e-07
744,1.3267643,1.6763806e-07
744,1.3267639,1.6763806e-07
745,1.3267635,1.6763806e-07
745,1.3267631,1.6763806e-07
745,1.3267627,1.6763806e-07
745,1.3267623,1.6763806e-07
745,1.3267619,1.6763806e-07
745,1.3267615,1.6763806e-07
745,1.3267611,1.6763806e-07
745,1.3267607,1.6763806e-07
745,1.3267603,1.6763806e-07
745,1.32676,1.6763806e-07
745,1.3267596,1.6763806e-07
745,1.3267592,1.6763806e-07
745,1.3267588,1.6763806e-07
745,1.3267584,1.6763806e-07
745,1.326758,1.6763806e-07
745,1.3267576,1.6763806e-07
745,1.3267572,1.6763806e-07
745,1.3267568,1.6763806e-07
746,1.3267564,1.6763806e-07
746,1.326756,1.6763806e-07
746,1.3267556,1.6763806e-07
746,1.3267553,1.6763806e-07
746,1.3267549,1.6763806e-07
746,1.3267545,1.6763806e-07
746,1.3267541,1.6763806e-07
746,1.3267537,1.6763806e-07
746,1.3267533,1.6763806e-07
746,1.3267529,1.6763806e-07
746,1.3267525,1.6763806e-07
746,1.3267521,1.6763806e-07
746,1.3267517,1.6763806e-07
746,1.3267513,1.6763806e-07
746,1.3267509,1.6763806e-07
746,1.3267505,1.6763806e-07
746,1.3267501,1.6763806e-07
746,1.3267497,1.6763806e-07
746,1.3267494,1.6763806e-07
747,1.326749,1.6763806e-07
747,1.3267486,1.6763806e-07
747,1.3267482,1.6763806e-07
747,1.3267478,1.6763806e-07
747,1.3267474,1.6763806e-07
747,1.326747,1.6763806e-07
747,1.3267466,1.6763806e-07
747,1.3267462,1.6763806e-07
747,1.3267458,1.6763806e-07
747,1.3267454,1.6763806e-07
747,1.326745,1.6763806e-07
747,1.3267446,1.6763806e-07
747,1.3267442,1.6763806e-07
747,1.3267438,1.6763806e-07
747,1.3267434,1.6763806e-07
747,1.326743,1.6763806e-07
747,1.3267426,1.6763806e-07
747,1.3267423,1.6763806e-07
747,1.3267419,1.6763806e-07
748,1.3267415,1.6763806e-07
748,1.3267411,1.6763806e-07
748,1.3267407,1.6763806e-07
748,1.3267403,1.6763806e-07
748,1.3267399,1.6763806e-07
748,1.3267395,1.6763806e-07
748,1.3267391,1.6763806e-07
748,1.3267387,1.6763806e-07
748,1.3267383,1.6763806e-07
748,1.3267379,1.6763806e-07
748,1.3267375,1.6763806e-07
748,1.3267371,1.6763806e-07
748,1.3267367,1.6763806e-07
748,1.3267363,1.6763806e-07
748,1.3267359,1.6763806e-07
748,1.3267355,1.6763806e-07
748,1.3267351,1.6763806e-07
748,1.3267347,1.6763806e-07
749,1.3267343,1.6763806e-07
749,1.3267339,1.6763806e-07
749,1.3267335,1.6763806e-07
749,1.3267331,1.6950071e-07
749,1.3267327,1.6950071e-07
749,1.3267323,1.6950071e-07
749,1.3267319,1.6950071e-07
749,1.3267315,1.6950071e-07
749,1.3267311,1.6950071e-07
749,1.3267307,1.6950071e-07
749,1.3267303,1.6950071e-07
749,1.32673,1.6950071e-07
749,1.3267296,1.6950071e-07
749,1.3267292,1.6950071e-07
749,1.3267288,1.6950071e-07
749,1.3267284,1.6950071e-07
749,1.326728,1.6950071e-07
749,1.3267276,1.6950071e-07
749,1.3267272,1.6950071e-07
750,1.3267268,1.6950071e-07
750,1.3267264,1.6950071e-07
750,1.326726,1.6950071e-07
750,1.3267256,1.6950071e-07
750,1.3267252,1.6950071e-07
750,1.3267248,1.6950071e-07
750,1.3267244,1.6950071e-07
750,1.326724,1.6950071e-07
750,1.3267236,1.6950071e-07
750,1.3267232,1.6950071e-07
750,1.3267228,1.6950071e-07
750,1.3267224,1.6950071e-07
750,1.326722,1.6950071e-07
750,1.3267216,1.6950071e-07
750,1.3267212,1.6950071e-07
750,1.3267208,1.6950071e-07
750,1.3267204,1.6950071e-07
750,1.32672,1.6950071e-07
751,1.3267196,1.6950071e-07
751,1.3267192,1.6950071e-07
751,1.3267188,1.6950071e-07
751,1.3267184,1.6950071e-07
751,1.326718,1.6950071e-07
751,1.3267176,1.6950071e-07
751,1.3267172,1.6950071e-07
751,1.3267168,1.6950071e-07
751,1.3267164,1.6950071e-07
751,1.326716,1.6950071e-07
751,1.3267156,1.6950071e-07
751,1.3267152,1.6950071e-07
751,1.3267147,1.6950071e-07
751,1.3267143,1.6950071e-07
751,1.3267139,1.6950071e-07
751,1.3267135,1.6950071e-07
751,1.3267131,1.6950071e-07
751,1.3267127,1.6950071e-07
752,1.3267123,1.6950071e-07
752,1.3267119,1.6950071e-07
752,1.3267115,1.6950071e-07
752,1.3267111,1.6950071e-07
752,1.3267107,1.6950071e-07
752,1.3267103,1.6950071e-07
752,1.3267099,1.6950071e-07
752,1.3267095,1.6950071e-07
752,1.3267091,1.7136335e-07
752,1.3267087,1.7136335e-07
752,1.3267083,1.7136335e-07
752,1.3267079,1.7136335e-07
752,1.3267075,1.7136335e-07
752,1.3267071,1.7136335e-07
752,1.3267067,1.7136335e-07
752,1.3267063,1.7136335e-07
752,1.3267059,1.7136335e-07
752,1.3267055,1.7136335e-07
752,1.3267051,1.7136335e-07
753,1.3267047,1.7136335e-07
753,1.3267043,1.7136335e-07
753,1.3267039,1.7136335e-07
753,1.3267035,1.7136335e-07
753,1.3267031,1.7136335e-07
753,1.3267027,1.7136335e-07
753,1.3267022,1.7136335e-07
753,1.3267018,1.7136335e-07
753,1.3267014,1.7136335e-07
753,1.326701,1.7136335e-07
753,1.3267006,1.7136335e-07
753,1.3267002,1.7136335e-07
753,1.3266998,1.7136335e-07
753,1.3266994,1.7136335e-07
753,1.326699,1.7136335e-07
753,1.3266986,1.7136335e-07
753,1.3266982,1.7136335e-07
753,1.3266978,1.7136335e-07
754,1.3266974,1.7136335e-07
754,1.326697,1.7136335e-07
754,1.3266966,1.7136335e-07
754,1.3266962,1.7136335e-07
754,1.3266958,1.7136335e-07
754,1.3266954,1.7136335e-07
754,1.3266949,1.7136335e-07
754,1.3266945,1.7136335e-07
754,1.3266941,1.7136335e-07
754,1.3266937,1.7136335e-07
754,1.3266933,1.7136335e-07
754,1.3266929,1.7136335e-07
754,1.3266925,1.7136335e-07
754,1.3266921,1.7136335e-07
754,1.3266917,1.7136335e-07
754,1.3266913,1.7136335e-07
754,1.3266909,1.7136335e-07
754,1.3266905,1.7136335e-07
755,1.3266901,1.7136335e-07
755,1.3266897,1.7136335e-07
755,1.3266892,1.7136335e-07
755,1.3266888,1.7136335e-07
755,1.3266884,1.7136335e-07
755,1.326688,1.7136335e-07
755,1.3266876,1.7136335e-07
755,1.3266872,1.7136335e-07
755,1.3266868,1.7136335e-07
755,1.3266864,1.7136335e-07
755,1.326686,1.7136335e-07
755,1.3266856,1.7136335e-07
755,1.3266852,1.7136335e-07
755,1.3266848,1.7136335e-07
755,1.3266843,1.7136335e-07
755,1.3266839,1.7136335e-07
755,1.3266835,1.7136335e-07
755,1.3266831,1.7136335e-07
756,1.3266827,1.7136335e-07
756,1.3266823,1.7136335e-07
756,1.3266819,1.7136335e-07
756,1.3266815,1.7136335e-07
756,1.3266811,1.7136335e-07
756,1.3266807,1.7136335e-07
756,1.3266803,1.7136335e-07
756,1.3266798,1.7136335e-07
756,1.3266794,1.7136335e-07
756,1.326679,1.7136335e-07
756,1.3266786,1.7136335e-07
756,1.3266782,1.7136335e-07
756,1.3266778,1.7136335e-07
756,1.3266774,1.7136335e-07
756,1.326677,1.7136335e-07
756,1.3266766,1.7136335e-07
756,1.3266762,1.7136335e-07
756,1.3266757,1.7136335e-07
757,1.3266753,1.7136335e-07
757,1.3266749,1.7136335e-07
757,1.3266745,1.7136335e-07
757,1.3266741,1.7136335e-07
757,1.3266737,1.7136335e-07
757,1.3266733,1.7136335e-07
757,1.3266729,1.7136335e-07
757,1.3266724,1.7136335e-07
757,1.326672,1.7136335e-07
757,1.3266716,1.7136335e-07
757,1.3266712,1.7136335e-07
757,1.3266708,1.7136335e-07
757,1.3266704,1.7136335e-07
757,1.32667,1.7136335e-07
757,1.3266696,1.7136335e-07
757,1.3266692,1.7136335e-07
757,1.3266687,1.7136335e-07
757,1.3266683,1.7136335e-07
757,1.3266679,1.7136335e-07
758,1.3266675,1.7136335e-07
758,1.3266671,1.7136335e-07
758,1.3266667,1.7136335e-07
758,1.3266663,1.7136335e-07
758,1.3266658,1.7136335e-07
758,1.3266654,1.7136335e-07
758,1.326665,1.7136335e-07
758,1.3266646,1.7136335e-07
758,1.3266642,1.7136335e-07
758,1.3266638,1.7136335e-07
758,1.3266634,1.7136335e-07
758,1.326663,1.7136335e-07
758,1.3266625,1.7136335e-07
758,1.3266621,1.7136335e-07
758,1.3266617,1.7136335e-07
758,1.3266613,1.7136335e-07
758,1.3266609,1.7136335e-07
758,1.3266605,1.7136335e-07
759,1.3266601,1.7136335e-07
759,1.3266596,1.7136335e-07
759,1.3266592,1.7136335e-07
759,1.3266588,1.7136335e-07
759,1.3266584,1.7136335e-07
759,1.326658,1.7136335e-07
759,1.3266576,1.7136335e-07
759,1.3266571,1.7136335e-07
759,1.3266567,1.7136335e-07
759,1.3266563,1.7136335e-07
759,1.3266559,1.7136335e-07
759,1.3266555,1.7136335e-07
759,1.3266551,1.7136335e-07
759,1.3266547,1.7136335e-07
759,1.3266542,1.7136335e-07
759,1.3266538,1.7136335e-07
759,1.3266534,1.7136335e-07
759,1.326653,1.7136335e-07
760,1.3266526,1.7136335e-07
760,1.3266522,1.7136335e-07
760,1.3266517,1.7136335e-07
760,1.3266513,1.7136335e-07
760,1.3266509,1.73226e-07
760,1.3266505,1.73226e-07
760,1.3266501,1.73226e-07
760,1.3266497,1.73226e-07
760,1.3266492,1.73226e-07
760,1.3266488,1.73226e-07
760,1.3266484,1.73226e-07
760,1.326648,1.73226e-07
760,1.3266476,1.73226e-07
760,1.3266472,1.73226e-07
760,1.3266467,1.73226e-07
760,1.3266463,1.73226e-07
760,1.3266459,1.73226e-07
761,1.3266455,1.73226e-07
761,1.3266451,1.73226e-07
761,1.3266446,1.73226e-07
761,1.3266442,1.73226e-07
761,1.3266438,1.73226e-07
761,1.3266434,1.73226e-07
761,1.326643,1.73226e-07
761,1.3266426,1.73226e-07
761,1.3266421,1.73226e-07
761,1.3266417,1.73226e-07
761,1.3266413,1.73226e-07
761,1.3266409,1.73226e-07
761,1.3266405,1.73226e-07
761,1.32664,1.73226e-07
761,1.3266396,1.73226e-07
761,1.3266392,1.73226e-07
761,1.3266388,1.73226e-07
761,1.3266384,1.73226e-07
762,1.3266379,1.73226e-07
762,1.3266375,1.73226e-07
762,1.3266371,1.73226e-07
762,1.3266367,1.73226e-07
762,1.3266363,1.73226e-07
762,1.3266358,1.73226e-07
762,1.3266354,1.73226e-07
762,1.326635,1.73226e-07
762,1.3266346,1.73226e-07
762,1.3266342,1.73226e-07
762,1.3266337,1.73226e-07
762,1.3266333,1.73226e-07
762,1.3266329,1.73226e-07
762,1.3266325,1.73226e-07
762,1.3266321,1.73226e-07
762,1.3266316,1.73226e-07
762,1.3266312,1.73226e-07
762,1.3266308,1.73226e-07
763,1.3266304,1.73226e-07
763,1.3266299,1.73226e-07
763,1.3266295,1.73226e-07
763,1.3266291,1.73226e-07
763,1.3266287,1.73226e-07
763,1.3266283,1.73226e-07
763,1.3266278,1.73226e-07
763,1.3266274,1.73226e-07
763,1.326627,1.73226e-07
763,1.3266266,1.73226e-07
763,1.3266261,1.73226e-07
763,1.3266257,1.73226e-07
763,1.3266253,1.73226e-07
763,1.3266249,1.73226e-07
763,1.3266245,1.73226e-07
763,1.326624,1.73226e-07
763,1.3266236,1.73226e-07
763,1.3266232,1.73226e-07
764,1.3266228,1.73226e-07
764,1.3266223,1.73226e-07
764,1.3266219,1.73226e-07
764,1.3266215,1.73226e-07
764,1.3266211,1.73226e-07
764,1.3266206,1.73226e-07
764,1.3266202,1.73226e-07
764,1.3266198,1.73226e-07
764,1.3266194,1.73226e-07
764,1.3266189,1.73226e-07
764,1.3266185,1.73226e-07
764,1.3266181,1.73226e-07
764,1.3266177,1.73226e-07
764,1.3266172,1.73226e-07
764,1.3266168,1.73226e-07
764,1.3266164,1.73226e-07
764,1.326616,1.73226e-07
764,1.3266155,1.73226e-07
765,1.3266151,1.73226e-07
765,1.3266147,1.73226e-07
765,1.3266143,1.73226e-07
765,1.3266138,1.73226e-07
765,1.3266134,1.73226e-07
765,1.326613,1.73226e-07
765,1.3266126,1.73226e-07
765,1.3266121,1.73226e-07
765,1.3266117,1.73226e-07
765,1.3266113,1.73226e-07
765,1.3266109,1.73226e-07
765,1.3266104,1.73226e-07
765,1.32661,1.73226e-07
765,1.3266096,1.73226e-07
765,1.3266092,1.73226e-07
765,1.3266087,1.73226e-07
765,1.3266083,1.73226e-07
766,1.3266079,1.73226e-07
766,1.3266075,1.73226e-07
766,1.326607,1.73226e-07
766,1.3266066,1.73226e-07
766,1.3266062,1.73226e-07
766,1.3266057,1.73226e-07
766,1.3266053,1.73226e-07
766,1.3266049,1.73226e-07
766,1.3266045,1.73226e-07
766,1.326604,1.73226e-07
766,1.3266036,1.73226e-07
766,1.3266032,1.73226e-07
766,1.3266027,1.7136335e-07
766,1.3266023,1.7136335e-07
766,1.3266019,1.7136335e-07
766,1.3266015,1.7136335e-07
766,1.326601,1.7136335e-07
766,1.3266006,1.7136335e-07
767,1.3266002,1.7136335e-07
767,1.3265997,1.7136335e-07
767,1.3265993,1.7136335e-07
767,1.3265989,1.7136335e-07
767,1.3265985,1.7136335e-07
767,1.326598,1.7136335e-07
767,1.3265976,1.7136335e-07
767,1.3265972,1.7136335e-07
767,1.3265967,1.7136335e-07
767,1.3265963,1.7136335e-07
767,1.3265959,1.7136335e-07
767,1.3265955,1.7136335e-07
767,1.326595,1.7136335e-07
767,1.3265946,1.7136335e-07
767,1.3265942,1.7136335e-07
767,1.3265937,1.7136335e-07
767,1.3265933,1.7136335e-07
767,1.3265929,1.7136335e-07
768,1.3265924,1.7136335e-07
768,1.326592,1.7136335e-07
768,1.3265916,1.7136335e-07
768,1.3265911,1.7136335e-07
768,1.3265907,1.7136335e-07
768,1.3265903,1.7136335e-07
768,1.3265899,1.7136335e-07
768,1.3265894,1.7136335e-07
768,1.326589,1.7136335e-07
768,1.3265886,1.7136335e-07
768,1.3265881,1.7136335e-07
768,1.3265877,1.7136335e-07
768,1.3265873,1.7136335e-07
768,1.3265868,1.7136335e-07
768,1.3265864,1.7136335e-07
768,1.326586,1.7136335e-07
768,1.3265855,1.7136335e-07
769,1.3265851,1.7136335e-07
769,1.3265847,1.7136335e-07
769,1.3265842,1.7136335e-07
769,1.3265838,1.7136335e-07
769,1.3265834,1.7136335e-07
769,1.3265829,1.7136335e-07
769,1.3265825,1.7136335e-07
769,1.3265821,1.7136335e-07
769,1.3265816,1.7136335e-07
769,1.3265812,1.7136335e-07
769,1.3265808,1.7136335e-07
769,1.3265803,1.7136335e-07
769,1.3265799,1.7136335e-07
769,1.3265795,1.7136335e-07
769,1.326579,1.7136335e-07
769,1.3265786,1.7136335e-07
769,1.3265782,1.7136335e-07
769,1.3265777,1.7136335e-07
770,1.3265773,1.7136335e-07
770,1.3265769,1.7136335e-07
770,1.3265764,1.7136335e-07
770,1.326576,1.7136335e-07
770,1.3265756,1.7136335e-07
770,1.3265751,1.7136335e-07
770,1.3265747,1.7136335e-07
770,1.3265743,1.7136335e-07
770,1.3265738,1.7136335e-07
770,1.3265734,1.7136335e-07
770,1.326573,1.7136335e-07
770,1.3265725,1.7136335e-07
770,1.3265721,1.7136335e-07
770,1.3265716,1.7136335e-07
770,1.3265712,1.7136335e-07
770,1.3265708,1.7136335e-07
770,1.3265703,1.7136335e-07
771,1.3265699,1.7136335e-07
771,1.3265695,1.7136335e-07
771,1.326569,1.7136335e-07
771,1.3265686,1.7136335e-07
771,1.3265682,1.7136335e-07
771,1.3265677,1.7136335e-07
771,1.3265673,1.7136335e-07
771,1.3265669,1.7136335e-07
771,1.3265664,1.7136335e-07
771,1.326566,1.7136335e-07
771,1.3265655,1.7136335e-07
771,1.3265651,1.7136335e-07
771,1.3265647,1.7136335e-07
771,1.3265642,1.7136335e-07
771,1.3265638,1.7136335e-07
771,1.3265634,1.7136335e-07
771,1.3265629,1.7136335e-07
771,1.3265625,1.7136335e-07
772,1.326562,1.7136335e-07
772,1.3265616,1.7136335e-07
772,1.3265612,1.7136335e-07
772,1.3265607,1.7136335e-07
772,1.3265603,1.7136335e-07
772,1.3265599,1.7136335e-07
772,1.3265594,1.6950071e-07
772,1.326559,1.6950071e-07
772,1.3265585,1.6950071e-07
772,1.3265581,1.6950071e-07
772,1.3265577,1.6950071e-07
772,1.3265572,1.6950071e-07
772,1.3265568,1.6950071e-07
772,1.3265563,1.6950071e-07
772,1.3265559,1.6950071e-07
772,1.3265555,1.6950071e-07
772,1.326555,1.6950071e-07
773,1.3265546,1.6950071e-07
773,1.3265541,1.6950071e-07
773,1.3265537,1.6950071e-07
773,1.3265533,1.6950071e-07
773,1.3265528,1.6950071e-07
773,1.3265524,1.6950071e-07
773,1.3265519,1.6950071e-07
773,1.3265515,1.6950071e-07
773,1.3265511,1.6950071e-07
773,1.3265506,1.6950071e-07
773,1.3265502,1.6950071e-07
773,1.3265497,1.6950071e-07
773,1.3265493,1.6950071e-07
773,1.3265489,1.6950071e-07
773,1.3265484,1.6950071e-07
773,1.326548,1.6950071e-07
773,1.3265475,1.6950071e-07
774,1.3265471,1.6950071e-07
774,1.3265466,1.6950071e-07
774,1.3265462,1.6950071e-07
774,1.3265458,1.6950071e-07
774,1.3265453,1.6950071e-07
774,1.3265449,1.6950071e-07
774,1.3265444,1.6950071e-07
774,1.326544,1.6950071e-07
774,1.3265436,1.6950071e-07
774,1.3265431,1.6950071e-07
774,1.3265427,1.6950071e-07
774,1.3265422,1.6950071e-07
774,1.3265418,1.6950071e-07
774,1.3265413,1.6950071e-07
774,1.3265409,1.6950071e-07
774,1.3265405,1.6950071e-07
774,1.32654,1.6950071e-07
774,1.3265396,1.6950071e-07
775,1.3265391,1.6950071e-07
775,1.3265387,1.6950071e-07
775,1.3265382,1.6950071e-07
775,1.3265378,1.6950071e-07
775,1.3265373,1.6950071e-07
775,1.3265369,1.6950071e-07
775,1.3265365,1.6950071e-07
775,1.326536,1.6950071e-07
775,1.3265356,1.6950071e-07
775,1.3265351,1.6950071e-07
775,1.3265347,1.6950071e-07
775,1.3265342,1.6950071e-07
775,1.3265338,1.6950071e-07
775,1.3265333,1.6950071e-07
775,1.3265329,1.6950071e-07
775,1.3265325,1.6950071e-07
775,1.326532,1.6950071e-07
776,1.3265316,1.6950071e-07
776,1.3265311,1.6950071e-07
776,1.3265307,1.6950071e-07
776,1.3265302,1.6950071e-07
776,1.3265298,1.6950071e-07
776,1.3265293,1.6950071e-07
776,1.3265289,1.6950071e-07
776,1.3265284,1.6950071e-07
776,1.326528,1.6950071e-07
776,1.3265276,1.6950071e-07
776,1.3265271,1.6950071e-07
776,1.3265267,1.6950071e-07
776,1.3265262,1.6950071e-07
776,1.3265258,1.6950071e-07
776,1.3265253,1.6950071e-07
776,1.3265249,1.6950071e-07
776,1.3265244,1.6950071e-07
777,1.326524,1.6950071e-07
777,1.3265235,1.6950071e-07
777,1.3265231,1.6763806e-07
777,1.3265226,1.6763806e-07
777,1.3265222,1.6763806e-07
777,1.3265217,1.6763806e-07
777,1.3265213,1.6763806e-07
777,1.3265208,1.6763806e-07
777,1.3265204,1.6763806e-07
777,1.32652,1.6763806e-07
777,1.3265195,1.6763806e-07
777,1.3265191,1.6763806e-07
777,1.3265186,1.6763806e-07
777,1.3265182,1.6763806e-07
777,1.3265177,1.6763806e-07
777,1.3265173,1.6763806e-07
777,1.3265168,1.6763806e-07
778,1.3265164,1.6763806e-07
778,1.3265159,1.6763806e-07
778,1.3265155,1.6763806e-07
778,1.326515,1.6763806e-07
778,1.3265146,1.6763806e-07
778,1.3265141,1.6763806e-07
778,1.3265137,1.6763806e-07
778,1.3265132,1.6763806e-07
778,1.3265128,1.6763806e-07
778,1.3265123,1.6763806e-07
778,1.3265119,1.6763806e-07
778,1.3265114,1.6763806e-07
778,1.326511,1.6763806e-07
778,1.3265105,1.6763806e-07
778,1.3265101,1.6763806e-07
778,1.3265096,1.6763806e-07
778,1.3265092,1.6763806e-07
779,1.3265087,1.6763806e-07
779,1.3265083,1.6763806e-07
779,1.3265078,1.6763806e-07
779,1.3265074,1.6763806e-07
779,1.3265069,1.6577542e-07
779,1.3265065,1.6577542e-07
779,1.326506,1.6577542e-07
779,1.3265056,1.6577542e-07
779,1.3265051,1.6577542e-07
779,1.3265047,1.6577542e-07
779,1.3265042,1.6577542e-07
779,1.3265038,1.6577542e-07
779,1.3265033,1.6577542e-07
779,1.3265028,1.6577542e-07
779,1.3265024,1.6577542e-07
779,1.3265019,1.6577542e-07
779,1.3265015,1.6577542e-07
780,1.326501,1.6577542e-07
780,1.3265006,1.6577542e-07
780,1.3265001,1.6577542e-07
780,1.3264997,1.6577542e-07
780,1.3264992,1.6577542e-07
780,1.3264988,1.6577542e-07
780,1.3264983,1.6577542e-07
780,1.3264979,1.6577542e-07
780,1.3264974,1.6577542e-07
780,1.326497,1.6577542e-07
780,1.3264965,1.6577542e-07
780,1.3264961,1.6577542e-07
780,1.3264956,1.6577542e-07
780,1.3264951,1.6577542e-07
780,1.3264947,1.6577542e-07
780,1.3264942,1.6391277e-07
780,1.3264938,1.6391277e-07
781,1.3264933,1.6391277e-07
781,1.3264929,1.6391277e-07
781,1.3264924,1.6391277e-07
781,1.326492,1.6391277e-07
781,1.3264915,1.6391277e-07
781,1.326491,1.6391277e-07
781,1.3264906,1.6391277e-07
781,1.3264901,1.6391277e-07
781,1.3264897,1.6391277e-07
781,1.3264892,1.6391277e-07
781,1.3264888,1.6391277e-07
781,1.3264883,1.6391277e-07
781,1.3264879,1.6391277e-07
781,1.3264874,1.6391277e-07
781,1.3264869,1.6391277e-07
781,1.3264865,1.6391277e-07
781,1.326486,1.6391277e-07
782,1.3264856,1.6391277e-07
782,1.3264851,1.6391277e-07
782,1.3264847,1.6391277e-07
782,1.3264842,1.6391277e-07
782,1.3264838,1.6391277e-07
782,1.3264833,1.6391277e-07
782,1.3264828,1.6391277e-07
782,1.3264824,1.6391277e-07
782,1.3264819,1.6391277e-07
782,1.3264815,1.6391277e-07
782,1.326481,1.6391277e-07
782,1.3264806,1.6205013e-07
782,1.3264801,1.6205013e-07
782,1.3264796,1.6205013e-07
782,1.3264792,1.6205013e-07
782,1.3264787,1.6205013e-07
782,1.3264783,1.6205013e-07
783,1.3264778,1.6205013e-07
783,1.3264773,1.6205013e-07
783,1.3264769,1.6205013e-07
783,1.3264764,1.6205013e-07
783,1.326476,1.6205013e-07
783,1.3264755,1.6205013e-07
783,1.3264751,1.6205013e-07
783,1.3264746,1.6205013e-07
783,1.3264741,1.6205013e-07
783,1.3264737,1.6205013e-07
783,1.3264732,1.6205013e-07
783,1.3264728,1.6205013e-07
783,1.3264723,1.6205013e-07
783,1.3264718,1.6205013e-07
783,1.3264714,1.6205013e-07
783,1.3264709,1.6205013e-07
783,1.3264705,1.6205013e-07
784,1.32647,1.6205013e-07
784,1.3264695,1.6205013e-07
784,1.3264691,1.6205013e-07
784,1.3264686,1.6205013e-07
784,1.3264682,1.6205013e-07
784,1.3264677,1.6205013e-07
784,1.3264672,1.6205013e-07
784,1.3264668,1.6205013e-07
784,1.3264663,1.6205013e-07
784,1.3264658,1.6205013e-07
784,1.3264654,1.6205013e-07
784,1.3264649,1.6205013e-07
784,1.3264645,1.6205013e-07
784,1.326464,1.6205013e-07
784,1.3264635,1.6205013e-07
784,1.3264631,1.6018748e-07
784,1.3264626,1.6018748e-07
785,1.3264622,1.6018748e-07
785,1.3264617,1.6018748e-07
785,1.3264612,1.6018748e-07
785,1.3264608,1.6018748e-07
785,1.3264603,1.6018748e-07
785,1.3264598,1.6018748e-07
785,1.3264594,1.6018748e-07
785,1.3264589,1.6018748e-07
785,1.3264585,1.6018748e-07
785,1.326458,1.6018748e-07
785,1.3264575,1.6018748e-07
785,1.3264571,1.6018748e-07
785,1.3264566,1.6018748e-07
785,1.3264561,1.6018748e-07
785,1.3264557,1.6018748e-07
785,1.3264552,1.6018748e-07
785,1.3264547,1.6018748e-07
786,1.3264543,1.6018748e-07
786,1.3264538,1.5832484e-07
786,1.3264534,1.5832484e-07
786,1.3264529,1.5832484e-07
786,1.3264524,1.5832484e-07
786,1.326452,1.5832484e-07
786,1.3264515,1.5832484e-07
786,1.326451,1.5832484e-07
786,1.3264506,1.5832484e-07
786,1.3264501,1.5832484e-07
786,1.3264496,1.5832484e-07
786,1.3264492,1.5832484e-07
786,1.3264487,1.5832484e-07
786,1.3264482,1.5832484e-07
786,1.3264478,1.5832484e-07
786,1.3264473,1.5832484e-07
786,1.3264468,1.5832484e-07
787,1.3264464,1.5832484e-07
787,1.3264459,1.5832484e-07
787,1.3264454,1.5832484e-07
787,1.326445,1.5646219e-07
787,1.3264445,1.5646219e-07
787,1.326444,1.5646219e-07
787,1.3264436,1.5646219e-07
787,1.3264431,1.5646219e-07
787,1.3264426,1.5646219e-07
787,1.3264422,1.5646219e-07
787,1.3264417,1.5646219e-07
787,1.3264412,1.5646219e-07
787,1.3264408,1.5646219e-07
787,1.3264403,1.5646219e-07
787,1.3264398,1.5646219e-07
787,1.3264394,1.5646219e-07
788,1.3264389,1.5646219e-07
788,1.3264384,1.5646219e-07
788,1.326438,1.5646219e-07
788,1.3264375,1.5646219e-07
788,1.326437,1.5646219e-07
788,1.3264366,1.5646219e-07
788,1.3264361,1.5646219e-07
788,1.3264356,1.5646219e-07
788,1.3264352,1.5646219e-07
788,1.3264347,1.5646219e-07
788,1.3264342,1.5646219e-07
788,1.3264337,1.5646219e-07
788,1.3264333,1.5646219e-07
788,1.3264328,1.5646219e-07
788,1.3264323,1.5646219e-07
788,1.3264319,1.5646219e-07
788,1.3264314,1.5646219e-07
789,1.3264309,1.5646219e-07
789,1.3264305,1.5459955e-07
789,1.32643,1.5459955e-07
789,1.3264295,1.5459955e-07
789,1.326429,1.5459955e-07
789,1.3264286,1.5459955e-07
789,1.3264281,1.5459955e-07
789,1.3264276,1.5459955e-07
789,1.3264272,1.5459955e-07
789,1.3264267,1.5459955e-07
789,1.3264262,1.5459955e-07
789,1.3264257,1.5459955e-07
789,1.3264253,1.5459955e-07
789,1.3264248,1.5459955e-07
789,1.3264243,1.5459955e-07
789,1.3264239,1.5459955e-07
789,1.3264234,1.5459955e-07
790,1.3264229,1.5459955e-07
790,1.3264224,1.5459955e-07
790,1.326422,1.5459955e-07
790,1.3264215,1.5459955e-07
790,1.326421,1.527369e-07
790,1.3264206,1.527369e-07
790,1.3264201,1.527369e-07
790,1.3264196,1.527369e-07
790,1.3264191,1.527369e-07
790,1.3264187,1.527369e-07
790,1.3264182,1.527369e-07
790,1.3264177,1.527369e-07
790,1.3264172,1.527369e-07
790,1.3264168,1.527369e-07
790,1.3264163,1.527369e-07
790,1.3264158,1.527369e-07
791,1.3264154,1.527369e-07
791,1.3264149,1.527369e-07
791,1.3264144,1.527369e-07
791,1.3264139,1.527369e-07
791,1.3264135,1.527369e-07
791,1.326413,1.527369e-07
791,1.3264125,1.527369e-07
791,1.326412,1.527369e-07
791,1.3264116,1.527369e-07
791,1.3264111,1.527369e-07
791,1.3264106,1.527369e-07
791,1.3264101,1.527369e-07
791,1.3264097,1.527369e-07
791,1.3264092,1.527369e-07
791,1.3264087,1.527369e-07
791,1.3264082,1.527369e-07
791,1.3264078,1.527369e-07
792,1.3264073,1.5087426e-07
792,1.3264068,1.5087426e-07
792,1.3264063,1.5087426e-07
792,1.3264059,1.5087426e-07
792,1.3264054,1.5087426e-07
792,1.3264049,1.5087426e-07
792,1.3264044,1.5087426e-07
792,1.326404,1.5087426e-07
792,1.3264035,1.5087426e-07
792,1.326403,1.5087426e-07
792,1.3264025,1.5087426e-07
792,1.326402,1.5087426e-07
792,1.3264016,1.5087426e-07
792,1.3264011,1.5087426e-07
792,1.3264006,1.5087426e-07
792,1.3264001,1.5087426e-07
793,1.3263997,1.5087426e-07
793,1.3263992,1.5087426e-07
793,1.3263987,1.4901161e-07
793,1.3263982,1.4901161e-07
793,1.3263977,1.4901161e-07
793,1.3263973,1.4901161e-07
793,1.3263968,1.4901161e-07
793,1.3263963,1.4901161e-07
793,1.3263958,1.4901161e-07
793,1.3263954,1.4901161e-07
793,1.3263949,1.4901161e-07
793,1.3263944,1.4901161e-07
793,1.3263939,1.4901161e-07
793,1.3263934,1.4901161e-07
793,1.326393,1.4901161e-07
793,1.3263925,1.4901161e-07
793,1.326392,1.4901161e-07
794,1.3263915,1.4901161e-07
794,1.326391,1.4901161e-07
794,1.3263906,1.4901161e-07
794,1.3263901,1.4901161e-07
794,1.3263896,1.4901161e-07
794,1.3263891,1.4901161e-07
794,1.3263886,1.4901161e-07
794,1.3263882,1.4901161e-07
794,1.3263877,1.4901161e-07
794,1.3263872,1.4901161e-07
794,1.3263867,1.4901161e-07
794,1.3263862,1.4901161e-07
794,1.3263858,1.4901161e-07
794,1.3263853,1.4901161e-07
794,1.3263848,1.4901161e-07
794,1.3263843,1.4714897e-07
795,1.3263838,1.4714897e-07
795,1.3263833,1.4714897e-07
795,1.3263829,1.4714897e-07
795,1.3263824,1.4714897e-07
795,1.3263819,1.4714897e-07
795,1.3263814,1.4714897e-07
795,1.3263809,1.4714897e-07
795,1.3263805,1.4714897e-07
795,1.32638,1.4714897e-07
795,1.3263795,1.4714897e-07
795,1.326379,1.4714897e-07
795,1.3263785,1.4714897e-07
795,1.326378,1.4714897e-07
795,1.3263776,1.4714897e-07
795,1.3263771,1.4714897e-07
795,1.3263766,1.4714897e-07
795,1.3263761,1.4714897e-07
796,1.3263756,1.4714897e-07
796,1.3263751,1.4714897e-07
796,1.3263747,1.4714897e-07
796,1.3263742,1.4714897e-07
796,1.3263737,1.4714897e-07
796,1.3263732,1.4714897e-07
796,1.3263727,1.4714897e-07
796,1.3263722,1.4714897e-07
796,1.3263717,1.4714897e-07
796,1.3263713,1.4714897e-07
796,1.3263708,1.4714897e-07
796,1.3263703,1.4714897e-07
796,1.3263698,1.4714897e-07
796,1.3263693,1.4714897e-07
796,1.3263688,1.4714897e-07
796,1.3263684,1.4714897e-07
797,1.3263679,1.4714897e-07
797,1.3263674,1.4714897e-07
797,1.3263669,1.4714897e-07
797,1.3263664,1.4714897e-07
797,1.3263659,1.4528632e-07
797,1.3263654,1.4528632e-07
797,1.326365,1.4528632e-07
797,1.3263645,1.4528632e-07
797,1.326364,1.4528632e-07
797,1.3263635,1.4528632e-07
797,1.326363,1.4528632e-07
797,1.3263625,1.4528632e-07
797,1.326362,1.4528632e-07
797,1.3263615,1.4528632e-07
797,1.3263611,1.4528632e-07
797,1.3263606,1.4528632e-07
798,1.3263601,1.4528632e-07
798,1.3263596,1.4528632e-07
798,1.3263591,1.4528632e-07
798,1.3263586,1.4528632e-07
798,1.3263581,1.4528632e-07
798,1.3263576,1.4528632e-07
798,1.3263572,1.4528632e-07
798,1.3263567,1.4528632e-07
798,1.3263562,1.4528632e-07
798,1.3263557,1.4342368e-07
798,1.3263552,1.4342368e-07
798,1.3263547,1.4342368e-07
798,1.3263542,1.4342368e-07
798,1.3263537,1.4342368e-07
798,1.3263532,1.4342368e-07
798,1.3263528,1.4342368e-07
798,1.3263523,1.4342368e-07
799,1.3263518,1.4342368e-07
799,1.3263513,1.4342368e-07
799,1.3263508,1.4342368e-07
799,1.3263503,1.4342368e-07
799,1.3263498,1.4342368e-07
799,1.3263493,1.4342368e-07
799,1.3263488,1.4342368e-07
799,1.3263483,1.4342368e-07
799,1.3263479,1.4342368e-07
799,1.3263474,1.4342368e-07
799,1.3263469,1.4342368e-07
799,1.3263464,1.4342368e-07
799,1.3263459,1.4156103e-07
799,1.3263454,1.4156103e-07
799,1.3263449,1.4156103e-07
799,1.3263444,1.4156103e-07
800,1.3263439,1.4156103e-07
800,1.3263434,1.4156103e-07
800,1.3263429,1.4156103e-07
800,1.3263425,1.4156103e-07
800,1.326342,1.4156103e-07
800,1.3263415,1.4156103e-07
800,1.326341,1.4156103e-07
800,1.3263405,1.4156103e-07
800,1.32634,1.4156103e-07
800,1.3263395,1.4156103e-07
800,1.326339,1.4156103e-07
800,1.3263385,1.4156103e-07
800,1.326338,1.4156103e-07
800,1.3263375,1.4156103e-07
800,1.326337,1.4156103e-07
800,1.3263365,1.4156103e-07
801,1.326336,1.4156103e-07
801,1.3263355,1.4156103e-07
801,1.3263351,1.4156103e-07
801,1.3263346,1.4156103e-07
801,1.3263341,1.4156103e-07
801,1.3263336,1.4156103e-07
801,1.3263331,1.4156103e-07
801,1.3263326,1.4156103e-07
801,1.3263321,1.4156103e-07
801,1.3263316,1.4156103e-07
801,1.3263311,1.4156103e-07
801,1.3263306,1.4156103e-07
801,1.3263301,1.4156103e-07
801,1.3263296,1.4156103e-07
801,1.3263291,1.4156103e-07
801,1.3263286,1.4156103e-07
802,1.3263281,1.4156103e-07
802,1.3263276,1.4156103e-07
802,1.3263271,1.4156103e-07
802,1.3263266,1.4156103e-07
802,1.3263261,1.4156103e-07
802,1.3263257,1.4156103e-07
802,1.3263252,1.4156103e-07
802,1.3263247,1.4156103e-07
802,1.3263242,1.4156103e-07
802,1.3263237,1.4156103e-07
802,1.3263232,1.4156103e-07
802,1.3263227,1.4156103e-07
802,1.3263222,1.4156103e-07
802,1.3263217,1.4156103e-07
802,1.3263212,1.4156103e-07
802,1.3263207,1.4156103e-07
803,1.3263202,1.4156103e-07
803,1.3263197,1.4156103e-07
803,1.3263192,1.4156103e-07
803,1.3263187,1.3969839e-07
803,1.3263182,1.3969839e-07
803,1.3263177,1.3969839e-07
803,1.3263172,1.3969839e-07
803,1.3263167,1.3969839e-07
803,1.3263162,1.3969839e-07
803,1.3263157,1.3969839e-07
803,1.3263152,1.3969839e-07
803,1.3263147,1.3969839e-07
803,1.3263142,1.3969839e-07
803,1.3263137,1.3969839e-07
803,1.3263132,1.3969839e-07
803,1.3263127,1.3969839e-07
804,1.3263122,1.3969839e-07
804,1.3263117,1.3969839e-07
804,1.3263112,1.3969839e-07
804,1.3263107,1.3969839e-07
804,1.3263102,1.3969839e-07
804,1.3263097,1.3969839e-07
804,1.3263092,1.3969839e-07
804,1.3263087,1.3969839e-07
804,1.3263082,1.3969839e-07
804,1.3263077,1.3969839e-07
804,1.3263072,1.3969839e-07
804,1.3263067,1.3969839e-07
804,1.3263062,1.3969839e-07
804,1.3263057,1.3969839e-07
804,1.3263052,1.3969839e-07
804,1.3263047,1.3969839e-07
805,1.3263042,1.3969839e-07
805,1.3263037,1.3969839e-07
805,1.3263032,1.3969839e-07
805,1.3263027,1.3969839e-07
805,1.3263022,1.3969839e-07
805,1.3263017,1.3969839e-07
805,1.3263012,1.3969839e-07
805,1.3263007,1.3969839e-07
805,1.3263002,1.3969839e-07
805,1.3262997,1.3969839e-07
805,1.3262992,1.3969839e-07
805,1.3262987,1.3969839e-07
805,1.3262982,1.3969839e-07
805,1.3262977,1.3969839e-07
805,1.3262972,1.3969839e-07
805,1.3262967,1.3969839e-07
806,1.3262962,1.3969839e-07
806,1.3262956,1.3969839e-07
806,1.3262951,1.3969839e-07
806,1.3262946,1.3969839e-07
806,1.3262941,1.3969839e-07
806,1.3262936,1.3969839e-07
806,1.3262931,1.3969839e-07
806,1.3262926,1.3969839e-07
806,1.3262921,1.3969839e-07
806,1.3262916,1.3969839e-07
806,1.3262911,1.3969839e-07
806,1.3262906,1.3969839e-07
806,1.3262901,1.3969839e-07
806,1.3262896,1.3969839e-07
806,1.3262891,1.3969839e-07
806,1.3262886,1.3969839e-07
807,1.3262881,1.3969839e-07
807,1.3262876,1.3969839e-07
807,1.3262871,1.3969839e-07
807,1.3262866,1.3969839e-07
807,1.3262861,1.3969839e-07
807,1.3262855,1.3969839e-07
807,1.326285,1.3969839e-07
807,1.3262845,1.3969839e-07
807,1.326284,1.3969839e-07
807,1.3262835,1.3969839e-07
807,1.326283,1.3969839e-07
807,1.3262825,1.3969839e-07
807,1.326282,1.3969839e-07
807,1.3262815,1.3969839e-07
807,1.326281,1.3969839e-07
807,1.3262805,1.3969839e-07
808,1.32628,1.3969839e-07
808,1.3262795,1.3969839e-07
808,1.326279,1.3969839e-07
808,1.3262784,1.3969839e-07
808,1.3262779,1.3969839e-07
808,1.3262774,1.3969839e-07
808,1.3262769,1.3969839e-07
808,1.3262764,1.3969839e-07
808,1.3262759,1.3969839e-07
808,1.3262754,1.3969839e-07
808,1.3262749,1.3969839e-07
808,1.3262744,1.3969839e-07
808,1.3262739,1.3969839e-07
808,1.3262734,1.3969839e-07
808,1.3262728,1.3969839e-07
808,1.3262723,1.3969839e-07
809,1.3262718,1.3969839e-07
809,1.3262713,1.3969839e-07
809,1.3262708,1.3969839e-07
809,1.3262703,1.3969839e-07
809,1.3262698,1.3969839e-07
809,1.3262693,1.3969839e-07
809,1.3262688,1.3969839e-07
809,1.3262683,1.3969839e-07
809,1.3262677,1.3969839e-07
809,1.3262672,1.3969839e-07
809,1.3262667,1.3969839e-07
809,1.3262662,1.3969839e-07
809,1.3262657,1.3969839e-07
809,1.3262652,1.3969839e-07
809,1.3262647,1.3969839e-07
809,1.3262642,1.3969839e-07
810,1.3262637,1.3969839e-07
810,1.3262631,1.3969839e-07
810,1.3262626,1.3969839e-07
810,1.3262621,1.3969839e-07
810,1.3262616,1.3969839e-07
810,1.3262611,1.3969839e-07
810,1.3262606,1.3969839e-07
810,1.3262601,1.3969839e-07
810,1.3262596,1.3969839e-07
810,1.326259,1.3969839e-07
810,1.3262585,1.3969839e-07
810,1.326258,1.3969839e-07
810,1.3262575,1.3969839e-07
810,1.326257,1.3969839e-07
810,1.3262565,1.3969839e-07
810,1.326256,1.3969839e-07
811,1.3262554,1.3969839e-07
811,1.3262549,1.3969839e-07
811,1.3262544,1.3969839e-07
811,1.3262539,1.4156103e-07
811,1.3262534,1.4156103e-07
811,1.3262529,1.4156103e-07
811,1.3262524,1.4156103e-07
811,1.3262518,1.4156103e-07
811,1.3262513,1.4156103e-07
811,1.3262508,1.4156103e-07
811,1.3262503,1.4156103e-07
811,1.3262498,1.4156103e-07
811,1.3262493,1.4156103e-07
811,1.3262488,1.4156103e-07
811,1.3262482,1.4156103e-07
812,1.3262477,1.4156103e-07
812,1.3262472,1.4156103e-07
812,1.3262467,1.4156103e-07
812,1.3262462,1.4156103e-07
812,1.3262457,1.4156103e-07
812,1.3262451,1.4156103e-07
812,1.3262446,1.4156103e-07
812,1.3262441,1.4156103e-07
812,1.3262436,1.4156103e-07
812,1.3262431,1.4156103e-07
812,1.3262426,1.4156103e-07
812,1.326242,1.4156103e-07
812,1.3262415,1.4156103e-07
812,1.326241,1.4156103e-07
812,1.3262405,1.4156103e-07
812,1.32624,1.4156103e-07
813,1.3262394,1.4156103e-07
813,1.3262389,1.4156103e-07
813,1.3262384,1.4156103e-07
813,1.3262379,1.4156103e-07
813,1.3262374,1.4156103e-07
813,1.3262369,1.4156103e-07
813,1.3262363,1.4156103e-07
813,1.3262358,1.4156103e-07
813,1.3262353,1.4342368e-07
813,1.3262348,1.4342368e-07
813,1.3262343,1.4342368e-07
813,1.3262337,1.4342368e-07
813,1.3262332,1.4342368e-07
813,1.3262327,1.4342368e-07
813,1.3262322,1.4342368e-07
813,1.3262317,1.4342368e-07
814,1.3262311,1.4342368e-07
814,1.3262306,1.4342368e-07
814,1.3262301,1.4342368e-07
814,1.3262296,1.4342368e-07
814,1.3262291,1.4342368e-07
814,1.3262285,1.4342368e-07
814,1.326228,1.4342368e-07
814,1.3262275,1.4342368e-07
814,1.326227,1.4342368e-07
814,1.3262265,1.4342368e-07
814,1.3262259,1.4342368e-07
814,1.3262254,1.4342368e-07
814,1.3262249,1.4342368e-07
814,1.3262244,1.4342368e-07
814,1.3262238,1.4342368e-07
815,1.3262233,1.4342368e-07
815,1.3262228,1.4342368e-07
815,1.3262223,1.4342368e-07
815,1.3262218,1.4342368e-07
815,1.3262212,1.4528632e-07
815,1.3262207,1.4528632e-07
815,1.3262202,1.4528632e-07
815,1.3262197,1.4528632e-07
815,1.3262191,1.4528632e-07
815,1.3262186,1.4528632e-07
815,1.3262181,1.4528632e-07
815,1.3262176,1.4528632e-07
815,1.326217,1.4528632e-07
815,1.3262165,1.4528632e-07
815,1.326216,1.4528632e-07
815,1.3262155,1.4528632e-07
816,1.3262149,1.4528632e-07
816,1.3262144,1.4528632e-07
816,1.3262139,1.4528632e-07
816,1.3262134,1.4528632e-07
816,1.3262129,1.4528632e-07
816,1.3262123,1.4528632e-07
816,1.3262118,1.4528632e-07
816,1.3262113,1.4714897e-07
816,1.3262107,1.4714897e-07
816,1.3262102,1.4714897e-07
816,1.3262097,1.4714897e-07
816,1.3262092,1.4714897e-07
816,1.3262086,1.4714897e-07
816,1.3262081,1.4714897e-07
816,1.3262076,1.4714897e-07
816,1.3262071,1.4714897e-07
817,1.3262065,1.4714897e-07
817,1.326206,1.4714897e-07
817,1.3262055,1.4714897e-07
817,1.326205,1.4714897e-07
817,1.3262044,1.4714897e-07
817,1.3262039,1.4714897e-07
817,1.3262034,1.4714897e-07
817,1.3262029,1.4714897e-07
817,1.3262023,1.4714897e-07
817,1.3262018,1.4714897e-07
817,1.3262013,1.4901161e-07
817,1.3262007,1.4901161e-07
817,1.3262002,1.4901161e-07
817,1.3261997,1.4901161e-07
817,1.3261992,1.4901161e-07
818,1.3261986,1.4901161e-07
818,1.3261981,1.4901161e-07
818,1.3261976,1.4901161e-07
818,1.326197,1.4901161e-07
818,1.3261965,1.4901161e-07
818,1.326196,1.4901161e-07
818,1.3261955,1.4901161e-07
818,1.3261949,1.4901161e-07
818,1.3261944,1.4901161e-07
818,1.3261939,1.4901161e-07
818,1.3261933,1.4901161e-07
818,1.3261928,1.4901161e-07
818,1.3261923,1.4901161e-07
818,1.3261917,1.4901161e-07
818,1.3261912,1.5087426e-07
818,1.3261907,1.5087426e-07
819,1.3261902,1.5087426e-07
819,1.3261896,1.5087426e-07
819,1.3261891,1.5087426e-07
819,1.3261886,1.5087426e-07
819,1.326188,1.5087426e-07
819,1.3261875,1.5087426e-07
819,1.326187,1.5087426e-07
819,1.3261864,1.5087426e-07
819,1.3261859,1.5087426e-07
819,1.3261854,1.5087426e-07
819,1.3261848,1.5087426e-07
819,1.3261843,1.5087426e-07
819,1.3261838,1.5087426e-07
819,1.3261832,1.5087426e-07
819,1.3261827,1.5087426e-07
820,1.3261822,1.527369e-07
820,1.3261816,1.527369e-07
820,1.3261811,1.527369e-07
820,1.3261806,1.527369e-07
820,1.32618,1.527369e-07
820,1.3261795,1.527369e-07
820,1.326179,1.527369e-07
820,1.3261784,1.527369e-07
820,1.3261779,1.527369e-07
820,1.3261774,1.527369e-07
820,1.3261768,1.5459955e-07
820,1.3261763,1.5459955e-07
820,1.3261758,1.5459955e-07
820,1.3261752,1.5459955e-07
820,1.3261747,1.5459955e-07
821,1.3261742,1.5459955e-07
821,1.3261736,1.5459955e-07
821,1.3261731,1.5459955e-07
821,1.3261726,1.5646219e-07
821,1.326172,1.5646219e-07
821,1.3261715,1.5646219e-07
821,1.326171,1.5646219e-07
821,1.3261704,1.5646219e-07
821,1.3261699,1.5646219e-07
821,1.3261693,1.5646219e-07
821,1.3261688,1.5646219e-07
821,1.3261683,1.5646219e-07
821,1.3261677,1.5646219e-07
821,1.3261672,1.5832484e-07
821,1.3261667,1.5832484e-07
821,1.3261661,1.5832484e-07
822,1.3261656,1.5832484e-07
822,1.3261651,1.5832484e-07
822,1.3261645,1.5832484e-07
822,1.326164,1.5832484e-07
822,1.3261634,1.5832484e-07
822,1.3261629,1.5832484e-07
822,1.3261624,1.6018748e-07
822,1.3261618,1.6018748e-07
822,1.3261613,1.6018748e-07
822,1.3261607,1.6018748e-07
822,1.3261602,1.6018748e-07
822,1.3261597,1.6018748e-07
822,1.3261591,1.6018748e-07
822,1.3261586,1.6018748e-07
822,1.3261581,1.6205013e-07
823,1.3261575,1.6205013e-07
823,1.326157,1.6205013e-07
823,1.3261564,1.6205013e-07
823,1.3261559,1.6205013e-07
823,1.3261554,1.6205013e-07
823,1.3261548,1.6205013e-07
823,1.3261543,1.6205013e-07
823,1.3261537,1.6391277e-07
823,1.3261532,1.6391277e-07
823,1.3261527,1.6391277e-07
823,1.3261521,1.6391277e-07
823,1.3261516,1.6391277e-07
823,1.326151,1.6391277e-07
823,1.3261505,1.6391277e-07
823,1.32615,1.6577542e-07
824,1.3261494,1.6577542e-07
824,1.3261489,1.6577542e-07
824,1.3261483,1.6577542e-07
824,1.3261478,1.6577542e-07
824,1.3261472,1.6577542e-07
824,1.3261467,1.6763806e-07
824,1.3261462,1.6763806e-07
824,1.3261456,1.6763806e-07
824,1.3261451,1.6763806e-07
824,1.3261445,1.6763806e-07
824,1.326144,1.6950071e-07
824,1.3261434,1.6950071e-07
824,1.3261429,1.6950071e-07
824,1.3261424,1.6950071e-07
824,1.3261418,1.6950071e-07
824,1.3261413,1.7136335e-07
825,1.3261407,1.7136335e-07
825,1.3261402,1.7136335e-07
825,1.3261396,1.7136335e-07
825,1.3261391,1.7136335e-07
825,1.3261386,1.73226e-07
825,1.326138,1.73226e-07
825,1.3261375,1.73226e-07
825,1.3261369,1.73226e-07
825,1.3261364,1.7508864e-07
825,1.3261358,1.7508864e-07
825,1.3261353,1.7508864e-07
825,1.3261347,1.7508864e-07
825,1.3261342,1.7695129e-07
825,1.3261337,1.7695129e-07
825,1.3261331,1.7695129e-07
826,1.3261326,1.7695129e-07
826,1.326132,1.7881393e-07
826,1.3261315,1.7881393e-07
826,1.3261309,1.7881393e-07
826,1.3261304,1.8067658e-07
826,1.3261298,1.8067658e-07
826,1.3261293,1.8067658e-07
826,1.3261287,1.8067658e-07
826,1.3261282,1.8253922e-07
826,1.3261276,1.8253922e-07
826,1.3261271,1.8253922e-07
826,1.3261265,1.8253922e-07
826,1.326126,1.8440187e-07
826,1.3261255,1.8440187e-07
826,1.3261249,1.8440187e-07
827,1.3261244,1.8440187e-07
827,1.3261238,1.8626451e-07
827,1.3261233,1.8626451e-07
827,1.3261227,1.8626451e-07
827,1.3261222,1.8812716e-07
827,1.3261216,1.8812716e-07
827,1.3261211,1.8812716e-07
827,1.3261205,1.8812716e-07
827,1.32612,1.8998981e-07
827,1.3261194,1.8998981e-07
827,1.3261189,1.8998981e-07
827,1.3261183,1.8998981e-07
827,1.3261178,1.9185245e-07
827,1.3261172,1.9185245e-07
827,1.3261167,1.9185245e-07
828,1.3261161,1.9185245e-07
828,1.3261156,1.937151e-07
828,1.326115,1.937151e-07
828,1.3261145,1.937151e-07
828,1.3261139,1.9557774e-07
828,1.3261134,1.9557774e-07
828,1.3261128,1.9557774e-07
828,1.3261123,1.9744039e-07
828,1.3261117,1.9744039e-07
828,1.3261112,1.9744039e-07
828,1.3261106,1.9930303e-07
828,1.3261101,1.9930303e-07
828,1.3261095,1.9930303e-07
828,1.326109,2.0116568e-07
828,1.3261084,2.0116568e-07
829,1.3261079,2.0302832e-07
829,1.3261073,2.0302832e-07
829,1.3261068,2.0302832e-07
829,1.3261062,2.0489097e-07
829,1.3261057,2.0489097e-07
829,1.3261051,2.0489097e-07
829,1.3261045,2.0675361e-07
829,1.326104,2.0675361e-07
829,1.3261034,2.0675361e-07
829,1.3261029,2.0861626e-07
829,1.3261023,2.0861626e-07
829,1.3261018,2.0861626e-07
829,1.3261012,2.104789e-07
829,1.3261007,2.104789e-07
829,1.3261001,2.104789e-07
830,1.3260996,2.1234155e-07
830,1.326099,2.1234155e-07
830,1.3260985,2.1234155e-07
830,1.3260979,2.1420419e-07
830,1.3260973,2.1420419e-07
830,1.3260968,2.1420419e-07
830,1.3260962,2.1606684e-07
830,1.3260957,2.1606684e-07
830,1.3260951,2.1606684e-07
830,1.3260946,2.1792948e-07
830,1.326094,2.1792948e-07
830,1.3260935,2.1792948e-07
830,1.3260929,2.1979213e-07
830,1.3260924,2.1979213e-07
830,1.3260918,2.1979213e-07
831,1.3260912,2.2165477e-07
831,1.3260907,2.2165477e-07
831,1.3260901,2.2165477e-07
831,1.3260896,2.2165477e-07
831,1.326089,2.2351742e-07
831,1.3260885,2.2351742e-07
831,1.3260879,2.2351742e-07
831,1.3260873,2.2538006e-07
831,1.3260868,2.2538006e-07
831,1.3260862,2.2538006e-07
831,1.3260857,2.2538006e-07
831,1.3260851,2.2724271e-07
831,1.3260846,2.2724271e-07
831,1.326084,2.2724271e-07
831,1.3260834,2.2724271e-07
832,1.3260829,2.2910535e-07
832,1.3260823,2.2910535e-07
832,1.3260818,2.2910535e-07
832,1.3260812,2.2910535e-07
832,1.3260806,2.30968e-07
832,1.3260801,2.30968e-07
832,1.3260795,2.30968e-07
832,1.326079,2.3283064e-07
832,1.3260784,2.3283064e-07
832,1.3260779,2.3283064e-07
832,1.3260773,2.3283064e-07
832,1.3260767,2.3469329e-07
832,1.3260762,2.3469329e-07
832,1.3260756,2.3469329e-07
832,1.3260751,2.3469329e-07
833,1.3260745,2.3655593e-07
833,1.3260739,2.3655593e-07
833,1.3260734,2.3655593e-07
833,1.3260728,2.3655593e-07
833,1.3260723,2.3841858e-07
833,1.3260717,2.3841858e-07
833,1.3260711,2.3841858e-07
833,1.3260706,2.3841858e-07
833,1.32607,2.4028122e-07
833,1.3260694,2.4028122e-07
833,1.3260689,2.4028122e-07
833,1.3260683,2.4028122e-07
833,1.3260678,2.4028122e-07
833,1.3260672,2.4214387e-07
833,1.3260666,2.4214387e-07
834,1.3260661,2.4214387e-07
834,1.3260655,2.4214387e-07
834,1.3260649,2.4214387e-07
834,1.3260644,2.4214387e-07
834,1.3260638,2.4400651e-07
834,1.3260633,2.4400651e-07
834,1.3260627,2.4400651e-07
834,1.3260621,2.4400651e-07
834,1.3260616,2.4400651e-07
834,1.326061,2.4400651e-07
834,1.3260604,2.4400651e-07
834,1.3260599,2.4586916e-07
834,1.3260593,2.4586916e-07
834,1.3260587,2.4586916e-07
834,1.3260582,2.4586916e-07
835,1.3260576,2.4586916e-07
835,1.3260571,2.4586916e-07
835,1.3260565,2.477318e-07
835,1.3260559,2.477318e-07
835,1.3260554,2.477318e-07
835,1.3260548,2.477318e-07
835,1.3260542,2.477318e-07
835,1.3260537,2.477318e-07
835,1.3260531,2.4959445e-07
835,1.3260525,2.4959445e-07
835,1.326052,2.4959445e-07
835,1.3260514,2.4959445e-07
835,1.3260508,2.4959445e-07
835,1.3260503,2.4959445e-07
835,1.3260497,2.4959445e-07
836,1.3260491,2.514571e-07
836,1.3260486,2.514571e-07
836,1.326048,2.514571e-07
836,1.3260474,2.514571e-07
836,1.3260469,2.514571e-07
836,1.3260463,2.514571e-07
836,1.3260457,2.514571e-07
836,1.3260452,2.5331974e-07
836,1.3260446,2.5331974e-07
836,1.326044,2.5331974e-07
836,1.3260434,2.5331974e-07
836,1.3260429,2.5331974e-07
836,1.3260423,2.5331974e-07
836,1.3260417,2.5331974e-07
836,1.3260412,2.5331974e-07
837,1.3260406,2.5518239e-07
837,1.32604,2.5518239e-07
837,1.3260395,2.5518239e-07
837,1.3260389,2.5518239e-07
837,1.3260383,2.5518239e-07
837,1.3260378,2.5518239e-07
837,1.3260372,2.5518239e-07
837,1.3260366,2.5518239e-07
837,1.326036,2.5704503e-07
837,1.3260355,2.5704503e-07
837,1.3260349,2.5704503e-07
837,1.3260343,2.5704503e-07
837,1.3260338,2.5704503e-07
837,1.3260332,2.5704503e-07
837,1.3260326,2.5704503e-07
838,1.326032,2.5704503e-07
838,1.3260315,2.5704503e-07
838,1.3260309,2.5890768e-07
838,1.3260303,2.5890768e-07
838,1.3260298,2.5890768e-07
838,1.3260292,2.5890768e-07
838,1.3260286,2.5890768e-07
838,1.326028,2.5890768e-07
838,1.3260275,2.5890768e-07
838,1.3260269,2.5890768e-07
838,1.3260263,2.5890768e-07
838,1.3260258,2.5890768e-07
838,1.3260252,2.6077032e-07
838,1.3260246,2.6077032e-07
839,1.326024,2.6077032e-07
839,1.3260235,2.6077032e-07
839,1.3260229,2.6077032e-07
839,1.3260223,2.6077032e-07
839,1.3260217,2.6077032e-07
839,1.3260212,2.6077032e-07
839,1.3260206,2.6077032e-07
839,1.32602,2.6077032e-07
839,1.3260194,2.6077032e-07
839,1.3260189,2.6077032e-07
839,1.3260183,2.6263297e-07
839,1.3260177,2.6263297e-07
839,1.3260171,2.6263297e-07
839,1.3260166,2.6263297e-07
839,1.326016,2.6263297e-07
840,1.3260154,2.6263297e-07
840,1.3260148,2.6263297e-07
840,1.3260143,2.6263297e-07
840,1.3260137,2.6263297e-07
840,1.3260131,2.6263297e-07
840,1.3260125,2.6263297e-07
840,1.3260119,2.6263297e-07
840,1.3260114,2.6263297e-07
840,1.3260108,2.6449561e-07
840,1.3260102,2.6449561e-07
840,1.3260096,2.6449561e-07
840,1.3260091,2.6449561e-07
840,1.3260085,2.6449561e-07
840,1.3260079,2.6449561e-07
840,1.3260073,2.6449561e-07
841,1.3260067,2.6449561e-07
841,1.3260062,2.6449561e-07
841,1.3260056,2.6449561e-07
841,1.326005,2.6635826e-07
841,1.3260044,2.6635826e-07
841,1.3260039,2.6635826e-07
841,1.3260033,2.6635826e-07
841,1.3260027,2.6635826e-07
841,1.3260021,2.6635826e-07
841,1.3260015,2.6635826e-07
841,1.326001,2.6635826e-07
841,1.3260004,2.6635826e-07
841,1.3259998,2.682209e-07
841,1.3259992,2.682209e-07
842,1.3259986,2.682209e-07
842,1.3259981,2.682209e-07
842,1.3259975,2.682209e-07
842,1.3259969,2.682209e-07
842,1.3259963,2.682209e-07
842,1.3259957,2.682209e-07
842,1.3259952,2.682209e-07
842,1.3259946,2.682209e-07
842,1.325994,2.682209e-07
842,1.3259934,2.682209e-07
842,1.3259928,2.7008355e-07
842,1.3259922,2.7008355e-07
842,1.3259917,2.7008355e-07
842,1.3259911,2.7008355e-07
842,1.3259905,2.7008355e-07
843,1.3259899,2.7008355e-07
843,1.3259893,2.7008355e-07
843,1.3259887,2.7008355e-07
843,1.3259882,2.7008355e-07
843,1.3259876,2.7008355e-07
843,1.325987,2.7008355e-07
843,1.3259864,2.7008355e-07
843,1.3259858,2.7008355e-07
843,1.3259852,2.7008355e-07
843,1.3259847,2.7194619e-07
843,1.3259841,2.7194619e-07
843,1.3259835,2.7194619e-07
843,1.3259829,2.7194619e-07
843,1.3259823,2.7194619e-07
843,1.3259817,2.7194619e-07
844,1.3259812,2.7194619e-07
844,1.3259806,2.7194619e-07
844,1.32598,2.7194619e-07
844,1.3259794,2.7194619e-07
844,1.3259788,2.7194619e-07
844,1.3259782,2.7194619e-07
844,1.3259776,2.7194619e-07
844,1.325977,2.7380884e-07
844,1.3259765,2.7380884e-07
844,1.3259759,2.7380884e-07
844,1.3259753,2.7380884e-07
844,1.3259747,2.7380884e-07
844,1.3259741,2.7380884e-07
844,1.3259735,2.7380884e-07
845,1.3259729,2.7380884e-07
845,1.3259724,2.7380884e-07
845,1.3259718,2.7380884e-07
845,1.3259712,2.7380884e-07
845,1.3259706,2.7380884e-07
845,1.32597,2.7380884e-07
845,1.3259694,2.7567148e-07
845,1.3259688,2.7567148e-07
845,1.3259682,2.7567148e-07
845,1.3259676,2.7567148e-07
845,1.3259671,2.7567148e-07
845,1.3259665,2.7567148e-07
845,1.3259659,2.7567148e-07
845,1.3259653,2.7567148e-07
845,1.3259647,2.7567148e-07
846,1.3259641,2.7567148e-07
846,1.3259635,2.7567148e-07
846,1.3259629,2.7567148e-07
846,1.3259623,2.7567148e-07
846,1.3259618,2.7753413e-07
846,1.3259612,2.7753413e-07
846,1.3259606,2.7753413e-07
846,1.32596,2.7753413e-07
846,1.3259594,2.7753413e-07
846,1.3259588,2.7753413e-07
846,1.3259582,2.7753413e-07
846,1.3259576,2.7753413e-07
846,1.325957,2.7753413e-07
846,1.3259564,2.7753413e-07
847,1.3259558,2.7753413e-07
847,1.3259552,2.7753413e-07
847,1.3259547,2.7939677e-07
847,1.3259541,2.7939677e-07
847,1.3259535,2.7939677e-07
847,1.3259529,2.7939677e-07
847,1.3259523,2.7939677e-07
847,1.3259517,2.7939677e-07
847,1.3259511,2.7939677e-07
847,1.3259505,2.7939677e-07
847,1.3259499,2.7939677e-07
847,1.3259493,2.7939677e-07
847,1.3259487,2.7939677e-07
847,1.3259481,2.7939677e-07
847,1.3259475,2.8125942e-07
848,1.3259469,2.8125942e-07
848,1.3259463,2.8125942e-07
848,1.3259458,2.8125942e-07
848,1.3259452,2.8125942e-07
848,1.3259446,2.8125942e-07
848,1.325944,2.8125942e-07
848,1.3259434,2.8125942e-07
848,1.3259428,2.8125942e-07
848,1.3259422,2.8312206e-07
848,1.3259416,2.8312206e-07
848,1.325941,2.8312206e-07
848,1.3259404,2.8312206e-07
848,1.3259398,2.8312206e-07
848,1.3259392,2.8312206e-07
849,1.3259386,2.8312206e-07
849,1.325938,2.8312206e-07
849,1.3259374,2.8312206e-07
849,1.3259368,2.8312206e-07
849,1.3259362,2.8312206e-07
849,1.3259356,2.8312206e-07
849,1.325935,2.8312206e-07
849,1.3259344,2.8312206e-07
849,1.3259338,2.8312206e-07
849,1.3259332,2.8312206e-07
849,1.3259326,2.8312206e-07
849,1.325932,2.8312206e-07
849,1.3259314,2.8312206e-07
849,1.3259308,2.8312206e-07
850,1.3259302,2.8312206e-07
850,1.3259296,2.8312206e-07
850,1.325929,2.8312206e-07
850,1.3259284,2.8312206e-07
850,1.3259278,2.8312206e-07
850,1.3259272,2.8312206e-07
850,1.3259266,2.8312206e-07
850,1.325926,2.8312206e-07
850,1.3259254,2.8312206e-07
850,1.3259248,2.8312206e-07
850,1.3259242,2.8312206e-07
850,1.3259236,2.8312206e-07
850,1.325923,2.8312206e-07
850,1.3259224,2.8312206e-07
850,1.3259218,2.8312206e-07
851,1.3259212,2.8312206e-07
851,1.3259206,2.8312206e-07
851,1.32592,2.8312206e-07
851,1.3259194,2.8498471e-07
851,1.3259188,2.8498471e-07
851,1.3259182,2.8498471e-07
851,1.3259176,2.8498471e-07
851,1.325917,2.8498471e-07
851,1.3259164,2.8498471e-07
851,1.3259158,2.8498471e-07
851,1.3259152,2.8498471e-07
851,1.3259146,2.8498471e-07
851,1.325914,2.8498471e-07
851,1.3259134,2.8498471e-07
852,1.3259128,2.8498471e-07
852,1.3259122,2.8498471e-07
852,1.3259116,2.8684735e-07
852,1.325911,2.8684735e-07
852,1.3259104,2.8684735e-07
852,1.3259098,2.8684735e-07
852,1.3259092,2.8684735e-07
852,1.3259086,2.8684735e-07
852,1.325908,2.8684735e-07
852,1.3259074,2.8684735e-07
852,1.3259068,2.8684735e-07
852,1.3259061,2.8684735e-07
852,1.3259055,2.8871e-07
852,1.3259049,2.8871e-07
853,1.3259043,2.8871e-07
853,1.3259037,2.8871e-07
853,1.3259031,2.8871e-07
853,1.3259025,2.8871e-07
853,1.3259019,2.8871e-07
853,1.3259013,2.8871e-07
853,1.3259007,2.8871e-07
853,1.3259001,2.9057264e-07
853,1.3258995,2.9057264e-07
853,1.3258989,2.9057264e-07
853,1.3258983,2.9057264e-07
853,1.3258977,2.9057264e-07
853,1.325897,2.9057264e-07
853,1.3258964,2.9057264e-07
853,1.3258958,2.9057264e-07
854,1.3258952,2.9057264e-07
854,1.3258946,2.9057264e-07
854,1.325894,2.9057264e-07
854,1.3258934,2.9057264e-07
854,1.3258928,2.9057264e-07
854,1.3258922,2.9243529e-07
854,1.3258916,2.9243529e-07
854,1.325891,2.9243529e-07
854,1.3258903,2.9243529e-07
854,1.3258897,2.9243529e-07
854,1.3258891,2.9243529e-07
854,1.3258885,2.9243529e-07
854,1.3258879,2.9243529e-07
854,1.3258873,2.9243529e-07
855,1.3258867,2.9243529e-07
855,1.3258861,2.9243529e-07
855,1.3258855,2.9243529e-07
855,1.3258849,2.9429793e-07
855,1.3258842,2.9429793e-07
855,1.3258836,2.9429793e-07
855,1.325883,2.9429793e-07
855,1.3258824,2.9429793e-07
855,1.3258818,2.9429793e-07
855,1.3258812,2.9429793e-07
855,1.3258806,2.9429793e-07
855,1.32588,2.9429793e-07
855,1.3258793,2.9616058e-07
855,1.3258787,2.9616058e-07
856,1.3258781,2.9616058e-07
856,1.3258775,2.9616058e-07
856,1.3258769,2.9616058e-07
856,1.3258763,2.9616058e-07
856,1.3258757,2.9616058e-07
856,1.3258751,2.9616058e-07
856,1.3258744,2.9616058e-07
856,1.3258738,2.9616058e-07
856,1.3258732,2.9616058e-07
856,1.3258726,2.9616058e-07
856,1.325872,2.9802322e-07
856,1.3258714,2.9802322e-07
856,1.3258708,2.9802322e-07
856,1.3258701,2.9802322e-07
857,1.3258695,2.9802322e-07
857,1.3258689,2.9802322e-07
857,1.3258683,2.9802322e-07
857,1.3258677,2.9802322e-07
857,1.3258671,2.9802322e-07
857,1.3258664,2.9802322e-07
857,1.3258658,2.9802322e-07
857,1.3258652,2.9802322e-07
857,1.3258646,2.9802322e-07
857,1.325864,2.9802322e-07
857,1.3258634,2.9802322e-07
857,1.3258627,2.9802322e-07
857,1.3258621,2.9802322e-07
857,1.3258615,2.9802322e-07
858,1.3258609,2.9802322e-07
858,1.3258603,2.9802322e-07
858,1.3258597,2.9802322e-07
858,1.325859,2.9802322e-07
858,1.3258584,2.9802322e-07
858,1.3258578,2.9802322e-07
858,1.3258572,2.9802322e-07
858,1.3258566,2.9802322e-07
858,1.3258559,2.9802322e-07
858,1.3258553,2.9802322e-07
858,1.3258547,2.9802322e-07
858,1.3258541,2.9988587e-07
858,1.3258535,2.9988587e-07
858,1.3258528,2.9988587e-07
859,1.3258522,2.9988587e-07
859,1.3258516,2.9988587e-07
859,1.325851,2.9988587e-07
859,1.3258504,2.9988587e-07
859,1.3258497,2.9988587e-07
859,1.3258491,2.9988587e-07
859,1.3258485,2.9988587e-07
859,1.3258479,2.9988587e-07
859,1.3258473,2.9988587e-07
859,1.3258466,2.9988587e-07
859,1.325846,3.0174851e-07
859,1.3258454,3.0174851e-07
859,1.3258448,3.0174851e-07
859,1.3258441,3.0174851e-07
860,1.3258435,3.0174851e-07
860,1.3258429,3.0174851e-07
860,1.3258423,3.0361116e-07
860,1.3258417,3.0361116e-07
860,1.325841,3.0361116e-07
860,1.3258404,3.0361116e-07
860,1.3258398,3.0361116e-07
860,1.3258392,3.054738e-07
860,1.3258385,3.054738e-07
860,1.3258379,3.054738e-07
860,1.3258373,3.054738e-07
860,1.3258367,3.054738e-07
860,1.325836,3.054738e-07
860,1.3258354,3.054738e-07
861,1.3258348,3.054738e-07
861,1.3258342,3.054738e-07
861,1.3258335,3.0733645e-07
861,1.3258329,3.0733645e-07
861,1.3258323,3.0733645e-07
861,1.3258317,3.0733645e-07
861,1.325831,3.0733645e-07
861,1.3258304,3.0733645e-07
861,1.3258298,3.0733645e-07
861,1.3258292,3.0733645e-07
861,1.3258285,3.0733645e-07
861,1.3258279,3.0733645e-07
861,1.3258273,3.0733645e-07
861,1.3258267,3.0733645e-07
862,1.325826,3.0733645e-07
862,1.3258254,3.0733645e-07
862,1.3258248,3.0733645e-07
862,1.3258241,3.0919909e-07
862,1.3258235,3.0919909e-07
862,1.3258229,3.0919909e-07
862,1.3258223,3.0919909e-07
862,1.3258216,3.0919909e-07
862,1.325821,3.0919909e-07
862,1.3258204,3.0919909e-07
862,1.3258197,3.0919909e-07
862,1.3258191,3.0919909e-07
862,1.3258185,3.0919909e-07
862,1.3258179,3.1106174e-07
863,1.3258172,3.1106174e-07
863,1.3258166,3.1106174e-07
863,1.325816,3.1106174e-07
863,1.3258153,3.1106174e-07
863,1.3258147,3.1106174e-07
863,1.3258141,3.1106174e-07
863,1.3258134,3.1106174e-07
863,1.3258128,3.1106174e-07
863,1.3258122,3.1292439e-07
863,1.3258116,3.1292439e-07
863,1.3258109,3.1292439e-07
863,1.3258103,3.1292439e-07
863,1.3258097,3.1292439e-07
863,1.325809,3.1292439e-07
864,1.3258084,3.1292439e-07
864,1.3258078,3.1292439e-07
864,1.3258071,3.1292439e-07
864,1.3258065,3.1478703e-07
864,1.3258059,3.1478703e-07
864,1.3258052,3.1478703e-07
864,1.3258046,3.1478703e-07
864,1.325804,3.1478703e-07
864,1.3258033,3.1478703e-07
864,1.3258027,3.1478703e-07
864,1.3258021,3.1478703e-07
864,1.3258014,3.1478703e-07
864,1.3258008,3.1478703e-07
864,1.3258002,3.1664968e-07
865,1.3257995,3.1664968e-07
865,1.3257989,3.1664968e-07
865,1.3257983,3.1664968e-07
865,1.3257976,3.1664968e-07
865,1.325797,3.1664968e-07
865,1.3257964,3.1664968e-07
865,1.3257957,3.1664968e-07
865,1.3257951,3.1664968e-07
865,1.3257944,3.1851232e-07
865,1.3257938,3.1851232e-07
865,1.3257932,3.1851232e-07
865,1.3257925,3.1851232e-07
865,1.3257919,3.1851232e-07
865,1.3257913,3.1851232e-07
866,1.3257906,3.1851232e-07
866,1.32579,3.1851232e-07
866,1.3257894,3.1851232e-07
866,1.3257887,3.1851232e-07
866,1.3257881,3.2037497e-07
866,1.3257874,3.2037497e-07
866,1.3257868,3.2037497e-07
866,1.3257862,3.2037497e-07
866,1.3257855,3.2037497e-07
866,1.3257849,3.2037497e-07
866,1.3257842,3.2037497e-07
866,1.3257836,3.2037497e-07
866,1.325783,3.2037497e-07
866,1.3257823,3.2037497e-07
867,1.3257817,3.2223761e-07
867,1.325781,3.2223761e-07
867,1.3257804,3.2223761e-07
867,1.3257798,3.2223761e-07
867,1.3257791,3.2223761e-07
867,1.3257785,3.2223761e-07
867,1.3257778,3.2223761e-07
867,1.3257772,3.2223761e-07
867,1.3257766,3.2223761e-07
867,1.3257759,3.2410026e-07
867,1.3257753,3.2410026e-07
867,1.3257746,3.2410026e-07
867,1.325774,3.2410026e-07
868,1.3257734,3.2410026e-07
868,1.3257727,3.2410026e-07
868,1.3257721,3.2410026e-07
868,1.3257714,3.2410026e-07
868,1.3257708,3.2410026e-07
868,1.3257701,3.2410026e-07
868,1.3257695,3.259629e-07
868,1.3257689,3.259629e-07
868,1.3257682,3.259629e-07
868,1.3257676,3.259629e-07
868,1.3257669,3.259629e-07
868,1.3257663,3.259629e-07
868,1.3257656,3.259629e-07
868,1.325765,3.259629e-07
869,1.3257644,3.259629e-07
869,1.3257637,3.259629e-07
869,1.3257631,3.2782555e-07
869,1.3257624,3.2782555e-07
869,1.3257618,3.2782555e-07
869,1.3257611,3.2782555e-07
869,1.3257605,3.2782555e-07
869,1.3257598,3.2782555e-07
869,1.3257592,3.2782555e-07
869,1.3257586,3.2782555e-07
869,1.3257579,3.2782555e-07
869,1.3257573,3.2968819e-07
869,1.3257566,3.2968819e-07
869,1.325756,3.2968819e-07
870,1.3257553,3.2968819e-07
870,1.3257547,3.2968819e-07
870,1.325754,3.2968819e-07
870,1.3257534,3.2968819e-07
870,1.3257527,3.3155084e-07
870,1.3257521,3.3155084e-07
870,1.3257514,3.3155084e-07
870,1.3257508,3.3155084e-07
870,1.3257501,3.3155084e-07
870,1.3257495,3.3155084e-07
870,1.3257488,3.3341348e-07
870,1.3257482,3.3341348e-07
870,1.3257475,3.3341348e-07
870,1.3257469,3.3341348e-07
871,1.3257462,3.3341348e-07
871,1.3257456,3.3341348e-07
871,1.3257449,3.3527613e-07
871,1.3257443,3.3527613e-07
871,1.3257436,3.3527613e-07
871,1.325743,3.3527613e-07
871,1.3257423,3.3527613e-07
871,1.3257417,3.3527613e-07
871,1.325741,3.3527613e-07
871,1.3257404,3.3713877e-07
871,1.3257397,3.3713877e-07
871,1.3257391,3.3713877e-07
871,1.3257384,3.3713877e-07
872,1.3257378,3.3713877e-07
872,1.3257371,3.3713877e-07
872,1.3257365,3.3713877e-07
872,1.3257358,3.3713877e-07
872,1.3257352,3.3900142e-07
872,1.3257345,3.3900142e-07
872,1.3257339,3.3900142e-07
872,1.3257332,3.3900142e-07
872,1.3257326,3.3900142e-07
872,1.3257319,3.3900142e-07
872,1.3257313,3.3900142e-07
872,1.3257306,3.3900142e-07
872,1.32573,3.4086406e-07
872,1.3257293,3.4086406e-07
873,1.3257286,3.4086406e-07
873,1.325728,3.4086406e-07
873,1.3257273,3.4086406e-07
873,1.3257267,3.4086406e-07
873,1.325726,3.4086406e-07
873,1.3257254,3.4272671e-07
873,1.3257247,3.4272671e-07
873,1.3257241,3.4272671e-07
873,1.3257234,3.4272671e-07
873,1.3257228,3.4272671e-07
873,1.3257221,3.4272671e-07
873,1.3257214,3.4272671e-07
873,1.3257208,3.4272671e-07
874,1.3257201,3.4458935e-07
874,1.3257195,3.4458935e-07
874,1.3257188,3.4458935e-07
874,1.3257182,3.4458935e-07
874,1.3257175,3.4458935e-07
874,1.3257168,3.4458935e-07
874,1.3257162,3.4458935e-07
874,1.3257155,3.46452e-07
874,1.3257149,3.46452e-07
874,1.3257142,3.46452e-07
874,1.3257135,3.46452e-07
874,1.3257129,3.46452e-07
874,1.3257122,3.46452e-07
874,1.3257116,3.4831464e-07
875,1.3257109,3.4831464e-07
875,1.3257103,3.4831464e-07
875,1.3257096,3.4831464e-07
875,1.3257089,3.4831464e-07
875,1.3257083,3.5017729e-07
875,1.3257076,3.5017729e-07
875,1.325707,3.5017729e-07
875,1.3257063,3.5017729e-07
875,1.3257056,3.5017729e-07
875,1.325705,3.5203993e-07
875,1.3257043,3.5203993e-07
875,1.3257037,3.5203993e-07
875,1.325703,3.5203993e-07
875,1.3257023,3.5203993e-07
876,1.3257017,3.5203993e-07
876,1.325701,3.5203993e-07
876,1.3257003,3.5390258e-07
876,1.3256997,3.5390258e-07
876,1.325699,3.5390258e-07
876,1.3256984,3.5390258e-07
876,1.3256977,3.5390258e-07
876,1.325697,3.5390258e-07
876,1.3256964,3.5390258e-07
876,1.3256957,3.5390258e-07
876,1.325695,3.5576522e-07
876,1.3256944,3.5576522e-07
876,1.3256937,3.5576522e-07
877,1.325693,3.5576522e-07
877,1.3256924,3.5576522e-07
877,1.3256917,3.5576522e-07
877,1.3256911,3.5576522e-07
877,1.3256904,3.5576522e-07
877,1.3256897,3.5762787e-07
877,1.3256891,3.5762787e-07
877,1.3256884,3.5762787e-07
877,1.3256877,3.5762787e-07
877,1.3256871,3.5762787e-07
877,1.3256864,3.5762787e-07
877,1.3256857,3.5949051e-07
877,1.3256851,3.5949051e-07
877,1.3256844,3.5949051e-07
878,1.3256837,3.5949051e-07
878,1.3256831,3.5949051e-07
878,1.3256824,3.6135316e-07
878,1.3256817,3.6135316e-07
878,1.3256811,3.6135316e-07
878,1.3256804,3.6135316e-07
878,1.3256797,3.6135316e-07
878,1.3256791,3.632158e-07
878,1.3256784,3.632158e-07
878,1.3256777,3.632158e-07
878,1.3256771,3.632158e-07
878,1.3256764,3.632158e-07
878,1.3256757,3.6507845e-07
879,1.325675,3.6507845e-07
879,1.3256744,3.6507845e-07
879,1.3256737,3.6507845e-07
879,1.325673,3.6507845e-07
879,1.3256724,3.6507845e-07
879,1.3256717,3.6694109e-07
879,1.325671,3.6694109e-07
879,1.3256704,3.6694109e-07
879,1.3256697,3.6694109e-07
879,1.325669,3.6694109e-07
879,1.3256683,3.6694109e-07
879,1.3256677,3.6880374e-07
879,1.325667,3.6880374e-07
880,1.3256663,3.6880374e-07
880,1.3256657,3.6880374e-07
880,1.325665,3.6880374e-07
880,1.3256643,3.7066638e-07
880,1.3256636,3.7066638e-07
880,1.325663,3.7066638e-07
880,1.3256623,3.7066638e-07
880,1.3256616,3.7066638e-07
880,1.325661,3.7252903e-07
880,1.3256603,3.7252903e-07
880,1.3256596,3.7252903e-07
880,1.3256589,3.7252903e-07
880,1.3256583,3.7252903e-07
880,1.3256576,3.7252903e-07
881,1.3256569,3.7439167e-07
881,1.3256562,3.7439167e-07
881,1.3256556,3.7439167e-07
881,1.3256549,3.7439167e-07
881,1.3256542,3.7439167e-07
881,1.3256535,3.7439167e-07
881,1.3256529,3.7625432e-07
881,1.3256522,3.7625432e-07
881,1.3256515,3.7625432e-07
881,1.3256508,3.7625432e-07
881,1.3256502,3.7625432e-07
881,1.3256495,3.7811697e-07
881,1.3256488,3.7811697e-07
882,1.3256481,3.7811697e-07
882,1.3256475,3.7811697e-07
882,1.3256468,3.7811697e-07
882,1.3256461,3.7811697e-07
882,1.3256454,3.7997961e-07
882,1.3256447,3.7997961e-07
882,1.3256441,3.7997961e-07
882,1.3256434,3.7997961e-07
882,1.3256427,3.7997961e-07
882,1.325642,3.7997961e-07
882,1.3256413,3.7997961e-07
882,1.3256407,3.8184226e-07
882,1.32564,3.8184226e-07
883,1.3256393,3.8184226e-07
883,1.3256386,3.8184226e-07
883,1.325638,3.8184226e-07
883,1.3256373,3.8184226e-07
883,1.3256366,3.8184226e-07
883,1.3256359,3.837049e-07
883,1.3256352,3.837049e-07
883,1.3256346,3.837049e-07
883,1.3256339,3.837049e-07
883,1.3256332,3.837049e-07
883,1.3256325,3.8556755e-07
883,1.3256318,3.8556755e-07
883,1.3256311,3.8556755e-07
883,1.3256305,3.8556755e-07
884,1.3256298,3.8556755e-07
884,1.3256291,3.8743019e-07
884,1.3256284,3.8743019e-07
884,1.3256277,3.8743019e-07
884,1.3256271,3.8743019e-07
884,1.3256264,3.8743019e-07
884,1.3256257,3.8929284e-07
884,1.325625,3.8929284e-07
884,1.3256243,3.8929284e-07
884,1.3256236,3.8929284e-07
884,1.325623,3.9115548e-07
884,1.3256223,3.9115548e-07
884,1.3256216,3.9115548e-07
885,1.3256209,3.9115548e-07
885,1.3256202,3.9115548e-07
885,1.3256195,3.9301813e-07
885,1.3256188,3.9301813e-07
885,1.3256182,3.9301813e-07
885,1.3256175,3.9301813e-07
885,1.3256168,3.9301813e-07
885,1.3256161,3.9488077e-07
885,1.3256154,3.9488077e-07
885,1.3256147,3.9488077e-07
885,1.325614,3.9488077e-07
885,1.3256134,3.9488077e-07
885,1.3256127,3.9488077e-07
886,1.325612,3.9674342e-07
886,1.3256113,3.9674342e-07
886,1.3256106,3.9674342e-07
886,1.3256099,3.9674342e-07
886,1.3256092,3.9674342e-07
886,1.3256085,3.9674342e-07
886,1.3256079,3.9860606e-07
886,1.3256072,3.9860606e-07
886,1.3256065,3.9860606e-07
886,1.3256058,3.9860606e-07
886,1.3256051,3.9860606e-07
886,1.3256044,4.0046871e-07
886,1.3256037,4.0046871e-07
887,1.325603,4.0046871e-07
887,1.3256023,4.0046871e-07
887,1.3256017,4.0046871e-07
887,1.325601,4.0046871e-07
887,1.3256003,4.0233135e-07
887,1.3255996,4.0233135e-07
887,1.3255989,4.0233135e-07
887,1.3255982,4.0233135e-07
887,1.3255975,4.0233135e-07
887,1.3255968,4.0233135e-07
887,1.3255961,4.04194e-07
887,1.3255954,4.04194e-07
887,1.3255948,4.04194e-07
887,1.3255941,4.04194e-07
888,1.3255934,4.04194e-07
888,1.3255927,4.0605664e-07
888,1.325592,4.0605664e-07
888,1.3255913,4.0605664e-07
888,1.3255906,4.0605664e-07
888,1.3255899,4.0605664e-07
888,1.3255892,4.0791929e-07
888,1.3255885,4.0791929e-07
888,1.3255878,4.0791929e-07
888,1.3255871,4.0791929e-07
888,1.3255864,4.0791929e-07
888,1.3255857,4.0791929e-07
888,1.325585,4.0978193e-07
889,1.3255843,4.0978193e-07
889,1.3255837,4.0978193e-07
889,1.325583,4.0978193e-07
889,1.3255823,4.0978193e-07
889,1.3255816,4.0978193e-07
889,1.3255809,4.1164458e-07
889,1.3255802,4.1164458e-07
889,1.3255795,4.1164458e-07
889,1.3255788,4.1164458e-07
889,1.3255781,4.1164458e-07
889,1.3255774,4.1350722e-07
889,1.3255767,4.1350722e-07
889,1.325576,4.1350722e-07
890,1.3255753,4.1350722e-07
890,1.3255746,4.1350722e-07
890,1.3255739,4.1350722e-07
890,1.3255732,4.1536987e-07
890,1.3255725,4.1536987e-07
890,1.3255718,4.1536987e-07
890,1.3255711,4.1536987e-07
890,1.3255704,4.1536987e-07
890,1.3255697,4.1723251e-07
890,1.325569,4.1723251e-07
890,1.3255683,4.1723251e-07
890,1.3255676,4.1723251e-07
890,1.3255669,4.1723251e-07
891,1.3255662,4.1723251e-07
891,1.3255655,4.1909516e-07
891,1.3255648,4.1909516e-07
891,1.3255641,4.1909516e-07
891,1.3255634,4.1909516e-07
891,1.3255627,4.1909516e-07
891,1.325562,4.209578e-07
891,1.3255613,4.209578e-07
891,1.3255606,4.209578e-07
891,1.3255599,4.209578e-07
891,1.3255592,4.209578e-07
891,1.3255585,4.2282045e-07
891,1.3255578,4.2282045e-07
892,1.3255571,4.2282045e-07
892,1.3255564,4.2282045e-07
892,1.3255557,4.2282045e-07
892,1.325555,4.2282045e-07
892,1.3255543,4.2468309e-07
892,1.3255536,4.2468309e-07
892,1.3255529,4.2468309e-07
892,1.3255522,4.2468309e-07
892,1.3255515,4.2468309e-07
892,1.3255508,4.2468309e-07
892,1.3255501,4.2654574e-07
892,1.3255494,4.2654574e-07
892,1.3255486,4.2654574e-07
893,1.3255479,4.2654574e-07
893,1.3255472,4.2654574e-07
893,1.3255465,4.2840838e-07
893,1.3255458,4.2840838e-07
893,1.3255451,4.2840838e-07
893,1.3255444,4.2840838e-07
893,1.3255437,4.2840838e-07
893,1.325543,4.2840838e-07
893,1.3255423,4.3027103e-07
893,1.3255416,4.3027103e-07
893,1.3255409,4.3027103e-07
893,1.3255402,4.3027103e-07
893,1.3255395,4.3027103e-07
894,1.3255388,4.3213367e-07
894,1.325538,4.3213367e-07
894,1.3255373,4.3213367e-07
894,1.3255366,4.3213367e-07
894,1.3255359,4.3213367e-07
894,1.3255352,4.3213367e-07
894,1.3255345,4.3399632e-07
894,1.3255338,4.3399632e-07
894,1.3255331,4.3399632e-07
894,1.3255324,4.3399632e-07
894,1.3255317,4.3399632e-07
894,1.325531,4.3585896e-07
894,1.3255302,4.3585896e-07
895,1.3255295,4.3585896e-07
895,1.3255288,4.3585896e-07
895,1.3255281,4.3585896e-07
895,1.3255274,4.3585896e-07
895,1.3255267,4.3772161e-07
895,1.325526,4.3772161e-07
895,1.3255253,4.3772161e-07
895,1.3255246,4.3772161e-07
895,1.3255238,4.3772161e-07
895,1.3255231,4.3958426e-07
895,1.3255224,4.3958426e-07
895,1.3255217,4.3958426e-07
895,1.325521,4.3958426e-07
896,1.3255203,4.3958426e-07
896,1.3255196,4.3958426e-07
896,1.3255189,4.414469e-07
896,1.3255181,4.414469e-07
896,1.3255174,4.414469e-07
896,1.3255167,4.414469e-07
896,1.325516,4.414469e-07
896,1.3255153,4.4330955e-07
896,1.3255146,4.4330955e-07
896,1.3255139,4.4330955e-07
896,1.3255131,4.4330955e-07
896,1.3255124,4.4330955e-07
896,1.3255117,4.4330955e-07
897,1.325511,4.4517219e-07
897,1.3255103,4.4517219e-07
897,1.3255096,4.4517219e-07
897,1.3255088,4.4517219e-07
897,1.3255081,4.4517219e-07
897,1.3255074,4.4703484e-07
897,1.3255067,4.4703484e-07
897,1.325506,4.4703484e-07
897,1.3255053,4.4703484e-07
897,1.3255045,4.4703484e-07
897,1.3255038,4.4703484e-07
897,1.3255031,4.4889748e-07
897,1.3255024,4.4889748e-07
898,1.3255017,4.4889748e-07
898,1.3255009,4.4889748e-07
898,1.3255002,4.4889748e-07
898,1.3254995,4.5076013e-07
898,1.3254988,4.5076013e-07
898,1.3254981,4.5076013e-07
898,1.3254973,4.5076013e-07
898,1.3254966,4.5076013e-07
898,1.3254959,4.5076013e-07
898,1.3254952,4.5262277e-07
898,1.3254945,4.5262277e-07
898,1.3254937,4.5262277e-07
899,1.325493,4.5262277e-07
899,1.3254923,4.5262277e-07
899,1.3254916,4.5262277e-07
899,1.3254909,4.5448542e-07
899,1.3254901,4.5448542e-07
899,1.3254894,4.5448542e-07
899,1.3254887,4.5448542e-07
899,1.325488,4.5448542e-07
899,1.3254872,4.5634806e-07
899,1.3254865,4.5634806e-07
899,1.3254858,4.5634806e-07
899,1.3254851,4.5634806e-07
899,1.3254844,4.5634806e-07
900,1.3254836,4.5821071e-07
900,1.3254829,4.5821071e-07
900,1.3254822,4.5821071e-07
900,1.3254815,4.5821071e-07
900,1.3254807,4.5821071e-07
900,1.32548,4.6007335e-07
900,1.3254793,4.6007335e-07
900,1.3254786,4.6007335e-07
900,1.3254778,4.6007335e-07
900,1.3254771,4.61936e-07
900,1.3254764,4.61936e-07
900,1.3254757,4.61936e-07
900,1.3254749,4.61936e-07
901,1.3254742,4.61936e-07
901,1.3254735,4.6379864e-07
901,1.3254727,4.6379864e-07
901,1.325472,4.6379864e-07
901,1.3254713,4.6379864e-07
901,1.3254706,4.6379864e-07
901,1.3254698,4.6566129e-07
901,1.3254691,4.6566129e-07
901,1.3254684,4.6566129e-07
901,1.3254676,4.6566129e-07
901,1.3254669,4.6566129e-07
901,1.3254662,4.6752393e-07
901,1.3254655,4.6752393e-07
902,1.3254647,4.6752393e-07
902,1.325464,4.6752393e-07
902,1.3254633,4.6938658e-07
902,1.3254625,4.6938658e-07
902,1.3254618,4.6938658e-07
902,1.3254611,4.6938658e-07
902,1.3254604,4.6938658e-07
902,1.3254596,4.7124922e-07
902,1.3254589,4.7124922e-07
902,1.3254582,4.7124922e-07
902,1.3254574,4.7124922e-07
902,1.3254567,4.7124922e-07
902,1.325456,4.7311187e-07
903,1.3254552,4.7311187e-07
903,1.3254545,4.7311187e-07
903,1.3254538,4.7311187e-07
903,1.325453,4.7497451e-07
903,1.3254523,4.7497451e-07
903,1.3254516,4.7497451e-07
903,1.3254508,4.7497451e-07
903,1.3254501,4.7683716e-07
903,1.3254494,4.7683716e-07
903,1.3254486,4.7683716e-07
903,1.3254479,4.7683716e-07
903,1.3254472,4.7683716e-07
904,1.3254464,4.786998e-07
904,1.3254457,4.786998e-07
904,1.325445,4.786998e-07
904,1.3254442,4.786998e-07
904,1.3254435,4.8056245e-07
904,1.3254427,4.8056245e-07
904,1.325442,4.8056245e-07
904,1.3254413,4.8056245e-07
904,1.3254405,4.8242509e-07
904,1.3254398,4.8242509e-07
904,1.3254391,4.8242509e-07
904,1.3254383,4.8242509e-07
904,1.3254376,4.8242509e-07
905,1.3254369,4.8428774e-07
905,1.3254361,4.8428774e-07
905,1.3254354,4.8428774e-07
905,1.3254346,4.8428774e-07
905,1.3254339,4.8428774e-07
905,1.3254332,4.8615038e-07
905,1.3254324,4.8615038e-07
905,1.3254317,4.8615038e-07
905,1.3254309,4.8615038e-07
905,1.3254302,4.8615038e-07
905,1.3254295,4.8801303e-07
905,1.3254287,4.8801303e-07
905,1.325428,4.8801303e-07
906,1.3254272,4.8801303e-07
906,1.3254265,4.8987567e-07
906,1.3254258,4.8987567e-07
906,1.325425,4.8987567e-07
906,1.3254243,4.8987567e-07
906,1.3254235,4.9173832e-07
906,1.3254228,4.9173832e-07
906,1.3254221,4.9173832e-07
906,1.3254213,4.9173832e-07
906,1.3254206,4.9360096e-07
906,1.3254198,4.9360096e-07
906,1.3254191,4.9360096e-07
907,1.3254183,4.9360096e-07
907,1.3254176,4.9546361e-07
907,1.3254169,4.9546361e-07
907,1.3254161,4.9546361e-07
907,1.3254154,4.9732625e-07
907,1.3254146,4.9732625e-07
907,1.3254139,4.9732625e-07
907,1.3254131,4.9732625e-07
907,1.3254124,4.991889e-07
907,1.3254116,4.991889e-07
907,1.3254109,4.991889e-07
907,1.3254102,4.991889e-07
907,1.3254094,5.0105155e-07
908,1.3254087,5.0105155e-07
908,1.3254079,5.0105155e-07
908,1.3254072,5.0291419e-07
908,1.3254064,5.0291419e-07
908,1.3254057,5.0291419e-07
908,1.3254049,5.0291419e-07
908,1.3254042,5.0477684e-07
908,1.3254034,5.0477684e-07
908,1.3254027,5.0477684e-07
908,1.3254019,5.0663948e-07
908,1.3254012,5.0663948e-07
908,1.3254004,5.0663948e-07
909,1.3253997,5.0850213e-07
909,1.3253989,5.0850213e-07
909,1.3253982,5.0850213e-07
909,1.3253974,5.0850213e-07
909,1.3253967,5.1036477e-07
909,1.3253959,5.1036477e-07
909,1.3253952,5.1036477e-07
909,1.3253944,5.1222742e-07
909,1.3253937,5.1222742e-07
909,1.3253929,5.1222742e-07
909,1.3253922,5.1409006e-07
909,1.3253914,5.1409006e-07
909,1.3253907,5.1409006e-07
910,1.3253899,5.1409006e-07
910,1.3253892,5.1595271e-07
910,1.3253884,5.1595271e-07
910,1.3253877,5.1595271e-07
910,1.3253869,5.1781535e-07
910,1.3253862,5.1781535e-07
910,1.3253854,5.1781535e-07
910,1.3253847,5.19678e-07
910,1.3253839,5.19678e-07
910,1.3253832,5.19678e-07
910,1.3253824,5.2154064e-07
910,1.3253817,5.2154064e-07
911,1.3253809,5.2154064e-07
911,1.3253801,5.2340329e-07
911,1.3253794,5.2340329e-07
911,1.3253786,5.2340329e-07
911,1.3253779,5.2526593e-07
911,1.3253771,5.2526593e-07
911,1.3253764,5.2526593e-07
911,1.3253756,5.2712858e-07
911,1.3253749,5.2712858e-07
911,1.3253741,5.2712858e-07
911,1.3253733,5.2899122e-07
911,1.3253726,5.2899122e-07
911,1.3253718,5.2899122e-07
912,1.3253711,5.3085387e-07
912,1.3253703,5.3085387e-07
912,1.3253696,5.3085387e-07
912,1.3253688,5.3271651e-07
912,1.325368,5.3271651e-07
912,1.3253673,5.3271651e-07
912,1.3253665,5.3457916e-07
912,1.3253658,5.3457916e-07
912,1.325365,5.364418e-07
912,1.3253642,5.364418e-07
912,1.3253635,5.364418e-07
912,1.3253627,5.3830445e-07
913,1.325362,5.3830445e-07
913,1.3253612,5.4016709e-07
913,1.3253604,5.4016709e-07
913,1.3253597,5.4016709e-07
913,1.3253589,5.4202974e-07
913,1.3253582,5.4202974e-07
913,1.3253574,5.4389238e-07
913,1.3253566,5.4389238e-07
913,1.3253559,5.4389238e-07
913,1.3253551,5.4575503e-07
913,1.3253544,5.4575503e-07
913,1.3253536,5.4761767e-07
913,1.3253528,5.4761767e-07
914,1.3253521,5.4948032e-07
914,1.3253513,5.4948032e-07
914,1.3253505,5.5134296e-07
914,1.3253498,5.5134296e-07
914,1.325349,5.5134296e-07
914,1.3253482,5.5320561e-07
914,1.3253475,5.5320561e-07
914,1.3253467,5.5506825e-07
914,1.325346,5.5506825e-07
914,1.3253452,5.569309e-07
914,1.3253444,5.569309e-07
914,1.3253437,5.5879354e-07
915,1.3253429,5.5879354e-07
915,1.3253421,5.6065619e-07
915,1.3253414,5.6065619e-07
915,1.3253406,5.6251884e-07
915,1.3253398,5.6251884e-07
915,1.3253391,5.6251884e-07
915,1.3253383,5.6438148e-07
915,1.3253375,5.6438148e-07
915,1.3253368,5.6624413e-07
915,1.325336,5.6624413e-07
915,1.3253352,5.6810677e-07
915,1.3253345,5.6996942e-07
915,1.3253337,5.6996942e-07
916,1.3253329,5.7183206e-07
916,1.3253321,5.7183206e-07
916,1.3253314,5.7369471e-07
916,1.3253306,5.7369471e-07
916,1.3253298,5.7555735e-07
916,1.3253291,5.7555735e-07
916,1.3253283,5.7742e-07
916,1.3253275,5.7928264e-07
916,1.3253268,5.7928264e-07
916,1.325326,5.7928264e-07
916,1.3253252,5.8114529e-07
916,1.3253244,5.8300793e-07
917,1.3253237,5.8300793e-07
917,1.3253229,5.8487058e-07
917,1.3253221,5.8673322e-07
917,1.3253214,5.8673322e-07
917,1.3253206,5.8859587e-07
917,1.3253198,5.9045851e-07
917,1.325319,5.9045851e-07
917,1.3253183,5.9232116e-07
917,1.3253175,5.9232116e-07
917,1.3253167,5.941838e-07
917,1.3253159,5.9604645e-07
917,1.3253152,5.9604645e-07
918,1.3253144,5.9790909e-07
918,1.3253136,5.9790909e-07
918,1.3253128,5.9977174e-07
918,1.3253121,6.0163438e-07
918,1.3253113,6.0163438e-07
918,1.3253105,6.0349703e-07
918,1.3253097,6.0535967e-07
918,1.325309,6.0535967e-07
918,1.3253082,6.0722232e-07
918,1.3253074,6.0908496e-07
918,1.3253066,6.0908496e-07
918,1.3253059,6.1094761e-07
919,1.3253051,6.1281025e-07
919,1.3253043,6.1281025e-07
919,1.3253035,6.146729e-07
919,1.3253027,6.1653554e-07
919,1.325302,6.1653554e-07
919,1.3253012,6.1839819e-07
919,1.3253004,6.2026083e-07
919,1.3252996,6.2212348e-07
919,1.3252989,6.2398612e-07
919,1.3252981,6.2398612e-07
919,1.3252973,6.2584877e-07
919,1.3252965,6.2771142e-07
919,1.3252957,6.2771142e-07
920,1.325295,6.2957406e-07
920,1.3252942,6.3143671e-07
920,1.3252934,6.3329935e-07
920,1.3252926,6.35162e-07
920,1.3252918,6.3702464e-07
920,1.3252911,6.3702464e-07
920,1.3252903,6.3888729e-07
920,1.3252895,6.4074993e-07
920,1.3252887,6.4261258e-07
920,1.3252879,6.4447522e-07
920,1.3252871,6.4447522e-07
920,1.3252864,6.4633787e-07
921,1.3252856,6.4820051e-07
921,1.3252848,6.5006316e-07
921,1.325284,6.519258e-07
921,1.3252832,6.5378845e-07
921,1.3252824,6.5565109e-07
921,1.3252817,6.5751374e-07
921,1.3252809,6.5751374e-07
921,1.3252801,6.5937638e-07
921,1.3252793,6.6123903e-07
921,1.3252785,6.6310167e-07
921,1.3252777,6.6496432e-07
921,1.3252769,6.6682696e-07
922,1.3252762,6.6868961e-07
922,1.3252754,6.7055225e-07
922,1.3252746,6.724149e-07
922,1.3252738,6.7427754e-07
922,1.325273,6.7614019e-07
922,1.3252722,6.7800283e-07
922,1.3252714,6.7986548e-07
922,1.3252706,6.8172812e-07
922,1.3252699,6.8359077e-07
922,1.3252691,6.8545341e-07
922,1.3252683,6.8731606e-07
922,1.3252675,6.8917871e-07
923,1.3252667,6.9104135e-07
923,1.3252659,6.92904e-07
923,1.3252651,6.9476664e-07
923,1.3252643,6.9662929e-07
923,1.3252635,6.9849193e-07
923,1.3252628,7.0035458e-07
923,1.325262,7.0221722e-07
923,1.3252612,7.0594251e-07
923,1.3252604,7.0594251e-07
923,1.3252596,7.0780516e-07
923,1.3252588,7.1153045e-07
923,1.325258,7.1339309e-07
923,1.3252572,7.1525574e-07
924,1.3252564,7.1711838e-07
924,1.3252556,7.1898103e-07
924,1.3252548,7.2270632e-07
924,1.3252541,7.2456896e-07
924,1.3252533,7.2643161e-07
924,1.3252525,7.2829425e-07
924,1.3252517,7.301569e-07
924,1.3252509,7.3201954e-07
924,1.3252501,7.3388219e-07
924,1.3252493,7.3760748e-07
924,1.3252485,7.3947012e-07
924,1.3252477,7.4133277e-07
925,1.3252469,7.4319541e-07
925,1.3252461,7.4505806e-07
925,1.3252453,7.4878335e-07
925,1.3252445,7.50646e-07
925,1.3252437,7.5250864e-07
925,1.3252429,7.5437129e-07
925,1.3252421,7.5623393e-07
925,1.3252413,7.5995922e-07
925,1.3252405,7.6182187e-07
925,1.3252397,7.6368451e-07
925,1.3252389,7.6554716e-07
925,1.3252382,7.674098e-07
926,1.3252374,7.7113509e-07
926,1.3252366,7.7299774e-07
926,1.3252358,7.7672303e-07
926,1.325235,7.7858567e-07
926,1.3252342,7.8044832e-07
926,1.3252334,7.8417361e-07
926,1.3252326,7.8603625e-07
926,1.3252318,7.878989e-07
926,1.325231,7.9162419e-07
926,1.3252302,7.9348683e-07
926,1.3252294,7.9534948e-07
926,1.3252286,7.9907477e-07
927,1.3252278,8.0093741e-07
927,1.325227,8.046627e-07
927,1.3252262,8.0652535e-07
927,1.3252254,8.1025064e-07
927,1.3252246,8.1211329e-07
927,1.3252238,8.1583858e-07
927,1.325223,8.1770122e-07
927,1.3252222,8.2142651e-07
927,1.3252214,8.2328916e-07
927,1.3252205,8.251518e-07
927,1.3252197,8.2887709e-07
927,1.3252189,8.3073974e-07
928,1.3252181,8.3446503e-07
928,1.3252173,8.3819032e-07
928,1.3252165,8.4191561e-07
928,1.3252157,8.4377825e-07
928,1.3252149,8.456409e-07
928,1.3252141,8.4936619e-07
928,1.3252133,8.5122883e-07
928,1.3252125,8.5495412e-07
928,1.3252117,8.5867941e-07
928,1.3252109,8.6054206e-07
928,1.3252101,8.6426735e-07
928,1.3252093,8.6612999e-07
929,1.3252085,8.6985528e-07
929,1.3252077,8.7358057e-07
929,1.3252069,8.7544322e-07
929,1.3252061,8.7916851e-07
929,1.3252053,8.828938e-07
929,1.3252044,8.8661909e-07
929,1.3252036,8.8848174e-07
929,1.3252028,8.9220703e-07
929,1.325202,8.9406967e-07
929,1.3252012,8.9779496e-07
929,1.3252004,9.0152025e-07
929,1.3251996,9.033829e-07
930,1.3251988,9.0710819e-07
930,1.325198,9.1083348e-07
930,1.3251972,9.1269612e-07
930,1.3251964,9.1642141e-07
930,1.3251955,9.201467e-07
930,1.3251947,9.2387199e-07
930,1.3251939,9.2573464e-07
930,1.3251931,9.2945993e-07
930,1.3251923,9.3318522e-07
930,1.3251915,9.3504786e-07
930,1.3251907,9.406358e-07
930,1.3251899,9.4249845e-07
931,1.3251891,9.4622374e-07
931,1.3251883,9.4994903e-07
931,1.3251874,9.5181167e-07
931,1.3251866,9.5553696e-07
931,1.3251858,9.5926225e-07
931,1.325185,9.6298754e-07
931,1.3251842,9.6671283e-07
931,1.3251834,9.6857548e-07
931,1.3251826,9.7230077e-07
931,1.3251817,9.7602606e-07
931,1.3251809,9.7975135e-07
931,1.3251801,9.8347664e-07
932,1.3251793,9.8533928e-07
932,1.3251785,9.9092722e-07
932,1.3251777,9.9278986e-07
932,1.3251769,9.9651515e-07
932,1.325176,1.0002404e-06
932,1.3251752,1.0021031e-06
932,1.3251744,1.007691e-06
932,1.3251736,1.0095537e-06
932,1.3251728,1.0151416e-06
932,1.325172,1.0170043e-06
932,1.3251711,1.0225922e-06
932,1.3251703,1.0244548e-06
933,1.3251695,1.0281801e-06
933,1.3251687,1.0319054e-06
933,1.3251679,1.0337681e-06
933,1.3251671,1.039356e-06
933,1.3251662,1.0412186e-06
933,1.3251654,1.0449439e-06
933,1.3251646,1.0486692e-06
933,1.3251638,1.0505319e-06
933,1.325163,1.0561198e-06
933,1.3251621,1.0579824e-06
933,1.3251613,1.0617077e-06
933,1.3251605,1.065433e-06
934,1.3251597,1.0672957e-06
934,1.3251589,1.0728836e-06
934,1.325158,1.0747463e-06
934,1.3251572,1.0784715e-06
934,1.3251564,1.0821968e-06
934,1.3251556,1.0840595e-06
934,1.3251547,1.0896474e-06
934,1.3251539,1.0915101e-06
934,1.3251531,1.0952353e-06
934,1.3251523,1.0989606e-06
934,1.3251515,1.1008233e-06
934,1.3251506,1.1064112e-06
935,1.3251498,1.1082739e-06
935,1.325149,1.1119992e-06
935,1.3251482,1.1157244e-06
935,1.3251473,1.1175871e-06
935,1.3251465,1.123175e-06
935,1.3251457,1.1250377e-06
935,1.3251449,1.128763e-06
935,1.325144,1.1324883e-06
935,1.3251432,1.1362135e-06
935,1.3251424,1.1399388e-06
935,1.3251416,1.1418015e-06
936,1.3251407,1.1455268e-06
936,1.3251399,1.1492521e-06
936,1.3251391,1.1529773e-06
936,1.3251382,1.1567026e-06
936,1.3251374,1.1585653e-06
936,1.3251366,1.1641532e-06
936,1.3251358,1.1678785e-06
936,1.3251349,1.1734664e-06
936,1.3251341,1.1771917e-06
936,1.3251333,1.180917e-06
936,1.3251324,1.186505e-06
936,1.3251316,1.1902303e-06
937,1.3251308,1.1958182e-06
937,1.32513,1.1995435e-06
937,1.3251291,1.2032688e-06
937,1.3251283,1.2088567e-06
937,1.3251275,1.212582e-06
937,1.3251266,1.2200326e-06
937,1.3251258,1.2237579e-06
937,1.325125,1.2293458e-06
937,1.3251241,1.2349337e-06
937,1.3251233,1.238659e-06
937,1.3251225,1.2461096e-06
937,1.3251216,1.2498349e-06
938,1.3251208,1.2572855e-06
938,1.32512,1.2610108e-06
938,1.3251191,1.2647361e-06
938,1.3251183,1.2721866e-06
938,1.3251175,1.2759119e-06
938,1.3251166,1.2814999e-06
938,1.3251158,1.2852252e-06
938,1.325115,1.2889504e-06
938,1.3251141,1.2945384e-06
938,1.3251133,1.2982637e-06
938,1.3251125,1.3057142e-06
938,1.3251116,1.3094395e-06
939,1.3251108,1.3150275e-06
939,1.32511,1.3187528e-06
939,1.3251091,1.3224781e-06
939,1.3251083,1.3299286e-06
939,1.3251075,1.3336539e-06
939,1.3251066,1.3392419e-06
939,1.3251058,1.3429672e-06
939,1.3251049,1.3466924e-06
939,1.3251041,1.3522804e-06
939,1.3251033,1.3578683e-06
939,1.3251024,1.3634562e-06
939,1.3251016,1.3671815e-06
940,1.3251008,1.3709068e-06
940,1.3250999,1.3783574e-06
940,1.3250991,1.3820827e-06
940,1.3250982,1.3895333e-06
940,1.3250974,1.3932586e-06
940,1.3250966,1.3969839e-06
940,1.3250957,1.4044344e-06
940,1.3250949,1.4081597e-06
940,1.325094,1.4156103e-06
940,1.3250932,1.4193356e-06
940,1.3250924,1.4267862e-06
941,1.3250915,1.4305115e-06
941,1.3250907,1.4342368e-06
941,1.3250898,1.4416873e-06
941,1.325089,1.4454126e-06
941,1.3250881,1.4528632e-06
941,1.3250873,1.4584512e-06
941,1.3250865,1.4621764e-06
941,1.3250856,1.469627e-06
941,1.3250848,1.4733523e-06
941,1.3250839,1.4808029e-06
941,1.3250831,1.4845282e-06
941,1.3250822,1.4882535e-06
942,1.3250814,1.4957041e-06
942,1.3250806,1.4994293e-06
942,1.3250797,1.5068799e-06
942,1.3250789,1.5106052e-06
942,1.325078,1.5180558e-06
942,1.3250772,1.5217811e-06
942,1.3250763,1.5255064e-06
942,1.3250755,1.532957e-06
942,1.3250746,1.5366822e-06
942,1.3250738,1.5441328e-06
942,1.3250729,1.5478581e-06
942,1.3250721,1.5534461e-06
943,1.3250713,1.559034e-06
943,1.3250704,1.5627593e-06
943,1.3250696,1.5702099e-06
943,1.3250687,1.5739352e-06
943,1.3250679,1.5795231e-06
943,1.325067,1.5869737e-06
943,1.3250662,1.590699e-06
943,1.3250653,1.6000122e-06
943,1.3250645,1.6056001e-06
943,1.3250636,1.6093254e-06
943,1.3250628,1.6186386e-06
944,1.3250619,1.6242266e-06
944,1.3250611,1.6316772e-06
944,1.3250602,1.6372651e-06
944,1.3250594,1.6447157e-06
944,1.3250585,1.6503036e-06
944,1.3250577,1.6558915e-06
944,1.3250568,1.6652048e-06
944,1.3250559,1.6707927e-06
944,1.3250551,1.6801059e-06
944,1.3250542,1.6856939e-06
944,1.3250534,1.6912818e-06
944,1.3250525,1.700595e-06
945,1.3250517,1.706183e-06
945,1.3250508,1.7154962e-06
945,1.32505,1.7229468e-06
945,1.3250491,1.7285347e-06
945,1.3250483,1.7359853e-06
945,1.3250474,1.7415732e-06
945,1.3250466,1.7490238e-06
945,1.3250457,1.7546117e-06
945,1.3250449,1.763925e-06
945,1.325044,1.7695129e-06
945,1.3250431,1.7751008e-06
945,1.3250423,1.7825514e-06
946,1.3250414,1.7881393e-06
946,1.3250406,1.7974526e-06
946,1.3250397,1.8030405e-06
946,1.3250389,1.8086284e-06
946,1.325038,1.8179417e-06
946,1.3250371,1.8235296e-06
946,1.3250363,1.8309802e-06
946,1.3250354,1.8365681e-06
946,1.3250346,1.8421561e-06
946,1.3250337,1.8496066e-06
946,1.3250328,1.8570572e-06
947,1.325032,1.8645078e-06
947,1.3250311,1.8719584e-06
947,1.3250303,1.8812716e-06
947,1.3250294,1.8887222e-06
947,1.3250285,1.8943101e-06
947,1.3250277,1.905486e-06
947,1.3250268,1.9129366e-06
947,1.325026,1.9222498e-06
947,1.3250251,1.9297004e-06
947,1.3250242,1.937151e-06
947,1.3250234,1.9483268e-06
947,1.3250225,1.9557774e-06
948,1.3250217,1.9650906e-06
948,1.3250208,1.9725412e-06
948,1.3250199,1.9799918e-06
948,1.3250191,1.9930303e-06
948,1.3250182,2.0004809e-06
948,1.3250173,2.0116568e-06
948,1.3250165,2.0191073e-06
948,1.3250156,2.0265579e-06
948,1.3250147,2.0395964e-06
948,1.3250139,2.047047e-06
948,1.325013,2.0582229e-06
949,1.3250122,2.0675361e-06
949,1.3250113,2.078712e-06
949,1.3250104,2.0861626e-06
949,1.3250096,2.0954758e-06
949,1.3250087,2.1066517e-06
949,1.3250078,2.1159649e-06
949,1.325007,2.1271408e-06
949,1.3250061,2.136454e-06
949,1.3250052,2.1439046e-06
949,1.3250044,2.1569431e-06
949,1.3250035,2.1662563e-06
949,1.3250026,2.1792948e-06
950,1.3250018,2.1867454e-06
950,1.3250009,2.1960586e-06
950,1.325,2.2090971e-06
950,1.3249992,2.2184104e-06
950,1.3249983,2.2314489e-06
950,1.3249974,2.2407621e-06
950,1.3249966,2.2538006e-06
950,1.3249957,2.2631139e-06
950,1.3249948,2.2705644e-06
950,1.3249939,2.2854656e-06
950,1.3249931,2.2929162e-06
951,1.3249922,2.3078173e-06
951,1.3249913,2.3152679e-06
951,1.3249905,2.3245811e-06
951,1.3249896,2.3394823e-06
951,1.3249887,2.3487955e-06
951,1.3249879,2.361834e-06
951,1.324987,2.3711473e-06
951,1.3249861,2.3804605e-06
951,1.3249852,2.393499e-06
951,1.3249844,2.4028122e-06
951,1.3249835,2.4177134e-06
951,1.3249826,2.4270266e-06
952,1.3249818,2.4400651e-06
952,1.3249809,2.451241e-06
952,1.32498,2.4605542e-06
952,1.3249791,2.4735928e-06
952,1.3249783,2.4847686e-06
952,1.3249774,2.4996698e-06
952,1.3249765,2.508983e-06
952,1.3249757,2.5201589e-06
952,1.3249748,2.53506e-06
952,1.3249739,2.5462359e-06
952,1.324973,2.5611371e-06
953,1.3249722,2.572313e-06
953,1.3249713,2.5816262e-06
953,1.3249704,2.59839e-06
953,1.3249695,2.6095659e-06
953,1.3249687,2.624467e-06
953,1.3249678,2.6356429e-06
953,1.3249669,2.6468188e-06
953,1.324966,2.6635826e-06
953,1.3249652,2.6747584e-06
953,1.3249643,2.6915222e-06
953,1.3249634,2.7026981e-06
953,1.3249625,2.7213246e-06
954,1.3249617,2.7325004e-06
954,1.3249608,2.7436763e-06
954,1.3249599,2.7604401e-06
954,1.3249591,2.7697533e-06
954,1.3249582,2.7846545e-06
954,1.3249573,2.7939677e-06
954,1.3249564,2.8032809e-06
954,1.3249556,2.8181821e-06
954,1.3249547,2.829358e-06
954,1.3249538,2.8442591e-06
954,1.3249529,2.8535724e-06
955,1.3249521,2.8628856e-06
955,1.3249512,2.8777868e-06
955,1.3249503,2.8871e-06
955,1.3249494,2.9020011e-06
955,1.3249486,2.9113144e-06
955,1.3249477,2.9243529e-06
955,1.3249468,2.9336661e-06
955,1.3249459,2.9429793e-06
955,1.324945,2.9578805e-06
955,1.3249442,2.9671937e-06
955,1.3249433,2.9802322e-06
956,1.3249424,2.9895455e-06
956,1.3249415,2.996996e-06
956,1.3249407,3.0100346e-06
956,1.3249398,3.0193478e-06
956,1.3249389,3.0323863e-06
956,1.324938,3.0416995e-06
956,1.3249371,3.0491501e-06
956,1.3249363,3.0621886e-06
956,1.3249354,3.0696392e-06
956,1.3249345,3.0826777e-06
956,1.3249336,3.0901283e-06
956,1.3249328,3.0975789e-06
957,1.3249319,3.1106174e-06
957,1.324931,3.118068e-06
957,1.3249301,3.1292439e-06
957,1.3249292,3.1366944e-06
957,1.3249284,3.1478703e-06
957,1.3249275,3.1553209e-06
957,1.3249266,3.1627715e-06
957,1.3249257,3.1739473e-06
957,1.3249248,3.1813979e-06
957,1.3249239,3.1925738e-06
957,1.3249231,3.2000244e-06
958,1.3249222,3.2074749e-06
958,1.3249213,3.2167882e-06
958,1.3249204,3.2242388e-06
958,1.3249195,3.233552e-06
958,1.3249187,3.2410026e-06
958,1.3249178,3.2484531e-06
958,1.3249169,3.2577664e-06
958,1.324916,3.2652169e-06
958,1.3249151,3.2745302e-06
958,1.3249142,3.2801181e-06
958,1.3249133,3.2894313e-06
959,1.3249125,3.2950193e-06
959,1.3249116,3.3024698e-06
959,1.3249107,3.3117831e-06
959,1.3249098,3.317371e-06
959,1.3249089,3.3266842e-06
959,1.324908,3.3322722e-06
959,1.3249071,3.3378601e-06
959,1.3249063,3.3453107e-06
959,1.3249054,3.3508986e-06
959,1.3249045,3.3602118e-06
959,1.3249036,3.3657998e-06
960,1.3249027,3.3713877e-06
960,1.3249018,3.3788383e-06
960,1.3249009,3.3844262e-06
960,1.3249,3.3918768e-06
960,1.3248992,3.3974648e-06
960,1.3248983,3.4049153e-06
960,1.3248974,3.4086406e-06
960,1.3248965,3.4142286e-06
960,1.3248956,3.4216791e-06
960,1.3248947,3.4254044e-06
960,1.3248938,3.432855e-06
960,1.3248929,3.4365803e-06
961,1.324892,3.4421682e-06
961,1.3248911,3.4477562e-06
961,1.3248903,3.4533441e-06
961,1.3248894,3.458932e-06
961,1.3248885,3.4626573e-06
961,1.3248876,3.4663826e-06
961,1.3248867,3.4738332e-06
961,1.3248858,3.4775585e-06
961,1.3248849,3.4831464e-06
961,1.324884,3.4868717e-06
961,1.3248831,3.490597e-06
962,1.3248822,3.4961849e-06
962,1.3248813,3.4999102e-06
962,1.3248804,3.5036355e-06
962,1.3248795,3.5073608e-06
962,1.3248786,3.5129488e-06
962,1.3248777,3.516674e-06
962,1.3248769,3.5185367e-06
962,1.324876,3.5241246e-06
962,1.3248751,3.5259873e-06
962,1.3248742,3.5315752e-06
962,1.3248733,3.5334378e-06
963,1.3248724,3.5371631e-06
963,1.3248715,3.5408884e-06
963,1.3248706,3.5427511e-06
963,1.3248697,3.5464764e-06
963,1.3248688,3.548339e-06
963,1.3248679,3.5520643e-06
963,1.324867,3.5557896e-06
963,1.3248661,3.5576522e-06
963,1.3248652,3.5632402e-06
963,1.3248643,3.5651028e-06
963,1.3248634,3.5688281e-06
964,1.3248625,3.5706908e-06
964,1.3248616,3.574416e-06
964,1.3248607,3.5781413e-06
964,1.3248598,3.580004e-06
964,1.3248589,3.5837293e-06
964,1.324858,3.5855919e-06
964,1.3248571,3.5893172e-06
964,1.3248562,3.5911798e-06
964,1.3248553,3.5949051e-06
964,1.3248543,3.5967678e-06
964,1.3248534,3.6004931e-06
965,1.3248525,3.6023557e-06
965,1.3248516,3.6042184e-06
965,1.3248507,3.606081e-06
965,1.3248498,3.6098063e-06
965,1.3248489,3.6116689e-06
965,1.324848,3.6153942e-06
965,1.3248471,3.6172569e-06
965,1.3248462,3.6191195e-06
965,1.3248453,3.6228448e-06
965,1.3248444,3.6247075e-06
965,1.3248435,3.6284328e-06
965,1.3248426,3.6302954e-06
966,1.3248417,3.632158e-06
966,1.3248407,3.6358833e-06
966,1.3248398,3.637746e-06
966,1.3248389,3.6396086e-06
966,1.324838,3.6414713e-06
966,1.3248371,3.6433339e-06
966,1.3248362,3.6470592e-06
966,1.3248353,3.6489218e-06
966,1.3248344,3.6526471e-06
966,1.3248335,3.6545098e-06
966,1.3248326,3.6563724e-06
967,1.3248316,3.6582351e-06
967,1.3248307,3.6600977e-06
967,1.3248298,3.6619604e-06
967,1.3248289,3.663823e-06
967,1.324828,3.6656857e-06
967,1.3248271,3.6675483e-06
967,1.3248262,3.6694109e-06
967,1.3248253,3.6712736e-06
967,1.3248243,3.6731362e-06
967,1.3248234,3.6749989e-06
967,1.3248225,3.6749989e-06
968,1.3248216,3.6768615e-06
968,1.3248207,3.6787242e-06
968,1.3248198,3.6787242e-06
968,1.3248189,3.6805868e-06
968,1.3248179,3.6824495e-06
968,1.324817,3.6824495e-06
968,1.3248161,3.6843121e-06
968,1.3248152,3.6861748e-06
968,1.3248143,3.6861748e-06
968,1.3248134,3.6880374e-06
968,1.3248124,3.6899e-06
969,1.3248115,3.6899e-06
969,1.3248106,3.6917627e-06
969,1.3248097,3.6936253e-06
969,1.3248088,3.6936253e-06
969,1.3248078,3.695488e-06
969,1.3248069,3.6973506e-06
969,1.324806,3.6992133e-06
969,1.3248051,3.7010759e-06
969,1.3248042,3.7010759e-06
969,1.3248032,3.7029386e-06
969,1.3248023,3.7048012e-06
970,1.3248014,3.7066638e-06
970,1.3248005,3.7085265e-06
970,1.3247995,3.7085265e-06
970,1.3247986,3.7103891e-06
970,1.3247977,3.7122518e-06
970,1.3247968,3.7122518e-06
970,1.3247958,3.7141144e-06
970,1.3247949,3.7159771e-06
970,1.324794,3.7178397e-06
970,1.3247931,3.7197024e-06
970,1.3247921,3.721565e-06
971,1.3247912,3.721565e-06
971,1.3247903,3.7234277e-06
971,1.3247894,3.7252903e-06
971,1.3247884,3.7271529e-06
971,1.3247875,3.7271529e-06
971,1.3247866,3.7290156e-06
971,1.3247857,3.7308782e-06
971,1.3247847,3.7327409e-06
971,1.3247838,3.7327409e-06
971,1.3247829,3.7346035e-06
971,1.324782,3.7364662e-06
972,1.324781,3.7383288e-06
972,1.3247801,3.7401915e-06
972,1.3247792,3.7401915e-06
972,1.3247782,3.7420541e-06
972,1.3247773,3.7439167e-06
972,1.3247764,3.7457794e-06
972,1.3247754,3.7457794e-06
972,1.3247745,3.747642e-06
972,1.3247736,3.7495047e-06
972,1.3247727,3.7513673e-06
972,1.3247717,3.7513673e-06
973,1.3247708,3.75323e-06
973,1.3247699,3.75323e-06
973,1.3247689,3.7550926e-06
973,1.324768,3.7569553e-06
973,1.3247671,3.7569553e-06
973,1.3247661,3.7588179e-06
973,1.3247652,3.7588179e-06
973,1.3247643,3.7606806e-06
973,1.3247633,3.7606806e-06
973,1.3247624,3.7625432e-06
973,1.3247615,3.7625432e-06
974,1.3247605,3.7644058e-06
974,1.3247596,3.7644058e-06
974,1.3247586,3.7662685e-06
974,1.3247577,3.7662685e-06
974,1.3247568,3.7681311e-06
974,1.3247558,3.7681311e-06
974,1.3247549,3.7681311e-06
974,1.324754,3.7699938e-06
974,1.324753,3.7699938e-06
974,1.3247521,3.7699938e-06
974,1.3247512,3.7718564e-06
975,1.3247502,3.7718564e-06
975,1.3247493,3.7718564e-06
975,1.3247483,3.7737191e-06
975,1.3247474,3.7737191e-06
975,1.3247465,3.7737191e-06
975,1.3247455,3.7755817e-06
975,1.3247446,3.7755817e-06
975,1.3247436,3.7755817e-06
975,1.3247427,3.7755817e-06
975,1.3247418,3.7774444e-06
975,1.3247408,3.7774444e-06
976,1.3247399,3.7774444e-06
976,1.3247389,3.7774444e-06
976,1.324738,3.7774444e-06
976,1.324737,3.779307e-06
976,1.3247361,3.779307e-06
976,1.3247352,3.779307e-06
976,1.3247342,3.779307e-06
976,1.3247333,3.779307e-06
976,1.3247323,3.779307e-06
976,1.3247314,3.779307e-06
977,1.3247304,3.779307e-06
977,1.3247295,3.779307e-06
977,1.3247286,3.779307e-06
977,1.3247276,3.779307e-06
977,1.3247267,3.7811697e-06
977,1.3247257,3.7811697e-06
977,1.3247248,3.7811697e-06
977,1.3247238,3.7811697e-06
977,1.3247229,3.779307e-06
977,1.3247219,3.779307e-06
977,1.324721,3.779307e-06
978,1.32472,3.779307e-06
978,1.3247191,3.779307e-06
978,1.3247181,3.779307e-06
978,1.3247172,3.779307e-06
978,1.3247162,3.779307e-06
978,1.3247153,3.779307e-06
978,1.3247143,3.779307e-06
978,1.3247134,3.7774444e-06
978,1.3247124,3.7774444e-06
978,1.3247115,3.7774444e-06
978,1.3247105,3.7755817e-06
979,1.3247096,3.7755817e-06
979,1.3247086,3.7737191e-06
979,1.3247077,3.7737191e-06
979,1.3247067,3.7718564e-06
979,1.3247058,3.7718564e-06
979,1.3247048,3.7699938e-06
979,1.3247039,3.7699938e-06
979,1.3247029,3.7681311e-06
979,1.324702,3.7681311e-06
979,1.324701,3.7662685e-06
979,1.3247001,3.7644058e-06
980,1.3246991,3.7644058e-06
980,1.3246981,3.7625432e-06
980,1.3246972,3.7606806e-06
980,1.3246962,3.7606806e-06
980,1.3246953,3.7588179e-06
980,1.3246943,3.7569553e-06
980,1.3246934,3.7569553e-06
980,1.3246924,3.7550926e-06
980,1.3246914,3.7550926e-06
980,1.3246905,3.75323e-06
980,1.3246895,3.75323e-06
981,1.3246886,3.7513673e-06
981,1.3246876,3.7513673e-06
981,1.3246866,3.7495047e-06
981,1.3246857,3.7495047e-06
981,1.3246847,3.747642e-06
981,1.3246838,3.747642e-06
981,1.3246828,3.7457794e-06
981,1.3246818,3.7457794e-06
981,1.3246809,3.7439167e-06
981,1.3246799,3.7439167e-06
982,1.324679,3.7420541e-06
982,1.324678,3.7420541e-06
982,1.324677,3.7401915e-06
982,1.3246761,3.7401915e-06
982,1.3246751,3.7383288e-06
982,1.3246741,3.7364662e-06
982,1.3246732,3.7364662e-06
982,1.3246722,3.7346035e-06
982,1.3246713,3.7327409e-06
982,1.3246703,3.7308782e-06
982,1.3246693,3.7308782e-06
983,1.3246684,3.7290156e-06
983,1.3246674,3.7271529e-06
983,1.3246664,3.7271529e-06
983,1.3246655,3.7252903e-06
983,1.3246645,3.7234277e-06
983,1.3246635,3.721565e-06
983,1.3246626,3.7197024e-06
983,1.3246616,3.7197024e-06
983,1.3246606,3.7178397e-06
983,1.3246597,3.7159771e-06
983,1.3246587,3.7141144e-06
984,1.3246577,3.7122518e-06
984,1.3246567,3.7103891e-06
984,1.3246558,3.7085265e-06
984,1.3246548,3.7085265e-06
984,1.3246538,3.7066638e-06
984,1.3246529,3.7048012e-06
984,1.3246519,3.7029386e-06
984,1.3246509,3.7010759e-06
984,1.32465,3.6992133e-06
984,1.324649,3.6973506e-06
984,1.324648,3.695488e-06
985,1.324647,3.6936253e-06
985,1.3246461,3.6917627e-06
985,1.3246451,3.6899e-06
985,1.3246441,3.6880374e-06
985,1.3246431,3.6861748e-06
985,1.3246422,3.6843121e-06
985,1.3246412,3.6805868e-06
985,1.3246402,3.6787242e-06
985,1.3246392,3.6768615e-06
985,1.3246383,3.6749989e-06
986,1.3246373,3.6731362e-06
986,1.3246363,3.6712736e-06
986,1.3246353,3.6694109e-06
986,1.3246344,3.6656857e-06
986,1.3246334,3.663823e-06
986,1.3246324,3.6619604e-06
986,1.3246314,3.6600977e-06
986,1.3246304,3.6582351e-06
986,1.3246295,3.6545098e-06
986,1.3246285,3.6526471e-06
986,1.3246275,3.6507845e-06
987,1.3246265,3.6489218e-06
987,1.3246256,3.6470592e-06
987,1.3246246,3.6433339e-06
987,1.3246236,3.6414713e-06
987,1.3246226,3.637746e-06
987,1.3246216,3.6358833e-06
987,1.3246206,3.6340207e-06
987,1.3246197,3.6302954e-06
987,1.3246187,3.6284328e-06
987,1.3246177,3.6247075e-06
987,1.3246167,3.6228448e-06
988,1.3246157,3.6209822e-06
988,1.3246148,3.6172569e-06
988,1.3246138,3.6153942e-06
988,1.3246128,3.6135316e-06
988,1.3246118,3.6116689e-06
988,1.3246108,3.6079437e-06
988,1.3246098,3.606081e-06
988,1.3246088,3.6042184e-06
988,1.3246079,3.6004931e-06
988,1.3246069,3.5986304e-06
989,1.3246059,3.5967678e-06
989,1.3246049,3.5949051e-06
989,1.3246039,3.5911798e-06
989,1.3246029,3.5893172e-06
989,1.3246019,3.5874546e-06
989,1.3246009,3.5837293e-06
989,1.3246,3.5818666e-06
989,1.324599,3.580004e-06
989,1.324598,3.5762787e-06
989,1.324597,3.574416e-06
989,1.324596,3.5725534e-06
990,1.324595,3.5706908e-06
990,1.324594,3.5669655e-06
990,1.324593,3.5651028e-06
990,1.324592,3.5613775e-06
990,1.324591,3.5576522e-06
990,1.32459,3.5557896e-06
990,1.3245891,3.5520643e-06
990,1.3245881,3.548339e-06
990,1.3245871,3.5464764e-06
990,1.3245861,3.5427511e-06
991,1.3245851,3.5390258e-06
991,1.3245841,3.5353005e-06
991,1.3245831,3.5315752e-06
991,1.3245821,3.5297126e-06
991,1.3245811,3.5259873e-06
991,1.3245801,3.522262e-06
991,1.3245791,3.5185367e-06
991,1.3245781,3.5148114e-06
991,1.3245771,3.5092235e-06
991,1.3245761,3.5073608e-06
991,1.3245751,3.5036355e-06
992,1.3245741,3.4999102e-06
992,1.3245731,3.4961849e-06
992,1.3245721,3.4924597e-06
992,1.3245711,3.490597e-06
992,1.3245701,3.4887344e-06
992,1.3245691,3.4850091e-06
992,1.3245681,3.4831464e-06
992,1.3245671,3.4794211e-06
992,1.3245661,3.4775585e-06
992,1.3245651,3.4756958e-06
993,1.3245641,3.4719706e-06
993,1.3245631,3.4701079e-06
993,1.3245621,3.4682453e-06
993,1.3245611,3.4663826e-06
993,1.3245601,3.46452e-06
993,1.3245591,3.4607947e-06
993,1.3245581,3.458932e-06
993,1.3245571,3.4570694e-06
993,1.3245561,3.4552068e-06
993,1.3245551,3.4533441e-06
993,1.3245541,3.4514815e-06
994,1.3245531,3.4496188e-06
994,1.3245521,3.4458935e-06
994,1.3245511,3.4440309e-06
994,1.3245501,3.4403056e-06
994,1.3245491,3.4365803e-06
994,1.3245481,3.4347177e-06
994,1.3245471,3.4291297e-06
994,1.324546,3.4272671e-06
994,1.324545,3.4235418e-06
994,1.324544,3.4198165e-06
995,1.324543,3.4179538e-06
995,1.324542,3.4142286e-06
995,1.324541,3.4105033e-06
995,1.32454,3.406778e-06
995,1.324539,3.4030527e-06
995,1.324538,3.3993274e-06
995,1.324537,3.3956021e-06
995,1.324536,3.3937395e-06
995,1.3245349,3.3881515e-06
995,1.3245339,3.3844262e-06
995,1.3245329,3.3807009e-06
996,1.3245319,3.3769757e-06
996,1.3245309,3.375113e-06
996,1.3245299,3.3695251e-06
996,1.3245289,3.3676624e-06
996,1.3245279,3.3639371e-06
996,1.3245268,3.3602118e-06
996,1.3245258,3.3583492e-06
996,1.3245248,3.3546239e-06
996,1.3245238,3.3508986e-06
996,1.3245228,3.3471733e-06
997,1.3245218,3.343448e-06
997,1.3245208,3.3397228e-06
997,1.3245197,3.3378601e-06
997,1.3245187,3.3341348e-06
997,1.3245177,3.3304095e-06
997,1.3245167,3.3266842e-06
997,1.3245157,3.3229589e-06
997,1.3245146,3.3210963e-06
997,1.3245136,3.317371e-06
997,1.3245126,3.3136457e-06
997,1.3245116,3.3099204e-06
998,1.3245106,3.3061951e-06
998,1.3245096,3.3043325e-06
998,1.3245085,3.3006072e-06
998,1.3245075,3.2968819e-06
998,1.3245065,3.2931566e-06
998,1.3245055,3.2894313e-06
998,1.3245044,3.2875687e-06
998,1.3245034,3.2838434e-06
998,1.3245024,3.2801181e-06
998,1.3245014,3.2763928e-06
999,1.3245004,3.2726675e-06
999,1.3244993,3.2689422e-06
999,1.3244983,3.2652169e-06
999,1.3244973,3.2633543e-06
999,1.3244963,3.259629e-06
999,1.3244952,3.2559037e-06
999,1.3244942,3.2521784e-06
999,1.3244932,3.2484531e-06
999,1.3244922,3.2465905e-06
999,1.3244911,3.2428652e-06
999,1.3244901,3.2391399e-06
1000,1.3244891,3.2354146e-06
1000,1.3244881,3.2316893e-06
1000,1.324487,3.227964e-06
1000,1.324486,3.2261014e-06
1000,1.324485,3.2205135e-06
1000,1.3244839,3.2167882e-06
1000,1.3244829,3.2130629e-06
1000,1.3244819,3.2093376e-06
1000,1.3244809,3.2056123e-06
1000,1.3244798,3.201887e-06
1001,1.3244788,3.1981617e-06
1001,1.3244778,3.1944364e-06
1001,1.3244767,3.1907111e-06
1001,1.3244757,3.1851232e-06
1001,1.3244747,3.1832606e-06
1001,1.3244736,3.1795353e-06
1001,1.3244726,3.1739473e-06
1001,1.3244716,3.170222e-06
1001,1.3244705,3.1664968e-06
1001,1.3244695,3.1627715e-06
1002,1.3244685,3.1590462e-06
1002,1.3244674,3.1553209e-06
1002,1.3244664,3.1515956e-06
1002,1.3244654,3.1478703e-06
1002,1.3244643,3.144145e-06
1002,1.3244633,3.1404197e-06
1002,1.3244623,3.1366944e-06
1002,1.3244612,3.1348318e-06
1002,1.3244602,3.1292439e-06
1002,1.3244591,3.1273812e-06
1002,1.3244581,3.1236559e-06
1003,1.3244571,3.1199306e-06
1003,1.324456,3.118068e-06
1003,1.324455,3.11248e-06
1003,1.3244539,3.1106174e-06
1003,1.3244529,3.1068921e-06
1003,1.3244519,3.1031668e-06
1003,1.3244508,3.1013042e-06
1003,1.3244498,3.0975789e-06
1003,1.3244487,3.0938536e-06
1003,1.3244477,3.0901283e-06
1004,1.3244467,3.0882657e-06
1004,1.3244456,3.0845404e-06
1004,1.3244446,3.0808151e-06
1004,1.3244435,3.0770898e-06
1004,1.3244425,3.0715019e-06
1004,1.3244415,3.0696392e-06
1004,1.3244404,3.0640513e-06
1004,1.3244394,3.0621886e-06
1004,1.3244383,3.0584633e-06
1004,1.3244373,3.0528754e-06
1005,1.3244362,3.0510128e-06
1005,1.3244352,3.0454248e-06
1005,1.3244341,3.0416995e-06
1005,1.3244331,3.0398369e-06
1005,1.3244321,3.0342489e-06
1005,1.324431,3.0305237e-06
1005,1.32443,3.0267984e-06
1005,1.3244289,3.0230731e-06
1005,1.3244279,3.0193478e-06
1005,1.3244268,3.0137599e-06
1006,1.3244258,3.0100346e-06
1006,1.3244247,3.0063093e-06
1006,1.3244237,3.002584e-06
1006,1.3244226,2.996996e-06
1006,1.3244216,2.9932708e-06
1006,1.3244205,2.9895455e-06
1006,1.3244195,2.9839575e-06
1006,1.3244184,2.9820949e-06
1006,1.3244174,2.9765069e-06
1006,1.3244163,2.9727817e-06
1006,1.3244153,2.9690564e-06
1007,1.3244142,2.9634684e-06
1007,1.3244132,2.9597431e-06
1007,1.3244121,2.9541552e-06
1007,1.324411,2.9504299e-06
1007,1.32441,2.9467046e-06
1007,1.3244089,2.9411167e-06
1007,1.3244079,2.9373914e-06
1007,1.3244068,2.9318035e-06
1007,1.3244058,2.9280782e-06
1007,1.3244047,2.9243529e-06
1008,1.3244037,2.9187649e-06
1008,1.3244026,2.9150397e-06
1008,1.3244015,2.9094517e-06
1008,1.3244005,2.9057264e-06
1008,1.3243994,2.9020011e-06
1008,1.3243984,2.8982759e-06
1008,1.3243973,2.8945506e-06
1008,1.3243963,2.8889626e-06
1008,1.3243952,2.8852373e-06
1008,1.3243941,2.8796494e-06
1009,1.3243931,2.8759241e-06
1009,1.324392,2.8721988e-06
1009,1.3243909,2.8666109e-06
1009,1.3243899,2.8628856e-06
1009,1.3243888,2.8572977e-06
1009,1.3243878,2.8535724e-06
1009,1.3243867,2.8498471e-06
1009,1.3243856,2.8461218e-06
1009,1.3243846,2.8423965e-06
1009,1.3243835,2.8368086e-06
1010,1.3243824,2.8330833e-06
1010,1.3243814,2.8274953e-06
1010,1.3243803,2.82377e-06
1010,1.3243793,2.8200448e-06
1010,1.3243782,2.8144568e-06
1010,1.3243771,2.8107315e-06
1010,1.3243761,2.8051436e-06
1010,1.324375,2.8014183e-06
1010,1.3243739,2.797693e-06
1010,1.3243729,2.7939677e-06
1011,1.3243718,2.7902424e-06
1011,1.3243707,2.7846545e-06
1011,1.3243696,2.7809292e-06
1011,1.3243686,2.7772039e-06
1011,1.3243675,2.771616e-06
1011,1.3243664,2.7678907e-06
1011,1.3243654,2.7623028e-06
1011,1.3243643,2.7585775e-06
1011,1.3243632,2.7529895e-06
1011,1.3243622,2.7492642e-06
1011,1.3243611,2.7455389e-06
1012,1.32436,2.739951e-06
1012,1.3243589,2.7380884e-06
1012,1.3243579,2.7325004e-06
1012,1.3243568,2.7287751e-06
1012,1.3243557,2.7250499e-06
1012,1.3243546,2.7213246e-06
1012,1.3243536,2.7175993e-06
1012,1.3243525,2.7120113e-06
1012,1.3243514,2.708286e-06
1012,1.3243503,2.7064234e-06
1013,1.3243493,2.7008355e-06
1013,1.3243482,2.6971102e-06
1013,1.3243471,2.6933849e-06
1013,1.324346,2.6896596e-06
1013,1.324345,2.6859343e-06
1013,1.3243439,2.682209e-06
1013,1.3243428,2.6784837e-06
1013,1.3243417,2.6747584e-06
1013,1.3243406,2.6710331e-06
1013,1.3243396,2.6673079e-06
1014,1.3243385,2.6635826e-06
1014,1.3243374,2.6598573e-06
1014,1.3243363,2.656132e-06
1014,1.3243352,2.6524067e-06
1014,1.3243342,2.6486814e-06
1014,1.3243331,2.6449561e-06
1014,1.324332,2.6412308e-06
1014,1.3243309,2.6375055e-06
1014,1.3243298,2.6337802e-06
1014,1.3243288,2.6281923e-06
1015,1.3243277,2.6263297e-06
1015,1.3243266,2.6226044e-06
1015,1.3243255,2.6170164e-06
1015,1.3243244,2.6151538e-06
1015,1.3243233,2.6095659e-06
1015,1.3243223,2.6058406e-06
1015,1.3243212,2.6021153e-06
1015,1.3243201,2.59839e-06
1015,1.324319,2.5946647e-06
1015,1.3243179,2.5909394e-06
1016,1.3243168,2.5872141e-06
1016,1.3243157,2.5816262e-06
1016,1.3243146,2.5797635e-06
1016,1.3243136,2.5760382e-06
1016,1.3243125,2.5704503e-06
1016,1.3243114,2.5685877e-06
1016,1.3243103,2.5629997e-06
1016,1.3243092,2.5592744e-06
1016,1.3243081,2.5574118e-06
1016,1.324307,2.5518239e-06
1017,1.3243059,2.5480986e-06
1017,1.3243048,2.5443733e-06
1017,1.3243038,2.540648e-06
1017,1.3243027,2.53506e-06
1017,1.3243016,2.5331974e-06
1017,1.3243005,2.5294721e-06
1017,1.3242994,2.5238842e-06
1017,1.3242983,2.5220215e-06
1017,1.3242972,2.5164336e-06
1017,1.3242961,2.5127083e-06
1018,1.324295,2.5108457e-06
1018,1.3242939,2.5052577e-06
1018,1.3242928,2.5015324e-06
1018,1.3242917,2.4978071e-06
1018,1.3242906,2.4940819e-06
1018,1.3242895,2.4903566e-06
1018,1.3242884,2.4847686e-06
1018,1.3242873,2.4810433e-06
1018,1.3242862,2.4754554e-06
1018,1.3242851,2.4717301e-06
1019,1.3242841,2.4680048e-06
1019,1.324283,2.4624169e-06
1019,1.3242819,2.456829e-06
1019,1.3242808,2.451241e-06
1019,1.3242797,2.4475157e-06
1019,1.3242786,2.4419278e-06
1019,1.3242775,2.4382025e-06
1019,1.3242764,2.4326146e-06
1019,1.3242753,2.4270266e-06
1019,1.3242742,2.4233013e-06
1020,1.324273,2.4158508e-06
1020,1.3242719,2.4121255e-06
1020,1.3242708,2.4084002e-06
1020,1.3242697,2.4009496e-06
1020,1.3242686,2.3972243e-06
1020,1.3242675,2.3916364e-06
1020,1.3242664,2.3879111e-06
1020,1.3242653,2.3841858e-06
1020,1.3242642,2.3785979e-06
1020,1.3242631,2.3748726e-06
1021,1.324262,2.3692846e-06
1021,1.3242609,2.3655593e-06
1021,1.3242598,2.3599714e-06
1021,1.3242587,2.3562461e-06
1021,1.3242576,2.3525208e-06
1021,1.3242565,2.3469329e-06
1021,1.3242554,2.3432076e-06
1021,1.3242542,2.3394823e-06
1021,1.3242531,2.335757e-06
1021,1.324252,2.3320317e-06
1022,1.3242509,2.3264438e-06
1022,1.3242498,2.3227185e-06
1022,1.3242487,2.3171306e-06
1022,1.3242476,2.3134053e-06
1022,1.3242465,2.3115426e-06
1022,1.3242454,2.3059547e-06
1022,1.3242442,2.3022294e-06
1022,1.3242431,2.2966415e-06
1022,1.324242,2.2929162e-06
1022,1.3242409,2.2891909e-06
1023,1.3242398,2.283603e-06
1023,1.3242387,2.2798777e-06
1023,1.3242376,2.2742897e-06
1023,1.3242364,2.2705644e-06
1023,1.3242353,2.2649765e-06
1023,1.3242342,2.2631139e-06
1023,1.3242331,2.2593886e-06
1023,1.324232,2.2538006e-06
1023,1.3242309,2.2500753e-06
1023,1.3242297,2.2444874e-06
1024,1.3242286,2.2407621e-06
1024,1.3242275,2.2370368e-06
1024,1.3242264,2.2314489e-06
1024,1.3242253,2.2277236e-06
1024,1.3242242,2.2221357e-06
1024,1.324223,2.2184104e-06
1024,1.3242219,2.2146851e-06
1024,1.3242208,2.2109598e-06
1024,1.3242197,2.2072345e-06
1024,1.3242185,2.2016466e-06
1025,1.3242174,2.1997839e-06
1025,1.3242163,2.194196e-06
1025,1.3242152,2.1904707e-06
1025,1.3242141,2.1867454e-06
1025,1.3242129,2.1830201e-06
1025,1.3242118,2.1792948e-06
1025,1.3242107,2.1737069e-06
1025,1.3242096,2.1718442e-06
1025,1.3242084,2.168119e-06
1026,1.3242073,2.1643937e-06
1026,1.3242062,2.1606684e-06
1026,1.3242051,2.1550804e-06
1026,1.3242039,2.1532178e-06
1026,1.3242028,2.1494925e-06
1026,1.3242017,2.1457672e-06
1026,1.3242005,2.1420419e-06
1026,1.3241994,2.1383166e-06
1026,1.3241983,2.1345913e-06
1026,1.3241972,2.1290034e-06
1027,1.324196,2.1252781e-06
1027,1.3241949,2.1215528e-06
1027,1.3241938,2.1159649e-06
1027,1.3241926,2.1122396e-06
1027,1.3241915,2.1085143e-06
1027,1.3241904,2.104789e-06
1027,1.3241892,2.1010637e-06
1027,1.3241881,2.0954758e-06
1027,1.324187,2.0917505e-06
1027,1.3241858,2.0861626e-06
1028,1.3241847,2.0824373e-06
1028,1.3241836,2.078712e-06
1028,1.3241824,2.0731241e-06
1028,1.3241813,2.0693988e-06
1028,1.3241802,2.0638108e-06
1028,1.324179,2.0600855e-06
1028,1.3241779,2.0563602e-06
1028,1.3241768,2.0507723e-06
1028,1.3241756,2.047047e-06
1028,1.3241745,2.0414591e-06
1029,1.3241734,2.0377338e-06
1029,1.3241722,2.0321459e-06
1029,1.3241711,2.0284206e-06
1029,1.3241699,2.0265579e-06
1029,1.3241688,2.02097e-06
1029,1.3241677,2.0172447e-06
1029,1.3241665,2.0116568e-06
1029,1.3241654,2.0079315e-06
1029,1.3241642,2.0042062e-06
1029,1.3241631,1.9986182e-06
1030,1.324162,1.994893e-06
1030,1.3241608,1.989305e-06
1030,1.3241597,1.9855797e-06
1030,1.3241585,1.9818544e-06
1030,1.3241574,1.9762665e-06
1030,1.3241562,1.9725412e-06
1030,1.3241551,1.9688159e-06
1030,1.3241539,1.9650906e-06
1030,1.3241528,1.9595027e-06
1031,1.3241517,1.9557774e-06
1031,1.3241505,1.9520521e-06
1031,1.3241494,1.9483268e-06
1031,1.3241482,1.9446015e-06
1031,1.3241471,1.9408762e-06
1031,1.3241459,1.937151e-06
1031,1.3241448,1.9352883e-06
1031,1.3241436,1.9297004e-06
1031,1.3241425,1.9278377e-06
1031,1.3241413,1.9222498e-06
1032,1.3241402,1.9203871e-06
1032,1.324139,1.9166619e-06
1032,1.3241379,1.9129366e-06
1032,1.3241367,1.9110739e-06
1032,1.3241356,1.9073486e-06
1032,1.3241344,1.9036233e-06
1032,1.3241333,1.8998981e-06
1032,1.3241321,1.8980354e-06
1032,1.324131,1.8961728e-06
1032,1.3241298,1.8924475e-06
1033,1.3241287,1.8887222e-06
1033,1.3241275,1.8849969e-06
1033,1.3241263,1.8812716e-06
1033,1.3241252,1.879409e-06
1033,1.324124,1.873821e-06
1033,1.3241229,1.8700957e-06
1033,1.3241217,1.8663704e-06
1033,1.3241206,1.8626451e-06
1033,1.3241194,1.8589199e-06
1033,1.3241183,1.8551946e-06
1034,1.3241171,1.8514693e-06
1034,1.3241159,1.847744e-06
1034,1.3241148,1.8440187e-06
1034,1.3241136,1.8402934e-06
1034,1.3241125,1.8365681e-06
1034,1.3241113,1.8328428e-06
1034,1.3241101,1.8272549e-06
1034,1.324109,1.8235296e-06
1034,1.3241078,1.8198043e-06
1035,1.3241067,1.816079e-06
1035,1.3241055,1.8123537e-06
1035,1.3241043,1.8067658e-06
1035,1.3241032,1.8049031e-06
1035,1.324102,1.7993152e-06
1035,1.3241009,1.7974526e-06
1035,1.3240997,1.7937273e-06
1035,1.3240985,1.790002e-06
1035,1.3240974,1.7862767e-06
1035,1.3240962,1.7825514e-06
1036,1.324095,1.7806888e-06
1036,1.3240939,1.7769635e-06
1036,1.3240927,1.7732382e-06
1036,1.3240915,1.7695129e-06
1036,1.3240904,1.7657876e-06
1036,1.3240892,1.763925e-06
1036,1.324088,1.758337e-06
1036,1.3240869,1.7564744e-06
1036,1.3240857,1.7527491e-06
1036,1.3240845,1.7490238e-06
1037,1.3240833,1.7471611e-06
1037,1.3240822,1.7434359e-06
1037,1.324081,1.7397106e-06
1037,1.3240798,1.7378479e-06
1037,1.3240787,1.7341226e-06
1037,1.3240775,1.7303973e-06
1037,1.3240763,1.7266721e-06
1037,1.3240751,1.7229468e-06
1037,1.324074,1.7210841e-06
1038,1.3240728,1.7173588e-06
1038,1.3240716,1.7136335e-06
1038,1.3240705,1.7099082e-06
1038,1.3240693,1.706183e-06
1038,1.3240681,1.7043203e-06
1038,1.3240669,1.700595e-06
1038,1.3240657,1.6968697e-06
1038,1.3240646,1.6931444e-06
1038,1.3240634,1.6894192e-06
1038,1.3240622,1.6856939e-06
1039,1.324061,1.6838312e-06
1039,1.3240599,1.6801059e-06
1039,1.3240587,1.6763806e-06
1039,1.3240575,1.6726553e-06
1039,1.3240563,1.6689301e-06
1039,1.3240551,1.6670674e-06
1039,1.324054,1.6633421e-06
1039,1.3240528,1.6596168e-06
1039,1.3240516,1.6577542e-06
1040,1.3240504,1.6540289e-06
1040,1.3240492,1.6521662e-06
1040,1.3240481,1.648441e-06
1040,1.3240469,1.6447157e-06
1040,1.3240457,1.642853e-06
1040,1.3240445,1.6391277e-06
1040,1.3240433,1.6372651e-06
1040,1.3240421,1.6335398e-06
1040,1.324041,1.6298145e-06
1040,1.3240398,1.6279519e-06
1041,1.3240386,1.6242266e-06
1041,1.3240374,1.6223639e-06
1041,1.3240362,1.6186386e-06
1041,1.324035,1.616776e-06
1041,1.3240338,1.6149133e-06
1041,1.3240326,1.6111881e-06
1041,1.3240315,1.6093254e-06
1041,1.3240303,1.6056001e-06
1041,1.3240291,1.6037375e-06
1041,1.3240279,1.6000122e-06
1042,1.3240267,1.5962869e-06
1042,1.3240255,1.5944242e-06
1042,1.3240243,1.590699e-06
1042,1.3240231,1.5888363e-06
1042,1.3240219,1.585111e-06
1042,1.3240207,1.5832484e-06
1042,1.3240196,1.5795231e-06
1042,1.3240184,1.5757978e-06
1042,1.3240172,1.5739352e-06
1043,1.324016,1.5702099e-06
1043,1.3240148,1.5683472e-06
1043,1.3240136,1.5664846e-06
1043,1.3240124,1.5627593e-06
1043,1.3240112,1.559034e-06
1043,1.32401,1.5571713e-06
1043,1.3240088,1.5534461e-06
1043,1.3240076,1.5515834e-06
1043,1.3240064,1.5478581e-06
1043,1.3240052,1.5459955e-06
1044,1.324004,1.5422702e-06
1044,1.3240028,1.5404075e-06
1044,1.3240016,1.5366822e-06
1044,1.3240004,1.532957e-06
1044,1.3239992,1.5310943e-06
1044,1.323998,1.527369e-06
1044,1.3239968,1.5255064e-06
1044,1.3239956,1.5217811e-06
1044,1.3239944,1.5199184e-06
1045,1.3239932,1.5161932e-06
1045,1.323992,1.5124679e-06
1045,1.3239908,1.5106052e-06
1045,1.3239896,1.5068799e-06
1045,1.3239884,1.5050173e-06
1045,1.3239872,1.5031546e-06
1045,1.323986,1.4994293e-06
1045,1.3239848,1.4957041e-06
1045,1.3239836,1.4919788e-06
1045,1.3239824,1.4901161e-06
1046,1.3239812,1.4882535e-06
1046,1.32398,1.4845282e-06
1046,1.3239788,1.4826655e-06
1046,1.3239775,1.4789402e-06
1046,1.3239763,1.475215e-06
1046,1.3239751,1.4714897e-06
1046,1.3239739,1.469627e-06
1046,1.3239727,1.4677644e-06
1046,1.3239715,1.4640391e-06
1047,1.3239703,1.4621764e-06
1047,1.3239691,1.4584512e-06
1047,1.3239679,1.4547259e-06
1047,1.3239667,1.4528632e-06
1047,1.3239654,1.4491379e-06
1047,1.3239642,1.4472753e-06
1047,1.323963,1.44355e-06
1047,1.3239618,1.4416873e-06
1047,1.3239606,1.4379621e-06
1047,1.3239594,1.4342368e-06
1048,1.3239582,1.4323741e-06
1048,1.3239569,1.4286488e-06
1048,1.3239557,1.4267862e-06
1048,1.3239545,1.4249235e-06
1048,1.3239533,1.4211982e-06
1048,1.3239521,1.4211982e-06
1048,1.3239509,1.417473e-06
1048,1.3239496,1.4156103e-06
1048,1.3239484,1.4137477e-06
1049,1.3239472,1.411885e-06
1049,1.323946,1.4100224e-06
1049,1.3239448,1.4081597e-06
1049,1.3239435,1.4062971e-06
1049,1.3239423,1.4025718e-06
1049,1.3239411,1.4025718e-06
1049,1.3239399,1.4007092e-06
1049,1.3239387,1.3988465e-06
1049,1.3239374,1.3969839e-06
1050,1.3239362,1.3951212e-06
1050,1.323935,1.3932586e-06
1050,1.3239338,1.3913959e-06
1050,1.3239325,1.3895333e-06
1050,1.3239313,1.3895333e-06
1050,1.3239301,1.3876706e-06
1050,1.3239289,1.385808e-06
1050,1.3239277,1.3820827e-06
1050,1.3239264,1.3802201e-06
1050,1.3239252,1.3802201e-06
1051,1.323924,1.3764948e-06
1051,1.3239227,1.3746321e-06
1051,1.3239215,1.3727695e-06
1051,1.3239203,1.3709068e-06
1051,1.3239191,1.3690442e-06
1051,1.3239178,1.3671815e-06
1051,1.3239166,1.3653189e-06
1051,1.3239154,1.3634562e-06
1051,1.3239141,1.3615936e-06
1052,1.3239129,1.359731e-06
1052,1.3239117,1.3578683e-06
1052,1.3239104,1.3560057e-06
1052,1.3239092,1.354143e-06
1052,1.323908,1.3522804e-06
1052,1.3239068,1.3504177e-06
1052,1.3239055,1.3485551e-06
1052,1.3239043,1.3466924e-06
1052,1.3239031,1.3448298e-06
1052,1.3239018,1.3429672e-06
1053,1.3239006,1.3411045e-06
1053,1.3238993,1.3392419e-06
1053,1.3238981,1.3373792e-06
1053,1.3238969,1.3355166e-06
1053,1.3238956,1.3336539e-06
1053,1.3238944,1.3299286e-06
1053,1.3238932,1.3299286e-06
1053,1.3238919,1.328066e-06
1053,1.3238907,1.3243407e-06
1054,1.3238894,1.3243407e-06
1054,1.3238882,1.3206154e-06
1054,1.323887,1.3187528e-06
1054,1.3238857,1.3187528e-06
1054,1.3238845,1.3150275e-06
1054,1.3238832,1.3131648e-06
1054,1.323882,1.3113022e-06
1054,1.3238808,1.3094395e-06
1054,1.3238795,1.3075769e-06
1055,1.3238783,1.3057142e-06
1055,1.323877,1.3057142e-06
1055,1.3238758,1.301989e-06
1055,1.3238745,1.301989e-06
1055,1.3238733,1.3001263e-06
1055,1.323872,1.2982637e-06
1055,1.3238708,1.296401e-06
1055,1.3238696,1.2945384e-06
1055,1.3238683,1.2945384e-06
1055,1.3238671,1.2926757e-06
1056,1.3238658,1.2908131e-06
1056,1.3238646,1.2908131e-06
1056,1.3238633,1.2889504e-06
1056,1.3238621,1.2870878e-06
1056,1.3238608,1.2852252e-06
1056,1.3238596,1.2852252e-06
1056,1.3238583,1.2833625e-06
1056,1.3238571,1.2814999e-06
1056,1.3238558,1.2814999e-06
1057,1.3238546,1.2796372e-06
1057,1.3238533,1.2777746e-06
1057,1.3238521,1.2759119e-06
1057,1.3238508,1.2759119e-06
1057,1.3238495,1.2740493e-06
1057,1.3238483,1.2740493e-06
1057,1.323847,1.2721866e-06
1057,1.3238458,1.270324e-06
1057,1.3238445,1.270324e-06
1058,1.3238433,1.270324e-06
1058,1.323842,1.2684613e-06
1058,1.3238408,1.2665987e-06
1058,1.3238395,1.2665987e-06
1058,1.3238382,1.2647361e-06
1058,1.323837,1.2647361e-06
1058,1.3238357,1.2628734e-06
1058,1.3238345,1.2628734e-06
1058,1.3238332,1.2628734e-06
1059,1.323832,1.2610108e-06
1059,1.3238307,1.2610108e-06
1059,1.3238294,1.2591481e-06
1059,1.3238282,1.2591481e-06
1059,1.3238269,1.2572855e-06
1059,1.3238256,1.2572855e-06
1059,1.3238244,1.2554228e-06
1059,1.3238231,1.2535602e-06
1059,1.3238219,1.2535602e-06
1059,1.3238206,1.2516975e-06
1060,1.3238193,1.2498349e-06
1060,1.3238181,1.2479722e-06
1060,1.3238168,1.2479722e-06
1060,1.3238155,1.2461096e-06
1060,1.3238143,1.244247e-06
1060,1.323813,1.2423843e-06
1060,1.3238117,1.2405217e-06
1060,1.3238105,1.2405217e-06
1060,1.3238092,1.238659e-06
1061,1.3238079,1.2367964e-06
1061,1.3238067,1.2349337e-06
1061,1.3238054,1.2330711e-06
1061,1.3238041,1.2312084e-06
1061,1.3238029,1.2293458e-06
1061,1.3238016,1.2293458e-06
1061,1.3238003,1.2274832e-06
1061,1.323799,1.2256205e-06
1061,1.3237978,1.2256205e-06
1062,1.3237965,1.2256205e-06
1062,1.3237952,1.2237579e-06
1062,1.3237939,1.2237579e-06
1062,1.3237927,1.2237579e-06
1062,1.3237914,1.2218952e-06
1062,1.3237901,1.2218952e-06
1062,1.3237888,1.2218952e-06
1062,1.3237876,1.2200326e-06
1062,1.3237863,1.2200326e-06
1063,1.323785,1.2200326e-06
1063,1.3237837,1.2200326e-06
1063,1.3237825,1.2200326e-06
1063,1.3237812,1.2200326e-06
1063,1.3237799,1.2200326e-06
1063,1.3237786,1.2200326e-06
1063,1.3237773,1.2200326e-06
1063,1.3237761,1.2181699e-06
1063,1.3237748,1.2181699e-06
1064,1.3237735,1.2181699e-06
1064,1.3237722,1.2181699e-06
1064,1.3237709,1.2181699e-06
1064,1.3237697,1.2163073e-06
1064,1.3237684,1.2163073e-06
1064,1.3237671,1.2163073e-06
1064,1.3237658,1.2163073e-06
1064,1.3237645,1.2144446e-06
1064,1.3237632,1.2144446e-06
1064,1.323762,1.2144446e-06
1065,1.3237607,1.212582e-06
1065,1.3237594,1.212582e-06
1065,1.3237581,1.212582e-06
1065,1.3237568,1.212582e-06
1065,1.3237555,1.2107193e-06
1065,1.3237542,1.2107193e-06
1065,1.3237529,1.2107193e-06
1065,1.3237517,1.2107193e-06
1065,1.3237504,1.2088567e-06
1066,1.3237491,1.2088567e-06
1066,1.3237478,1.2088567e-06
1066,1.3237465,1.2088567e-06
1066,1.3237452,1.2069941e-06
1066,1.3237439,1.2069941e-06
1066,1.3237426,1.2069941e-06
1066,1.3237413,1.2069941e-06
1066,1.32374,1.2051314e-06
1066,1.3237387,1.2051314e-06
1067,1.3237374,1.2051314e-06
1067,1.3237362,1.2051314e-06
1067,1.3237349,1.2032688e-06
1067,1.3237336,1.2032688e-06
1067,1.3237323,1.2032688e-06
1067,1.323731,1.2014061e-06
1067,1.3237297,1.2014061e-06
1067,1.3237284,1.2014061e-06
1067,1.3237271,1.2014061e-06
1068,1.3237258,1.1995435e-06
1068,1.3237245,1.1995435e-06
1068,1.3237232,1.1995435e-06
1068,1.3237219,1.1995435e-06
1068,1.3237206,1.1995435e-06
1068,1.3237193,1.1976808e-06
1068,1.323718,1.1976808e-06
1068,1.3237167,1.1976808e-06
1068,1.3237154,1.1976808e-06
1069,1.3237141,1.1976808e-06
1069,1.3237128,1.1976808e-06
1069,1.3237115,1.1976808e-06
1069,1.3237102,1.1976808e-06
1069,1.3237089,1.1976808e-06
1069,1.3237075,1.1976808e-06
1069,1.3237062,1.1976808e-06
1069,1.3237049,1.1976808e-06
1069,1.3237036,1.1976808e-06
1070,1.3237023,1.1976808e-06
1070,1.323701,1.1976808e-06
1070,1.3236997,1.1976808e-06
1070,1.3236984,1.1976808e-06
1070,1.3236971,1.1995435e-06
1070,1.3236958,1.1995435e-06
1070,1.3236945,1.1995435e-06
1070,1.3236932,1.1995435e-06
1070,1.3236919,1.1995435e-06
1071,1.3236905,1.1995435e-06
1071,1.3236892,1.1995435e-06
1071,1.3236879,1.1995435e-06
1071,1.3236866,1.1995435e-06
1071,1.3236853,1.1995435e-06
1071,1.323684,1.1995435e-06
1071,1.3236827,1.1995435e-06
1071,1.3236813,1.1995435e-06
1071,1.32368,1.1995435e-06
1072,1.3236787,1.1995435e-06
1072,1.3236774,1.1995435e-06
1072,1.3236761,1.1995435e-06
1072,1.3236748,1.1995435e-06
1072,1.3236735,1.1995435e-06
1072,1.3236721,1.1995435e-06
1072,1.3236708,1.1995435e-06
1072,1.3236695,1.1995435e-06
1072,1.3236682,1.1995435e-06
1073,1.3236669,1.1995435e-06
1073,1.3236655,1.1995435e-06
1073,1.3236642,1.1995435e-06
1073,1.3236629,1.1995435e-06
1073,1.3236616,1.1995435e-06
1073,1.3236602,1.2014061e-06
1073,1.3236589,1.2014061e-06
1073,1.3236576,1.2014061e-06
1073,1.3236563,1.2014061e-06
1074,1.323655,1.2032688e-06
1074,1.3236536,1.2032688e-06
1074,1.3236523,1.2032688e-06
1074,1.323651,1.2032688e-06
1074,1.3236496,1.2051314e-06
1074,1.3236483,1.2051314e-06
1074,1.323647,1.2051314e-06
1074,1.3236457,1.2069941e-06
1074,1.3236443,1.2069941e-06
1075,1.323643,1.2069941e-06
1075,1.3236417,1.2088567e-06
1075,1.3236404,1.2088567e-06
1075,1.323639,1.2088567e-06
1075,1.3236377,1.2107193e-06
1075,1.3236364,1.2107193e-06
1075,1.323635,1.212582e-06
1075,1.3236337,1.212582e-06
1075,1.3236324,1.2144446e-06
1076,1.323631,1.2144446e-06
1076,1.3236297,1.2163073e-06
1076,1.3236284,1.2163073e-06
1076,1.323627,1.2181699e-06
1076,1.3236257,1.2181699e-06
1076,1.3236244,1.2200326e-06
1076,1.323623,1.2200326e-06
1076,1.3236217,1.2218952e-06
1076,1.3236203,1.2218952e-06
1077,1.323619,1.2237579e-06
1077,1.3236177,1.2256205e-06
1077,1.3236163,1.2256205e-06
1077,1.323615,1.2274832e-06
1077,1.3236137,1.2274832e-06
1077,1.3236123,1.2293458e-06
1077,1.323611,1.2293458e-06
1077,1.3236096,1.2312084e-06
1077,1.3236083,1.2312084e-06
1078,1.323607,1.2312084e-06
1078,1.3236056,1.2330711e-06
1078,1.3236043,1.2330711e-06
1078,1.3236029,1.2330711e-06
1078,1.3236016,1.2349337e-06
1078,1.3236002,1.2349337e-06
1078,1.3235989,1.2349337e-06
1078,1.3235975,1.2349337e-06
1078,1.3235962,1.2367964e-06
1079,1.3235949,1.2367964e-06
1079,1.3235935,1.2367964e-06
1079,1.3235922,1.2367964e-06
1079,1.3235908,1.238659e-06
1079,1.3235895,1.238659e-06
1079,1.3235881,1.238659e-06
1079,1.3235868,1.238659e-06
1079,1.3235854,1.238659e-06
1079,1.3235841,1.238659e-06
1080,1.3235827,1.2405217e-06
1080,1.3235814,1.2405217e-06
1080,1.32358,1.2423843e-06
1080,1.3235787,1.244247e-06
1080,1.3235773,1.244247e-06
1080,1.3235759,1.2461096e-06
1080,1.3235746,1.2479722e-06
1080,1.3235732,1.2479722e-06
1080,1.3235719,1.2498349e-06
1081,1.3235705,1.2516975e-06
1081,1.3235692,1.2535602e-06
1081,1.3235678,1.2554228e-06
1081,1.3235665,1.2554228e-06
1081,1.3235651,1.2572855e-06
1081,1.3235637,1.2591481e-06
1081,1.3235624,1.2610108e-06
1081,1.323561,1.2628734e-06
1081,1.3235597,1.2647361e-06
1082,1.3235583,1.2665987e-06
1082,1.3235569,1.2684613e-06
1082,1.3235556,1.270324e-06
1082,1.3235542,1.2721866e-06
1082,1.3235529,1.2740493e-06
1082,1.3235515,1.2759119e-06
1082,1.3235501,1.2777746e-06
1082,1.3235488,1.2796372e-06
1083,1.3235474,1.2814999e-06
1083,1.323546,1.2833625e-06
1083,1.3235447,1.2852252e-06
1083,1.3235433,1.2870878e-06
1083,1.3235419,1.2889504e-06
1083,1.3235406,1.2908131e-06
1083,1.3235392,1.2926757e-06
1083,1.3235378,1.2945384e-06
1083,1.3235365,1.296401e-06
1084,1.3235351,1.2982637e-06
1084,1.3235337,1.3001263e-06
1084,1.3235324,1.3038516e-06
1084,1.323531,1.3038516e-06
1084,1.3235296,1.3075769e-06
1084,1.3235283,1.3094395e-06
1084,1.3235269,1.3113022e-06
1084,1.3235255,1.3131648e-06
1084,1.3235241,1.3150275e-06
1085,1.3235228,1.3168901e-06
1085,1.3235214,1.3187528e-06
1085,1.32352,1.3206154e-06
1085,1.3235186,1.3224781e-06
1085,1.3235173,1.3243407e-06
1085,1.3235159,1.3262033e-06
1085,1.3235145,1.328066e-06
1085,1.3235131,1.3299286e-06
1085,1.3235118,1.3317913e-06
1086,1.3235104,1.3336539e-06
1086,1.323509,1.3355166e-06
1086,1.3235076,1.3373792e-06
1086,1.3235063,1.3411045e-06
1086,1.3235049,1.3411045e-06
1086,1.3235035,1.3429672e-06
1086,1.3235021,1.3466924e-06
1086,1.3235007,1.3466924e-06
1086,1.3234994,1.3504177e-06
1087,1.323498,1.3522804e-06
1087,1.3234966,1.3522804e-06
1087,1.3234952,1.3560057e-06
1087,1.3234938,1.3578683e-06
1087,1.3234924,1.359731e-06
1087,1.3234911,1.3615936e-06
1087,1.3234897,1.3634562e-06
1087,1.3234883,1.3653189e-06
1088,1.3234869,1.3671815e-06
1088,1.3234855,1.3690442e-06
1088,1.3234841,1.3709068e-06
1088,1.3234827,1.3727695e-06
1088,1.3234813,1.3746321e-06
1088,1.32348,1.3764948e-06
1088,1.3234786,1.3783574e-06
1088,1.3234772,1.3802201e-06
1088,1.3234758,1.3820827e-06
1089,1.3234744,1.3839453e-06
1089,1.323473,1.385808e-06
1089,1.3234716,1.3876706e-06
1089,1.3234702,1.3895333e-06
1089,1.3234688,1.3932586e-06
1089,1.3234674,1.3951212e-06
1089,1.323466,1.3969839e-06
1089,1.3234646,1.3988465e-06
1089,1.3234632,1.4007092e-06
1090,1.3234619,1.4044344e-06
1090,1.3234605,1.4062971e-06
1090,1.3234591,1.4081597e-06
1090,1.3234577,1.4100224e-06
1090,1.3234563,1.411885e-06
1090,1.3234549,1.4156103e-06
1090,1.3234535,1.417473e-06
1090,1.3234521,1.4211982e-06
1090,1.3234507,1.4230609e-06
1091,1.3234493,1.4249235e-06
1091,1.3234479,1.4286488e-06
1091,1.3234465,1.4305115e-06
1091,1.3234451,1.4342368e-06
1091,1.3234437,1.4360994e-06
1091,1.3234423,1.4379621e-06
1091,1.3234409,1.4416873e-06
1091,1.3234395,1.44355e-06
1092,1.323438,1.4454126e-06
1092,1.3234366,1.4472753e-06
1092,1.3234352,1.4510006e-06
1092,1.3234338,1.4528632e-06
1092,1.3234324,1.4547259e-06
1092,1.323431,1.4584512e-06
1092,1.3234296,1.4603138e-06
1092,1.3234282,1.4621764e-06
1092,1.3234268,1.4659017e-06
1093,1.3234254,1.4677644e-06
1093,1.323424,1.469627e-06
1093,1.3234226,1.4714897e-06
1093,1.3234212,1.475215e-06
1093,1.3234197,1.4770776e-06
1093,1.3234183,1.4789402e-06
1093,1.3234169,1.4826655e-06
1093,1.3234155,1.4845282e-06
1093,1.3234141,1.4863908e-06
1094,1.3234127,1.4882535e-06
1094,1.3234113,1.4919788e-06
1094,1.3234098,1.4938414e-06
1094,1.3234084,1.4975667e-06
1094,1.323407,1.4994293e-06
1094,1.3234056,1.5031546e-06
1094,1.3234042,1.5068799e-06
1094,1.3234028,1.5087426e-06
1095,1.3234013,1.5106052e-06
1095,1.3233999,1.5143305e-06
1095,1.3233985,1.5161932e-06
1095,1.3233971,1.5199184e-06
1095,1.3233957,1.5217811e-06
1095,1.3233942,1.5255064e-06
1095,1.3233928,1.5292317e-06
1095,1.3233914,1.5310943e-06
1095,1.32339,1.5348196e-06
1096,1.3233885,1.5366822e-06
1096,1.3233871,1.5404075e-06
1096,1.3233857,1.5441328e-06
1096,1.3233843,1.5459955e-06
1096,1.3233828,1.5497208e-06
1096,1.3233814,1.5534461e-06
1096,1.32338,1.5571713e-06
1096,1.3233786,1.5608966e-06
1096,1.3233771,1.5627593e-06
1097,1.3233757,1.5683472e-06
1097,1.3233743,1.5702099e-06
1097,1.3233729,1.5757978e-06
1097,1.3233714,1.5795231e-06
1097,1.32337,1.5813857e-06
1097,1.3233686,1.5869737e-06
1097,1.3233671,1.590699e-06
1097,1.3233657,1.5944242e-06
1098,1.3233643,1.5981495e-06
1098,1.3233628,1.6018748e-06
1098,1.3233614,1.6056001e-06
1098,1.32336,1.6093254e-06
1098,1.3233585,1.6149133e-06
1098,1.3233571,1.6186386e-06
1098,1.3233557,1.6223639e-06
1098,1.3233542,1.6279519e-06
1098,1.3233528,1.6298145e-06
1099,1.3233514,1.6354024e-06
1099,1.3233499,1.6372651e-06
1099,1.3233485,1.6409904e-06
1099,1.323347,1.6447157e-06
1099,1.3233456,1.6465783e-06
1099,1.3233442,1.6503036e-06
1099,1.3233427,1.6521662e-06
1099,1.3233413,1.6558915e-06
1100,1.3233398,1.6596168e-06
1100,1.3233384,1.6614795e-06
1100,1.323337,1.6652048e-06
1100,1.3233355,1.6670674e-06
1100,1.3233341,1.6707927e-06
1100,1.3233326,1.6726553e-06
1100,1.3233312,1.674518e-06
1100,1.3233297,1.6782433e-06
1100,1.3233283,1.6801059e-06
1101,1.3233269,1.6838312e-06
1101,1.3233254,1.6856939e-06
1101,1.323324,1.6894192e-06
1101,1.3233225,1.6912818e-06
1101,1.3233211,1.6931444e-06
1101,1.3233196,1.6987324e-06
1101,1.3233182,1.700595e-06
1101,1.3233167,1.7043203e-06
1102,1.3233153,1.7080456e-06
1102,1.3233138,1.7099082e-06
1102,1.3233124,1.7136335e-06
1102,1.3233109,1.7173588e-06
1102,1.3233094,1.7210841e-06
1102,1.323308,1.7248094e-06
1102,1.3233065,1.7266721e-06
1102,1.3233051,1.7303973e-06
1102,1.3233036,1.7341226e-06
1103,1.3233022,1.7378479e-06
1103,1.3233007,1.7415732e-06
1103,1.3232993,1.7452985e-06
1103,1.3232978,1.7490238e-06
1103,1.3232963,1.7508864e-06
1103,1.3232949,1.7564744e-06
1103,1.3232934,1.758337e-06
1103,1.323292,1.763925e-06
1103,1.3232905,1.7657876e-06
1104,1.323289,1.7695129e-06
1104,1.3232876,1.7732382e-06
1104,1.3232861,1.7751008e-06
1104,1.3232847,1.7806888e-06
1104,1.3232832,1.7825514e-06
1104,1.3232817,1.7862767e-06
1104,1.3232803,1.790002e-06
1104,1.3232788,1.7918646e-06
1105,1.3232773,1.7974526e-06
1105,1.3232759,1.7993152e-06
1105,1.3232744,1.8030405e-06
1105,1.3232729,1.8067658e-06
1105,1.3232715,1.8086284e-06
1105,1.32327,1.8142164e-06
1105,1.3232685,1.816079e-06
1105,1.3232671,1.8198043e-06
1105,1.3232656,1.8235296e-06
1106,1.3232641,1.8253922e-06
1106,1.3232626,1.8309802e-06
1106,1.3232612,1.8328428e-06
1106,1.3232597,1.8384308e-06
1106,1.3232582,1.8402934e-06
1106,1.3232568,1.8440187e-06
1106,1.3232553,1.8496066e-06
1106,1.3232538,1.8514693e-06
1107,1.3232523,1.8570572e-06
1107,1.3232509,1.8607825e-06
1107,1.3232494,1.8626451e-06
1107,1.3232479,1.8682331e-06
1107,1.3232464,1.8719584e-06
1107,1.3232449,1.8756837e-06
1107,1.3232435,1.879409e-06
1107,1.323242,1.8849969e-06
1108,1.3232405,1.8868595e-06
1108,1.323239,1.8905848e-06
1108,1.3232375,1.8961728e-06
1108,1.3232361,1.8998981e-06
1108,1.3232346,1.9036233e-06
1108,1.3232331,1.9073486e-06
1108,1.3232316,1.9110739e-06
1108,1.3232301,1.9147992e-06
1108,1.3232287,1.9185245e-06
1109,1.3232272,1.9241124e-06
1109,1.3232257,1.9259751e-06
1109,1.3232242,1.9297004e-06
1109,1.3232227,1.9352883e-06
1109,1.3232212,1.937151e-06
1109,1.3232197,1.9427389e-06
1109,1.3232182,1.9464642e-06
1109,1.3232168,1.9483268e-06
1110,1.3232153,1.9539148e-06
1110,1.3232138,1.9576401e-06
1110,1.3232123,1.9613653e-06
1110,1.3232108,1.9650906e-06
1110,1.3232093,1.9706786e-06
1110,1.3232078,1.9725412e-06
1110,1.3232063,1.9762665e-06
1110,1.3232048,1.9818544e-06
1110,1.3232033,1.9837171e-06
1111,1.3232018,1.989305e-06
1111,1.3232003,1.9930303e-06
1111,1.3231988,1.994893e-06
1111,1.3231973,2.0004809e-06
1111,1.3231958,2.0042062e-06
1111,1.3231944,2.0079315e-06
1111,1.3231929,2.0116568e-06
1111,1.3231914,2.0153821e-06
1112,1.3231899,2.0191073e-06
1112,1.3231884,2.0228326e-06
1112,1.3231869,2.0265579e-06
1112,1.3231854,2.0302832e-06
1112,1.3231839,2.0358711e-06
1112,1.3231824,2.0377338e-06
1112,1.3231808,2.0414591e-06
1112,1.3231793,2.047047e-06
1112,1.3231778,2.0489097e-06
1113,1.3231763,2.0544976e-06
1113,1.3231748,2.0582229e-06
1113,1.3231733,2.0619482e-06
1113,1.3231718,2.0656735e-06
1113,1.3231703,2.0693988e-06
1113,1.3231688,2.0731241e-06
1113,1.3231673,2.0749867e-06
1113,1.3231658,2.0749867e-06
1114,1.3231643,2.078712e-06
1114,1.3231628,2.078712e-06
1114,1.3231613,2.0805746e-06
1114,1.3231598,2.0824373e-06
1114,1.3231582,2.0842999e-06
1114,1.3231567,2.0861626e-06
1114,1.3231552,2.0861626e-06
1114,1.3231537,2.0880252e-06
1115,1.3231522,2.0880252e-06
1115,1.3231507,2.0880252e-06
1115,1.3231492,2.0898879e-06
1115,1.3231476,2.0898879e-06
1115,1.3231461,2.0898879e-06
1115,1.3231446,2.0898879e-06
1115,1.3231431,2.0898879e-06
1115,1.3231416,2.0898879e-06
1115,1.32314,2.0880252e-06
1116,1.3231385,2.0898879e-06
1116,1.323137,2.0917505e-06
1116,1.3231355,2.0954758e-06
1116,1.3231339,2.0973384e-06
1116,1.3231324,2.1010637e-06
1116,1.3231309,2.1066517e-06
1116,1.3231293,2.1085143e-06
1116,1.3231278,2.1141022e-06
1117,1.3231263,2.1178275e-06
1117,1.3231248,2.1215528e-06
1117,1.3231232,2.1252781e-06
1117,1.3231217,2.1290034e-06
1117,1.3231202,2.1345913e-06
1117,1.3231186,2.1383166e-06
1117,1.3231171,2.1457672e-06
1117,1.3231156,2.1494925e-06
1118,1.323114,2.1532178e-06
1118,1.3231125,2.1606684e-06
1118,1.323111,2.1643937e-06
1118,1.3231094,2.1718442e-06
1118,1.3231079,2.1774322e-06
1118,1.3231064,2.1811575e-06
1118,1.3231048,2.1886081e-06
1118,1.3231033,2.1923333e-06
1119,1.3231017,2.1979213e-06
1119,1.3231002,2.2035092e-06
1119,1.3230987,2.2090971e-06
1119,1.3230971,2.2146851e-06
1119,1.3230956,2.2184104e-06
1119,1.323094,2.225861e-06
1119,1.3230925,2.2295862e-06
1119,1.323091,2.2370368e-06
1119,1.3230894,2.2426248e-06
1120,1.3230879,2.2482127e-06
1120,1.3230863,2.2556633e-06
1120,1.3230848,2.2593886e-06
1120,1.3230832,2.2668391e-06
1120,1.3230817,2.2724271e-06
1120,1.3230801,2.278015e-06
1120,1.3230786,2.2854656e-06
1120,1.323077,2.2910535e-06
1121,1.3230755,2.2985041e-06
1121,1.3230739,2.304092e-06
1121,1.3230724,2.3115426e-06
1121,1.3230708,2.3171306e-06
1121,1.3230693,2.3208559e-06
1121,1.3230677,2.3301691e-06
1121,1.3230662,2.3338944e-06
1121,1.3230646,2.341345e-06
1122,1.3230631,2.3469329e-06
1122,1.3230615,2.3525208e-06
1122,1.32306,2.3599714e-06
1122,1.3230584,2.3655593e-06
1122,1.3230569,2.3730099e-06
1122,1.3230553,2.3785979e-06
1122,1.3230537,2.3841858e-06
1122,1.3230522,2.3916364e-06
1123,1.3230506,2.3972243e-06
1123,1.3230491,2.4046749e-06
1123,1.3230475,2.4102628e-06
1123,1.3230459,2.4158508e-06
1123,1.3230444,2.4233013e-06
1123,1.3230428,2.4288893e-06
1123,1.3230412,2.4382025e-06
1123,1.3230397,2.4437904e-06
1123,1.3230381,2.4531037e-06
1124,1.3230365,2.4586916e-06
1124,1.323035,2.4642795e-06
1124,1.3230334,2.4735928e-06
1124,1.3230318,2.4810433e-06
1124,1.3230303,2.4903566e-06
1124,1.3230287,2.4959445e-06
1124,1.3230271,2.5015324e-06
1124,1.3230256,2.5127083e-06
1125,1.323024,2.5182962e-06
1125,1.3230224,2.5276095e-06
1125,1.3230208,2.53506e-06
1125,1.3230193,2.540648e-06
1125,1.3230177,2.5518239e-06
1125,1.3230161,2.5574118e-06
1125,1.3230145,2.5685877e-06
1125,1.323013,2.5741756e-06
1126,1.3230114,2.5853515e-06
1126,1.3230098,2.592802e-06
1126,1.3230082,2.6002526e-06
1126,1.3230066,2.6132911e-06
1126,1.323005,2.6226044e-06
1126,1.3230035,2.6356429e-06
1126,1.3230019,2.6449561e-06
1126,1.3230003,2.6542693e-06
1127,1.3229987,2.6691705e-06
1127,1.3229971,2.6784837e-06
1127,1.3229955,2.6933849e-06
1127,1.322994,2.7026981e-06
1127,1.3229924,2.7120113e-06
1127,1.3229908,2.7287751e-06
1127,1.3229892,2.7380884e-06
1127,1.3229876,2.7548522e-06
1128,1.322986,2.766028e-06
1128,1.3229844,2.7753413e-06
1128,1.3229828,2.7921051e-06
1128,1.3229812,2.8032809e-06
1128,1.3229796,2.8219074e-06
1128,1.322978,2.8330833e-06
1128,1.3229764,2.8517097e-06
1128,1.3229749,2.8628856e-06
1128,1.3229733,2.8759241e-06
1129,1.3229717,2.8945506e-06
1129,1.3229701,2.9057264e-06
1129,1.3229685,2.9262155e-06
1129,1.3229669,2.939254e-06
1129,1.3229653,2.9522926e-06
1129,1.3229637,2.970919e-06
1129,1.3229621,2.9839575e-06
1129,1.3229605,3.0044466e-06
1130,1.3229589,3.0193478e-06
1130,1.3229573,3.0323863e-06
1130,1.3229557,3.0528754e-06
1130,1.3229541,3.0677766e-06
1130,1.3229525,3.0901283e-06
1130,1.3229509,3.1050295e-06
1130,1.3229492,3.1255186e-06
1130,1.3229476,3.1404197e-06
1131,1.322946,3.1571835e-06
1131,1.3229444,3.1795353e-06
1131,1.3229428,3.1944364e-06
1131,1.3229412,3.2186508e-06
1131,1.3229396,3.2354146e-06
1131,1.322938,3.2521784e-06
1131,1.3229364,3.2782555e-06
1131,1.3229348,3.2950193e-06
1132,1.3229331,3.3210963e-06
1132,1.3229315,3.3397228e-06
1132,1.3229299,3.3564866e-06
1132,1.3229283,3.3844262e-06
1132,1.3229267,3.4030527e-06
1132,1.3229251,3.4309924e-06
1132,1.3229235,3.4496188e-06
1132,1.3229218,3.4775585e-06
1133,1.3229202,3.4980476e-06
1133,1.3229186,3.516674e-06
1133,1.322917,3.5464764e-06
1133,1.3229154,3.5669655e-06
1133,1.3229137,3.5967678e-06
1133,1.3229121,3.6172569e-06
1133,1.3229105,3.6396086e-06
1133,1.3229089,3.6712736e-06
1134,1.3229073,3.6936253e-06
1134,1.3229056,3.7271529e-06
1134,1.322904,3.7495047e-06
1134,1.3229024,3.7737191e-06
1134,1.3229008,3.8072467e-06
1134,1.3228991,3.8314611e-06
1134,1.3228975,3.8668513e-06
1134,1.3228959,3.8910657e-06
1135,1.3228943,3.9171427e-06
1135,1.3228926,3.9543957e-06
1135,1.322891,3.97861e-06
1135,1.3228894,4.0177256e-06
1135,1.3228877,4.0438026e-06
1135,1.3228861,4.0829182e-06
1135,1.3228845,4.1089952e-06
1135,1.3228829,4.1350722e-06
1136,1.3228812,4.1760504e-06
1136,1.3228796,4.2039901e-06
1136,1.322878,4.2449683e-06
1136,1.3228763,4.272908e-06
1136,1.3228747,4.3008476e-06
1136,1.3228731,4.3436885e-06
1136,1.3228714,4.3734908e-06
1136,1.3228698,4.4181943e-06
1137,1.3228682,4.4479966e-06
1137,1.3228665,4.4777989e-06
1137,1.3228649,4.5225024e-06
1137,1.3228633,4.5541674e-06
1137,1.3228616,4.6007335e-06
1137,1.32286,4.6323985e-06
1137,1.3228584,4.6789646e-06
1137,1.3228567,4.7124922e-06
1138,1.3228551,4.7441572e-06
1138,1.3228534,4.7944486e-06
1138,1.3228518,4.8261136e-06
1138,1.3228502,4.876405e-06
1138,1.3228485,4.9099326e-06
1138,1.3228469,4.9453229e-06
1138,1.3228453,4.9956143e-06
1138,1.3228436,5.0310045e-06
1139,1.322842,5.0831586e-06
1139,1.3228404,5.1166862e-06
1139,1.3228387,5.1502138e-06
1139,1.3228371,5.2005053e-06
1139,1.3228354,5.2340329e-06
1139,1.3228338,5.2843243e-06
1139,1.3228322,5.3178519e-06
1139,1.3228305,5.370006e-06
1140,1.3228289,5.4053962e-06
1140,1.3228272,5.4389238e-06
1140,1.3228256,5.4910779e-06
1140,1.322824,5.5264682e-06
1140,1.3228223,5.5786222e-06
1140,1.3228207,5.6140125e-06
1140,1.322819,5.6494027e-06
1140,1.3228174,5.7034194e-06
1141,1.3228157,5.7388097e-06
1141,1.3228141,5.7928264e-06
1141,1.3228125,5.8282167e-06
1141,1.3228108,5.8654696e-06
1141,1.3228092,5.9194863e-06
1141,1.3228075,5.9548765e-06
1141,1.3228059,6.0107559e-06
1141,1.3228042,6.0461462e-06
1142,1.3228026,6.0833991e-06
1142,1.3228009,6.1374158e-06
1142,1.3227993,6.1746687e-06
1142,1.3227976,6.230548e-06
1142,1.322796,6.2678009e-06
1142,1.3227944,6.3236803e-06
1142,1.3227927,6.3609332e-06
1142,1.3227911,6.3981861e-06
1143,1.3227894,6.4559281e-06
1143,1.3227878,6.493181e-06
1143,1.3227861,6.550923e-06
1143,1.3227845,6.5881759e-06
1143,1.3227828,6.6272914e-06
1143,1.3227812,6.6850334e-06
1143,1.3227795,6.724149e-06
1143,1.3227779,6.781891e-06
1144,1.3227762,6.8210065e-06
1144,1.3227746,6.8582594e-06
1144,1.3227729,6.9178641e-06
1144,1.3227713,6.955117e-06
1144,1.3227696,7.012859e-06
1144,1.322768,7.0519745e-06
1144,1.3227663,7.1097165e-06
1144,1.3227647,7.1488321e-06
1145,1.322763,7.1879476e-06
1145,1.3227614,7.2456896e-06
1145,1.3227597,7.2848052e-06
1145,1.3227581,7.3444098e-06
1145,1.3227564,7.3835254e-06
1145,1.3227548,7.4226409e-06
1145,1.3227531,7.4822456e-06
1145,1.3227515,7.5213611e-06
1146,1.3227498,7.5809658e-06
1146,1.3227482,7.6200813e-06
1146,1.3227465,7.6591969e-06
1146,1.3227449,7.7206641e-06
1146,1.3227432,7.7597797e-06
1146,1.3227416,7.8193843e-06
1146,1.3227399,7.8584999e-06
1146,1.3227383,7.8957528e-06
1147,1.3227366,7.9479069e-06
1147,1.322735,7.9832971e-06
1147,1.3227333,8.0354512e-06
1147,1.3227317,8.0708414e-06
1147,1.32273,8.1229955e-06
1147,1.3227284,8.1565231e-06
1147,1.3227267,8.1919134e-06
1147,1.3227251,8.2422048e-06
1148,1.3227234,8.2757324e-06
1148,1.3227218,8.3260238e-06
1148,1.3227201,8.3595514e-06
1148,1.3227184,8.393079e-06
1148,1.3227168,8.4415078e-06
1148,1.3227151,8.4731728e-06
1148,1.3227135,8.5216016e-06
1149,1.3227118,8.5532665e-06
1149,1.3227101,8.5849315e-06
1149,1.3227085,8.6314976e-06
1149,1.3227068,8.6631626e-06
1149,1.3227052,8.7115914e-06
1149,1.3227035,8.745119e-06
1149,1.3227018,8.797273e-06
1149,1.3227002,8.8326633e-06
1150,1.3226985,8.8661909e-06
1150,1.3226968,8.918345e-06
1150,1.3226952,8.9518726e-06
1150,1.3226935,9.0040267e-06
1150,1.3226919,9.0375543e-06
1150,1.3226902,9.0729445e-06
1150,1.3226885,9.1232359e-06
1150,1.3226869,9.1586262e-06
1151,1.3226852,9.2107803e-06
1151,1.3226835,9.2443079e-06
1151,1.3226819,9.2796981e-06
1151,1.3226802,9.3299896e-06
1151,1.3226785,9.3653798e-06
1151,1.3226769,9.4175339e-06
1151,1.3226752,9.4529241e-06
1151,1.3226736,9.5050782e-06
1152,1.3226719,9.5386058e-06
1152,1.3226703,9.5702708e-06
1152,1.3226686,9.611249e-06
1152,1.3226669,9.637326e-06
1152,1.3226653,9.6764416e-06
1152,1.3226636,9.7006559e-06
1152,1.3226619,9.726733e-06
1152,1.3226603,9.7639859e-06
1153,1.3226586,9.7882003e-06
1153,1.322657,9.8235905e-06
1153,1.3226553,9.8459423e-06
1153,1.3226536,9.868294e-06
1153,1.322652,9.899959e-06
1153,1.3226503,9.9223107e-06
1153,1.3226486,9.952113e-06
1153,1.3226469,9.9726021e-06
1154,1.3226453,9.9930912e-06
1154,1.3226436,1.0021031e-05
1154,1.3226419,1.0039657e-05
1154,1.3226403,1.0065734e-05
1154,1.3226386,1.0082498e-05
1154,1.3226369,1.0108575e-05
1154,1.3226352,1.0127202e-05
1155,1.3226335,1.0145828e-05
1155,1.3226319,1.0173768e-05
1155,1.3226302,1.0192394e-05
1155,1.3226285,1.0218471e-05
1155,1.3226268,1.0235235e-05
1155,1.3226251,1.0253862e-05
1155,1.3226235,1.0278076e-05
1155,1.3226218,1.029484e-05
1156,1.3226201,1.0319054e-05
1156,1.3226184,1.0333955e-05
1156,1.3226167,1.0350719e-05
1156,1.322615,1.0373071e-05
1156,1.3226133,1.0387972e-05
1156,1.3226117,1.0410324e-05
1156,1.32261,1.0425225e-05
1156,1.3226083,1.0445714e-05
1157,1.3226066,1.0458753e-05
1157,1.3226049,1.0471791e-05
1157,1.3226032,1.049228e-05
1157,1.3226015,1.0505319e-05
1157,1.3225998,1.0525808e-05
1157,1.3225981,1.0540709e-05
1157,1.3225964,1.0553747e-05
1157,1.3225947,1.0574237e-05
1158,1.322593,1.0587275e-05
1158,1.3225913,1.0605901e-05
1158,1.3225896,1.061894e-05
1158,1.3225879,1.0631979e-05
1158,1.3225862,1.0650605e-05
1158,1.3225845,1.0661781e-05
1158,1.3225828,1.0680407e-05
1159,1.3225811,1.0691583e-05
1159,1.3225794,1.0708347e-05
1159,1.3225777,1.0719523e-05
1159,1.322576,1.0730699e-05
1159,1.3225743,1.0747463e-05
1159,1.3225726,1.0758638e-05
1159,1.3225709,1.077354e-05
1159,1.3225692,1.0784715e-05
1160,1.3225675,1.0794029e-05
1160,1.3225658,1.080893e-05
1160,1.3225641,1.0818243e-05
1160,1.3225624,1.0833144e-05
1160,1.3225607,1.0842457e-05
1160,1.3225589,1.0851771e-05
1160,1.3225572,1.0864809e-05
1160,1.3225555,1.0874122e-05
1161,1.3225538,1.0887161e-05
1161,1.3225521,1.0894611e-05
1161,1.3225504,1.0903925e-05
1161,1.3225487,1.0915101e-05
1161,1.3225469,1.0922551e-05
1161,1.3225452,1.0933727e-05
1161,1.3225435,1.0941178e-05
1162,1.3225418,1.0952353e-05
1162,1.3225401,1.0959804e-05
1162,1.3225383,1.0967255e-05
1162,1.3225366,1.0976568e-05
1162,1.3225349,1.0984018e-05
1162,1.3225332,1.0993332e-05
1162,1.3225314,1.099892e-05
1162,1.3225297,1.1004508e-05
1163,1.322528,1.1013821e-05
1163,1.3225263,1.1019409e-05
1163,1.3225245,1.1026859e-05
1163,1.3225228,1.1032447e-05
1163,1.3225211,1.1036173e-05
1163,1.3225193,1.1043623e-05
1163,1.3225176,1.1049211e-05
1163,1.3225159,1.1054799e-05
1164,1.3225141,1.1058524e-05
1164,1.3225124,1.1065975e-05
1164,1.3225107,1.10697e-05
1164,1.3225089,1.1071563e-05
1164,1.3225072,1.1077151e-05
1164,1.3225055,1.1080876e-05
1164,1.3225037,1.1084601e-05
1165,1.322502,1.1088327e-05
1165,1.3225002,1.1090189e-05
1165,1.3224985,1.1093915e-05
1165,1.3224967,1.1095777e-05
1165,1.322495,1.1099502e-05
1165,1.3224932,1.1103228e-05
1165,1.3224915,1.1106953e-05
1165,1.3224897,1.1114404e-05
1166,1.322488,1.1119992e-05
1166,1.3224862,1.1125579e-05
1166,1.3224845,1.1129305e-05
1166,1.3224827,1.113303e-05
1166,1.322481,1.1138618e-05
1166,1.3224792,1.1142343e-05
1166,1.3224775,1.1149794e-05
1166,1.3224757,1.1153519e-05
1167,1.322474,1.1159107e-05
1167,1.3224722,1.1162832e-05
1167,1.3224705,1.1166558e-05
1167,1.3224687,1.1172146e-05
1167,1.3224669,1.1177734e-05
1167,1.3224652,1.1183321e-05
1167,1.3224634,1.1187047e-05
1168,1.3224617,1.1190772e-05
1168,1.3224599,1.119636e-05
1168,1.3224581,1.1201948e-05
1168,1.3224564,1.1207536e-05
1168,1.3224546,1.1211261e-05
1168,1.3224528,1.1214986e-05
1168,1.3224511,1.1220574e-05
1168,1.3224493,1.12243e-05
1169,1.3224475,1.123175e-05
1169,1.3224458,1.1235476e-05
1169,1.322444,1.1241063e-05
1169,1.3224422,1.1244789e-05
1169,1.3224404,1.1248514e-05
1169,1.3224387,1.1255965e-05
1169,1.3224369,1.125969e-05
1170,1.3224351,1.1265278e-05
1170,1.3224333,1.1269003e-05
1170,1.3224316,1.1272728e-05
1170,1.3224298,1.1278316e-05
1170,1.322428,1.1282042e-05
1170,1.3224262,1.1289492e-05
1170,1.3224244,1.1293218e-05
1170,1.3224227,1.1296943e-05
1171,1.3224209,1.1304393e-05
1171,1.3224191,1.1309981e-05
1171,1.3224173,1.1319295e-05
1171,1.3224155,1.1326745e-05
1171,1.3224137,1.1337921e-05
1171,1.322412,1.1345372e-05
1171,1.3224102,1.1352822e-05
1171,1.3224084,1.1363998e-05
1172,1.3224066,1.1371449e-05
1172,1.3224048,1.1382625e-05
1172,1.322403,1.1390075e-05
1172,1.3224012,1.1399388e-05
1172,1.3223994,1.1410564e-05
1172,1.3223976,1.1419877e-05
1172,1.3223959,1.1432916e-05
1173,1.3223941,1.1442229e-05
1173,1.3223923,1.1451542e-05
1173,1.3223905,1.1466444e-05
1173,1.3223887,1.1475757e-05
1173,1.3223869,1.1490658e-05
1173,1.3223851,1.1498109e-05
1173,1.3223833,1.1505559e-05
1173,1.3223815,1.1511147e-05
1174,1.3223798,1.151301e-05
1174,1.322378,1.1514872e-05
1174,1.3223762,1.1516735e-05
1174,1.3223744,1.152046e-05
1174,1.3223726,1.1522323e-05
1174,1.3223708,1.1522323e-05
1174,1.322369,1.1524186e-05
1175,1.3223672,1.1524186e-05
1175,1.3223654,1.1524186e-05
1175,1.3223636,1.1524186e-05
1175,1.3223618,1.1522323e-05
1175,1.32236,1.152046e-05
1175,1.3223582,1.152046e-05
1175,1.3223564,1.1516735e-05
1175,1.3223546,1.1514872e-05
1176,1.3223527,1.1511147e-05
1176,1.3223509,1.1505559e-05
1176,1.3223491,1.1501834e-05
1176,1.3223473,1.1499971e-05
1176,1.3223455,1.1499971e-05
1176,1.3223437,1.1503696e-05
1176,1.3223418,1.1507422e-05
1177,1.32234,1.1511147e-05
1177,1.3223382,1.1514872e-05
1177,1.3223364,1.1518598e-05
1177,1.3223346,1.1524186e-05
1177,1.3223327,1.1526048e-05
1177,1.3223309,1.1529773e-05
1177,1.3223291,1.1537224e-05
1177,1.3223273,1.1540949e-05
1178,1.3223254,1.1546537e-05
1178,1.3223236,1.1552125e-05
1178,1.3223218,1.1555851e-05
1178,1.32232,1.1563301e-05
1178,1.3223181,1.1568889e-05
1178,1.3223163,1.157634e-05
1178,1.3223145,1.1581928e-05
1179,1.3223126,1.1587515e-05
1179,1.3223108,1.1596829e-05
1179,1.322309,1.1600554e-05
1179,1.3223072,1.1608005e-05
1179,1.3223053,1.161173e-05
1179,1.3223035,1.1617318e-05
1179,1.3223017,1.1621043e-05
1179,1.3222998,1.1624768e-05
1180,1.322298,1.1630356e-05
1180,1.3222962,1.1634082e-05
1180,1.3222943,1.1641532e-05
1180,1.3222925,1.1645257e-05
1180,1.3222906,1.1648983e-05
1180,1.3222888,1.1654571e-05
1180,1.322287,1.1658296e-05
1181,1.3222851,1.1665747e-05
1181,1.3222833,1.1669472e-05
1181,1.3222814,1.1673197e-05
1181,1.3222796,1.1678785e-05
1181,1.3222778,1.168251e-05
1181,1.3222759,1.1689961e-05
1181,1.3222741,1.1693686e-05
1182,1.3222722,1.1699274e-05
1182,1.3222704,1.1702999e-05
1182,1.3222685,1.1706725e-05
1182,1.3222667,1.1712313e-05
1182,1.3222648,1.1717901e-05
1182,1.322263,1.1723489e-05
1182,1.3222611,1.1727214e-05
1182,1.3222593,1.1730939e-05
1183,1.3222574,1.1736527e-05
1183,1.3222556,1.1740252e-05
1183,1.3222537,1.1747703e-05
1183,1.3222519,1.1751428e-05
1183,1.32225,1.1755154e-05
1183,1.3222481,1.1760741e-05
1183,1.3222463,1.1764467e-05
1184,1.3222444,1.1771917e-05
1184,1.3222426,1.1775643e-05
1184,1.3222407,1.1781231e-05
1184,1.3222389,1.1784956e-05
1184,1.322237,1.1788681e-05
1184,1.3222351,1.1794269e-05
1184,1.3222333,1.1799857e-05
1184,1.3222314,1.1805445e-05
1185,1.3222295,1.180917e-05
1185,1.3222277,1.1812896e-05
1185,1.3222258,1.1818483e-05
1185,1.3222239,1.1822209e-05
1185,1.3222221,1.1829659e-05
1185,1.3222202,1.1833385e-05
1185,1.3222183,1.183711e-05
1186,1.3222165,1.1842698e-05
1186,1.3222146,1.1846423e-05
1186,1.3222127,1.1853874e-05
1186,1.3222109,1.1857599e-05
1186,1.322209,1.1861324e-05
1186,1.3222071,1.1866912e-05
1186,1.3222052,1.1870638e-05
1187,1.3222034,1.1876225e-05
1187,1.3222015,1.1881813e-05
1187,1.3221996,1.1887401e-05
1187,1.3221977,1.1891127e-05
1187,1.3221959,1.1894852e-05
1187,1.322194,1.190044e-05
1187,1.3221921,1.1904165e-05
1187,1.3221902,1.1911616e-05
1188,1.3221883,1.1915341e-05
1188,1.3221864,1.1919066e-05
1188,1.3221846,1.1924654e-05
1188,1.3221827,1.192838e-05
1188,1.3221808,1.193583e-05
1188,1.3221789,1.1939555e-05
1188,1.322177,1.1943281e-05
1189,1.3221751,1.1948869e-05
1189,1.3221732,1.1952594e-05
1189,1.3221714,1.1958182e-05
1189,1.3221695,1.196377e-05
1189,1.3221676,1.1969358e-05
1189,1.3221657,1.1973083e-05
1189,1.3221638,1.1976808e-05
1190,1.3221619,1.1982396e-05
1190,1.32216,1.1987984e-05
1190,1.3221581,1.1993572e-05
1190,1.3221562,1.1997297e-05
1190,1.3221543,1.2001023e-05
1190,1.3221524,1.2006611e-05
1190,1.3221505,1.2010336e-05
1190,1.3221486,1.2017787e-05
1191,1.3221467,1.2021512e-05
1191,1.3221448,1.2025237e-05
1191,1.3221429,1.2030825e-05
1191,1.322141,1.203455e-05
1191,1.3221391,1.2042001e-05
1191,1.3221372,1.2045726e-05
1191,1.3221353,1.2051314e-05
1192,1.3221334,1.2055039e-05
1192,1.3221315,1.2058765e-05
1192,1.3221296,1.2064353e-05
1192,1.3221277,1.2069941e-05
1192,1.3221258,1.2075529e-05
1192,1.3221239,1.2079254e-05
1192,1.322122,1.2082979e-05
1193,1.3221201,1.2088567e-05
1193,1.3221181,1.2092292e-05
1193,1.3221162,1.2099743e-05
1193,1.3221143,1.2103468e-05
1193,1.3221124,1.2107193e-05
1193,1.3221105,1.2112781e-05
1193,1.3221086,1.2116507e-05
1193,1.3221067,1.2123957e-05
1194,1.3221048,1.2127683e-05
1194,1.3221028,1.2131408e-05
1194,1.3221009,1.2136996e-05
1194,1.322099,1.2140721e-05
1194,1.3220971,1.2146309e-05
1194,1.3220952,1.2151897e-05
1194,1.3220932,1.2157485e-05
1195,1.3220913,1.216121e-05
1195,1.3220894,1.2164935e-05
1195,1.3220875,1.2170523e-05
1195,1.3220856,1.2174249e-05
1195,1.3220836,1.2181699e-05
1195,1.3220817,1.2185425e-05
1195,1.3220798,1.218915e-05
1196,1.3220779,1.2194738e-05
1196,1.3220759,1.2198463e-05
1196,1.322074,1.2202188e-05
1196,1.3220721,1.2204051e-05
1196,1.3220702,1.2205914e-05
1196,1.3220682,1.2205914e-05
1196,1.3220663,1.2207776e-05
1197,1.3220644,1.2209639e-05
1197,1.3220624,1.2209639e-05
1197,1.3220605,1.2211502e-05
1197,1.3220586,1.2211502e-05
1197,1.3220566,1.2211502e-05
1197,1.3220547,1.2211502e-05
1197,1.3220528,1.2211502e-05
1197,1.3220508,1.2209639e-05
1198,1.3220489,1.2209639e-05
1198,1.3220469,1.2207776e-05
1198,1.322045,1.2207776e-05
1198,1.3220431,1.2205914e-05
1198,1.3220411,1.2204051e-05
1198,1.3220392,1.2202188e-05
1198,1.3220372,1.2200326e-05
1199,1.3220353,1.2198463e-05
1199,1.3220333,1.2194738e-05
1199,1.3220314,1.2191013e-05
1199,1.3220295,1.218915e-05
1199,1.3220275,1.2187287e-05
1199,1.3220256,1.2181699e-05
1199,1.3220236,1.2179837e-05
1200,1.3220217,1.2174249e-05
1200,1.3220197,1.2170523e-05
1200,1.3220177,1.2164935e-05
1200,1.3220158,1.216121e-05
1200,1.3220138,1.2157485e-05
1200,1.3220119,1.2150034e-05
1200,1.3220099,1.2146309e-05
1201,1.322008,1.2138858e-05
1201,1.322006,1.2135133e-05
1201,1.322004,1.2129545e-05
1201,1.3220021,1.2120232e-05
1201,1.3220001,1.2114644e-05
1201,1.3219981,1.2105331e-05
1201,1.3219961,1.2101606e-05
1202,1.3219942,1.209788e-05
1202,1.3219922,1.2096018e-05
1202,1.3219902,1.209788e-05
1202,1.3219882,1.2101606e-05
1202,1.3219863,1.2103468e-05
1202,1.3219843,1.2107193e-05
1202,1.3219823,1.2109056e-05
1202,1.3219803,1.2112781e-05
1203,1.3219784,1.2116507e-05
1203,1.3219764,1.2120232e-05
1203,1.3219744,1.212582e-05
1203,1.3219724,1.2129545e-05
1203,1.3219704,1.2135133e-05
1203,1.3219685,1.2142584e-05
1203,1.3219665,1.2148172e-05
1204,1.3219645,1.2155622e-05
1204,1.3219625,1.2163073e-05
1204,1.3219605,1.2170523e-05
1204,1.3219586,1.2181699e-05
1204,1.3219566,1.218915e-05
1204,1.3219546,1.2198463e-05
1204,1.3219526,1.2202188e-05
1205,1.3219507,1.2202188e-05
1205,1.3219487,1.2200326e-05
1205,1.3219467,1.21966e-05
1205,1.3219447,1.2192875e-05
1205,1.3219427,1.218915e-05
1205,1.3219407,1.2185425e-05
1205,1.3219388,1.2183562e-05
1206,1.3219368,1.2181699e-05
1206,1.3219348,1.2176111e-05
1206,1.3219328,1.2170523e-05
1206,1.3219308,1.2164935e-05
1206,1.3219288,1.2159348e-05
1206,1.3219268,1.2155622e-05
1206,1.3219248,1.2146309e-05
1207,1.3219228,1.2140721e-05
1207,1.3219208,1.2131408e-05
1207,1.3219188,1.2123957e-05
1207,1.3219168,1.2116507e-05
1207,1.3219148,1.2105331e-05
1207,1.3219128,1.209788e-05
1207,1.3219108,1.2092292e-05
1208,1.3219088,1.209043e-05
1208,1.3219068,1.209043e-05
1208,1.3219048,1.209043e-05
1208,1.3219027,1.209043e-05
1208,1.3219007,1.2088567e-05
1208,1.3218987,1.2088567e-05
1208,1.3218967,1.2086704e-05
1209,1.3218947,1.2086704e-05
1209,1.3218927,1.2086704e-05
1209,1.3218907,1.2086704e-05
1209,1.3218886,1.2086704e-05
1209,1.3218866,1.2086704e-05
1209,1.3218846,1.2088567e-05
1209,1.3218826,1.2088567e-05
1210,1.3218806,1.209043e-05
1210,1.3218786,1.2092292e-05
1210,1.3218765,1.2094155e-05
1210,1.3218745,1.2096018e-05
1210,1.3218725,1.209788e-05
1210,1.3218705,1.209788e-05
1210,1.3218685,1.209788e-05
1210,1.3218664,1.2094155e-05
1211,1.3218644,1.209043e-05
1211,1.3218624,1.2084842e-05
1211,1.3218604,1.2082979e-05
1211,1.3218583,1.2079254e-05
1211,1.3218563,1.2073666e-05
1211,1.3218543,1.2071803e-05
1211,1.3218523,1.2066215e-05
1212,1.3218502,1.2060627e-05
1212,1.3218482,1.2056902e-05
1212,1.3218462,1.2051314e-05
1212,1.3218441,1.2045726e-05
1212,1.3218421,1.2040138e-05
1212,1.3218401,1.203455e-05
1212,1.321838,1.20271e-05
1213,1.321836,1.2021512e-05
1213,1.3218339,1.2015924e-05
1213,1.3218319,1.2006611e-05
1213,1.3218299,1.2001023e-05
1213,1.3218278,1.1995435e-05
1213,1.3218258,1.1993572e-05
1213,1.3218237,1.1991709e-05
1214,1.3218217,1.1991709e-05
1214,1.3218196,1.1989847e-05
1214,1.3218176,1.1989847e-05
1214,1.3218155,1.1987984e-05
1214,1.3218135,1.1987984e-05
1214,1.3218114,1.1986122e-05
1214,1.3218094,1.1986122e-05
1215,1.3218073,1.1986122e-05
1215,1.3218052,1.1986122e-05
1215,1.3218032,1.1986122e-05
1215,1.3218011,1.1987984e-05
1215,1.3217991,1.1987984e-05
1215,1.321797,1.1989847e-05
1215,1.321795,1.1991709e-05
1216,1.3217929,1.1993572e-05
1216,1.3217909,1.1995435e-05
1216,1.3217888,1.1997297e-05
1216,1.3217867,1.199916e-05
1216,1.3217847,1.1997297e-05
1216,1.3217826,1.1991709e-05
1216,1.3217806,1.1986122e-05
1217,1.3217785,1.1978671e-05
1217,1.3217765,1.1969358e-05
1217,1.3217744,1.1961907e-05
1217,1.3217723,1.1952594e-05
1217,1.3217703,1.1947006e-05
1217,1.3217682,1.1939555e-05
1217,1.3217661,1.192838e-05
1218,1.3217641,1.1919066e-05
1218,1.321762,1.190789e-05
1218,1.3217599,1.1898577e-05
1218,1.3217578,1.1885539e-05
1218,1.3217558,1.1874363e-05
1218,1.3217537,1.186505e-05
1218,1.3217516,1.1850148e-05
1219,1.3217495,1.183711e-05
1219,1.3217474,1.1820346e-05
1219,1.3217454,1.180917e-05
1219,1.3217433,1.1799857e-05
1219,1.3217412,1.1790544e-05
1219,1.3217391,1.1786819e-05
1219,1.321737,1.1783093e-05
1220,1.3217349,1.1783093e-05
1220,1.3217328,1.1781231e-05
1220,1.3217307,1.1777505e-05
1220,1.3217286,1.1777505e-05
1220,1.3217265,1.1775643e-05
1220,1.3217244,1.177378e-05
1220,1.3217223,1.177378e-05
1221,1.3217202,1.177378e-05
1221,1.3217181,1.177378e-05
1221,1.321716,1.1775643e-05
1221,1.3217139,1.1777505e-05
1221,1.3217118,1.1779368e-05
1221,1.3217097,1.1781231e-05
1221,1.3217076,1.1784956e-05
1222,1.3217055,1.1788681e-05
1222,1.3217034,1.1792406e-05
1222,1.3217013,1.1797994e-05
1222,1.3216992,1.1797994e-05
1222,1.3216971,1.1797994e-05
1222,1.321695,1.1794269e-05
1222,1.3216929,1.1790544e-05
1223,1.3216908,1.1784956e-05
1223,1.3216887,1.1783093e-05
1223,1.3216866,1.1779368e-05
1223,1.3216845,1.177378e-05
1223,1.3216824,1.1771917e-05
1223,1.3216803,1.1766329e-05
1223,1.3216781,1.1760741e-05
1224,1.321676,1.1755154e-05
1224,1.3216739,1.1751428e-05
1224,1.3216718,1.174584e-05
1224,1.3216697,1.1740252e-05
1224,1.3216676,1.1734664e-05
1224,1.3216654,1.1727214e-05
1225,1.3216633,1.1721626e-05
1225,1.3216612,1.1716038e-05
1225,1.3216591,1.1706725e-05
1225,1.3216569,1.1701137e-05
1225,1.3216548,1.1695549e-05
1225,1.3216527,1.1693686e-05
1225,1.3216506,1.1691824e-05
1226,1.3216484,1.1691824e-05
1226,1.3216463,1.1689961e-05
1226,1.3216442,1.1689961e-05
1226,1.321642,1.1688098e-05
1226,1.3216399,1.1688098e-05
1226,1.3216378,1.1686236e-05
1226,1.3216356,1.1686236e-05
1227,1.3216335,1.1686236e-05
1227,1.3216314,1.1686236e-05
1227,1.3216292,1.1686236e-05
1227,1.3216271,1.1688098e-05
1227,1.3216249,1.1688098e-05
1227,1.3216228,1.1689961e-05
1227,1.3216207,1.1691824e-05
1228,1.3216185,1.1693686e-05
1228,1.3216164,1.1695549e-05
1228,1.3216142,1.1697412e-05
1228,1.3216121,1.1699274e-05
1228,1.32161,1.1697412e-05
1228,1.3216078,1.1695549e-05
1228,1.3216057,1.1691824e-05
1229,1.3216035,1.1688098e-05
1229,1.3216014,1.1684373e-05
1229,1.3215992,1.1680648e-05
1229,1.3215971,1.167506e-05
1229,1.3215949,1.1673197e-05
1229,1.3215928,1.1667609e-05
1229,1.3215906,1.1663884e-05
1230,1.3215885,1.1658296e-05
1230,1.3215863,1.1652708e-05
1230,1.3215842,1.1648983e-05
1230,1.321582,1.1641532e-05
1230,1.3215799,1.1635944e-05
1230,1.3215777,1.1632219e-05
1230,1.3215755,1.1624768e-05
1231,1.3215734,1.161918e-05
1231,1.3215712,1.1609867e-05
1231,1.321569,1.1604279e-05
1231,1.3215669,1.1598691e-05
1231,1.3215647,1.1591241e-05
1231,1.3215625,1.1587515e-05
1231,1.3215604,1.1581928e-05
1232,1.3215582,1.1578202e-05
1232,1.321556,1.1572614e-05
1232,1.3215539,1.1568889e-05
1232,1.3215517,1.1565164e-05
1232,1.3215495,1.1559576e-05
1232,1.3215473,1.1555851e-05
1233,1.3215452,1.15484e-05
1233,1.321543,1.1544675e-05
1233,1.3215408,1.1540949e-05
1233,1.3215386,1.1535361e-05
1233,1.3215364,1.1531636e-05
1233,1.3215343,1.1524186e-05
1233,1.3215321,1.152046e-05
1234,1.3215299,1.1516735e-05
1234,1.3215277,1.1511147e-05
1234,1.3215255,1.1507422e-05
1234,1.3215233,1.1501834e-05
1234,1.3215211,1.1496246e-05
1234,1.321519,1.1490658e-05
1234,1.3215168,1.1486933e-05
1235,1.3215146,1.1483207e-05
1235,1.3215124,1.1477619e-05
1235,1.3215102,1.1473894e-05
1235,1.321508,1.1466444e-05
1235,1.3215058,1.1462718e-05
1235,1.3215036,1.1458993e-05
1235,1.3215014,1.1453405e-05
1236,1.3214992,1.144968e-05
1236,1.321497,1.1442229e-05
1236,1.3214948,1.1438504e-05
1236,1.3214926,1.1434779e-05
1236,1.3214904,1.1429191e-05
1236,1.3214882,1.1425465e-05
1236,1.321486,1.1419877e-05
1237,1.3214838,1.1414289e-05
1237,1.3214816,1.1410564e-05
1237,1.3214793,1.1404976e-05
1237,1.3214771,1.1401251e-05
1237,1.3214749,1.1395663e-05
1237,1.3214727,1.13938e-05
1238,1.3214705,1.1391938e-05
1238,1.3214683,1.1391938e-05
1238,1.3214661,1.1390075e-05
1238,1.3214638,1.1390075e-05
1238,1.3214616,1.1388212e-05
1238,1.3214594,1.1388212e-05
1238,1.3214572,1.138635e-05
1239,1.3214549,1.138635e-05
1239,1.3214527,1.138635e-05
1239,1.3214505,1.138635e-05
1239,1.3214483,1.1388212e-05
1239,1.3214461,1.1388212e-05
1239,1.3214438,1.1388212e-05
1239,1.3214416,1.1390075e-05
1240,1.3214394,1.1391938e-05
1240,1.3214371,1.13938e-05
1240,1.3214349,1.1395663e-05
1240,1.3214327,1.1397526e-05
1240,1.3214305,1.1399388e-05
1240,1.3214282,1.1397526e-05
1240,1.321426,1.1395663e-05
1241,1.3214238,1.1391938e-05
1241,1.3214215,1.138635e-05
1241,1.3214193,1.1384487e-05
1241,1.3214171,1.1380762e-05
1241,1.3214148,1.1375174e-05
1241,1.3214126,1.1373311e-05
1242,1.3214104,1.1367723e-05
1242,1.3214081,1.1363998e-05
1242,1.3214059,1.135841e-05
1242,1.3214036,1.1352822e-05
1242,1.3214014,1.1349097e-05
1242,1.3213992,1.1341646e-05
1242,1.3213969,1.1336058e-05
1243,1.3213947,1.1332333e-05
1243,1.3213924,1.1324883e-05
1243,1.3213902,1.1319295e-05
1243,1.3213879,1.1309981e-05
1243,1.3213857,1.1304393e-05
1243,1.3213834,1.1296943e-05
1243,1.3213811,1.1291355e-05
1244,1.3213789,1.128763e-05
1244,1.3213766,1.1282042e-05
1244,1.3213744,1.1278316e-05
1244,1.3213721,1.1272728e-05
1244,1.3213698,1.1269003e-05
1244,1.3213676,1.1265278e-05
1245,1.3213653,1.125969e-05
1245,1.3213631,1.1255965e-05
1245,1.3213608,1.1248514e-05
1245,1.3213585,1.1244789e-05
1245,1.3213563,1.1241063e-05
1245,1.321354,1.1235476e-05
1245,1.3213517,1.123175e-05
1246,1.3213494,1.12243e-05
1246,1.3213472,1.1220574e-05
1246,1.3213449,1.1214986e-05
1246,1.3213426,1.1211261e-05
1246,1.3213403,1.1207536e-05
1246,1.3213381,1.1201948e-05
1246,1.3213358,1.119636e-05
1247,1.3213335,1.1190772e-05
1247,1.3213312,1.1187047e-05
1247,1.3213289,1.1183321e-05
1247,1.3213267,1.1177734e-05
1247,1.3213244,1.1172146e-05
1247,1.3213221,1.1166558e-05
1248,1.3213198,1.1162832e-05
1248,1.3213175,1.1159107e-05
1248,1.3213152,1.1153519e-05
1248,1.3213129,1.1149794e-05
1248,1.3213106,1.1142343e-05
1248,1.3213083,1.1138618e-05
1248,1.3213061,1.113303e-05
1249,1.3213038,1.1129305e-05
1249,1.3213015,1.1125579e-05
1249,1.3212992,1.1119992e-05
1249,1.3212969,1.1114404e-05
1249,1.3212946,1.1108816e-05
1249,1.3212923,1.110509e-05
1249,1.32129,1.1101365e-05
1250,1.3212877,1.1095777e-05
1250,1.3212854,1.1090189e-05
1250,1.321283,1.1084601e-05
1250,1.3212807,1.1080876e-05
1250,1.3212784,1.1077151e-05
1250,1.3212761,1.1071563e-05
1251,1.3212738,1.1067837e-05
1251,1.3212715,1.1060387e-05
1251,1.3212692,1.1056662e-05
1251,1.3212669,1.1052936e-05
1251,1.3212646,1.1047348e-05
1251,1.3212622,1.1043623e-05
1251,1.3212599,1.1036173e-05
1252,1.3212576,1.1032447e-05
1252,1.3212553,1.1026859e-05
1252,1.321253,1.1023134e-05
1252,1.3212506,1.1019409e-05
1252,1.3212483,1.1011958e-05
1252,1.321246,1.1008233e-05
1252,1.3212436,1.1002645e-05
1253,1.3212413,1.099892e-05
1253,1.321239,1.0997057e-05
1253,1.3212366,1.0993332e-05
1253,1.3212343,1.0993332e-05
1253,1.321232,1.0991469e-05
1253,1.3212296,1.0991469e-05
1254,1.3212273,1.0989606e-05
1254,1.321225,1.0987744e-05
1254,1.3212226,1.0987744e-05
1254,1.3212203,1.0987744e-05
1254,1.3212179,1.0987744e-05
1254,1.3212156,1.0987744e-05
1254,1.3212133,1.0987744e-05
1255,1.3212109,1.0987744e-05
1255,1.3212086,1.0987744e-05
1255,1.3212062,1.0989606e-05
1255,1.3212039,1.0991469e-05
1255,1.3212015,1.0991469e-05
1255,1.3211992,1.0993332e-05
1256,1.3211968,1.0997057e-05
1256,1.3211945,1.099892e-05
1256,1.3211921,1.1000782e-05
1256,1.3211898,1.1000782e-05
1256,1.3211874,1.1000782e-05
1256,1.3211851,1.099892e-05
1256,1.3211827,1.099892e-05
1257,1.3211804,1.099892e-05
1257,1.321178,1.099892e-05
1257,1.3211757,1.099892e-05
1257,1.3211733,1.099892e-05
1257,1.3211709,1.099892e-05
1257,1.3211686,1.099892e-05
1257,1.3211662,1.099892e-05
1258,1.3211638,1.099892e-05
1258,1.3211615,1.099892e-05
1258,1.3211591,1.099892e-05
1258,1.3211567,1.099892e-05
1258,1.3211544,1.099892e-05
1258,1.321152,1.099892e-05
1259,1.3211496,1.099892e-05
1259,1.3211473,1.099892e-05
1259,1.3211449,1.099892e-05
1259,1.3211425,1.099892e-05
1259,1.3211401,1.0995194e-05
1259,1.3211378,1.0993332e-05
1259,1.3211354,1.0989606e-05
1260,1.321133,1.0985881e-05
1260,1.3211306,1.0982156e-05
1260,1.3211283,1.0978431e-05
1260,1.3211259,1.0974705e-05
1260,1.3211235,1.0969117e-05
1260,1.3211211,1.0965392e-05
1261,1.3211187,1.0961667e-05
1261,1.3211163,1.0956079e-05
1261,1.3211139,1.0950491e-05
1261,1.3211115,1.0944903e-05
1261,1.3211092,1.0939315e-05
1261,1.3211068,1.0933727e-05
1261,1.3211044,1.0926276e-05
1262,1.321102,1.0920689e-05
1262,1.3210996,1.0913238e-05
1262,1.3210972,1.0905787e-05
1262,1.3210948,1.0902062e-05
1262,1.3210923,1.0896474e-05
1262,1.3210899,1.0892749e-05
1263,1.3210875,1.0890886e-05
1263,1.3210851,1.0890886e-05
1263,1.3210827,1.0890886e-05
1263,1.3210803,1.0889024e-05
1263,1.3210779,1.0889024e-05
1263,1.3210755,1.0887161e-05
1263,1.321073,1.0887161e-05
1264,1.3210706,1.0887161e-05
1264,1.3210682,1.0887161e-05
1264,1.3210658,1.0887161e-05
1264,1.3210634,1.0887161e-05
1264,1.3210609,1.0887161e-05
1264,1.3210585,1.0889024e-05
1265,1.3210561,1.0890886e-05
1265,1.3210537,1.0890886e-05
1265,1.3210512,1.0892749e-05
1265,1.3210488,1.0894611e-05
1265,1.3210464,1.0898337e-05
1265,1.321044,1.0898337e-05
1265,1.3210415,1.0900199e-05
1266,1.3210391,1.0900199e-05
1266,1.3210367,1.0900199e-05
1266,1.3210342,1.0898337e-05
1266,1.3210318,1.0898337e-05
1266,1.3210294,1.0898337e-05
1266,1.3210269,1.0898337e-05
1267,1.3210245,1.0898337e-05
1267,1.321022,1.0898337e-05
1267,1.3210196,1.0898337e-05
1267,1.3210172,1.0898337e-05
1267,1.3210147,1.0898337e-05
1267,1.3210123,1.0898337e-05
1267,1.3210098,1.0898337e-05
1268,1.3210074,1.0898337e-05
1268,1.3210049,1.0898337e-05
1268,1.3210025,1.0898337e-05
1268,1.321,1.0898337e-05
1268,1.3209976,1.0898337e-05
1268,1.3209951,1.0898337e-05
1269,1.3209926,1.0900199e-05
1269,1.3209902,1.0902062e-05
1269,1.3209877,1.0903925e-05
1269,1.3209853,1.090765e-05
1269,1.3209828,1.0911375e-05
1269,1.3209803,1.0915101e-05
1270,1.3209779,1.0918826e-05
1270,1.3209754,1.0924414e-05
1270,1.3209729,1.0926276e-05
1270,1.3209704,1.0930002e-05
1270,1.320968,1.093559e-05
1270,1.3209655,1.0941178e-05
1270,1.320963,1.0946766e-05
1271,1.3209606,1.0952353e-05
1271,1.3209581,1.0956079e-05
1271,1.3209556,1.0963529e-05
1271,1.3209531,1.0969117e-05
1271,1.3209506,1.0976568e-05
1271,1.3209482,1.0982156e-05
1272,1.3209457,1.0989606e-05
1272,1.3209432,1.0995194e-05
1272,1.3209407,1.1002645e-05
1272,1.3209382,1.1011958e-05
1272,1.3209357,1.1017546e-05
1272,1.3209332,1.1026859e-05
1272,1.3209308,1.103431e-05
1273,1.3209283,1.104176e-05
1273,1.3209258,1.1052936e-05
1273,1.3209233,1.1060387e-05
1273,1.3209208,1.1071563e-05
1273,1.3209183,1.1079013e-05
1273,1.3209158,1.1086464e-05
1274,1.3209133,1.1099502e-05
1274,1.3209108,1.1106953e-05
1274,1.3209083,1.1119992e-05
1274,1.3209058,1.1129305e-05
1274,1.3209033,1.1136755e-05
1274,1.3209008,1.1151657e-05
1275,1.3208983,1.116097e-05
1275,1.3208958,1.1175871e-05
1275,1.3208933,1.1185184e-05
1275,1.3208908,1.1198223e-05
1275,1.3208883,1.1205673e-05
1275,1.3208858,1.1213124e-05
1275,1.3208833,1.1220574e-05
1276,1.3208807,1.12243e-05
1276,1.3208782,1.123175e-05
1276,1.3208757,1.1237338e-05
1276,1.3208732,1.1241063e-05
1276,1.3208707,1.1248514e-05
1276,1.3208682,1.1252239e-05
1277,1.3208657,1.125969e-05
1277,1.3208631,1.1263415e-05
1277,1.3208606,1.1267141e-05
1277,1.3208581,1.1272728e-05
1277,1.3208556,1.1276454e-05
1277,1.320853,1.1280179e-05
1277,1.3208505,1.1283904e-05
1278,1.320848,1.128763e-05
1278,1.3208454,1.1289492e-05
1278,1.3208429,1.1291355e-05
1278,1.3208404,1.129508e-05
1278,1.3208378,1.1298805e-05
1278,1.3208353,1.1308119e-05
1279,1.3208327,1.1317432e-05
1279,1.3208302,1.1326745e-05
1279,1.3208276,1.1343509e-05
1279,1.3208251,1.1352822e-05
1279,1.3208225,1.1367723e-05
1279,1.32082,1.1378899e-05
1280,1.3208174,1.1390075e-05
1280,1.3208149,1.1406839e-05
1280,1.3208123,1.1418015e-05
1280,1.3208098,1.1436641e-05
1280,1.3208072,1.1447817e-05
1280,1.3208046,1.1460856e-05
1280,1.3208021,1.1481345e-05
1281,1.3207995,1.1494383e-05
1281,1.320797,1.1514872e-05
1281,1.3207944,1.1529773e-05
1281,1.3207918,1.1553988e-05
1281,1.3207893,1.1568889e-05
1281,1.3207867,1.158379e-05
1282,1.3207842,1.1606142e-05
1282,1.3207816,1.161918e-05
1282,1.320779,1.1635944e-05
1282,1.3207765,1.1648983e-05
1282,1.3207739,1.1658296e-05
1282,1.3207713,1.1676922e-05
1283,1.3207688,1.1688098e-05
1283,1.3207662,1.1706725e-05
1283,1.3207636,1.1719763e-05
1283,1.3207611,1.1730939e-05
1283,1.3207585,1.1749566e-05
1283,1.3207559,1.1760741e-05
1284,1.3207533,1.1779368e-05
1284,1.3207507,1.1790544e-05
1284,1.3207482,1.180917e-05
1284,1.3207456,1.1820346e-05
1284,1.320743,1.1833385e-05
1284,1.3207404,1.1852011e-05
1284,1.3207378,1.1863187e-05
1285,1.3207352,1.1881813e-05
1285,1.3207327,1.1892989e-05
1285,1.3207301,1.1904165e-05
1285,1.3207275,1.1919066e-05
1285,1.3207249,1.1930242e-05
1285,1.3207223,1.1943281e-05
1286,1.3207197,1.1952594e-05
1286,1.3207171,1.1960045e-05
1286,1.3207145,1.1973083e-05
1286,1.3207119,1.1982396e-05
1286,1.3207093,1.1995435e-05
1286,1.3207067,1.2002885e-05
1287,1.3207041,1.2015924e-05
1287,1.3207015,1.2023374e-05
1287,1.3206989,1.2030825e-05
1287,1.3206963,1.2042001e-05
1287,1.3206937,1.2049451e-05
1287,1.320691,1.2060627e-05
1287,1.3206884,1.2068078e-05
1288,1.3206858,1.2073666e-05
1288,1.3206832,1.2082979e-05
1288,1.3206806,1.2088567e-05
1288,1.3206779,1.2099743e-05
1288,1.3206753,1.2109056e-05
1288,1.3206727,1.2120232e-05
1289,1.32067,1.2140721e-05
1289,1.3206674,1.2155622e-05
1289,1.3206648,1.2177974e-05
1289,1.3206621,1.2191013e-05
1289,1.3206595,1.2205914e-05
1289,1.3206569,1.2228265e-05
1290,1.3206542,1.2243167e-05
1290,1.3206516,1.2265518e-05
1290,1.3206489,1.2282282e-05
1290,1.3206463,1.2306497e-05
1290,1.3206437,1.232326e-05
1290,1.320641,1.2340024e-05
1291,1.3206384,1.2367964e-05
1291,1.3206357,1.2384728e-05
1291,1.3206331,1.2412667e-05
1291,1.3206304,1.2431294e-05
1291,1.3206278,1.2451783e-05
1291,1.3206251,1.2479722e-05
1292,1.3206225,1.2500212e-05
1292,1.3206198,1.2524426e-05
1292,1.3206172,1.254119e-05
1292,1.3206145,1.2556091e-05
1292,1.3206119,1.2578443e-05
1292,1.3206092,1.2595206e-05
1292,1.3206065,1.2619421e-05
1293,1.3206039,1.2634322e-05
1293,1.3206012,1.2658536e-05
1293,1.3205985,1.26753e-05
1293,1.3205959,1.2690201e-05
1293,1.3205932,1.2714416e-05
1293,1.3205905,1.273118e-05
1294,1.3205879,1.2755394e-05
1294,1.3205852,1.2770295e-05
1294,1.3205825,1.2787059e-05
1294,1.3205799,1.2811273e-05
1294,1.3205772,1.2826174e-05
1294,1.3205745,1.2850389e-05
1295,1.3205718,1.2867153e-05
1295,1.3205691,1.2882054e-05
1295,1.3205664,1.2908131e-05
1295,1.3205638,1.2924895e-05
1295,1.3205611,1.2952834e-05
1295,1.3205584,1.2971461e-05
1296,1.3205557,1.3001263e-05
1296,1.320553,1.301989e-05
1296,1.3205503,1.3038516e-05
1296,1.3205476,1.3068318e-05
1296,1.3205449,1.3086945e-05
1296,1.3205422,1.3116747e-05
1297,1.3205395,1.3137236e-05
1297,1.3205368,1.3155863e-05
1297,1.3205341,1.3187528e-05
1297,1.3205314,1.3208017e-05
1297,1.3205287,1.3237819e-05
1297,1.320526,1.3260171e-05
1297,1.3205233,1.328066e-05
1298,1.3205206,1.3312325e-05
1298,1.3205179,1.3332814e-05
1298,1.3205151,1.3366342e-05
1298,1.3205124,1.3388693e-05
1298,1.3205097,1.3409182e-05
1298,1.320507,1.344271e-05
1299,1.3205043,1.3465062e-05
1299,1.3205016,1.3498589e-05
1299,1.3204988,1.3522804e-05
1299,1.3204961,1.3556331e-05
1299,1.3204934,1.3580546e-05
1299,1.3204907,1.3602898e-05
1300,1.3204879,1.3638288e-05
1300,1.3204852,1.3662502e-05
1300,1.3204825,1.3697892e-05
1300,1.3204797,1.3722107e-05
1300,1.320477,1.3746321e-05
1300,1.3204743,1.3783574e-05
1301,1.3204715,1.3807788e-05
1301,1.3204688,1.3845041e-05
1301,1.3204661,1.3871118e-05
1301,1.3204633,1.3895333e-05
1301,1.3204606,1.3934448e-05
1301,1.3204578,1.3960525e-05
1302,1.3204551,1.3999641e-05
1302,1.3204523,1.4025718e-05
1302,1.3204496,1.4064834e-05
1302,1.3204468,1.4090911e-05
1302,1.3204441,1.4116988e-05
1302,1.3204413,1.4157966e-05
1303,1.3204386,1.4184043e-05
1303,1.3204358,1.4225021e-05
1303,1.320433,1.4252961e-05
1303,1.3204303,1.42809e-05
1303,1.3204275,1.4321879e-05
1303,1.3204248,1.4349818e-05
1304,1.320422,1.4392659e-05
1304,1.3204192,1.4420599e-05
1304,1.3204165,1.4450401e-05
1304,1.3204137,1.4493242e-05
1304,1.3204109,1.4521182e-05
1304,1.3204081,1.4565885e-05
1305,1.3204054,1.4595687e-05
1305,1.3204026,1.4623627e-05
1305,1.3203998,1.4668331e-05
1305,1.320397,1.4698133e-05
1305,1.3203943,1.4744699e-05
1305,1.3203915,1.4774501e-05
1305,1.3203887,1.4821067e-05
1306,1.3203859,1.485087e-05
1306,1.3203831,1.4882535e-05
1306,1.3203803,1.4929101e-05
1306,1.3203775,1.4958903e-05
1306,1.3203748,1.5007332e-05
1306,1.320372,1.5038997e-05
1307,1.3203692,1.5070662e-05
1307,1.3203664,1.5119091e-05
1307,1.3203636,1.5150756e-05
1307,1.3203608,1.5199184e-05
1307,1.320358,1.5232712e-05
1307,1.3203552,1.5264377e-05
1308,1.3203524,1.5314668e-05
1308,1.3203496,1.5348196e-05
1308,1.3203467,1.5396625e-05
1308,1.3203439,1.5430152e-05
1308,1.3203411,1.5482306e-05
1308,1.3203383,1.5515834e-05
1309,1.3203355,1.5553087e-05
1309,1.3203327,1.5607104e-05
1309,1.3203299,1.5644357e-05
1309,1.320327,1.5702099e-05
1309,1.3203242,1.5739352e-05
1309,1.3203214,1.5778467e-05
1310,1.3203186,1.5836209e-05
1310,1.3203157,1.5875325e-05
1310,1.3203129,1.5934929e-05
1310,1.3203101,1.5974045e-05
1310,1.3203073,1.6015023e-05
1310,1.3203044,1.6074628e-05
1311,1.3203016,1.6115606e-05
1311,1.3202988,1.6178936e-05
1311,1.3202959,1.6219914e-05
1311,1.3202931,1.6283244e-05
1311,1.3202903,1.6326085e-05
1311,1.3202874,1.6368926e-05
1312,1.3202846,1.6434118e-05
1312,1.3202817,1.6476959e-05
1312,1.3202789,1.6540289e-05
1312,1.3202761,1.6581267e-05
1312,1.3202732,1.6620383e-05
1312,1.3202704,1.6679987e-05
1313,1.3202675,1.6719103e-05
1313,1.3202647,1.6778708e-05
1313,1.3202618,1.6817823e-05
1313,1.320259,1.6858801e-05
1313,1.3202561,1.6918406e-05
1313,1.3202533,1.6959384e-05
1314,1.3202504,1.7018989e-05
1314,1.3202475,1.7059967e-05
1314,1.3202447,1.7099082e-05
1314,1.3202418,1.7158687e-05
1314,1.320239,1.7199665e-05
1314,1.3202361,1.725927e-05
1315,1.3202332,1.7298386e-05
1315,1.3202303,1.735799e-05
1315,1.3202275,1.7397106e-05
1315,1.3202246,1.7438084e-05
1315,1.3202217,1.7499551e-05
1315,1.3202188,1.7544255e-05
1316,1.3202159,1.7613173e-05
1316,1.320213,1.7661601e-05
1316,1.3202102,1.771003e-05
1316,1.3202073,1.7784536e-05
1316,1.3202044,1.7834827e-05
1316,1.3202015,1.7909333e-05
1317,1.3201986,1.7959625e-05
1317,1.3201957,1.8009916e-05
1317,1.3201928,1.8086284e-05
1317,1.3201899,1.8138438e-05
1317,1.320187,1.821667e-05
1317,1.3201841,1.8270686e-05
1318,1.3201812,1.835078e-05
1318,1.3201783,1.8406659e-05
1318,1.3201754,1.8460676e-05
1318,1.3201725,1.8544495e-05
1318,1.3201696,1.8600374e-05
1318,1.3201667,1.8686056e-05
1319,1.3201638,1.8743798e-05
1319,1.3201609,1.8799677e-05
1319,1.320158,1.8879771e-05
1319,1.3201551,1.8931925e-05
1319,1.3201522,1.9008294e-05
1319,1.3201493,1.9058585e-05
1320,1.3201464,1.9110739e-05
1320,1.3201434,1.918897e-05
1320,1.3201405,1.9241124e-05
1320,1.3201376,1.9319355e-05
1320,1.3201347,1.937151e-05
1320,1.3201318,1.9449741e-05
1321,1.3201288,1.9501895e-05
1321,1.3201259,1.9554049e-05
1321,1.320123,1.9630417e-05
1321,1.3201201,1.9682571e-05
1321,1.3201171,1.9760802e-05
1321,1.3201142,1.9812956e-05
1322,1.3201113,1.9865111e-05
1322,1.3201083,1.9941479e-05
1322,1.3201054,1.9993633e-05
1322,1.3201024,2.0071864e-05
1322,1.3200995,2.0125881e-05
1322,1.3200965,2.018176e-05
1323,1.3200936,2.0267442e-05
1323,1.3200906,2.0325184e-05
1323,1.3200877,2.0410866e-05
1323,1.3200847,2.047047e-05
1323,1.3200818,2.0528212e-05
1324,1.3200788,2.0615757e-05
1324,1.3200759,2.0675361e-05
1324,1.3200729,2.0764768e-05
1324,1.3200699,2.0824373e-05
1324,1.320067,2.091378e-05
1324,1.320064,2.0975247e-05
1325,1.3200611,2.1034852e-05
1325,1.3200581,2.1127984e-05
1325,1.3200551,2.1189451e-05
1325,1.3200521,2.1282583e-05
1325,1.3200492,2.1345913e-05
1325,1.3200462,2.1407381e-05
1326,1.3200432,2.1502376e-05
1326,1.3200402,2.1567568e-05
1326,1.3200373,2.1662563e-05
1326,1.3200343,2.1727756e-05
1326,1.3200313,2.1792948e-05
1326,1.3200283,2.1889806e-05
1327,1.3200253,2.1954998e-05
1327,1.3200224,2.2055581e-05
1327,1.3200194,2.2120774e-05
1327,1.3200164,2.2221357e-05
1327,1.3200134,2.2288412e-05
1327,1.3200104,2.2355467e-05
1328,1.3200074,2.2457913e-05
1328,1.3200044,2.252683e-05
1328,1.3200014,2.2629276e-05
1328,1.3199984,2.2698194e-05
1328,1.3199954,2.2767112e-05
1328,1.3199924,2.2873282e-05
1329,1.3199894,2.29422e-05
1329,1.3199864,2.3050234e-05
1329,1.3199834,2.3121014e-05
1329,1.3199804,2.3191795e-05
1329,1.3199774,2.3299828e-05
1329,1.3199744,2.3368746e-05
1330,1.3199714,2.3471192e-05
1330,1.3199684,2.3538247e-05
1330,1.3199654,2.3605302e-05
1330,1.3199624,2.3705885e-05
1330,1.3199593,2.3774803e-05
1330,1.3199563,2.3877248e-05
1331,1.3199533,2.3944303e-05
1331,1.3199503,2.4046749e-05
1331,1.3199473,2.4115667e-05
1331,1.3199442,2.4182722e-05
1331,1.3199412,2.4285167e-05
1331,1.3199382,2.4352223e-05
1332,1.3199352,2.4454668e-05
1332,1.3199321,2.4523586e-05
1332,1.3199291,2.4590641e-05
1332,1.319926,2.4693087e-05
1332,1.319923,2.4760142e-05
1333,1.3199199,2.4860725e-05
1333,1.3199169,2.4929643e-05
1333,1.3199138,2.4998561e-05
1333,1.3199108,2.5108457e-05
1333,1.3199077,2.5182962e-05
1333,1.3199047,2.5296584e-05
1334,1.3199016,2.5374815e-05
1334,1.3198986,2.5490299e-05
1334,1.3198955,2.556853e-05
1334,1.3198925,2.5646761e-05
1334,1.3198894,2.5764108e-05
1334,1.3198863,2.5842339e-05
1335,1.3198833,2.5961548e-05
1335,1.3198802,2.6041642e-05
1335,1.3198771,2.6123598e-05
1335,1.3198741,2.624467e-05
1335,1.319871,2.6326627e-05
1335,1.3198679,2.6449561e-05
1336,1.3198649,2.653338e-05
1336,1.3198618,2.6617199e-05
1336,1.3198587,2.6745722e-05
1336,1.3198557,2.6831403e-05
1336,1.3198526,2.6958063e-05
1336,1.3198495,2.704002e-05
1337,1.3198465,2.7155504e-05
1337,1.3198434,2.7230009e-05
1337,1.3198403,2.7302653e-05
1337,1.3198372,2.7410686e-05
1337,1.3198342,2.7485192e-05
1338,1.3198311,2.7595088e-05
1338,1.319828,2.7669594e-05
1338,1.3198249,2.7742237e-05
1338,1.3198218,2.7852133e-05
1338,1.3198187,2.7922913e-05
1338,1.3198156,2.8030947e-05
1339,1.3198126,2.810359e-05
1339,1.3198094,2.8174371e-05
1339,1.3198063,2.8280541e-05
1339,1.3198032,2.8349459e-05
1339,1.3198001,2.845563e-05
1339,1.319797,2.8522685e-05
1340,1.3197939,2.8591603e-05
1340,1.3197908,2.8694049e-05
1340,1.3197876,2.8762966e-05
1340,1.3197845,2.8872862e-05
1340,1.3197814,2.8951094e-05
1340,1.3197783,2.9070303e-05
1341,1.3197751,2.9152259e-05
1341,1.319772,2.9236078e-05
1341,1.3197689,2.935715e-05
1341,1.3197657,2.9439107e-05
1341,1.3197626,2.9562041e-05
1341,1.3197594,2.9643998e-05
1342,1.3197563,2.9727817e-05
1342,1.3197531,2.9852614e-05
1342,1.31975,2.9938295e-05
1342,1.3197469,3.0064955e-05
1342,1.3197437,3.0150637e-05
1343,1.3197406,3.0236319e-05
1343,1.3197374,3.0366704e-05
1343,1.3197342,3.0454248e-05
1343,1.3197311,3.0586496e-05
1343,1.3197279,3.0675903e-05
1343,1.3197248,3.0810013e-05
1344,1.3197217,3.089942e-05
1344,1.3197185,3.0986965e-05
1344,1.3197153,3.1121075e-05
1344,1.3197122,3.1210482e-05
1344,1.319709,3.134273e-05
1344,1.3197058,3.1434e-05
1345,1.3197027,3.1523407e-05
1345,1.3196995,3.165938e-05
1345,1.3196963,3.1750649e-05
1345,1.3196932,3.1886622e-05
1345,1.31969,3.1977892e-05
1346,1.3196868,3.2071024e-05
1346,1.3196836,3.220886e-05
1346,1.3196805,3.2301992e-05
1346,1.3196773,3.2441691e-05
1346,1.3196741,3.2534823e-05
1346,1.3196709,3.2629818e-05
1347,1.3196677,3.2771379e-05
1347,1.3196646,3.2868236e-05
1347,1.3196614,3.301166e-05
1347,1.3196582,3.3106655e-05
1347,1.319655,3.3242628e-05
1347,1.3196519,3.3322722e-05
1348,1.3196487,3.3400953e-05
1348,1.3196455,3.3508986e-05
1348,1.3196424,3.3576041e-05
1348,1.3196392,3.3682212e-05
1348,1.319636,3.3752993e-05
1348,1.3196328,3.3821911e-05
1349,1.3196296,3.3924356e-05
1349,1.3196264,3.3991411e-05
1349,1.3196232,3.4088269e-05
1349,1.31962,3.4151599e-05
1349,1.3196168,3.4214929e-05
1350,1.3196135,3.4306198e-05
1350,1.3196103,3.4365803e-05
1350,1.3196071,3.4451485e-05
1350,1.3196039,3.4509227e-05
1350,1.3196006,3.458932e-05
1350,1.3195974,3.4641474e-05
1351,1.3195941,3.4693629e-05
1351,1.3195909,3.4773722e-05
1351,1.3195876,3.4831464e-05
1351,1.3195844,3.4928322e-05
1351,1.3195811,3.499724e-05
1351,1.3195778,3.5069883e-05
1352,1.3195745,3.5177916e-05
1352,1.3195713,3.5248697e-05
1352,1.319568,3.5354868e-05
1352,1.3195647,3.5425648e-05
1352,1.3195614,3.5494566e-05
1353,1.3195581,3.5602599e-05
1353,1.3195548,3.567338e-05
1353,1.3195516,3.5781413e-05
1353,1.3195483,3.5854056e-05
1353,1.319545,3.5963953e-05
1353,1.3195417,3.6038458e-05
1354,1.3195384,3.6111102e-05
1354,1.3195351,3.622286e-05
1354,1.3195318,3.6297366e-05
1354,1.3195285,3.6410987e-05
1354,1.3195251,3.6485493e-05
1354,1.3195218,3.6561862e-05
1355,1.3195185,3.6671758e-05
1355,1.3195152,3.6744401e-05
1355,1.3195119,3.6852434e-05
1355,1.3195086,3.6923215e-05
1355,1.3195052,3.6993995e-05
1356,1.3195019,3.7102029e-05
1356,1.3194986,3.7174672e-05
1356,1.3194952,3.7282705e-05
1356,1.3194919,3.7355348e-05
1356,1.3194885,3.7426129e-05
1356,1.3194852,3.7534162e-05
1357,1.3194818,3.7606806e-05
1357,1.3194785,3.7714839e-05
1357,1.3194751,3.7787482e-05
1357,1.3194717,3.7895516e-05
1357,1.3194684,3.7966296e-05
1357,1.319465,3.8038939e-05
1358,1.3194616,3.8146973e-05
1358,1.3194582,3.8217753e-05
1358,1.3194548,3.8325787e-05
1358,1.3194515,3.839843e-05
1358,1.3194481,3.8472936e-05
1359,1.3194446,3.858842e-05
1359,1.3194412,3.8664788e-05
1359,1.3194378,3.8782135e-05
1359,1.3194344,3.8860366e-05
1359,1.319431,3.8938597e-05
1359,1.3194276,3.9055943e-05
1360,1.3194242,3.9136037e-05
1360,1.3194207,3.9255247e-05
1360,1.3194173,3.9333478e-05
1360,1.3194139,3.945455e-05
1360,1.3194104,3.9534643e-05
1361,1.319407,3.9614737e-05
1361,1.3194036,3.9737672e-05
1361,1.3194001,3.9819628e-05
1361,1.3193967,3.9942563e-05
1361,1.3193932,4.0024519e-05
1361,1.3193897,4.0106475e-05
1362,1.3193862,4.022941e-05
1362,1.3193828,4.0313229e-05
1362,1.3193793,4.0443614e-05
1362,1.3193758,4.0534884e-05
1362,1.3193723,4.0628016e-05
1362,1.3193688,4.077144e-05
1363,1.3193653,4.087016e-05
1363,1.3193618,4.1017309e-05
1363,1.3193583,4.1116029e-05
1363,1.3193548,4.1265041e-05
1363,1.3193513,4.1365623e-05
1364,1.3193478,4.1468069e-05
1364,1.3193442,4.1622669e-05
1364,1.3193407,4.1726977e-05
1364,1.3193372,4.1885301e-05
1364,1.3193336,4.1991472e-05
1364,1.3193301,4.2099506e-05
1365,1.3193266,4.2263418e-05
1365,1.319323,4.2373314e-05
1365,1.3193195,4.2540953e-05
1365,1.3193159,4.2654574e-05
1365,1.3193124,4.2768195e-05
1366,1.3193088,4.2939559e-05
1366,1.3193052,4.3055043e-05
1366,1.3193017,4.3224543e-05
1366,1.3192981,4.3338165e-05
1366,1.3192945,4.3453649e-05
1366,1.3192909,4.3625012e-05
1367,1.3192873,4.3740496e-05
1367,1.3192837,4.3915585e-05
1367,1.3192801,4.4032931e-05
1367,1.3192765,4.4209883e-05
1367,1.3192729,4.4329092e-05
1368,1.3192693,4.4448301e-05
1368,1.3192657,4.4628978e-05
1368,1.3192621,4.4751912e-05
1368,1.3192584,4.4934452e-05
1368,1.3192548,4.5057386e-05
1368,1.3192511,4.5180321e-05
1369,1.3192475,4.5366585e-05
1369,1.3192438,4.548952e-05
1369,1.3192401,4.5675784e-05
1369,1.3192364,4.5802444e-05
1369,1.3192327,4.5932829e-05
1370,1.319229,4.6147034e-05
1370,1.3192253,4.6301633e-05
1370,1.3192216,4.6547502e-05
1370,1.3192179,4.6718866e-05
1370,1.3192141,4.6975911e-05
1370,1.3192104,4.7149137e-05
1371,1.3192067,4.7324225e-05
1371,1.319203,4.7588721e-05
1371,1.3191992,4.7767535e-05
1371,1.3191955,4.8045069e-05
1371,1.3191918,4.8233196e-05
1371,1.319188,4.8425049e-05
1372,1.3191843,4.8715621e-05
1372,1.3191805,4.8913062e-05
1372,1.3191767,4.921481e-05
1372,1.319173,4.9417838e-05
1372,1.3191692,4.9626455e-05
1373,1.3191654,4.9943104e-05
1373,1.3191617,5.0157309e-05
1373,1.3191579,5.0481409e-05
1373,1.3191542,5.0701201e-05
1373,1.3191503,5.0920993e-05
1373,1.3191465,5.1250681e-05
1374,1.3191427,5.1472336e-05
1374,1.3191389,5.1807612e-05
1374,1.3191351,5.2036718e-05
1374,1.3191313,5.2381307e-05
1374,1.3191275,5.2616e-05
1375,1.3191236,5.2852556e-05
1375,1.3191198,5.3212047e-05
1375,1.319116,5.345419e-05
1375,1.3191121,5.3819269e-05
1375,1.3191083,5.4067001e-05
1376,1.3191044,5.4316595e-05
1376,1.3191006,5.4696575e-05
1376,1.3190967,5.4951757e-05
1376,1.3190928,5.5337325e-05
1376,1.3190889,5.5596232e-05
1376,1.319085,5.5857003e-05
1377,1.3190811,5.6253746e-05
1377,1.3190772,5.652383e-05
1377,1.3190732,5.694665e-05
1377,1.3190693,5.7246536e-05
1377,1.3190653,5.771406e-05
1378,1.3190614,5.803816e-05
1378,1.3190574,5.8369711e-05
1378,1.3190535,5.8865175e-05
1378,1.3190495,5.9200451e-05
1378,1.3190456,5.9710816e-05
1378,1.3190417,6.0053542e-05
1379,1.3190377,6.0405582e-05
1379,1.3190336,6.0940161e-05
1379,1.3190297,6.1301515e-05
1379,1.3190257,6.185472e-05
1379,1.3190217,6.2227249e-05
1380,1.3190176,6.2607229e-05
1380,1.3190136,6.3182786e-05
1380,1.3190096,6.3573942e-05
1380,1.3190056,6.41644e-05
1380,1.3190016,6.4563006e-05
1380,1.3189976,6.5172091e-05
1381,1.3189935,6.5589324e-05
1381,1.3189895,6.6021457e-05
1381,1.3189854,6.6703185e-05
1381,1.3189813,6.7172572e-05
1381,1.3189773,6.7900866e-05
1382,1.3189732,6.8394467e-05
1382,1.3189691,6.8891793e-05
1382,1.318965,6.964989e-05
1382,1.3189609,7.016398e-05
1382,1.3189568,7.0948154e-05
1382,1.3189528,7.148087e-05
1383,1.3189487,7.2021037e-05
1383,1.3189446,7.2846189e-05
1383,1.3189405,7.3404983e-05
1383,1.3189365,7.4256212e-05
1383,1.3189326,7.4833632e-05
1384,1.3189284,7.5418502e-05
1384,1.3189242,7.6308846e-05
1384,1.3189201,7.6912344e-05
1384,1.318916,7.783249e-05
1384,1.3189119,7.8452751e-05
1385,1.3189079,7.9397112e-05
1385,1.3189038,8.0028549e-05
1385,1.3188997,8.0665573e-05
1385,1.3188956,8.1630424e-05
1385,1.3188916,8.2280487e-05
1385,1.3188875,8.3265826e-05
1386,1.3188835,8.393079e-05
1386,1.3188794,8.4603205e-05
1386,1.3188753,8.5623935e-05
1386,1.3188712,8.6311251e-05
1386,1.3188671,8.7354332e-05
1387,1.318863,8.8058412e-05
1387,1.3188589,8.8769943e-05
1387,1.3188547,8.9846551e-05
1387,1.3188506,9.0572983e-05
1387,1.3188465,9.1675669e-05
1387,1.3188423,9.2417002e-05
1388,1.3188382,9.3540177e-05
1388,1.3188341,9.4290823e-05
1388,1.31883,9.5050782e-05
1388,1.3188258,9.621121e-05
1388,1.3188216,9.7006559e-05
1389,1.3188176,9.826757e-05
1389,1.3188135,9.9137425e-05
1389,1.3188092,0.0001000315
1389,1.3188049,0.00010140799
1389,1.3188007,0.00010232814
1390,1.3187966,0.00010372885
1390,1.3187924,0.00010467507
1390,1.3187883,0.00010563061
1390,1.3187841,0.00010708906
1390,1.31878,0.00010807626
1390,1.3187759,0.00010958128
1391,1.3187718,0.00011059828
1391,1.3187678,0.000112148
1391,1.3187637,0.00011319481
1391,1.3187597,0.00011425465
1391,1.3187555,0.00011586584
1392,1.3187515,0.00011695363
1392,1.3187475,0.00011860766
1392,1.3187435,0.00011972524
1392,1.3187393,0.00012085587
1392,1.3187352,0.00012257881
1393,1.3187311,0.00012375042
1393,1.3187271,0.00012553297
1393,1.3187231,0.00012673996
1393,1.3187191,0.00012796
1393,1.3187152,0.00012981147
1393,1.3187112,0.0001310613
1394,1.3187075,0.00013295934
1394,1.3187037,0.00013424084
1394,1.3186996,0.00013553537
1394,1.3186955,0.00013750233
1394,1.3186916,0.00013882853
1395,1.3186877,0.00014084391
1395,1.3186839,0.00014220178
1395,1.3186801,0.00014426187
1395,1.3186763,0.0001456514
1395,1.3186725,0.00014705397
1396,1.3186688,0.00014919788
1396,1.3186652,0.00015064515
1396,1.3186616,0.00015282817
1396,1.3186582,0.00015428104
1396,1.3186547,0.00015569851
1396,1.3186511,0.00015775114
1397,1.3186476,0.00015909038
1397,1.3186442,0.00016106479
1397,1.3186407,0.00016238727
1397,1.3186371,0.0001637321
1397,1.3186335,0.00016575679
1398,1.31863,0.00016711652
1398,1.3186265,0.00016915798
1398,1.3186231,0.00017051585
1398,1.3186197,0.00017255545
1398,1.3186163,0.00017391518
1399,1.3186129,0.00017527863
1399,1.3186096,0.00017732568
1399,1.3186062,0.00017869286
1399,1.3186031,0.00018074736
1399,1.3186,0.00018211827
1399,1.3185965,0.00018350035
1400,1.3185931,0.00018557161
1400,1.3185898,0.00018694997
1400,1.3185866,0.00018899888
1400,1.3185834,0.00019032136
1400,1.3185803,0.00019162521
1401,1.3185771,0.00019354559
1401,1.318574,0.00019480661
1401,1.3185709,0.00019670278
1401,1.3185678,0.00019796938
1401,1.3185646,0.00019923225
1402,1.3185614,0.0002011247
1402,1.3185582,0.00020238012
1402,1.3185551,0.00020424835
1402,1.318552,0.00020548888
1402,1.318549,0.00020734034
1402,1.318546,0.00020856783
1403,1.3185428,0.00020979159
1403,1.3185396,0.00021161698
1403,1.3185365,0.0002128277
1403,1.3185334,0.0002146326
1403,1.3185304,0.00021582842
1404,1.3185273,0.00021702051
1404,1.3185242,0.00021880493
1404,1.3185212,0.00021999516
1404,1.3185183,0.00022180751
1404,1.3185154,0.00022302195
1405,1.3185121,0.00022424385
1405,1.3185089,0.00022607855
1405,1.3185058,0.000227293
1405,1.3185028,0.00022910908
1405,1.3184998,0.00023031607
1406,1.3184969,0.00023212098
1406,1.3184939,0.00023332238
1406,1.3184909,0.00023452379
1406,1.3184879,0.0002363231
1406,1.318485,0.00023752078
1406,1.3184821,0.00023931451
1407,1.3184793,0.00024050847
1407,1.3184764,0.00024170056
1407,1.3184734,0.00024348497
1407,1.3184705,0.0002446752
1407,1.3184678,0.00024646148
1408,1.3184649,0.00024764612
1408,1.318462,0.00024882704
1408,1.3184591,0.00025057606
1408,1.3184563,0.00025172159
1408,1.3184535,0.0002534166
1409,1.3184507,0.00025453418
1409,1.3184479,0.00025619939
1409,1.3184452,0.00025730953
1409,1.3184424,0.00025841407
1409,1.3184397,0.00026006624
1410,1.3184369,0.00026116334
1410,1.3184344,0.00026279502
1410,1.3184318,0.00026387721
1410,1.3184289,0.00026495568
1410,1.3184261,0.00026656315
1411,1.3184234,0.00026762858
1411,1.3184207,0.00026921742
1411,1.318418,0.00027027167
1411,1.3184153,0.00027132034
1411,1.3184126,0.00027289242
1411,1.31841,0.00027393736
1412,1.3184075,0.00027548708
1412,1.318405,0.00027650222
1412,1.3184024,0.0002774857
1412,1.3183998,0.00027889572
1412,1.3183972,0.00027980283
1413,1.3183947,0.00028112158
1413,1.3183922,0.00028198957
1413,1.3183897,0.0002832897
1413,1.3183871,0.00028414652
1413,1.3183845,0.00028499588
1414,1.3183818,0.00028624758
1414,1.3183793,0.00028706342
1414,1.3183767,0.00028826855
1414,1.3183741,0.00028905645
1414,1.3183715,0.00028983317
1415,1.318369,0.0002909787
1415,1.3183664,0.00029172748
1415,1.3183639,0.00029283203
1415,1.3183614,0.00029355474
1415,1.3183587,0.00029425882
1416,1.3183559,0.00029529445
1416,1.3183532,0.00029597618
1416,1.3183505,0.00029699318
1416,1.3183479,0.00029768981
1416,1.3183452,0.00029874407
1416,1.3183425,0.00029945187
1417,1.3183398,0.00030016154
1417,1.3183372,0.00030120276
1417,1.3183345,0.00030188262
1417,1.3183319,0.00030288659
1417,1.3183292,0.00030354597
1418,1.3183266,0.00030419976
1418,1.3183238,0.00030517206
1418,1.3183211,0.00030581281
1418,1.3183185,0.00030676089
1418,1.3183158,0.00030738488
1419,1.318313,0.00030800141
1419,1.3183103,0.00030891597
1419,1.3183075,0.00030951761
1419,1.3183048,0.00031040236
1419,1.318302,0.00031097792
1420,1.3182992,0.00031183474
1420,1.3182964,0.0003124103
1420,1.3182936,0.0003129933
1420,1.3182907,0.00031394325
1420,1.3182878,0.00031460077
1421,1.3182851,0.0003156215
1421,1.3182824,0.00031631626
1421,1.3182795,0.00031699054
1421,1.3182766,0.00031800196
1421,1.3182738,0.00031867251
1422,1.318271,0.00031967647
1422,1.3182682,0.00032035261
1422,1.3182654,0.00032103062
1422,1.3182626,0.00032205135
1422,1.3182599,0.00032273494
1423,1.3182571,0.00032376125
1423,1.3182544,0.00032444671
1423,1.3182517,0.00032513589
1423,1.3182489,0.00032616965
1423,1.3182461,0.00032686628
1423,1.3182434,0.00032792054
1424,1.3182407,0.00032861903
1424,1.3182382,0.00032965653
1424,1.3182355,0.00033032149
1424,1.3182329,0.00033095479
1424,1.3182302,0.00033186749
1425,1.3182275,0.00033245608
1425,1.3182249,0.00033332594
1425,1.3182222,0.00033391453
1425,1.3182196,0.0003344994
1425,1.3182169,0.00033537298
1426,1.3182143,0.00033595227
1426,1.3182117,0.0003368035
1426,1.3182091,0.00033736601
1426,1.3182064,0.00033792481
1426,1.3182036,0.00033875182
1427,1.3182009,0.00033929758
1427,1.3181983,0.00034010597
1427,1.3181956,0.00034064054
1427,1.318193,0.00034143217
1427,1.3181903,0.00034195557
1428,1.3181877,0.00034247339
1428,1.318185,0.0003432408
1428,1.3181824,0.00034374371
1428,1.3181798,0.00034447573
1428,1.3181772,0.00034494884
1429,1.3181746,0.00034541264
1429,1.3181719,0.00034609251
1429,1.3181692,0.00034653582
1429,1.3181666,0.00034719519
1429,1.318164,0.00034762733
1430,1.3181612,0.00034805387
1430,1.3181585,0.00034868158
1430,1.3181559,0.00034909137
1430,1.3181532,0.000349693
1430,1.3181505,0.00035008602
1431,1.3181478,0.00035047345
1431,1.3181451,0.00035104342
1431,1.3181424,0.00035141408
1431,1.3181397,0.00035195798
1431,1.3181369,0.00035231374
1432,1.3181342,0.00035281479
1432,1.3181315,0.00035314448
1432,1.3181286,0.0003534779
1432,1.3181257,0.00035399385
1432,1.3181228,0.00035439618
1433,1.31812,0.00035504997
1433,1.3181171,0.00035551563
1433,1.3181142,0.00035599992
1433,1.3181114,0.00035671145
1433,1.3181087,0.00035717525
1434,1.3181059,0.00035787188
1434,1.3181032,0.00035833381
1434,1.3181004,0.00035880134
1434,1.3180976,0.00035951473
1434,1.3180948,0.00035999529
1435,1.3180921,0.00036072172
1435,1.3180894,0.00036120974
1435,1.3180867,0.00036194734
1435,1.318084,0.00036244467
1435,1.3180813,0.00036294386
1436,1.3180786,0.00036370941
1436,1.318076,0.0003642384
1436,1.3180734,0.0003650263
1436,1.318071,0.00036553107
1436,1.3180686,0.00036600605
1437,1.3180662,0.0003665369
1437,1.3180638,0.00036682375
1437,1.3180614,0.00036716275
1437,1.3180589,0.00036734156
1437,1.3180564,0.00036755018
1438,1.3180538,0.0003678482
1438,1.3180512,0.00036803633
1438,1.3180486,0.00036830083
1438,1.3180461,0.00036844984
1438,1.3180435,0.00036864541
1439,1.3180409,0.00036875904
1439,1.3180383,0.00036885776
1439,1.3180356,0.00036897697
1439,1.318033,0.0003690403
1439,1.3180303,0.00036910735
1440,1.3180276,0.00036913343
1440,1.3180249,0.00036913343
1440,1.3180221,0.00036909245
1440,1.3180192,0.00036905892
1440,1.3180163,0.00036902167
1441,1.3180133,0.00036905706
1441,1.3180102,0.00036916509
1441,1.3180072,0.00036940351
1441,1.3180042,0.0003696084
1441,1.3180013,0.0003699325
1442,1.3179984,0.00037011877
1442,1.3179954,0.00037030503
1442,1.3179925,0.00037057884
1442,1.3179896,0.00037075765
1442,1.3179867,0.00037105009
1443,1.3179838,0.00037124939
1443,1.3179809,0.000371553
1443,1.317978,0.00037175789
1443,1.3179751,0.00037196837
1443,1.3179722,0.00037228875
1444,1.3179693,0.00037250482
1444,1.3179664,0.00037283823
1444,1.3179635,0.00037307106
1444,1.3179606,0.00037330762
1444,1.3179578,0.00037366152
1445,1.317955,0.00037388876
1445,1.3179522,0.00037418492
1445,1.3179494,0.0003743507
1445,1.3179466,0.00037450157
1445,1.3179437,0.00037470087
1446,1.3179409,0.00037483126
1446,1.317938,0.00037503615
1446,1.3179352,0.00037517212
1446,1.3179324,0.00037537515
1446,1.3179295,0.00037550554
1447,1.3179266,0.00037563033
1447,1.3179238,0.00037581101
1447,1.3179209,0.00037592836
1447,1.3179181,0.00037609786
1447,1.3179152,0.00037620589
1448,1.3179123,0.00037631206
1448,1.3179094,0.0003764648
1448,1.3179066,0.00037656166
1448,1.3179037,0.00037669949
1448,1.3179008,0.00037678704
1449,1.3178979,0.00037687272
1449,1.317895,0.00037700124
1449,1.3178921,0.00037709437
1449,1.3178892,0.00037723593
1449,1.3178863,0.00037733279
1450,1.3178833,0.00037743151
1450,1.3178804,0.00037757307
1450,1.3178775,0.00037766248
1450,1.3178746,0.00037779473
1450,1.3178717,0.00037787855
1451,1.3178688,0.00037800334
1451,1.3178659,0.0003780853
1451,1.317863,0.00037816539
1451,1.3178601,0.00037828274
1451,1.3178572,0.00037835911
1452,1.3178543,0.00037846901
1452,1.3178514,0.00037854165
1452,1.3178485,0.00037861243
1452,1.3178456,0.00037871487
1452,1.3178427,0.00037878379
1453,1.3178398,0.00037888251
1453,1.3178369,0.00037894398
1453,1.317834,0.00037899986
1453,1.3178311,0.00037906505
1453,1.3178282,0.00037909858
1454,1.3178253,0.00037913956
1454,1.3178224,0.00037915818
1454,1.3178195,0.00037918985
1454,1.3178166,0.00037920661
1454,1.3178137,0.00037922151
1455,1.3178108,0.00037923828
1455,1.3178079,0.00037924573
1455,1.317805,0.00037924945
1455,1.3178021,0.00037924759
1455,1.3177992,0.000379242
1456,1.3177963,0.00037922896
1456,1.3177934,0.00037921593
1456,1.3177905,0.00037919171
1456,1.3177876,0.00037916936
1457,1.3177847,0.00037914701
1457,1.3177818,0.00037910417
1457,1.3177789,0.0003790725
1457,1.3177759,0.00037901849
1457,1.317773,0.00037897751
1458,1.3177701,0.00037891231
1458,1.3177672,0.00037886389
1458,1.3177643,0.00037881359
1458,1.3177614,0.00037872978
1458,1.3177585,0.00037867017
1459,1.3177556,0.00037857704
1459,1.3177527,0.00037850812
1459,1.3177498,0.0003784392
1459,1.3177469,0.00037832744
1459,1.317744,0.00037824921
1460,1.317741,0.00037812442
1460,1.3177381,0.00037803873
1460,1.3177353,0.00037794933
1460,1.3177324,0.00037780777
1460,1.3177295,0.00037771091
1461,1.3177266,0.00037755817
1461,1.3177238,0.00037746318
1461,1.3177209,0.00037736446
1461,1.3177181,0.00037719868
1461,1.3177153,0.00037707016
1462,1.3177125,0.00037680566
1462,1.3177098,0.00037658215
1462,1.3177069,0.00037619285
1462,1.3177041,0.00037590414
1462,1.3177012,0.00037560984
1463,1.3176984,0.0003751684
1463,1.3176955,0.00037486292
1463,1.3176926,0.00037439354
1463,1.3176897,0.00037406385
1463,1.3176868,0.00037372112
1464,1.3176839,0.00037318468
1464,1.317681,0.00037281401
1464,1.3176781,0.00037223659
1464,1.3176751,0.00037183799
1465,1.3176722,0.00037142634
1465,1.3176692,0.00037079118
1465,1.3176662,0.0003703516
1465,1.3176631,0.00036965497
1465,1.31766,0.00036917813
1466,1.3176568,0.00036846288
1466,1.3176536,0.00036799163
1466,1.3176504,0.00036757253
1466,1.3176472,0.00036698207
1466,1.3176441,0.00036661327
1467,1.3176409,0.00036608055
1467,1.3176377,0.00036569871
1467,1.3176346,0.00036531314
1467,1.3176314,0.00036472268
1467,1.3176282,0.00036432222
1468,1.317625,0.00036372431
1468,1.3176217,0.0003633257
1468,1.3176185,0.00036292523
1468,1.3176154,0.00036232173
1468,1.3176121,0.00036191754
1469,1.3176089,0.00036130846
1469,1.3176057,0.00036090054
1469,1.3176024,0.00036028586
1469,1.3175991,0.00035987236
1470,1.3175959,0.00035945699
1470,1.3175926,0.000358833
1470,1.3175894,0.00035841577
1470,1.3175861,0.00035779737
1470,1.3175828,0.00035739131
1471,1.3175795,0.00035699084
1471,1.3175761,0.0003563948
1471,1.3175728,0.00035599992
1471,1.3175695,0.00035540015
1471,1.3175661,0.00035500154
1472,1.3175629,0.00035460107
1472,1.3175596,0.00035399944
1472,1.3175563,0.00035359897
1472,1.317553,0.0003529992
1472,1.3175497,0.00035259873
1473,1.3175464,0.00035219826
1473,1.3175431,0.00035159849
1473,1.3175398,0.00035119988
1473,1.3175365,0.00035060011
1473,1.3175332,0.00035019964
1474,1.3175298,0.00034961104
1474,1.3175265,0.00034922361
1474,1.3175233,0.00034882873
1474,1.3175201,0.00034821406
1475,1.3175169,0.00034776144
1475,1.3175137,0.00034700148
1475,1.3175104,0.00034645572
1475,1.3175073,0.00034588389
1475,1.317504,0.000345001
1476,1.3175007,0.00034441799
1476,1.3174974,0.00034353323
1476,1.3174941,0.00034293532
1476,1.3174908,0.00034232996
1476,1.3174874,0.00034139492
1477,1.317484,0.00034075975
1477,1.3174806,0.00033978932
1477,1.3174772,0.00033912994
1477,1.3174737,0.00033812225
1477,1.3174701,0.00033744052
1478,1.3174667,0.00033674762
1478,1.3174633,0.00033568963
1478,1.3174598,0.00033495575
1478,1.3174562,0.00033384189
1479,1.3174526,0.00033310056
1479,1.3174489,0.00033236854
1479,1.3174451,0.00033135526
1479,1.3174414,0.000330735
1479,1.3174376,0.00032985955
1480,1.3174338,0.00032930635
1480,1.3174301,0.00032874942
1480,1.3174264,0.00032788701
1480,1.3174227,0.00032731146
1480,1.317419,0.00032644533
1481,1.3174153,0.00032587163
1481,1.3174116,0.00032530725
1481,1.3174079,0.0003244672
1481,1.3174041,0.00032391027
1481,1.3174004,0.00032307953
1482,1.3173967,0.00032253191
1482,1.3173929,0.00032171421
1482,1.3173891,0.00032117404
1482,1.3173854,0.00032063574
1483,1.3173816,0.00031983852
1483,1.3173778,0.0003193114
1483,1.317374,0.00031852163
1483,1.3173701,0.00031799637
1483,1.3173665,0.00031746365
1484,1.3173628,0.00031666085
1484,1.317359,0.00031612441
1484,1.3173552,0.00031531788
1484,1.3173515,0.00031478517
1484,1.3173477,0.00031425618
1485,1.3173439,0.00031346455
1485,1.3173401,0.00031293929
1485,1.3173363,0.00031215511
1485,1.3173325,0.00031163357
1486,1.3173287,0.00031085312
1486,1.3173249,0.00031033531
1486,1.3173211,0.00030981936
1486,1.3173173,0.00030904822
1486,1.3173135,0.00030853599
1487,1.3173097,0.00030777231
1487,1.3173059,0.00030727126
1487,1.3173022,0.00030677952
1487,1.3172985,0.00030603632
1487,1.3172949,0.00030552596
1488,1.3172912,0.00030470453
1488,1.3172876,0.00030408986
1488,1.3172839,0.0003034398
1488,1.3172802,0.00030240603
1489,1.3172765,0.00030168705
1489,1.3172727,0.00030063279
1489,1.3172689,0.00029992498
1489,1.3172649,0.00029885024
1489,1.317261,0.00029812567
1490,1.3172573,0.00029738434
1490,1.3172535,0.00029625557
1490,1.3172496,0.00029549189
1490,1.3172457,0.00029432587
1490,1.3172418,0.00029353797
1491,1.3172379,0.0002927389
1491,1.3172339,0.00029152259
1491,1.3172299,0.0002906993
1491,1.3172257,0.00028942339
1492,1.3172215,0.00028855354
1492,1.3172173,0.00028768741
1492,1.3172131,0.00028641522
1492,1.3172088,0.00028564036
1492,1.3172043,0.00028462522
1493,1.3172,0.00028401427
1493,1.3171957,0.00028344616
1493,1.3171914,0.00028262287
1493,1.3171872,0.00028205104
1493,1.3171829,0.00028119981
1494,1.3171786,0.00028063357
1494,1.3171744,0.00027980283
1494,1.3171701,0.00027926825
1494,1.3171658,0.00027874298
1495,1.3171615,0.00027797371
1495,1.3171572,0.0002774708
1495,1.3171529,0.00027673878
1495,1.3171486,0.00027626194
1495,1.3171444,0.00027579442
1496,1.3171402,0.00027511269
1496,1.317136,0.00027468614
1496,1.3171318,0.00027406029
1496,1.3171277,0.0002736412
1496,1.3171236,0.00027321279
1497,1.3171196,0.00027248636
1497,1.3171155,0.00027194619
1497,1.3171114,0.00027108006
1497,1.3171073,0.00027047284
1498,1.3171031,0.00026957691
1498,1.3170988,0.00026899204
1498,1.3170946,0.00026840717
1498,1.3170905,0.00026753359
1498,1.3170863,0.00026694499
1499,1.317082,0.00026605092
1499,1.3170778,0.00026545115
1499,1.3170736,0.00026484951
1499,1.3170694,0.00026393868
1499,1.3170652,0.00026332773
1500,1.3170609,0.00026240386
1500,1.3170566,0.00026178546
1500,1.3170523,0.00026116148
1500,1.317048,0.00026020966
1501,1.3170437,0.0002595745
1501,1.3170393,0.00025862455
1501,1.3170348,0.00025800243
1501,1.3170303,0.00025713071
1501,1.3170258,0.00025657192
1502,1.3170215,0.00025602803
1502,1.3170171,0.0002552364
1502,1.3170127,0.0002546981
1502,1.3170083,0.00025389344
1503,1.3170039,0.00025335699
1503,1.3169995,0.00025282428
1503,1.3169951,0.00025203079
1503,1.3169907,0.00025150739
1503,1.3169862,0.0002507288
1504,1.3169818,0.00025021285
1504,1.3169773,0.00024970062
1504,1.3169729,0.0002489388
1504,1.3169685,0.00024843588
1504,1.3169641,0.00024768524
1505,1.3169596,0.00024719164
1505,1.3169553,0.00024670549
1505,1.3169509,0.00024597719
1505,1.3169465,0.00024549104
1506,1.3169421,0.00024473853
1506,1.3169377,0.00024421141
1506,1.3169334,0.00024339743
1506,1.3169289,0.00024284236
1506,1.3169245,0.00024227984
1507,1.3169201,0.00024145283
1507,1.3169156,0.00024089962
1507,1.3169111,0.00024007261
1507,1.3169065,0.0002395194
1508,1.3169021,0.00023896247
1508,1.3168977,0.00023812614
1508,1.3168933,0.00023756549
1508,1.3168888,0.00023671985
1508,1.3168843,0.00023615547
1509,1.3168798,0.00023558922
1509,1.3168753,0.00023473613
1509,1.3168708,0.00023416616
1509,1.3168662,0.00023330376
1510,1.3168616,0.00023272447
1510,1.316857,0.00023185834
1510,1.3168524,0.00023128465
1510,1.3168478,0.00023072399
1510,1.3168432,0.00022990443
1511,1.3168385,0.00022936985
1511,1.3168339,0.00022858009
1511,1.3168293,0.00022805482
1511,1.3168247,0.00022752769
1512,1.3168201,0.00022673607
1512,1.3168155,0.00022620708
1512,1.3168108,0.00022541918
1512,1.3168062,0.00022489578
1512,1.3168015,0.0002243761
1513,1.3167968,0.00022359751
1513,1.3167922,0.0002230797
1513,1.3167874,0.00022230856
1513,1.3167827,0.00022179447
1514,1.3167781,0.00022128411
1514,1.3167735,0.00022052042
1514,1.3167688,0.00022001378
1514,1.3167641,0.00021925569
1514,1.3167594,0.00021875277
1515,1.3167547,0.00021800026
1515,1.31675,0.00021750107
1515,1.3167453,0.00021700189
1515,1.3167405,0.00021625869
1515,1.3167358,0.00021576509
1516,1.316731,0.00021502748
1516,1.3167262,0.00021453761
1516,1.3167215,0.00021404959
1516,1.3167168,0.0002133213
1517,1.316712,0.00021283701
1517,1.3167072,0.0002121143
1517,1.3167024,0.00021163374
1517,1.3166977,0.00021115504
1517,1.3166929,0.00021044165
1518,1.3166882,0.00020996667
1518,1.3166834,0.00020925887
1518,1.3166786,0.00020878762
1518,1.3166738,0.0002080854
1519,1.316669,0.00020761974
1519,1.3166641,0.00020715408
1519,1.3166593,0.00020645931
1519,1.3166545,0.00020599924
1519,1.3166496,0.00020531006
1520,1.3166447,0.00020485371
1520,1.3166399,0.00020439737
1520,1.3166351,0.0002037175
1520,1.3166303,0.00020326674
1521,1.3166254,0.00020259246
1521,1.3166206,0.00020214543
1521,1.3166157,0.00020170026
1521,1.3166108,0.00020103529
1522,1.316606,0.00020059384
1522,1.3166011,0.00019993447
1522,1.3165962,0.00019949675
1522,1.3165912,0.00019884296
1522,1.3165863,0.00019840896
1523,1.3165814,0.00019797683
1523,1.3165765,0.00019733235
1523,1.3165716,0.00019690208
1523,1.3165666,0.00019625761
1524,1.3165616,0.00019583106
1524,1.3165567,0.0001954101
1524,1.3165517,0.00019480102
1524,1.3165467,0.00019441545
1524,1.3165417,0.00019385852
1525,1.3165368,0.00019350275
1525,1.3165318,0.00019315444
1525,1.3165268,0.00019262731
1525,1.3165218,0.00019228272
1526,1.3165168,0.00019177049
1526,1.3165118,0.00019143336
1526,1.3165068,0.00019110367
1526,1.3165019,0.00019061938
1526,1.3164969,0.00019030087
1527,1.316492,0.00018983334
1527,1.316487,0.00018952787
1527,1.316482,0.00018907897
1527,1.3164771,0.00018878467
1528,1.3164721,0.00018849596
1528,1.3164672,0.00018808059
1528,1.3164622,0.00018781051
1528,1.3164573,0.00018740818
1528,1.3164524,0.00018713437
1529,1.3164475,0.00018684007
1529,1.3164427,0.0001863502
1529,1.3164378,0.00018600561
1529,1.3164329,0.00018546544
1530,1.316428,0.00018510409
1530,1.3164231,0.00018475205
1530,1.3164182,0.00018422306
1530,1.3164133,0.00018387102
1530,1.3164084,0.00018334202
1531,1.3164034,0.0001829844
1531,1.3163985,0.00018244609
1531,1.3163935,0.00018208288
1531,1.3163886,0.00018172152
1532,1.3163836,0.00018117204
1532,1.3163787,0.0001808051
1532,1.3163736,0.0001802519
1532,1.3163686,0.00017988123
1533,1.3163637,0.00017950498
1533,1.3163588,0.00017894059
1533,1.3163538,0.00017856434
1533,1.3163488,0.00017799996
1533,1.3163438,0.00017763302
1534,1.3163388,0.0001772698
1534,1.3163338,0.0001767315
1534,1.3163287,0.00017637573
1534,1.3163237,0.00017583929
1535,1.3163187,0.00017548166
1535,1.3163137,0.00017493963
1535,1.3163086,0.00017458014
1535,1.3163036,0.00017421879
1535,1.3162986,0.00017367862
1536,1.3162935,0.00017331913
1536,1.3162885,0.00017277896
1536,1.3162834,0.00017241947
1536,1.3162784,0.00017205998
1537,1.3162734,0.00017151982
1537,1.3162684,0.00017115846
1537,1.3162633,0.00017062202
1537,1.3162583,0.00017026812
1538,1.3162533,0.00016991235
1538,1.3162483,0.00016937032
1538,1.3162433,0.00016899966
1538,1.3162382,0.00016839057
1538,1.3162331,0.00016796589
1539,1.3162282,0.0001675263
1539,1.3162232,0.00016684458
1539,1.3162181,0.00016639382
1539,1.3162131,0.00016571395
1540,1.316208,0.00016525574
1540,1.3162029,0.0001645647
1540,1.3161977,0.00016409345
1540,1.3161926,0.00016361848
1541,1.3161875,0.00016289577
1541,1.3161823,0.00016240962
1541,1.3161771,0.00016167015
1541,1.3161719,0.00016117096
1541,1.3161667,0.00016066618
1542,1.3161615,0.0001599025
1542,1.3161562,0.00015937723
1542,1.3161508,0.00015857071
1542,1.3161455,0.00015803427
1543,1.3161401,0.000157509
1543,1.3161347,0.00015678443
1543,1.3161292,0.00015637279
1543,1.3161237,0.00015582517
1543,1.3161183,0.00015550107
1544,1.3161128,0.00015503541
1544,1.3161074,0.00015471131
1544,1.316102,0.00015438907
1544,1.3160966,0.00015391223
1545,1.3160912,0.00015359931
1545,1.3160857,0.00015315972
1545,1.3160802,0.00015287474
1545,1.3160749,0.00015259907
1546,1.3160695,0.00015220046
1546,1.3160641,0.00015194342
1546,1.3160587,0.00015157461
1546,1.3160533,0.00015133806
1546,1.3160479,0.00015111081
1547,1.3160425,0.0001507923
1547,1.3160371,0.00015059114
1547,1.3160317,0.0001502987
1547,1.3160264,0.00015010126
1548,1.3160211,0.00014988519
1548,1.3160158,0.00014952198
1548,1.3160105,0.00014926307
1548,1.3160052,0.00014885701
1549,1.3159998,0.00014859065
1549,1.3159944,0.00014821254
1549,1.3159891,0.00014796481
1549,1.3159837,0.0001477208
1549,1.3159784,0.00014735758
1550,1.315973,0.00014711544
1550,1.3159677,0.00014675595
1550,1.3159623,0.00014651753
1550,1.315957,0.00014627911
1551,1.3159516,0.00014592707
1551,1.3159463,0.00014569424
1551,1.3159409,0.00014534965
1551,1.3159355,0.00014512055
1552,1.3159302,0.00014489889
1552,1.3159249,0.0001445692
1552,1.3159196,0.00014434569
1552,1.3159143,0.00014399923
1553,1.315909,0.00014373846
1553,1.3159037,0.00014331937
1553,1.3158983,0.00014302321
1553,1.315893,0.00014271773
1553,1.3158877,0.00014225952
1554,1.3158823,0.00014195777
1554,1.3158769,0.00014150143
1554,1.3158715,0.00014119409
1554,1.3158662,0.00014088489
1555,1.3158608,0.00014040992
1555,1.3158554,0.0001400914
1555,1.31585,0.00013960525
1555,1.3158446,0.00013927743
1556,1.3158392,0.00013894588
1556,1.3158337,0.00013844296
1556,1.3158283,0.00013810396
1556,1.3158229,0.00013758428
1556,1.3158174,0.00013722852
1557,1.3158119,0.0001366958
1557,1.3158063,0.00013634376
1557,1.3158007,0.00013600104
1557,1.3157952,0.00013555028
1558,1.3157896,0.00013527088
1558,1.3157839,0.00013488159
1558,1.3157783,0.00013463758
1558,1.3157728,0.00013437867
1559,1.3157673,0.00013399497
1559,1.3157617,0.00013373978
1559,1.3157562,0.00013335794
1559,1.3157506,0.00013311207
1560,1.3157451,0.00013286807
1560,1.3157395,0.00013250858
1560,1.3157339,0.00013227388
1560,1.3157283,0.00013192743
1560,1.3157227,0.00013170019
1561,1.3157171,0.00013147667
1561,1.3157116,0.00013114698
1561,1.315706,0.00013093278
1561,1.3157005,0.00013061985
1562,1.3156949,0.00013041496
1562,1.3156893,0.00013010204
1562,1.3156838,0.00012988597
1562,1.3156782,0.000129655
1563,1.3156727,0.00012929551
1563,1.3156671,0.00012904964
1563,1.3156615,0.00012867711
1563,1.315656,0.00012843683
1564,1.3156504,0.00012819469
1564,1.3156448,0.00012783706
1564,1.3156392,0.00012759864
1564,1.3156335,0.00012723915
1564,1.3156279,0.00012699887
1565,1.3156223,0.00012675859
1565,1.3156167,0.0001263991
1565,1.3156111,0.00012615882
1565,1.3156055,0.00012579933
1566,1.3155998,0.00012555905
1566,1.3155942,0.00012519956
1566,1.3155885,0.00012495741
1566,1.3155829,0.00012471527
1567,1.3155772,0.00012435392
1567,1.3155715,0.00012411736
1567,1.3155658,0.00012377277
1567,1.3155601,0.00012355298
1568,1.3155544,0.00012333877
1568,1.3155487,0.00012302399
1568,1.315543,0.00012281537
1568,1.3155373,0.00012250058
1568,1.3155316,0.00012229383
1569,1.3155259,0.00012208708
1569,1.3155202,0.00012177974
1569,1.3155145,0.00012157671
1569,1.3155088,0.00012127496
1570,1.315503,0.00012107752
1570,1.3154973,0.00012078322
1570,1.3154916,0.00012058765
1570,1.3154858,0.00012039579
1571,1.3154801,0.00012010895
1571,1.3154744,0.00011992082
1571,1.3154686,0.00011963956
1571,1.3154628,0.00011945516
1572,1.3154571,0.00011927262
1572,1.3154514,0.00011900067
1572,1.3154456,0.00011882
1572,1.3154398,0.00011855364
1573,1.3154341,0.00011837855
1573,1.3154283,0.00011820346
1573,1.3154226,0.00011794642
1573,1.3154168,0.00011777692
1573,1.315411,0.00011752546
1574,1.3154052,0.00011735968
1574,1.3153994,0.00011719577
1574,1.3153937,0.00011695176
1574,1.3153879,0.00011679158
1575,1.3153821,0.00011655502
1575,1.3153763,0.00011639856
1575,1.3153705,0.00011616759
1575,1.3153647,0.00011601672
1576,1.3153589,0.00011586584
1576,1.3153531,0.00011564419
1576,1.3153473,0.00011550076
1576,1.3153416,0.0001152847
1577,1.3153358,0.00011514127
1577,1.31533,0.00011499785
1577,1.3153242,0.00011476688
1577,1.3153184,0.00011460856
1578,1.3153126,0.00011436455
1578,1.3153068,0.00011419877
1578,1.315301,0.00011403859
1578,1.3152952,0.00011379831
1579,1.3152894,0.00011363812
1579,1.3152836,0.0001133997
1579,1.3152777,0.00011323951
1579,1.3152719,0.00011299923
1579,1.3152661,0.00011283904
1580,1.3152602,0.00011267886
1580,1.3152544,0.00011243857
1580,1.3152485,0.00011227839
1580,1.3152427,0.00011203997
1581,1.3152368,0.00011187978
1581,1.315231,0.00011171959
1581,1.3152251,0.00011147931
1581,1.3152193,0.00011131912
1582,1.3152134,0.00011107884
1582,1.3152075,0.00011091866
1582,1.3152017,0.00011075847
1582,1.3151958,0.00011051819
1583,1.3151899,0.00011035986
1583,1.315184,0.00011011958
1583,1.3151781,0.00010995939
1583,1.3151722,0.00010979921
1584,1.3151663,0.00010955893
1584,1.3151604,0.00010939874
1584,1.3151545,0.00010915846
1584,1.3151486,0.00010899827
1585,1.3151427,0.00010875985
1585,1.3151367,0.00010859966
1585,1.3151308,0.00010843948
1585,1.3151249,0.00010819919
1586,1.315119,0.00010803901
1586,1.3151131,0.00010779873
1586,1.3151071,0.00010763854
1586,1.3151012,0.00010747835
1586,1.3150952,0.00010723807
1587,1.3150893,0.00010707974
1587,1.3150833,0.00010683946
1587,1.3150773,0.00010667928
1587,1.3150714,0.00010651909
1588,1.3150654,0.00010627881
1588,1.3150594,0.00010611862
1588,1.3150535,0.00010587834
1588,1.3150475,0.00010571815
1589,1.3150415,0.00010547973
1589,1.3150355,0.00010531954
1589,1.3150295,0.00010515936
1589,1.3150235,0.00010491908
1590,1.3150175,0.00010475889
1590,1.3150114,0.00010451861
1590,1.3150054,0.00010435842
1590,1.3149994,0.00010419823
1591,1.3149933,0.00010395981
1591,1.3149873,0.00010379963
1591,1.3149812,0.00010355562
1591,1.3149751,0.00010339357
1592,1.3149691,0.00010323338
1592,1.314963,0.00010299869
1592,1.314957,0.0001028534
1592,1.3149509,0.00010264479
1593,1.3149448,0.00010251068
1593,1.3149387,0.00010231882
1593,1.3149326,0.00010218844
1593,1.3149265,0.00010205992
1594,1.3149204,0.00010186806
1594,1.3149143,0.0001017414
1594,1.3149082,0.000101557
1594,1.3149021,0.00010143407
1595,1.3148959,0.00010131486
1595,1.3148898,0.00010113791
1595,1.3148837,0.00010102242
1595,1.3148776,0.00010085106
1596,1.3148715,0.0001007393
1596,1.3148653,0.00010062754
1596,1.3148592,0.00010046735
1596,1.3148531,0.00010036305
1597,1.314847,0.00010020658
1597,1.3148409,0.00010010414
1597,1.3148347,9.999983e-05
1597,1.3148286,9.9828467e-05
1597,1.3148225,9.9709257e-05
1598,1.3148163,9.9524856e-05
1598,1.3148102,9.9398196e-05
1598,1.314804,9.9217519e-05
1598,1.3147979,9.9096447e-05
1599,1.3147917,9.8977238e-05
1599,1.3147856,9.8798424e-05
1599,1.3147794,9.8679215e-05
1599,1.3147732,9.8498538e-05
1600,1.3147671,9.8379329e-05
1600,1.3147609,9.8258257e-05
1600,1.3147547,9.8079443e-05
1600,1.3147485,9.7958371e-05
1601,1.3147423,9.7779557e-05
1601,1.3147361,9.7658485e-05
1601,1.3147299,9.7539276e-05
1601,1.3147237,9.7356737e-05
1602,1.3147175,9.7237527e-05
1602,1.3147112,9.7058713e-05
1602,1.314705,9.6941367e-05
1602,1.3146988,9.6771866e-05
1603,1.3146925,9.666197e-05
1603,1.3146863,9.6553937e-05
1603,1.31468,9.6391886e-05
1603,1.3146738,9.6283853e-05
1604,1.3146675,9.6123666e-05
1604,1.3146613,9.6017495e-05
1604,1.314655,9.5909461e-05
1604,1.3146488,9.5752999e-05
1605,1.3146425,9.5648691e-05
1605,1.3146362,9.5492229e-05
1605,1.3146299,9.5389783e-05
1605,1.3146236,9.5289201e-05
1606,1.3146174,9.5136464e-05
1606,1.3146111,9.5035881e-05
1606,1.3146048,9.4886869e-05
1606,1.3145985,9.4786286e-05
1607,1.3145922,9.4689429e-05
1607,1.3145859,9.454228e-05
1607,1.3145796,9.4445422e-05
1607,1.3145732,9.4303861e-05
1608,1.3145669,9.4210729e-05
1608,1.3145606,9.4072893e-05
1608,1.3145542,9.3983486e-05
1608,1.3145479,9.3894079e-05
1609,1.3145416,9.3759969e-05
1609,1.3145352,9.3672425e-05
1609,1.3145289,9.3542039e-05
1609,1.3145225,9.3456358e-05
1610,1.3145162,9.3370676e-05
1610,1.3145099,9.3244016e-05
1610,1.3145035,9.3160197e-05
1610,1.3144971,9.3037263e-05
1611,1.3144908,9.2957169e-05
1611,1.3144844,9.2875212e-05
1611,1.314478,9.2756003e-05
1611,1.3144717,9.2677772e-05
1612,1.3144653,9.2564151e-05
1612,1.3144589,9.2489645e-05
1612,1.3144525,9.2376024e-05
1612,1.3144461,9.2297792e-05
1613,1.3144398,9.2215836e-05
1613,1.3144334,9.2083588e-05
1613,1.314427,9.1994181e-05
1613,1.3144206,9.1854483e-05
1614,1.3144142,9.1765076e-05
1614,1.3144078,9.1673806e-05
1614,1.3144014,9.1537833e-05
1614,1.314395,9.1448426e-05
1615,1.3143886,9.1310591e-05
1615,1.3143821,9.1219321e-05
1615,1.3143757,9.1128051e-05
1615,1.3143693,9.0988353e-05
1616,1.3143628,9.0897083e-05
1616,1.3143564,9.0757385e-05
1616,1.3143499,9.066239e-05
1616,1.3143435,9.0522692e-05
1617,1.314337,9.0427697e-05
1617,1.3143306,9.0330839e-05
1617,1.3143241,9.0187415e-05
1617,1.3143176,9.0092421e-05
1618,1.3143111,8.9952722e-05
1618,1.3143046,8.9863315e-05
1618,1.3142981,8.9775771e-05
1618,1.3142916,8.9647248e-05
1619,1.3142851,8.9563429e-05
1619,1.3142786,8.9434907e-05
1619,1.3142721,8.9349225e-05
1619,1.3142656,8.9263543e-05
1620,1.3142591,8.9135021e-05
1620,1.3142525,8.9049339e-05
1620,1.314246,8.8924542e-05
1620,1.3142395,8.8840723e-05
1621,1.3142329,8.8756904e-05
1621,1.3142264,8.8632107e-05
1621,1.3142198,8.8548288e-05
1621,1.3142133,8.8425353e-05
1622,1.3142067,8.8343397e-05
1622,1.3142001,8.8220462e-05
1622,1.3141935,8.8138506e-05
1622,1.314187,8.8058412e-05
1623,1.3141804,8.793734e-05
1623,1.3141738,8.7860972e-05
1623,1.3141672,8.7749213e-05
1624,1.3141606,8.7678432e-05
1624,1.314154,8.7607652e-05
1624,1.3141474,8.7505206e-05
1624,1.3141408,8.7436289e-05
1625,1.3141341,8.7333843e-05
1625,1.3141275,8.7266788e-05
1625,1.3141209,8.7199733e-05
1625,1.3141143,8.7101012e-05
1626,1.3141076,8.7037683e-05
1626,1.314101,8.6942688e-05
1626,1.3140944,8.6879358e-05
1626,1.3140877,8.6788088e-05
1627,1.3140811,8.6726621e-05
1627,1.3140744,8.6667016e-05
1627,1.3140678,8.6579472e-05
1627,1.3140611,8.6523592e-05
1628,1.3140545,8.6441636e-05
1628,1.3140478,8.6385757e-05
1628,1.3140412,8.6328015e-05
1628,1.3140345,8.6234882e-05
1629,1.3140278,8.6165965e-05
1629,1.3140212,8.6057931e-05
1629,1.3140145,8.5981563e-05
1629,1.3140078,8.5907057e-05
1630,1.3140011,8.5795298e-05
1630,1.3139944,8.5722655e-05
1630,1.3139877,8.5612759e-05
1630,1.313981,8.5538253e-05
1631,1.3139743,8.5424632e-05
1631,1.3139676,8.5348263e-05
1631,1.3139609,8.5271895e-05
1631,1.3139541,8.5156411e-05
1632,1.3139474,8.507818e-05
1632,1.3139407,8.4960833e-05
1632,1.3139339,8.4882602e-05
1632,1.3139272,8.4802508e-05
1633,1.3139204,8.4681436e-05
1633,1.3139136,8.459948e-05
1633,1.3139068,8.4478408e-05
1633,1.3139,8.4398314e-05
1634,1.3138932,8.4325671e-05
1634,1.3138864,8.4223226e-05
1634,1.3138796,8.4159896e-05
1635,1.3138728,8.4066764e-05
1635,1.313866,8.4003434e-05
1635,1.3138592,8.3940104e-05
1635,1.3138524,8.3845109e-05
1636,1.3138456,8.3781779e-05
1636,1.3138387,8.3688647e-05
1636,1.3138319,8.3629042e-05
1636,1.313825,8.3539635e-05
1637,1.3138182,8.348003e-05
1637,1.3138113,8.3422288e-05
1637,1.3138045,8.3334744e-05
1637,1.3137976,8.3278865e-05
1638,1.3137908,8.3195046e-05
1638,1.3137839,8.3139166e-05
1638,1.313777,8.3083287e-05
1638,1.3137701,8.3003193e-05
1639,1.3137632,8.2949176e-05
1639,1.3137563,8.2874671e-05
1639,1.3137494,8.2826242e-05
1639,1.3137425,8.2779676e-05
1640,1.3137356,8.2714483e-05
1640,1.3137287,8.2671642e-05
1640,1.3137218,8.2608312e-05
1640,1.3137149,8.2567334e-05
1641,1.3137079,8.2505867e-05
1641,1.313701,8.2466751e-05
1641,1.3136941,8.2429498e-05
1642,1.3136872,8.2373619e-05
1642,1.3136802,8.2338229e-05
1642,1.3136733,8.2287937e-05
1642,1.3136663,8.225441e-05
1643,1.3136594,8.2222745e-05
1643,1.3136524,8.2176179e-05
1643,1.3136454,8.2146376e-05
1643,1.3136385,8.2105398e-05
1644,1.3136315,8.2079321e-05
1644,1.3136246,8.2053244e-05
1644,1.3136176,8.2014129e-05
1644,1.3136106,8.1982464e-05
1645,1.3136037,8.1926584e-05
1645,1.3135967,8.1885606e-05
1645,1.3135897,8.1840903e-05
1645,1.3135827,8.1773847e-05
1646,1.3135757,8.1731007e-05
1646,1.3135687,8.1667677e-05
1646,1.3135617,8.1624836e-05
1646,1.3135547,8.1561506e-05
1647,1.3135477,8.1518665e-05
1647,1.3135407,8.1473961e-05
1647,1.3135336,8.1408769e-05
1648,1.3135266,8.1364065e-05
1648,1.3135196,8.1295148e-05
1648,1.3135125,8.1250444e-05
1648,1.3135055,8.1203878e-05
1649,1.3134984,8.113496e-05
1649,1.3134914,8.1088394e-05
1649,1.3134843,8.1017613e-05
1649,1.3134772,8.0971047e-05
1650,1.3134701,8.0922619e-05
1650,1.3134631,8.0851838e-05
1650,1.313456,8.0805272e-05
1650,1.3134489,8.0736354e-05
1651,1.3134418,8.0689788e-05
1651,1.3134347,8.062087e-05
1651,1.3134275,8.0574304e-05
1651,1.3134204,8.0525875e-05
1652,1.3134133,8.0455095e-05
1652,1.3134062,8.0406666e-05
1652,1.313399,8.0335885e-05
1653,1.3133919,8.0287457e-05
1653,1.3133847,8.0239028e-05
1653,1.3133776,8.0166385e-05
1653,1.3133704,8.0117956e-05
1654,1.3133632,8.0045313e-05
1654,1.3133561,7.9996884e-05
1654,1.3133489,7.9946592e-05
1654,1.3133417,7.9870224e-05
1655,1.3133345,7.9819933e-05
1655,1.3133273,7.9745427e-05
1655,1.3133201,7.9698861e-05
1655,1.3133128,7.9639256e-05
1656,1.3133056,7.9605728e-05
1656,1.3132984,7.9574063e-05
1656,1.3132911,7.9531223e-05
1656,1.3132839,7.9499558e-05
1657,1.3132766,7.9456717e-05
1657,1.3132694,7.9428777e-05
1657,1.3132621,7.9400837e-05
1658,1.3132549,7.9359859e-05
1658,1.3132476,7.9335645e-05
1658,1.3132403,7.9300255e-05
1658,1.313233,7.9277903e-05
1659,1.3132258,7.9255551e-05
1659,1.3132185,7.9225749e-05
1659,1.3132112,7.920526e-05
1659,1.3132039,7.9179183e-05
1660,1.3131966,7.9162419e-05
1660,1.3131893,7.9147518e-05
1660,1.313182,7.9127029e-05
1660,1.3131747,7.911399e-05
1661,1.3131674,7.9087913e-05
1661,1.3131601,7.9067424e-05
1661,1.3131527,7.9032034e-05
1662,1.3131454,7.9005957e-05
1662,1.3131381,7.897988e-05
1662,1.3131307,7.8942627e-05
1662,1.3131234,7.8918412e-05
1663,1.313116,7.8883022e-05
1663,1.3131087,7.8858808e-05
1663,1.3131013,7.8834593e-05
1663,1.313094,7.8799203e-05
1664,1.3130866,7.8774989e-05
1664,1.3130792,7.8739598e-05
1664,1.3130718,7.8715384e-05
1664,1.3130644,7.869117e-05
1665,1.313057,7.8655779e-05
1665,1.3130496,7.8631565e-05
1665,1.3130422,7.8594312e-05
1666,1.3130348,7.8570098e-05
1666,1.3130274,7.8532845e-05
1666,1.3130199,7.8510493e-05
1666,1.3130125,7.8488141e-05
1667,1.313005,7.8460202e-05
1667,1.3129976,7.84453e-05
1667,1.3129901,7.8421086e-05
1667,1.3129827,7.8408048e-05
1668,1.3129752,7.8393146e-05
1668,1.3129677,7.8370795e-05
1668,1.3129602,7.8355893e-05
1668,1.3129528,7.8335404e-05
1669,1.3129453,7.8324229e-05
1669,1.3129378,7.831119e-05
1669,1.3129303,7.8294426e-05
1670,1.3129228,7.828325e-05
1670,1.3129152,7.8266487e-05
1670,1.3129077,7.8257173e-05
1670,1.3129002,7.8244135e-05
1671,1.3128927,7.8234822e-05
1671,1.3128851,7.8227371e-05
1671,1.3128776,7.8216195e-05
1671,1.3128701,7.8210607e-05
1672,1.3128625,7.8199431e-05
1672,1.312855,7.8188255e-05
1672,1.3128474,7.817708e-05
1673,1.3128399,7.8158453e-05
1673,1.3128323,7.8145415e-05
1673,1.3128247,7.8126788e-05
1673,1.3128171,7.811375e-05
1674,1.3128095,7.8102574e-05
1674,1.3128019,7.8083947e-05
1674,1.3127943,7.8072771e-05
1674,1.3127867,7.8054145e-05
1675,1.3127791,7.8042969e-05
1675,1.3127715,7.8031793e-05
1675,1.3127639,7.8013167e-05
1675,1.3127562,7.8000128e-05
1676,1.3127486,7.7983364e-05
1676,1.3127409,7.7970326e-05
1676,1.3127333,7.7951699e-05
1677,1.3127256,7.7938661e-05
1677,1.3127179,7.7925622e-05
1677,1.3127102,7.7908859e-05
1677,1.3127025,7.7899545e-05
1678,1.3126948,7.789582e-05
1678,1.3126871,7.789582e-05
1678,1.3126794,7.7901408e-05
1678,1.3126717,7.7910721e-05
1679,1.312664,7.7918172e-05
1679,1.3126563,7.7927485e-05
1679,1.3126485,7.7934936e-05
1680,1.3126408,7.7942386e-05
1680,1.3126331,7.7957287e-05
1680,1.3126253,7.7968463e-05
1680,1.3126176,7.798709e-05
1681,1.3126098,7.8000128e-05
1681,1.312602,7.802248e-05
1681,1.3125943,7.8037381e-05
1681,1.3125865,7.8054145e-05
1682,1.3125787,7.8082085e-05
1682,1.3125709,7.8102574e-05
1682,1.3125632,7.8134239e-05
1683,1.3125554,7.815659e-05
1683,1.3125476,7.8178942e-05
1683,1.3125398,7.8206882e-05
1683,1.312532,7.821992e-05
1684,1.3125242,7.8234822e-05
1684,1.3125164,7.8242272e-05
1684,1.3125086,7.8245997e-05
1684,1.3125008,7.8259036e-05
1685,1.3124929,7.8268349e-05
1685,1.3124851,7.8281388e-05
1685,1.3124772,7.8290701e-05
1686,1.3124694,7.8300014e-05
1686,1.3124615,7.831119e-05
1686,1.3124536,7.8318641e-05
1686,1.3124458,7.8331679e-05
1687,1.3124379,7.833913e-05
1687,1.31243,7.8350306e-05
1687,1.3124221,7.8355893e-05
1687,1.3124142,7.8363344e-05
1688,1.3124063,7.8372657e-05
1688,1.3123984,7.8378245e-05
1688,1.3123905,7.8387558e-05
1689,1.3123825,7.8395009e-05
1689,1.3123746,7.8404322e-05
1689,1.3123666,7.8424811e-05
1689,1.3123587,7.8439713e-05
1690,1.3123507,7.846579e-05
1690,1.3123427,7.8484416e-05
1690,1.3123348,7.850118e-05
1691,1.3123268,7.8527257e-05
1691,1.3123188,7.8545883e-05
1691,1.3123108,7.857196e-05
1691,1.3123028,7.8592449e-05
1692,1.3122948,7.8622252e-05
1692,1.3122868,7.8642741e-05
1692,1.3122788,7.866323e-05
1692,1.3122708,7.8694895e-05
1693,1.3122627,7.8717247e-05
1693,1.3122547,7.8752637e-05
1693,1.3122467,7.8774989e-05
1694,1.3122386,7.8799203e-05
1694,1.3122305,7.8836456e-05
1694,1.3122225,7.886067e-05
1694,1.3122144,7.8899786e-05
1695,1.3122063,7.8925863e-05
1695,1.3121983,7.895194e-05
1695,1.3121902,7.8992918e-05
1695,1.3121821,7.9020858e-05
1696,1.312174,7.9063699e-05
1696,1.3121659,7.9093501e-05
1696,1.3121577,7.9138204e-05
1697,1.3121496,7.9168007e-05
1697,1.3121415,7.9197809e-05
1697,1.3121334,7.9246238e-05
1697,1.3121252,7.9277903e-05
1698,1.3121171,7.9326332e-05
1698,1.3121089,7.9359859e-05
1698,1.3121008,7.9393387e-05
1699,1.3120926,7.9445541e-05
1699,1.3120844,7.9479069e-05
1699,1.3120762,7.9533085e-05
1699,1.3120681,7.9570338e-05
1700,1.3120599,7.9607591e-05
1700,1.3120517,7.966347e-05
1700,1.3120435,7.9698861e-05
1700,1.3120353,7.9747289e-05
1701,1.3120271,7.9777092e-05
1701,1.3120189,7.9805031e-05
1701,1.3120106,7.984601e-05
1702,1.3120024,7.9875812e-05
1702,1.3119941,7.9918653e-05
1702,1.3119859,7.9946592e-05
1702,1.3119776,7.9991296e-05
1703,1.3119694,8.0019236e-05
1703,1.3119611,8.0047175e-05
1703,1.3119528,8.0090016e-05
1704,1.3119445,8.0117956e-05
1704,1.3119362,8.0158934e-05
1704,1.3119279,8.0185011e-05
1704,1.3119196,8.0212951e-05
1705,1.3119113,8.0253929e-05
1705,1.3119029,8.0280006e-05
1705,1.3118946,8.0317259e-05
1706,1.3118862,8.0341473e-05
1706,1.3118778,8.0369413e-05
1706,1.3118695,8.0417842e-05
1706,1.3118611,8.045882e-05
1707,1.3118527,8.05296e-05
1707,1.3118443,8.0579892e-05
1707,1.3118358,8.0661848e-05
1707,1.3118274,8.0714002e-05
1708,1.311819,8.0766156e-05
1708,1.3118106,8.0848113e-05
1708,1.3118022,8.0903992e-05
1709,1.3117937,8.0989674e-05
1709,1.3117853,8.1049278e-05
1709,1.3117768,8.1110746e-05
1709,1.3117684,8.1203878e-05
1710,1.3117599,8.1267208e-05
1710,1.3117514,8.1365928e-05
1710,1.311743,8.1432983e-05
1711,1.3117345,8.1500039e-05
1711,1.311726,8.1606209e-05
1711,1.3117175,8.1678852e-05
1711,1.311709,8.1788749e-05
1712,1.3117005,8.1861392e-05
1712,1.311692,8.1971288e-05
1712,1.3116835,8.2043931e-05
1713,1.3116749,8.2114711e-05
1713,1.3116664,8.2222745e-05
1713,1.3116579,8.2295388e-05
1713,1.3116493,8.2407147e-05
1714,1.3116408,8.2483515e-05
1714,1.3116322,8.2559884e-05
1714,1.3116236,8.267723e-05
1715,1.311615,8.2755461e-05
1715,1.3116065,8.2876533e-05
1715,1.3115979,8.2956627e-05
1715,1.3115893,8.3038583e-05
1716,1.3115807,8.3161518e-05
1716,1.3115721,8.3245337e-05
1716,1.3115635,8.3371997e-05
1717,1.3115549,8.3457679e-05
1717,1.3115462,8.3545223e-05
1717,1.3115376,8.3677471e-05
1717,1.3115289,8.3765015e-05
1718,1.3115203,8.3899125e-05
1718,1.3115116,8.3984807e-05
1718,1.311503,8.411333e-05
1719,1.3114943,8.4197149e-05
1719,1.3114856,8.4280968e-05
1719,1.3114769,8.4407628e-05
1719,1.3114683,8.4493309e-05
1720,1.3114596,8.4623694e-05
1720,1.3114509,8.4711239e-05
1720,1.3114422,8.4798783e-05
1721,1.3114334,8.4929168e-05
1721,1.3114247,8.5018575e-05
1721,1.311416,8.5150823e-05
1721,1.3114072,8.5238367e-05
1722,1.3113985,8.5327774e-05
1722,1.3113897,8.5461885e-05
1722,1.3113809,8.5553154e-05
1723,1.3113722,8.5687265e-05
1723,1.3113634,8.5778534e-05
1723,1.3113546,8.5914508e-05
1723,1.3113458,8.6005777e-05
1724,1.311337,8.6098909e-05
1724,1.3113282,8.6242333e-05
1724,1.3113194,8.6339191e-05
1725,1.3113105,8.648634e-05
1725,1.3113017,8.6586922e-05
1725,1.3112928,8.6685643e-05
1725,1.311284,8.6836517e-05
1726,1.3112751,8.69371e-05
1726,1.3112663,8.7089837e-05
1726,1.3112574,8.7192282e-05
1727,1.3112485,8.729659e-05
1727,1.3112396,8.7453052e-05
1727,1.3112307,8.7557361e-05
1727,1.3112218,8.7715685e-05
1728,1.3112129,8.7823719e-05
1728,1.311204,8.792989e-05
1728,1.311195,8.809194e-05
1729,1.3111861,8.8199973e-05
1729,1.3111771,8.8363886e-05
1729,1.3111682,8.8475645e-05
1729,1.3111592,8.864142e-05
1730,1.3111502,8.8755041e-05
1730,1.3111412,8.8872388e-05
1730,1.3111322,8.9049339e-05
1731,1.3111232,8.9170411e-05
1731,1.3111142,8.9351088e-05
1731,1.3111052,8.9474022e-05
1731,1.3110962,8.9596957e-05
1732,1.3110872,8.9781359e-05
1732,1.3110781,8.9908019e-05
1732,1.3110691,9.0096146e-05
1733,1.3110601,9.0224668e-05
1733,1.311051,9.0353191e-05
1733,1.3110419,9.0546906e-05
1733,1.3110328,9.0677291e-05
1734,1.3110237,9.0876594e-05
1734,1.3110147,9.1008842e-05
1734,1.3110056,9.121187e-05
1735,1.3109964,9.1345981e-05
1735,1.3109873,9.1481954e-05
1735,1.3109782,9.1688707e-05
1736,1.3109691,9.1828406e-05
1736,1.3109599,9.204261e-05
1736,1.3109508,9.2187896e-05
1736,1.3109416,9.2336908e-05
1737,1.3109325,9.2560425e-05
1737,1.3109233,9.27113e-05
1737,1.3109141,9.2940405e-05
1738,1.3109049,9.3093142e-05
1738,1.3108957,9.3249604e-05
1738,1.3108865,9.3482435e-05
1738,1.3108773,9.364076e-05
1739,1.3108681,9.3881041e-05
1739,1.3108588,9.4041228e-05
1739,1.3108496,9.4285235e-05
1740,1.3108404,9.445101e-05
1740,1.3108311,9.4616786e-05
1740,1.3108219,9.4868243e-05
1740,1.3108126,9.5035881e-05
1741,1.3108034,9.5291063e-05
1741,1.3107941,9.5462427e-05
1741,1.3107848,9.5635653e-05
1742,1.3107755,9.5900148e-05
1742,1.3107662,9.6080825e-05
1742,1.3107569,9.6358359e-05
1743,1.3107475,9.6544623e-05
1743,1.3107382,9.6736476e-05
1743,1.3107289,9.7023323e-05
1743,1.3107195,9.7217038e-05
1744,1.3107102,9.7509474e-05
1744,1.3107009,9.7708777e-05
1744,1.3106915,9.790808e-05
1745,1.3106821,9.8209828e-05
1745,1.3106727,9.8414719e-05
1745,1.3106634,9.8723918e-05
1745,1.310654,9.8932534e-05
1746,1.3106446,9.9247321e-05
1746,1.3106353,9.9459663e-05
1746,1.3106258,9.967573e-05
1747,1.3106164,0.00010000169
1747,1.310607,0.00010022335
1747,1.3105976,0.00010055676
1748,1.3105882,0.00010077842
1748,1.3105788,0.00010100007
1748,1.3105694,0.00010131299
1748,1.31056,0.00010151602
1749,1.3105506,0.00010181218
1749,1.3105412,0.00010200776
1749,1.3105317,0.00010220706
1750,1.3105222,0.00010250695
1750,1.3105127,0.00010270812
1750,1.3105033,0.00010301173
1750,1.3104938,0.00010321103
1751,1.3104843,0.00010351278
1751,1.3104748,0.00010371208
1751,1.3104653,0.00010391138
1752,1.3104558,0.00010421127
1752,1.3104463,0.00010441057
1752,1.3104367,0.0001047086
1753,1.3104272,0.0001049079
1753,1.3104177,0.0001051072
1753,1.3104081,0.00010540336
1753,1.3103986,0.00010560267
1754,1.310389,0.00010590069
1754,1.3103794,0.00010609813
1754,1.3103698,0.00010629743
1755,1.3103602,0.00010659732
1755,1.3103506,0.00010679848
1755,1.310341,0.00010709837
1755,1.3103313,0.00010729954
1756,1.3103217,0.00010749884
1756,1.3103121,0.00010779873
1756,1.3103024,0.00010799803
1757,1.3102927,0.00010829978
1757,1.3102831,0.00010849908
1757,1.3102734,0.00010879897
1758,1.3102638,0.00010899827
1758,1.3102541,0.00010919943
1758,1.3102443,0.00010949932
1758,1.3102346,0.00010969862
1759,1.3102249,0.00010999851
1759,1.3102151,0.00011019409
1759,1.3102053,0.00011039153
1760,1.3101956,0.00011068955
1760,1.3101858,0.00011089444
1760,1.3101759,0.00011122786
1761,1.3101661,0.00011146627
1761,1.3101563,0.00011171773
1761,1.3101465,0.00011210889
1761,1.3101366,0.00011237152
1762,1.3101268,0.00011276454
1762,1.310117,0.00011302903
1762,1.3101072,0.00011342764
1763,1.3100973,0.00011369772
1763,1.3100875,0.00011397339
1763,1.3100776,0.00011439249
1764,1.3100678,0.00011467561
1764,1.3100579,0.00011510588
1764,1.3100481,0.00011539832
1764,1.3100382,0.00011569262
1765,1.3100284,0.00011613965
1765,1.3100185,0.0001164414
1765,1.3100087,0.00011691451
1766,1.3099989,0.00011723116
1766,1.3099891,0.00011754408
1766,1.3099792,0.0001180023
1767,1.3099694,0.00011826679
1767,1.3099596,0.00011862814
1767,1.3099498,0.00011884794
1767,1.30994,0.00011915714
1768,1.3099301,0.0001193732
1768,1.3099202,0.00011959113
1768,1.3099104,0.00011991337
1769,1.3099005,0.00012012944
1769,1.3098906,0.00012044236
1769,1.3098807,0.00012064539
1770,1.3098708,0.00012084655
1770,1.3098608,0.00012114085
1770,1.3098509,0.00012133271
1770,1.309841,0.00012161396
1771,1.309831,0.00012179837
1771,1.309821,0.00012197904
1771,1.309811,0.00012224354
1772,1.309801,0.00012241304
1772,1.309791,0.0001226645
1772,1.309781,0.00012283027
1773,1.3097709,0.00012299605
1773,1.3097609,0.00012325682
1773,1.3097508,0.00012343191
1774,1.3097407,0.00012370013
1774,1.3097307,0.00012387894
1774,1.3097206,0.00012413599
1774,1.3097106,0.00012430549
1775,1.3097004,0.00012447312
1775,1.3096903,0.00012471899
1775,1.3096802,0.00012488104
1776,1.30967,0.00012512319
1776,1.3096599,0.00012528338
1776,1.3096497,0.00012543984
1777,1.3096395,0.00012567267
1777,1.3096294,0.00012582727
1777,1.3096192,0.00012605451
1777,1.309609,0.00012620352
1778,1.3095988,0.00012635253
1778,1.3095886,0.00012657046
1778,1.3095783,0.00012671575
1779,1.3095681,0.00012692809
1779,1.3095578,0.00012706779
1779,1.3095476,0.00012727454
1780,1.3095373,0.00012741052
1780,1.309527,0.00012754463
1780,1.3095167,0.00012774393
1781,1.3095064,0.00012787431
1781,1.3094961,0.00012806617
1781,1.3094858,0.00012819283
1781,1.3094755,0.00012831762
1782,1.3094651,0.00012850203
1782,1.3094547,0.0001286231
1782,1.3094444,0.00012880005
1783,1.309434,0.0001289174
1783,1.3094236,0.00012903288
1783,1.3094132,0.00012920238
1784,1.3094028,0.00012931414
1784,1.3093923,0.00012947805
1784,1.3093819,0.00012958609
1785,1.3093715,0.00012974814
1785,1.309361,0.00012985058
1785,1.3093506,0.0001299493
1785,1.3093401,0.00013008341
1786,1.3093296,0.00013016164
1786,1.3093191,0.00013026595
1786,1.3093086,0.00013032928
1787,1.3092981,0.00013038889
1787,1.3092875,0.00013047829
1787,1.309277,0.00013053417
1788,1.3092664,0.0001306124
1788,1.3092558,0.00013066269
1788,1.3092452,0.0001307074
1789,1.3092346,0.000130767
1789,1.309224,0.00013080426
1789,1.3092133,0.00013085455
1789,1.3092026,0.00013088249
1790,1.309192,0.00013090856
1790,1.3091813,0.00013094023
1790,1.3091706,0.00013095886
1791,1.3091598,0.00013097562
1791,1.3091491,0.00013098307
1791,1.3091383,0.00013099238
1792,1.3091275,0.00013099797
1792,1.3091166,0.00013101101
1792,1.3091058,0.00013103336
1793,1.309095,0.00013105012
1793,1.3090841,0.00013107806
1793,1.3090732,0.0001310911
1793,1.3090623,0.00013110042
1794,1.3090514,0.00013111159
1794,1.3090405,0.00013111718
1794,1.3090295,0.00013112091
1795,1.3090186,0.00013112277
1795,1.3090076,0.00013112277
1795,1.3089966,0.00013112091
1796,1.3089856,0.00013111532
1796,1.3089745,0.00013110787
1796,1.3089634,0.00013109855
1797,1.3089524,0.00013108365
1797,1.3089413,0.00013106875
1797,1.3089301,0.00013104826
1798,1.308919,0.00013102032
1798,1.3089078,0.00013100542
1798,1.3088965,0.00013100728
1798,1.3088853,0.00013103709
1799,1.308874,0.00013107993
1799,1.3088627,0.00013116933
1799,1.3088515,0.00013124011
1800,1.3088402,0.00013133138
1800,1.3088289,0.00013139471
1800,1.3088176,0.00013145991
1801,1.3088063,0.00013156049
1801,1.308795,0.00013163313
1801,1.3087836,0.00013175048
1802,1.3087723,0.00013183057
1802,1.3087609,0.00013191625
1802,1.3087495,0.0001320485
1803,1.3087382,0.00013214163
1803,1.3087268,0.00013228692
1803,1.3087154,0.0001323875
1803,1.308704,0.00013255514
1804,1.3086926,0.00013267435
1804,1.3086812,0.0001327917
1804,1.3086698,0.00013295189
1805,1.3086585,0.00013302825
1805,1.3086471,0.00013307855
1805,1.3086357,0.00013308413
1806,1.3086243,0.00013307109
1806,1.3086128,0.00013303757
1806,1.3086013,0.00013302267
1807,1.3085898,0.00013300031
1807,1.3085782,0.00013298169
1807,1.3085667,0.00013296306
1808,1.3085551,0.00013291463
1808,1.3085435,0.00013287738
1808,1.3085318,0.00013281219
1808,1.3085202,0.0001327619
1809,1.3085084,0.00013267994
1809,1.3084967,0.00013261661
1809,1.308485,0.00013255142
1810,1.3084732,0.00013244338
1810,1.3084614,0.00013235398
1810,1.3084495,0.00013221428
1811,1.3084376,0.00013212301
1811,1.3084257,0.00013203919
1811,1.3084137,0.00013197027
1812,1.3084016,0.0001319591
1812,1.3083896,0.00013198145
1812,1.3083775,0.00013201684
1813,1.3083655,0.0001320485
1813,1.3083534,0.00013208389
1813,1.3083414,0.00013210811
1814,1.3083293,0.00013214536
1814,1.3083172,0.00013217516
1814,1.308305,0.00013222918
1815,1.3082929,0.00013226829
1815,1.3082807,0.00013231114
1815,1.3082685,0.00013238192
1815,1.3082563,0.00013243407
1816,1.3082441,0.00013251603
1816,1.3082319,0.00013257563
1816,1.3082196,0.0001326371
1817,1.3082073,0.00013274327
1817,1.3081951,0.00013281778
1817,1.3081828,0.00013292767
1818,1.3081705,0.00013299845
1818,1.3081581,0.00013305061
1818,1.3081458,0.00013311766
1819,1.3081334,0.00013315305
1819,1.308121,0.00013319962
1819,1.3081086,0.00013323687
1820,1.3080962,0.00013327599
1820,1.3080837,0.00013333559
1820,1.3080712,0.00013337843
1821,1.3080586,0.0001334399
1821,1.3080461,0.00013347901
1821,1.3080335,0.00013353862
1822,1.3080209,0.0001335796
1822,1.3080083,0.00013361871
1822,1.3079956,0.00013367832
1822,1.3079829,0.0001337193
1823,1.3079702,0.0001337789
1823,1.3079575,0.00013381615
1823,1.3079447,0.00013385341
1824,1.3079319,0.00013390929
1824,1.3079191,0.00013395026
1824,1.3079062,0.00013403222
1825,1.3078933,0.00013410486
1825,1.3078803,0.00013418868
1825,1.3078674,0.00013433211
1826,1.3078544,0.00013443828
1826,1.3078414,0.00013458729
1826,1.3078284,0.0001346916
1827,1.3078154,0.00013484992
1827,1.3078023,0.00013495795
1827,1.3077892,0.00013507158
1828,1.3077761,0.00013524853
1828,1.3077629,0.0001353696
1828,1.3077498,0.00013555773
1829,1.3077366,0.00013568625
1829,1.3077234,0.00013582036
1829,1.3077101,0.00013602525
1830,1.3076968,0.00013616681
1830,1.3076835,0.00013638288
1830,1.3076702,0.00013653189
1831,1.3076568,0.00013668463
1831,1.3076434,0.00013691746
1831,1.30763,0.00013707764
1831,1.3076166,0.00013732351
1832,1.3076031,0.00013749115
1832,1.3075896,0.0001377482
1832,1.3075761,0.00013792329
1833,1.3075625,0.00013810396
1833,1.3075489,0.00013837777
1833,1.3075353,0.0001385659
1834,1.3075217,0.00013885275
1834,1.307508,0.00013904832
1834,1.3074943,0.00013924576
1835,1.3074805,0.00013954937
1835,1.3074668,0.00013975613
1835,1.307453,0.00014007092
1836,1.3074392,0.00014028512
1836,1.3074253,0.00014050305
1836,1.3074114,0.00014083646
1837,1.3073975,0.00014106371
1837,1.3073835,0.00014141016
1837,1.3073695,0.00014164485
1838,1.3073555,0.00014187768
1838,1.3073414,0.00014222413
1838,1.3073274,0.00014244951
1839,1.3073132,0.00014278665
1839,1.3072991,0.00014300831
1839,1.3072849,0.00014334917
1840,1.3072707,0.00014357828
1840,1.3072564,0.00014381111
1840,1.307242,0.00014416128
1841,1.3072276,0.00014439784
1841,1.3072132,0.00014475547
1841,1.3071988,0.00014499575
1842,1.3071842,0.00014523789
1842,1.3071697,0.00014560297
1842,1.307155,0.00014584884
1843,1.3071404,0.00014621951
1843,1.3071257,0.0001464691
1843,1.3071109,0.00014672056
1844,1.307096,0.0001470726
1844,1.3070811,0.00014731288
1844,1.307066,0.0001477059
1845,1.3070509,0.0001480002
1845,1.3070358,0.0001485981
1845,1.3070206,0.00014905818
1846,1.3070053,0.00014956482
1846,1.30699,0.00015038997
1846,1.3069747,0.00015092827
1847,1.3069594,0.00015175529
1847,1.306944,0.00015232153
1847,1.3069286,0.00015289709
1847,1.3069132,0.00015379861
1848,1.3068977,0.0001544226
1848,1.3068822,0.00015538931
1848,1.3068667,0.00015605241
1849,1.3068511,0.00015673228
1849,1.3068354,0.00015778281
1849,1.3068198,0.00015850179
1850,1.3068041,0.00015961193
1850,1.3067883,0.00016037375
1850,1.3067725,0.00016115047
1851,1.3067566,0.00016234629
1851,1.3067406,0.00016316213
1851,1.3067247,0.00016440637
1852,1.3067087,0.00016524643
1852,1.3066927,0.00016652979
1852,1.3066766,0.00016739778
1853,1.3066606,0.00016828068
1853,1.3066444,0.00016963296
1853,1.3066282,0.00017055497
1854,1.306612,0.00017196313
1854,1.3065958,0.00017292053
1854,1.3065793,0.00017389096
1855,1.3065627,0.00017537549
1855,1.3065461,0.00017638132
1855,1.3065295,0.00017791986
1856,1.3065128,0.00017896295
1856,1.3064961,0.00018002093
1856,1.3064793,0.00018163398
1857,1.3064624,0.00018272735
1857,1.3064455,0.00018437207
1857,1.3064284,0.00018548034
1858,1.3064113,0.00018719211
1858,1.3063941,0.00018838421
1858,1.3063767,0.00018966198
1859,1.3063591,0.00019176491
1859,1.3063416,0.00019325502
1859,1.3063242,0.00019560941
1860,1.3063067,0.00019721128
1860,1.3062889,0.00019881316
1860,1.3062711,0.0002012644
1861,1.3062534,0.0002029296
1861,1.3062356,0.00020548329
1861,1.3062177,0.00020723417
1862,1.3061998,0.00020901859
1862,1.3061817,0.00021175668
1862,1.3061636,0.00021362118
1863,1.3061455,0.00021647662
1863,1.3061274,0.00021842122
1863,1.3061093,0.00022139773
1864,1.3060912,0.00022342056
1864,1.3060723,0.00022543222
1864,1.3060534,0.00022852048
1865,1.3060344,0.00023065321
1865,1.3060154,0.00023402087
1865,1.305996,0.00023653731
1866,1.3059767,0.00023920089
1866,1.3059574,0.0002434589
1866,1.3059381,0.00024645217
1867,1.305919,0.00025101565
1867,1.3059,0.00025410391
1867,1.3058806,0.00025724806
1868,1.305861,0.00026207231
1868,1.3058416,0.00026537292
1868,1.3058224,0.00027046911
1869,1.3058028,0.00027394854
1869,1.3057829,0.00027749501
1869,1.305763,0.00028294139
1870,1.3057431,0.0002866555
1870,1.3057233,0.00029235519
1870,1.3057034,0.00029623881
1871,1.3056834,0.00030216388
1871,1.3056634,0.00030616112
1872,1.3056433,0.00031024031
1872,1.3056228,0.00031655841
1872,1.3056024,0.00032094307
1873,1.3055824,0.00032807328
1873,1.3055623,0.00033307821
1873,1.305541,0.0003382694
1874,1.3055197,0.00034636259
1874,1.3054991,0.00035179965
1874,1.3054786,0.0003601294
1875,1.3054579,0.00036579743
1875,1.3054371,0.00037156045
1875,1.3054165,0.00038042292
1876,1.3053958,0.00038647652
1876,1.3053753,0.00039575994
1876,1.3053548,0.00040208362
1877,1.3053345,0.00041176565
1877,1.3053143,0.00041835196
1877,1.3052937,0.00042504631
1878,1.3052726,0.000435289
1878,1.3052518,0.00044221431
1878,1.3052315,0.00045275502
1879,1.3052105,0.00045995414
1879,1.3051886,0.00046733022
1879,1.3051667,0.0004789196
1880,1.305145,0.00048713572
1880,1.3051235,0.00050001219
1880,1.3051026,0.00050893426
1881,1.3050816,0.00051808544
1881,1.3050608,0.00053186528
1881,1.30504,0.00054122321
1882,1.3050199,0.00055551343
1882,1.3049998,0.00056521781
1882,1.3049809,0.00058014505
1883,1.304962,0.00059030019
1883,1.3049407,0.00060061924
1883,1.3049193,0.00061640516
1884,1.3048992,0.00062713586
1884,1.3048795,0.00064353831
1884,1.3048595,0.00065468065
1885,1.3048396,0.00066598505
1885,1.3048201,0.00068322383
1885,1.3048009,0.00069491379
1886,1.3047823,0.00071277097
1886,1.3047641,0.00072490424
1886,1.3047451,0.00073725544
1887,1.3047254,0.0007562153
1887,1.3047068,0.00076911785
1888,1.3046894,0.00078886561
1888,1.3046712,0.00080226548
1888,1.3046521,0.00081584044
1889,1.3046334,0.00083655119
1889,1.3046157,0.00085058995
1889,1.3045982,0.00087198988
1890,1.3045814,0.00088648312
1890,1.3045648,0.00090856105
1890,1.304549,0.00092350505
1891,1.3045332,0.00093862787
1891,1.3045181,0.00096165203
1891,1.3045031,0.0009772256
1892,1.3044909,0.001000924
1892,1.3044787,0.0010169484
1892,1.3044631,0.001033349
1893,1.3044475,0.0010582339
1893,1.3044353,0.0010749102
1893,1.3044237,0.0010998063
1894,1.3044127,0.0011156499
1894,1.3044018,0.0011311788
1894,1.3043913,0.0011539571
1895,1.3043809,0.0011688881
1895,1.3043708,0.0011915863
1895,1.3043608,0.0012069345
1896,1.3043518,0.0012301113
1896,1.3043434,0.0012456663
1897,1.3043342,0.0012612306
1897,1.3043245,0.0012845658
1897,1.3043159,0.0013001654
1898,1.304309,0.001323631
1898,1.3043014,0.0013393164
1898,1.3042925,0.0013550352
1899,1.3042843,0.0013786741
1899,1.3042774,0.0013944767
1899,1.304271,0.0014183652
1900,1.304266,0.0014345031
1900,1.3042614,0.0014506094
1900,1.3042583,0.0014744718
1901,1.3042555,0.0014899895
1901,1.3042554,0.0015112758
1901,1.3042554,0.0015247054
1902,1.3042512,0.0015375838
1902,1.304247,0.0015560891
1902,1.3042439,0.0015686788
1903,1.3042408,0.001587376
1903,1.3042388,0.0015997328
1903,1.3042369,0.0016180892
1904,1.3042349,0.0016300101
1904,1.3042328,0.0016417727
1905,1.3042312,0.0016591176
1905,1.3042299,0.0016704816
1905,1.3042292,0.0016872231
1906,1.3042288,0.001698181
1906,1.3042277,0.0017089769
1906,1.304226,0.0017248709
1907,1.3042251,0.0017352793
1907,1.3042251,0.0017506108
1907,1.3042246,0.0017606206
1908,1.3042233,0.0017704517
1908,1.3042224,0.0017847996
1908,1.3042221,0.0017940551
1909,1.3042219,0.0018075332
1909,1.3042218,0.0018162578
1909,1.3042218,0.0018290151
1910,1.304222,0.001837343
1910,1.3042222,0.001845507
1910,1.3042225,0.0018574409
1911,1.3042228,0.0018651877
1911,1.3042241,0.0018764511
1912,1.3042254,0.0018837396
1912,1.3042247,0.0018908512
1912,1.3042239,0.001901187
1913,1.304224,0.001907859
1913,1.3042242,0.0019175373
1913,1.3042243,0.0019237678
1914,1.3042243,0.0019298252
1914,1.3042244,0.0019385163
1914,1.3042244,0.0019440763
1915,1.3042243,0.0019521471
1915,1.3042241,0.0019573905
1915,1.304224,0.0019653067
1916,1.3042239,0.0019706115
1916,1.3042236,0.0019758902
1916,1.304223,0.0019837189
1917,1.3042227,0.0019887704
1917,1.304223,0.0019959975
1918,1.3042229,0.0020006374
1918,1.3042223,0.0020051356
1918,1.3042219,0.0020116363
1919,1.3042216,0.0020158291
1919,1.3042214,0.0020218771
1919,1.3042212,0.0020257477
1920,1.304221,0.0020294916
1920,1.3042207,0.0020348672
1920,1.3042205,0.0020382907
1921,1.3042205,0.0020431858
1921,1.3042205,0.0020462908
1921,1.3042195,0.0020492226
1922,1.3042185,0.0020533912
1922,1.3042175,0.0020560455
1923,1.3042166,0.00205989
1923,1.3042156,0.0020625275
1923,1.3042146,0.0020664558
1924,1.3042136,0.002069043
1924,1.3042126,0.0020715836
1924,1.3042118,0.0020751357
1925,1.304211,0.0020773299
1925,1.3042102,0.0020804051
1925,1.3042094,0.0020823143
1926,1.3042084,0.002084136
1926,1.3042073,0.0020867139
1926,1.3042062,0.0020883139
1927,1.3042052,0.0020905361
1927,1.3042041,0.0020918958
1928,1.3042028,0.0020931605
1928,1.3042016,0.002094876
1928,1.3042004,0.0020959005
1929,1.3041991,0.0020972565
1929,1.3041978,0.0020980388
1929,1.3041965,0.0020990334
1930,1.3041951,0.0020995773
1930,1.3041937,0.0021000281
1930,1.3041922,0.0021005366
1931,1.3041906,0.0021007601
1931,1.304189,0.0021009184
1931,1.3041874,0.0021009035
1932,1.3041857,0.0021007825
1932,1.304184,0.0021004137
1933,1.3041821,0.002100043
1933,1.3041803,0.0020993035
1933,1.3041783,0.0020986944
1934,1.3041763,0.0020979885
1934,1.3041742,0.0020967536
1934,1.304172,0.0020958092
1935,1.3041697,0.0020942148
1935,1.3041672,0.0020930301
1935,1.3041648,0.0020917505
1936,1.3041624,0.0020896513
1936,1.3041597,0.0020881109
1937,1.3041569,0.0020855945
1937,1.3041538,0.0020838156
1937,1.3041505,0.002081044
1938,1.3041471,0.0020792093
1938,1.3041437,0.0020774323
1938,1.3041404,0.0020747744
1939,1.3041369,0.0020729937
1939,1.3041333,0.0020702276
1939,1.3041297,0.0020682551
1940,1.3041261,0.0020662118
1940,1.3041224,0.0020630118
1941,1.3041187,0.0020607896
1941,1.3041145,0.0020573586
1941,1.3041103,0.0020549912
1942,1.3041066,0.0020525586
1942,1.304103,0.0020487886
1942,1.3040989,0.0020461977
1943,1.3040949,0.0020421892
1943,1.3040905,0.0020394363
1943,1.3040861,0.0020351894
1944,1.3040817,0.0020322762
1944,1.3040773,0.0020293016
1945,1.3040727,0.0020247176
1945,1.304068,0.0020215809
1945,1.304063,0.0020167567
1946,1.3040579,0.0020134598
1946,1.304053,0.0020100996
1946,1.3040482,0.0020049401
1947,1.3040431,0.0020014197
1947,1.3040376,0.0019960199
1947,1.3040323,0.0019923411
1948,1.3040272,0.0019885972
1948,1.304022,0.0019828603
1949,1.3040165,0.0019789562
1949,1.3040109,0.0019729808
1949,1.304005,0.0019689165
1950,1.3039991,0.0019627009
1950,1.303993,0.0019584764
1950,1.3039868,0.0019541886
1951,1.3039803,0.0019476358
1951,1.3039739,0.0019431878
1951,1.3039665,0.0019363333
1952,1.3039591,0.0019316934
1952,1.3039525,0.00192702
1953,1.303946,0.0019199885
1953,1.3039386,0.0019154381
1953,1.3039311,0.0019086972
1954,1.3039236,0.0019042455
1954,1.3039161,0.0018998124
1954,1.3039085,0.0018930398
1955,1.3039008,0.0018884446
1955,1.3038927,0.0018814653
1956,1.3038845,0.0018767565
1956,1.3038765,0.0018720236
1956,1.3038688,0.0018648859
1957,1.3038608,0.0018600859
1957,1.3038524,0.001852829
1957,1.3038437,0.0018479507
1958,1.3038347,0.0018405691
1958,1.3038259,0.001835607
1958,1.3038174,0.0018306132
1959,1.3038088,0.0018230435
1959,1.3037997,0.0018179286
1960,1.3037905,0.0018102266
1960,1.3037808,0.001805095
1960,1.303771,0.0017999932
1961,1.303761,0.0017926227
1961,1.303751,0.0017878022
1961,1.3037403,0.0017806888
1962,1.3037297,0.0017759968
1962,1.3037204,0.0017712209
1963,1.303711,0.0017640386
1963,1.303701,0.001759233
1963,1.303691,0.0017520022
1964,1.3036805,0.0017472021
1964,1.30367,0.0017399974
1964,1.3036595,0.0017351955
1965,1.303649,0.0017303918
1965,1.3036383,0.0017231926
1966,1.3036275,0.0017183945
1966,1.3036165,0.0017111972
1966,1.3036052,0.0017064009
1967,1.3035942,0.0017016027
1967,1.3035835,0.0016944036
1967,1.3035724,0.0016896017
1968,1.3035609,0.0016823988
1968,1.3035496,0.0016775969
1969,1.3035387,0.0016727988
1969,1.3035276,0.0016655996
1969,1.3035162,0.0016608015
1970,1.3035048,0.0016536023
1970,1.3034932,0.0016488004
1970,1.3034815,0.0016415976
1971,1.3034696,0.0016367938
1971,1.3034577,0.0016319919
1972,1.3034456,0.0016247928
1972,1.3034336,0.0016199946
1972,1.3034208,0.0016127992
1973,1.303408,0.0016080029
1973,1.3033964,0.0016032029
1973,1.3033848,0.001596
1974,1.3033725,0.0015911981
1974,1.3033601,0.0015839953
1975,1.3033477,0.0015791953
1975,1.3033353,0.0015743952
1975,1.3033226,0.0015671998
1976,1.3033099,0.0015624017
1976,1.3032969,0.0015552025
1976,1.3032837,0.0015504025
1977,1.3032709,0.0015456006
1977,1.3032583,0.0015383977
1978,1.3032454,0.0015335977
1978,1.3032323,0.0015263967
1978,1.3032189,0.0015215967
1979,1.3032051,0.0015143976
1979,1.3031917,0.0015095975
1979,1.3031786,0.0015047975
1980,1.3031655,0.0014975984
1980,1.3031519,0.0014927983
1981,1.3031384,0.0014855973
1981,1.3031245,0.0014807973
1981,1.3031106,0.0014759973
1982,1.3030967,0.0014687981
1982,1.3030827,0.0014639981
1982,1.3030678,0.0014567655
1983,1.303053,0.0014519505
1983,1.3030393,0.0014471486
1984,1.3030256,0.0014399979
1984,1.3030112,0.0014353376
1984,1.3029968,0.0014284514
1985,1.302982,0.0014239214
1985,1.3029672,0.0014171991
1986,1.3029526,0.001412699
1986,1.3029379,0.00140821
1986,1.3029231,0.0014014933
1987,1.3029082,0.0013970286
1987,1.302893,0.0013903677
1987,1.3028777,0.0013859514
1988,1.3028626,0.0013815518
1988,1.3028478,0.0013749823
1989,1.3028327,0.0013706218
1989,1.3028172,0.0013641119
1989,1.3028019,0.0013597924
1990,1.302787,0.0013554879
1990,1.3027719,0.0013490617
1990,1.3027566,0.0013447981
1991,1.3027412,0.0013384316
1991,1.3027256,0.001334209
1992,1.3027101,0.0013299994
1992,1.3026945,0.0013237149
1992,1.302679,0.0013195444
1993,1.3026631,0.0013133157
1993,1.3026472,0.0013091844
1994,1.3026308,0.0013030227
1994,1.3026143,0.0012989342
1994,1.3025989,0.0012948643
1995,1.3025836,0.0012887884
1995,1.3025676,0.0012847558
1995,1.3025516,0.0012787394
1996,1.3025357,0.0012747459
1996,1.3025197,0.0012707692
1997,1.3025036,0.0012648366
1997,1.3024874,0.001260899
1997,1.3024709,0.0012550261
1998,1.3024544,0.0012511294
1998,1.3024382,0.0012472607
1999,1.3024223,0.0012414996
1999,1.3024062,0.00123767
1999,1.30239,0.0012319144
2000,1.3023735,0.001228027
2000,1.3023569,0.0012220871
2000,1.3023404,0.0012180824
2001,1.3023243,0.0012140479
2001,1.3023081,0.0012079906
2002,1.3022915,0.0012039822
2002,1.3022749,0.0011979789
2002,1.302258,0.0011939853
2003,1.3022412,0.0011899956
2003,1.3022243,0.001183996
2004,1.3022073,0.001179995
2004,1.3021898,0.0011739954
2004,1.3021722,0.0011699963
2005,1.3021556,0.0011659954
2005,1.302139,0.0011599958
2005,1.3021218,0.0011559967
2006,1.3021046,0.0011499953
2006,1.302087,0.0011459533
2007,1.3020693,0.0011399034
2007,1.3020515,0.0011359006
2007,1.3020337,0.0011319462
2008,1.3020156,0.0011262745
2008,1.3019973,0.0011226628
2009,1.301979,0.0011174288
2009,1.3019607,0.0011140462
2009,1.3019426,0.001110673
2010,1.3019248,0.0011055954
2010,1.3019067,0.0011022352
2011,1.3018884,0.0010972321
2011,1.3018702,0.0010939408
2011,1.3018524,0.0010906942
2012,1.3018344,0.0010858811
2012,1.3018163,0.0010827128
2012,1.3017981,0.0010780208
2013,1.3017799,0.0010749344
2013,1.3017617,0.0010718778
2014,1.3017435,0.0010673534
2014,1.3017254,0.0010643769
2014,1.3017071,0.0010600388
2015,1.3016889,0.0010571759
2015,1.3016706,0.0010528769
2016,1.3016522,0.0010499768
2016,1.3016347,0.0010468997
2016,1.3016173,0.0010421351
2017,1.3015993,0.0010388698
2017,1.3015812,0.001033878
2018,1.3015631,0.0010306276
2018,1.3015449,0.0010273848
2018,1.3015266,0.00102254
2019,1.3015082,0.0010193232
2019,1.3014896,0.0010144804
2020,1.3014709,0.0010112431
2020,1.3014525,0.0010080021
2020,1.3014342,0.0010031406
2021,1.3014158,0.00099989586
2021,1.3013971,0.0009950269
2022,1.3013783,0.00099177845
2022,1.3013592,0.00098690391
2022,1.3013403,0.00098364241
2023,1.3013217,0.00098036975
2023,1.3013029,0.00097546913
2023,1.3012838,0.00097222067
2024,1.3012647,0.00096742623
2024,1.3012454,0.00096431561
2025,1.3012261,0.00096125342
2025,1.3012068,0.00095673651
2025,1.3011875,0.00095376372
2026,1.3011677,0.00094926916
2026,1.301148,0.00094628148
2027,1.301129,0.00094330125
2027,1.3011101,0.00093884394
2027,1.3010908,0.00093589909
2028,1.3010714,0.00093150325
2028,1.3010518,0.00092859007
2029,1.3010321,0.00092424452
2029,1.3010125,0.00092136301
2029,1.300993,0.00091849454
2030,1.3009733,0.00091421418
2030,1.3009536,0.00091137737
2031,1.3009337,0.0009071473
2031,1.3009137,0.00090434216
2031,1.3008938,0.00090155005
2032,1.3008742,0.00089738518
2032,1.3008543,0.00089462474
2033,1.3008342,0.00089050457
2033,1.3008142,0.00088777393
2033,1.3007944,0.00088505633
2034,1.3007746,0.00088100322
2034,1.3007546,0.00087831914
2035,1.3007345,0.00087431818
2035,1.3007144,0.00087166764
2035,1.3006942,0.00086903013
2036,1.300674,0.00086509809
2036,1.3006539,0.00086249225
2037,1.3006335,0.00085860491
2037,1.3006131,0.00085603073
2037,1.3005924,0.00085219368
2038,1.3005716,0.00084965117
2038,1.3005515,0.0008471217
2039,1.3005314,0.00084335171
2039,1.300511,0.00084084645
2039,1.3004905,0.00083711743
2040,1.3004699,0.00083465129
2040,1.3004494,0.00083220564
2041,1.3004287,0.00082859956
2041,1.300408,0.00082623586
2041,1.3003872,0.00082274154
2042,1.3003663,0.0008204449
2042,1.3003456,0.00081816129
2043,1.3003251,0.0008147601
2043,1.3003044,0.00081251375
2043,1.3002836,0.00080917217
2044,1.3002627,0.0008069668
2044,1.3002417,0.00080369413
2045,1.3002208,0.00080153346
2045,1.3002001,0.00079938956
2045,1.3001794,0.00079620816
2046,1.3001585,0.00079411082
2046,1.3001377,0.00079099648
2047,1.3001167,0.00078894198
2047,1.3000958,0.00078690611
2047,1.300075,0.00078392774
2048,1.3000541,0.0007819552
2048,1.3000331,0.00077898987
2049,1.3000121,0.0007769838
2049,1.2999917,0.00077485666
2049,1.2999713,0.00077155977
2050,1.2999505,0.00076929852
2050,1.2999297,0.00076583773
2051,1.2999088,0.00076357648
2051,1.2998879,0.00076131709
2052,1.2998668,0.00075793266
2052,1.2998458,0.00075568072
2052,1.2998246,0.00075228512
2053,1.2998034,0.00075001083
2053,1.2997821,0.00074658915
2054,1.2997607,0.00074430369
2054,1.2997394,0.00074201077
2054,1.2997182,0.00073856302
2055,1.2996969,0.00073625706
2055,1.2996753,0.00073279068
2056,1.2996538,0.00073046796
2056,1.2996325,0.00072813779
2056,1.2996111,0.00072463974
2057,1.2995894,0.0007223133
2057,1.2995678,0.00071885996
2058,1.299546,0.0007165987
2058,1.2995241,0.0007143598
2058,1.2995023,0.00071103685
2059,1.2994805,0.00070883892
2059,1.2994586,0.0007055141
2060,1.2994366,0.00070329942
2060,1.2994143,0.00069997646
2060,1.299392,0.00069776177
2061,1.2993701,0.00069555454
2061,1.2993484,0.00069225021
2062,1.2993262,0.00069005042
2062,1.2993041,0.00068675913
2063,1.2992819,0.00068456866
2063,1.2992597,0.00068238191
2063,1.2992373,0.00067910738
2064,1.2992149,0.00067692995
2064,1.2991924,0.00067364983
2065,1.2991697,0.00067146309
2065,1.2991471,0.00066928566
2065,1.2991246,0.00066605955
2066,1.299102,0.00066396967
2066,1.2990791,0.00066095591
2067,1.2990562,0.00065900385
2067,1.2990332,0.00065614656
2067,1.2990103,0.00065425597
2068,1.2989876,0.00065235794
2068,1.2989649,0.00064953417
2069,1.298942,0.00064766407
2069,1.2989191,0.00064488687
2070,1.2988961,0.00064306334
2070,1.2988731,0.00064125657
2070,1.29885,0.00063857436
2071,1.2988269,0.00063680857
2071,1.2988036,0.00063418597
2072,1.2987803,0.00063245744
2072,1.2987574,0.00063074566
2072,1.2987345,0.00062820502
2073,1.2987114,0.00062654354
2073,1.2986882,0.00062407926
2074,1.2986651,0.00062244758
2074,1.298642,0.00062081963
2075,1.2986188,0.00061834231
2075,1.2985956,0.00061666593
2075,1.2985724,0.00061413459
2076,1.2985491,0.00061244145
2076,1.2985256,0.00060993247
2077,1.2985021,0.00060828216
2077,1.2984787,0.00060664304
2077,1.2984553,0.00060420483
2078,1.2984319,0.00060258806
2078,1.2984082,0.00060017407
2079,1.2983847,0.00059857406
2079,1.2983613,0.0005969815
2080,1.2983378,0.00059460662
2080,1.2983142,0.00059303455
2080,1.2982906,0.00059069321
2081,1.2982669,0.00058914162
2081,1.2982432,0.00058759749
2082,1.2982195,0.00058530271
2082,1.2981958,0.00058378093
2082,1.2981719,0.0005815085
2083,1.2981481,0.0005799979
2083,1.298124,0.00057771057
2084,1.2981,0.0005761832
2084,1.2980763,0.00057465211
2085,1.2980526,0.00057235919
2085,1.2980286,0.000570843
2085,1.2980046,0.00056858175
2086,1.2979806,0.00056708045
2086,1.2979566,0.00056558475
2087,1.2979325,0.00056334957
2087,1.2979083,0.00056186505
2087,1.2978841,0.00055964664
2088,1.2978598,0.00055817328
2088,1.2978356,0.00055670552
2089,1.2978114,0.00055451319
2089,1.2977872,0.0005530566
2090,1.2977628,0.00055088289
2090,1.2977384,0.00054943748
2090,1.2977138,0.00054728054
2091,1.2976894,0.00054584816
2091,1.297665,0.00054442137
2092,1.2976406,0.00054229051
2092,1.2976161,0.0005408749
2093,1.2975915,0.0005387608
2093,1.2975669,0.00053735636
2093,1.2975422,0.00053595752
2094,1.2975175,0.00053386949
2094,1.2974928,0.00053248182
2095,1.2974678,0.00053041242
2095,1.2974428,0.00052903779
2095,1.2974182,0.00052766874
2096,1.2973935,0.00052562356
2096,1.2973686,0.00052426569
2097,1.2973437,0.00052223727
2097,1.2973187,0.00052089244
2098,1.2972938,0.00051955134
2098,1.2972687,0.00051754899
2098,1.2972436,0.00051622093
2099,1.2972185,0.00051423162
2099,1.2971933,0.00051291101
2100,1.297168,0.00051094219
2100,1.2971426,0.00050964393
2101,1.2971173,0.00050836243
2101,1.297092,0.00050647743
2101,1.2970666,0.00050524063
2102,1.2970411,0.00050340965
2102,1.2970156,0.00050219893
2103,1.2969903,0.00050098822
2103,1.2969649,0.00049918704
2104,1.2969394,0.00049799308
2104,1.2969138,0.00049621612
2104,1.2968882,0.00049504451
2105,1.2968626,0.00049388036
2105,1.2968369,0.00049214996
2106,1.2968112,0.0004910063
2106,1.2967854,0.0004893057
2107,1.2967596,0.00048818067
2107,1.2967337,0.00048650987
2107,1.2967077,0.00048540533
2108,1.2966819,0.00048431382
2108,1.2966562,0.00048268959
2109,1.2966303,0.00048161484
2109,1.2966044,0.00048000552
2110,1.2965784,0.00047892146
2110,1.2965525,0.00047783367
2110,1.2965265,0.00047619827
2111,1.2965004,0.00047510676
2111,1.2964742,0.0004734844
2112,1.296448,0.00047241524
2112,1.2964218,0.00047135167
2113,1.2963956,0.00046976656
2113,1.2963694,0.00046871603
2113,1.296343,0.00046714768
2114,1.2963166,0.00046610646
2114,1.2962904,0.00046507269
2115,1.296264,0.00046352856
2115,1.2962376,0.0004625041
2116,1.2962111,0.0004609786
2116,1.2961846,0.00045996718
2116,1.296158,0.00045845844
2117,1.2961314,0.0004574582
2117,1.2961048,0.00045646168
2118,1.296078,0.00045498088
2118,1.2960513,0.00045400113
2119,1.2960244,0.00045255944
2119,1.2959975,0.00045160949
2119,1.2959707,0.00045066886
2120,1.295944,0.0004492756
2120,1.2959171,0.00044835173
2121,1.2958902,0.00044697709
2121,1.2958632,0.00044606812
2122,1.2958362,0.00044516474
2122,1.2958092,0.00044382177
2123,1.2957821,0.00044293702
2123,1.295755,0.00044161826
2123,1.2957278,0.00044074841
2124,1.2957006,0.00043945387
2124,1.2956733,0.00043860078
2125,1.295646,0.00043775141
2125,1.2956188,0.00043649226
2126,1.2955914,0.00043566152
2126,1.295564,0.00043442845
2126,1.2955366,0.00043361261
2127,1.2955093,0.00043280236
2127,1.2954819,0.00043158978
2128,1.2954544,0.00043077953
2128,1.2954269,0.00042956695
2129,1.2953993,0.00042876042
2129,1.2953717,0.00042795762
2129,1.2953441,0.00042676739
2130,1.2953164,0.0004259795
2130,1.2952886,0.00042480975
2131,1.2952608,0.00042403676
2131,1.2952329,0.00042288378
2132,1.295205,0.00042212196
2132,1.2951772,0.00042136386
2133,1.2951494,0.00042023696
2133,1.2951214,0.0004194919
2133,1.2950935,0.00041838177
2134,1.2950654,0.00041764788
2134,1.2950374,0.00041691959
2135,1.2950093,0.00041583739
2135,1.2949812,0.00041512214
2136,1.294953,0.0004140567
2136,1.2949247,0.00041335076
2137,1.2948965,0.00041264109
2137,1.2948683,0.0004115738
2137,1.29484,0.0004108604
2138,1.2948116,0.00040979311
2138,1.2947832,0.0004090853
2139,1.2947548,0.00040838495
2139,1.2947264,0.00040733814
2140,1.2946978,0.0004066471
2140,1.2946693,0.0004056152
2140,1.2946407,0.00040492974
2141,1.2946121,0.00040390901
2141,1.2945833,0.00040323101
2142,1.2945546,0.00040255859
2142,1.2945258,0.00040155277
2143,1.294497,0.0004008878
2143,1.294468,0.00039989501
2144,1.294439,0.0003992375
2144,1.2944101,0.00039857998
2144,1.2943812,0.00039759837
2145,1.2943522,0.00039695203
2145,1.2943231,0.00039599836
2146,1.2942939,0.00039538741
2146,1.2942647,0.00039479136
2147,1.2942355,0.00039392151
2147,1.2942062,0.00039335527
2148,1.2941769,0.00039251335
2148,1.2941475,0.00039195642
2148,1.2941181,0.0003911294
2149,1.2940887,0.00039058551
2149,1.2940592,0.00039004907
2150,1.2940297,0.00038925745
2150,1.2940002,0.00038873777
2151,1.2939705,0.0003879685
2151,1.2939409,0.00038746372
2152,1.2939113,0.00038696639
2152,1.2938816,0.00038623251
2152,1.2938519,0.00038575195
2153,1.2938221,0.00038504228
2153,1.2937923,0.00038457848
2154,1.2937624,0.00038412027
2154,1.2937325,0.00038344227
2155,1.2937026,0.00038299523
2155,1.2936726,0.00038232096
2156,1.2936425,0.00038187206
2156,1.2936125,0.00038142502
2157,1.2935825,0.00038076006
2157,1.2935524,0.00038032606
2157,1.2935222,0.00037968345
2158,1.293492,0.00037926249
2158,1.2934617,0.00037864037
2159,1.2934314,0.00037823059
2159,1.2934011,0.00037782639
2160,1.2933707,0.00037722848
2160,1.2933403,0.00037683547
2161,1.2933098,0.00037625432
2161,1.2932793,0.00037587434
2161,1.2932487,0.00037549809
2162,1.2932182,0.00037494302
2162,1.2931876,0.0003745798
2163,1.2931569,0.00037404895
2163,1.2931262,0.00037369877
2164,1.2930955,0.00037335046
2164,1.2930648,0.00037281774
2165,1.293034,0.00037244894
2165,1.2930032,0.00037188455
2166,1.2929723,0.00037150458
2166,1.2929413,0.00037093274
2166,1.2929103,0.00037056021
2167,1.2928793,0.00037019141
2167,1.2928481,0.00036964193
2168,1.292817,0.00036928058
2168,1.2927858,0.00036873668
2169,1.2927545,0.00036837533
2169,1.2927232,0.00036801584
2170,1.292692,0.0003674794
2170,1.2926606,0.00036712363
2171,1.2926292,0.00036659464
2171,1.2925977,0.00036624447
2171,1.2925662,0.00036589429
2172,1.2925346,0.00036536716
2172,1.292503,0.00036501512
2173,1.2924712,0.0003644973
2173,1.2924394,0.00036416203
2174,1.2924076,0.00036370195
2174,1.2923757,0.00036342256
2175,1.2923438,0.00036315992
2175,1.2923118,0.00036279298
2176,1.2922798,0.00036255457
2176,1.2922478,0.0003621988
2176,1.2922157,0.00036196597
2177,1.2921836,0.00036173873
2177,1.2921515,0.00036140904
2178,1.2921192,0.00036119856
2178,1.292087,0.00036089681
2179,1.2920547,0.0003607031
2179,1.2920224,0.00036051683
2180,1.29199,0.00036024675
2180,1.2919576,0.00036007538
2181,1.2919251,0.00035983138
2181,1.2918926,0.00035967678
2181,1.29186,0.00035953522
2182,1.2918275,0.00035933405
2182,1.2917949,0.0003592018
2183,1.2917623,0.00035899691
2183,1.2917297,0.00035882369
2184,1.291697,0.00035853684
2184,1.2916642,0.00035832822
2185,1.2916314,0.00035811029
2185,1.2915985,0.00035779551
2186,1.2915656,0.00035759248
2186,1.2915326,0.00035729259
2187,1.2914995,0.00035709701
2187,1.2914664,0.00035689957
2187,1.2914333,0.00035659969
2188,1.2914001,0.00035639852
2188,1.2913668,0.00035609864
2189,1.2913335,0.00035589933
2189,1.2913001,0.00035569817
2190,1.2912667,0.00035539828
2190,1.2912332,0.00035519898
2191,1.2911997,0.00035489537
2191,1.291166,0.00035468675
2192,1.2911324,0.00035437942
2192,1.2910986,0.00035418198
2193,1.2910648,0.00035399944
2193,1.2910308,0.00035379082
2193,1.2909969,0.00035367906
2194,1.2909629,0.00035354681
2194,1.2909288,0.0003534779
2195,1.2908948,0.0003533978
2195,1.2908607,0.00035328418
2196,1.2908265,0.00035321526
2196,1.2907923,0.00035311654
2197,1.290758,0.00035306439
2197,1.2907237,0.00035301782
2198,1.2906893,0.00035296008
2198,1.2906549,0.00035293028
2199,1.2906205,0.00035289675
2199,1.2905859,0.00035288185
2200,1.2905514,0.00035287254
2200,1.2905168,0.0003528744
2200,1.2904821,0.00035288557
2201,1.2904474,0.0003529191
2201,1.2904127,0.00035294518
2202,1.2903779,0.00035298616
2202,1.2903431,0.0003529992
2203,1.2903083,0.00035299547
2203,1.2902734,0.00035297126
2204,1.2902384,0.00035294704
2204,1.2902034,0.00035291165
2205,1.2901682,0.00035289861
2205,1.2901331,0.00035288744
2206,1.2900979,0.00035287999
2206,1.2900626,0.00035287812
2207,1.2900273,0.0003528744
2207,1.2899919,0.0003528744
2207,1.2899564,0.0003528744
2208,1.2899209,0.00035287812
2208,1.2898853,0.00035288371
2209,1.2898497,0.00035289302
2209,1.289814,0.00035290234
2210,1.2897783,0.0003529191
2210,1.2897425,0.00035292655
2211,1.2897066,0.00035293773
2211,1.2896707,0.00035296008
2212,1.2896347,0.00035298429
2212,1.2895986,0.00035304762
2213,1.2895624,0.00035310909
2213,1.2895262,0.0003531836
2214,1.28949,0.00035331212
2214,1.2894537,0.00035340339
2215,1.2894173,0.00035354123
2215,1.2893809,0.00035363808
2216,1.2893445,0.0003537368
2216,1.2893079,0.00035389513
2216,1.2892713,0.00035400689
2217,1.2892347,0.0003541857
2217,1.289198,0.0003543105
2218,1.2891613,0.00035450608
2218,1.2891244,0.00035464391
2219,1.2890876,0.00035478547
2219,1.2890506,0.00035500713
2220,1.2890137,0.00035515986
2220,1.2889766,0.00035540015
2221,1.2889395,0.00035556406
2221,1.2889023,0.00035573542
2222,1.2888651,0.00035599992
2222,1.2888278,0.00035618246
2223,1.2887904,0.00035646558
2223,1.288753,0.00035665929
2224,1.2887155,0.0003568586
2224,1.288678,0.00035716593
2225,1.2886404,0.00035737827
2225,1.2886028,0.00035770424
2226,1.2885651,0.00035792589
2226,1.2885273,0.000358155
2226,1.2884895,0.00035850517
2227,1.2884516,0.00035874546
2227,1.2884136,0.00035911426
2228,1.2883756,0.00035936572
2228,1.2883376,0.00035975315
2229,1.2882995,0.00036001764
2229,1.2882612,0.00036028586
2230,1.288223,0.00036069937
2230,1.2881846,0.00036098249
2231,1.2881463,0.00036141463
2231,1.2881079,0.00036170706
2232,1.2880694,0.0003619995
2232,1.2880308,0.00036243163
2233,1.2879923,0.00036271848
2233,1.2879536,0.00036315061
2234,1.2879149,0.00036343932
2234,1.2878761,0.00036373548
2235,1.2878372,0.00036418624
2235,1.2877982,0.00036449358
2236,1.2877592,0.00036495924
2236,1.2877201,0.00036527216
2237,1.287681,0.000365749
2237,1.2876418,0.00036607124
2238,1.2876026,0.00036639534
2238,1.2875632,0.00036688894
2238,1.2875238,0.00036722049
2239,1.2874844,0.00036772713
2239,1.2874449,0.00036806799
2240,1.2874053,0.00036841072
2240,1.2873656,0.00036893412
2241,1.2873259,0.00036928616
2241,1.2872861,0.00036981888
2242,1.2872463,0.00037017837
2242,1.2872063,0.00037054159
2243,1.2871663,0.00037109293
2243,1.2871262,0.0003714636
2244,1.287086,0.00037202798
2244,1.2870458,0.0003724061
2245,1.2870055,0.00037298165
2245,1.2869652,0.00037336908
2246,1.2869248,0.00037375838
2246,1.2868843,0.0003743507
2247,1.2868438,0.0003747493
2247,1.2868031,0.0003753528
2248,1.2867625,0.00037575886
2248,1.2867217,0.00037616864
2249,1.2866808,0.0003767889
2249,1.2866398,0.00037720613
2250,1.2865988,0.00037783943
2250,1.2865577,0.00037825853
2251,1.2865165,0.00037868135
2251,1.2864753,0.00037932768
2252,1.2864339,0.00037977286
2252,1.2863925,0.00038048252
2253,1.286351,0.00038098544
2253,1.2863095,0.00038150512
2254,1.2862678,0.00038231723
2254,1.2862261,0.00038286671
2255,1.2861843,0.00038369559
2255,1.2861425,0.00038425438
2256,1.2861007,0.00038510747
2256,1.2860587,0.00038568489
2257,1.2860166,0.00038627349
2257,1.2859745,0.00038717128
2257,1.2859323,0.00038777851
2258,1.2858901,0.00038870424
2258,1.2858478,0.00038933381
2259,1.2858054,0.00038996898
2259,1.285763,0.00039093941
2260,1.2857205,0.00039159507
2260,1.285678,0.00039260276
2261,1.2856355,0.00039328262
2261,1.2855926,0.00039396808
2262,1.2855498,0.00039499439
2262,1.285507,0.00039565563
2263,1.2854641,0.00039663538
2263,1.2854211,0.000397278
2264,1.2853781,0.00039823912
2264,1.2853349,0.00039889291
2265,1.2852917,0.00039955229
2265,1.2852484,0.0004005488
2266,1.285205,0.00040121935
2266,1.2851616,0.00040223077
2267,1.2851181,0.00040290877
2267,1.2850745,0.00040358864
2268,1.2850308,0.00040461496
2268,1.284987,0.00040530227
2269,1.2849432,0.00040633976
2269,1.2848993,0.00040703639
2270,1.2848552,0.00040773489
2270,1.2848111,0.00040878728
2271,1.2847668,0.00040948763
2271,1.2847226,0.00041054934
2272,1.2846781,0.00041126832
2272,1.2846337,0.00041237846
2273,1.2845891,0.00041315146
2273,1.2845445,0.00041394308
2274,1.2844998,0.00041516498
2274,1.284455,0.00041599758
2275,1.2844103,0.00041723996
2275,1.2843655,0.00041807815
2276,1.2843204,0.00041892193
2276,1.2842752,0.00042019784
2277,1.28423,0.00042106211
2277,1.2841847,0.00042237341
2278,1.2841394,0.00042325631
2278,1.284094,0.00042414851
2279,1.2840485,0.0004255008
2279,1.2840029,0.00042641349
2280,1.2839573,0.00042779557
2280,1.2839117,0.00042872876
2281,1.2838658,0.0004296694
2281,1.2838199,0.00043109804
2282,1.2837739,0.00043205917
2282,1.2837279,0.00043351017
2283,1.2836818,0.00043448247
2283,1.2836357,0.00043594092
2284,1.2835895,0.00043691695
2284,1.283543,0.0004378967
2285,1.2834966,0.0004393775
2285,1.28345,0.00044037588
2286,1.2834034,0.00044188462
2286,1.2833567,0.00044289976
2287,1.28331,0.00044392049
2287,1.2832631,0.00044546463
2288,1.2832162,0.00044650212
2288,1.2831693,0.0004480686
2289,1.2831224,0.00044912286
2289,1.283075,0.00045018271
2290,1.2830276,0.00045178272
2290,1.2829801,0.0004528556
2291,1.2829327,0.00045447983
2291,1.2828852,0.0004555732
2292,1.2828376,0.00045722537
2292,1.2827899,0.00045833364
2293,1.2827421,0.00045944378
2293,1.2826942,0.00046111085
2294,1.2826463,0.00046222098
2294,1.2825983,0.00046388805
2295,1.2825503,0.00046500191
2295,1.282502,0.00046612136
2296,1.2824536,0.00046781637
2296,1.2824052,0.00046895258
2297,1.2823568,0.00047066621
2298,1.2823082,0.00047181547
2298,1.2822594,0.00047296844
2299,1.2822106,0.00047470629
2299,1.2821617,0.00047587045
2300,1.2821127,0.00047762692
2300,1.2820637,0.00047880225
2301,1.2820145,0.00047998503
2301,1.2819652,0.00048176572
2302,1.2819159,0.00048295967
2302,1.2818664,0.00048474967
2303,1.281817,0.00048595108
2303,1.2817674,0.00048776902
2304,1.2817179,0.00048900023
2304,1.2816678,0.00049026497
2305,1.2816176,0.00049220212
2305,1.2815675,0.00049351715
2306,1.2815174,0.00049552135
2306,1.2814671,0.00049685873
2307,1.2814168,0.00049820356
2307,1.2813663,0.00050023384
2308,1.2813159,0.0005015973
2308,1.2812653,0.00050366297
2309,1.2812147,0.00050505251
2309,1.2811639,0.00050645322
2310,1.2811129,0.00050857104
2310,1.2810618,0.00050999597
2311,1.2810108,0.00051214918
2311,1.2809597,0.00051359646
2312,1.2809085,0.00051578693
2312,1.2808572,0.00051726028
2313,1.2808057,0.00051874295
2313,1.280754,0.00052098557
2314,1.2807024,0.00052249059
2314,1.2806507,0.00052475557
2315,1.2805988,0.00052626804
2315,1.280547,0.00052778423
2316,1.2804949,0.00053006597
2317,1.2804429,0.0005315952
2317,1.2803908,0.00053391233
2318,1.2803388,0.00053546764
2318,1.2802861,0.00053703226
2319,1.2802334,0.00053939596
2319,1.2801806,0.00054097921
2320,1.2801279,0.00054337084
2320,1.2800751,0.00054497458
2321,1.2800223,0.00054739602
2321,1.2799692,0.00054901838
2322,1.2799161,0.00055065192
2322,1.2798628,0.00055311434
2323,1.2798095,0.00055476651
2323,1.2797562,0.00055726431
2324,1.2797028,0.00055893883
2324,1.2796492,0.0005606208
2325,1.2795954,0.00056315213
2325,1.2795416,0.0005648341
2326,1.2794878,0.00056734495
2326,1.2794338,0.00056901574
2327,1.2793795,0.00057068653
2327,1.2793252,0.00057319738
2328,1.2792707,0.00057488494
2328,1.2792162,0.00057742745
2329,1.2791616,0.00057912804
2330,1.2791069,0.00058083609
2330,1.279052,0.00058340468
2331,1.2789971,0.00058512203
2331,1.278942,0.00058770739
2332,1.2788869,0.00058943592
2332,1.2788317,0.0005920399
2333,1.2787766,0.00059378147
2333,1.2787207,0.00059552863
2334,1.2786648,0.00059815682
2334,1.2786087,0.0005998686
2335,1.2785527,0.00060245767
2335,1.2784962,0.00060422532
2336,1.2784396,0.00060605258
2336,1.2783828,0.00060909241
2337,1.278326,0.00061131641
2337,1.2782692,0.00061486661
2338,1.2782125,0.00061735697
2338,1.2781555,0.0006198585
2339,1.2780984,0.00062359124
2340,1.2780413,0.0006261114
2340,1.2779842,0.00062993914
2341,1.2779272,0.00063254312
2341,1.2778703,0.0006365478
2342,1.2778131,0.00063926727
2342,1.2777556,0.00064202771
2343,1.2776981,0.00064624287
2343,1.2776406,0.00064910389
2344,1.2775832,0.00065346807
2344,1.2775259,0.00065642782
2345,1.2774685,0.00065942854
2345,1.2774113,0.00066418201
2346,1.2773542,0.00066737086
2346,1.2772979,0.00067205913
2347,1.2772416,0.00067502819
2347,1.2771847,0.00067746267
2348,1.2771278,0.0006806124
2349,1.2770706,0.00068241172
2349,1.2770133,0.00068477169
2350,1.2769556,0.00068650208
2350,1.2768977,0.00068906322
2351,1.2768396,0.00069075264
2351,1.2767814,0.0006924253
2352,1.276723,0.00069479458
2352,1.2766646,0.00069628656
2353,1.2766059,0.00069842674
2353,1.2765471,0.00069979019
2354,1.276488,0.0007011015
2354,1.2764285,0.00070297346
2355,1.276369,0.0007041581
2355,1.2763092,0.00070583634
2356,1.2762491,0.00070683658
2357,1.2761885,0.00070772506
2357,1.2761276,0.00070903637
2358,1.2760661,0.00070996583
2358,1.2760043,0.0007117521
2359,1.2759421,0.00071342103
2359,1.2758799,0.00071533024
2360,1.2758177,0.00071858242
2360,1.2757556,0.00072094053
2361,1.2756936,0.00072418898
2361,1.2756316,0.00072636455
2362,1.2755695,0.0007296335
2362,1.2755075,0.0007318221
2363,1.2754446,0.00073410943
2364,1.2753817,0.00073760934
2364,1.2753188,0.00073998794
2365,1.2752559,0.00074362382
2365,1.2751928,0.00074609369
2366,1.2751297,0.00074860267
2366,1.2750664,0.00075243227
2367,1.2750031,0.00075503066
2367,1.2749399,0.00075903349
2368,1.2748766,0.00076175667
2368,1.2748131,0.00076450035
2369,1.2747494,0.0007686168
2369,1.2746857,0.00077128969
2370,1.274622,0.00077513047
2371,1.2745583,0.00077763014
2371,1.2744945,0.00078130886
2372,1.2744304,0.00078378245
2372,1.2743657,0.00078630634
2373,1.2743011,0.00079012662
2373,1.2742363,0.00079269707
2374,1.2741715,0.0007965751
2374,1.2741066,0.00079916045
2375,1.2740416,0.00080175512
2375,1.2739764,0.00080566667
2376,1.2739111,0.00080828741
2377,1.2738459,0.00081223249
2377,1.2737807,0.00081487559
2378,1.2737145,0.00081752986
2378,1.2736483,0.00082152709
2379,1.2735821,0.00082420558
2379,1.2735159,0.00082824193
2380,1.2734494,0.00083094276
2380,1.2733829,0.00083365105
2381,1.2733162,0.00083771721
2381,1.2732494,0.00084043108
2382,1.2731825,0.00084451213
2383,1.2731155,0.00084723905
2383,1.2730484,0.00085134618
2384,1.2729813,0.00085409917
2384,1.2729137,0.00085685775
2385,1.2728459,0.00086101517
2385,1.272778,0.0008637961
2386,1.2727103,0.0008679796
2386,1.2726422,0.00087078102
2387,1.2725736,0.00087358803
2387,1.2725049,0.00087781623
2388,1.2724362,0.00088064373
2389,1.2723675,0.00088489987
2389,1.2722985,0.00088774785
2390,1.2722295,0.00089060515
2390,1.2721601,0.0008948911
2391,1.2720906,0.00089776143
2391,1.272021,0.00090209208
2392,1.2719514,0.00090500526
2392,1.2718818,0.00090945512
2393,1.2718121,0.0009124577
2394,1.2717414,0.00091548823
2394,1.2716707,0.00092007779
2395,1.2716,0.00092314184
2395,1.2715293,0.0009277612
2396,1.2714583,0.00093085505
2396,1.2713872,0.00093396008
2397,1.2713159,0.00093865022
2397,1.2712446,0.00094179623
2398,1.2711732,0.00094654039
2399,1.2711018,0.00094972178
2399,1.2710299,0.00095291808
2400,1.2709576,0.00095774047
2400,1.2708853,0.00096097402
2401,1.2708129,0.00096585043
2401,1.2707406,0.00096912123
2402,1.2706683,0.00097405724
2402,1.2705956,0.00097736157
2403,1.2705223,0.00098067895
2404,1.270449,0.00098566152
2404,1.2703756,0.00098898262
2405,1.2703021,0.00099397078
2405,1.2702285,0.00099730305
2406,1.2701548,0.0010006409
2406,1.2700808,0.001005685
2407,1.2700067,0.0010090619
2407,1.2699328,0.0010141507
2408,1.2698588,0.0010175593
2409,1.2697835,0.0010209773
2409,1.2697082,0.0010261238
2410,1.269633,0.0010295697
2410,1.2695578,0.001034759
2411,1.2694822,0.0010382328
2411,1.2694065,0.0010417178
2412,1.2693306,0.0010469649
2412,1.2692547,0.0010504778
2413,1.2691785,0.0010557547
2414,1.2691021,0.0010592826
2414,1.2690257,0.0010646097
2415,1.2689492,0.0010681953
2415,1.2688721,0.0010718368
2416,1.2687947,0.0010774173
2416,1.2687173,0.0010811947
2417,1.26864,0.001086941
2418,1.2685624,0.0010907948
2418,1.2684841,0.0010946561
2419,1.2684058,0.0011004806
2419,1.2683275,0.0011043865
2420,1.2682491,0.0011102874
2420,1.2681705,0.001114253
2421,1.2680918,0.0011182427
2421,1.2680127,0.0011242665
2422,1.2679336,0.0011283103
2423,1.2678545,0.0011344198
2423,1.2677753,0.0011385195
2424,1.2676962,0.0011447128
2424,1.2676171,0.0011488702
2425,1.2675366,0.0011530798
2425,1.267456,0.0011594258
2426,1.2673758,0.0011636633
2427,1.2672956,0.0011699907
2427,1.267215,0.0011740867
2428,1.2671343,0.0011781286
2428,1.2670534,0.001184104
2429,1.2669724,0.0011880435
2429,1.2668912,0.0011939891
2430,1.2668099,0.0011979807
2431,1.266728,0.0012019817
2431,1.2666456,0.0012079962
2432,1.2665634,0.0012120046
2432,1.2664811,0.0012180042
2433,1.2663984,0.0012220033
2433,1.266315,0.0012260042
2434,1.2662315,0.0012320038
2435,1.2661479,0.0012360029
2435,1.2660642,0.0012420025
2436,1.2659801,0.0012459997
2436,1.2658959,0.0012519676
2437,1.2658113,0.0012559053
2437,1.2657266,0.0012598578
2438,1.2656411,0.0012658779
2439,1.2655556,0.0012699999
2439,1.26547,0.0012766961
2440,1.2653845,0.001281362
2440,1.2652975,0.0012861732
2441,1.2652104,0.0012936052
2441,1.2651236,0.001298504
2442,1.265037,0.0013059098
2443,1.2649498,0.0013108831
2443,1.2648626,0.0013158862
2444,1.2647751,0.0013235025
2444,1.2646876,0.0013286546
2445,1.2645998,0.0013364721
2445,1.264512,0.0013417453
2446,1.2644241,0.0013497435
2447,1.2643362,0.0013551358
2447,1.2642477,0.0013605747
2448,1.2641587,0.0013688244
2448,1.2640698,0.0013743844
2449,1.2639811,0.0013828147
2450,1.2638919,0.0013884958
2450,1.2638018,0.0013942234
2451,1.2637118,0.0014029052
2451,1.2636218,0.0014087539
2452,1.2635317,0.0014176145
2452,1.2634414,0.0014235824
2453,1.2633511,0.0014295988
2454,1.2632603,0.0014387127
2454,1.2631696,0.0014448483
2455,1.2630788,0.0014541429
2455,1.262988,0.0014603976
2456,1.2628976,0.0014698729
2456,1.2628071,0.0014762487
2457,1.2627147,0.001482673
2458,1.2626222,0.0014923979
2458,1.2625301,0.0014989432
2459,1.2624381,0.0015088487
2459,1.2623458,0.0015155133
2460,1.2622533,0.0015222244
2461,1.2621609,0.0015324671
2461,1.2620686,0.0015393756
2462,1.2619766,0.001549745
2462,1.2618848,0.0015566032
2463,1.2617924,0.0015632492
2463,1.2616994,0.0015727486
2464,1.2616066,0.0015788823
2465,1.2615138,0.0015878491
2465,1.2614204,0.0015938282
2466,1.2613259,0.0015998948
2466,1.2612315,0.0016090106
2467,1.261137,0.0016151015
2468,1.2610424,0.0016242135
2468,1.2609476,0.0016302392
2469,1.2608527,0.0016392469
2469,1.2607575,0.0016452335
2470,1.2606623,0.0016512033
2471,1.2605665,0.0016601253
2471,1.2604708,0.0016660541
2472,1.2603753,0.0016749147
2472,1.2602798,0.0016808026
2473,1.2601821,0.0016866326
2473,1.2600843,0.0016953591
2474,1.2599866,0.0017011873
2475,1.2598888,0.0017100032
2475,1.2597905,0.0017160773
2476,1.259692,0.0017222427
2476,1.2595934,0.0017316528
2477,1.2594948,0.00173801
2478,1.259396,0.0017475169
2478,1.2592972,0.0017538331
2479,1.2591984,0.001763314
2479,1.2590996,0.0017696396
2480,1.259,0.0017759874
2481,1.2588999,0.0017855577
2481,1.2588,0.0017919578
2482,1.2587003,0.0018015876
2482,1.2586001,0.0018080268
2483,1.258499,0.0018144846
2484,1.258398,0.0018242002
2484,1.258297,0.0018306971
2485,1.2581961,0.0018405132
2485,1.2580952,0.001847133
2486,1.2579943,0.0018537473
2487,1.2578933,0.0018635783
2487,1.2577924,0.0018700082
2488,1.2576917,0.0018789954
2488,1.2575911,0.001884738
2489,1.2574903,0.0018930286
2490,1.2573896,0.0018983912
2490,1.2572871,0.0019038785
2491,1.2571845,0.001912063
2491,1.2570831,0.0019174907
2492,1.256982,0.0019255877
2493,1.2568804,0.0019282866
2493,1.2567787,0.0019309837
2494,1.2566752,0.0019336827
2494,1.256571,0.0019363817
2495,1.2564659,0.0019390807
2496,1.2563603,0.0019417778
2496,1.2562541,0.0019444767
2497,1.2561475,0.0019471757
2497,1.2560404,0.0019498728
2498,1.2559327,0.0019516908
2499,1.2558241,0.0019535087
2499,1.2557143,0.0019553266
2500,1.2556042,0.0019583367
2500,1.2554938,0.0019613449
2501,1.2553831,0.0019643549
2502,1.2552719,0.0019673631
2502,1.2551606,0.0019703731
2503,1.2550485,0.0019733831
2503,1.2549364,0.0019763913
2504,1.2548235,0.0019794013
2505,1.2547106,0.0019824095
2505,1.2545969,0.0019854195
2506,1.2544831,0.0019884296
2506,1.2543685,0.0019914377
2507,1.2542539,0.0019944478
2508,1.2541385,0.001997456
2508,1.2540229,0.002000466
2509,1.2539067,0.002003476
2509,1.2537903,0.0020064842
2510,1.2536732,0.0020094942
2511,1.2535558,0.0020125043
2511,1.2534379,0.0020155124
2512,1.2533196,0.0020185225
2512,1.2532007,0.0020215306
2513,1.2530812,0.0020245407
2514,1.2529616,0.0020281095
2514,1.2528419,0.0020321831
2515,1.2527216,0.0020347741
2515,1.2526006,0.0020382162
2516,1.2524795,0.0020436794
2517,1.2523584,0.0020451155
2517,1.2522372,0.0020484552
2518,1.2521161,0.0020533074
2519,1.2519943,0.0020525772
2519,1.2518701,0.0020561945
2520,1.251746,0.002061259
2520,1.2516219,0.0020625852
2521,1.2514977,0.0020661987
2522,1.2513728,0.0020688213
2522,1.2512479,0.0020725038
2523,1.2511227,0.0020750202
2523,1.2509975,0.002076
2524,1.2508705,0.0020787753
2525,1.2507433,0.0020801071
2525,1.2506152,0.0020826589
2526,1.250487,0.0020880848
2527,1.2503591,0.0020896941
2527,1.2502313,0.0020897724
2528,1.2501014,0.0020920988
2528,1.2499705,0.0020900071
2529,1.2498393,0.0020946208
2530,1.2497079,0.002097778
2530,1.2495777,0.0020992104
2531,1.2494485,0.0021054782
2531,1.2493148,0.0020962041
2532,1.2491764,0.0020958297
2533,1.2490403,0.0021057185
2533,1.2489076,0.0021075122
2534,1.2487737,0.0021090712
2535,1.2486377,0.002108233
2535,1.2485015,0.0021101348
2536,1.248365,0.0021125246
2536,1.2482281,0.0021115039
2537,1.2480893,0.0021136198
2538,1.2479504,0.0021154433
2538,1.2478102,0.0021155961
2539,1.24767,0.002118066
2540,1.2475295,0.0021196511
2540,1.247389,0.0021206029
2541,1.2472473,0.0021223724
2541,1.2471056,0.0021231882
2542,1.2469628,0.002124656
2543,1.2468198,0.0021248721
2543,1.2466752,0.0021252744
2544,1.2465301,0.0021270812
2545,1.2463841,0.0021271072
2545,1.2462378,0.0021294747
2546,1.2460911,0.0021312609
2546,1.2459442,0.0021299254
2547,1.245796,0.0021318402
2548,1.245647,0.0021321215
2548,1.2454976,0.0021332595
2549,1.2453479,0.0021357965
2550,1.2451973,0.002134433
2550,1.2450455,0.0021360815
2551,1.244893,0.0021371599
2551,1.2447391,0.0021361709
2552,1.2445852,0.0021396652
2553,1.2444313,0.0021402948
2553,1.2442768,0.0021388028
2554,1.2441204,0.0021416172
2555,1.2439638,0.0021434259
2555,1.2438065,0.0021439083
2556,1.2436491,0.0021445826
2556,1.243489,0.0021448042
2557,1.2433289,0.0021462515
2558,1.2431693,0.0021493584
2558,1.2430096,0.0021499321
2559,1.2428462,0.0021492038
2560,1.2426824,0.0021516401
2560,1.2425189,0.0021542367
2561,1.2423553,0.0021574516
2561,1.2421906,0.0021589063
2562,1.2420256,0.0021593515
2563,1.2418598,0.002162518
2563,1.2416936,0.0021641571
2564,1.2415255,0.0021643452
2565,1.2413562,0.0021660868
2565,1.241187,0.0021692365
2566,1.2410179,0.0021720938
2567,1.2408468,0.0021717884
2567,1.2406736,0.0021720137
2568,1.2405,0.0021753646
2568,1.2403257,0.0021785479
2569,1.2401514,0.0021832697
2570,1.2399771,0.0021856297
2570,1.2398022,0.0021859985
2571,1.2396254,0.0021906141
2572,1.2394481,0.0021926984
2572,1.2392688,0.0021946225
2573,1.2390895,0.0021990687
2574,1.2389093,0.0022016335
2574,1.2387291,0.002204366
2575,1.2385463,0.0022071227
2575,1.2383636,0.0022100993
2576,1.2381789,0.002213845
2577,1.2379941,0.0022203624
2577,1.2378094,0.0022245236
2578,1.2376248,0.0022253431
2579,1.2374376,0.0022301711
2579,1.2372497,0.0022344459
2580,1.2370604,0.0022379309
2581,1.2368705,0.00224174
2581,1.2366789,0.0022458714
2582,1.2364866,0.0022507962
2583,1.236294,0.0022561867
2583,1.2361014,0.0022638571
2584,1.2359072,0.002267547
2584,1.2357115,0.0022705682
2585,1.2355149,0.0022776946
2586,1.2353171,0.0022820663
2586,1.2351193,0.002289189
2587,1.2349218,0.0022974964
2588,1.2347228,0.002299685
2588,1.2345206,0.0023056939
2589,1.2343184,0.0023145769
2590,1.234116,0.0023198761
2590,1.2339131,0.0023256317
2591,1.2337069,0.0023313574
2592,1.2335007,0.0023393724
2592,1.2332931,0.0023467913
2593,1.2330856,0.0023522731
2594,1.2328787,0.0023647174
2594,1.2326719,0.0023715887
2595,1.2324594,0.0023746192
2595,1.2322464,0.0023865886
2596,1.2320331,0.0023933034
2597,1.2318198,0.002398774
2597,1.2316048,0.0024101157
2598,1.2313893,0.0024176706
2599,1.2311726,0.0024271104
2599,1.2309555,0.0024385117
2600,1.2307364,0.0024450216
2601,1.2305162,0.0024542157
2601,1.2302953,0.0024651662
2602,1.2300738,0.0024735257
2603,1.2298505,0.0024816692
2603,1.2296251,0.0024925582
2604,1.2293993,0.0025040954
2605,1.229173,0.0025146082
2605,1.2289459,0.0025271215
2606,1.2287174,0.0025359001
2607,1.2284884,0.0025460273
2607,1.2282577,0.0025588628
2608,1.2280262,0.0025681201
2609,1.227791,0.0025786459
2609,1.2275557,0.0025913306
2610,1.2273196,0.0026048254
2611,1.2270835,0.0026179105
2611,1.2268447,0.0026304312
2612,1.226606,0.0026439279
2612,1.2263669,0.0026591457
2613,1.2261277,0.0026714634
2614,1.2258846,0.0026835538
2614,1.225641,0.0026956946
2615,1.225395,0.0027091671
2616,1.2251485,0.0027285013
2616,1.2249017,0.002742406
2617,1.2246549,0.0027540382
2618,1.224405,0.0027693287
2618,1.2241536,0.0027826279
2619,1.2239017,0.0027987137
2620,1.2236497,0.0028184503
2620,1.2233949,0.0028298311
2621,1.2231376,0.0028436352
2622,1.22288,0.0028638169
2622,1.2226221,0.0028791241
2623,1.2223629,0.0028970931
2624,1.2221013,0.0029119961
2624,1.2218395,0.0029305965
2625,1.2215773,0.0029507671
2626,1.2213143,0.0029654689
2626,1.2210483,0.002985144
2627,1.2207823,0.0030041952
2628,1.2205161,0.0030235182
2628,1.2202495,0.0030391645
2629,1.2199777,0.0030567739
2630,1.2197059,0.0030803923
2630,1.219437,0.0030990057
2631,1.2191681,0.0031185001
2632,1.2188959,0.003132539
2632,1.2186234,0.0031441763
2633,1.2183467,0.0031597452
2634,1.2180693,0.0031739273
2634,1.2177874,0.0031841553
2635,1.2175043,0.003200307
2636,1.2172191,0.0032139309
2636,1.216933,0.0032231107
2637,1.2166435,0.0032368545
2638,1.216352,0.0032511215
2638,1.2160587,0.0032638182
2639,1.215764,0.0032787863
2640,1.2154669,0.0032910726
2640,1.2151669,0.0033027792
2641,1.2148662,0.0033190871
2642,1.2145641,0.0033322293
2642,1.2142603,0.0033447854
2643,1.2139527,0.0033562672
2644,1.2136438,0.0033664866
2644,1.2133304,0.0033809915
2645,1.2130168,0.003396385
2646,1.2127023,0.0034094157
2646,1.2123869,0.0034186109
2647,1.2120634,0.0034285167
2648,1.2117397,0.0034419201
2649,1.2114134,0.0034544236
2649,1.211087,0.0034661851
2650,1.2107541,0.003476099
2651,1.2104208,0.0034853782
2651,1.2100831,0.0034993128
2652,1.2097449,0.0035120502
2653,1.2094017,0.0035217199
2653,1.2090573,0.0035349665
2654,1.2087089,0.0035458674
2655,1.2083589,0.0035562782
2655,1.2080057,0.0035693504
2656,1.2076509,0.00357953
2657,1.2072896,0.0035863974
2657,1.2069238,0.0035956588
2658,1.2065556,0.0036107978
2659,1.2061849,0.0036201928
2659,1.205811,0.0036306035
2660,1.2054326,0.0036448372
2661,1.2050514,0.0036570876
2661,1.2046648,0.0036656822
2662,1.2042756,0.0036757363
2663,1.2038794,0.0036911152
2663,1.2034818,0.0037044809
2664,1.2030788,0.0037209748
2665,1.2026749,0.0037373821
2666,1.2022644,0.0037520989
2666,1.2018533,0.0037695626
2667,1.2014317,0.0037817144
2668,1.2010102,0.0037982181
2668,1.2005752,0.0038138425
2669,1.20014,0.0038385391
2670,1.199705,0.003867706
2670,1.19927,0.0038850363
2671,1.1988227,0.0039068211
2672,1.1983731,0.0039313846
2672,1.1979126,0.0039507279
2673,1.1974489,0.0039779763
2674,1.1969761,0.0040035349
2674,1.1964994,0.0040414765
2675,1.1960206,0.0040823881
2676,1.1955405,0.0041179051
2677,1.1950552,0.0041587607
2677,1.1945655,0.0041989352
2678,1.1940666,0.0042339811
2679,1.1935571,0.0042735835
2679,1.1930431,0.0043169377
2680,1.1925221,0.0043808216
2681,1.1919999,0.0044420593
2681,1.1914747,0.0045004827
2682,1.190947,0.0045627085
2683,1.1904111,0.0046278267
2683,1.1898718,0.0046922545
2684,1.1893162,0.0047559914
2685,1.1887594,0.004820769
2686,1.1881914,0.0049136989
2686,1.1876234,0.0050067026
2687,1.187054,0.0050997796
2688,1.1864846,0.0051929299
2688,1.1859022,0.0052861532
2689,1.1853191,0.0053794501
2690,1.1847096,0.0054728201
2690,1.1840964,0.0055687658
2691,1.1834739,0.0057023722
2692,1.1828491,0.0058472319
2693,1.1822315,0.005996463
2693,1.1816165,0.0061450161
2694,1.1809945,0.0062906072
2695,1.1803689,0.0064372832
2695,1.1797249,0.0065842483
2696,1.1790675,0.0067322308
2697,1.1784129,0.0069280302
2697,1.177761,0.007125647
2698,1.17711,0.0073224639
2699,1.1764603,0.0075165395
2700,1.1758037,0.0077094852
2700,1.1751349,0.0079011295
2701,1.1744485,0.0080907036
2702,1.1737176,0.00828129
2702,1.1729947,0.0085673035
2703,1.1723021,0.0088533169
2704,1.1716111,0.0091393304
2704,1.1709311,0.0094253439
2705,1.1702505,0.0097113573
2706,1.1695622,0.0099973708
2707,1.1688738,0.010283384
2707,1.1681496,0.010573833
2708,1.1674249,0.010927291
2709,1.1667349,0.011280748
2709,1.1660483,0.011634206
2710,1.165366,0.011987664
2711,1.1646846,0.012341121
2712,1.1639932,0.012694579
2712,1.1632988,0.013048037
2713,1.162588,0.013405741
2714,1.1618699,0.013827171
2714,1.1611736,0.014248601
2715,1.160491,0.014670031
2716,1.1598116,0.015091461
2717,1.1591348,0.015512891
2717,1.1584514,0.015934321
2718,1.1577604,0.016355751
2719,1.1570661,0.016781265
2719,1.1563664,0.01726602
2720,1.1556765,0.017750775
2721,1.1550079,0.01823553
2722,1.1543407,0.018720285
2722,1.153678,0.019205039
2723,1.1530131,0.019689794
2724,1.1523365,0.020174549
2724,1.1516602,0.020662519
2725,1.1509874,0.02120269
2726,1.150315,0.021742861
2727,1.1496674,0.022283032
2727,1.1490197,0.022823203
2728,1.1483773,0.023363373
2729,1.1477352,0.023903544
2729,1.1470816,0.024443715
2730,1.1464262,0.024986598
2731,1.1457808,0.025574105
2732,1.1451381,0.026161613
2732,1.1445097,0.026749121
2733,1.1438867,0.027336629
2734,1.1432673,0.027924136
2734,1.1426497,0.028511644
2735,1.1420271,0.029099152
2736,1.1414007,0.029688523
2737,1.1407805,0.030305891
2737,1.1401666,0.030923258
2738,1.1395558,0.031540626
2739,1.1389493,0.032157994
2740,1.1383404,0.032773623
2740,1.1377274,0.033396578
2741,1.1371124,0.034026395
2742,1.1364923,0.034663902
2742,1.1358761,0.035327237
2743,1.1352749,0.035994788
2744,1.1346754,0.036665943
2745,1.1340872,0.037340005
2745,1.1334994,0.03801651
2746,1.1329188,0.038695201
2747,1.1323382,0.039375599
2747,1.1317586,0.040058294
2748,1.131179,0.040754715
2749,1.1306124,0.041451494
2750,1.1300471,0.042148572
2750,1.1294858,0.042845692
2751,1.1289254,0.043543114
2752,1.1283639,0.044240747
2753,1.127802,0.044938432
2753,1.1272359,0.045637684
2754,1.126668,0.046355354
2755,1.1261054,0.047073146
2756,1.1255463,0.047791374
2756,1.1249862,0.048510794
2757,1.1244254,0.049231437
2758,1.1238607,0.049954015
2758,1.1232915,0.050679207
2759,1.1227199,0.051408368
2760,1.1221443,0.052157538
2761,1.1215698,0.052908973
2761,1.1209974,0.0536635
2762,1.1204235,0.054421422
2763,1.1198448,0.055184077
2764,1.119264,0.055952362
2764,1.1186731,0.056727086
2765,1.1180818,0.057511184
2766,1.1174865,0.058317585
2767,1.1168912,0.059131856
2767,1.1162972,0.059955312
2768,1.1157032,0.060789531
2769,1.1151097,0.0616353
2770,1.1145163,0.062491698
2770,1.1139228,0.06336079
2771,1.1133293,0.064243282
2772,1.1127441,0.06514613
2772,1.112161,0.06606058
2773,1.1115883,0.066986802
2774,1.1110196,0.06792527
2775,1.1104624,0.068876002
2775,1.1099116,0.069839348
2776,1.1093822,0.070815895
2777,1.1088688,0.071806234
2778,1.1083573,0.072761632
2778,1.1078478,0.073725869
2779,1.1073385,0.074698497
2780,1.1068296,0.075678553
2781,1.1063226,0.076666037
2781,1.1058194,0.077661288
2782,1.1053181,0.078664591
2783,1.104822,0.079675591
2784,1.1043274,0.080694714
2784,1.1038388,0.081721657
2785,1.1033513,0.082757725
2786,1.1028717,0.083802149
2787,1.1023925,0.084855018
2787,1.1019231,0.085917065
2788,1.1014537,0.086986575
2789,1.1009952,0.088065553
2790,1.100537,0.089152098
2790,1.1000893,0.090246981
2791,1.0996428,0.091349346
2792,1.0992059,0.092459977
2793,1.0987709,0.093578964
2793,1.0983449,0.094705541
2794,1.0979219,0.095840276
2795,1.0975072,0.096983368
2796,1.0970965,0.098134816
2796,1.0966935,0.099293996
2797,1.0962955,0.10046178
2798,1.0959046,0.10163775
2799,1.0955198,0.10282165
2799,1.0951412,0.10401392
2800,1.0947698,0.10521454
2801,1.0944035,0.10642352
2802,1.0940455,0.10764122
2802,1.0936921,0.10886822
2803,1.0933491,0.11010449
2804,1.0930098,0.11134979
2805,1.0926827,0.1126039
2805,1.0923586,0.11386803
2806,1.0920496,0.11514129
2807,1.0917423,0.11642314
2808,1.0914532,0.11771495
2809,1.0911643,0.11901424
2809,1.090895,0.12032189
2810,1.0906257,0.12163807
2811,1.0903771,0.12296275
2812,1.0901297,0.12429487
2812,1.0899015,0.12563443
2813,1.0896761,0.12698225
2814,1.0894692,0.12833682
2815,1.0892672,0.12969789
2815,1.0890816,0.13106619
2816,1.0889026,0.13244123
2817,1.088739,0.13382276
2818,1.0885839,0.13521017
2818,1.0884424,0.13660374
2819,1.0883111,0.13800326
2820,1.0881917,0.13940835
2821,1.0880845,0.14081948
2822,1.0879876,0.14223623
2822,1.087905,0.14365803
2823,1.087831,0.1450854
2824,1.0877732,0.14651801
2825,1.0877224,0.14795556
2825,1.0876901,0.14939868
2826,1.0876631,0.15084668
2827,1.0876569,0.15229805
2828,1.087654,0.15375467
2828,1.087674,0.15521501
2829,1.0876954,0.15667914
2830,1.087742,0.15814782
2831,1.0877886,0.1596193
2832,1.087861,0.16109458
2832,1.087934,0.16257269
2833,1.0880306,0.16405448
2834,1.0881299,0.16553913
2835,1.0882514,0.16702739
2835,1.0883776,0.16851857
2836,1.088524,0.17001176
2837,1.088677,0.17150828
2838,1.0888484,0.17300712
2839,1.0890286,0.17450847
2839,1.0892255,0.17601261
2840,1.0894335,0.17751895
2841,1.0896561,0.17902714
2842,1.0898919,0.1805372
2842,1.0901407,0.18204959
2843,1.090405,0.18356388
2844,1.0906806,0.1850795
2845,1.0909742,0.18659661
2846,1.0912769,0.18811465
2846,1.0916,0.18963362
2847,1.0919302,0.19115351
2848,1.0922838,0.19267388
2849,1.0926422,0.19419351
2849,1.0930255,0.19571314
2850,1.0934114,0.19723266
2851,1.0938251,0.19875124
2852,1.094239,0.20026889
2853,1.094683,0.20178561
2853,1.095127,0.20330042
2854,1.0955986,0.20481335
2855,1.096072,0.20632532
2856,1.0965716,0.20783463
2857,1.0970753,0.20934199
2857,1.0976023,0.21084589
2858,1.0981355,0.21234761
2859,1.0986899,0.21384601
2860,1.0992528,0.21534139
2860,1.0998343,0.21683268
2861,1.1004262,0.21831994
2862,1.1010343,0.21980349
2863,1.1016548,0.22128277
2864,1.1022892,0.22275742
2864,1.102938,0.22422694
2865,1.1035982,0.22569134
2866,1.1042744,0.22715068
2867,1.1049596,0.22860409
2868,1.1056621,0.23005167
2868,1.1063715,0.23149371
2869,1.1070995,0.23292884
2870,1.107832,0.23435796
2871,1.1085833,0.23578002
2872,1.1093374,0.23719652
2872,1.1101119,0.2386072
2873,1.1108873,0.24001063
2874,1.1116833,0.24140843
2875,1.1124793,0.24279975
2876,1.1132955,0.24418536
2876,1.1141123,0.24556532
2877,1.1149477,0.24693881
2878,1.1157851,0.24830667
2879,1.1166388,0.24966812
2880,1.117496,0.25102467
2880,1.118368,0.25237505
2881,1.119245,0.25372039
2882,1.120135,0.2550597
2883,1.1210313,0.25639382
2884,1.1219398,0.2577233
2884,1.1228562,0.25904697
2885,1.1237828,0.26036469
2886,1.1247184,0.26167735
2887,1.1256632,0.26298537
2888,1.1266192,0.26428787
2888,1.1275824,0.26558427
2889,1.1285578,0.26687547
2890,1.1295391,0.26816136
2891,1.1305337,0.26944134
2892,1.131533,0.27071669
2892,1.1325475,0.27198716
2893,1.1335652,0.27325206
2894,1.1345996,0.2745114
2895,1.1356358,0.2757654
2896,1.1366909,0.27701544
2896,1.1377462,0.27825907
2897,1.1388224,0.27949805
2898,1.1398985,0.2807313
2899,1.1409947,0.28195892
2900,1.1420923,0.28318098
2900,1.1432085,0.28439659
2901,1.1443278,0.28560737
2902,1.1454646,0.28681112
2903,1.1466063,0.2880082
2904,1.1477639,0.2891995
2905,1.148928,0.29038386
2905,1.1501063,0.29156079
2906,1.1512927,0.29273091
2907,1.1524916,0.29389337
2908,1.1537003,0.29504801
2909,1.1549196,0.29619523
2909,1.1561502,0.29733408
2910,1.1573895,0.29846451
2911,1.158641,0.29958671
2912,1.1598996,0.30070037
2913,1.1611716,0.30180626
2914,1.162449,0.3029035
2914,1.1637412,0.30399198
2915,1.1650374,0.3050728
2916,1.1663503,0.30614508
2917,1.1676656,0.30720823
2918,1.1689986,0.30826302
2918,1.1703325,0.30930946
2919,1.171687,0.31034745
2920,1.1730414,0.31137524
2921,1.1744152,0.31239443
2922,1.1757895,0.31340519
2923,1.1771827,0.3144058
2923,1.1785781,0.31539705
2924,1.1799908,0.31637902
2925,1.1814073,0.31735091
2926,1.1828403,0.31831334
2927,1.1842787,0.31926433
2927,1.1857314,0.32020461
2928,1.1871911,0.32113403
2929,1.1886634,0.3220517
2930,1.1901441,0.32295787
2931,1.1916356,0.32385182
2932,1.1931368,0.32473328
2932,1.1946467,0.32560219
2933,1.1961674,0.32645854
2934,1.1976951,0.32730202
2935,1.1992348,0.3281323
2936,1.2007802,0.32894985
2937,1.2023389,0.32975348
2937,1.2039017,0.33054292
2938,1.2054781,0.33131795
2939,1.2070573,0.33207943
2940,1.2086514,0.33282526
2941,1.2102467,0.33355613
2942,1.2118568,0.3342713
2942,1.213467,0.33497152
2943,1.2150925,0.33565504
2944,1.2167179,0.33632229
2945,1.2183553,0.3369727
2946,1.2199936,0.33760639
2947,1.2216414,0.33822251
2947,1.2232908,0.33882181
2948,1.2249479,0.33940361
2949,1.226607,0.33996701
2950,1.228271,0.34051257
2951,1.2299369,0.34103979
2952,1.231605,0.34154845
2953,1.2332744,0.34203977
2953,1.2349447,0.34251322
2954,1.2366156,0.34296918
2955,1.2382862,0.34340792
2956,1.2399564,0.3438295
2957,1.2416257,0.34423436
2958,1.2432935,0.34462291
2958,1.24496,0.34499531
2959,1.246624,0.34535165
2960,1.2482867,0.34569285
2961,1.2499459,0.34601852
2962,1.2516038,0.34632911
2963,1.2532565,0.34662447
2963,1.2549085,0.34690654
2964,1.2565546,0.34717386
2965,1.2582005,0.34742734
2966,1.2598394,0.34766777
2967,1.2614784,0.34789429
2968,1.2631093,0.34810835
2969,1.2647399,0.34830933
2969,1.2663628,0.34849731
2970,1.2679848,0.34867316
2971,1.2695989,0.34883611
2972,1.2712113,0.34898764
2973,1.2728161,0.34912728
2974,1.2744184,0.34925556
2975,1.2760138,0.34937339
2975,1.2776059,0.34948035
2976,1.2791918,0.34957679
2977,1.2807734,0.34966301
2978,1.2823496,0.34973956
2979,1.2839209,0.34980683
2980,1.285488,0.34986528
2981,1.2870501,0.34991451
2981,1.2886088,0.34995432
2982,1.2901617,0.34998541
2983,1.2917118,0.35000755
2984,1.2932557,0.35002103
2985,1.2947976,0.35002575
2986,1.2963328,0.35002259
2987,1.2978666,0.35001034
2987,1.299393,0.34998987
2988,1.3009187,0.34996176
2989,1.3024367,0.34992451
2990,1.3039546,0.34987979
2991,1.3054644,0.34982672
2992,1.3069743,0.34976501
2993,1.3084751,0.3496949
2993,1.3099753,0.34961734
2994,1.3114671,0.34953148
2995,1.3129576,0.34943727
2996,1.3144396,0.34933628
2997,1.3159193,0.3492288
2998,1.317392,0.34911409
2999,1.3188619,0.34899264
2999,1.3203252,0.3488647
3000,1.3217847,0.34873086
3001,1.3232391,0.34859145
3002,1.3246895,0.34844647
3003,1.3261357,0.34829592
3004,1.3275775,0.34813933
3005,1.3290159,0.34797754
3006,1.3304494,0.34781124
3006,1.3318803,0.34763938
3007,1.3333062,0.34746259
3008,1.3347304,0.3472815
3009,1.3361499,0.34709536
3010,1.3375683,0.34690506
3011,1.3389823,0.34670938
3012,1.3403958,0.34650905
3013,1.3418051,0.34630398
3013,1.3432143,0.3460934
3014,1.344619,0.34587814
3015,1.3460238,0.34565732
3016,1.3474242,0.34543169
3017,1.3488244,0.34520047
3018,1.3502207,0.34496458
3019,1.3516165,0.34472404
3020,1.3530095,0.34447804
3020,1.3544018,0.34422646
3021,1.355792,0.34397082
3022,1.3571813,0.34371004
3023,1.3585694,0.34344368
3024,1.3599569,0.34317175
3025,1.3613433,0.34289425
3026,1.362729,0.34261061
3027,1.3641137,0.342321
3028,1.3654976,0.34202533
3028,1.3668808,0.34172315
3029,1.3682631,0.34141447
3030,1.3696447,0.3410989
3031,1.3710249,0.3407759
3032,1.3724045,0.3404458
3033,1.3737822,0.34010891
3034,1.3751592,0.33976434
3035,1.3765338,0.33941163
3035,1.3779078,0.33905131
3036,1.379278,0.33868264
3037,1.3806477,0.33830572
3038,1.3820118,0.33792137
3039,1.3833759,0.33752956
3040,1.3847329,0.33712939
3041,1.3860899,0.33672152
3042,1.387439,0.33630714
3043,1.3887874,0.33588626
3044,1.3901287,0.33545802
3044,1.3914686,0.335024
3045,1.3928021,0.33458362
3046,1.3941337,0.3341375
3047,1.3954593,0.33368509
3048,1.3967824,0.33322685
3049,1.3981001,0.33276305
3050,1.3994145,0.33229429
3051,1.4007241,0.33181974
3052,1.4020298,0.33134029
3052,1.4033313,0.33085614
3053,1.4046282,0.33036687
3054,1.4059216,0.3298734
3055,1.4072098,0.32937621
3056,1.4084954,0.32887531
3057,1.4097759,0.32837069
3058,1.4110545,0.32786264
3059,1.412328,0.32735156
3060,1.4136003,0.32683698
3061,1.4148672,0.32631962
3061,1.4161335,0.32579961
3062,1.4173951,0.32527764
3063,1.4186565,0.32475302
3064,1.4199146,0.32422741
3065,1.4211727,0.32369901
3066,1.4224294,0.32316964
3067,1.4236859,0.32263749
3068,1.4249431,0.32210434
3069,1.4262004,0.32156855
3070,1.4274604,0.32103079
3071,1.428721,0.32048961
3071,1.4299846,0.31994471
3072,1.4312494,0.3193961
3073,1.4325178,0.31884378
3074,1.433788,0.31828645
3075,1.4350614,0.31772356
3076,1.436337,0.31715566
3077,1.4376157,0.31658205
3078,1.4388972,0.31600245
3079,1.4401817,0.31541681
3080,1.4414699,0.31482424
3081,1.4427606,0.31422424
3082,1.4440555,0.31361646
3082,1.4453523,0.31300064
3083,1.4466538,0.31237655
3084,1.4479567,0.31174273
3085,1.4492643,0.31110014
3086,1.4505727,0.31044733
3087,1.4518858,0.30978417
3088,1.4531992,0.30910997
3089,1.454517,0.30842548
3090,1.4558347,0.30772979
3091,1.4571562,0.30702108
3092,1.4584778,0.30630082
3093,1.4598009,0.30556663
3093,1.4611241,0.3048194
3094,1.4624473,0.30405918
3095,1.4637704,0.30328432
3096,1.4650911,0.30249539
3097,1.4664111,0.30169179
3098,1.4677269,0.30087404
3099,1.4690408,0.30004168
3100,1.470349,0.29919511
3101,1.4716538,0.29833522
3102,1.4729526,0.29746177
3103,1.4742467,0.29657545
3104,1.4755351,0.29567656
3105,1.4768173,0.29476514
3106,1.4780944,0.29384165
3106,1.4793638,0.29290609
3107,1.4806287,0.29195881
3108,1.4818844,0.29100071
3109,1.4831366,0.29003183
3110,1.4843785,0.28905162
3111,1.4856178,0.28806171
3112,1.4868453,0.287061
3113,1.4880714,0.28605115
3114,1.4892855,0.28503274
3115,1.4904992,0.28400432
3116,1.4917008,0.28296844
3117,1.4929023,0.28192417
3118,1.4940937,0.28087125
3119,1.4952845,0.27981183
3120,1.4964696,0.27874413
3120,1.4976539,0.27766978
3121,1.4988396,0.27658893
3122,1.5000257,0.27550159
3123,1.5012411,0.27440849
3124,1.5024669,0.27330982
3125,1.5036645,0.27208621
3126,1.5048477,0.27085704
3127,1.5059965,0.26962298
3128,1.507121,0.26838384
3129,1.5082286,0.26713933
3130,1.5093201,0.26588953
3131,1.510401,0.26463449
3132,1.5114682,0.26337347
3133,1.5125277,0.26210548
3134,1.5135738,0.26082891
3135,1.5146139,0.2595452
3136,1.5156392,0.25825323
3137,1.5166604,0.25695388
3137,1.5176666,0.25564577
3138,1.5186701,0.25432869
3139,1.5196577,0.25300377
3140,1.5206441,0.251669
3141,1.5216129,0.25032357
3142,1.5225818,0.24896742
3143,1.5235296,0.24760147
3144,1.5244773,0.24622476
3145,1.5254046,0.24483777
3146,1.5263301,0.24343989
3147,1.5272367,0.24203201
3148,1.5281398,0.24061279
3149,1.5290233,0.2391807
3150,1.5299008,0.2377382
3151,1.5307595,0.23628483
3152,1.5316099,0.23482118
3153,1.5324434,0.2333471
3154,1.5332666,0.23186252
3155,1.5340748,0.23036716
3156,1.5348705,0.2288603
3157,1.5356507,0.22733956
3158,1.5364137,0.22580815
3158,1.5371625,0.22426549
3159,1.53789,0.22271211
3160,1.5386053,0.22114866
3161,1.5392953,0.21957536
3162,1.5399756,0.21799261
3163,1.540627,0.21640099
3164,1.5412705,0.21479811
3165,1.5418781,0.21318807
3166,1.5424812,0.21157065
3167,1.5430444,0.20994727
3168,1.5436064,0.20831811
3169,1.544125,0.20668399
3170,1.5446436,0.20504501
3171,1.545118,0.20340187
3172,1.5455903,0.20175606
3173,1.5460222,0.2001079
3174,1.5464485,0.19845815
3175,1.5468378,0.19680695
3176,1.5472181,0.19515495
3177,1.5475641,0.19350288
3178,1.5478974,0.19185094
3179,1.5481993,0.19019969
3180,1.548485,0.1885595
3181,1.5487485,0.18692042
3182,1.5489961,0.18528282
3183,1.5492221,0.18364725
3184,1.5494272,0.18201374
3185,1.5496115,0.18038263
3186,1.5497688,0.17875456
3187,1.54991,0.17713109
3188,1.5500228,0.17553167
3189,1.5501271,0.17393692
3190,1.5502103,0.17234702
3191,1.5502858,0.17076254
3192,1.5503331,0.16918391
3193,1.5503748,0.1676111
3194,1.5503812,0.16604405
3194,1.5503856,0.16448378
3195,1.5503582,0.162948
3196,1.5503309,0.16141952
3197,1.5502791,0.1598977
3198,1.5502271,0.15838377
3199,1.5501494,0.1568781
3200,1.5500693,0.1553795
3201,1.5499633,0.1538889
3202,1.5498524,0.15240672
3203,1.5497221,0.15093978
3204,1.549586,0.14948084
3205,1.5494337,0.14802981
3206,1.5492741,0.146587
3207,1.5490993,0.14515243
3208,1.5489151,0.14372602
3209,1.548717,0.14230764
3210,1.5485072,0.14089787
3211,1.5482859,0.13949799
3212,1.5480516,0.13810686
3213,1.5478077,0.13672482
3214,1.5475493,0.13535207
3215,1.5472829,0.13398854
3216,1.547,0.13263469
3217,1.5467104,0.13129035
3218,1.5464006,0.12995602
3219,1.5460879,0.12864006
3220,1.5457616,0.12733413
3221,1.5454335,0.12603773
3222,1.5450885,0.12475106
3223,1.544743,0.12347398
3224,1.544377,0.12220715
3225,1.544011,0.12094997
3226,1.5436201,0.11970339
3227,1.5432279,0.11848562
3228,1.5428336,0.11727716
3229,1.5424391,0.11607779
3230,1.5420359,0.11488731
3231,1.5416306,0.11370512
3232,1.5412129,0.11253062
3233,1.5407906,0.11136417
3234,1.540355,0.11020659
3235,1.5399125,0.10908232
3236,1.5394723,0.10796577
3237,1.5390337,0.10685672
3238,1.5385917,0.10575476
3239,1.5381463,0.1046595
3240,1.5376944,0.10357076
3241,1.5372339,0.10248853
3242,1.5367692,0.10141401
3243,1.5362969,0.10037131
3244,1.5358261,0.09933433
3245,1.5353591,0.098303077
3247,1.5348908,0.097276786
3248,1.5344179,0.0962556
3249,1.5339427,0.095238644
3250,1.5334526,0.094226308
3251,1.5329621,0.093219923
3252,1.5324659,0.092247478
3253,1.5319696,0.091278707
3254,1.5314781,0.090313519
3255,1.5309867,0.089351843
3256,1.5304888,0.088393474
3257,1.5299903,0.087437982
3258,1.5294737,0.086485244
3259,1.5289535,0.085536948
3260,1.5284316,0.08462507
3261,1.5279091,0.08371609
3262,1.5273876,0.082809962
3263,1.5268666,0.081906793
3264,1.5263388,0.081006547
3265,1.5258069,0.080109288
3266,1.5252588,0.079214815
3267,1.5246972,0.078325721
3268,1.5241389,0.077483258
3269,1.5235844,0.076644114
3270,1.523031,0.075808132
3271,1.5224794,0.074975314
3272,1.5219244,0.074145606
3273,1.5213625,0.073318931
3274,1.5207924,0.072495112
3275,1.5201975,0.07167693
3276,1.5196059,0.070911155
3277,1.5190311,0.070148719
3278,1.5184565,0.069389359
3279,1.5178854,0.06863344
3280,1.5173141,0.067880382
3281,1.5167335,0.067130206
3282,1.516153,0.066382551
3284,1.5155432,0.065640439
3285,1.5149319,0.064953994
3286,1.5143475,0.064270369
3287,1.513767,0.063589729
3288,1.5131905,0.062911564
3289,1.5126151,0.062236096
3290,1.5120328,0.061562764
3291,1.511448,0.060891661
3292,1.5108522,0.060225271
3293,1.5102506,0.059613109
3294,1.5096668,0.059003128
3295,1.5090961,0.058395017
3296,1.5085292,0.057788422
3297,1.5079663,0.057183086
3298,1.5074,0.056578818
3299,1.5068293,0.055975369
3300,1.5062574,0.055374806
3301,1.5056832,0.054819344
3302,1.505116,0.054264482
3303,1.5045667,0.053709945
3304,1.5040186,0.053155506
3306,1.5034754,0.052601008
3307,1.5029309,0.052046233
3308,1.5023778,0.051491033
3309,1.5018249,0.050937541
3310,1.5012758,0.050423615
3311,1.5007266,0.049909149
3312,1.5001961,0.049394068
3313,1.4996659,0.048878214
3314,1.4991389,0.048361507
3315,1.4986122,0.047843881
3316,1.4980757,0.047325207
3317,1.4975374,0.046807405
3318,1.4970049,0.046322411
3319,1.4964743,0.045836525
3320,1.4959517,0.045349708
3321,1.4954326,0.044861886
3322,1.4949133,0.04437299
3324,1.4943936,0.04388299
3325,1.4938655,0.043391855
3326,1.49333,0.042901471
3327,1.4927987,0.042441501
3328,1.4922722,0.041980707
3329,1.4917469,0.041519095
3330,1.4912237,0.041056668
3331,1.4906957,0.040593438
3332,1.4901572,0.040129418
3333,1.4896168,0.039686772
3334,1.4890707,0.0392459
3335,1.4885282,0.038836642
3336,1.4880044,0.038427385
3337,1.4874814,0.038018127
3339,1.4869659,0.037608869
3340,1.4864505,0.037199611
3341,1.4859338,0.036790354
3342,1.4854172,0.036381096
3343,1.4848866,0.035973632
3344,1.4843553,0.035598215
3345,1.4838429,0.035222799
3346,1.4833334,0.034847382
3347,1.482828,0.034471966
3348,1.4823237,0.03409655
3349,1.4818163,0.033721133
3350,1.4813078,0.033345717
3351,1.4807935,0.032971919
3353,1.4802759,0.032630382
3354,1.4797698,0.032288846
3355,1.479272,0.03194731
3356,1.4787766,0.031605773
3357,1.4782836,0.031264237
3358,1.4777883,0.030922701
3359,1.4772898,0.030581164
3360,1.4767907,0.030241403
3361,1.4762903,0.029931458
3362,1.4757946,0.029621513
3363,1.4753112,0.029311567
3365,1.4748286,0.029001622
3366,1.4743497,0.028691677
3367,1.4738701,0.028381731
3368,1.4733856,0.028071786
3369,1.4729014,0.027763226
3370,1.4724207,0.027480437
3371,1.47194,0.027197648
3372,1.4714726,0.026914859
3373,1.4710055,0.02663207
3374,1.4705419,0.026349281
3375,1.4700787,0.026066492
3377,1.4696112,0.025783703
3378,1.4691428,0.025502046
3379,1.46868,0.025241509
3380,1.468219,0.024980973
3381,1.4677648,0.024720436
3382,1.4673138,0.0244599
3383,1.4668644,0.024199363
3384,1.4664162,0.023938827
3385,1.4659647,0.02367829
3386,1.4655106,0.023418896
3388,1.4650611,0.023178746
3389,1.464617,0.022938597
3390,1.4641761,0.022698447
3391,1.4637399,0.022458297
3392,1.4633045,0.022218148
3393,1.4628707,0.021977998
3394,1.4624355,0.021737848
3395,1.4619958,0.021498543
3396,1.4615582,0.021275711
3398,1.4611302,0.021052879
3399,1.4607027,0.020830046
3400,1.4602804,0.020607214
3401,1.4598581,0.020384381
3402,1.4594369,0.020161549
3403,1.4590157,0.019938717
3404,1.4585897,0.019716638
3405,1.4581633,0.019509672
3407,1.4577473,0.019302706
3408,1.4573328,0.01909574
3409,1.4569216,0.018888774
3410,1.4565112,0.018681808
3411,1.4561006,0.018474843
3412,1.4556899,0.018267877
3413,1.4552777,0.018061693
3414,1.4548645,0.017869647
3415,1.454457,0.017677601
3417,1.4540537,0.017485554
3418,1.4536519,0.017293508
3419,1.4532517,0.017101462
3420,1.4528506,0.016909416
3421,1.4524485,0.016717369
3422,1.4520462,0.016526191
3423,1.4516437,0.01634993
3425,1.4512437,0.016173669
3426,1.4508502,0.015997407
3427,1.4504573,0.015821146
3428,1.4500664,0.015644885
3429,1.449675,0.015468624
3430,1.4492807,0.015292363
3431,1.4488865,0.015117042
3432,1.4484947,0.014957727
3434,1.448103,0.014798412
3435,1.4477197,0.014639097
3436,1.4473366,0.014479782
3437,1.4469559,0.014320468
3438,1.4465754,0.014161153
3439,1.4461919,0.014001838
3440,1.4458079,0.013843387
3442,1.445428,0.013699975
3443,1.4450496,0.013556564
3444,1.4446763,0.013413152
3445,1.4443055,0.013269741
3446,1.4439363,0.01312633
3447,1.4435683,0.012982918
3448,1.4431989,0.012839507
3450,1.4428282,0.012696736
3451,1.4424607,0.01256569
3452,1.4420971,0.012434643
3453,1.4417357,0.012303596
3454,1.4413777,0.01217255
3455,1.4410204,0.012041503
3456,1.4406646,0.011910456
3458,1.440308,0.011779409
3459,1.4399491,0.011648908
3460,1.4395916,0.011529134
3461,1.4392411,0.011409359
3462,1.438891,0.011289584
3463,1.4385449,0.01116981
3465,1.4381989,0.011050035
3466,1.4378544,0.01093026
3467,1.43751,0.010810486
3468,1.4371633,0.010691252
3469,1.4368164,0.010581679
3470,1.436477,0.010472106
3472,1.4361387,0.010362532
3473,1.4358033,0.010252959
3474,1.4354686,0.010143386
3475,1.4351347,0.010033813
3476,1.434801,0.0099242401
3477,1.4344671,0.0098151016
3479,1.4341331,0.0097144594
3480,1.4338031,0.0096138172
3481,1.4334762,0.0095131749
3482,1.4331508,0.0094125327
3483,1.4328271,0.0093118905
3484,1.4325036,0.0092112482
3486,1.4321806,0.009110606
3487,1.431858,0.0090103195
3488,1.4315362,0.008916394
3489,1.4312158,0.0088224684
3490,1.430899,0.0087285429
3491,1.4305827,0.0086346174
3493,1.4302679,0.0085406919
3494,1.4299531,0.0084467664
3495,1.4296373,0.0083528408
3496,1.4293217,0.0082593482
3497,1.429008,0.0081742337
3498,1.4286944,0.0080891192
3500,1.4283858,0.0080040047
3501,1.4280774,0.0079188902
3502,1.4277708,0.0078337757
3503,1.4274644,0.0077486612
3504,1.427157,0.0076635467
3506,1.4268492,0.0075788275
3507,1.4265442,0.0075022952
3508,1.4262401,0.0074257629
3509,1.4259392,0.0073492306
3510,1.4256397,0.0072726984
3512,1.4253414,0.0071961661
3513,1.4250439,0.0071196338
3514,1.4247456,0.0070431015
3515,1.4244468,0.0069669665
3516,1.42415,0.0068980006
3517,1.4238558,0.0068290347
3519,1.423563,0.0067600688
3520,1.4232725,0.0066911028
3521,1.4229824,0.0066221369
3522,1.4226933,0.006553171
3523,1.4224037,0.006484205
3525,1.4221123,0.0064156893
3526,1.4218219,0.006355386
3527,1.4215371,0.0062950827
3528,1.4212526,0.0062347793
3529,1.4209716,0.006174476
3531,1.4206906,0.0061141727
3532,1.4204115,0.0060538693
3533,1.4201325,0.005993566
3534,1.4198532,0.0059335388
3535,1.4195739,0.0058784256
3537,1.4192991,0.0058233125
3538,1.4190251,0.0057681994
3539,1.4187531,0.0057130863
3540,1.4184817,0.0056579732
3541,1.4182111,0.0056028601
3543,1.4179408,0.005547747
3544,1.4176707,0.0054928743
3545,1.4174009,0.0054427424
3546,1.4171335,0.0053926105
3548,1.4168681,0.0053424786
3549,1.4166038,0.0052923467
3550,1.4163406,0.0052422147
3551,1.4160777,0.0051920828
3552,1.4158152,0.0051419509
3554,1.415553,0.0050920441
3555,1.4152915,0.0050468212
3556,1.4150311,0.0050015984
3557,1.4147736,0.0049563755
3559,1.4145164,0.0049111526
3560,1.4142608,0.0048659298
3561,1.4140052,0.0048207069
3562,1.4137497,0.004775484
3563,1.4134943,0.0047304951
3565,1.4132406,0.0046903303
3566,1.4129869,0.0046501655
3567,1.4127367,0.0046100007
3568,1.4124866,0.0045698359
3570,1.4122381,0.0045296711
3571,1.4119898,0.0044895063
3572,1.4117412,0.0044493415
3573,1.4114926,0.0044094304
3574,1.4112461,0.0043743616
3576,1.4110002,0.0043392929
3577,1.4107565,0.0043042241
3578,1.4105139,0.0042691554
3579,1.4102724,0.0042340866
3581,1.4100316,0.0041990179
3582,1.4097908,0.0041639491
3583,1.40955,0.0041290622
3584,1.4093105,0.004097728
3586,1.4090726,0.0040663937
3587,1.4088356,0.0040350594
3588,1.4086001,0.0040037251
3589,1.4083648,0.0039723908
3591,1.4081303,0.0039410565
3592,1.4078954,0.0039097222
3593,1.4076594,0.0038787026
3594,1.4074241,0.0038534855
3596,1.4071929,0.0038282683
3597,1.4069619,0.0038030512
3598,1.4067336,0.003777834
3599,1.4065053,0.0037526169
3601,1.4062786,0.0037273997
3602,1.4060519,0.0037021826
3603,1.4058253,0.0036771473
3604,1.4055988,0.0036555418
3606,1.4053757,0.0036339364
3607,1.4051531,0.0036123309
3608,1.4049323,0.0035907255
3609,1.4047119,0.00356912
3611,1.4044924,0.0035475145
3612,1.4042732,0.0035259091
3613,1.4040544,0.0035044716
3614,1.4038359,0.0034865295
3616,1.4036195,0.0034685874
3617,1.4034048,0.0034506454
3618,1.4031913,0.0034327033
3619,1.4029789,0.0034147613
3621,1.4027671,0.0033968192
3622,1.4025563,0.0033788772
3623,1.4023461,0.0033609958
3624,1.4021369,0.0033443665
3626,1.4019284,0.0033277372
3627,1.4017215,0.0033111079
3628,1.4015149,0.0032944787
3630,1.4013095,0.0032778494
3631,1.4011043,0.0032612201
3632,1.4008997,0.0032445908
3633,1.4006952,0.0032280921
3635,1.4004924,0.0032139825
3636,1.4002895,0.0031998729
3637,1.4000892,0.0031857632
3638,1.399889,0.0031716536
3640,1.3996905,0.003157544
3641,1.3994922,0.0031434343
3642,1.3992952,0.0031293247
3644,1.3990985,0.003115218
3645,1.398903,0.0031011714
3646,1.3987079,0.0030871249
3647,1.3985137,0.0030730783
3649,1.3983199,0.0030590317
3650,1.3981268,0.0030449851
3651,1.3979342,0.0030309385
3653,1.397742,0.0030168919
3654,1.3975501,0.0030029063
3655,1.3973589,0.0029901124
3656,1.3971686,0.0029773184
3658,1.3969789,0.0029645245
3659,1.3967901,0.0029517305
3660,1.3966017,0.0029389366
3662,1.3964141,0.0029261426
3663,1.3962265,0.0029133487
3664,1.3960394,0.0029006155
3665,1.3958526,0.0028890731
3667,1.3956673,0.0028775308
3668,1.3954822,0.0028659884
3669,1.3952983,0.002854446
3671,1.3951144,0.0028429036
3672,1.3949317,0.0028313612
3673,1.3947489,0.0028198189
3675,1.3945671,0.00280828
3676,1.3943853,0.0027968122
3677,1.3942043,0.0027853443
3678,1.3940235,0.0027738764
3680,1.3938431,0.0027624086
3681,1.3936629,0.0027509407
3682,1.3934826,0.0027394728
3684,1.3933024,0.002728005
3685,1.3931219,0.002716704
3686,1.3929414,0.0027089046
3688,1.3927626,0.0027011053
3689,1.392585,0.0026933059
3690,1.3924083,0.0026855065
3692,1.3922324,0.0026777072
3693,1.392057,0.0026699078
3694,1.3918824,0.0026621084
3695,1.3917082,0.0026543132
3697,1.3915347,0.0026465947
3698,1.3913615,0.0026388762
3699,1.391189,0.0026311577
3701,1.3910167,0.0026234392
3702,1.3908451,0.0026157207
3703,1.3906735,0.0026080022
3705,1.3905023,0.0026002836
3706,1.3903312,0.002592626
3707,1.3901608,0.0025861568
3709,1.3899905,0.0025796876
3710,1.3898214,0.0025732183
3711,1.3896524,0.0025667491
3713,1.3894841,0.0025602799
3714,1.3893159,0.0025538107
3715,1.3891479,0.0025473415
3717,1.38898,0.0025409344
3718,1.3888129,0.0025357879
3719,1.3886461,0.0025306414
3721,1.38848,0.0025254949
3722,1.3883143,0.0025203483
3723,1.3881491,0.0025152018
3725,1.3879842,0.0025100553
3726,1.3878194,0.0025049088
3727,1.3876547,0.0024998166
3729,1.3874905,0.0024958458
3730,1.3873269,0.002491875
3731,1.3871637,0.0024879042
3733,1.387001,0.0024839334
3734,1.3868385,0.0024799626
3735,1.3866763,0.0024759918
3737,1.386514,0.002472021
3738,1.3863512,0.0024681667
3739,1.3861887,0.0024666958
3741,1.386028,0.0024652248
3742,1.3858674,0.0024637539
3744,1.3857081,0.0024622829
3745,1.3855487,0.002460812
3746,1.3853903,0.002459341
3748,1.3852319,0.00245787
3749,1.3850742,0.0024564027
3750,1.3849165,0.0024550062
3752,1.3847594,0.0024536098
3753,1.3846023,0.0024522133
3754,1.3844456,0.0024508168
3756,1.384289,0.0024494203
3757,1.3841321,0.0024480239
3758,1.3839752,0.0024466274
3760,1.383818,0.002445394
3761,1.3836605,0.0024475996
3763,1.3835046,0.0024498052
3764,1.3833498,0.0024520108
3765,1.3831957,0.0024542165
3767,1.3830422,0.0024564221
3768,1.3828892,0.0024586277
3769,1.3827368,0.0024608334
3771,1.3825846,0.0024630455
3772,1.382433,0.002465399
3773,1.3822816,0.0024677525
3775,1.3821307,0.002470106
3776,1.3819799,0.0024724595
3778,1.3818295,0.002474813
3779,1.3816791,0.0024771665
3780,1.3815284,0.00247952
3782,1.3813778,0.0024819855
3783,1.381228,0.0024867636
3785,1.3810781,0.0024915417
3786,1.3809299,0.0024963198
3787,1.3807817,0.0025010979
3789,1.3806345,0.002505876
3790,1.3804874,0.0025106541
3791,1.3803409,0.0025154322
3793,1.3801945,0.0025202169
3794,1.3800487,0.0025251442
3796,1.3799031,0.0025300715
3797,1.3797579,0.0025349988
3798,1.3796129,0.0025399261
3800,1.3794682,0.0025448535
3801,1.3793236,0.0025497808
3803,1.379179,0.0025547081
3804,1.3790344,0.0025596921
3805,1.3788902,0.0025658671
3807,1.3787465,0.0025720422
3808,1.378603,0.0025782172
3810,1.37846,0.0025843923
3811,1.3783172,0.0025905674
3812,1.3781745,0.0025967424
3814,1.3780316,0.0026029175
3815,1.3778882,0.0026091984
3817,1.377745,0.0026178041
3818,1.3776035,0.0026264097
3819,1.377462,0.0026350154
3821,1.3773216,0.0026436211
3822,1.3771812,0.0026522267
3824,1.3770415,0.0026608324
3825,1.3769019,0.0026694381
3826,1.3767627,0.0026780504
3828,1.3766236,0.0026868006
3829,1.376485,0.0026955507
3831,1.3763464,0.0027043009
3832,1.3762081,0.0027130511
3833,1.3760698,0.0027218013
3835,1.3759314,0.0027305515
3836,1.3757929,0.0027393016
3838,1.3756542,0.0027481673
3839,1.3755153,0.0027594149
3841,1.3753774,0.0027706625
3842,1.3752402,0.00278191
3843,1.3751033,0.0027931576
3845,1.3749667,0.0028044052
3846,1.3748301,0.0028156527
3848,1.3746935,0.0028269003
3849,1.3745569,0.0028382563
3851,1.3744204,0.0028519392
3852,1.3742844,0.0028656222
3853,1.3741496,0.0028793051
3855,1.3740149,0.0028929881
3856,1.3738808,0.002906671
3858,1.3737466,0.0029203539
3859,1.3736123,0.0029340369
3861,1.3734781,0.0029478363
3862,1.3733446,0.0029639308
3863,1.373211,0.0029800252
3865,1.3730791,0.0029961197
3866,1.3729472,0.0030122141
3868,1.372816,0.0030283086
3869,1.3726849,0.003044403
3871,1.372554,0.0030604975
3872,1.3724232,0.0030766476
3874,1.3722931,0.0030940051
3875,1.3721632,0.0031113626
3876,1.3720339,0.0031287201
3878,1.371905,0.0031460776
3879,1.3717763,0.0031634351
3881,1.3716479,0.0031807926
3882,1.3715192,0.0031981501
3884,1.3713903,0.0032156163
3885,1.3712621,0.0032353269
3887,1.3711347,0.0032550374
3888,1.3710078,0.003274748
3890,1.3708818,0.0032944586
3891,1.3707559,0.0033141691
3892,1.3706306,0.0033338797
3894,1.3705053,0.0033535902
3895,1.3703802,0.0033733636
3897,1.3702552,0.0033943808
3898,1.3701314,0.0034153979
3900,1.3700077,0.0034364151
3901,1.3698849,0.0034574322
3903,1.3697621,0.0034784494
3904,1.3696399,0.0034994665
3906,1.3695177,0.0035204837
3907,1.3693956,0.0035415496
3909,1.3692736,0.0035636897
3910,1.3691527,0.0035858299
3912,1.369032,0.00360797
3913,1.3689119,0.0036301102
3915,1.368792,0.0036522503
3916,1.3686723,0.0036743905
3917,1.3685528,0.0036965307
3919,1.3684334,0.0037187313
3920,1.3683141,0.0037421789
3922,1.3681956,0.0037656266
3923,1.3680776,0.0037890742
3925,1.3679599,0.0038125218
3926,1.3678426,0.0038359695
3928,1.3677253,0.0038594171
3929,1.367608,0.0038828648
3931,1.3674909,0.0039064148
3932,1.367374,0.0039322196
3934,1.3672577,0.0039580244
3935,1.3671427,0.0039838292
3937,1.367028,0.004009634
3938,1.3669143,0.0040354388
3940,1.3668006,0.0040612436
3941,1.3666878,0.0040870484
3943,1.3665751,0.0041128504
3944,1.3664631,0.0041385881
3946,1.3663512,0.0041643258
3947,1.3662399,0.0041900635
3949,1.3661286,0.0042158012
3950,1.3660179,0.0042415389
3952,1.3659072,0.0042672765
3953,1.3657966,0.0042930142
3955,1.3656861,0.0043188059
3956,1.3655763,0.0043458018
3958,1.3654667,0.0043727977
3959,1.3653578,0.0043997935
3961,1.3652494,0.0044267894
3962,1.3651413,0.0044537852
3964,1.3650336,0.0044807811
3965,1.3649261,0.004507777
3967,1.3648187,0.004534823
3968,1.3647119,0.0045629091
3970,1.3646057,0.0045909951
3972,1.3645,0.0046190812
3973,1.3643951,0.0046471672
3975,1.3642905,0.0046752533
3976,1.3641867,0.0047033393
3978,1.3640831,0.0047314254
3979,1.3639807,0.0047594608
3981,1.3638783,0.004786433
3982,1.3637759,0.0048134053
3984,1.3636736,0.0048403775
3985,1.3635717,0.0048673498
3987,1.3634697,0.004894322
3988,1.363368,0.0049212943
3990,1.3632664,0.0049482665
3991,1.3631648,0.0049752852
3993,1.3630631,0.0050033729
3994,1.3629626,0.0050314607
3996,1.3628623,0.0050595484
3998,1.3627627,0.0050876362
3999,1.3626632,0.0051157239
4001,1.3625643,0.0051438117
4002,1.3624657,0.0051718995
4004,1.3623675,0.0051999878
4005,1.3622696,0.00522809
4007,1.3621721,0.0052561923
4008,1.362075,0.0052842945
4010,1.3619782,0.0053123967
4011,1.3618819,0.0053404989
4013,1.361786,0.0053686011
4015,1.3616907,0.0053967034
4016,1.3615956,0.0054247509
4018,1.3615011,0.0054516482
4019,1.3614066,0.0054785455
4021,1.361312,0.0055054428
4022,1.3612174,0.0055323402
4024,1.361123,0.0055592375
4025,1.3610287,0.0055861348
4027,1.3609343,0.0056130321
4029,1.36084,0.0056399785
4030,1.3607462,0.0056680693
4032,1.3606525,0.0056961601
4033,1.3605598,0.0057242509
4035,1.3604671,0.0057523417
4036,1.3603753,0.0057804324
4038,1.3602836,0.0058085232
4040,1.3601928,0.005836614
4041,1.3601023,0.0058646554
4043,1.360012,0.0058915666
4044,1.3599219,0.0059184778
4046,1.3598319,0.0059453889
4047,1.3597419,0.0059723001
4049,1.3596522,0.0059992113
4051,1.3595626,0.0060261224
4052,1.3594733,0.0060530336
4054,1.3593842,0.0060799447
4055,1.3592954,0.0061068544
4057,1.3592068,0.0061337641
4059,1.3591184,0.0061606738
4060,1.3590305,0.0061875835
4062,1.3589427,0.0062144932
4063,1.3588554,0.0062414029
4065,1.3587683,0.0062683126
4067,1.3586821,0.0062951749
4068,1.3585959,0.0063209284
4070,1.3585096,0.0063466819
4071,1.3584233,0.0063724354
4073,1.3583371,0.0063981889
4075,1.358251,0.0064239425
4076,1.3581651,0.006449696
4078,1.3580793,0.0064754495
4079,1.3579938,0.006501209
4081,1.3579083,0.006527091
4083,1.3578233,0.0065529731
4084,1.3577384,0.0065788551
4086,1.357654,0.0066047371
4087,1.3575698,0.0066306191
4089,1.3574863,0.0066565011
4091,1.3574031,0.0066823831
4092,1.3573206,0.0067081582
4094,1.3572385,0.0067317456
4095,1.357156,0.0067553329
4097,1.357073,0.0067789203
4099,1.3569901,0.0068025077
4100,1.3569071,0.0068260951
4102,1.3568242,0.0068496824
4104,1.3567416,0.0068732698
4105,1.356659,0.0068968156
4107,1.3565766,0.0069193957
4108,1.356494,0.0069419758
4110,1.3564112,0.006964556
4112,1.3563283,0.0069871361
4113,1.3562454,0.0070097163
4115,1.3561624,0.0070322964
4117,1.3560794,0.0070548765
4118,1.3559964,0.0070774626
4120,1.3559135,0.0071001779
4121,1.3558306,0.0071228933
4123,1.3557478,0.0071456086
4125,1.3556651,0.007168324
4126,1.3555825,0.0071910393
4128,1.3555,0.0072137547
4130,1.3554179,0.00723647
4131,1.3553358,0.0072591395
4133,1.3552537,0.0072807586
4135,1.3551714,0.0073023778
4136,1.3550889,0.007323997
4138,1.3550062,0.0073456161
4140,1.3549234,0.0073672353
4141,1.3548405,0.0073888544
4143,1.3547574,0.0074104736
4145,1.3546743,0.0074320931
4146,1.354591,0.0074537199
4148,1.3545076,0.0074753467
4150,1.3544241,0.0074969735
4151,1.3543403,0.0075186003
4153,1.3542564,0.0075402271
4155,1.3541721,0.0075618539
4156,1.3540875,0.0075834808
4158,1.3540017,0.0076052175
4160,1.3539161,0.0076292459
4161,1.3538315,0.0076532743
4163,1.3537469,0.0076773026
4165,1.3536627,0.007701331
4166,1.3535786,0.0077253594
4168,1.3534945,0.0077493878
4170,1.3534105,0.0077734162
4171,1.3533265,0.0077974458
4173,1.3532424,0.0078215035
4175,1.3531583,0.0078455612
4176,1.353074,0.007869619
4178,1.3529895,0.0078936767
4180,1.3529049,0.0079177345
4181,1.3528196,0.0079417922
4183,1.352734,0.00796585
4185,1.3526475,0.0079900723
4186,1.3525606,0.0080177824
4188,1.3524748,0.0080454924
4190,1.3523898,0.0080732025
4191,1.352305,0.0081009125
4193,1.3522206,0.0081286226
4195,1.3521362,0.0081563327
4197,1.3520517,0.0081840427
4198,1.3519673,0.0082117998
4200,1.3518828,0.0082406296
4202,1.3517985,0.0082694594
4203,1.3517146,0.0082982892
4205,1.3516306,0.008327119
4207,1.3515466,0.0083559489
4208,1.3514625,0.0083847787
4210,1.3513774,0.0084136085
4212,1.3512922,0.0084425927
4214,1.3512074,0.00847495
4215,1.3511226,0.0085073074
4217,1.3510393,0.0085396648
4219,1.3509562,0.0085720222
4220,1.3508735,0.0086043796
4222,1.350791,0.008636737
4224,1.3507085,0.0086690943
4226,1.350626,0.0087015001
4227,1.3505439,0.008734936
4229,1.350462,0.0087683718
4231,1.3503804,0.0088018077
4233,1.3502991,0.0088352435
4234,1.3502178,0.0088686794
4236,1.3501365,0.0089021152
4238,1.3500549,0.0089355511
4239,1.3499728,0.0089690793
4241,1.3498912,0.009004821
4243,1.3498103,0.0090405626
4245,1.3497297,0.0090763042
4246,1.3496496,0.0091120459
4248,1.3495696,0.0091477875
4250,1.3494897,0.0091835291
4252,1.3494097,0.0092192708
4253,1.3493289,0.0092551133
4255,1.3492485,0.0092932861
4257,1.3491695,0.0093314589
4259,1.3490906,0.0093696317
4260,1.3490125,0.0094078045
4262,1.3489345,0.0094459773
4264,1.3488569,0.0094841501
4266,1.3487793,0.0095223229
4267,1.3487016,0.0095605495
4269,1.348624,0.0095999516
4271,1.3485474,0.0096393537
4273,1.3484709,0.0096787558
4274,1.3483949,0.0097181579
4276,1.348319,0.00975756
4278,1.3482433,0.0097969621
4280,1.3481676,0.0098363642
4281,1.3480919,0.0098758221
4283,1.3480163,0.0099165574
4285,1.3479412,0.0099572927
4287,1.3478665,0.009998028
4289,1.3477921,0.010038763
4290,1.3477179,0.010079499
4292,1.3476436,0.010120234
4294,1.3475692,0.010160969
4296,1.3474948,0.01020181
4297,1.3474205,0.010245058
4299,1.3473466,0.010288306
4301,1.347274,0.010331555
4303,1.3472015,0.010374803
4305,1.3471298,0.010418052
4306,1.3470581,0.0104613
4308,1.346987,0.010504548
4310,1.3469159,0.010547799
4312,1.3468452,0.010591107
4314,1.3467746,0.010634415
4315,1.3467042,0.010677723
4317,1.3466338,0.01072103
4319,1.3465634,0.010764338
4321,1.346493,0.010807646
4323,1.3464216,0.010850954
4324,1.3463499,0.010894426
4326,1.3462791,0.010941472
4328,1.3462086,0.010988517
4330,1.3461392,0.011035563
4332,1.3460704,0.011082608
4333,1.346002,0.011129654
4335,1.3459339,0.011176699
4337,1.3458657,0.011223745
4339,1.3457973,0.011270893
4341,1.3457295,0.011320389
4342,1.3456628,0.011369885
4344,1.3455965,0.011419381
4346,1.3455311,0.011468877
4348,1.345466,0.011518373
4350,1.3454013,0.011567869
4352,1.3453366,0.011617365
4353,1.3452716,0.011666968
4355,1.3452069,0.011718923
4357,1.3451443,0.011770877
4359,1.3450817,0.011822832
4361,1.3450206,0.011874787
4363,1.3449595,0.011926742
4364,1.3448996,0.011978697
4366,1.3448397,0.012030651
4368,1.3447807,0.012082613
4370,1.3447218,0.012134748
4372,1.3446639,0.012186882
4374,1.3446062,0.012239017
4375,1.3445492,0.012291151
4377,1.3444924,0.012343286
4379,1.3444361,0.01239542
4381,1.3443801,0.012447555
4383,1.3443245,0.012499735
4385,1.3442692,0.012553047
4387,1.3442148,0.012606359
4388,1.3441613,0.012659671
4390,1.3441084,0.012712983
4392,1.3440564,0.012766295
4394,1.344005,0.012819606
4396,1.3439548,0.012872918
4398,1.343905,0.01292614
4400,1.3438562,0.012977176
4401,1.3438073,0.013028213
4403,1.3437583,0.013079249
4405,1.3437094,0.013130286
4407,1.3436609,0.013181322
4409,1.3436126,0.013232359
4411,1.3435651,0.013283395
4413,1.3435176,0.013334387
4415,1.3434707,0.013384328
4416,1.3434237,0.013434269
4418,1.3433767,0.01348421
4420,1.3433297,0.013534151
4422,1.3432829,0.013584092
4424,1.3432361,0.013634033
4426,1.3431893,0.013683974
4428,1.3431423,0.013733967
4430,1.3430959,0.013785136
4432,1.3430497,0.013836304
4433,1.3430039,0.013887473
4435,1.3429584,0.013938642
4437,1.3429131,0.01398981
4439,1.3428678,0.014040979
4441,1.3428221,0.014092147
4443,1.3427758,0.014143467
4445,1.3427305,0.014198254
4447,1.3426864,0.014253041
4449,1.3426429,0.014307828
4451,1.3426007,0.014362615
4452,1.3425589,0.014417401
4454,1.3425179,0.014472188
4456,1.3424771,0.014526975
4458,1.3424367,0.014581812
4460,1.3423966,0.014637759
4462,1.342358,0.014693706
4464,1.3423195,0.014749653
4466,1.3422822,0.0148056
4468,1.342245,0.014861547
4470,1.3422087,0.014917494
4472,1.3421723,0.014973441
4474,1.3421362,0.015029488
4476,1.3421,0.015087849
4477,1.3420663,0.015146209
4479,1.3420331,0.015204569
4481,1.3420013,0.01526293
4483,1.34197,0.01532129
4485,1.3419397,0.01537965
4487,1.34191,0.015438011
4489,1.3418812,0.015496412
4491,1.3418531,0.015555831
4493,1.3418263,0.01561525
4495,1.3418007,0.015674669
4497,1.3417761,0.015734088
4499,1.3417528,0.015793507
4501,1.3417307,0.015852925
4503,1.3417102,0.015912344
4505,1.3416905,0.015971667
4507,1.3416725,0.016028655
4509,1.3416547,0.016085643
4511,1.3416376,0.01614263
4513,1.3416208,0.016199618
4514,1.3416056,0.016256606
4516,1.3415906,0.016313593
4518,1.3415783,0.016370581
4520,1.3415659,0.016427463
4522,1.3415555,0.016481804
4524,1.341545,0.016536144
4526,1.3415355,0.016590484
4528,1.341526,0.016644825
4530,1.3415184,0.016699165
4532,1.3415111,0.016753506
4534,1.3415066,0.016807846
4536,1.3415028,0.016862036
4538,1.3415,0.01691263
4540,1.3414976,0.016963223
4542,1.3414959,0.017013817
4544,1.3414946,0.017064411
4546,1.3414947,0.017115004
4548,1.3414958,0.017165598
4550,1.3414995,0.017216192
4552,1.3415057,0.017266528
4554,1.3415118,0.01731085
4556,1.3415178,0.017355171
4558,1.3415241,0.017399493
4560,1.3415307,0.017443815
4562,1.3415381,0.017488137
4564,1.3415472,0.017532459
4566,1.3415575,0.01757678
4568,1.3415724,0.017620826
4570,1.3415871,0.017657902
4572,1.3416002,0.017694978
4574,1.3416133,0.017732054
4576,1.3416273,0.01776913
4578,1.3416414,0.017806206
4580,1.3416585,0.017843283
4582,1.3416757,0.017880359
4584,1.3416988,0.017917027
4586,1.3417226,0.017944367
4588,1.3417432,0.017971707
4590,1.3417632,0.017999047
4592,1.3417838,0.018026387
4595,1.3418048,0.018053726
4597,1.3418286,0.018081066
4599,1.3418537,0.018108406
4601,1.3418821,0.018135243
4603,1.3419127,0.018149359
4605,1.3419403,0.018163475
4607,1.3419653,0.018177591
4609,1.3419903,0.018191707
4611,1.3420153,0.018205823
4613,1.3420418,0.018219939
4615,1.3420706,0.018234055
4617,1.3421002,0.018247721
4619,1.3421313,0.018249707
4621,1.3421613,0.018251693
4623,1.3421876,0.018253679
4625,1.3422139,0.018255665
4627,1.3422402,0.018257651
4629,1.3422669,0.018259636
4631,1.3422976,0.018261622
4634,1.3423283,0.018263124
4636,1.3423587,0.018252907
4638,1.3423892,0.01824269
4640,1.3424156,0.018232473
4642,1.3424417,0.018222257
4644,1.342468,0.01821204
4646,1.3424943,0.018201823
4648,1.342525,0.018191606
4650,1.3425569,0.018180857
4652,1.3425863,0.018156146
4654,1.3426147,0.018131435
4656,1.3426399,0.018106724
4659,1.3426632,0.018082013
4661,1.3426859,0.018057302
4663,1.3427083,0.018032591
4665,1.3427325,0.01800788
4667,1.3427587,0.017982746
4669,1.3427827,0.017947001
4671,1.3428036,0.017911257
4673,1.3428232,0.017875512
4675,1.3428403,0.017839767
4677,1.3428571,0.017804023
4680,1.3428733,0.017768278
4682,1.3428902,0.017732533
4684,1.3429101,0.017696388
4686,1.3429291,0.017650735
4688,1.3429422,0.017605082
4690,1.3429551,0.017559429
4692,1.3429649,0.017513776
4694,1.3429748,0.017468123
4696,1.3429838,0.01742247
4699,1.3429929,0.017376817
4701,1.343004,0.017330823
4703,1.3430153,0.01727641
4705,1.3430209,0.017221997
4707,1.3430252,0.017167584
4709,1.3430273,0.017113171
4711,1.3430287,0.017058758
4714,1.3430296,0.017004345
4716,1.3430303,0.016949932
4718,1.3430309,0.016895229
4720,1.3430316,0.016833407
4722,1.3430291,0.016771585
4724,1.3430237,0.016709763
4726,1.343017,0.016647942
4729,1.3430086,0.01658612
4731,1.3429998,0.016524298
4733,1.3429903,0.016462476
4735,1.3429802,0.016400463
4737,1.3429689,0.016333471
4739,1.3429565,0.016266479
4742,1.3429404,0.016199487
4744,1.3429239,0.016132494
4746,1.342905,0.016065502
4748,1.3428859,0.01599851
4750,1.3428657,0.015931518
4752,1.3428454,0.015864378
4755,1.3428222,0.015793498
4757,1.3427991,0.015722617
4759,1.342772,0.015651736
4761,1.3427447,0.015580856
4763,1.3427145,0.015509975
4766,1.342684,0.015439094
4768,1.3426509,0.015368213
4770,1.3426172,0.015297369
4772,1.3425818,0.015227447
4774,1.3425458,0.015157526
4777,1.3425085,0.015087604
4779,1.3424706,0.015017683
4781,1.3424315,0.014947761
4783,1.3423915,0.014877839
4785,1.3423509,0.014807918
4788,1.3423094,0.014737944
4790,1.3422669,0.014666623
4792,1.3422227,0.014595302
4794,1.3421777,0.014523981
4796,1.3421309,0.01445266
4799,1.3420834,0.014381338
4801,1.3420341,0.014310017
4803,1.3419842,0.014238696
4805,1.3419322,0.014167412
4808,1.3418799,0.014097112
4810,1.3418262,0.014026812
4812,1.3417724,0.013956512
4814,1.3417168,0.013886212
4816,1.3416613,0.013815912
4819,1.3416038,0.013745612
4821,1.3415463,0.013675312
4823,1.341487,0.013605006
4825,1.3414275,0.013534545
4828,1.3413662,0.013464085
4830,1.3413045,0.013393624
4832,1.3412411,0.013323163
4834,1.3411772,0.013252702
4837,1.3411117,0.013182241
4839,1.3410453,0.01311178
4841,1.3409774,0.013041372
4843,1.3409085,0.012972218
4846,1.3408388,0.012903064
4848,1.3407684,0.012833911
4850,1.3406972,0.012764757
4853,1.3406248,0.012695604
4855,1.3405516,0.01262645
4857,1.3404769,0.012557296
4859,1.3404014,0.012488182
4862,1.3403244,0.012420142
4864,1.340247,0.012352103
4866,1.3401682,0.012284063
4868,1.3400891,0.012216023
4871,1.340008,0.012147983
4873,1.3399266,0.012079944
4875,1.3398421,0.012011904
4878,1.3397575,0.011943998
4880,1.3396711,0.011879457
4882,1.3395846,0.011814917
4885,1.3394974,0.011750376
4887,1.3394102,0.011685835
4889,1.3393214,0.011621294
4891,1.3392323,0.011556753
4894,1.3391409,0.011492212
4896,1.3390488,0.011427761
4898,1.3389557,0.011365686
4901,1.3388621,0.011303612
4903,1.3387676,0.011241538
4905,1.3386725,0.011179464
4908,1.3385761,0.01111739
4910,1.3384785,0.011055316
4912,1.3383785,0.010993242
4915,1.3382761,0.010931398
4917,1.3381738,0.010875381
4919,1.3380718,0.010819364
4922,1.3379696,0.010763347
4924,1.3378673,0.01070733
4926,1.3377644,0.010651313
4929,1.3376603,0.010595296
4931,1.3375554,0.010539279
4933,1.3374473,0.010483437
4936,1.3373393,0.010432264
4938,1.3372324,0.010381091
4940,1.3371254,0.010329918
4943,1.3370178,0.010278744
4945,1.3369103,0.010227571
4947,1.336801,0.010176398
4950,1.3366918,0.010125225
4952,1.3365797,0.010074185
4955,1.3364673,0.01002675
4957,1.3363556,0.0099793151
4959,1.336244,0.0099318801
4962,1.3361316,0.0098844452
4964,1.3360189,0.0098370102
4966,1.3359046,0.0097895753
4969,1.3357895,0.0097421403
4971,1.3356728,0.0096948891
4974,1.335555,0.0096523899
4976,1.3354378,0.0096098907
4978,1.3353212,0.0095673916
4981,1.3352043,0.0095248924
4983,1.3350869,0.0094823932
4986,1.3349688,0.0094398941
4988,1.3348493,0.0093973949
4990,1.3347293,0.0093550348
4993,1.3346082,0.0093162897
4995,1.3344872,0.0092775446
4998,1.3343665,0.0092387995
5000,1.3342456,0.0092000543
5002,1.3341237,0.0091613092
5005,1.3340017,0.0091225641
5007,1.333877,0.009083819
5010,1.3337523,0.0090452488
5012,1.3336268,0.0090113565
5014,1.3335012,0.0089774643
5017,1.3333763,0.008943572
5019,1.3332515,0.0089096797
5022,1.3331259,0.0088757875
5024,1.3330002,0.0088418952
5027,1.3328726,0.0088080029
5029,1.3327444,0.0087742441
5031,1.3326162,0.0087441726
5034,1.3324879,0.0087141011
5036,1.3323597,0.0086840296
5039,1.3322316,0.0086539581
5041,1.332103,0.0086238866
5044,1.331974,0.0085938151
5046,1.331844,0.0085637436
5049,1.3317129,0.0085337579
5051,1.3315817,0.0085061818
5054,1.3314503,0.0084786056
5056,1.3313188,0.0084510295
5058,1.3311868,0.0084234533
5061,1.3310544,0.0083958772
5063,1.3309208,0.0083683011
5066,1.3307864,0.0083407249
5068,1.3306491,0.0083133217
5071,1.3305119,0.0082906669
5073,1.3303761,0.0082680121
5076,1.3302403,0.0082453573
5078,1.3301045,0.0082227025
5081,1.3299687,0.0082000477
5083,1.3298319,0.0081773929
5086,1.3296952,0.008154738
5088,1.3295569,0.0081321339
5091,1.3294185,0.0081108172
5093,1.3292796,0.0080895005
5096,1.3291407,0.0080681837
5098,1.3290006,0.008046867
5101,1.3288602,0.0080255503
5103,1.328718,0.0080042335
5106,1.328575,0.0079829168
5108,1.3284302,0.0079617764
5111,1.3282842,0.007945451
5113,1.3281387,0.0079291255
5116,1.3279938,0.0079128001
5118,1.3278483,0.0078964747
5121,1.3277023,0.0078801493
5123,1.3275551,0.0078638239
5126,1.3274061,0.0078474985
5129,1.3272565,0.0078313916
5131,1.3271054,0.007821096
5134,1.3269547,0.0078108005
5136,1.3268051,0.0078005049
5139,1.3266554,0.0077902093
5141,1.3265049,0.0077799137
5144,1.3263542,0.0077696182
5146,1.3262006,0.0077593226
5149,1.326047,0.0077492579
5151,1.3258928,0.0077451412
5154,1.3257385,0.0077410245
5157,1.3255856,0.0077369078
5159,1.3254328,0.0077327911
5162,1.3252793,0.0077286743
5164,1.3251258,0.0077245576
5167,1.3249702,0.0077204409
5169,1.3248139,0.007716502
5172,1.3246579,0.0077173843
5175,1.3245019,0.0077182667
5177,1.3243464,0.007719149
5180,1.3241911,0.0077200314
5182,1.3240353,0.0077209137
5185,1.323879,0.007721796
5188,1.3237211,0.0077226784
5190,1.3235615,0.0077237747
5193,1.3234025,0.0077306853
5195,1.3232447,0.0077375958
5198,1.3230872,0.0077445063
5201,1.3229304,0.0077514169
5203,1.3227736,0.0077583274
5206,1.3226167,0.007765238
5208,1.3224596,0.0077721485
5211,1.3223017,0.0077791092
5214,1.3221437,0.0077874935
5216,1.321986,0.0077958777
5219,1.3218282,0.0078042619
5222,1.32167,0.0078126462
5224,1.3215117,0.0078210304
5227,1.3213524,0.0078294146
5229,1.3211931,0.0078377989
5232,1.3210319,0.0078462753
5235,1.3208705,0.0078572287
5237,1.3207096,0.0078681821
5240,1.3205489,0.0078791355
5243,1.3203877,0.0078900889
5245,1.3202264,0.0079010423
5248,1.3200643,0.0079119957
5251,1.3199018,0.0079229491
5253,1.3197385,0.0079339452
5256,1.3195746,0.0079461498
5259,1.3194103,0.0079583544
5261,1.3192458,0.0079705591
5264,1.3190806,0.0079827637
5267,1.3189147,0.0079949683
5269,1.3187479,0.008007173
5272,1.3185796,0.0080193776
5275,1.3184107,0.0080317045
5277,1.3182405,0.0080475888
5280,1.3180703,0.008063473
5283,1.3179004,0.0080793572
5285,1.3177303,0.0080952414
5288,1.3175591,0.0081111256
5291,1.3173878,0.0081270098
5293,1.3172142,0.008142894
5296,1.3170405,0.0081589037
5299,1.3168657,0.008178462
5302,1.316691,0.0081980202
5304,1.3165163,0.0082175784
5307,1.3163416,0.0082371366
5310,1.3161659,0.0082566948
5312,1.31599,0.008276253
5315,1.3158124,0.0082958112
5318,1.3156342,0.0083154542
5321,1.3154555,0.0083375114
5323,1.3152765,0.0083595686
5326,1.315097,0.0083816258
5329,1.3149173,0.008403683
5332,1.3147367,0.0084257402
5334,1.3145554,0.0084477974
5337,1.3143729,0.0084698546
5340,1.3141889,0.0084919927
5343,1.3140046,0.0085164776
5345,1.3138199,0.0085409624
5348,1.3136347,0.0085654473
5351,1.3134488,0.0085899322
5354,1.3132625,0.0086144171
5356,1.3130746,0.008638902
5359,1.3128862,0.0086633868
5362,1.3126953,0.0086879573
5365,1.3125042,0.0087150199
5367,1.3123128,0.0087420824
5370,1.3121213,0.008769145
5373,1.3119284,0.0087962076
5376,1.3117355,0.0088232702
5379,1.3115408,0.0088503327
5381,1.311346,0.0088773953
5384,1.3111491,0.0089044653
5387,1.310952,0.0089317434
5390,1.310753,0.0089590215
5393,1.3105536,0.0089862996
5395,1.3103522,0.0090135777
5398,1.3101501,0.0090408558
5401,1.3099458,0.0090681339
5404,1.3097405,0.009095412
5407,1.3095331,0.0091227324
5409,1.3093243,0.0091512581
5412,1.3091141,0.0091797837
5415,1.3089026,0.0092083094
5418,1.3086894,0.0092368351
5421,1.3084742,0.0092653608
5424,1.3082573,0.0092938864
5426,1.3080373,0.0093224121
5429,1.307816,0.0093510591
5432,1.3075916,0.0093832756
5435,1.3073665,0.0094154922
5438,1.3071395,0.0094477087
5441,1.3069118,0.0094799252
5444,1.3066803,0.0095121417
5446,1.3064483,0.0095443583
5449,1.3062098,0.0095765748
5452,1.3059712,0.0096090541
5455,1.3057285,0.0096486701
5458,1.3054857,0.0096882861
5461,1.3052412,0.009727902
5464,1.3049964,0.009767518
5467,1.3047475,0.009807134
5469,1.3044979,0.0098467499
5472,1.3042416,0.0098863659
5475,1.3039834,0.0099262693
5478,1.303723,0.009974811
5481,1.3034616,0.010023353
5484,1.3031983,0.010071894
5487,1.302934,0.010120436
5490,1.3026663,0.010168978
5493,1.3023957,0.010217519
5495,1.3021195,0.010266061
5498,1.3018368,0.01031507
5501,1.3015539,0.010377259
5504,1.3012706,0.010439448
5507,1.3009864,0.010501638
5510,1.3007001,0.010563827
5513,1.3004121,0.010626016
5516,1.3001187,0.010688206
5519,1.2998227,0.010750395
5522,1.2995149,0.010813064
5525,1.2992072,0.01089021
5528,1.2989004,0.010967356
5531,1.2985934,0.011044502
5534,1.2982809,0.011121648
5537,1.2979684,0.011198794
5540,1.2976453,0.01127594
5542,1.2973216,0.011353086
5545,1.2969804,0.011430815
5548,1.2966369,0.011525362
5551,1.2962822,0.01161991
5554,1.2959248,0.011714457
5557,1.2955706,0.011849671
5560,1.2952175,0.011984468
5563,1.2948689,0.012118912
5566,1.2945227,0.012253042
5569,1.2941743,0.012387483
5572,1.2938243,0.01253881
5575,1.2934783,0.012689584
5578,1.2931359,0.01283989
5581,1.2927927,0.012989819
5584,1.2924483,0.013139434
5587,1.2921003,0.013288773
5590,1.2917459,0.013437891
5593,1.2913895,0.013587711
5596,1.291028,0.013758165
5599,1.2906672,0.01392816
5602,1.2903092,0.014097945
5605,1.2899504,0.014267504
5608,1.289586,0.014436918
5611,1.2892206,0.014606267
5615,1.2888386,0.014775657
5618,1.2884566,0.014946571
5621,1.2880696,0.015147466
5624,1.2876826,0.01534813
5627,1.2872986,0.015548863
5630,1.286915,0.015749801
5633,1.286524,0.015951081
5636,1.2861316,0.016153051
5639,1.2857214,0.0163559
5642,1.2853058,0.016560917
5645,1.2848909,0.016804073
5648,1.2844763,0.017047622
5651,1.2840636,0.017291852
5654,1.2836522,0.017536845
5657,1.2832351,0.017782666
5660,1.2828134,0.018029832
5664,1.2823777,0.018278477
5667,1.2819262,0.018530241
5670,1.2814795,0.018830093
5673,1.28104,0.019130746
5676,1.2806014,0.019432193
5679,1.280165,0.019734747
5682,1.279726,0.020038859
5685,1.2792789,0.020344745
5688,1.2788261,0.02065262
5692,1.278346,0.020964399
5695,1.2778678,0.021326042
5698,1.2774071,0.021689072
5701,1.2769464,0.02205415
5704,1.2764837,0.022421975
5707,1.276021,0.02279334
5710,1.2755449,0.023168667
5714,1.2750681,0.023548597
5717,1.2745654,0.023934934
5720,1.274059,0.024371627
5723,1.2735678,0.024813243
5726,1.2730804,0.025260546
5729,1.2725902,0.025714461
5732,1.2720988,0.026175547
5736,1.2715975,0.026645029
5739,1.2710909,0.027123711
5742,1.2705747,0.027613811
5745,1.2700515,0.028153647
5748,1.2695372,0.028703175
5752,1.2690316,0.029263201
5755,1.2685263,0.029834579
5758,1.2680216,0.03041766
5761,1.2675136,0.031012847
5764,1.2669995,0.031621424
5768,1.2664853,0.032244976
5771,1.2659707,0.032917007
5774,1.2654604,0.033602037
5777,1.2649662,0.034300663
5780,1.2644729,0.035013597
5784,1.2639861,0.035741986
5787,1.2634991,0.036486453
5790,1.2630108,0.037247662
5793,1.2625224,0.03802789
5797,1.2620506,0.038855803
5800,1.2615791,0.039700285
5803,1.2611337,0.040562255
5806,1.2606909,0.041441676
5810,1.2602654,0.042339135
5813,1.2598433,0.043255255
5816,1.2594333,0.044191287
5819,1.2590271,0.045148106
5823,1.2586451,0.04614518
5826,1.258274,0.047161272
5829,1.2579277,0.048196386
5832,1.257597,0.049250621
5836,1.2572871,0.050323592
5839,1.2569948,0.051415674
5842,1.2567203,0.052526913
5846,1.2564662,0.05365697
5849,1.2562315,0.054814096
5852,1.2560269,0.055988295
5855,1.255838,0.057179733
5859,1.2556829,0.058388338
5862,1.2555403,0.059614827
5865,1.2554364,0.060860528
5869,1.2553428,0.062126214
5872,1.2552992,0.06341099
5875,1.2552636,0.064715851
5879,1.2553033,0.06604057
5882,1.255344,0.067347136
5885,1.2554288,0.068669463
5889,1.2555136,0.070006855
5892,1.2556571,0.071360417
5895,1.255804,0.072727932
5899,1.2560116,0.074109373
5902,1.256228,0.075505586
5906,1.2565072,0.07691423
5909,1.2568023,0.078335716
5912,1.2571611,0.079767991
5916,1.2575443,0.081208377
5919,1.2579886,0.082654861
5922,1.2584659,0.084105028
5926,1.2590001,0.085557386
5929,1.2595761,0.087008813
5933,1.2602026,0.088456411
5936,1.2608792,0.089897907
5939,1.2615986,0.091331075
5943,1.2623753,0.092754129
5946,1.2631872,0.094164905
5950,1.2640636,0.095561411
5953,1.2649678,0.096942139
5956,1.2659441,0.09830414
5960,1.2669403,0.09964455
5963,1.2680138,0.10096228
5967,1.2690996,0.10225504
5970,1.2702671,0.10351915
5974,1.2714397,0.10475504
5977,1.272698,0.10595925
5980,1.2739562,0.10713
5984,1.2752975,0.10826587
5987,1.2766402,0.10936375
5991,1.2780539,0.11042449
5994,1.2794748,0.11144634
5998,1.2809584,0.11242582
6001,1.2824545,0.11336178
6005,1.2840024,0.1142518
6008,1.2855668,0.11509392
6012,1.2871714,0.11588566
6015,1.2887945,0.11662633
6019,1.2904466,0.11731343
6022,1.292117,0.11794635
6026,1.2938058,0.11852429
6029,1.2955104,0.11904706
6033,1.2972256,0.11951504
6036,1.2989531,0.11992869
6040,1.3006859,0.12028807
6043,1.3024271,0.12059306
6047,1.3041696,0.12084385
6050,1.3059145,0.12104078
6054,1.3076582,0.12118544
6057,1.3093982,0.12127766
6061,1.3111361,0.121319
6064,1.3128637,0.12131021
6068,1.3145897,0.12125166
6071,1.3162985,0.12114585
6075,1.318007,0.12099367
6079,1.3196947,0.12079604
6082,1.3213824,0.12055402
6086,1.3230477,0.12026648
6089,1.3247117,0.11993346
6093,1.3263524,0.11955583
6096,1.3279896,0.11913194
6100,1.329601,0.11866164
6104,1.3312058,0.11814491
6107,1.3327817,0.11758175
6111,1.3343466,0.11697218
6114,1.3358802,0.11631684
6118,1.3373968,0.11561538
6122,1.3388808,0.11486927
6125,1.3403405,0.11408007
6129,1.3417684,0.11324765
6133,1.3431643,0.11237256
6136,1.3445289,0.11145568
6140,1.3458514,0.11049826
6143,1.3471447,0.10950185
6147,1.3483839,0.10846813
6151,1.349598,0.10740007
6154,1.3507462,0.10629873
6158,1.3518747,0.10516744
6162,1.3529255,0.1040087
6165,1.3539634,0.10282477
6169,1.3549135,0.10161986
6173,1.3558583,0.10039637
6176,1.3567092,0.099154541
6180,1.3575601,0.097897833
6184,1.3583117,0.096625045
6187,1.3590613,0.095339948
6191,1.3597168,0.094044604
6195,1.3603625,0.092739921
6199,1.3609197,0.091429312
6202,1.361459,0.090113936
6206,1.3619157,0.088797757
6210,1.3623459,0.087483775
6213,1.3627032,0.08617606
6217,1.3630266,0.084877094
6221,1.3632883,0.083590537
6225,1.3635103,0.082318496
6228,1.3636818,0.081064078
6232,1.3638094,0.079830192
6236,1.3638981,0.078619589
6240,1.3639413,0.077435392
6243,1.3639597,0.07628069
6247,1.3639387,0.07515868
6251,1.3639028,0.074062576
6255,1.363834,0.072990159
6258,1.3637547,0.071941152
6262,1.3636413,0.070915279
6266,1.3635214,0.069912265
6270,1.3633681,0.068931832
6274,1.3632117,0.067973705
6277,1.3630228,0.067037607
6281,1.3628335,0.066123262
6285,1.3626133,0.065230394
6289,1.3623931,0.064358726
6293,1.3621474,0.063507983
6296,1.3619002,0.062677888
6300,1.3616321,0.061868164
6304,1.3613609,0.061078536
6308,1.361073,0.060308727
6312,1.3607808,0.059558461
6316,1.3604756,0.058827462
6319,1.3601652,0.058115454
6323,1.3598449,0.057422159
6327,1.3595189,0.056747303
6331,1.3591855,0.056090608
6335,1.3588464,0.055451799
6339,1.3585019,0.054830599
6343,1.3581518,0.054226732
6346,1.357798,0.053639922
6350,1.357439,0.053069892
6354,1.3570776,0.052516366
6358,1.3567116,0.051979068
6362,1.3563442,0.051457722
6366,1.355973,0.050952051
6370,1.3556011,0.05046178
6374,1.3552263,0.049986631
6378,1.3548513,0.049526329
6382,1.3544745,0.049080597
6386,1.3540977,0.04864916
6389,1.3537202,0.048231741
6393,1.3533427,0.047828063
6397,1.3529663,0.04743785
6401,1.3525899,0.047060827
6405,1.3522158,0.046696716
6409,1.3518418,0.046345243
6413,1.3514709,0.046006129
6417,1.3511006,0.0456791
6421,1.350734,0.045363878
6425,1.3503686,0.045060189
6429,1.3500073,0.044767754
6433,1.349648,0.044486299
6437,1.3492934,0.044215546
6441,1.3489418,0.04395522
6445,1.3485955,0.043705044
6449,1.3482539,0.043464743
6453,1.3479189,0.043234039
6457,1.3475917,0.043009914
6461,1.3472666,0.042784605
6465,1.3469449,0.042569898
6469,1.3466277,0.042368073
6473,1.3463205,0.042160887
6477,1.3460125,0.041947607
6481,1.345702,0.041752551
6485,1.345391,0.041555487
6489,1.3450775,0.041367926
6494,1.3447654,0.04120126
6498,1.3444686,0.041033991
6502,1.3441719,0.040862847
6506,1.3438784,0.040708296
6510,1.3435849,0.040558189
6514,1.343298,0.040406756
6518,1.3430117,0.040278293
6522,1.3427406,0.04014042
6526,1.3424719,0.03998911
6530,1.3422014,0.039857034
6534,1.3419305,0.039735958
6539,1.3416679,0.039607964
6543,1.3414086,0.039484203
6547,1.3411517,0.039360072
6551,1.3408962,0.039242562
6555,1.3406437,0.039127439
6559,1.3403935,0.039007328
6563,1.3401441,0.038894787
6568,1.3398957,0.038786944
6572,1.3396519,0.038688041
6576,1.3394145,0.038578257
6580,1.3391742,0.038460877
6584,1.3389283,0.038362026
6588,1.3386858,0.038275056
6593,1.3384522,0.038172711
6597,1.3382162,0.038063001
6601,1.33797,0.037973229
6605,1.3377254,0.037888139
6609,1.337492,0.037816141
6614,1.3372588,0.037741236
6618,1.3370308,0.037664004
6622,1.3368029,0.037597593
6626,1.3365762,0.037519418
6631,1.3363496,0.037444897
6635,1.3361316,0.037392523
6639,1.3359146,0.037342101
6643,1.3357039,0.037276261
6648,1.3354946,0.037214838
6652,1.3352908,0.037161507
6656,1.3350888,0.037098512
6660,1.3348813,0.037032437
6665,1.3346711,0.036974121
6669,1.3344692,0.036928993
6673,1.3342727,0.036885716
6678,1.3340748,0.036826983
6682,1.3338754,0.036771353
6686,1.3336808,0.036732115
6690,1.3334918,0.036688387
6695,1.3333049,0.036641065
6699,1.3331212,0.036595959
6703,1.3329394,0.036549263
6708,1.3327619,0.036498439
6712,1.3325806,0.036435224
6716,1.3323868,0.036373354
6721,1.3321917,0.036323659
6725,1.3319895,0.036272056
6730,1.3317886,0.036238141
6734,1.3316011,0.036215406
6738,1.3314138,0.036192495
6743,1.3312436,0.036168136
6747,1.3310734,0.036126457
6751,1.330899,0.036094777
6756,1.3307243,0.036062755
6760,1.3305461,0.036022387
6765,1.3303674,0.035997637
6769,1.3302018,0.035975091
6773,1.3300399,0.035960156
6778,1.3298798,0.035921384
6782,1.3297205,0.035868563
6787,1.3295505,0.035829112
6791,1.3293742,0.035781033
6796,1.3291956,0.035742838
6800,1.3290151,0.035731919
6805,1.3288424,0.035717528
6809,1.3286777,0.035685051
6814,1.3285123,0.03566559
6818,1.3283459,0.035636455
6822,1.3281807,0.035606034
6827,1.3280179,0.035598554
6831,1.3278525,0.035564624
6836,1.3276796,0.035537459
6840,1.3275075,0.035530392
6845,1.3273384,0.035509925
6850,1.3271711,0.035509508
6854,1.3270174,0.035505243
6859,1.326864,0.035489149
6863,1.326718,0.035488151
6868,1.326572,0.035459198
6872,1.3264144,0.035444871
6877,1.3262564,0.035448406
6881,1.3261059,0.035426416
6886,1.3259563,0.035421588
6890,1.3258086,0.035407189
6895,1.3256613,0.035381723
6900,1.3255133,0.035377771
6904,1.3253651,0.035361163
6909,1.3252146,0.035346009
6913,1.3250629,0.035339072
6918,1.3249167,0.035334166
6923,1.3247741,0.035326522
6927,1.3246308,0.035308182
6932,1.3244867,0.035306565
6937,1.324345,0.035295479
6941,1.324206,0.035282165
6946,1.3240623,0.035272628
6951,1.3239107,0.035238065
6955,1.3237633,0.035234835
6960,1.3236253,0.035245903
6965,1.3234864,0.035227463
6969,1.3233447,0.035215698
6974,1.3232023,0.035205636
6979,1.3230568,0.035190381
6983,1.3229115,0.03518457
6988,1.3227689,0.035176534
6993,1.3226262,0.035170436
6997,1.3224819,0.035160966
7002,1.3223375,0.035158526
7007,1.3221986,0.035156578
7012,1.32206,0.035152394
7016,1.3219244,0.035150923
7021,1.3217894,0.035138607
7026,1.3216531,0.035134532
7031,1.3215164,0.035124339
7035,1.3213758,0.035110496
7040,1.3212337,0.035108261
7045,1.3210918,0.035099048
7050,1.3209499,0.035092574
7055,1.3208067,0.035087138
7059,1.3206624,0.035085656
7064,1.3205233,0.035094328
7069,1.3203897,0.035094101
7074,1.3202554,0.035092734
7079,1.32012,0.035084013
7083,1.3199842,0.035077736
7088,1.3198476,0.03507676
7093,1.3197084,0.035062827
7098,1.3195619,0.035058893
7103,1.3194172,0.035061281
7108,1.3192802,0.035070684
7113,1.3191429,0.035070945
7118,1.3190036,0.035070769
7122,1.3188647,0.03508025
7127,1.3187341,0.035083093
7132,1.3186035,0.035086248
7137,1.3184661,0.035076503
7142,1.3183285,0.035065763
7147,1.3181841,0.035068288
7152,1.3180389,0.035078727
7157,1.3179008,0.035086162
7162,1.3177642,0.03509894
7167,1.3176313,0.035107858
7172,1.3174998,0.035105322
7177,1.3173653,0.035110813
7182,1.3172294,0.035117637
7187,1.3170928,0.035125364
7192,1.3169558,0.035124235
7197,1.3168223,0.035138469
7202,1.3166921,0.035157405
7207,1.3165649,0.035166878
7212,1.3164411,0.035167888
7217,1.3163116,0.035156529
7222,1.3161725,0.035160363
7227,1.3160356,0.035169296
7232,1.315904,0.035179611
7237,1.3157723,0.035185508
7242,1.3156401,0.035188854
7247,1.3155078,0.035195816
7252,1.3153746,0.035197951
7257,1.3152407,0.035202265
7262,1.3150988,0.035202697
7267,1.3149569,0.035220433
7272,1.3148293,0.035237242
7277,1.3147016,0.035243478
7282,1.3145747,0.035256263
7288,1.3144477,0.035250723
7293,1.3143123,0.035255406
7298,1.3141754,0.035270151
7303,1.3140397,0.035270944
7308,1.3139044,0.035289474
7313,1.3137735,0.035301596
7318,1.3136444,0.035298027
7324,1.3135094,0.035302825
7329,1.3133711,0.035317827
7334,1.3132353,0.035330273
7339,1.3131015,0.035340331
7344,1.3129687,0.03535476
7350,1.3128371,0.035367712
7355,1.3127066,0.035380699
7360,1.3125777,0.035392325
7365,1.312447,0.035400055
7370,1.3123128,0.035405893
7376,1.3121793,0.035423238
7381,1.3120475,0.035431348
7386,1.3119169,0.035440821
7391,1.3117909,0.035459593
7397,1.3116634,0.035455011
7402,1.3115235,0.035461418
7407,1.3113837,0.035478204
7413,1.3112461,0.035487518
7418,1.3111085,0.035506688
7423,1.3109862,0.035530746
7429,1.3108644,0.035527751
7434,1.3107269,0.0355311
7439,1.3105874,0.035544436
7445,1.3104487,0.035549022
7450,1.3103102,0.035585247
7455,1.3101728,0.035591699
7461,1.3100359,0.035583757
7466,1.309904,0.035624929
7471,1.3097747,0.03564138
7477,1.3096448,0.035647295
7482,1.3095145,0.035678782
7488,1.309382,0.035685562
7493,1.3092472,0.035686541
7498,1.3091154,0.035709873
7504,1.3089871,0.035731547
7509,1.3088582,0.035742164
7515,1.3087282,0.035751712
7520,1.3085985,0.035765707
7526,1.3084692,0.035773989
7531,1.3083366,0.035779957
7537,1.308193,0.035779528
7542,1.3080512,0.035791278
7547,1.3079209,0.035824846
7553,1.30779,0.035844885
7559,1.3076527,0.035843015
7564,1.3075155,0.035858709
7570,1.3073802,0.035874709
7575,1.3072449,0.035881978
7581,1.3071091,0.035905115
7586,1.3069732,0.03592648
7592,1.3068489,0.035951495
7597,1.3067267,0.035956614
7603,1.306591,0.035955537
7608,1.3064515,0.035966434
7614,1.3063141,0.035978012
7620,1.3061778,0.036002226
7625,1.306044,0.036015563
7631,1.3059117,0.036018334
7636,1.305776,0.036029618
7642,1.3056376,0.036039531
7648,1.3054973,0.036046658
7653,1.3053548,0.036064513
7659,1.3052175,0.036081422
7665,1.3050876,0.036108326
7670,1.3049542,0.036114682
7676,1.3048135,0.036111381
7682,1.3046719,0.036130454
7687,1.3045277,0.036137156
7693,1.3043861,0.036170334
7699,1.3042561,0.036182344
7705,1.3041249,0.036162883
7710,1.3039834,0.036197715
7716,1.3038422,0.036215123
7722,1.3037089,0.036226042
7727,1.3035757,0.036245853
7733,1.303419,0.036223598
7739,1.3032614,0.036254864
7745,1.3031298,0.03629107
7751,1.3030015,0.036276519
7756,1.3028669,0.036305495
7762,1.3027309,0.036317766
7768,1.3025845,0.036306743
7774,1.3024345,0.036336146
7780,1.3022879,0.0363461
7785,1.3021431,0.036357686
7791,1.3020033,0.03639514
7797,1.3018672,0.036394846
7803,1.3017369,0.036418661
7809,1.3016123,0.036450021
7815,1.3014776,0.036431294
7821,1.3013302,0.036427587
7827,1.301188,0.036443591
7833,1.3010547,0.036465865
7838,1.3009166,0.036469258
7844,1.3007673,0.036451794
7850,1.3006205,0.036456399
7856,1.3004824,0.036488384
7862,1.3003435,0.036501467
7868,1.3002002,0.03648914
7874,1.3000572,0.036500566
7880,1.2999182,0.036503471
7886,1.2997793,0.036502164
7892,1.2996297,0.0364976
7898,1.2994801,0.036490284
7904,1.2993392,0.036510013
7910,1.2991991,0.036510922
7916,1.2990495,0.036498092
7922,1.2988982,0.036503036
7928,1.2987597,0.036512889
7934,1.2986251,0.036503214
7941,1.2984763,0.036473293
7947,1.2983215,0.0364707
7953,1.2981644,0.036462288
7959,1.2980058,0.03642546
7965,1.2978511,0.036438141
7971,1.2976993,0.036423255
7977,1.2975374,0.036376096
7983,1.2973643,0.036383845
7989,1.2971924,0.036371496
7996,1.2970221,0.036348373
8002,1.2968488,0.036340885
8008,1.2966693,0.03631983
8014,1.2964921,0.03630545
8020,1.2963219,0.036318041
8027,1.2961476,0.036299009
8033,1.2959547,0.036266502
8039,1.2957624,0.036267951
8045,1.2955751,0.036262762
8051,1.2953877,0.036267538
8058,1.2951969,0.036252312
8064,1.295006,0.036226012
8070,1.2948059,0.036241181
8077,1.2946053,0.036238141
8083,1.2944072,0.036248777
8089,1.2942094,0.036286339
8095,1.2940233,0.036288157
8102,1.2938401,0.036277864
8108,1.2936454,0.036267046
8114,1.2934466,0.036316384
8121,1.2932454,0.036315806
8127,1.293043,0.036255211
8134,1.2928408,0.036304615
8140,1.2926387,0.036335375
8146,1.2924449,0.036347665
8153,1.292259,0.036374636
8159,1.2920605,0.036364157
8166,1.2918461,0.036349677
8172,1.2916334,0.036370404
8178,1.2914235,0.03640604
8185,1.2912184,0.036426652
8191,1.2910248,0.036465757
8198,1.2908295,0.036477428
8204,1.2906282,0.036491189
8211,1.2904251,0.036499672
8217,1.290211,0.036519382
8224,1.2899976,0.036571931
8230,1.2897953,0.036580872
8237,1.2895929,0.036595829
8243,1.2893816,0.036627989
8250,1.2891701,0.036672898
8257,1.2889684,0.036707181
8263,1.2887675,0.036708064
8270,1.2885622,0.036765296
8276,1.2883561,0.036833622
8283,1.2881766,0.036876146
8290,1.2880049,0.036945783
8296,1.2878423,0.036967456
8303,1.2876837,0.036966819
8310,1.2875085,0.036964737
8316,1.2873233,0.036969613
8323,1.2871495,0.037014313
8330,1.2869851,0.036959048
8336,1.2867881,0.036887232
8343,1.2865551,0.036903072
8350,1.2863251,0.036897726
8356,1.2860995,0.036896937
8363,1.2858764,0.036918048
8370,1.2856584,0.036918364
8377,1.2854385,0.036919158
8383,1.2852127,0.036928743
8390,1.2849865,0.036931418
8397,1.2847582,0.036944598
8404,1.2845286,0.036949124
8411,1.2842888,0.036957011
8417,1.2840492,0.036979016
8424,1.2838159,0.036998842
8431,1.2835826,0.037018631
8438,1.2833472,0.037037797
8445,1.2831116,0.037049815
8452,1.2828715,0.037074979
8459,1.2826307,0.037110794
8466,1.2823935,0.037133809
8472,1.2821572,0.037161205
8479,1.2819244,0.037194826
8486,1.281693,0.037222393
8493,1.2814576,0.037241869
8500,1.2812203,0.037275251
8507,1.2809893,0.037314761
8514,1.2807628,0.037326932
8521,1.2805287,0.037341267
8528,1.2802871,0.037362453
8535,1.2800436,0.037382603
8542,1.2797977,0.037403595
8549,1.2795525,0.037426509
8556,1.2793086,0.037458293
8563,1.2790617,0.037477739
8571,1.2788072,0.037493519
8578,1.2785535,0.037524827
8585,1.2783029,0.037554912
8592,1.2780508,0.03757621
8599,1.2777894,0.03760054
8606,1.277528,0.037632376
8613,1.277265,0.037663303
8620,1.277002,0.037690111
8628,1.2767332,0.037730545
8635,1.2764644,0.037784062
8642,1.2761992,0.037821941
8649,1.2759344,0.03785209
8656,1.2756643,0.037907612
8664,1.2753932,0.037973337
8671,1.275127,0.038027778
8678,1.2748624,0.038098156
8685,1.2746161,0.038183086
8693,1.2743779,0.03825251
8700,1.2741482,0.038319457
8707,1.2739237,0.038387366
8715,1.2737103,0.038445182
8722,1.2735061,0.038494676
8729,1.2732939,0.038512468
8737,1.2730729,0.038517725
8744,1.2728475,0.03853213
8751,1.2726155,0.038540799
8759,1.272378,0.038538586
8766,1.2721294,0.038536996
8774,1.2718773,0.038539793
8781,1.2716151,0.038533248
8788,1.2713526,0.038537409
8796,1.2710894,0.038546175
8803,1.2708265,0.038544685
8811,1.2705654,0.038550429
8818,1.2703035,0.038544487
8826,1.2700129,0.03850989
8833,1.2697223,0.038482532
8841,1.2694164,0.038484607
8848,1.2691098,0.038485516
8856,1.2687938,0.038479857
8864,1.2684766,0.03848296
8871,1.2681545,0.038493913
8879,1.2678311,0.038514972
8886,1.2675097,0.038539998
8894,1.267189,0.038548425
8902,1.2668654,0.038579452
8909,1.2665404,0.038605627
8917,1.266209,0.038623809
8925,1.2658732,0.038663579
8932,1.2655433,0.038711096
8940,1.2652192,0.038753572
8948,1.2648981,0.03880065
8955,1.2645808,0.03884339
8963,1.2642628,0.038887053
8971,1.2639436,0.038914856
8979,1.2636221,0.038939248
8986,1.2632947,0.038987089
8994,1.2629686,0.039027379
9002,1.2626468,0.039063167
9010,1.2623231,0.039093529
9018,1.2619874,0.039117954
9026,1.2616519,0.039154327
9033,1.2613205,0.039192598
9041,1.260989,0.039220656
9049,1.2606453,0.03924704
9057,1.2603014,0.03928327
9065,1.2599559,0.039313667
9073,1.2596103,0.039340894
9081,1.2592555,0.039369888
9089,1.258899,0.03941322
9097,1.2585452,0.039451781
9105,1.2581922,0.039473799
9113,1.2578316,0.039508615
9121,1.2574678,0.039550361
9129,1.2571027,0.039586343
9137,1.256737,0.039616095
9145,1.256368,0.039651623
9153,1.2559964,0.039692087
9161,1.2556214,0.039722794
9169,1.2552426,0.039759481
9177,1.2548603,0.039796794
9185,1.2544727,0.039828269
9194,1.2540839,0.039871232
9202,1.2536927,0.039913306
9210,1.2533006,0.039948958
9218,1.2529053,0.04000038
9226,1.2525091,0.04004288
9235,1.2521077,0.040083836
9243,1.2517054,0.040132163
9251,1.2512947,0.04017057
9259,1.250884,0.040218234
9268,1.2504763,0.040275336
9276,1.2500686,0.040320989
9284,1.2496511,0.040366571
9292,1.249233,0.040415
9301,1.2488075,0.040462425
9309,1.248381,0.040512287
9318,1.2479529,0.040569298
9326,1.2475244,0.040625205
9334,1.2470914,0.040677107
9343,1.2466567,0.040729418
9351,1.2462163,0.040782642
9360,1.2457727,0.040840106
9368,1.245328,0.040900242
9376,1.2448825,0.040960178
9385,1.2444335,0.041019126
9393,1.2439809,0.041073363
9402,1.2435252,0.041133769
9411,1.2430653,0.041193267
9419,1.2426031,0.041252361
9428,1.2421369,0.041316161
9436,1.2416688,0.041376325
9445,1.2411962,0.041440114
9453,1.2407223,0.041504951
9462,1.2402437,0.04156517
9471,1.2397635,0.04162679
9479,1.2392733,0.041686848
9488,1.2387827,0.041751094
9497,1.2382873,0.041818339
9505,1.2377919,0.041883001
9514,1.2372885,0.041947956
9523,1.236785,0.042012797
9532,1.2362728,0.042076144
9540,1.2357598,0.042138787
9549,1.2352349,0.042200219
9558,1.2347076,0.042265311
9567,1.2341749,0.042334328
9576,1.2336405,0.042400969
9584,1.2330962,0.04246337
9593,1.2325473,0.042529742
9602,1.2319892,0.042596023
9611,1.2314252,0.04266011
9620,1.2308518,0.04272588
9629,1.2302703,0.042806103
9638,1.2296862,0.042886921
9647,1.2290991,0.042964563
9656,1.2285058,0.04304098
9665,1.2279028,0.043120247
9674,1.2272924,0.043197292
9683,1.2266658,0.043273513
9692,1.2260341,0.04335064
9701,1.2253867,0.04345331
9710,1.2247379,0.043556587
9719,1.224082,0.043659406
9728,1.2234231,0.0437615
9737,1.2227358,0.04386384
9747,1.222048,0.043965695
9756,1.2213328,0.044110549
9765,1.2206176,0.044256273
9774,1.2199111,0.04444252
9783,1.2192051,0.044628767
9793,1.2185083,0.044815013
9802,1.2178129,0.04500126
9811,1.2171125,0.045187506
9820,1.2164108,0.045373753
9830,1.2156915,0.04556
9839,1.2149655,0.045747142
9848,1.2142414,0.045976267
9858,1.2135183,0.046205392
9867,1.2127982,0.046434517
9877,1.2120802,0.046663641
9886,1.2113582,0.046892766
9895,1.2106321,0.047121891
9905,1.2098949,0.047351016
9914,1.2091429,0.047580978
9924,1.2083939,0.047849701
9933,1.2076507,0.048118424
9943,1.2069078,0.048387146
9952,1.2061659,0.048655869
9962,1.2054222,0.048924592
9972,1.2046713,0.049193315
9981,1.2039171,0.049462038
9991,1.2031408,0.049731432
10000,1.2023651,0.050033195
10010,1.2015997,0.050334957
10020,1.2008343,0.050636719
10029,1.2000654,0.050938482
10039,1.1992964,0.051240244
10049,1.198517,0.051542006
10059,1.1977365,0.051843769
10068,1.1969388,0.052146016
10078,1.1961377,0.052471695
10088,1.1953385,0.052797374
10098,1.1945399,0.053123053
10108,1.1937343,0.053448732
10118,1.1929255,0.053774411
10127,1.1921049,0.05410009
10137,1.1912769,0.054425769
10147,1.1904368,0.05475202
10157,1.1895862,0.055105319
10167,1.1887344,0.055458617
10177,1.1878809,0.055811916
10187,1.1870207,0.056165215
10197,1.1861497,0.056518513
10207,1.1852684,0.056871812
10217,1.1843643,0.057225111
10227,1.183454,0.057579417
10237,1.1825244,0.057981922
10247,1.1815946,0.058384427
10258,1.1806638,0.058786932
10268,1.1797308,0.059189438
10278,1.1787761,0.059591943
10288,1.1778204,0.059994448
10298,1.1768117,0.060396953
10309,1.1758029,0.06080125
10319,1.1747773,0.061290853
10329,1.1737508,0.061780455
10339,1.1727295,0.062270058
10350,1.1717091,0.06275966
10360,1.1706664,0.063249263
10370,1.1696179,0.063738865
10381,1.1685133,0.064228468
10391,1.1673869,0.064720685
10402,1.1662652,0.065340467
10412,1.165146,0.06596025
10423,1.1640343,0.066580033
10433,1.1629282,0.067199815
10444,1.1618068,0.067819598
10454,1.16067,0.06843938
10465,1.1594896,0.069059163
10475,1.1582499,0.069682262
10486,1.1570237,0.070466808
10496,1.1558224,0.071251355
10507,1.154615,0.072035901
10518,1.1533914,0.072820448
10528,1.1521713,0.073683606
10539,1.1509652,0.074549427
10550,1.1497497,0.075418823
10561,1.1484702,0.076296094
10571,1.1471965,0.077340893
10582,1.1460262,0.078385004
10593,1.1448558,0.079429577
10604,1.1437161,0.080475392
10615,1.1425772,0.081523705
10625,1.1414314,0.082575488
10636,1.1402849,0.083631759
10647,1.1390998,0.084696277
10658,1.1379067,0.085897823
10669,1.1367832,0.087100486
10680,1.1356821,0.088305256
10691,1.1345985,0.089513153
10702,1.1335229,0.090725682
10713,1.1324453,0.091943743
10724,1.1313663,0.093168434
10735,1.1302835,0.094403118
10747,1.1291973,0.095728635
10758,1.1281376,0.097059177
10769,1.1271089,0.098396096
10780,1.1260881,0.099740759
10791,1.1250798,0.10109444
10803,1.1240727,0.10245823
10814,1.1230684,0.10383381
10825,1.1220672,0.1052231
10836,1.121076,0.10666302
10848,1.1200903,0.10811512
10859,1.1191324,0.10957944
10871,1.1181762,0.11105759
10882,1.1172376,0.11255069
10893,1.1162992,0.11405936
10905,1.1153748,0.11558472
10916,1.1144505,0.1171278
10928,1.113548,0.11870208
10939,1.1126469,0.12029345
10951,1.1117702,0.12190357
10962,1.1108973,0.12353353
10974,1.1100464,0.12518316
10986,1.1092014,0.12685321
10997,1.1083775,0.12854467
11009,1.1075617,0.13025865
11021,1.1067736,0.13200265
11032,1.1060007,0.13376797
11044,1.105257,0.13555498
11056,1.1045352,0.13736373
11068,1.1038458,0.13919566
11080,1.1031895,0.14105152
11091,1.102588,0.14293127
11103,1.1020621,0.14483531
11115,1.1015351,0.14661085
11127,1.1010061,0.1483994
11139,1.1004789,0.15020064
11151,1.0999565,0.15201369
11163,1.0994392,0.15383788
11175,1.0989419,0.15567321
11187,1.0984485,0.15751952
11199,1.097982,0.15937605
11211,1.0975172,0.1612427
11223,1.0970837,0.16311864
11236,1.0966502,0.16500387
11248,1.0962504,0.16689858
11260,1.0958514,0.16880179
11272,1.0954844,0.17071426
11285,1.0951209,0.17263515
11297,1.0947876,0.17456439
11309,1.0944607,0.17650198
11322,1.0941619,0.17844717
11334,1.0938724,0.18039979
11346,1.0936086,0.18235983
11359,1.0933568,0.18432665
11371,1.093128,0.18630058
11384,1.0929143,0.18828136
11396,1.0927213,0.19026864
11409,1.0925466,0.19226241
11421,1.0923899,0.19426221
11434,1.0922549,0.19626802
11446,1.0921353,0.19827952
11459,1.0920407,0.20029565
11472,1.0919586,0.20231677
11485,1.0919046,0.20434316
11497,1.0918602,0.20637366
11510,1.091847,0.2084074
11523,1.0918404,0.2104456
11536,1.0918685,0.21248751
11548,1.0919002,0.21453289
11561,1.0919696,0.21658029
11574,1.0920396,0.21863132
11587,1.0921508,0.2206842
11600,1.0922621,0.22273898
11613,1.0924126,0.22479658
11626,1.0925657,0.22685517
11639,1.0927553,0.22891554
11652,1.0929508,0.23097695
11665,1.0931796,0.23303848
11679,1.0934174,0.23510001
11692,1.0936855,0.23716227
11705,1.0939656,0.23922338
11718,1.0942725,0.24128395
11731,1.0945944,0.2433439
11745,1.0949402,0.24540233
11758,1.0953042,0.24745891
11771,1.0956886,0.24951363
11785,1.0960941,0.25156602
11798,1.0965169,0.25361606
11812,1.0969638,0.25566303
11825,1.0974247,0.25770647
11838,1.0979124,0.25974704
11852,1.0984109,0.26178328
11866,1.098939,0.26381554
11879,1.0994749,0.26584315
11893,1.1000426,0.26786613
11906,1.100615,0.2698843
11920,1.1012221,0.27189691
11934,1.1018309,0.27390386
11948,1.102476,0.27590436
11961,1.103121,0.27789928
11975,1.1038022,0.27988752
11989,1.1044844,0.28186919
12003,1.1051994,0.28384436
12017,1.1059181,0.28581129
12031,1.1066654,0.28777154
12045,1.1074189,0.28972368
12059,1.1081974,0.29166824
12073,1.1089844,0.29360536
12087,1.1097932,0.29553368
12101,1.1106123,0.29745402
12115,1.1114499,0.29936632
12129,1.1122997,0.30127084
12143,1.1131654,0.30316739
12158,1.1140452,0.30505558
12172,1.114938,0.30693541
12186,1.1158464,0.30880777
12201,1.1167656,0.31067242
12215,1.1177023,0.31252852
12229,1.1186475,0.31437719
12244,1.1196118,0.31621784
12258,1.1205823,0.31804999
12273,1.1215735,0.31987518
12287,1.1225687,0.32169203
12302,1.1235858,0.32350082
12317,1.1246051,0.32530288
12331,1.1256485,0.32709658
12346,1.1266921,0.32888202
12361,1.1277605,0.33066095
12375,1.1288289,0.33243224
12390,1.1299206,0.33419603
12405,1.131014,0.33595239
12420,1.1321291,0.33770219
12435,1.1332478,0.33944383
12450,1.1343857,0.3411787
12465,1.1355289,0.34290631
12480,1.1366899,0.34462722
12495,1.1378581,0.34634094
12510,1.1390423,0.34804789
12525,1.1402356,0.34974833
12540,1.1414437,0.35144228
12555,1.1426633,0.35312918
12570,1.1438959,0.35480917
12586,1.1451422,0.35648265
12601,1.1464001,0.3581492
12616,1.1476744,0.35980792
12632,1.1489582,0.36145865
12647,1.15026,0.36310195
12662,1.1515695,0.36473753
12678,1.1528999,0.36636475
12693,1.1542356,0.36798339
12709,1.1555941,0.36959294
12725,1.1569559,0.37119397
12740,1.1583426,0.37278573
12756,1.1597306,0.37436811
12772,1.1611451,0.37594033
12787,1.1625596,0.37750327
12803,1.1640013,0.37905665
12819,1.1654439,0.38059878
12835,1.1669107,0.38213067
12851,1.1683803,0.38365148
12867,1.1698714,0.38516116
12883,1.1713673,0.38665969
12899,1.1728825,0.38814708
12915,1.1744043,0.38962332
12931,1.1759435,0.39108774
12947,1.177491,0.39254009
12963,1.1790534,0.39398037
12979,1.1806257,0.39540858
12996,1.182211,0.39682471
13012,1.1838081,0.39822777
13028,1.1854157,0.39961784
13045,1.1870363,0.40099496
13061,1.1886653,0.40235856
13078,1.1903084,0.4037088
13094,1.1919578,0.40504511
13111,1.1936217,0.40636778
13127,1.1952902,0.4076772
13144,1.1969742,0.4089727
13161,1.1986612,0.41025445
13177,1.2003644,0.41152305
13194,1.202069,0.41277773
13211,1.2037906,0.41401856
13228,1.2055123,0.41524634
13245,1.2072522,0.4164602
13262,1.2089922,0.41765971
13279,1.2107469,0.41884518
13296,1.2125028,0.42001762
13313,1.2142726,0.4211762
13330,1.2160446,0.42232085
13347,1.2178287,0.42345237
13364,1.2196161,0.42457013
13381,1.2214143,0.42567469
13399,1.223217,0.42676556
13416,1.2250292,0.42784315
13433,1.2268469,0.42890714
13451,1.2286727,0.42995719
13468,1.2305047,0.43099386
13486,1.2323437,0.43201703
13503,1.2341899,0.43302674
13521,1.2360418,0.43402301
13539,1.237902,0.43500536
13556,1.2397667,0.43597415
13574,1.2416403,0.43692961
13592,1.2435176,0.43787143
13610,1.2454049,0.4388
13628,1.2472948,0.43971464
13646,1.2491955,0.44061554
13663,1.2510979,0.4415033
13682,1.2530128,0.44237701
13700,1.2549282,0.44323602
13718,1.256857,0.44408195
13736,1.2587858,0.44491303
13754,1.2607276,0.44572974
13772,1.2626699,0.44653149
13791,1.2646232,0.44731749
13809,1.2665777,0.44808943
13827,1.2685425,0.4488458
13846,1.2705096,0.44958717
13864,1.2724855,0.45031292
13883,1.2744645,0.4510229
13902,1.276451,0.45171709
13920,1.2784412,0.4523955
13939,1.2804377,0.45305751
13958,1.2824384,0.45370338
13977,1.2844443,0.45433293
13995,1.2864549,0.45494577
14014,1.2884696,0.45554189
14033,1.2904893,0.45612087
14052,1.292512,0.4566826
14071,1.2945395,0.45722727
14090,1.2965691,0.45775429
14110,1.2986034,0.45826395
14129,1.300639,0.4587564
14148,1.3026793,0.4592305
14167,1.3047203,0.45968677
14187,1.3067649,0.46012462
14206,1.3088098,0.46054472
14226,1.3108578,0.46094625
14245,1.3129058,0.46132921
14265,1.3149548,0.4616936
14285,1.3170037,0.4620388
14304,1.3190512,0.46236627
14324,1.3210985,0.4626752
14344,1.323143,0.46296556
14364,1.3251869,0.46323818
14384,1.3272272,0.46349316
14404,1.3292664,0.46373125
14424,1.3313018,0.46395191
14444,1.3333357,0.46415493
14464,1.3353652,0.4643416
14484,1.3373922,0.46451127
14504,1.3394148,0.46466444
14525,1.3414339,0.46480183
14545,1.343449,0.46492294
14565,1.3454598,0.46502827
14586,1.3474667,0.46511787
14606,1.3494679,0.46519156
14627,1.3514657,0.46525039
14648,1.3534566,0.4652947
14668,1.3554448,0.46532449
14689,1.3574251,0.46533927
14710,1.3594034,0.46534061
14731,1.3613728,0.46532745
14752,1.3633408,0.46530116
14773,1.3652989,0.46526104
14794,1.3672566,0.46520793
14815,1.3692033,0.46514182
14836,1.3711501,0.46506272
14858,1.3730857,0.46497208
14879,1.3750208,0.4648684
14900,1.3769453,0.46475262
14922,1.3788684,0.46462563
14943,1.380783,0.46448749
14965,1.3826957,0.46433822
14986,1.3846012,0.46417705
15008,1.3865042,0.46400524
15030,1.3884012,0.46382186
15052,1.3902953,0.46362706
15074,1.3921844,0.46342111
15096,1.3940702,0.46320345
15118,1.3959515,0.46297371
15140,1.3978287,0.46273191
15162,1.399702,0.4624785
15184,1.4015705,0.4622131
15206,1.4034357,0.46193548
15229,1.4052955,0.461646
15251,1.4071525,0.46134385
15273,1.4090032,0.46102962
15296,1.4108518,0.46070308
15319,1.4126932,0.46036375
15341,1.4145332,0.46001199
15364,1.4163645,0.4596466
15387,1.4181951,0.45926902
15410,1.420016,0.45887845
15432,1.4218369,0.45847487
15455,1.4236466,0.4580583
15479,1.4254562,0.45762826
15502,1.4272543,0.45718519
15525,1.4290515,0.45672823
15548,1.4308368,0.4562582
15572,1.4326201,0.45577517
15595,1.4343925,0.45527914
15618,1.4361619,0.45476861
15642,1.4379202,0.45424537
15666,1.4396738,0.45370803
15689,1.4414163,0.45315711
15713,1.4431524,0.45259259
15737,1.4448776,0.45201472
15761,1.446594,0.45142385
15785,1.4483005,0.45082047
15809,1.4499963,0.45020457
15833,1.451683,0.44957609
15857,1.4533565,0.44893594
15882,1.4550223,0.44828429
15906,1.4566727,0.44762121
15930,1.4583169,0.44694763
15955,1.4599433,0.44626316
15979,1.4615653,0.4455687
16004,1.4631675,0.44486477
16029,1.464767,0.44415077
16054,1.4663442,0.44342759
16079,1.4679205,0.44269598
16103,1.4694726,0.44195513
16129,1.4710248,0.44120592
16154,1.4725515,0.440449
16179,1.4740771,0.43968557
16204,1.4755803,0.43891476
16230,1.4770807,0.43813737
16255,1.4785602,0.43735349
16280,1.480035,0.43656389
16306,1.4814912,0.43576872
16332,1.4829408,0.43496869
16357,1.4843745,0.43416402
16383,1.4858001,0.43335471
16409,1.4872121,0.43254136
16435,1.4886145,0.43172373
16461,1.4900054,0.43090253
16488,1.4913856,0.43007804
16514,1.4927564,0.42924983
16540,1.4941152,0.42841877
16567,1.4954668,0.42758507
16593,1.496806,0.42674837
16620,1.4981398,0.42590949
16646,1.499461,0.42506754
16673,1.5007784,0.42422237
16700,1.5020824,0.42337513
16727,1.5033841,0.42252493
16754,1.5046721,0.42167102
16781,1.505959,0.4208136
16808,1.5072311,0.41995419
16835,1.5085032,0.4190911
16863,1.5097605,0.41822522
16890,1.5110176,0.41735548
16918,1.5122616,0.41648389
16946,1.5135045,0.41560955
16973,1.5147373,0.41473157
17001,1.5159682,0.41385069
17029,1.5171912,0.41296625
17057,1.518412,0.41207734
17085,1.5196263,0.41118379
17113,1.5208379,0.41028492
17142,1.5220433,0.4093792
17170,1.5232451,0.40846726
17198,1.524441,0.40754804
17227,1.5256321,0.406621
17256,1.5268171,0.40568553
17284,1.5279953,0.40474171
17313,1.5291677,0.4037896
17342,1.5303315,0.40282821
17371,1.5314898,0.40185754
17400,1.5326366,0.40087758
17430,1.5337787,0.39988833
17459,1.5349067,0.39888931
17488,1.5360306,0.39787957
17518,1.5371354,0.39686054
17548,1.5382375,0.39583223
17577,1.5393162,0.39479474
17607,1.5403939,0.39374896
17637,1.5414438,0.39269579
17667,1.5424937,0.39163609
17697,1.5435159,0.39057063
17728,1.5445369,0.3894996
17758,1.5455329,0.388423
17788,1.5465257,0.38734082
17819,1.5474949,0.38625308
17850,1.5484585,0.38515976
17880,1.5493995,0.38406162
17911,1.5503325,0.38295742
17942,1.5512423,0.38184807
17973,1.5521403,0.38073407
18005,1.5530155,0.37961725
18036,1.5538747,0.37849856
18067,1.5547141,0.37738069
18099,1.5555346,0.37626559
18131,1.5563406,0.37515421
18162,1.5571279,0.37404831
18194,1.5579053,0.37294687
18226,1.5586652,0.37184945
18258,1.5594178,0.37075605
18290,1.5601523,0.36966663
18323,1.5608817,0.36858118
18355,1.5615926,0.36749967
18388,1.5623002,0.36642209
18420,1.5629887,0.3653484
18453,1.5636758,0.36427859
18486,1.5643431,0.36321264
18519,1.5650104,0.36215051
18552,1.5656578,0.3610922
18585,1.566305,0.36003767
18619,1.5669346,0.35898691
18652,1.5675627,0.35793989
18686,1.5681752,0.3568966
18720,1.5687849,0.355857
18754,1.5693809,0.35482107
18788,1.5699729,0.35378881
18822,1.570553,0.35276017
18856,1.571128,0.35173514
18890,1.5716927,0.3507137
18925,1.5722512,0.34969583
18959,1.572801,0.34868149
18994,1.5733435,0.34767068
19029,1.5738788,0.34666337
19064,1.574406,0.34565953
19099,1.5749272,0.34465914
19134,1.5754395,0.34366219
19170,1.575947,0.34266864
19205,1.5764447,0.34167848
19241,1.5769389,0.34069169
19276,1.5774226,0.33970824
19312,1.5779038,0.33872811
19348,1.5783737,0.33775127
19385,1.5788422,0.33677771
19421,1.5792987,0.33580741
19457,1.5797548,0.33484033
19494,1.5801983,0.33387647
19531,1.5806417,0.33291579
19567,1.581073,0.33195827
19604,1.5815038,0.33100389
19642,1.5819236,0.33005264
19679,1.582342,0.32910448
19716,1.5827506,0.3281594
19754,1.5831568,0.32721737
19791,1.5835543,0.32627837
19829,1.5839487,0.32534238
19867,1.5843353,0.32440937
19905,1.584718,0.32347933
19944,1.585094,0.32255223
19982,1.5854653,0.32162804
20021,1.5858308,0.32070676
20059,1.5861909,0.31978835
20098,1.5865461,0.31887279
20137,1.5868951,0.31796006
20177,1.5872402,0.31705014
20216,1.5875784,0.316143
20255,1.5879135,0.31523863
20295,1.588241,0.314337
20335,1.5885663,0.31343808
20375,1.5888833,0.31254186
20415,1.5891989,0.31164832
20455,1.5895056,0.31075743
20496,1.5898115,0.30986917
20536,1.5901079,0.30898351
20577,1.5904043,0.30810044
20618,1.5906908,0.30721994
20659,1.5909771,0.30634197
20700,1.5912543,0.30546652
20741,1.5915308,0.30459357
20783,1.5917989,0.30372309
20825,1.5920654,0.30285506
20867,1.5923245,0.30198946
20909,1.5925813,0.30112627
20951,1.5928314,0.30026546
20993,1.5930786,0.29940702
21036,1.5933197,0.29855091
21079,1.5935573,0.29769713
21122,1.5937896,0.29684563
21165,1.5940176,0.29599641
21208,1.5942412,0.29514945
21252,1.5944597,0.29430471
21295,1.5946745,0.29346217
21339,1.5948835,0.29262182
21383,1.5950896,0.29178364
21427,1.5952893,0.29094759
21472,1.5954866,0.29011366
21516,1.5956769,0.28928182
21561,1.5958656,0.28845206
21606,1.5960465,0.28762435
21651,1.5962265,0.28679866
21696,1.596398,0.28597499
21742,1.5965693,0.28515329
21787,1.5967314,0.28433356
21833,1.5968936,0.28351576
21879,1.5970468,0.28269989
21925,1.5971996,0.2818859
21972,1.5973441,0.28107379
22019,1.5974875,0.28026353
22065,1.5976232,0.2794551
22112,1.5977571,0.27864847
22160,1.5978841,0.27784363
22207,1.5980085,0.27704055
22255,1.5981266,0.2762392
22303,1.5982414,0.27543957
22351,1.5983506,0.27464164
22399,1.5984557,0.27384538
22448,1.5985558,0.27305076
22496,1.5986512,0.27225778
22545,1.5987422,0.2714664
22594,1.5988276,0.2706766
22644,1.5989095,0.26988836
22693,1.5989849,0.26910167
22743,1.5990574,0.26831648
22793,1.5991227,0.26753279
22843,1.5991857,0.26675058
22894,1.5992406,0.26596981
22944,1.5992941,0.26519047
22995,1.5993385,0.26441253
23046,1.5993822,0.26363597
23097,1.5994158,0.26286078
23149,1.5994494,0.26208692
23201,1.5994722,0.26131438
23253,1.5994949,0.26054313
23305,1.5995073,0.25977315
23358,1.5995188,0.25900443
23410,1.5995206,0.25823692
23463,1.5995205,0.25747063
23516,1.5995114,0.25670551
23570,1.5994995,0.25594155
23624,1.5994792,0.25517873
23678,1.5994551,0.25441703
23732,1.5994232,0.25365642
23786,1.5993865,0.25289688
23841,1.5993426,0.25213838
23896,1.5992928,0.25138092
23951,1.5992367,0.25062446
24006,1.5991733,0.24986897
24062,1.5991042,0.24911445
24118,1.5990266,0.24836087
24174,1.5989442,0.2476082
24231,1.5988517,0.24685642
24288,1.5987552,0.24610551
24345,1.5986469,0.24535545
24402,1.5985357,0.24460621
24459,1.5984106,0.24385778
24517,1.5982838,0.24311013
24575,1.5981406,0.24236324
24634,1.597997,0.24161709
24692,1.597834,0.24087164
24751,1.597671,0.2401269
24810,1.5974869,0.23938282
24870,1.5973016,0.23863938
24930,1.5970925,0.23789658
24990,1.5968801,0.23715437
25050,1.5966346,0.23641275
25111,1.5963809,0.23568052
25172,1.5961166,0.23498168
25233,1.5958484,0.23428283
25295,1.5955643,0.23358398
25356,1.5952718,0.23289105
25419,1.5949746,0.23222747
25481,1.5946739,0.23156389
25544,1.594362,0.23090031
25607,1.5940391,0.23024064
25670,1.5937153,0.22961056
25734,1.5933904,0.22898048
25798,1.5930618,0.2283504
25862,1.5927265,0.22772025
25927,1.5923841,0.22708916
25992,1.5920236,0.22645806
26057,1.5916514,0.22582697
26123,1.5912341,0.22519686
26189,1.5908191,0.22463555
26255,1.5904188,0.22407423
26322,1.5900177,0.22351292
26389,1.5896031,0.22295161
26456,1.5891886,0.22240559
26524,1.5887626,0.22186014
26592,1.5883363,0.2213147
26660,1.5878694,0.22076926
26729,1.5873984,0.22028763
26798,1.5869506,0.21981213
26867,1.5865074,0.21933663
26937,1.5860631,0.21886113
27007,1.5856184,0.21838473
27078,1.5851605,0.21790818
27149,1.5846966,0.21743163
27220,1.5842134,0.21695507
27292,1.5837181,0.21651934
27364,1.583226,0.21609322
27436,1.5827367,0.21566709
27509,1.582241,0.21524096
27582,1.5817378,0.21483445
27655,1.5812323,0.21443419
27729,1.5807232,0.21403392
27804,1.5802083,0.21363366
27879,1.5796808,0.21325752
27954,1.5791525,0.21289134
28029,1.5786217,0.21252516
28105,1.5780882,0.21215899
28182,1.5775414,0.21181487
28258,1.5769945,0.21148228
28336,1.5764468,0.2111497
28413,1.5758988,0.21081711
28491,1.5753372,0.2104994
28570,1.5747757,0.21019142
28649,1.5742092,0.20988344
28728,1.5736425,0.20957545
28808,1.5730612,0.20927691
28888,1.5724777,0.20898596
28969,1.5718773,0.20869502
29050,1.5712727,0.20840408
29132,1.5706551,0.20813857
29214,1.5700325,0.20789817
29296,1.5694147,0.20765778
29379,1.5687994,0.20741738
29463,1.568176,0.20717649
29547,1.5675465,0.20693498
29631,1.5669,0.20669347
29716,1.5662365,0.20645196
29801,1.5655649,0.20623067
29887,1.5648825,0.20603964
29973,1.5641988,0.20584862
30060,1.563513,0.2056576
30148,1.5628218,0.20546925
30236,1.5621167,0.20528587
30324,1.5614043,0.20510249
30413,1.5606634,0.20491911
30502,1.5599197,0.20474819
30592,1.5591574,0.20460654
30683,1.5583938,0.20446489
30774,1.557608,0.20432324
30866,1.5568223,0.20418771
30958,1.5560113,0.20407077
31050,1.5551997,0.20395384
31144,1.5543486,0.2038369
31237,1.5534934,0.20372963
31332,1.5526167,0.20366204
31427,1.5517357,0.20359444
31522,1.5508227,0.20352685
31618,1.5498995,0.20346641
31715,1.5489562,0.20344819
31812,1.5480037,0.20342997
31910,1.5470123,0.20341175
32009,1.5459962,0.20340231
32108,1.5449758,0.20347754
32208,1.5439517,0.20355278
32308,1.5429131,0.20362801
32409,1.5418577,0.20370458
32511,1.5407877,0.20381094
32613,1.5396947,0.2039173
32716,1.5385699,0.20402366
32819,1.5373754,0.20413001
32923,1.5361791,0.20435233
33028,1.5349773,0.20457568
33134,1.5337592,0.20479903
33240,1.5324585,0.20502238
33347,1.5311589,0.20537284
33454,1.5298705,0.20573138
33563,1.5285805,0.20608991
33672,1.527188,0.20644845
33781,1.5257955,0.20694081
33892,1.5244255,0.20744981
34003,1.5230568,0.20795881
34115,1.5216022,0.20846781
34227,1.5201344,0.20911713
34341,1.5186819,0.20979347
34455,1.5172332,0.21046981
34570,1.5157141,0.21114615
34685,1.5141676,0.21198121
34802,1.5126368,0.21285932
34919,1.5111145,0.21373743
35037,1.5095407,0.21461555
35155,1.5079283,0.21567312
35275,1.5063366,0.21679516
35395,1.5047659,0.21791719
35517,1.5031653,0.21903923
35639,1.5015241,0.22035165
35762,1.4999074,0.2217517
35885,1.4983364,0.22315175
36010,1.4967537,0.2245518
36135,1.4951404,0.22612707
36262,1.4935431,0.22780352
36389,1.4920097,0.22947997
36517,1.4904725,0.23115642
36646,1.4889094,0.23301375
36776,1.4873526,0.23500097
36907,1.4859087,0.23698819
37039,1.4844648,0.23897541
37172,1.4830272,0.24113245
37305,1.4815899,0.24343942
37440,1.4802978,0.24574638
37576,1.4790211,0.24805334
37712,1.4777962,0.25049692
37850,1.4765818,0.25308836
37989,1.4754944,0.2556798
38128,1.4744482,0.25827124
38269,1.473497,0.2609956
38411,1.4725903,0.26389664
38553,1.4719007,0.26679767
38697,1.4713517,0.2696987
38842,1.4708935,0.27250343
38988,1.4705151,0.2751493
39135,1.4701512,0.27779517
39284,1.4698045,0.28044104
39433,1.4694257,0.28299968
39584,1.4689957,0.28538179
39735,1.4684088,0.28776389
39888,1.4674734,0.290146
40042,1.4665734,0.29286159
40197,1.4657883,0.2964534
40354,1.4651389,0.30004521
40511,1.4651922,0.30363701
40670,1.4652467,0.30703907
40830,1.4653137,0.30978673
40992,1.4653718,0.3125344
41154,1.4647839,0.31528207
41318,1.4641961,0.31822981
41484,1.4638049,0.32213489
41650,1.4634265,0.32603998
41818,1.4634747,0.32994506
41987,1.4635893,0.33385904
42158,1.4639406,0.337837
42330,1.4643544,0.34181497
42504,1.4649384,0.34579294
42679,1.4655896,0.34977542
42855,1.4663994,0.35381686
43033,1.4672974,0.3578583
43212,1.4683344,0.36189975
43393,1.4694769,0.36594075
43575,1.4707222,0.3699606
43759,1.4720729,0.37398044
43945,1.4735109,0.37800029
44132,1.4750695,0.38202013
44320,1.4766996,0.38602959
44510,1.4784646,0.39003871
44702,1.4802947,0.39404783
44896,1.4822992,0.39805694
45091,1.4843401,0.4020019
45288,1.486529,0.40594107
45487,1.4887489,0.40988024
45687,1.4911882,0.41381942
45889,1.4936354,0.41766182
46093,1.4962351,0.42148932
46299,1.4988348,0.42531682
46506,1.5016883,0.42914432
46716,1.5045483,0.43284497
46927,1.5075312,0.43651695
47141,1.5105277,0.44018893
47356,1.5137311,0.4438609
47573,1.5169779,0.44739669
47792,1.5203277,0.45089034
48014,1.5237114,0.45438399
48237,1.5272677,0.45787764
48462,1.5309058,0.46120203
48690,1.5346115,0.46445823
48920,1.5383613,0.46771443
49151,1.5422348,0.47097062
49385,1.5462181,0.47406419
49622,1.5502555,0.4770747
49860,1.5543577,0.48008522
50101,1.5585519,0.48309573
50344,1.5628953,0.48590434
50590,1.5672587,0.48858443
50838,1.5716671,0.49126452
51088,1.5761236,0.49394461
51341,1.580738,0.49645518
51597,1.5853642,0.49883209
51855,1.5900525,0.50120899
52115,1.5947594,0.5035859
52379,1.5996675,0.50577849
52644,1.6045759,0.50779275
52913,1.6095203,0.50980701
53184,1.6144647,0.51182126
53459,1.6195938,0.51365864
53736,1.6247354,0.51528615
54015,1.6298971,0.51691366
54298,1.6350621,0.51854117
54584,1.6403573,0.5200006
54873,1.6456876,0.5212146
55165,1.65103,0.5224286
55460,1.6563773,0.52364261
55758,1.6618045,0.52469876
56059,1.6672766,0.52546756
56364,1.6727472,0.52623635
56672,1.6782166,0.52700514
56983,1.6837225,0.52763864
57298,1.689266,0.52796191
57617,1.6948041,0.52828518
57938,1.7003348,0.52860845
58264,1.7058762,0.5288237
58593,1.7114378,0.52871967
58926,1.7169994,0.52861563
59263,1.7225606,0.5285116
59603,1.7281202,0.52831812
59948,1.733673,0.52777106
60296,1.7392251,0.52722399
60649,1.7447728,0.52667692
61006,1.7503178,0.52606188
61367,1.7558081,0.52506151
61732,1.7612984,0.52406114
62102,1.7667659,0.52306077
62476,1.7722329,0.52201649
62855,1.7776018,0.52057295
63238,1.7829595,0.51912941
63626,1.7882741,0.51768587
64019,1.7935794,0.51622386
64416,1.7987788,0.51439709
64819,1.8039429,0.51257033
65226,1.8090876,0.51074357
65639,1.8142232,0.50891681
66057,1.819243,0.50669026
66481,1.8241859,0.50446263
66910,1.8290951,0.50223499
67344,1.8339738,0.50000736
67784,1.838745,0.49744135
68230,1.843386,0.49485579
68682,1.847991,0.49227023
69140,1.852537,0.48968467
69604,1.8569843,0.48680153
70074,1.8612061,0.4838833
70551,1.8653459,0.48096507
71034,1.8692117,0.47804684
71524,1.8730796,0.47535669
72021,1.8769594,0.47270883
72525,1.8808496,0.47006097
73035,1.8848573,0.46741311
73553,1.8888638,0.46454066
74079,1.892705,0.4616095
74612,1.8965461,0.45867833
75152,1.9003675,0.45574717
75701,1.9041874,0.45265745
76258,1.9078607,0.44951256
76823,1.9115099,0.44636767
77396,1.9151242,0.44322277
77978,1.9187289,0.43996338
78569,1.9222656,0.43665252
79168,1.9257747,0.43334166
79777,1.9293178,0.4300308
80396,1.9328804,0.42633382
81024,1.9361664,0.42241875
81662,1.9392374,0.41850368
82310,1.9421238,0.4145886
82969,1.9448169,0.41089892
83638,1.9475592,0.40736706
84318,1.9503714,0.40383521
85009,1.9532242,0.40030335
85711,1.956156,0.39640798
86426,1.9589536,0.39219951
87152,1.9613801,0.38799104
87891,1.9637382,0.38378258
88642,1.9658073,0.37963692
89406,1.9678538,0.37555786
90183,1.9697308,0.37147879
90974,1.9715984,0.36739973
91780,1.9732576,0.36334314
92599,1.9749168,0.3593158
93433,1.9763931,0.35528846
94283,1.9778635,0.35126113
95148,1.9791409,0.34726219
96029,1.9803955,0.34330892
96926,1.9814979,0.33935564
97841,1.9825669,0.33540236
98773,1.9834711,0.3314848
99722,1.9843194,0.32763889
100691,1.985034,0.32379297
101678,1.9856835,0.31994706
102684,1.9861999,0.31615962
103711,1.9866269,0.31252197
104759,1.9869789,0.30888432
105828,1.9872629,0.30524667
106919,1.9874539,0.30164556
108033,1.9875309,0.29816688
109170,1.9875195,0.29468821
110331,1.9873611,0.29120953
111518,1.9871455,0.28782716
112730,1.9867974,0.28468913
113969,1.9864093,0.2815511
115235,1.9858853,0.27841308
116530,1.9853357,0.27532292
117854,1.9846446,0.27256162
119209,1.9839394,0.26980032
120595,1.9830702,0.26703902
122014,1.9822005,0.26431328
123467,1.9812158,0.26201866
124954,1.980231,0.25972404
126478,1.9791113,0.25742942
128039,1.9779814,0.25514719
129640,1.9767994,0.25334218
131281,1.9756087,0.25153716
132964,1.9742925,0.24973214
134691,1.9729412,0.24792713
136463,1.9715949,0.24667338
138283,1.9702507,0.24543411
140152,1.9688151,0.24419484
142072,1.9673267,0.24295557
144045,1.9658845,0.24227665
146074,1.9644787,0.24164481
148161,1.9630049,0.24101297
150308,1.9614589,0.24038112
152519,1.9599841,0.24032459
154795,1.9586113,0.2403528
157141,1.9572009,0.24038102
159558,1.9557164,0.24040923
162051,1.9542993,0.24098447
164624,1.9530715,0.2416792
167279,1.9518266,0.24237394
170021,1.9505082,0.24306867
172855,1.9492256,0.24426222
175785,1.9482204,0.24560491
178816,1.9472102,0.2469476
181953,1.9460811,0.2482903
185203,1.944952,0.25014887
188570,1.9442167,0.25221015
192062,1.9434953,0.25427143
195686,1.9427521,0.2563327
199450,1.9420063,0.25882367
203361,1.9415386,0.26152913
207428,1.9411329,0.2642346
211662,1.9406578,0.26694006
216071,1.9401586,0.27024053
220669,1.9400333,0.27391168
225466,1.9400927,0.27758284
230477,1.9402547,0.28125399
235715,1.9404864,0.28524813
241197,1.9408991,0.28949068
246941,1.9414782,0.29373323
252964,1.9420374,0.29797578
259288,1.942572,0.30270707
265937,1.9432722,0.30790169
272936,1.9442515,0.31309632
280313,1.9452086,0.31829095
288100,1.9461135,0.32402078
296332,1.9471241,0.33037271
305048,1.948501,0.33672465
314293,1.9498377,0.34307658
324115,1.9509461,0.35008891
334572,1.9520939,0.35804543
345725,1.9537222,0.36600195
357647,1.9553495,0.37395847
370422,1.9563079,0.38274526
384142,1.9572663,0.39300376
398918,1.9584617,0.40326227
414877,1.9596757,0.41352077
432165,1.9592166,0.42488762
450957,1.9584695,0.43873586
471457,1.9539816,0.4525841
493910,1.9484323,0.46643233
518608,1.9468983,0.50034513
545907,1.9470464,0.52776349
576239,1.9483895,0.55924388
610141,1.9504326,0.59506825
648280,1.954848,0.6356186
691506,1.9611547,0.6837591
740908,1.9717148,0.74039809
797911,1.9868421,0.80028417
864417,2.0112664,0.87911151
943018,2.049179,0.96646785
1037342,2.1024802,1.0623533
1152633,2.1864891,1.1801243
1296756,2.2838724,1.2933933
1482070,2.4193904,1.3949678
1729181,2.5619298,1.4817286
2075184,2.7353057,1.6276529
2594292,2.9436816,1.8296001
3459751,3.4315804,2.1330914
5191709,3.9013815,2.5245161
10395939,3.9013815,2.818758
