119,2.12629111265,1.01415859714
120,2.12935489787,1.01733032081
120,2.13300598246,1.0204364385
120,2.13726982794,1.02338886444
120,2.14215799045,1.02608721867
120,2.14766385973,1.02842078138
120,2.15375848567,1.03027187674
120,2.16038699348,1.03152081735
121,2.16746619713,1.03205235219
121,2.17488405249,1.03176330231
121,2.18250150225,1.03057077402
121,2.19015702826,1.02842007258
121,2.19767385204,1.02529128026
121,2.20486927155,1.02120348804
121,2.21156519193,1.01621591699
122,2.21759862092,1.01042560918
122,2.22283084652,1.00396191627
122,2.22715422587,0.996978531484
122,2.23049593706,0.989644168363
122,2.23281856652,0.982133106521
122,2.23411789153,0.974616699613
122,2.23441856407,0.967256636608
122,2.23376856177,0.960200366574
123,2.23223325429,0.953578736399
123,2.22988979116,0.94750561737
123,2.22682231673,0.942079136454
123,2.22311831687,0.937384073723
123,2.21886624035,0.933495010588
123,2.21415443401,0.930479879974
123,2.20907138733,0.92840364754
124,2.20370729376,0.927331917399
124,2.19815699262,0.927334286421
124,2.1925244479,0.928487249453
124,2.1869290374,0.930876360836
124,2.18151405011,0.934597151184
124,2.17645788644,0.939753931145
124,2.17198844518,0.946455013426
125,2.16840089683,0.954801967558
125,2.16607816009,0.96486924253
125,2.16551134183,0.97666898122
125,2.16731330346,0.990094743712
125,2.17221146481,1.00483891952
125,2.18099608704,1.02028555423
126,2.19439161646,1.03539884573
126,2.2128236889,1.04866165872
126,2.23609530195,1.05815832749
126,2.26307774426,1.06190062719
126,2.29162661317,1.05839909814
126,2.31892506566,1.04727408613
126,2.34222464283,1.02954049458
127,2.35962783422,1.00732685279
127,2.3704814616,0.983175549266
127,2.37524402543,0.959339713607
127,2.37503882672,0.937393470464
127,2.37119399732,0.918188492968
127,2.36493770272,0.902011446792
127,2.35726358603,0.888790069127
128,2.34891046829,0.878264718716
128,2.34039675831,0.870103190059
128,2.33207081643,0.863966521039
128,2.3241584407,0.859541271428
128,2.3168009555,0.856551826228
128,2.31008330456,0.854762044393
128,2.3040537474,0.853971890629
129,2.29873719489,0.854012168839
129,2.29414398267,0.854738947462
129,2.29027547227,0.856028409251
129,2.28712748507,0.857772406661
129,2.28469227064,0.859874782617
129,2.28295949041,0.862248418545
129,2.28191654485,0.864812936501
130,2.28154846962,0.867492976979
130,2.28183755956,0.87021698089
130,2.28276283635,0.872916414464
130,2.28429944947,0.875525384905
130,2.28641808352,0.877980600736
130,2.28908443474,0.880221633216
131,2.29225881243,0.882191434124
131,2.29589591373,0.883837061287
131,2.29994481296,0.885110557331
131,2.3043491963,0.885969920649
131,2.30904786055,0.886380101718
131,2.31397547927,0.886313954325
131,2.31906362276,0.885753071072
132,2.324242001,0.884688436868
132,2.3294398813,0.883120843363
132,2.334587619,0.881061021337
132,2.33961822892,0.878529466004
132,2.34446892151,0.875555950639
132,2.34908252916,0.872178744871
133,2.35340875634,0.868443573398
133,2.35740520032,0.864402366751
133,2.36103810683,0.860111866652
133,2.3642828435,0.855632153473
133,2.3671240934,0.851025162379
133,2.36955578762,0.846353248334
133,2.37158080947,0.841677849602
134,2.37321051201,0.837058286026
134,2.37446409527,0.83255071389
134,2.37536788919,0.828207245024
134,2.37595458498,0.824075225127
134,2.37626245041,0.82019665598
134,2.3763345559,0.816607738739
135,2.37621802812,0.813338511021
135,2.37596333748,0.810412549015
135,2.37562361561,0.807846707168
135,2.37525398952,0.805650871933
135,2.37491091104,0.803827712417
135,2.37465145309,0.802372419415
135,2.37453254025,0.801272435085
136,2.37461007875,0.800507188282
136,2.37493795301,0.800047865001
136,2.3755668618,0.799857258796
136,2.37654297874,0.799889761422
136,2.3779064402,0.800091567427
136,2.37968968817,0.800401175672
137,2.38191572742,0.800750272453
137,2.38459639184,0.801065071663
137,2.38773075159,0.801268163911
137,2.39130382417,0.801280886631
137,2.395285772,0.801026171369
137,2.39963176743,0.800431756444
137,2.40428267826,0.799433581194
138,2.40916666696,0.797979113935
138,2.41420171028,0.796030323814
138,2.41929893974,0.793565999904
138,2.42436659529,0.790583157592
138,2.42931429386,0.78709735259
138,2.43405725957,0.783141836944
139,2.43852015712,0.778765620863
139,2.44264021616,0.774030626142
139,2.44636942366,0.769008209766
139,2.44967567705,0.76377538502
139,2.45254291002,0.758411067487
139,2.45497030653,0.752992630119
140,2.45697079148,0.747592978546
140,2.45856902351,0.742278271515
140,2.45979911797,0.737106327368
140,2.46070230357,0.732125687515
140,2.46132467535,0.727375257958
140,2.46171515869,0.72288442143
141,2.46192375277,0.718673502996
141,2.46200008182,0.714754476618
141,2.4619922519,0.711131814057
141,2.46194599007,0.707803396051
141,2.46190403022,0.704761425394
141,2.46190570454,0.701993299941
142,2.46198669921,0.699482419329
142,2.46217893586,0.697208911823
142,2.46251054526,0.695150277105
142,2.4630059053,0.693281947456
142,2.46368572097,0.691577773972
142,2.46456712952,0.690010446903
143,2.46566381876,0.688551860142
143,2.46698615001,0.687173429983
143,2.46854128109,0.685846377602
143,2.47033328674,0.684541983675
143,2.47236327609,0.683231822297
143,2.47462950818,0.681887979978
144,2.47712750744,0.680483264089
144,2.47985018157,0.678991403817
144,2.48278794471,0.677387245394
144,2.48592884858,0.675646942251
144,2.48925872411,0.673748139716
144,2.49276133581,0.67167015305
145,2.49641855028,0.669394136879
145,2.50021051995,0.666903243626
145,2.50411588216,0.664182768164
145,2.508111973,0.661220275796
145,2.51217505452,0.658005710717
145,2.51628055328,0.654531482326
146,2.52040330737,0.650792527172
146,2.52451781862,0.646786344873
146,2.52859850609,0.642513007027
146,2.5326199568,0.637975138961
146,2.53655716938,0.633177874995
146,2.54038578654,0.628128788863
147,2.54408231228,0.622837801823
147,2.5476243105,0.617317071923
147,2.55099058178,0.611580868753
147,2.55416131643,0.605645438831
147,2.55711822247,0.599528867515
147,2.55984462824,0.593250944046
148,2.56232556095,0.586833036958
148,2.56454780338,0.580297987766
148,2.56649993323,0.573670031479
148,2.56817235109,0.566974753274
148,2.5695573061,0.560239091504
148,2.57064893138,0.553491398224
149,2.57144330631,0.546761569581
149,2.57193856887,0.540081259509
149,2.57213511103,0.533484191054
149,2.57203590291,0.527006579429
149,2.57164701153,0.520687678358
149,2.57097840723,0.514570453515
150,2.57004519116,0.508702368971
150,2.56886943218,0.503136235058
150,2.56748287517,0.497930992356
150,2.56593087152,0.493152167655
150,2.56427796905,0.488871485922
150,2.562615626,0.48516468524
151,2.56107234069,0.48210586791
151,2.55982580321,0.479755669756
151,2.55911488646,0.478139283211
151,2.5592455063,0.477209713416
151,2.56057789911,0.476793835999
152,2.56347520057,0.476528322592
152,2.56819242618,0.475814077915
152,2.57470871199,0.473846668185
152,2.58256767146,0.469784608495
152,2.59085696066,0.463045842978
152,2.59842685827,0.453584862356
153,2.6042705781,0.441945053689
153,2.60782951233,0.429032318034
153,2.60905149149,0.415777431926
153,2.6082407744,0.402895501305
153,2.60585201271,0.390814461183
153,2.60233811719,0.379719733917
154,2.59807640592,0.369636797931
154,2.59335082493,0.360504591178
154,2.58836180495,0.352225426302
154,2.58324482205,0.344693702133
154,2.57808854627,0.337810142221
155,2.57294945037,0.331487537245
155,2.56786253511,0.325652027481
155,2.56284881523,0.320242303736
155,2.55792039127,0.315208006148
155,2.55308382329,0.310507954992
155,2.54834234831,0.306108496708
156,2.54369732534,0.301982068981
156,2.53914917033,0.298106002896
156,2.53469795665,0.294461543117
156,2.53034379749,0.291033054082
156,2.52608708638,0.287807378474
156,2.5219286459,0.284773317255
157,2.5178698169,0.281921205087
157,2.5139125092,0.279242559649
157,2.51005922695,0.276729787524
157,2.50631307681,0.274375932911
157,2.50267776373,0.272174458314
158,2.49915757661,0.270119048737
158,2.49575736473,0.268203432893
158,2.49248250437,0.266421216512
158,2.48933885452,0.264765724286
158,2.48633269969,0.263229848189
158,2.48347067763,0.261805901123
159,2.48075968932,0.260485475969
159,2.47820678857,0.259259311256
159,2.47581904873,0.258117165865
159,2.47360340431,0.257047706359
159,2.47156646584,0.256038411747
160,2.46971430751,0.255075501615
160,2.46805222826,0.254143894596
160,2.46658448878,0.253227204902
160,2.46531402917,0.25230778507
160,2.46424217424,0.251366822885
161,2.46336833646,0.250384499662
161,2.46268972896,0.249340215324
161,2.46220110387,0.248212883108
161,2.46189453307,0.246981293092
161,2.46175924946,0.245624539215
161,2.46178156707,0.244122499308
162,2.46194489598,0.242456352179
162,2.46222986496,0.240609110575
162,2.4626145592,0.238566144545
162,2.46307487357,0.236315666858
162,2.46358497417,0.233849151454
163,2.46411785248,0.231161657678
163,2.46464594879,0.228252037414
163,2.46514181549,0.22512300904
163,2.46557878677,0.221781090689
163,2.46593162017,0.218236394832
164,2.4661770773,0.214502295695
164,2.46629441587,0.210594989375
164,2.46626577202,0.206532972959
164,2.46607642021,0.202336472818
164,2.46571490702,0.198026853332
164,2.46517306331,0.193626035754
165,2.46444590633,0.189155953177
165,2.46353144855,0.184638062266
165,2.46243043357,0.180092926269
165,2.46114602021,0.175539877612
165,2.45968343581,0.170996762578
166,2.45804961766,0.166479765656
166,2.4562528588,0.162003307409
166,2.45430247106,0.157580007049
166,2.4522084748,0.153220699481
166,2.44998132164,0.148934496021
167,2.44763165351,0.144728878284
167,2.44517009907,0.140609815505
167,2.44260710659,0.136581896738
167,2.43995281115,0.132648470681
167,2.43721693309,0.128811787261
168,2.43440870398,0.125073136421
168,2.43153681656,0.121432980739
168,2.42860939471,0.117891079548
168,2.42563398,0.114446603101
168,2.42261753151,0.111098235999
168,2.41956643611,0.10784426966
169,2.41648652651,0.104682684017
169,2.41338310522,0.101611218903
169,2.41026097231,0.0986274357812
169,2.40712445575,0.0957287705978
169,2.40397744306,0.0929125785907
170,2.40082341333,0.0901761718899
170,2.39766546898,0.0875168507405
170,2.39450636664,0.0849319291312
170,2.39134854685,0.082418755558
170,2.38819416224,0.0799747295937
171,2.3850451041,0.0775973148663
171,2.38190302721,0.0752840489867
171,2.37876937292,0.073032550904
171,2.37564539044,0.0708405261048
171,2.37253215644,0.0687057700235
172,2.36943059304,0.0666261699757
172,2.36634148415,0.0645997058875
172,2.36326549048,0.0626244500501
172,2.36020316303,0.0606985660964
172,2.35715495542,0.0588203073659
173,2.35412123498,0.0569880147953
173,2.35110229281,0.0552001144539
173,2.34809835276,0.0534551148177
173,2.34510957967,0.0517516038637
173,2.3421360866,0.0500882460499
174,2.3391779415,0.0484637792327
174,2.33623517303,0.0468770115678
174,2.33330777592,0.0453268184252
174,2.33039571571,0.0438121393489
174,2.32749893299,0.0423319750805
175,2.32461734727,0.0408853846632
175,2.32175086031,0.0394714826384
175,2.31889935928,0.038089436343
175,2.31606271942,0.0367384633143
175,2.31324080658,0.0354178288039
176,2.31043347934,0.034126843404
176,2.30764059107,0.032864860786
176,2.30486199164,0.0316312755496
176,2.30209752906,0.0304255211809
176,2.2993470509,0.0292470681176
177,2.29661040559,0.0280954219166
177,2.29388744361,0.0269701215226
177,2.29117801854,0.0258707376318
177,2.28848198806,0.024796871148
177,2.2857992148,0.0237481517277
178,2.28312956719,0.0227242364081
178,2.28047292023,0.0217248083156
178,2.27782915618,0.0207495754512
178,2.27519816523,0.019798269547
179,2.27257984616,0.0188706449917
179,2.26997410692,0.0179664778212
179,2.26738086526,0.0170855647704
179,2.26480004927,0.0162277223822
179,2.26223159801,0.0153927861727
180,2.25967546205,0.0145806098469
180,2.25713160412,0.0137910645638
180,2.25459999967,0.0130240382474
180,2.25208063754,0.0122794349411
180,2.24957352065,0.0115571742029
181,2.24707866671,0.0108571905395
181,2.24459610896,0.0101794328768
181,2.24212589709,0.00952386406413
181,2.2396680981,0.00889046041153
181,2.23722279733,0.00827921125714
182,2.2347900996,0.00769011856333
182,2.23237013045,0.00712319653993
182,2.2299630376,0.00657847129296
182,2.22756899252,0.00605598049736
182,2.2251881923,0.00555577309236
183,2.22282086181,0.00507790899804
183,2.22046725611,0.00462245885198
183,2.21812766344,0.00418950376458
183,2.21580240865,0.00377913509204
184,2.21349185738,0.00339145422566
184,2.21119642112,0.00302657239651
184,2.20891656359,0.00268461049406
184,2.20665280866,0.0023656988979
184,2.20440575077,0.00206997732098
185,2.20217606871,0.00179759466311
185,2.19996454484,0.00154870887312
185,2.19777209299,0.00132348681742
185,2.19559980199,0.00112210415209
185,2.19344901079,0.000944745192991
186,2.19132146235,0.000791602771597
186,2.18921977677,0.000662878017004
186,2.18714871068,0.000556418414248
186,2.18510901804,0.000467194610701
187,2.18310021032,0.000392394121243
187,2.18112166308,0.000329674378085
187,2.1791725724,0.000277075204242
187,2.17725202792,0.000232956066996
187,2.17535906704,0.000195943687167
188,2.17349271172,0.000164888282707
188,2.17165199269,0.000138827013949
188,2.16983596519,0.000116953437956
188,2.16804371873,9.8591978636e-05
188,2.16627438288,8.31765846667e-05
189,2.16452713015,7.02328848153e-05
189,2.16280117704,5.93632647297e-05
189,2.16109578372,5.02343846065e-05
189,2.1594102529,4.25667366046e-05
190,2.15774392811,3.61259071153e-05
190,2.15609619163,3.07152642411e-05
190,2.15446646234,2.61698369214e-05
190,2.15285419335,2.23511905969e-05
190,2.15125886981,1.91431363944e-05
191,2.14968000663,1.64481376076e-05
191,2.14811714637,1.41842996124e-05
191,2.14656985724,1.22828480368e-05
191,2.14503773118,1.06860156031e-05
192,2.14352038213,9.34527109367e-06
192,2.14201744434,8.21983477818e-06
192,2.1405285709,7.27543374043e-06
192,2.13905343233,6.48325814579e-06
192,2.13759171529,5.81908584806e-06
193,2.13614312139,5.26254804888e-06
193,2.13470736613,4.79651316738e-06
193,2.13328417792,4.40656979435e-06
193,2.13187329715,4.08059271494e-06
194,2.13047447536,3.80837858503e-06
194,2.1290874745,3.58134002328e-06
194,2.12771206623,3.39224870293e-06
194,2.12634803128,3.23501955233e-06
194,2.12499515888,3.10452945016e-06
195,2.12365324619,2.99646487063e-06
195,2.12232209786,2.90719382928e-06
195,2.12100152554,2.83365823057e-06
195,2.11969134748,2.77328334657e-06
196,2.11839138816,2.72390168323e-06
196,2.11710147792,2.68368893197e-06
196,2.11582145264,2.65111007431e-06
196,2.11455115344,2.62487401811e-06
196,2.11329042642,2.60389540358e-06
197,2.11203912238,2.587262436e-06
197,2.1107970966,2.57420978509e-06
197,2.10956420859,2.56409574458e-06
197,2.10834032193,2.55638297461e-06
198,2.10712530404,2.55062225769e-06
198,2.105919026,2.5464387902e-06
198,2.10472136242,2.54352060725e-06
198,2.10353219124,2.54160880327e-06
199,2.10235139364,2.54048926436e-06
199,2.10117885382,2.53998567364e-06
199,2.10001445895,2.53995358895e-06
199,2.09885809901,2.54027542436e-06
199,2.0977096667,2.54085619338e-06
200,2.09656905728,2.54161989486e-06
200,2.09543616855,2.54250644128e-06
200,2.09431090069,2.54346904513e-06
200,2.09319315619,2.54447199251e-06
201,2.09208283977,2.54548874458e-06
201,2.09097985829,2.5465003166e-06
201,2.08988412069,2.54749389271e-06
201,2.08879553791,2.54846164102e-06
202,2.08771402279,2.54939969938e-06
202,2.08663949006,2.55030730684e-06
202,2.08557185624,2.55118605993e-06
202,2.08451103959,2.55203927617e-06
202,2.08345696004,2.55287144986e-06
203,2.08240953918,2.55368778796e-06
203,2.08136870015,2.55449381531e-06
203,2.08033436763,2.55529504067e-06
203,2.07930646777,2.5560966758e-06
204,2.07828492817,2.55690340154e-06
204,2.07726967783,2.55771917534e-06
204,2.07626064707,2.55854707584e-06
204,2.07525776756,2.55938918033e-06
205,2.07426097222,2.56024647196e-06
205,2.07327019521,2.56111877359e-06
205,2.0722853719,2.56200470563e-06
205,2.07130643882,2.56290166581e-06
206,2.07033333366,2.56380582845e-06
206,2.06936599518,2.56471216168e-06
206,2.06840436325,2.56561446062e-06
206,2.06744837876,2.56650539504e-06
206,2.06649798364,2.56737656992e-06
207,2.0655531208,2.56821859749e-06
207,2.06461373413,2.56902117934e-06
207,2.06367976844,2.56977319721e-06
207,2.06275116949,2.57046281128e-06
208,2.0618278839,2.57107756462e-06
208,2.0609098592,2.57160449252e-06
208,2.05999704374,2.57203023564e-06
208,2.05908938672,2.57234115566e-06
209,2.05818683814,2.57252345239e-06
209,2.05728934881,2.57256328127e-06
209,2.0563968703,2.57244687006e-06
209,2.05550935492,2.57216063386e-06
210,2.05462675575,2.57169128745e-06
210,2.05374902656,2.57102595393e-06
210,2.05287612185,2.57015226902e-06
210,2.05200799679,2.56905847994e-06
211,2.05114460724,2.56773353845e-06
211,2.05028590968,2.56616718712e-06
211,2.04943186129,2.56435003835e-06
211,2.04858241984,2.56227364571e-06
212,2.04773754372,2.55993056699e-06
212,2.04689719193,2.5573144187e-06
212,2.04606132408,2.55441992173e-06
212,2.04522990031,2.55124293799e-06
212,2.04440288137,2.54778049782e-06
213,2.04358022855,2.54403081825e-06
213,2.04276190367,2.53999331202e-06
213,2.04194786909,2.53566858763e-06
213,2.04113808771,2.53105844039e-06
214,2.0403325229,2.52616583496e-06
214,2.03953113858,2.52099487953e-06
214,2.03873389911,2.51555079198e-06
214,2.03794076937,2.50983985875e-06
215,2.0371517147,2.50386938646e-06
215,2.03636670089,2.49764764721e-06
215,2.0355856942,2.49118381784e-06
215,2.03480866133,2.48448791398e-06
216,2.03403556941,2.4775707193e-06
216,2.03326638601,2.47044371076e-06
216,2.03250107911,2.46311898049e-06
216,2.03173961711,2.45560915489e-06
217,2.0309819688,2.4479273117e-06
217,2.0302281034,2.44008689574e-06
217,2.02947799049,2.43210163383e-06
217,2.02873160004,2.4239854497e-06
218,2.0279889024,2.41575237941e-06
218,2.02724986829,2.40741648789e-06
218,2.0265144688,2.39899178723e-06
218,2.02578267536,2.39049215714e-06
219,2.02505445976,2.38193126827e-06
219,2.02432979414,2.37332250861e-06
219,2.02360865096,2.36467891359e-06
219,2.02289100303,2.3560131002e-06
220,2.02217682348,2.34733720541e-06
220,2.02146608576,2.33866282923e-06
220,2.02075876364,2.33000098267e-06
220,2.02005483118,2.3213620407e-06
221,2.01935426278,2.31275570053e-06
221,2.01865703311,2.30419094513e-06
221,2.01796311714,2.29567601216e-06
222,2.01727249014,2.28721836828e-06
222,2.01658512766,2.2788246889e-06
222,2.01590100552,2.27050084317e-06
222,2.01522009984,2.26225188423e-06
223,2.01454238697,2.25408204456e-06
223,2.01386784358,2.24599473619e-06
223,2.01319644655,2.23799255572e-06
223,2.01252817306,2.23007729379e-06
224,2.0118630005,2.22224994885e-06
224,2.01120090656,2.21451074492e-06
224,2.01054186914,2.20685915314e-06
224,2.00988586639,2.19929391669e-06
225,2.0092328767,2.19181307888e-06
225,2.0085828787,2.18441401413e-06
225,2.00793585124,2.17709346142e-06
225,2.0072917734,2.16984755993e-06
226,2.00665062449,2.16267188665e-06
226,2.00601238403,2.15556149551e-06
226,2.00537703178,2.14851095785e-06
226,2.00474454767,2.14151440376e-06
227,2.00411491189,2.13456556428e-06
227,2.0034881048,2.12765781384e-06
227,2.00286410698,2.12078421297e-06
227,2.00224289922,2.11393755084e-06
228,2.00162446248,2.10711038748e-06
228,2.00100877794,2.10029509539e-06
228,2.00039582696,2.09348390048e-06
229,1.9997855911,2.08666892189e-06
229,1.99917805211,2.07984221082e-06
229,1.99857319189,2.07299578798e-06
229,1.99797099257,2.06612167963e-06
230,1.99737143643,2.0592119521e-06
230,1.99677450593,2.0522587446e-06
230,1.99618018371,2.04525430035e-06
230,1.99558845257,2.03819099582e-06
231,1.9949992955,2.0310613682e-06
231,1.99441269563,2.0238581409e-06
231,1.99382863628,2.01657424709e-06
231,1.99324710092,2.00920285138e-06
232,1.99266807318,2.00173736947e-06
232,1.99209153685,1.99417148587e-06
232,1.99151747587,1.98649916983e-06
233,1.99094587435,1.97871468918e-06
233,1.99037671654,1.9708126225e-06
233,1.98980998683,1.96278786942e-06
233,1.98924566978,1.95463565922e-06
234,1.98868375008,1.94635155769e-06
234,1.98812421257,1.93793147249e-06
234,1.98756704223,1.92937165687e-06
234,1.98701222418,1.92066871199e-06
235,1.98645974368,1.91181958785e-06
235,1.98590958613,1.90282158291e-06
235,1.98536173706,1.89367234249e-06
235,1.98481618214,1.88436985603e-06
236,1.98427290715,1.87491245332e-06
236,1.98373189803,1.86529879972e-06
236,1.98319314082,1.85552789053e-06
237,1.98265662172,1.84559904455e-06
237,1.98212232702,1.8355118968e-06
237,1.98159024315,1.82526639079e-06
237,1.98106035667,1.81486277e-06
238,1.98053265425,1.804301569e-06
238,1.98000712267,1.79358360403e-06
238,1.97948374885,1.78270996326e-06
238,1.9789625198,1.77168199672e-06
239,1.97844342268,1.76050130595e-06
239,1.97792644472,1.74916973351e-06
239,1.9774115733,1.73768935224e-06
240,1.97689879588,1.72606245456e-06
240,1.97638810006,1.71429154159e-06
240,1.97587947352,1.7023793123e-06
240,1.97537290405,1.69032865274e-06
241,1.97486837957,1.67814262523e-06
241,1.97436588809,1.66582445772e-06
241,1.9738654177,1.65337753328e-06
242,1.97336695663,1.64080537966e-06
242,1.97287049318,1.62811165909e-06
242,1.97237601577,1.61530015825e-06
242,1.9718835129,1.6023747785e-06
243,1.97139297319,1.58933952623e-06
243,1.97090438534,1.57619850353e-06
243,1.97041773814,1.56295589912e-06
243,1.96993302048,1.5496159795e-06
244,1.96945022135,1.53618308037e-06
244,1.96896932982,1.52266159839e-06
244,1.96849033507,1.50905598308e-06
245,1.96801322633,1.49537072921e-06
245,1.96753799296,1.48161036922e-06
245,1.96706462439,1.46777946619e-06
245,1.96659311014,1.45388260685e-06
246,1.9661234398,1.43992439504e-06
246,1.96565560306,1.42590944541e-06
246,1.9651895897,1.41184237732e-06
247,1.96472538957,1.39772780911e-06
247,1.9642629926,1.38357035257e-06
247,1.96380238881,1.36937460775e-06
247,1.96334356829,1.3551451579e-06
248,1.96288652123,1.34088656481e-06
248,1.96243123787,1.32660336429e-06
248,1.96197770854,1.31230006193e-06
249,1.96152592365,1.29798112906e-06
249,1.96107587368,1.28365099901e-06
249,1.9606275492,1.26931406353e-06
249,1.96018094082,1.25497466937e-06
250,1.95973603926,1.24063711524e-06
250,1.95929283529,1.22630564878e-06
250,1.95885131976,1.21198446383e-06
251,1.9584114836,1.19767769787e-06
251,1.95797331778,1.18338942961e-06
251,1.95753681338,1.16912367678e-06
251,1.95710196151,1.1548843941e-06
252,1.95666875337,1.14067547135e-06
252,1.95623718023,1.12650073171e-06
252,1.95580723342,1.11236393007e-06
253,1.95537890432,1.0982687517e-06
253,1.95495218441,1.08421881086e-06
253,1.9545270652,1.07021764967e-06
254,1.95410353829,1.05626873707e-06
254,1.95368159533,1.04237546785e-06
254,1.95326122803,1.0285411619e-06
254,1.95284242816,1.01476906349e-06
255,1.95242518757,1.00106234064e-06
255,1.95200949816,9.87424084716e-07
255,1.95159535187,9.73857309945e-07
256,1.95118274073,9.60364953175e-07
256,1.95077165682,9.46949873658e-07
256,1.95036209227,9.33614852898e-07
256,1.94995403927,9.20362594623e-07
257,1.94954749008,9.07195724818e-07
257,1.94914243699,8.94116791808e-07
257,1.94873887236,8.81128266443e-07
258,1.94833678863,8.68232542333e-07
258,1.94793617825,8.55431936142e-07
258,1.94753703375,8.42728687924e-07
259,1.94713934771,8.30124961568e-07
259,1.94674311277,8.17622845228e-07
259,1.94634832161,8.05224351837e-07
259,1.94595496697,7.92931419681e-07
260,1.94556304164,7.80745912967e-07
260,1.94517253846,7.68669622465e-07
260,1.94478345031,7.56704266196e-07
261,1.94439577015,7.44851490114e-07
261,1.94400949095,7.33112868844e-07
261,1.94362460577,7.21489906479e-07
262,1.9432411077,7.09984037324e-07
262,1.94285898986,6.98596626716e-07
262,1.94247824544,6.87328971899e-07
262,1.94209886768,6.76182302828e-07
263,1.94172084986,6.65157783074e-07
263,1.94134418529,6.5425651068e-07
263,1.94096886736,6.4347951908e-07
264,1.94059488949,6.32827777982e-07
264,1.94022224512,6.2230219431e-07
264,1.93985092778,6.11903613111e-07
265,1.93948093101,6.01632818473e-07
265,1.93911224841,5.91490534472e-07
265,1.93874487361,5.81477426097e-07
265,1.93837880031,5.71594100168e-07
266,1.93801402222,5.61841106297e-07
266,1.93765053312,5.52218937778e-07
266,1.9372883268,5.42728032554e-07
267,1.93692739714,5.33368774078e-07
267,1.936567738,5.24141492283e-07
267,1.93620934334,5.15046464453e-07
268,1.93585220712,5.06083916119e-07
268,1.93549632335,4.97254021959e-07
268,1.9351416861,4.88556906688e-07
269,1.93478828944,4.79992645863e-07
269,1.93443612752,4.71561266826e-07
269,1.9340851945,4.63262749462e-07
270,1.9337354846,4.55097027102e-07
270,1.93338699205,4.4706398728e-07
270,1.93303971114,4.39163472573e-07
270,1.9326936362,4.31395281373e-07
271,1.93234876159,4.23759168681e-07
271,1.93200508169,4.16254846853e-07
271,1.93166259094,4.08881986356e-07
272,1.93132128381,4.01640216494e-07
272,1.9309811548,3.9452912615e-07
272,1.93064219845,3.87548264458e-07
273,1.93030440933,3.80697141533e-07
273,1.92996778205,3.73975229127e-07
273,1.92963231125,3.673819613e-07
274,1.92929799162,3.60916735083e-07
274,1.92896481786,3.5457891111e-07
274,1.92863278471,3.48367814252e-07
275,1.92830188696,3.42282734243e-07
275,1.92797211942,3.36322926276e-07
275,1.92764347692,3.30487611614e-07
275,1.92731595435,3.24775978169e-07
276,1.92698954661,3.19187181091e-07
276,1.92666424865,3.13720343339e-07
276,1.92634005543,3.08374556246e-07
277,1.92601696196,3.03148880077e-07
277,1.92569496327,2.9804234459e-07
277,1.92537405443,2.93053949586e-07
278,1.92505423053,2.88182665441e-07
278,1.9247354867,2.8342743367e-07
278,1.9244178181,2.78787167448e-07
279,1.92410121991,2.7426075217e-07
279,1.92378568735,2.69847045985e-07
279,1.92347121566,2.6554488032e-07
280,1.92315780011,2.61353060443e-07
280,1.92284543602,2.57270366001e-07
280,1.9225341187,2.53295551578e-07
281,1.92222384353,2.49427347219e-07
281,1.92191460588,2.45664459025e-07
281,1.92160640118,2.42005569688e-07
282,1.92129922487,2.38449339067e-07
282,1.92099307241,2.3499440478e-07
282,1.92068793931,2.31639382774e-07
283,1.9203838211,2.28382867918e-07
283,1.92008071332,2.25223434626e-07
283,1.91977861155,2.22159637453e-07
284,1.91947751141,2.19190011716e-07
284,1.91917740851,2.16313074151e-07
284,1.91887829852,2.13527323544e-07
285,1.91858017713,2.10831241392e-07
285,1.91828304003,2.08223292591e-07
285,1.91798688296,2.05701926096e-07
286,1.91769170169,2.03265575633e-07
286,1.917397492,2.00912660431e-07
286,1.91710424969,1.98641585896e-07
286,1.9168119706,1.96450744417e-07
287,1.91652065058,1.9433851606e-07
287,1.91623028552,1.92303269374e-07
287,1.91594087133,1.90343362152e-07
288,1.91565240393,1.88457142229e-07
288,1.91536487928,1.86642948288e-07
288,1.91507829335,1.84899110715e-07
289,1.91479264215,1.83223952368e-07
289,1.91450792169,1.81615789477e-07
289,1.91422412802,1.80072932494e-07
290,1.91394125722,1.78593686939e-07
290,1.91365930536,1.77176354301e-07
290,1.91337826857,1.75819232948e-07
291,1.91309814299,1.74520618986e-07
291,1.91281892476,1.73278807206e-07
291,1.91254061007,1.72092091991e-07
292,1.91226319512,1.70958768254e-07
292,1.91198667613,1.69877132351e-07
293,1.91171104935,1.68845483046e-07
293,1.91143631104,1.67862122445e-07
293,1.91116245749,1.66925356949e-07
294,1.910889485,1.66033498208e-07
294,1.9106173899,1.65184864079e-07
294,1.91034616855,1.64377779567e-07
295,1.91007581731,1.63610577814e-07
295,1.90980633256,1.62881601017e-07
295,1.90953771072,1.62189201401e-07
296,1.90926994823,1.61531742181e-07
296,1.90900304151,1.6090759847e-07
296,1.90873698706,1.60315158254e-07
297,1.90847178134,1.5975282331e-07
297,1.90820742088,1.5921901012e-07
297,1.9079439022,1.58712150797e-07
298,1.90768122184,1.5823069399e-07
298,1.90741937636,1.57773105762e-07
298,1.90715836236,1.5733787048e-07
299,1.90689817644,1.56923491672e-07
299,1.90663881521,1.5652849288e-07
299,1.90638027531,1.56151418483e-07
300,1.9061225534,1.55790834516e-07
300,1.90586564617,1.55445329457e-07
300,1.90560955029,1.5511351502e-07
301,1.90535426249,1.54794026869e-07
301,1.90509977949,1.54485525391e-07
301,1.90484609804,1.54186696357e-07
302,1.9045932149,1.53896251654e-07
302,1.90434112686,1.53612929899e-07
302,1.90408983072,1.53335497091e-07
303,1.90383932328,1.5306274719e-07
303,1.90358960139,1.52793502734e-07
303,1.90334066189,1.52526615335e-07
304,1.90309250166,1.52260966215e-07
304,1.90284511757,1.51995466716e-07
305,1.90259850652,1.51729058706e-07
305,1.90235266544,1.51460715042e-07
305,1.90210759125,1.51189439936e-07
306,1.9018632809,1.5091426932e-07
306,1.90161973136,1.50634271188e-07
306,1.90137693961,1.50348545853e-07
307,1.90113490265,1.50056226228e-07
307,1.90089361748,1.49756478047e-07
307,1.90065308115,1.49448500054e-07
308,1.90041329068,1.49131524147e-07
308,1.90017424314,1.48804815514e-07
308,1.89993593561,1.48467672716e-07
309,1.89969836518,1.48119427727e-07
309,1.89946152894,1.47759445956e-07
310,1.89922542402,1.47387126249e-07
310,1.89899004756,1.47001900813e-07
310,1.8987553967,1.4660323515e-07
311,1.89852146861,1.46190627914e-07
311,1.89828826047,1.45763610804e-07
311,1.89805576947,1.45321748344e-07
312,1.89782399282,1.44864637671e-07
312,1.89759292774,1.44391908307e-07
312,1.89736257146,1.43903221872e-07
313,1.89713292124,1.43398271782e-07
313,1.89690397435,1.42876782883e-07
313,1.89667572806,1.42338511139e-07
314,1.89644817965,1.41783243182e-07
314,1.89622132645,1.4121079592e-07
315,1.89599516577,1.40621016108e-07
315,1.89576969494,1.40013779811e-07
315,1.89554491131,1.3938899198e-07
316,1.89532081224,1.38746585876e-07
316,1.8950973951,1.38086522552e-07
316,1.89487465728,1.37408790282e-07
317,1.89465259618,1.36713403958e-07
317,1.89443120921,1.36000404503e-07
317,1.8942104938,1.35269858256e-07
318,1.89399044739,1.3452185627e-07
318,1.89377106742,1.33756513728e-07
319,1.89355235137,1.32973969222e-07
319,1.8933342967,1.32174384073e-07
319,1.89311690092,1.31357941632e-07
320,1.89290016151,1.3052484656e-07
320,1.892684076,1.2967532411e-07
320,1.8924686419,1.28809619381e-07
321,1.89225385677,1.27927996596e-07
321,1.89203971815,1.27030738315e-07
322,1.8918262236,1.26118144722e-07
322,1.8916133707,1.25190532825e-07
322,1.89140115703,1.24248235704e-07
323,1.8911895802,1.23291601747e-07
323,1.89097863781,1.22320993868e-07
323,1.89076832748,1.21336788741e-07
324,1.89055864685,1.20339376019e-07
324,1.89034959357,1.19329157587e-07
324,1.89014116529,1.18306546758e-07
325,1.88993335968,1.17271967524e-07
325,1.88972617441,1.16225853813e-07
326,1.88951960719,1.15168648706e-07
326,1.8893136557,1.14100803697e-07
326,1.88910831767,1.13022777951e-07
327,1.88890359081,1.11935037569e-07
327,1.88869947287,1.10838054855e-07
327,1.88849596158,1.09732307615e-07
328,1.88829305471,1.08618278421e-07
328,1.88809075001,1.0749645395e-07
329,1.88788904528,1.0636732428e-07
329,1.88768793829,1.05231382217e-07
329,1.88748742685,1.04089122631e-07
330,1.88728750877,1.02941041842e-07
330,1.88708818186,1.01787636951e-07
331,1.88688944395,1.00629405234e-07
331,1.8866912929,9.94668435603e-08
331,1.88649372654,9.8300447786e-08
332,1.88629674274,9.71307121776e-08
332,1.88610033937,9.59581288962e-08
332,1.88590451431,9.47831874076e-08
333,1.88570926545,9.3606374018e-08
333,1.88551459069,9.24281713202e-08
334,1.88532048795,9.12490577569e-08
334,1.88512695515,9.006950712e-08
334,1.8849339902,8.88899881131e-08
335,1.88474159107,8.77109639284e-08
335,1.88454975568,8.65328918254e-08
336,1.88435848201,8.53562227507e-08
336,1.88416776803,8.41814009244e-08
336,1.8839776117,8.3008863554e-08
337,1.88378801102,8.18390404321e-08
337,1.88359896399,8.06723536335e-08
337,1.88341046861,7.95092172361e-08
338,1.88322252289,7.8350037017e-08
338,1.88303512486,7.71952102012e-08
339,1.88284827256,7.60451251899e-08
339,1.88266196403,7.49001613779e-08
339,1.88247619731,7.37606888803e-08
340,1.88229097047,7.26270684059e-08
340,1.88210628158,7.14996510343e-08
341,1.88192212872,7.03787780594e-08
341,1.88173850997,6.92647808876e-08
341,1.88155542343,6.81579808589e-08
342,1.8813728672,6.70586891769e-08
342,1.8811908394,6.59672067864e-08
343,1.88100933815,6.48838243178e-08
343,1.88082836157,6.38088220007e-08
343,1.88064790781,6.27424696563e-08
344,1.88046797502,6.1685026607e-08
344,1.88028856134,6.06367417008e-08
345,1.88010966495,5.95978532691e-08
345,1.87993128401,5.856858918e-08
345,1.8797534167,5.75491668156e-08
346,1.87957606122,5.6539793112e-08
346,1.87939921575,5.55406646226e-08
347,1.87922287851,5.45519675534e-08
347,1.8790470477,5.35738778303e-08
347,1.87887172155,5.26065611921e-08
348,1.87869689829,5.16501732629e-08
348,1.87852257614,5.07048596572e-08
349,1.87834875336,4.97707560595e-08
349,1.8781754282,4.88479883917e-08
349,1.87800259891,4.79366728813e-08
350,1.87783026376,4.70369162324e-08
350,1.87765842103,4.61488157449e-08
351,1.87748706901,4.52724594569e-08
351,1.87731620597,4.44079263133e-08
351,1.87714583022,4.35552863029e-08
352,1.87697594007,4.27146006565e-08
352,1.87680653382,4.18859219821e-08
353,1.8766376098,4.10692944601e-08
353,1.87646916633,4.02647540017e-08
353,1.87630120175,3.94723284696e-08
354,1.8761337144,3.86920378207e-08
354,1.87596670263,3.79238943391e-08
355,1.87580016479,3.71679027943e-08
355,1.87563409925,3.64240606654e-08
355,1.87546850438,3.56923583135e-08
356,1.87530337855,3.49727792095e-08
356,1.87513872016,3.42653001195e-08
357,1.87497452759,3.35698913193e-08
357,1.87481079924,3.28865167662e-08
357,1.87464753352,3.22151343647e-08
358,1.87448472884,3.15556961163e-08
358,1.87432238362,3.09081483619e-08
359,1.87416049627,3.02724319546e-08
359,1.87399906525,2.96484824917e-08
360,1.87383808898,2.90362305043e-08
360,1.87367756592,2.84356016809e-08
360,1.87351749451,2.78465170409e-08
361,1.87335787321,2.72688931455e-08
361,1.87319870049,2.67026423157e-08
362,1.87303997483,2.61476728058e-08
362,1.87288169469,2.56038890076e-08
362,1.87272385857,2.50711916329e-08
363,1.87256646496,2.45494779323e-08
363,1.87240951236,2.40386418485e-08
364,1.87225299927,2.35385742388e-08
364,1.8720969242,2.30491630087e-08
365,1.87194128566,2.25702933425e-08
365,1.87178608219,2.21018478442e-08
365,1.87163131231,2.16437067318e-08
366,1.87147697456,2.11957479944e-08
366,1.87132306748,2.07578475598e-08
367,1.87116958961,2.03298794573e-08
367,1.87101653952,1.99117159905e-08
368,1.87086391575,1.95032278784e-08
368,1.87071171688,1.91042844099e-08
368,1.87055994148,1.87147535874e-08
369,1.87040858813,1.83345022897e-08
369,1.87025765541,1.79633963912e-08
370,1.87010714191,1.76013009077e-08
370,1.86995704623,1.72480801295e-08
370,1.86980736697,1.6903597753e-08
371,1.86965810273,1.65677170007e-08
371,1.86950925212,1.62403007453e-08
372,1.86936081378,1.59212116105e-08
372,1.86921278632,1.56103121206e-08
373,1.86906516836,1.53074647607e-08
373,1.86891795856,1.50125321354e-08
373,1.86877115554,1.47253770239e-08
374,1.86862475796,1.44458625027e-08
374,1.86847876447,1.41738520433e-08
375,1.86833317372,1.39092095713e-08
375,1.86818798439,1.36517995908e-08
376,1.86804319513,1.34014872363e-08
376,1.86789880462,1.31581383685e-08
377,1.86775481155,1.29216196524e-08
377,1.86761121459,1.26917986104e-08
377,1.86746801244,1.24685437008e-08
378,1.8673252038,1.22517243937e-08
378,1.86718278736,1.20412112133e-08
379,1.86704076183,1.1836875805e-08
379,1.86689912593,1.16385909843e-08
380,1.86675787836,1.1446230804e-08
380,1.86661701786,1.12596705732e-08
380,1.86647654314,1.1078786936e-08
381,1.86633645295,1.09034578938e-08
381,1.86619674601,1.073356285e-08
382,1.86605742107,1.0568982633e-08
382,1.86591847689,1.04095995631e-08
383,1.8657799122,1.02552974433e-08
383,1.86564172577,1.01059616174e-08
384,1.86550391636,9.96147898104e-09
384,1.86536648274,9.82173801714e-09
384,1.86522942367,9.68662879014e-09
385,1.86509273795,9.55604301411e-09
385,1.86495642434,9.42987401101e-09
386,1.86482048164,9.30801676629e-09
386,1.86468490864,9.19036792714e-09
387,1.86454970413,9.0768258072e-09
387,1.86441486692,8.96729040381e-09
388,1.86428039581,8.86166340104e-09
388,1.86414628961,8.75984817621e-09
388,1.86401254714,8.66174980373e-09
389,1.86387916722,8.567275047e-09
389,1.86374614866,8.47633236283e-09
390,1.86361349031,8.38883191223e-09
390,1.863481191,8.30468553295e-09
391,1.86334924956,8.22380675664e-09
391,1.86321766484,8.1461107916e-09
392,1.86308643568,8.07151451845e-09
392,1.86295556094,7.99993647775e-09
392,1.86282503947,7.93129686657e-09
393,1.86269487014,7.8655175151e-09
393,1.8625650518,7.80252190767e-09
394,1.86243558334,7.74223512068e-09
394,1.86230646362,7.68458384741e-09
395,1.86217769153,7.62949637594e-09
395,1.86204926594,7.57690255317e-09
396,1.86192118574,7.52673380385e-09
396,1.86179344983,7.478923081e-09
397,1.8616660571,7.43340487283e-09
397,1.86153900645,7.39011516265e-09
397,1.86141229679,7.34899143089e-09
398,1.86128592702,7.30997263014e-09
398,1.86115989606,7.27299914735e-09
399,1.86103420283,7.23801282384e-09
399,1.86090884624,7.20495689083e-09
400,1.86078382522,7.17377597822e-09
400,1.8606591387,7.14441608202e-09
401,1.86053478561,7.1168245434e-09
401,1.8604107649,7.09095003345e-09
402,1.8602870755,7.06674252729e-09
402,1.86016371636,7.04415328271e-09
403,1.86004068644,7.02313482354e-09
403,1.85991798467,7.00364089602e-09
403,1.85979561002,6.98562648099e-09
404,1.85967356146,6.96904774703e-09
404,1.85955183795,6.95386202982e-09
405,1.85943043845,6.9400278365e-09
405,1.85930936194,6.92750477036e-09
406,1.85918860741,6.91625355973e-09
406,1.85906817382,6.9062360323e-09
407,1.85894806017,6.89741504257e-09
407,1.85882826544,6.88975451305e-09
408,1.85870878864,6.88321937863e-09
408,1.85858962874,6.87777556445e-09
409,1.85847078476,6.87338998098e-09
409,1.85835225569,6.87003047969e-09
410,1.85823404055,6.86766586826e-09
410,1.85811613835,6.86626583369e-09
411,1.8579985481,6.86580099306e-09
411,1.85788126883,6.86624280725e-09
411,1.85776429954,6.8675635958e-09
412,1.85764763928,6.86973651302e-09
412,1.85753128707,6.87273551883e-09
413,1.85741524194,6.87653537907e-09
413,1.85729950293,6.88111160704e-09
414,1.85718406908,6.88644049512e-09
414,1.85706893944,6.8924990545e-09
415,1.85695411305,6.89926502185e-09
415,1.85683958896,6.90671682125e-09
416,1.85672536624,6.91483357058e-09
416,1.85661144393,6.92359504713e-09
417,1.8564978211,6.9329816731e-09
417,1.85638449682,6.94297448731e-09
418,1.85627147015,6.95355515558e-09
418,1.85615874016,6.96470593677e-09
419,1.85604630593,6.97640966716e-09
419,1.85593416655,6.98864975375e-09
420,1.85582232108,7.00141013345e-09
420,1.85571076863,7.01467530121e-09
421,1.85559950827,7.02843024432e-09
421,1.8554885391,7.04266048034e-09
422,1.85537786021,7.05735199796e-09
422,1.85526747071,7.07249125545e-09
423,1.85515736969,7.08806520233e-09
423,1.85504755626,7.1040612134e-09
424,1.85493802954,7.12046709558e-09
424,1.85482878862,7.13727110201e-09
424,1.85471983264,7.15446187224e-09
425,1.85461116069,7.17202845369e-09
425,1.85450277192,7.1899602833e-09
426,1.85439466544,7.20824716579e-09
426,1.85428684038,7.22687927523e-09
427,1.85417929586,7.24584713031e-09
427,1.85407203104,7.26514159751e-09
428,1.85396504503,7.284753879e-09
428,1.85385833699,7.30467548124e-09
429,1.85375190606,7.32489823813e-09
429,1.85364575138,7.34541427946e-09
430,1.8535398721,7.36621601708e-09
430,1.85343426738,7.38729615847e-09
431,1.85332893637,7.40864767881e-09
431,1.85322387823,7.430263806e-09
432,1.85311909213,7.45213804974e-09
432,1.85301457722,7.47426414433e-09
433,1.85291033267,7.49663607298e-09
433,1.85280635766,7.51924805164e-09
434,1.85270265136,7.5420945136e-09
434,1.85259921295,7.56517012378e-09
435,1.8524960416,7.58846973431e-09
435,1.8523931365,7.61198842186e-09
436,1.85229049684,7.63572144318e-09
436,1.8521881218,7.65966425238e-09
437,1.85208601057,7.68381247749e-09
437,1.85198416234,7.70816193679e-09
438,1.85188257632,7.73270861108e-09
438,1.85178125171,7.75744864972e-09
439,1.8516801877,7.78237834924e-09
439,1.8515793835,7.80749417716e-09
440,1.85147883833,7.83279273208e-09
440,1.85137855138,7.85827077642e-09
441,1.85127852188,7.88392518735e-09
441,1.85117874904,7.90975298849e-09
442,1.85107923208,7.93575133598e-09
442,1.85097997022,7.96191750184e-09
443,1.85088096269,7.98824887691e-09
443,1.85078220871,8.01474297168e-09
444,1.85068370752,8.04139741246e-09
445,1.85058545834,8.06820991826e-09
445,1.85048746042,8.09517832719e-09
446,1.85038971298,8.1223005628e-09
446,1.85029221528,8.14957466189e-09
447,1.85019496655,8.17699874145e-09
447,1.85009796605,8.20457100429e-09
448,1.85000121301,8.23228975601e-09
448,1.84990470669,8.26015336482e-09
449,1.84980844635,8.28816030061e-09
449,1.84971243124,8.31630907928e-09
450,1.84961666061,8.3445983269e-09
450,1.84952113374,8.37302671217e-09
451,1.84942584989,8.40159299258e-09
451,1.84933080831,8.43029597717e-09
452,1.84923600829,8.45913454293e-09
452,1.84914144909,8.48810763261e-09
453,1.84904712999,8.51721424774e-09
453,1.84895305026,8.54645343902e-09
454,1.84885920918,8.57582431509e-09
454,1.84876560604,8.60532604506e-09
455,1.84867224011,8.6349578341e-09
455,1.84857911069,8.66471895087e-09
456,1.84848621706,8.69460869837e-09
456,1.84839355852,8.72462643375e-09
457,1.84830113436,8.75477155352e-09
458,1.84820894387,8.78504349418e-09
458,1.84811698636,8.8154417333e-09
459,1.84802526112,8.84596579084e-09
459,1.84793376745,8.87661521912e-09
460,1.84784250467,8.90738961251e-09
460,1.84775147209,8.93828859054e-09
461,1.847660669,8.96931180595e-09
461,1.84757009473,9.00045895697e-09
462,1.84747974859,9.03172975514e-09
462,1.84738962989,9.06312395958e-09
463,1.84729973797,9.09464133637e-09
463,1.84721007213,9.126281697e-09
464,1.8471206317,9.15804485655e-09
464,1.84703141601,9.18993069018e-09
465,1.84694242439,9.22193906499e-09
465,1.84685365617,9.25406988453e-09
466,1.84676511068,9.28632307386e-09
467,1.84667678726,9.31869857611e-09
467,1.84658868525,9.35119636682e-09
468,1.84650080398,9.38381642607e-09
468,1.8464131428,9.41655875696e-09
469,1.84632570105,9.44942338375e-09
469,1.84623847807,9.48241035277e-09
470,1.84615147323,9.51551971578e-09
470,1.84606468586,9.54875154878e-09
471,1.84597811533,9.58210594443e-09
471,1.84589176098,9.61558300456e-09
472,1.84580562217,9.64918284759e-09
473,1.84571969827,9.68290561254e-09
473,1.84563398863,9.71675143907e-09
474,1.84554849262,9.75072049749e-09
474,1.8454632096,9.78481294978e-09
475,1.84537813894,9.81902897776e-09
475,1.84529328002,9.85336879229e-09
476,1.8452086322,9.88783258962e-09
476,1.84512419486,9.92242058427e-09
477,1.84503996737,9.95713301158e-09
477,1.84495594911,9.99197010509e-09
478,1.84487213947,1.00269321098e-08
479,1.84478853782,1.00620192933e-08
479,1.84470514355,1.00972319073e-08
480,1.84462195605,1.01325702273e-08
480,1.8445389747,1.01680345414e-08
481,1.84445619889,1.02036251424e-08
481,1.84437362802,1.02393423144e-08
482,1.84429126148,1.0275186373e-08
482,1.84420909867,1.03111576368e-08
483,1.84412713898,1.03472564094e-08
484,1.84404538182,1.03834830268e-08
484,1.84396382659,1.04198378219e-08
485,1.84388247269,1.04563211236e-08
485,1.84380131952,1.04929332876e-08
486,1.84372036651,1.05296746577e-08
486,1.84363961304,1.05665455907e-08
487,1.84355905855,1.06035464575e-08
487,1.84347870244,1.06406776135e-08
488,1.84339854412,1.06779394358e-08
489,1.84331858302,1.07153322971e-08
489,1.84323881855,1.07528565889e-08
490,1.84315925013,1.07905126879e-08
490,1.8430798772,1.08283009874e-08
491,1.84300069917,1.08662218914e-08
491,1.84292171546,1.09042757938e-08
492,1.84284292552,1.09424630942e-08
493,1.84276432876,1.09807842057e-08
493,1.84268592463,1.10192395425e-08
494,1.84260771255,1.10578295194e-08
494,1.84252969196,1.10965545531e-08
495,1.8424518623,1.11354150726e-08
495,1.84237422301,1.11744115014e-08
496,1.84229677353,1.12135442678e-08
497,1.8422195133,1.12528138134e-08
497,1.84214244177,1.12922205666e-08
498,1.84206555838,1.13317649798e-08
498,1.84198886259,1.13714474815e-08
499,1.84191235384,1.14112685343e-08
499,1.84183603158,1.14512285773e-08
500,1.84175989527,1.14913280693e-08
501,1.84168394437,1.1531567467e-08
501,1.84160817833,1.15719472254e-08
502,1.8415325966,1.16124678107e-08
502,1.84145719866,1.1653129689e-08
503,1.84138198396,1.16939333167e-08
503,1.84130695196,1.17348791725e-08
504,1.84123210214,1.17759677309e-08
505,1.84115743395,1.18171994679e-08
505,1.84108294687,1.1858574854e-08
506,1.84100864038,1.19000943805e-08
506,1.84093451393,1.19417585186e-08
507,1.840860567,1.1983567764e-08
508,1.84078679908,1.20255226007e-08
508,1.84071320964,1.20676235206e-08
509,1.84063979815,1.21098710158e-08
509,1.8405665641,1.21522655828e-08
510,1.84049350696,1.2194807717e-08
510,1.84042062623,1.22374979214e-08
511,1.84034792139,1.2280336702e-08
512,1.84027539192,1.23233245511e-08
512,1.84020303732,1.2366461984e-08
513,1.84013085707,1.24097495129e-08
513,1.84005885066,1.24531876477e-08
514,1.83998701759,1.2496776904e-08
515,1.83991535736,1.25405177852e-08
515,1.83984386946,1.25844108241e-08
516,1.83977255338,1.26284565386e-08
516,1.83970140863,1.26726554442e-08
517,1.83963043471,1.27170080688e-08
518,1.83955963112,1.27615149452e-08
518,1.83948899736,1.28061766007e-08
519,1.83941853295,1.28509935585e-08
519,1.83934823738,1.28959663586e-08
520,1.83927811017,1.29410955369e-08
521,1.83920815083,1.29863816287e-08
521,1.83913835886,1.30318251758e-08
522,1.83906873379,1.30774267189e-08
522,1.83899927512,1.31231868037e-08
523,1.83892998237,1.31691059721e-08
524,1.83886085507,1.32151847786e-08
524,1.83879189272,1.32614237693e-08
525,1.83872309486,1.33078234962e-08
525,1.83865446099,1.33543845164e-08
526,1.83858599065,1.34011073855e-08
527,1.83851768336,1.34479926591e-08
527,1.83844953865,1.34950409066e-08
528,1.83838155604,1.35422526792e-08
528,1.83831373507,1.35896285534e-08
529,1.83824607526,1.36371690868e-08
530,1.83817857615,1.36848748516e-08
530,1.83811123727,1.37327464292e-08
531,1.83804405815,1.37807843768e-08
531,1.83797703833,1.38289892816e-08
532,1.83791017736,1.38773617106e-08
533,1.83784347476,1.3925902258e-08
533,1.83777693008,1.39746114907e-08
534,1.83771054286,1.40234900057e-08
535,1.83764431265,1.40725383768e-08
535,1.83757823898,1.41217572049e-08
536,1.83751232141,1.41711470671e-08
536,1.83744655948,1.42207085633e-08
537,1.83738095274,1.42704422898e-08
538,1.83731550075,1.43203488444e-08
538,1.83725020304,1.43704288131e-08
539,1.83718505919,1.44206828122e-08
539,1.83712006873,1.44711114354e-08
540,1.83705523122,1.45217152913e-08
541,1.83699054623,1.45724949918e-08
541,1.83692601331,1.46234511346e-08
542,1.83686163202,1.46745843438e-08
543,1.83679740191,1.47258952249e-08
543,1.83673332256,1.47773843955e-08
544,1.83666939353,1.48290524795e-08
544,1.83660561437,1.48809000875e-08
545,1.83654198466,1.49329278586e-08
546,1.83647850397,1.49851363973e-08
546,1.83641517185,1.50375263405e-08
547,1.83635198789,1.50900983262e-08
548,1.83628895165,1.5142852967e-08
548,1.8362260627,1.51957909119e-08
549,1.83616332063,1.52489127892e-08
550,1.83610072499,1.53022192366e-08
550,1.83603827538,1.53557108998e-08
551,1.83597597136,1.54093884204e-08
551,1.83591381251,1.54632524381e-08
552,1.83585179842,1.5517303606e-08
553,1.83578992867,1.55715425687e-08
553,1.83572820283,1.56259699794e-08
554,1.8356666205,1.56805864989e-08
555,1.83560518125,1.57353927738e-08
555,1.83554388468,1.57903894596e-08
556,1.83548273036,1.58455772352e-08
557,1.83542171789,1.59009567427e-08
557,1.83536084686,1.59565286651e-08
558,1.83530011685,1.60122936578e-08
558,1.83523952747,1.60682523926e-08
559,1.83517907829,1.61244055446e-08
560,1.83511876893,1.61807537964e-08
560,1.83505859896,1.62372978152e-08
561,1.834998568,1.62940382811e-08
562,1.83493867563,1.6350975878e-08
562,1.83487892146,1.64081112865e-08
563,1.83481930508,1.64654452027e-08
564,1.8347598261,1.65229783072e-08
564,1.83470048412,1.65807112932e-08
565,1.83464127874,1.66386448574e-08
566,1.83458220957,1.66967796909e-08
566,1.83452327621,1.67551165017e-08
567,1.83446447827,1.68136559783e-08
568,1.83440581536,1.68723988325e-08
568,1.83434728709,1.69313457735e-08
569,1.83428889307,1.69904975027e-08
569,1.8342306329,1.70498547326e-08
570,1.83417250621,1.71094181757e-08
571,1.8341145126,1.71691885499e-08
571,1.83405665169,1.72291665772e-08
572,1.8339989231,1.7289352975e-08
573,1.83394132644,1.73497484637e-08
573,1.83388386133,1.74103537756e-08
574,1.83382652739,1.74711696321e-08
575,1.83376932425,1.75321967705e-08
575,1.83371225151,1.75934359184e-08
576,1.83365530881,1.76548878181e-08
577,1.83359849576,1.77165532056e-08
577,1.833541812,1.77784328304e-08
578,1.83348525714,1.78405274164e-08
579,1.83342883082,1.79028377238e-08
579,1.83337253266,1.79653645031e-08
580,1.83331636228,1.80281084978e-08
581,1.83326031933,1.8091070472e-08
581,1.83320440343,1.81542511737e-08
582,1.83314861421,1.82176513655e-08
583,1.83309295131,1.82812718106e-08
583,1.83303741436,1.83451132755e-08
584,1.83298200299,1.84091765259e-08
585,1.83292671684,1.84734623276e-08
585,1.83287155555,1.85379714595e-08
586,1.83281651875,1.86027046959e-08
587,1.83276160609,1.86676628116e-08
587,1.8327068172,1.87328465919e-08
588,1.83265215172,1.8798256819e-08
589,1.83259760931,1.88638942796e-08
590,1.83254318959,1.89297597571e-08
590,1.83248889222,1.89958540487e-08
591,1.83243471684,1.90621779514e-08
592,1.83238066309,1.91287322566e-08
592,1.83232673062,1.9195517771e-08
593,1.83227291908,1.92625352939e-08
594,1.83221922812,1.93297856235e-08
594,1.83216565739,1.93972695781e-08
595,1.83211220654,1.94649879686e-08
596,1.83205887523,1.9532941611e-08
596,1.83200566309,1.96011313141e-08
597,1.83195256979,1.96695579016e-08
598,1.83189959499,1.97382221993e-08
598,1.83184673833,1.98071250222e-08
599,1.83179399948,1.98762672141e-08
600,1.83174137808,1.99456495917e-08
600,1.83168887381,2.00152730041e-08
601,1.83163648632,2.00851382776e-08
602,1.83158421527,2.01552462541e-08
603,1.83153206032,2.02255977724e-08
603,1.83148002114,2.02961936874e-08
604,1.83142809738,2.03670348428e-08
605,1.83137628871,2.04381220878e-08
605,1.83132459479,2.05094562852e-08
606,1.8312730153,2.05810382856e-08
607,1.83122154989,2.06528689542e-08
607,1.83117019824,2.0724949146e-08
608,1.83111896002,2.07972797395e-08
609,1.83106783489,2.0869861598e-08
610,1.83101682252,2.09426955895e-08
610,1.83096592258,2.1015782599e-08
611,1.83091513476,2.10891235031e-08
612,1.83086445871,2.1162719179e-08
612,1.83081389412,2.12365705185e-08
613,1.83076344066,2.13106783976e-08
614,1.830713098,2.13850437197e-08
614,1.83066286582,2.14596673736e-08
615,1.8306127438,2.15345502587e-08
616,1.83056273161,2.16096932681e-08
617,1.83051282894,2.16850973161e-08
617,1.83046303547,2.17607633071e-08
618,1.83041335087,2.18366921413e-08
619,1.83036377483,2.19128847434e-08
619,1.83031430704,2.19893420208e-08
620,1.83026494716,2.20660648985e-08
621,1.83021569489,2.2143054298e-08
622,1.83016654992,2.22203111433e-08
622,1.83011751192,2.22978363634e-08
623,1.83006858059,2.23756308924e-08
624,1.83001975562,2.24536956653e-08
624,1.82997103668,2.25320316207e-08
625,1.82992242347,2.26106396969e-08
626,1.82987391569,2.2689520843e-08
627,1.82982551302,2.27686760069e-08
627,1.82977721514,2.28481061395e-08
628,1.82972902177,2.29278122015e-08
629,1.82968093258,2.3007795139e-08
630,1.82963294728,2.30880559236e-08
630,1.82958506555,2.31685955199e-08
631,1.8295372871,2.32494148927e-08
632,1.82948961162,2.33305150142e-08
632,1.8294420388,2.34118968653e-08
633,1.82939456835,2.34935614178e-08
634,1.82934719996,2.35755096565e-08
635,1.82929993334,2.36577425635e-08
635,1.82925276818,2.37402611398e-08
636,1.82920570419,2.38230663564e-08
637,1.82915874106,2.39061592299e-08
638,1.8291118785,2.39895407507e-08
638,1.82906511622,2.40732119206e-08
639,1.82901845391,2.41571737404e-08
640,1.82897189129,2.42414272334e-08
641,1.82892542806,2.43259734009e-08
641,1.82887906392,2.44108132731e-08
642,1.82883279858,2.44959478572e-08
643,1.82878663175,2.45813781836e-08
643,1.82874056315,2.46671052732e-08
644,1.82869459247,2.47531301642e-08
645,1.82864871943,2.48394538885e-08
646,1.82860294374,2.49260774803e-08
646,1.82855726512,2.50130019902e-08
647,1.82851168327,2.5100228454e-08
648,1.82846619791,2.51877579285e-08
649,1.82842080875,2.52755914667e-08
649,1.82837551551,2.53637301122e-08
650,1.82833031789,2.54521749396e-08
651,1.82828521563,2.55409270043e-08
652,1.82824020844,2.56299873784e-08
652,1.82819529603,2.57193571343e-08
653,1.82815047812,2.58090373365e-08
654,1.82810575443,2.58990290794e-08
655,1.82806112468,2.59893334366e-08
655,1.82801658859,2.60799514909e-08
656,1.82797214589,2.61708843345e-08
657,1.82792779629,2.62621330607e-08
658,1.82788353951,2.63536987723e-08
658,1.82783937529,2.64455825655e-08
659,1.82779530334,2.65377855474e-08
660,1.82775132339,2.66303088287e-08
661,1.82770743517,2.6723153514e-08
662,1.82766363839,2.68163207318e-08
662,1.8276199328,2.69098115963e-08
663,1.8275763181,2.70036272314e-08
664,1.82753279405,2.70977687634e-08
665,1.82748936035,2.71922373367e-08
665,1.82744601675,2.72870340763e-08
666,1.82740276296,2.7382160119e-08
667,1.82735959873,2.74776166207e-08
668,1.82731652379,2.75734047187e-08
668,1.82727353786,2.7669525573e-08
669,1.82723064068,2.77659803419e-08
670,1.82718783198,2.78627701721e-08
671,1.8271451115,2.79598962502e-08
672,1.82710247897,2.80573597207e-08
672,1.82705993413,2.81551617717e-08
673,1.82701747671,2.82533035701e-08
674,1.82697510645,2.83517863039e-08
675,1.82693282309,2.84506111572e-08
675,1.82689062637,2.85497793133e-08
676,1.82684851602,2.86492919706e-08
677,1.82680649179,2.87491503198e-08
678,1.82676455341,2.88493555651e-08
679,1.82672270062,2.89499089186e-08
679,1.82668093317,2.90508115859e-08
680,1.8266392508,2.91520647728e-08
681,1.82659765325,2.9253669707e-08
682,1.82655614026,2.93556276131e-08
682,1.82651471158,2.94579397033e-08
683,1.82647336695,2.95606072231e-08
684,1.82643210612,2.96636314014e-08
685,1.82639092884,2.9767013479e-08
686,1.82634983484,2.98707547e-08
686,1.82630882388,2.997485631e-08
687,1.8262678957,3.0079319564e-08
688,1.82622705005,3.0184145717e-08
689,1.82618628668,3.02893360335e-08
690,1.82614560535,3.03948917691e-08
690,1.82610500579,3.05008142129e-08
691,1.82606448776,3.06071046241e-08
692,1.82602405102,3.07137642855e-08
693,1.82598369531,3.08207944755e-08
694,1.82594342038,3.0928196491e-08
694,1.82590322599,3.1035971618e-08
695,1.8258631119,3.1144121153e-08
696,1.82582307785,3.12526464059e-08
697,1.8257831236,3.13615486699e-08
698,1.8257432489,3.14708292627e-08
698,1.82570345352,3.15804895015e-08
699,1.82566373721,3.16905306981e-08
700,1.82562409972,3.18009541806e-08
701,1.82558454082,3.19117612841e-08
702,1.82554506026,3.20229533293e-08
702,1.82550565779,3.21345316636e-08
703,1.82546633319,3.22464976243e-08
704,1.8254270862,3.23588525641e-08
705,1.8253879166,3.24715978311e-08
706,1.82534882413,3.25847347833e-08
706,1.82530980857,3.26982647811e-08
707,1.82527086967,3.2812189189e-08
708,1.8252320072,3.29265093858e-08
709,1.82519322092,3.30412267382e-08
710,1.82515451059,3.31563426287e-08
711,1.82511587598,3.3271858451e-08
711,1.82507731685,3.33877755821e-08
712,1.82503883297,3.35040954255e-08
713,1.82500042411,3.3620819385e-08
714,1.82496209003,3.3737948846e-08
715,1.82492383049,3.3855485242e-08
715,1.82488564527,3.39734299746e-08
716,1.82484753414,3.40917844659e-08
717,1.82480949686,3.42105501403e-08
718,1.82477153319,3.43297284249e-08
719,1.82473364292,3.44493207578e-08
720,1.82469582582,3.45693285723e-08
720,1.82465808164,3.46897533299e-08
721,1.82462041017,3.48105964533e-08
722,1.82458281117,3.49318594175e-08
723,1.82454528442,3.50535436765e-08
724,1.8245078297,3.51756506988e-08
725,1.82447044676,3.52981819368e-08
725,1.8244331354,3.54211388878e-08
726,1.82439589537,3.55445230203e-08
727,1.82435872647,3.5668335821e-08
728,1.82432162845,3.57925787758e-08
729,1.82428460111,3.59172533897e-08
730,1.82424764421,3.60423611546e-08
730,1.82421075753,3.61679035859e-08
731,1.82417394085,3.62938821845e-08
732,1.82413719395,3.64202984756e-08
733,1.82410051661,3.65471539763e-08
734,1.8240639086,3.66744502113e-08
735,1.82402736971,3.68021887183e-08
735,1.82399089971,3.69303710338e-08
736,1.82395449838,3.70589986949e-08
737,1.82391816551,3.71880732619e-08
738,1.82388190088,3.73175962736e-08
739,1.82384570427,3.74475693072e-08
740,1.82380957546,3.75779939146e-08
741,1.82377351423,3.77088716651e-08
741,1.82373752037,3.78402041429e-08
742,1.82370159366,3.7971992926e-08
743,1.82366573389,3.81042395968e-08
744,1.82362994084,3.82369457492e-08
745,1.82359421429,3.83701129854e-08
746,1.82355855404,3.85037429041e-08
747,1.82352295986,3.86378371171e-08
747,1.82348743155,3.87723972359e-08
748,1.82345196889,3.8907424881e-08
749,1.82341657167,3.90429216833e-08
750,1.82338123967,3.91788892684e-08
751,1.82334597269,3.9315329276e-08
752,1.82331077052,3.94522433486e-08
753,1.82327563294,3.95896331343e-08
753,1.82324055974,3.97275002835e-08
754,1.82320555072,3.98658464679e-08
755,1.82317060566,4.00046733397e-08
756,1.82313572436,4.01439825791e-08
757,1.82310090661,4.02837758647e-08
758,1.82306615219,4.04240548715e-08
759,1.82303146091,4.05648212984e-08
760,1.82299683256,4.07060768369e-08
760,1.82296226693,4.08478231816e-08
761,1.8229277638,4.09900620512e-08
762,1.82289332299,4.11327951501e-08
763,1.82285894428,4.12760242015e-08
764,1.82282462746,4.14197509249e-08
765,1.82279037234,4.15639770564e-08
766,1.82275617871,4.17087043342e-08
767,1.82272204636,4.18539344972e-08
768,1.8226879751,4.19996692888e-08
768,1.82265396472,4.21459104809e-08
769,1.82262001501,4.22926598254e-08
770,1.82258612578,4.24399190858e-08
771,1.82255229683,4.25876900424e-08
772,1.82251852795,4.27359744656e-08
773,1.82248481894,4.28847741544e-08
774,1.82245116961,4.30340908945e-08
775,1.82241757975,4.31839264822e-08
776,1.82238404916,4.33342827257e-08
776,1.82235057765,4.34851614377e-08
777,1.82231716502,4.36365644296e-08
778,1.82228381107,4.37884935312e-08
779,1.8222505156,4.39409505659e-08
780,1.82221727841,4.40939373797e-08
781,1.82218409931,4.42474558091e-08
782,1.82215097811,4.44015077021e-08
783,1.82211791459,4.45560949175e-08
784,1.82208490858,4.4711219321e-08
785,1.82205195987,4.48668827734e-08
785,1.82201906827,4.50230871558e-08
786,1.82198623359,4.51798343513e-08
787,1.82195345563,4.53371262412e-08
788,1.82192073419,4.54949647186e-08
789,1.8218880691,4.56533517009e-08
790,1.82185546014,4.58122890843e-08
791,1.82182290713,4.5971778787e-08
792,1.82179040988,4.61318227278e-08
793,1.82175796819,4.62924228352e-08
794,1.82172558188,4.64535810482e-08
795,1.82169325076,4.66152993031e-08
795,1.82166097462,4.67775795553e-08
796,1.82162875329,4.6940423752e-08
797,1.82159658657,4.71038338642e-08
798,1.82156447428,4.72678118531e-08
799,1.82153241622,4.74323597015e-08
800,1.82150041221,4.75974793855e-08
801,1.82146846205,4.77631729036e-08
802,1.82143656557,4.79294422393e-08
803,1.82140472257,4.80962894066e-08
804,1.82137293286,4.82637164154e-08
805,1.82134119626,4.84317252804e-08
806,1.82130951259,4.86003180238e-08
806,1.82127788165,4.8769496682e-08
807,1.82124630326,4.89392632998e-08
808,1.82121477724,4.91096199081e-08
809,1.8211833034,4.92805685701e-08
810,1.82115188155,4.9452111342e-08
811,1.82112051151,4.96242502924e-08
812,1.82108919311,4.97969875027e-08
813,1.82105792615,4.99703250463e-08
814,1.82102671044,5.01442650149e-08
815,1.82099554582,5.03188095055e-08
816,1.82096443209,5.04939606175e-08
817,1.82093336908,5.06697204741e-08
818,1.8209023566,5.08460911756e-08
819,1.82087139447,5.10230748671e-08
820,1.8208404825,5.1200673669e-08
821,1.82080962053,5.13788897283e-08
821,1.82077880837,5.15577251903e-08
822,1.82074804583,5.17371822098e-08
823,1.82071733274,5.19172629554e-08
824,1.82068666893,5.20979695932e-08
825,1.8206560542,5.22793043073e-08
826,1.82062548838,5.24612692719e-08
827,1.8205949713,5.26438666963e-08
828,1.82056450277,5.28270987664e-08
829,1.82053408262,5.30109677007e-08
830,1.82050371067,5.31954757159e-08
831,1.82047338674,5.33806250376e-08
832,1.82044311066,5.35664178939e-08
833,1.82041288225,5.37528565208e-08
834,1.82038270133,5.39399431783e-08
835,1.82035256774,5.41276801153e-08
836,1.82032248128,5.43160695914e-08
837,1.82029244179,5.45051138862e-08
838,1.8202624491,5.46948152759e-08
839,1.82023250302,5.4885176044e-08
840,1.82020260339,5.50761984948e-08
841,1.82017275003,5.52678849229e-08
842,1.82014294276,5.54602376415e-08
843,1.82011318142,5.56532589787e-08
844,1.82008346583,5.58469512505e-08
845,1.82005379582,5.60413168021e-08
845,1.82002417121,5.62363579681e-08
846,1.81999459184,5.64320771075e-08
847,1.81996505754,5.66284765802e-08
848,1.81993556812,5.68255587573e-08
849,1.81990612342,5.70233260051e-08
850,1.81987672327,5.72217807182e-08
851,1.81984736751,5.74209252893e-08
852,1.81981805595,5.76207621223e-08
853,1.81978878843,5.78212936239e-08
854,1.81975956478,5.80225222054e-08
855,1.81973038483,5.82244503087e-08
856,1.81970124841,5.84270803618e-08
857,1.81967215535,5.86304148079e-08
858,1.81964310549,5.88344561035e-08
859,1.81961409865,5.90392067095e-08
860,1.81958513468,5.92446690884e-08
861,1.81955621339,5.94508457309e-08
862,1.81952733463,5.96577391171e-08
863,1.81949849823,5.98653517428e-08
864,1.81946970401,6.00736861119e-08
865,1.81944095182,6.02827447435e-08
866,1.81941224149,6.04925301545e-08
867,1.81938357285,6.07030448797e-08
868,1.81935494574,6.09142914526e-08
869,1.81932635999,6.11262724293e-08
870,1.81929781544,6.13389903618e-08
871,1.81926931192,6.15524478224e-08
872,1.81924084926,6.17666473819e-08
873,1.81921242731,6.19815916249e-08
874,1.8191840459,6.21972831502e-08
875,1.81915570487,6.24137245537e-08
876,1.81912740405,6.26309184549e-08
877,1.81909914327,6.2848867471e-08
878,1.81907092239,6.30675742223e-08
879,1.81904274123,6.32870413664e-08
880,1.81901459964,6.35072715403e-08
881,1.81898649744,6.37282674023e-08
882,1.81895843448,6.395003162e-08
883,1.8189304106,6.41725668737e-08
884,1.81890242564,6.43958758449e-08
885,1.81887447943,6.46199612336e-08
886,1.81884657182,6.48448257359e-08
887,1.81881870265,6.50704720766e-08
888,1.81879087174,6.52969029753e-08
889,1.81876307895,6.55241211582e-08
890,1.81873532412,6.57521293747e-08
892,1.81870760708,6.59809303784e-08
893,1.81867992768,6.62105269311e-08
894,1.81865228576,6.64409217939e-08
895,1.81862468116,6.66721177585e-08
896,1.81859711372,6.69041176166e-08
897,1.81856958328,6.71369241588e-08
898,1.81854208968,6.73705402088e-08
899,1.81851463277,6.76049685828e-08
900,1.8184872124,6.78402120997e-08
901,1.81845982839,6.8076273618e-08
902,1.81843248061,6.8313155973e-08
903,1.81840516888,6.8550862034e-08
904,1.81837789305,6.87893946612e-08
905,1.81835065297,6.90287567417e-08
906,1.81832344849,6.92689511724e-08
907,1.81829627944,6.95099808392e-08
908,1.81826914567,6.97518486632e-08
909,1.81824204702,6.99945575582e-08
910,1.81821498334,7.02381104603e-08
911,1.81818795448,7.04825103077e-08
912,1.81816096028,7.07277600491e-08
913,1.81813400059,7.09738626597e-08
914,1.81810707525,7.12208210881e-08
915,1.81808018411,7.1468638335e-08
917,1.81805332701,7.17173173918e-08
918,1.8180265038,7.19668612543e-08
919,1.81799971434,7.22172729449e-08
920,1.81797295846,7.24685554808e-08
921,1.81794623601,7.27207119022e-08
922,1.81791954684,7.29737452504e-08
923,1.8178928908,7.32276585868e-08
924,1.81786626774,7.3482454975e-08
925,1.8178396775,7.37381374938e-08
926,1.81781311994,7.39947092327e-08
927,1.8177865949,7.42521732862e-08
928,1.81776010223,7.4510532776e-08
929,1.81773364178,7.47697908096e-08
930,1.81770721339,7.50299505271e-08
931,1.81768081693,7.52910150677e-08
932,1.81765445224,7.5552987591e-08
934,1.81762811916,7.58158712574e-08
935,1.81760181755,7.6079669245e-08
936,1.81757554726,7.63443847377e-08
937,1.81754930814,7.66100209364e-08
938,1.81752310004,7.68765810539e-08
939,1.81749692282,7.71440683087e-08
940,1.81747077631,7.7412485928e-08
941,1.81744466038,7.76818371623e-08
942,1.81741857487,7.79521252678e-08
943,1.81739251964,7.82233535005e-08
944,1.81736649454,7.84955251477e-08
945,1.81734049942,7.87686434975e-08
947,1.81731453414,7.90427118491e-08
948,1.81728859854,7.93177335141e-08
949,1.81726269248,7.95937118128e-08
950,1.81723681581,7.98706500852e-08
951,1.81721096839,8.01485516839e-08
952,1.81718515007,8.04274199578e-08
953,1.8171593607,8.0707258282e-08
954,1.81713360013,8.09880700337e-08
955,1.81710786823,8.12698586241e-08
956,1.81708216484,8.15526274401e-08
958,1.81705648982,8.18363799108e-08
959,1.81703084302,8.21211194651e-08
960,1.8170052243,8.24068495403e-08
961,1.81697963351,8.26935735963e-08
962,1.81695407051,8.29812950977e-08
963,1.81692853515,8.32700175203e-08
964,1.81690302729,8.35597443603e-08
965,1.81687754679,8.38504791165e-08
966,1.81685209349,8.41422253057e-08
967,1.81682666726,8.44349864554e-08
969,1.81680126796,8.47287661032e-08
970,1.81677589543,8.50235678082e-08
971,1.81675054953,8.53193951266e-08
972,1.81672523013,8.56162516423e-08
973,1.81669993708,8.59141409406e-08
974,1.81667467023,8.62130666298e-08
975,1.81664942944,8.65130323191e-08
976,1.81662421458,8.68140416337e-08
978,1.81659902549,8.71160982255e-08
979,1.81657386204,8.74192057396e-08
980,1.81654872408,8.77233678468e-08
981,1.81652361147,8.80285882208e-08
982,1.81649852408,8.83348705525e-08
983,1.81647346175,8.86422185532e-08
984,1.81644842435,8.89506359387e-08
985,1.81642341173,8.9260126424e-08
987,1.81639842376,8.95706937779e-08
988,1.81637346029,8.98823417489e-08
989,1.81634852118,9.01950741045e-08
990,1.8163236063,9.05088946314e-08
991,1.81629871549,9.08238071178e-08
992,1.81627384863,9.11398153866e-08
993,1.81624900557,9.14569232514e-08
995,1.81622418617,9.17751345549e-08
996,1.81619939029,9.20944531391e-08
997,1.8161746178,9.2414882877e-08
998,1.81614986854,9.2736427644e-08
999,1.81612514239,9.30590913248e-08
1000,1.81610043921,9.33828778281e-08
1002,1.81607575884,9.37077910766e-08
1003,1.81605110117,9.40338349996e-08
1004,1.81602646604,9.4361013536e-08
1005,1.81600185331,9.46893306578e-08
1006,1.81597726286,9.50187903256e-08
1007,1.81595269454,9.53493965369e-08
1008,1.81592814822,9.56811532885e-08
1010,1.81590362374,9.60140645975e-08
1011,1.81587912099,9.63481344923e-08
1012,1.81585463982,9.66833670227e-08
1013,1.81583018009,9.70197662356e-08
1014,1.81580574166,9.73573362121e-08
1015,1.8157813244,9.76960810372e-08
1017,1.81575692817,9.80360048117e-08
1018,1.81573255284,9.83771116461e-08
1019,1.81570819826,9.87194056746e-08
1020,1.8156838643,9.90628910469e-08
1021,1.81565955082,9.94075719119e-08
1022,1.81563525769,9.97534524453e-08
1024,1.81561098477,1.00100536839e-07
1025,1.81558673193,1.0044882929e-07
1026,1.81556249902,1.00798334025e-07
1027,1.81553828592,1.01149055268e-07
1028,1.81551409248,1.01500997268e-07
1030,1.81548991857,1.01854164293e-07
1031,1.81546576406,1.02208560612e-07
1032,1.81544162881,1.02564190517e-07
1033,1.81541751268,1.02921058326e-07
1034,1.81539341554,1.0327916835e-07
1036,1.81536933725,1.03638524935e-07
1037,1.81534527768,1.03999132421e-07
1038,1.8153212367,1.0436099519e-07
1039,1.81529721417,1.04724117621e-07
1040,1.81527320995,1.05088504106e-07
1042,1.81524922392,1.05454159073e-07
1043,1.81522525593,1.05821086934e-07
1044,1.81520130585,1.06189292151e-07
1045,1.81517737355,1.06558779176e-07
1046,1.8151534589,1.06929552488e-07
1048,1.81512956175,1.07301616576e-07
1049,1.81510568198,1.07674975956e-07
1050,1.81508181946,1.08049635141e-07
1051,1.81505797404,1.08425598682e-07
1052,1.8150341456,1.08802871132e-07
1054,1.81501033401,1.0918145705e-07
1055,1.81498653912,1.09561361042e-07
1056,1.81496276081,1.099425877e-07
1057,1.81493899895,1.10325141657e-07
1058,1.81491525339,1.10709027536e-07
1060,1.81489152401,1.11094249996e-07
1061,1.81486781068,1.11480813708e-07
1062,1.81484411327,1.11868723351e-07
1063,1.81482043163,1.1225798363e-07
1065,1.81479676564,1.12648599264e-07
1066,1.81477311517,1.13040574991e-07
1067,1.81474948008,1.13433915562e-07
1068,1.81472586025,1.13828625743e-07
1069,1.81470225553,1.14224710317e-07
1071,1.8146786658,1.14622174093e-07
1072,1.81465509093,1.15021021885e-07
1073,1.81463153079,1.15421258531e-07
1074,1.81460798524,1.15822888884e-07
1076,1.81458445415,1.16225917809e-07
1077,1.81456093739,1.166303502e-07
1078,1.81453743484,1.1703619096e-07
1079,1.81451394635,1.17443445004e-07
1081,1.8144904718,1.17852117292e-07
1082,1.81446701106,1.18262212751e-07
1083,1.81444356399,1.18673736371e-07
1084,1.81442013047,1.19086693141e-07
1086,1.81439671036,1.19501088067e-07
1087,1.81437330354,1.19916926181e-07
1088,1.81434990987,1.20334212521e-07
1089,1.81432652922,1.2075295215e-07
1091,1.81430316147,1.21173150156e-07
1092,1.81427980648,1.21594811621e-07
1093,1.81425646413,1.22017941674e-07
1094,1.81423313427,1.22442545444e-07
1096,1.81420981679,1.22868628083e-07
1097,1.81418651155,1.23296194764e-07
1098,1.81416321843,1.23725250663e-07
1099,1.81413993728,1.24155800997e-07
1101,1.814116668,1.24587850989e-07
1102,1.81409341043,1.25021405881e-07
1103,1.81407016446,1.25456470933e-07
1105,1.81404692996,1.25893051426e-07
1106,1.81402370679,1.26331152655e-07
1107,1.81400049483,1.26770779943e-07
1108,1.81397729395,1.27211938624e-07
1110,1.81395410402,1.27654634053e-07
1111,1.8139309249,1.28098871601e-07
1112,1.81390775648,1.28544656656e-07
1113,1.81388459862,1.28991994642e-07
1115,1.81386145119,1.2944089098e-07
1116,1.81383831407,1.2989135112e-07
1117,1.81381518712,1.30343380538e-07
1119,1.81379207022,1.30796984711e-07
1120,1.81376896324,1.31252169159e-07
1121,1.81374586605,1.31708939391e-07
1122,1.81372277851,1.32167300975e-07
1124,1.81369970052,1.32627259459e-07
1125,1.81367663193,1.3308882044e-07
1126,1.81365357261,1.33551989515e-07
1128,1.81363052245,1.34016772313e-07
1129,1.8136074813,1.34483174477e-07
1130,1.81358444905,1.34951201674e-07
1132,1.81356142556,1.35420859589e-07
1133,1.81353841072,1.35892153917e-07
1134,1.81351540438,1.36365090396e-07
1135,1.81349240642,1.36839674765e-07
1137,1.81346941671,1.3731591279e-07
1138,1.81344643513,1.37793810249e-07
1139,1.81342346155,1.3827337296e-07
1141,1.81340049585,1.38754606739e-07
1142,1.81337753788,1.39237517436e-07
1143,1.81335458753,1.39722110926e-07
1145,1.81333164467,1.40208393085e-07
1146,1.81330870917,1.4069636983e-07
1147,1.81328578091,1.41186047091e-07
1149,1.81326285975,1.41677430813e-07
1150,1.81323994557,1.42170526968e-07
1151,1.81321703825,1.42665341545e-07
1153,1.81319413765,1.43161880569e-07
1154,1.81317124365,1.43660150074e-07
1155,1.81314835612,1.44160156111e-07
1157,1.81312547493,1.44661904752e-07
1158,1.81310259996,1.45165402105e-07
1159,1.81307973109,1.45670654291e-07
1161,1.81305686818,1.46177667449e-07
1162,1.8130340111,1.46686447741e-07
1163,1.81301115974,1.47197001354e-07
1165,1.81298831396,1.47709334497e-07
1166,1.81296547364,1.482234534e-07
1167,1.81294263865,1.48739364306e-07
1169,1.81291980886,1.49257073506e-07
1170,1.81289698415,1.49776587274e-07
1171,1.81287416439,1.50297911943e-07
1173,1.81285134946,1.50821053848e-07
1174,1.81282853922,1.51346019353e-07
1175,1.81280573356,1.51872814837e-07
1177,1.81278293234,1.5240144672e-07
1178,1.81276013544,1.52931921414e-07
1179,1.81273734274,1.53464245384e-07
1181,1.8127145541,1.53998425105e-07
1182,1.8126917694,1.54534467074e-07
1184,1.81266898852,1.55072377811e-07
1185,1.81264621132,1.5561216386e-07
1186,1.81262343769,1.5615383179e-07
1188,1.81260066749,1.56697388188e-07
1189,1.8125779006,1.57242839675e-07
1190,1.8125551369,1.57790192883e-07
1192,1.81253237625,1.58339454472e-07
1193,1.81250961854,1.58890631129e-07
1195,1.81248686363,1.59443729562e-07
1196,1.8124641114,1.59998756498e-07
1197,1.81244136173,1.60555718699e-07
1199,1.81241861448,1.61114622937e-07
1200,1.81239586954,1.6167547602e-07
1201,1.81237312677,1.62238284778e-07
1203,1.81235038605,1.62803056052e-07
1204,1.81232764726,1.6336979673e-07
1206,1.81230491026,1.63938513699e-07
1207,1.81228217494,1.64509213897e-07
1208,1.81225944117,1.65081904261e-07
1210,1.81223670881,1.65656591769e-07
1211,1.81221397776,1.66233283417e-07
1213,1.81219124787,1.6681198623e-07
1214,1.81216851903,1.67392707252e-07
1215,1.8121457911,1.67975453565e-07
1217,1.81212306397,1.68560232249e-07
1218,1.8121003375,1.69147050441e-07
1220,1.81207761158,1.69735915289e-07
1221,1.81205488607,1.70326833952e-07
1222,1.81203216085,1.70919813643e-07
1224,1.8120094358,1.71514861576e-07
1225,1.81198671078,1.72111985002e-07
1227,1.81196398568,1.72711191204e-07
1228,1.81194126037,1.73312487472e-07
1229,1.81191853471,1.73915881143e-07
1231,1.81189580859,1.74521379557e-07
1232,1.81187308189,1.75128990102e-07
1234,1.81185035446,1.75738720173e-07
1235,1.8118276262,1.76350577215e-07
1237,1.81180489697,1.7696456867e-07
1238,1.81178216665,1.77580702028e-07
1239,1.81175943511,1.78198984801e-07
1241,1.81173670222,1.78819424522e-07
1242,1.81171396787,1.79442028759e-07
1244,1.81169123192,1.80066805096e-07
1245,1.81166849425,1.80693761142e-07
1247,1.81164575474,1.81322904557e-07
1248,1.81162301325,1.81954243006e-07
1249,1.81160026967,1.82587784187e-07
1251,1.81157752386,1.83223535825e-07
1252,1.8115547757,1.83861505667e-07
1254,1.81153202507,1.84501701502e-07
1255,1.81150927184,1.85144131125e-07
1257,1.81148651588,1.85788802386e-07
1258,1.81146375707,1.86435723131e-07
1260,1.81144099529,1.87084901267e-07
1261,1.8114182304,1.87736344712e-07
1262,1.81139546228,1.88390061392e-07
1264,1.8113726908,1.890460593e-07
1265,1.81134991585,1.89704346441e-07
1267,1.81132713729,1.90364930837e-07
1268,1.81130435499,1.91027820553e-07
1270,1.81128156884,1.91693023669e-07
1271,1.81125877871,1.92360548317e-07
1273,1.81123598446,1.93030402632e-07
1274,1.81121318598,1.93702594797e-07
1276,1.81119038314,1.94377132998e-07
1277,1.8111675758,1.95054025488e-07
1279,1.81114476386,1.95733280521e-07
1280,1.81112194717,1.96414906386e-07
1281,1.81109912562,1.97098911408e-07
1283,1.81107629908,1.97785303927e-07
1284,1.81105346742,1.9847409234e-07
1286,1.81103063051,1.99165285038e-07
1287,1.81100778824,1.99858890475e-07
1289,1.81098494046,2.00554917108e-07
1290,1.81096208707,2.01253373456e-07
1292,1.81093922793,2.01954268019e-07
1293,1.81091636291,2.02657609377e-07
1295,1.81089349189,2.03363406112e-07
1296,1.81087061474,2.04071666852e-07
1298,1.81084773134,2.04782400243e-07
1299,1.81082484156,2.05495614967e-07
1301,1.81080194527,2.06211319738e-07
1302,1.81077904234,2.06929523289e-07
1304,1.81075613266,2.07650234411e-07
1305,1.81073321609,2.08373461899e-07
1307,1.81071029251,2.09099214591e-07
1308,1.81068736179,2.09827501359e-07
1310,1.8106644238,2.10558331093e-07
1311,1.81064147842,2.1129171274e-07
1313,1.81061852552,2.12027655247e-07
1314,1.81059556498,2.1276616762e-07
1316,1.81057259666,2.13507258882e-07
1317,1.81054962044,2.14250938086e-07
1319,1.81052663619,2.14997214332e-07
1320,1.81050364379,2.15746096737e-07
1322,1.81048064311,2.16497594458e-07
1323,1.81045763402,2.17251716684e-07
1325,1.81043461639,2.18008472632e-07
1327,1.81041159011,2.18767871563e-07
1328,1.81038855503,2.19529922755e-07
1330,1.81036551104,2.20294635531e-07
1331,1.81034245801,2.21062019245e-07
1333,1.8103193958,2.21832083276e-07
1334,1.81029632429,2.22604837051e-07
1336,1.81027324336,2.2338029002e-07
1337,1.81025015288,2.24158451674e-07
1339,1.81022705271,2.24939331508e-07
1340,1.81020394274,2.25722939105e-07
1342,1.81018082283,2.26509284038e-07
1343,1.81015769285,2.27298375932e-07
1345,1.81013455269,2.28090224442e-07
1347,1.8101114022,2.28884839261e-07
1348,1.81008824127,2.29682230108e-07
1350,1.81006506976,2.30482406753e-07
1351,1.81004188755,2.31285378975e-07
1353,1.81001869451,2.32091156607e-07
1354,1.80999549051,2.3289974952e-07
1356,1.80997227542,2.33711167605e-07
1357,1.80994904911,2.34525420797e-07
1359,1.80992581146,2.35342519066e-07
1361,1.80990256234,2.36162472422e-07
1362,1.80987930162,2.36985290893e-07
1364,1.80985602917,2.37810984566e-07
1365,1.80983274486,2.38639563546e-07
1367,1.80980944856,2.39471037989e-07
1368,1.80978614015,2.40305418066e-07
1370,1.80976281949,2.41142714006e-07
1372,1.80973948646,2.41982936066e-07
1373,1.80971614093,2.42826094534e-07
1375,1.80969278276,2.43672199743e-07
1376,1.80966941184,2.44521262057e-07
1378,1.80964602803,2.45373291883e-07
1379,1.80962263119,2.46228299664e-07
1381,1.80959922122,2.47086295864e-07
1383,1.80957579796,2.47947291008e-07
1384,1.8095523613,2.48811295647e-07
1386,1.8095289111,2.49678320369e-07
1387,1.80950544723,2.50548375806e-07
1389,1.80948196957,2.51421472618e-07
1391,1.80945847799,2.52297621513e-07
1392,1.80943497235,2.53176833226e-07
1394,1.80941145252,2.54059118546e-07
1395,1.80938791838,2.54944488277e-07
1397,1.80936436979,2.5583295329e-07
1399,1.80934080663,2.56724524471e-07
1400,1.80931722877,2.57619212762e-07
1402,1.80929363606,2.58517029131e-07
1404,1.8092700284,2.59417984587e-07
1405,1.80924640563,2.6032209019e-07
1407,1.80922276764,2.61229357024e-07
1408,1.80919911428,2.62139796226e-07
1410,1.80917544544,2.63053418958e-07
1412,1.80915176098,2.63970236432e-07
1413,1.80912806077,2.64890259908e-07
1415,1.80910434468,2.65813500663e-07
1417,1.80908061257,2.66739970036e-07
1418,1.80905686432,2.67669679391e-07
1420,1.80903309979,2.68602640139e-07
1421,1.80900931886,2.69538863744e-07
1423,1.80898552139,2.70478361682e-07
1425,1.80896170725,2.71421145499e-07
1426,1.8089378763,2.72367226765e-07
1428,1.80891402842,2.733166171e-07
1430,1.80889016348,2.74269328153e-07
1431,1.80886628133,2.75225371637e-07
1433,1.80884238186,2.76184759283e-07
1435,1.80881846493,2.77147502876e-07
1436,1.8087945304,2.78113614241e-07
1438,1.80877057814,2.79083105251e-07
1440,1.80874660802,2.80055987798e-07
1441,1.80872261991,2.8103227386e-07
1443,1.80869861368,2.82011975414e-07
1445,1.80867458919,2.82995104503e-07
1446,1.8086505463,2.83981673209e-07
1448,1.8086264849,2.84971693651e-07
1450,1.80860240483,2.85965178001e-07
1451,1.80857830598,2.86962138467e-07
1453,1.8085541882,2.87962587305e-07
1455,1.80853005136,2.88966536812e-07
1456,1.80850589533,2.89973999333e-07
1458,1.80848171998,2.9098498725e-07
1460,1.80845752517,2.91999512995e-07
1461,1.80843331076,2.93017589044e-07
1463,1.80840907663,2.94039227907e-07
1465,1.80838482264,2.95064442164e-07
1466,1.80836054865,2.96093244417e-07
1468,1.80833625453,2.97125647316e-07
1470,1.80831194015,2.98161663568e-07
1471,1.80828760537,2.99201305912e-07
1473,1.80826325005,3.00244587137e-07
1475,1.80823887407,3.01291520083e-07
1476,1.80821447728,3.02342117634e-07
1478,1.80819005955,3.03396392715e-07
1480,1.80816562074,3.04454358299e-07
1482,1.80814116073,3.05516027411e-07
1483,1.80811667937,3.06581413116e-07
1485,1.80809217653,3.07650528525e-07
1487,1.80806765207,3.08723386807e-07
1488,1.80804310586,3.09800001166e-07
1490,1.80801853776,3.10880384856e-07
1492,1.80799394763,3.1196455118e-07
1494,1.80796933534,3.13052513493e-07
1495,1.80794470075,3.14144285185e-07
1497,1.80792004373,3.15239879716e-07
1499,1.80789536414,3.16339310564e-07
1500,1.80787066184,3.17442591284e-07
1502,1.80784593669,3.18549735469e-07
1504,1.80782118856,3.19660756743e-07
1506,1.80779641731,3.20775668815e-07
1507,1.8077716228,3.21894485413e-07
1509,1.8077468049,3.23017220318e-07
1511,1.80772196346,3.2414388738e-07
1513,1.80769709835,3.25274500474e-07
1514,1.80767220944,3.26409073542e-07
1516,1.80764729657,3.27547620569e-07
1518,1.80762235963,3.28690155593e-07
1520,1.80759739845,3.29836692694e-07
1521,1.80757241292,3.3098724602e-07
1523,1.80754740288,3.32141829744e-07
1525,1.80752236821,3.33300458121e-07
1527,1.80749730876,3.34463145426e-07
1528,1.80747222438,3.3562990601e-07
1530,1.80744711495,3.36800754255e-07
1532,1.80742198033,3.37975704611e-07
1534,1.80739682037,3.39154771575e-07
1535,1.80737163493,3.40337969695e-07
1537,1.80734642388,3.41525313574e-07
1539,1.80732118706,3.42716817855e-07
1541,1.80729592436,3.43912497247e-07
1543,1.80727063562,3.45112366507e-07
1544,1.80724532069,3.46316440452e-07
1546,1.80721997945,3.47524733937e-07
1548,1.80719461176,3.48737261884e-07
1550,1.80716921746,3.49954039269e-07
1551,1.80714379642,3.51175081105e-07
1553,1.8071183485,3.52400402479e-07
1555,1.80709287355,3.5363001852e-07
1557,1.80706737144,3.54863944413e-07
1559,1.80704184202,3.56102195406e-07
1560,1.80701628515,3.57344786793e-07
1562,1.80699070069,3.58591733926e-07
1564,1.8069650885,3.59843052215e-07
1566,1.80693944843,3.61098757107e-07
1568,1.80691378034,3.62358864139e-07
1569,1.80688808408,3.63623388871e-07
1571,1.80686235953,3.64892346939e-07
1573,1.80683660652,3.66165754022e-07
1575,1.80681082492,3.67443625874e-07
1577,1.80678501459,3.68725978282e-07
1578,1.80675917538,3.70012827111e-07
1580,1.80673330715,3.71304188261e-07
1582,1.80670740974,3.72600077711e-07
1584,1.80668148303,3.73900511488e-07
1586,1.80665552686,3.75205505676e-07
1588,1.80662954109,3.76515076412e-07
1589,1.80660352558,3.77829239906e-07
1591,1.80657748018,3.79148012408e-07
1593,1.80655140474,3.80471410238e-07
1595,1.80652529913,3.81799449784e-07
1597,1.80649916318,3.8313214747e-07
1599,1.80647299677,3.8446951979e-07
1600,1.80644679974,3.85811583305e-07
1602,1.80642057194,3.87158354624e-07
1604,1.80639431323,3.88509850419e-07
1606,1.80636802347,3.89866087426e-07
1608,1.80634170251,3.91227082437e-07
1610,1.80631535019,3.92592852312e-07
1612,1.80628896638,3.93963413964e-07
1613,1.80626255093,3.95338784363e-07
1615,1.80623610369,3.96718980551e-07
1617,1.8062096245,3.98104019626e-07
1619,1.80618311323,3.99493918751e-07
1621,1.80615656973,4.00888695147e-07
1623,1.80612999384,4.02288366102e-07
1625,1.80610338543,4.03692948952e-07
1626,1.80607674433,4.05102461118e-07
1628,1.80605007041,4.06516920057e-07
1630,1.80602336351,4.07936343324e-07
1632,1.80599662348,4.09360748504e-07
1634,1.80596985017,4.10790153263e-07
1636,1.80594304344,4.12224575327e-07
1638,1.80591620314,4.13664032486e-07
1640,1.80588932911,4.15108542588e-07
1641,1.80586242121,4.16558123561e-07
1643,1.80583547928,4.18012793382e-07
1645,1.80580850317,4.19472570107e-07
1647,1.80578149274,4.20937471836e-07
1649,1.80575444782,4.22407516753e-07
1651,1.80572736828,4.23882723107e-07
1653,1.80570025396,4.25363109203e-07
1655,1.80567310471,4.26848693422e-07
1657,1.80564592037,4.28339494204e-07
1659,1.8056187008,4.29835530058e-07
1661,1.80559144584,4.31336819559e-07
1662,1.80556415533,4.32843381356e-07
1664,1.80553682913,4.34355234156e-07
1666,1.80550946709,4.35872396736e-07
1668,1.80548206904,4.37394887954e-07
1670,1.80545463485,4.38922726711e-07
1672,1.80542716434,4.40455931994e-07
1674,1.80539965738,4.41994522849e-07
1676,1.8053721138,4.43538518412e-07
1678,1.80534453345,4.45087937866e-07
1680,1.80531691617,4.46642800464e-07
1682,1.80528926182,4.48203125542e-07
1684,1.80526157024,4.49768932498e-07
1686,1.80523384126,4.51340240795e-07
1687,1.80520607475,4.52917069985e-07
1689,1.80517827053,4.54499439672e-07
1691,1.80515042846,4.56087369535e-07
1693,1.80512254837,4.57680879332e-07
1695,1.80509463012,4.59279988885e-07
1697,1.80506667354,4.60884718083e-07
1699,1.80503867848,4.62495086909e-07
1701,1.80501064479,4.64111115395e-07
1703,1.80498257229,4.65732823658e-07
1705,1.80495446085,4.6736023188e-07
1707,1.80492631029,4.6899336033e-07
1709,1.80489812046,4.7063222933e-07
1711,1.80486989121,4.72276859289e-07
1713,1.80484162237,4.73927270688e-07
1715,1.80481331378,4.75583484091e-07
1717,1.80478496529,4.77245520113e-07
1719,1.80475657674,4.78913399471e-07
1721,1.80472814797,4.80587142939e-07
1723,1.80469967881,4.82266771372e-07
1725,1.80467116912,4.83952305699e-07
1727,1.80464261871,4.85643766929e-07
1729,1.80461402745,4.87341176145e-07
1731,1.80458539516,4.89044554512e-07
1733,1.80455672169,4.90753923262e-07
1735,1.80452800687,4.92469303702e-07
1737,1.80449925054,4.94190717232e-07
1739,1.80447045255,4.95918185317e-07
1741,1.80444161273,4.97651729502e-07
1743,1.80441273091,4.99391371417e-07
1745,1.80438380693,5.01137132762e-07
1747,1.80435484064,5.02889035321e-07
1749,1.80432583186,5.04647100957e-07
1751,1.80429678043,5.06411351604e-07
1753,1.8042676862,5.08181809291e-07
1755,1.804238549,5.09958496121e-07
1757,1.80420936866,5.11741434262e-07
1759,1.80418014502,5.13530645991e-07
1761,1.80415087791,5.15326153648e-07
1763,1.80412156717,5.17127979648e-07
1765,1.80409221264,5.18936146509e-07
1767,1.80406281414,5.20750676814e-07
1769,1.80403337152,5.22571593237e-07
1771,1.8040038846,5.24398918524e-07
1773,1.80397435322,5.26232675516e-07
1775,1.80394477722,5.28072887125e-07
1777,1.80391515643,5.29919576366e-07
1779,1.80388549067,5.31772766315e-07
1781,1.80385577979,5.33632480146e-07
1783,1.80382602361,5.35498741114e-07
1785,1.80379622197,5.37371572558e-07
1788,1.80376637469,5.39250997895e-07
1790,1.80373648162,5.41137040649e-07
1792,1.80370654257,5.4302972441e-07
1794,1.80367655739,5.44929072856e-07
1796,1.8036465259,5.46835109761e-07
1798,1.80361644793,5.48747858972e-07
1800,1.80358632332,5.50667344444e-07
1802,1.80355615189,5.52593590194e-07
1804,1.80352593347,5.54526620344e-07
1806,1.80349566789,5.564664591e-07
1808,1.80346535498,5.58413130752e-07
1810,1.80343499457,5.60366659688e-07
1812,1.80340458649,5.62327070373e-07
1814,1.80337413056,5.64294387372e-07
1817,1.80334362662,5.66268635331e-07
1819,1.80331307448,5.68249838994e-07
1821,1.80328247398,5.7023802319e-07
1823,1.80325182494,5.72233212844e-07
1825,1.8032211272,5.74235432965e-07
1827,1.80319038057,5.76244708649e-07
1829,1.80315958487,5.78261065118e-07
1831,1.80312873995,5.80284527633e-07
1833,1.80309784563,5.82315121578e-07
1835,1.80306690172,5.84352872441e-07
1838,1.80303590805,5.86397805777e-07
1840,1.80300486444,5.88449947254e-07
1842,1.80297377073,5.90509322621e-07
1844,1.80294262673,5.92575957728e-07
1846,1.80291143227,5.94649878511e-07
1848,1.80288018717,5.96731111014e-07
1850,1.80284889125,5.98819681374e-07
1852,1.80281754434,6.00915615812e-07
1855,1.80278614625,6.03018940661e-07
1857,1.80275469682,6.05129682338e-07
1859,1.80272319585,6.07247867357e-07
1861,1.80269164317,6.09373522349e-07
1863,1.80266003862,6.11506674005e-07
1865,1.80262838199,6.13647349156e-07
1867,1.80259667311,6.15795574698e-07
1870,1.80256491181,6.17951377647e-07
1872,1.8025330979,6.20114785107e-07
1874,1.8025012312,6.22285824282e-07
1876,1.80246931153,6.24464522487e-07
1878,1.80243733871,6.26650907118e-07
1880,1.80240531255,6.28845005687e-07
1883,1.80237323289,6.31046845805e-07
1885,1.80234109951,6.33256455184e-07
1887,1.80230891227,6.35473861623e-07
1889,1.80227667095,6.37699093045e-07
1891,1.80224437539,6.39932177467e-07
1893,1.8022120254,6.42173142998e-07
1896,1.80217962079,6.44422017871e-07
1898,1.80214716138,6.4667883041e-07
1900,1.80211464699,6.48943609047e-07
1902,1.80208207742,6.51216382305e-07
1904,1.8020494525,6.53497178836e-07
1907,1.80201677203,6.55786027381e-07
1909,1.80198403584,6.58082956793e-07
1911,1.80195124373,6.60387996026e-07
1913,1.80191839552,6.6270117414e-07
1915,1.80188549101,6.65022520315e-07
1918,1.80185253003,6.67352063819e-07
1920,1.80181951238,6.69689834046e-07
1922,1.80178643788,6.72035860475e-07
1924,1.80175330634,6.74390172729e-07
1926,1.80172011756,6.76752800509e-07
1929,1.80168687136,6.79123773643e-07
1931,1.80165356755,6.81503122045e-07
1933,1.80162020593,6.83890875771e-07
1935,1.80158678632,6.86287064968e-07
1938,1.80155330853,6.88691719895e-07
1940,1.80151977236,6.91104870939e-07
1942,1.80148617763,6.93526548574e-07
1944,1.80145252413,6.95956783408e-07
1947,1.80141881168,6.98395606149e-07
1949,1.80138504009,7.00843047623e-07
1951,1.80135120916,7.03299138767e-07
1953,1.8013173187,7.05763910639e-07
1956,1.80128336851,7.08237394407e-07
1958,1.8012493584,7.10719621351e-07
1960,1.80121528817,7.13210622871e-07
1962,1.80118115764,7.15710430475e-07
1965,1.80114696659,7.18219075811e-07
1967,1.80111271484,7.20736590617e-07
1969,1.8010784022,7.23263006752e-07
1971,1.80104402847,7.25798356206e-07
1974,1.80100959343,7.28342671091e-07
1976,1.80097509691,7.30895983608e-07
1978,1.80094053871,7.33458326108e-07
1980,1.8009059186,7.36029731056e-07
1983,1.80087123642,7.38610231011e-07
1985,1.80083649196,7.41199858691e-07
1987,1.80080168501,7.43798646916e-07
1990,1.80076681538,7.46406628619e-07
1992,1.80073188286,7.4902383687e-07
1994,1.80069688726,7.51650304859e-07
1996,1.80066182837,7.54286065894e-07
1999,1.80062670599,7.56931153401e-07
2001,1.80059151992,7.5958560095e-07
2003,1.80055626997,7.62249442216e-07
2006,1.80052095593,7.64922710999e-07
2008,1.80048557758,7.67605441245e-07
2010,1.80045013473,7.70297667002e-07
2013,1.80041462717,7.72999422469e-07
2015,1.80037905471,7.75710741934e-07
2017,1.80034341713,7.78431659852e-07
2020,1.80030771424,7.81162210786e-07
2022,1.80027194582,7.83902429427e-07
2024,1.80023611166,7.86652350603e-07
2027,1.80020021157,7.89412009267e-07
2029,1.80016424533,7.92181440501e-07
2031,1.80012821273,7.94960679515e-07
2034,1.80009211358,7.97749761658e-07
2036,1.80005594767,8.00548722405e-07
2038,1.80001971477,8.0335759736e-07
2041,1.79998341469,8.06176422265e-07
2043,1.7999470472,8.09005232998e-07
2045,1.79991061212,8.11844065556e-07
2048,1.79987410922,8.14692956082e-07
2050,1.7998375383,8.17551940855e-07
2052,1.79980089913,8.20421056286e-07
2055,1.79976419151,8.23300338911e-07
2057,1.79972741523,8.26189825431e-07
2060,1.79969057009,8.29089552633e-07
2062,1.79965365584,8.31999557508e-07
2064,1.79961667229,8.34919877127e-07
2067,1.79957961924,8.37850548726e-07
2069,1.79954249646,8.40791609672e-07
2071,1.79950530372,8.43743097488e-07
2074,1.79946804083,8.46705049811e-07
2076,1.79943070756,8.49677504434e-07
2079,1.7993933037,8.52660499296e-07
2081,1.79935582903,8.55654072461e-07
2083,1.79931828334,8.58658262145e-07
2086,1.79928066641,8.61673106708e-07
2088,1.799242978,8.64698644657e-07
2091,1.79920521792,8.67734914624e-07
2093,1.79916738594,8.70781955415e-07
2095,1.79912948185,8.73839805943e-07
2098,1.79909150542,8.76908505306e-07
2100,1.79905345641,8.79988092728e-07
2103,1.79901533464,8.83078607566e-07
2105,1.79897713986,8.86180089364e-07
2108,1.79893887186,8.89292577773e-07
2110,1.79890053042,8.92416112612e-07
2112,1.7988621153,8.95550733853e-07
2115,1.7988236263,8.98696481606e-07
2117,1.79878506317,9.01853396138e-07
2120,1.79874642571,9.05021517866e-07
2122,1.79870771369,9.08200887355e-07
2125,1.79866892688,9.11391545325e-07
2127,1.79863006505,9.1459353265e-07
2129,1.79859112798,9.17806890356e-07
2132,1.79855211543,9.21031659636e-07
2134,1.7985130272,9.24267881795e-07
2137,1.79847386304,9.27515598348e-07
2139,1.79843462274,9.3077485092e-07
2142,1.79839530604,9.34045681331e-07
2144,1.79835591275,9.37328131526e-07
2147,1.7983164426,9.40622243637e-07
2149,1.79827689541,9.43928059916e-07
2152,1.79823727089,9.47245622814e-07
2154,1.79819756886,9.50574974907e-07
2157,1.79815778906,9.53916158975e-07
2159,1.79811793125,9.57269217906e-07
2162,1.79807799523,9.6063419478e-07
2164,1.79803798075,9.64011132837e-07
2167,1.79799788758,9.67400075479e-07
2169,1.79795771545,9.70801066274e-07
2172,1.79791746418,9.74214148931e-07
2174,1.79787713351,9.77639367358e-07
2177,1.79783672319,9.81076765615e-07
2179,1.79779623302,9.84526387905e-07
2182,1.79775566273,9.87988278639e-07
2184,1.7977150121,9.91462482363e-07
2187,1.79767428087,9.94949043805e-07
2189,1.79763346883,9.98448007862e-07
2192,1.79759257573,1.00195941959e-06
2194,1.79755160132,1.00548332423e-06
2197,1.79751054537,1.00901976719e-06
2199,1.79746940764,1.01256879403e-06
2202,1.79742818788,1.01613045051e-06
2204,1.79738688587,1.01970478255e-06
2207,1.79734550133,1.02329183624e-06
2209,1.79730403406,1.02689165785e-06
2212,1.79726248379,1.03050429381e-06
2214,1.79722085028,1.03412979077e-06
2217,1.79717913329,1.0377681955e-06
2220,1.79713733257,1.04141955498e-06
2222,1.79709544787,1.04508391636e-06
2225,1.79705347896,1.04876132698e-06
2227,1.79701142559,1.05245183432e-06
2230,1.7969692875,1.05615548609e-06
2232,1.79692706444,1.05987233016e-06
2235,1.79688475618,1.06360241456e-06
2238,1.79684236246,1.06734578754e-06
2240,1.79679988303,1.07110249751e-06
2243,1.79675731764,1.07487259307e-06
2245,1.79671466605,1.07865612299e-06
2248,1.79667192799,1.08245313626e-06
2250,1.79662910322,1.08626368202e-06
2253,1.79658619148,1.09008780962e-06
2256,1.79654319253,1.09392556857e-06
2258,1.7965001061,1.09777700861e-06
2261,1.79645693195,1.10164217962e-06
2263,1.79641366981,1.10552113172e-06
2266,1.79637031945,1.10941391517e-06
2269,1.79632688059,1.11332058046e-06
2271,1.79628335298,1.11724117826e-06
2274,1.79623973637,1.12117575944e-06
2277,1.79619603049,1.12512437503e-06
2279,1.79615223509,1.1290870763e-06
2282,1.79610834991,1.13306391468e-06
2284,1.79606437468,1.13705494183e-06
2287,1.79602030916,1.14106020957e-06
2290,1.79597615309,1.14507976993e-06
2292,1.79593190618,1.14911367516e-06
2295,1.79588756819,1.15316197769e-06
2298,1.79584313885,1.15722473016e-06
2300,1.7957986179,1.16130198537e-06
2303,1.79575400507,1.16539379639e-06
2306,1.79570930011,1.16950021644e-06
2308,1.79566450274,1.17362129897e-06
2311,1.7956196127,1.17775709762e-06
2314,1.79557462973,1.18190766624e-06
2316,1.79552955355,1.18607305889e-06
2319,1.79548438391,1.19025332982e-06
2322,1.79543912052,1.19444853353e-06
2324,1.79539376311,1.19865872467e-06
2327,1.79534831144,1.20288395813e-06
2330,1.79530276522,1.20712428902e-06
2332,1.79525712417,1.21137977265e-06
2335,1.79521138803,1.21565046455e-06
2338,1.79516555654,1.21993642042e-06
2340,1.79511962941,1.22423769624e-06
2343,1.79507360637,1.22855434815e-06
2346,1.79502748715,1.23288643254e-06
2348,1.79498127147,1.23723400601e-06
2351,1.79493495906,1.24159712536e-06
2354,1.79488854965,1.24597584761e-06
2357,1.79484204293,1.25037023004e-06
2359,1.79479543867,1.25478033009e-06
2362,1.79474873655,1.25920620546e-06
2365,1.79470193633,1.26364791405e-06
2367,1.7946550377,1.26810551402e-06
2370,1.79460804038,1.2725790637e-06
2373,1.79456094411,1.27706862169e-06
2376,1.79451374861,1.28157424677e-06
2378,1.79446645359,1.28609599801e-06
2381,1.79441905876,1.29063393464e-06
2384,1.79437156383,1.29518811617e-06
2387,1.79432396852,1.29975860232e-06
2389,1.79427627256,1.30434545302e-06
2392,1.79422847567,1.30894872846e-06
2395,1.79418057753,1.31356848906e-06
2398,1.79413257789,1.31820479545e-06
2400,1.79408447642,1.32285770852e-06
2403,1.79403627288,1.32752728938e-06
2406,1.79398796697,1.33221359938e-06
2409,1.79393955836,1.33691670012e-06
2411,1.79389104681,1.3416366534e-06
2414,1.79384243198,1.34637352133e-06
2417,1.79379371364,1.35112736616e-06
2420,1.79374489144,1.35589825047e-06
2423,1.79369596512,1.36068623703e-06
2425,1.79364693437,1.3654913889e-06
2428,1.79359779889,1.37031376932e-06
2431,1.79354855843,1.37515344182e-06
2434,1.79349921262,1.38001047019e-06
2437,1.79344976123,1.38488491841e-06
2439,1.79340020393,1.38977685077e-06
2442,1.79335054042,1.39468633177e-06
2445,1.79330077041,1.39961342618e-06
2448,1.7932508936,1.40455819899e-06
2451,1.79320090968,1.4095207155e-06
2453,1.79315081837,1.4145010412e-06
2456,1.79310061935,1.41949924186e-06
2459,1.7930503123,1.42451538356e-06
2462,1.79299989696,1.42954953252e-06
2465,1.79294937299,1.43460175534e-06
2468,1.7928987401,1.43967211879e-06
2470,1.79284799799,1.44476068994e-06
2473,1.79279714636,1.44986753611e-06
2476,1.79274618485,1.45499272492e-06
2479,1.79269511323,1.46013632417e-06
2482,1.79264393113,1.46529840201e-06
2485,1.79259263827,1.47047902682e-06
2488,1.79254123433,1.47567826723e-06
2490,1.79248971899,1.48089619216e-06
2493,1.79243809196,1.48613287081e-06
2496,1.7923863529,1.49138837263e-06
2499,1.79233450154,1.49666276732e-06
2502,1.79228253751,1.50195612492e-06
2505,1.79223046053,1.50726851567e-06
2508,1.79217827028,1.51260001015e-06
2511,1.79212596646,1.51795067912e-06
2514,1.79207354872,1.52332059375e-06
2516,1.79202101673,1.52870982541e-06
2519,1.79196837022,1.53411844574e-06
2522,1.79191560884,1.53954652667e-06
2525,1.79186273227,1.54499414043e-06
2528,1.7918097402,1.55046135953e-06
2531,1.79175663229,1.55594825677e-06
2534,1.79170340824,1.5614549052e-06
2537,1.79165006772,1.56698137821e-06
2540,1.79159661037,1.57252774944e-06
2543,1.79154303592,1.57809409282e-06
2546,1.79148934403,1.58368048256e-06
2549,1.79143553431,1.58928699327e-06
2551,1.79138160653,1.59491369965e-06
2554,1.79132756028,1.6005606769e-06
2557,1.79127339528,1.60622800038e-06
2560,1.79121911117,1.61191574581e-06
2563,1.79116470764,1.6176239892e-06
2566,1.79111018434,1.62335280683e-06
2569,1.79105554095,1.62910227532e-06
2572,1.79100077712,1.63487247155e-06
2575,1.79094589254,1.64066347275e-06
2578,1.79089088684,1.64647535643e-06
2581,1.79083575973,1.65230820038e-06
2584,1.79078051084,1.65816208276e-06
2587,1.79072513982,1.66403708202e-06
2590,1.79066964638,1.66993327685e-06
2593,1.79061403014,1.67585074633e-06
2596,1.79055829077,1.68178956986e-06
2599,1.79050242789,1.68774982711e-06
2602,1.79044644122,1.69373159806e-06
2605,1.7903903304,1.69973496301e-06
2608,1.79033409506,1.70576000266e-06
2611,1.79027773488,1.7118067979e-06
2614,1.79022124948,1.71787543006e-06
2617,1.79016463854,1.72396598072e-06
2620,1.79010790173,1.73007853177e-06
2623,1.79005103868,1.73621316547e-06
2626,1.78999404903,1.74236996443e-06
2629,1.78993693242,1.74854901155e-06
2632,1.78987968854,1.75475039001e-06
2635,1.789822317,1.76097418344e-06
2638,1.78976481747,1.7672204757e-06
2641,1.78970718959,1.77348935103e-06
2644,1.78964943297,1.77978089402e-06
2647,1.78959154733,1.78609518951e-06
2650,1.78953353223,1.79243232282e-06
2653,1.78947538736,1.79879237949e-06
2656,1.78941711236,1.80517544544e-06
2659,1.78935870686,1.81158160695e-06
2662,1.78930017048,1.81801095065e-06
2666,1.7892415029,1.82446356346e-06
2669,1.78918270371,1.83093953274e-06
2672,1.78912377257,1.83743894611e-06
2675,1.78906470911,1.84396189158e-06
2678,1.789005513,1.8505084575e-06
2681,1.78894618381,1.85707873261e-06
2684,1.78888672125,1.86367280593e-06
2687,1.78882712486,1.87029076696e-06
2690,1.78876739433,1.87693270542e-06
2693,1.78870752928,1.88359871149e-06
2696,1.78864752931,1.89028887568e-06
2700,1.78858739411,1.8970032888e-06
2703,1.78852712325,1.90374204216e-06
2706,1.78846671638,1.91050522731e-06
2709,1.78840617309,1.91729293628e-06
2712,1.78834549304,1.92410526138e-06
2715,1.78828467586,1.93094229528e-06
2718,1.78822372116,1.93780413112e-06
2721,1.78816262854,1.94469086235e-06
2725,1.78810139762,1.95160258282e-06
2728,1.78804002806,1.95853938671e-06
2731,1.78797851942,1.96550136866e-06
2734,1.78791687139,1.97248862358e-06
2737,1.78785508352,1.97950124691e-06
2740,1.78779315542,1.98653933439e-06
2743,1.78773108678,1.99360298209e-06
2747,1.78766887712,2.0006922866e-06
2750,1.78760652609,2.00780734484e-06
2753,1.78754403333,2.01494825404e-06
2756,1.78748139842,2.02211511196e-06
2759,1.78741862094,2.02930801671e-06
2762,1.78735570055,2.03652706676e-06
2766,1.78729263684,2.04377236099e-06
2769,1.78722942939,2.05104399874e-06
2772,1.78716607781,2.05834207968e-06
2775,1.78710258173,2.06566670391e-06
2778,1.78703894075,2.07301797194e-06
2782,1.78697515444,2.08039598472e-06
2785,1.78691122239,2.08780084358e-06
2788,1.78684714425,2.09523265023e-06
2791,1.78678291961,2.10269150681e-06
2794,1.78671854802,2.11017751598e-06
2798,1.78665402912,2.11769078066e-06
2801,1.78658936246,2.12523140429e-06
2804,1.7865245477,2.13279949068e-06
2807,1.78645958433,2.14039514417e-06
2811,1.78639447204,2.14801846934e-06
2814,1.78632921039,2.15566957134e-06
2817,1.78626379895,2.16334855573e-06
2820,1.78619823731,2.17105552848e-06
2824,1.78613252506,2.17879059601e-06
2827,1.78606666182,2.1865538651e-06
2830,1.7860006471,2.19434544314e-06
2833,1.78593448054,2.20216543778e-06
2837,1.78586816173,2.21001395716e-06
2840,1.7858016902,2.21789110997e-06
2843,1.78573506555,2.22579700523e-06
2846,1.78566828738,2.23373175241e-06
2850,1.78560135526,2.24169546149e-06
2853,1.78553426875,2.24968824287e-06
2856,1.78546702741,2.25771020745e-06
2860,1.78539963086,2.26576146648e-06
2863,1.78533207865,2.27384213176e-06
2866,1.78526437036,2.28195231553e-06
2869,1.78519650552,2.29009213052e-06
2873,1.78512848374,2.29826168984e-06
2876,1.78506030458,2.30646110715e-06
2879,1.78499196761,2.31469049654e-06
2883,1.78492347236,2.32294997262e-06
2886,1.78485481844,2.33123965037e-06
2889,1.78478600539,2.33955964537e-06
2893,1.78471703278,2.3479100736e-06
2896,1.78464790016,2.35629105153e-06
2899,1.7845786071,2.36470269614e-06
2903,1.78450915317,2.37314512485e-06
2906,1.78443953789,2.38161845566e-06
2909,1.78436976083,2.39012280695e-06
2913,1.78429982155,2.39865829765e-06
2916,1.78422971961,2.40722504718e-06
2919,1.78415945458,2.4158231754e-06
2923,1.78408902595,2.4244528028e-06
2926,1.7840184333,2.43311405026e-06
2930,1.78394767618,2.44180703919e-06
2933,1.78387675419,2.45053189143e-06
2936,1.78380566677,2.45928872957e-06
2940,1.78373441354,2.46807767643e-06
2943,1.78366299403,2.4768988555e-06
2946,1.78359140777,2.48575239074e-06
2950,1.78351965428,2.49463840668e-06
2953,1.78344773316,2.50355702825e-06
2957,1.78337564387,2.51250838107e-06
2960,1.783303386,2.52149259114e-06
2963,1.78323095907,2.53050978507e-06
2967,1.78315836263,2.53956008995e-06
2970,1.7830855962,2.54864363345e-06
2974,1.78301265928,2.55776054379e-06
2977,1.78293955149,2.56691094959e-06
2981,1.78286627225,2.57609498023e-06
2984,1.78279282111,2.58531276554e-06
2987,1.78271919764,2.59456443577e-06
2991,1.78264540136,2.60385012185e-06
2994,1.78257143181,2.61316995522e-06
2998,1.78249728843,2.62252406801e-06
3001,1.7824229708,2.63191259267e-06
3005,1.78234847843,2.64133566237e-06
3008,1.78227381083,2.65079341081e-06
3012,1.78219896754,2.66028597221e-06
3015,1.78212394805,2.66981348143e-06
3019,1.78204875187,2.67937607387e-06
3022,1.78197337854,2.68897388545e-06
3026,1.78189782755,2.69860705275e-06
3029,1.78182209843,2.70827571287e-06
3032,1.78174619063,2.71798000358e-06
3036,1.78167010373,2.72772006308e-06
3039,1.7815938372,2.73749603031e-06
3043,1.78151739052,2.74730804473e-06
3046,1.78144076324,2.75715624635e-06
3050,1.78136395486,2.76704077586e-06
3054,1.78128696484,2.77696177454e-06
3057,1.78120979271,2.7869193842e-06
3061,1.78113243793,2.79691374739e-06
3064,1.78105490007,2.80694500702e-06
3068,1.78097717852,2.81701330696e-06
3071,1.78089927285,2.8271187914e-06
3075,1.7808211825,2.83726160529e-06
3078,1.78074290701,2.84744189413e-06
3082,1.78066444583,2.85765980411e-06
3085,1.78058579847,2.86791548197e-06
3089,1.78050696443,2.87820907513e-06
3092,1.78042794313,2.88854073169e-06
3096,1.78034873411,2.89891060028e-06
3100,1.78026933681,2.90931883026e-06
3103,1.78018975073,2.91976557156e-06
3107,1.78010997533,2.93025097482e-06
3110,1.78003001013,2.9407751912e-06
3114,1.77994985457,2.95133837272e-06
3117,1.77986950814,2.96194067185e-06
3121,1.77978897028,2.97258224187e-06
3125,1.77970824044,2.98326323674e-06
3128,1.77962731818,2.99398381081e-06
3132,1.77954620291,3.0047441194e-06
3135,1.77946489406,3.01554431843e-06
3139,1.77938339116,3.0263845644e-06
3143,1.77930169368,3.03726501449e-06
3146,1.77921980099,3.04818582679e-06
3150,1.77913771262,3.05914715977e-06
3154,1.779055428,3.07014917278e-06
3157,1.77897294659,3.0811920258e-06
3161,1.77889026788,3.09227587944e-06
3164,1.77880739128,3.10340089516e-06
3168,1.77872431625,3.11456723502e-06
3172,1.77864104223,3.12577506181e-06
3175,1.77855756868,3.13702453903e-06
3179,1.77847389504,3.14831583092e-06
3183,1.77839002072,3.15964910241e-06
3186,1.77830594524,3.17102451904e-06
3190,1.77822166803,3.18244224722e-06
3194,1.77813718845,3.19390245417e-06
3197,1.77805250602,3.20540530759e-06
3201,1.77796762011,3.21695097614e-06
3205,1.77788253017,3.22853962911e-06
3209,1.7777972357,3.24017143645e-06
3212,1.77771173609,3.25184656901e-06
3216,1.7776260307,3.26356519844e-06
3220,1.77754011906,3.27532749691e-06
3223,1.77745400055,3.28713363754e-06
3227,1.77736767457,3.29898379417e-06
3231,1.77728114056,3.31087814139e-06
3234,1.77719439798,3.32281685447e-06
3238,1.77710744621,3.33480010961e-06
3242,1.77702028469,3.34682808369e-06
3246,1.77693291279,3.35890095446e-06
3249,1.77684532995,3.37101890041e-06
3253,1.77675753558,3.38318210075e-06
3257,1.77666952911,3.39539073556e-06
3261,1.77658130993,3.40764498569e-06
3264,1.77649287749,3.41994503275e-06
3268,1.77640423105,3.43229105947e-06
3272,1.77631537022,3.44468324874e-06
3276,1.77622629422,3.45712178504e-06
3279,1.77613700256,3.46960685302e-06
3283,1.77604749464,3.48213863847e-06
3287,1.77595776976,3.49471732813e-06
3291,1.77586782739,3.50734310923e-06
3295,1.77577766695,3.52001616999e-06
3298,1.77568728772,3.53273669967e-06
3302,1.77559668917,3.54550488806e-06
3306,1.77550587068,3.55832092595e-06
3310,1.77541483164,3.57118500497e-06
3314,1.77532357136,3.58409731774e-06
3317,1.77523208932,3.59705805741e-06
3321,1.77514038485,3.61006741833e-06
3325,1.77504845733,3.62312559558e-06
3329,1.77495630608,3.63623278523e-06
3333,1.77486393063,3.64938918384e-06
3337,1.7747713302,3.66259498945e-06
3340,1.77467850423,3.67585040056e-06
3344,1.77458545202,3.68915561683e-06
3348,1.77449217303,3.7025108385e-06
3352,1.77439866657,3.71591626703e-06
3356,1.77430493202,3.72937210464e-06
3360,1.77421096873,3.7428785545e-06
3364,1.77411677598,3.75643582086e-06
3367,1.77402235327,3.77004410844e-06
3371,1.77392769986,3.78370362337e-06
3375,1.77383281517,3.79741457243e-06
3379,1.77373769844,3.81117716361e-06
3383,1.7736423491,3.82499160553e-06
3387,1.77354676648,3.83885810797e-06
3391,1.77345094997,3.85277688148e-06
3395,1.7733548988,3.86674813794e-06
3399,1.7732586124,3.88077208976e-06
3403,1.77316209008,3.89484895059e-06
3406,1.77306533112,3.9089789351e-06
3410,1.77296833498,3.92316225854e-06
3414,1.77287110093,3.9373991376e-06
3418,1.77277362823,3.95168978997e-06
3422,1.77267591624,3.96603443406e-06
3426,1.7725779644,3.98043328918e-06
3430,1.77247977186,3.99488657626e-06
3434,1.77238133805,4.00939451661e-06
3438,1.77228266229,4.02395733285e-06
3442,1.77218374384,4.0385752487e-06
3446,1.77208458207,4.05324848873e-06
3450,1.77198517621,4.06797727882e-06
3454,1.77188552564,4.08276184557e-06
3458,1.77178562972,4.09760241672e-06
3462,1.77168548764,4.1124992214e-06
3466,1.77158509868,4.12745248968e-06
3470,1.77148446226,4.14246245232e-06
3474,1.77138357768,4.15752934151e-06
3478,1.77128244414,4.17265339071e-06
3482,1.77118106102,4.18783483413e-06
3486,1.77107942752,4.20307390753e-06
3490,1.77097754301,4.21837084733e-06
3494,1.7708754067,4.2337258916e-06
3498,1.77077301797,4.24913927905e-06
3502,1.77067037605,4.26461125003e-06
3506,1.77056748026,4.28014204583e-06
3510,1.77046432981,4.29573190925e-06
3514,1.77036092403,4.311381084e-06
3518,1.77025726214,4.32708981541e-06
3522,1.77015334351,4.34285834967e-06
3526,1.77004916732,4.35868693481e-06
3530,1.76994473284,4.37457581996e-06
3534,1.76984003939,4.39052525561e-06
3538,1.76973508616,4.40653549395e-06
3542,1.76962987254,4.42260678822e-06
3547,1.7695243976,4.43873939398e-06
3551,1.76941866076,4.45493356759e-06
3555,1.76931266113,4.47118956782e-06
3559,1.76920639812,4.48750765452e-06
3563,1.76909987085,4.5038880901e-06
3567,1.76899307861,4.5203311385e-06
3571,1.76888602067,4.53683706583e-06
3575,1.76877869622,4.55340614062e-06
3579,1.7686711045,4.57003863363e-06
3584,1.76856324481,4.58673481794e-06
3588,1.76845511624,4.60349496996e-06
3592,1.76834671825,4.62031936808e-06
3596,1.7682380498,4.63720829508e-06
3600,1.76812911033,4.65416203592e-06
3604,1.76801989896,4.6711808802e-06
3608,1.76791041494,4.68826512113e-06
3613,1.76780065745,4.70541505665e-06
3617,1.76769062579,4.72263098908e-06
3621,1.76758031909,4.73991322664e-06
3625,1.7674697366,4.75726208297e-06
3629,1.76735887741,4.77467787862e-06
3633,1.76724774097,4.79216094014e-06
3638,1.76713632625,4.80971160323e-06
3642,1.76702463259,4.82733021111e-06
3646,1.76691265908,4.84501711724e-06
3650,1.76680040497,4.86277268498e-06
3654,1.7666878695,4.88059728937e-06
3659,1.7665750518,4.89849131844e-06
3663,1.76646195097,4.91645517446e-06
3667,1.76634856639,4.9344892745e-06
3671,1.76623489707,4.95259405384e-06
3675,1.76612094233,4.97076996598e-06
3680,1.76600670121,4.98901748622e-06
3684,1.76589217294,5.00733711246e-06
3688,1.76577735668,5.02572936845e-06
3692,1.76566225155,5.04419480622e-06
3697,1.76554685683,5.06273400851e-06
3701,1.76543117162,5.08134759283e-06
3705,1.76531519506,5.10003621432e-06
3709,1.76519892628,5.11880056958e-06
3714,1.76508236444,5.13764140081e-06
3718,1.76496550875,5.15655950012e-06
3722,1.76484835829,5.17555571502e-06
3727,1.76473091224,5.19463095288e-06
3731,1.76461316976,5.2137861873e-06
3735,1.76449512994,5.23302246426e-06
3739,1.7643767919,5.25234090877e-06
3744,1.76425815485,5.27174273182e-06
3748,1.76413921783,5.29122923917e-06
3752,1.76401997997,5.31080183908e-06
3757,1.76390044041,5.33046205166e-06
3761,1.76378059827,5.35021151889e-06
3765,1.76366045272,5.37005201503e-06
3770,1.76354000279,5.38998545846e-06
3774,1.76341924757,5.41001392347e-06
3778,1.76329818633,5.43013965273e-06
3783,1.76317681793,5.45036507332e-06
3787,1.76305514165,5.47069280885e-06
3792,1.76293315645,5.49112569771e-06
3796,1.76281086155,5.5116668083e-06
3800,1.76268825591,5.53231945839e-06
3805,1.76256533872,5.553087233e-06
3809,1.76244210913,5.57397400519e-06
3813,1.76231856604,5.59498395825e-06
3818,1.7621947085,5.61612160718e-06
3822,1.76207053571,5.63739182247e-06
3827,1.76194604679,5.65879985596e-06
3831,1.7618212407,5.68035136782e-06
3835,1.7616961165,5.70205245327e-06
3840,1.76157067319,5.72390967253e-06
3844,1.76144490994,5.7459300805e-06
3849,1.76131882569,5.76812126006e-06
3853,1.76119241962,5.79049135395e-06
3858,1.76106569069,5.81304910086e-06
3862,1.76093863793,5.83580387085e-06
3866,1.76081126034,5.85876570294e-06
3871,1.76068355715,5.88194534331e-06
3875,1.76055552708,5.90535428777e-06
3880,1.76042716935,5.92900482009e-06
3884,1.76029848291,5.95291005701e-06
3889,1.7601694669,5.9770839908e-06
3893,1.76004012017,6.00154153575e-06
3898,1.7599104418,6.02629857255e-06
3902,1.75978043083,6.05137199607e-06
3907,1.75965008622,6.07677976336e-06
3911,1.75951940688,6.10254094215e-06
3916,1.75938839199,6.12867575872e-06
3920,1.75925704041,6.15520564965e-06
3925,1.75912535114,6.18215331015e-06
3929,1.75899332327,6.20954274406e-06
3934,1.75886095558,6.23739931538e-06
3938,1.75872824718,6.26574979569e-06
3943,1.75859519711,6.29462241463e-06
3947,1.75846180422,6.32404690912e-06
3952,1.75832806739,6.3540545701e-06
3957,1.75819398577,6.38467828795e-06
3961,1.75805955836,6.41595259913e-06
3966,1.75792478387,6.44791372989e-06
3970,1.75778966142,6.48059963484e-06
3975,1.75765418988,6.51405003819e-06
3979,1.7575183682,6.54830646887e-06
3984,1.75738219551,6.58341229307e-06
3989,1.75724567053,6.61941274649e-06
3993,1.75710879229,6.65635495773e-06
3998,1.75697155972,6.69428797193e-06
4002,1.75683397174,6.733262768e-06
4007,1.75669602724,6.77333227181e-06
4012,1.75655772508,6.81455136382e-06
4016,1.75641906449,6.85697687966e-06
4021,1.7562800441,6.90066761042e-06
4025,1.75614066296,6.94568428841e-06
4030,1.75600091989,6.9920895734e-06
4035,1.75586081382,7.03994802729e-06
4039,1.75572034381,7.08932608327e-06
4044,1.75557950871,7.14029200814e-06
4049,1.75543830734,7.19291585509e-06
4053,1.75529673874,7.24726940713e-06
4058,1.7551548017,7.30342611533e-06
4063,1.75501249504,7.36146102487e-06
4067,1.75486981802,7.42145069087e-06
4072,1.75472676912,7.48347309227e-06
4077,1.75458334757,7.547607524e-06
4081,1.75443955211,7.61393449101e-06
4086,1.75429538164,7.6825355845e-06
4091,1.75415083522,7.75349335058e-06
4096,1.75400591158,7.82689115072e-06
4100,1.75386060965,7.90281300813e-06
4105,1.75371492846,7.98134344575e-06
4110,1.75356886673,8.0625673162e-06
4115,1.75342242343,8.14656961679e-06
4119,1.75327559743,8.23343529893e-06
4124,1.75312838781,8.32324906455e-06
4129,1.75298079332,8.41609515708e-06
4133,1.75283281277,8.51205713861e-06
4138,1.7526844453,8.6112176588e-06
4143,1.75253568967,8.71365822003e-06
4148,1.75238654469,8.81945892866e-06
4153,1.75223700951,8.92869823962e-06
4157,1.75208708287,9.04145269892e-06
4162,1.75193676359,9.15779667378e-06
4167,1.75178605073,9.27780207808e-06
4172,1.75163494317,9.40153809652e-06
4177,1.75148343981,9.52907090036e-06
4181,1.75133153948,9.66046336188e-06
4186,1.75117924107,9.7957747645e-06
4191,1.75102654364,9.93506051184e-06
4196,1.75087344599,1.00783718381e-05
4201,1.7507199472,1.02257555142e-05
4206,1.75056604586,1.0377253562e-05
4210,1.75041174099,1.05329029611e-05
4215,1.75025703157,1.06927353678e-05
4220,1.75010191626,1.08567768371e-05
4225,1.74994639433,1.10250475431e-05
4230,1.74979046448,1.11975615199e-05
4235,1.74963412567,1.13743263983e-05
4240,1.74947737657,1.15553431612e-05
4244,1.74932021615,1.17406059022e-05
4249,1.74916264363,1.19301016018e-05
4254,1.74900465749,1.21238099236e-05
4259,1.74884625683,1.23217030113e-05
4264,1.74868744022,1.25237453192e-05
4269,1.74852820689,1.27298934474e-05
4274,1.74836855564,1.29400960134e-05
4279,1.748208485,1.3154293539e-05
4284,1.74804799405,1.33724183587e-05
4289,1.74788708178,1.35943945663e-05
4294,1.74772574678,1.3820137992e-05
4299,1.74756398798,1.4049556205e-05
4303,1.74740180418,1.42825485645e-05
4308,1.74723919416,1.45190063068e-05
4313,1.74707615668,1.47588126809e-05
4318,1.74691269054,1.5001843134e-05
4323,1.7467487947,1.52479655521e-05
4328,1.74658446745,1.54970405715e-05
4333,1.74641970806,1.57489219369e-05
4338,1.7462545149,1.60034569637e-05
4343,1.74608888685,1.62604870562e-05
4348,1.74592282263,1.65198483304e-05
4353,1.74575632074,1.67813723316e-05
4358,1.74558938003,1.70448868505e-05
4363,1.74542199901,1.73102168656e-05
4368,1.74525417629,1.75771855961e-05
4373,1.74508591069,1.78456156874e-05
4378,1.74491720059,1.81153305414e-05
4383,1.74474804453,1.83861557752e-05
4389,1.74457844117,1.86579208321e-05
4394,1.7444083889,1.89304607459e-05
4399,1.74423788653,1.92036180395e-05
4404,1.74406693204,1.94772447897e-05
4409,1.74389552421,1.97512047966e-05
4414,1.74372366148,2.00253759072e-05
4419,1.74355134198,2.02996524345e-05
4424,1.74337856439,2.05739476511e-05
4429,1.7432053269,2.08481963602e-05
4434,1.74303162799,2.11223574664e-05
4439,1.74285746589,2.13964165378e-05
4444,1.74268283901,2.16703882844e-05
4450,1.74250774566,2.19443189138e-05
4455,1.74233218391,2.22182882918e-05
4460,1.74215615247,2.24924118207e-05
4465,1.74197964942,2.27668420027e-05
4470,1.74180267308,2.30417695489e-05
4475,1.74162522159,2.33174239922e-05
4480,1.74144729357,2.35940736845e-05
4486,1.74126888743,2.38720251246e-05
4491,1.74109000142,2.41516215016e-05
4496,1.74091063392,2.44332403801e-05
4501,1.74073078336,2.47172904658e-05
4506,1.74055044848,2.50042073769e-05
4512,1.74036962762,2.52944483961e-05
4517,1.74018831967,2.55884861343e-05
4522,1.74000652326,2.5886801149e-05
4527,1.73982423701,2.61898734882e-05
4532,1.73964145988,2.64981732186e-05
4538,1.73945819091,2.68121500147e-05
4543,1.73927442884,2.71322219046e-05
4548,1.73909017299,2.7458763279e-05
4553,1.73890542227,2.77920923751e-05
4559,1.73872017624,2.81324583646e-05
4564,1.73853443416,2.84800283321e-05
4569,1.73834819511,2.88348743389e-05
4574,1.73816145891,2.91969608467e-05
4580,1.73797422457,2.95661328389e-05
4585,1.73778649202,2.99421048433e-05
4590,1.73759826066,3.03244512656e-05
4595,1.73740952992,3.07125982501e-05
4601,1.73722029931,3.11058173973e-05
4606,1.73703056827,3.15032216112e-05
4611,1.73684033643,3.19037633128e-05
4617,1.73664960274,3.23062352596e-05
4622,1.73645836694,3.27092740853e-05
4627,1.73626662762,3.3111366786e-05
4633,1.73607438395,3.35108600953e-05
4638,1.7358816351,3.39059728694e-05
4643,1.73568837922,3.42948113971e-05
4649,1.73549461491,3.46753874615e-05
4654,1.73530034046,3.50456390611e-05
4659,1.73510555384,3.5403453491e-05
4665,1.73491025266,3.57466924874e-05
4670,1.73471443454,3.60732190707e-05
4675,1.73451809673,3.63809256918e-05
4681,1.73432123614,3.66677632114e-05
4686,1.73412384959,3.69317702276e-05
4692,1.73392593397,3.71711022505e-05
4697,1.73372748477,3.73840602429e-05
4702,1.73352849863,3.75691178872e-05
4708,1.73332897122,3.77249472624e-05
4713,1.73312889868,3.78504422764e-05
4719,1.73292827612,3.79447395513e-05
4724,1.73272709862,3.8007236245e-05
4730,1.73252536225,3.80376045226e-05
4735,1.73232306212,3.80358024626e-05
4741,1.73212019317,3.80020810602e-05
4746,1.73191675076,3.79369872586e-05
4751,1.73171273004,3.78413629604e-05
4757,1.73150812675,3.77163399798e-05
4762,1.73130293577,3.75633310992e-05
4768,1.73109715314,3.73840172646e-05
4773,1.73089077448,3.71803312977e-05
4779,1.7306837956,3.69544382811e-05
4784,1.7304762125,3.67087130182e-05
4790,1.7302680218,3.64457149199e-05
4795,1.73005921977,3.61681607773e-05
4801,1.72984980355,3.58788957817e-05
4806,1.72963976992,3.5580863345e-05
4812,1.72942911709,3.52770740672e-05
4818,1.72921784166,3.49705744732e-05
4823,1.72900594244,3.46644157193e-05
4829,1.7287934174,3.43616229789e-05
4834,1.72858026501,3.40651656738e-05
4840,1.72836648428,3.37779290353e-05
4845,1.72815207384,3.35026873124e-05
4851,1.72793703357,3.3242078849e-05
4857,1.72772136253,3.29985833972e-05
4862,1.72750506045,3.27745017275e-05
4868,1.72728812755,3.25719377934e-05
4873,1.72707056316,3.23927835601e-05
4879,1.72685236852,3.22387064671e-05
4885,1.72663354266,3.21111397692e-05
4890,1.72641408719,3.20112754614e-05
4896,1.72619400123,3.19400601028e-05
4901,1.72597328631,3.18981931113e-05
4907,1.72575194257,3.18861277857e-05
4913,1.72552996979,3.19040746968e-05
4918,1.72530736906,3.19520073955e-05
4924,1.72508414028,3.20296703841e-05
4930,1.72486028395,3.21365890351e-05
4935,1.72463580002,3.22720814255e-05
4941,1.72441068866,3.24352718211e-05
4947,1.72418494947,3.26251056896e-05
4953,1.72395858198,3.28403660081e-05
4958,1.72373158605,3.30796906942e-05
4964,1.72350396067,3.33415909989e-05
4970,1.72327570557,3.36244705824e-05
4975,1.72304681903,3.39266452021e-05
4981,1.72281729989,3.42463626633e-05
4987,1.72258714724,3.45818229643e-05
4993,1.72235635901,3.49311984174e-05
4998,1.72212493309,3.52926534836e-05
5004,1.72189286768,3.56643642016e-05
5010,1.72166016026,3.60445370343e-05
5016,1.72142680889,3.64314268898e-05
5021,1.72119281014,3.68233542589e-05
5027,1.72095816212,3.72187211368e-05
5033,1.72072286113,3.76160258236e-05
5039,1.72048690406,3.80138762091e-05
5045,1.72025028745,3.84110016174e-05
5050,1.72001300845,3.88062629943e-05
5056,1.71977506356,3.91986614436e-05
5062,1.719536449,3.95873449599e-05
5068,1.7192971609,3.99716133524e-05
5074,1.71905719573,4.03509213291e-05
5080,1.71881654932,4.07248797725e-05
5085,1.71857521873,4.10932551373e-05
5091,1.7183331997,4.14559671745e-05
5097,1.71809048804,4.18130848581e-05
5103,1.71784708068,4.21648206972e-05
5109,1.71760297349,4.25115236105e-05
5115,1.71735816306,4.2853670315e-05
5121,1.71711264558,4.31918555351e-05
5127,1.71686641783,4.35267810628e-05
5132,1.71661947597,4.38592439448e-05
5138,1.7163718169,4.41901238485e-05
5144,1.71612343713,4.45203699166e-05
5150,1.71587433378,4.48509871778e-05
5156,1.71562450358,4.51830228011e-05
5162,1.71537394426,4.55175522646e-05
5168,1.71512265213,4.58556657735e-05
5174,1.71487062498,4.619845486e-05
5180,1.71461785946,4.65469996043e-05
5186,1.71436435436,4.69023563221e-05
5192,1.71411010595,4.72655462199e-05
5198,1.71385511283,4.76375446645e-05
5204,1.71359937205,4.80192716581e-05
5210,1.71334288199,4.84115831791e-05
5216,1.71308564004,4.88152637811e-05
5222,1.71282764432,4.92310202375e-05
5228,1.71256889285,4.9659476443e-05
5234,1.71230938342,5.0101169493e-05
5240,1.71204911474,5.05565469113e-05
5246,1.71178808372,5.10259651562e-05
5252,1.71152628926,5.1509689065e-05
5258,1.71126372877,5.20078925876e-05
5264,1.71100040048,5.25206603629e-05
5270,1.71073630275,5.30479903298e-05
5276,1.71047143272,5.35897972204e-05
5282,1.71020578883,5.41459167117e-05
5288,1.70993936888,5.47161103986e-05
5295,1.70967217054,5.53000712871e-05
5301,1.70940419121,5.58974297994e-05
5307,1.70913542859,5.65077601614e-05
5313,1.70886588066,5.71305871135e-05
5319,1.70859554411,5.77653928917e-05
5325,1.70832441739,5.84116241845e-05
5331,1.70805249659,5.9068699378e-05
5337,1.70777977995,5.9736015478e-05
5344,1.70750626371,6.04129552335e-05
5350,1.70723194579,6.10988938209e-05
5356,1.70695682161,6.17932055871e-05
5362,1.70668088984,6.24952701718e-05
5368,1.70640414571,6.32044787609e-05
5374,1.70612658725,6.3920239526e-05
5381,1.70584820983,6.46419831187e-05
5387,1.70556901041,6.53691674064e-05
5393,1.70528898539,6.61012820318e-05
5399,1.70500813112,6.68378524558e-05
5405,1.70472644444,6.75784435643e-05
5412,1.70444392019,6.83226629727e-05
5418,1.70416055577,6.90701636282e-05
5424,1.70387634667,6.9820646357e-05
5430,1.70359128898,7.0573861732e-05
5437,1.70330537898,7.13296116692e-05
5443,1.70301861159,7.20877507077e-05
5449,1.70273098446,7.28481866948e-05
5455,1.70244249176,7.36108815796e-05
5462,1.70215312988,7.43758513938e-05
5468,1.70186289455,7.51431663037e-05
5474,1.70157178208,7.59129502248e-05
5481,1.70127978679,7.66853803594e-05
5487,1.70098690551,7.74606861972e-05
5493,1.70069313335,7.82391487074e-05
5500,1.70039846598,7.90210990566e-05
5506,1.70010289913,7.98069172999e-05
5512,1.69980642886,8.05970308873e-05
5519,1.69950904947,8.13919131729e-05
5525,1.69921075763,8.21920815197e-05
5531,1.69891154798,8.29980957251e-05
5538,1.69861141656,8.38105560081e-05
5544,1.6983103587,8.46301012027e-05
5550,1.69800837006,8.54574067664e-05
5557,1.69770544579,8.62931828493e-05
5563,1.6974015817,8.71381722585e-05
5570,1.6970967724,8.79931485704e-05
5576,1.69679101406,8.88589140248e-05
5583,1.69648430241,8.97362976867e-05
5589,1.69617663149,9.0626153608e-05
5595,1.69586799749,9.15293587742e-05
5602,1.69555839586,9.24468114565e-05
5608,1.69524782157,9.3379429479e-05
5615,1.69493626934,9.43281485666e-05
5621,1.6946237352,9.5293920709e-05
5628,1.69431021416,9.62777128502e-05
5634,1.69399570092,9.72805055323e-05
5641,1.6936801907,9.83032916536e-05
5647,1.69336367857,9.93470754705e-05
5654,1.69304615913,0.000100412871736
5660,1.69272762731,0.000101501704986
5667,1.69240807785,0.00010261460915
5673,1.69208750523,0.000103752627561
5680,1.691765904,0.000104916813655
5686,1.69144326866,0.000106108233175
5693,1.69111959205,0.0001073279695
5699,1.6907948691,0.000108577134894
5706,1.69046909256,0.000109856894708
5713,1.69014225556,0.000111168514684
5719,1.68981435032,0.000112513450516
5726,1.68948536883,0.000113893507343
5732,1.68915530107,0.000115311107573
5739,1.68882413734,0.000116769710665
5746,1.68849186512,0.000118274423459
5752,1.68815847322,0.000119832808722
5759,1.68782394969,0.000121455837419
5765,1.68748828095,0.000123158825172
5772,1.68715146012,0.000124962059793
5779,1.68681348344,0.000126890699198
5785,1.68647435594,0.000128973448976
5792,1.68613409442,0.000131239601139
5799,1.68579272879,0.000133714283181
5805,1.6854503018,0.00013641224445
5812,1.68510686717,0.000139331118427
5819,1.68476248035,0.000142445672843
5825,1.68441719318,0.0001457048576
5832,1.68407103726,0.000149033272521
5839,1.68372401922,0.000152337900404
5846,1.68337610761,0.000155519708095
5852,1.68302723519,0.000158488318223
5859,1.68267730168,0.000161176861441
5866,1.68232618472,0.000163553735596
5873,1.68197375681,0.000165628538297
5879,1.68161989925,0.000167450792851
5886,1.68126451852,0.000169101852721
5893,1.68090755329,0.000170682002399
5900,1.68054897798,0.000172295774353
5907,1.68018879809,0.000174038622564
5913,1.67982704127,0.000175987383336
5920,1.67946374696,0.000178195730831
5927,1.67909895665,0.000180694526631
5934,1.6787327039,0.000183495948769
5941,1.67836501021,0.000186599776248
5947,1.6779958827,0.000190000214065
5954,1.67762531428,0.00019369202438
5961,1.67725328588,0.000197675273662
5968,1.67687976915,0.000201958520913
5975,1.67650473255,0.000206560637248
5982,1.67612813923,0.000211511627716
5989,1.67574995387,0.000216852841385
5996,1.67537014438,0.000222636875991
6003,1.67498868121,0.000228927356547
6009,1.67460554156,0.000235798645415
6016,1.67422071245,0.000243335449964
6023,1.67383418959,0.000251632235998
6030,1.67344598231,0.000260792327084
6037,1.67305611482,0.000270926570937
6044,1.67266462951,0.000282151466616
6051,1.67227158897,0.000294586673826
6058,1.67187707709,0.000308351859571
6065,1.67148120285,0.000323562877548
6072,1.67108409895,0.000340327323987
6079,1.67068592368,0.00035873956072
6086,1.67028685979,0.000378875350851
6093,1.66988711349,0.000400786301624
6100,1.66948690918,0.000424494357153
6107,1.66908648715,0.000449986619215
6114,1.66868609796,0.000477210802879
6121,1.66828599307,0.000506071642276
6128,1.66788641972,0.000536428549391
6135,1.66748761259,0.000568094802026
6142,1.66708978108,0.000600838483458
6149,1.66669310473,0.000634385318405
6157,1.66629772042,0.000668423469505
6164,1.66590371596,0.000702610245063
6171,1.6655111255,0.000736580565826
6178,1.66511992024,0.000769956932094
6185,1.66473000707,0.000802360525351
6192,1.6643412287,0.000833423005444
6199,1.66395336301,0.000862798509291
6206,1.66356612672,0.000890175335932
6213,1.66317918224,0.000915286833268
6221,1.66279214441,0.000937921086479
6228,1.66240458897,0.000957929151861
6235,1.6620160619,0.000975231793253
6242,1.66162609175,0.000989824942327
6249,1.66123419632,0.00100178438972
6257,1.66083989592,0.0010112704117
6264,1.66044272388,0.00101853305245
6271,1.66004224144,0.00102391839148
6278,1.659638057,0.00102787519462
6285,1.65922984972,0.00103095979775
6293,1.65881740787,0.00103383508019
6300,1.65840067085,0.00103725751206
6307,1.65797977442,0.00104204537014
6314,1.65755509877,0.00104902242145
6322,1.65712728992,0.0010589355375
6329,1.65669725729,0.00107235181831
6336,1.65626612038,0.00108954971893
6344,1.65583510583,0.00111042670387
6351,1.65540539989,0.0011344497599
6358,1.65497797949,0.00116067166211
6366,1.65455344615,0.00118782414948
6373,1.65413191438,0.00121448098244
6380,1.65371297351,0.00123926415108
6388,1.65329574805,0.00126105167467
6395,1.6528790418,0.00127914122793
6402,1.65246153955,0.00129333268921
6410,1.6520420252,0.00130391263061
6417,1.65161955123,0.00131154872061
6424,1.65119355471,0.00131712404184
6432,1.65076386867,0.0013215538613
6439,1.65033066347,0.00132562709153
6447,1.64989433354,0.00132990305619
6454,1.64945536172,0.00133467598542
6462,1.64901419737,0.00134000122579
6469,1.64857117679,0.00134576376084
6476,1.64812648541,0.00135176404713
6484,1.64768016341,0.00135779813734
6491,1.64723213942,0.00136371624025
6499,1.64678228595,0.00136945295809
6506,1.64633046467,0.00137503060357
6514,1.64587656673,0.00138054239317
6521,1.64542053593,0.00138612456409
6529,1.64496237638,0.00139192601224
6536,1.6445021482,0.00139808193909
6544,1.64403994857,0.00140469526927
6551,1.64357589986,0.00141182702514
6559,1.64311012561,0.00141949495369
6567,1.64264274144,0.00142767850946
6574,1.64217383961,0.00143632788897
6582,1.6417034854,0.00144537485548
6589,1.64123171484,0.00145474351783
6597,1.64075853734,0.00146435975982
6604,1.64028394073,0.00147415857552
6612,1.6398078944,0.00148408904434
6620,1.63933035695,0.0014941170285
6627,1.63885128205,0.00150422591435
6635,1.63837062476,0.00151441582449
6643,1.6378883413,0.0015247017565
6650,1.63740439906,0.0015351110414
6658,1.63691877292,0.00154568047772
6666,1.63643144942,0.00155645336931
6673,1.63594242717,0.00156747664404
6681,1.63545171682,0.0015787981499
6689,1.63495934076,0.00159046417819
6696,1.63446533235,0.00160251723194
6704,1.63396973641,0.00161499403848
6712,1.63347260426,0.00162792380692
6720,1.63297399673,0.00164132671235
6727,1.63247398143,0.00165521261926
6735,1.63197262791,0.00166958004591
6743,1.63147001025,0.00168441536935
6751,1.63096620323,0.00169969229829
6758,1.63046127945,0.00171537162048
6766,1.62995530962,0.00173140123496
6774,1.62944835701,0.00174771648871
6782,1.62894048005,0.00176424080721
6790,1.6284317269,0.00178088663431
6797,1.62792213626,0.00179755665718
6805,1.62741173077,0.00181414531344
6813,1.62690052315,0.00183054053315
6821,1.62638850954,0.00184662570998
6829,1.6258756707,0.0018622818382
6837,1.62536197158,0.00187738977838
6844,1.62484736102,0.00189183259769
6852,1.62433177134,0.00190549792845
6860,1.62381511833,0.0019182802865
6868,1.62329730656,0.0019300832846
6876,1.62277822507,0.00194082170179
6884,1.62225775251,0.00195042333251
6892,1.62173575606,0.00195883058547
6900,1.62121209915,0.00196600177282
6908,1.62068663525,0.00197191208286
6916,1.62015922108,0.0019765541717
6924,1.61962970553,0.00197993841192
6932,1.61909794801,0.00198209272846
6940,1.61856380544,0.00198306210162
6948,1.61802714525,0.00198290768311
6956,1.61748784395,0.00198170559974
6964,1.61694578887,0.00197954545701
6972,1.61640088008,0.00197652858719
6980,1.61585303029,0.00197276609146
6988,1.61530216804,0.00196837672063
6996,1.61474823807,0.00196348465567
7004,1.61419120402,0.00195821723627
7012,1.6136310405,0.00195270270732
7020,1.61306774201,0.00194706800105
7028,1.61250131522,0.00194143664401
7036,1.61193178686,0.0019359267924
7044,1.61135919076,0.00193064947699
7052,1.61078357786,0.00192570703561
7061,1.61020500476,0.00192119180951
7069,1.60962354197,0.00191718507079
7077,1.60903926339,0.00191375623521
7085,1.60845225363,0.00191096231847
7093,1.60786259242,0.00190884767951
7101,1.60727036867,0.00190744397715
7110,1.60667567051,0.00190677038782
7118,1.60607858259,0.00190683402654
7126,1.60547918928,0.00190763054859
7134,1.60487756714,0.00190914492548
7142,1.60427379175,0.00191135233683
7151,1.60366793288,0.0019142191808
7159,1.60306004898,0.00191770416128
7167,1.602450195,0.00192175940749
7175,1.60183841557,0.0019263316334
7184,1.60122474821,0.00193136328326
7192,1.60060922281,0.00193679365846
7200,1.59999186015,0.00194256000326
7208,1.59937267222,0.0019485985305
7217,1.59875166139,0.00195484537779
7225,1.59812882785,0.0019612374726
7233,1.59750416027,0.00196771333008
7242,1.5968776404,0.00197421374112
7250,1.59624924634,0.00198068236776
7258,1.59561894826,0.00198706625318
7267,1.5949867126,0.00199331622908
7275,1.59435250366,0.00199938723702
7284,1.59371627811,0.00200523857469
7292,1.59307798981,0.00201083405076
7300,1.59243759293,0.0020161420699
7309,1.59179503909,0.00202113566013
7317,1.59115027811,0.00202579243779
7326,1.590503255,0.00203009452635
7334,1.58985392051,0.00203402841403
7342,1.58920222366,0.00203758479742
7351,1.58854810935,0.00204075838787
7359,1.58789153024,0.00204354767474
7368,1.58723243361,0.00204595470164
7376,1.58657077403,0.0020479847951
7385,1.58590650162,0.00204964631483
7393,1.58523957123,0.00205095037125
7402,1.58456994076,0.00205191055447
7410,1.58389756776,0.00205254266617
7419,1.58322241375,0.00205286444472
7427,1.58254444118,0.00205289530511
7436,1.58186361427,0.00205265608102
7445,1.58117990243,0.0020521687724
7453,1.58049327171,0.00205145631827
7462,1.5798036971,0.00205054235365
7470,1.57911115002,0.00204945101007
7479,1.57841560993,0.00204820669743
7488,1.57771705041,0.0020468339313
7496,1.5770154561,0.00204535713354
7505,1.57631080607,0.00204380048934
7513,1.57560308652,0.00204218777977
7522,1.57489228085,0.00204054225659
7531,1.57417837859,0.00203888650608
7539,1.57346136618,0.00203724234906
7548,1.57274123828,0.0020356307273
7557,1.57201798156,0.00203407163789
7566,1.57129159056,0.0020325840384
7574,1.57056206093,0.00203118579285
7583,1.56982938574,0.00202989362529
7592,1.56909355822,0.00202872307583
7600,1.56835457947,0.00202768846066
7609,1.56761244284,0.00202680287218
7618,1.56686714781,0.00202607815026
7627,1.56611868808,0.0020255248957
7636,1.56536706594,0.00202515245782
7644,1.56461227538,0.00202496897009
7653,1.56385431891,0.00202498134913
7662,1.56309318993,0.0020251953446
7671,1.56232888777,0.00202561555267
7680,1.56156141279,0.00202624546015
7689,1.56079075707,0.00202708749906
7697,1.5600169213,0.00202814307108
7706,1.55923990094,0.00202941261506
7715,1.55845969002,0.00203089565443
7724,1.55767628757,0.00203259084335
7733,1.55688968613,0.00203449603775
7742,1.55609987698,0.00203660834587
7751,1.55530685909,0.0020389241744
7760,1.5545106226,0.00204143930817
7769,1.55371116075,0.00204414895254
7778,1.55290846202,0.00204704780094
7786,1.55210251649,0.00205013008294
7795,1.55129331789,0.00205338961657
7804,1.55048085389,0.00205681987471
7813,1.54966511085,0.00206041403066
7822,1.54884607748,0.00206416500302
7831,1.54802374053,0.0020680655089
7840,1.54719808378,0.00207210811067
7850,1.54636909352,0.00207628525129
7859,1.5455367558,0.00208058929829
7868,1.54470105397,0.0020850125846
7877,1.54386196725,0.00208954744553
7886,1.54301948062,0.00209418623767
7895,1.54217357588,0.00209892138055
7904,1.54132423239,0.0021037453827
7913,1.54047142952,0.00210865086263
7922,1.53961515054,0.00211363056541
7931,1.53875537228,0.00211867739612
7940,1.5378920711,0.00212378442878
7950,1.53702522783,0.00212894491423
7959,1.53615481876,0.00213415230506
7968,1.53528081833,0.00213940026249
7977,1.5344032067,0.00214468265431
7986,1.53352195839,0.00214999357746
7995,1.53263704583,0.00215532735808
8005,1.5317484476,0.00216067854346
8014,1.53085613677,0.00216604192031
8023,1.52996008753,0.00217141250615
8032,1.52906027354,0.00217678555109
8042,1.52815666988,0.00218215653341
8051,1.52724924557,0.00218752116761
8060,1.52633797606,0.00219287538313
8069,1.5254228338,0.00219821533353
8079,1.52450379217,0.00220353738601
8088,1.52358081842,0.00220883812618
8097,1.5226538852,0.00221411433545
8107,1.52172296774,0.00221936298874
8116,1.52078803394,0.00222458126227
8125,1.51984905437,0.00222976651221
8135,1.51890599999,0.00223491627093
8144,1.51795884062,0.00224002824213
8153,1.51700754396,0.00224510029507
8163,1.51605208287,0.0022501304466
8172,1.51509242606,0.00225511686784
8182,1.51412854254,0.0022600578704
8191,1.51316039902,0.00226495190338
8201,1.5121879653,0.00226979753842
8210,1.51121120959,0.00227459347015
8219,1.51023010084,0.00227933850601
8229,1.50924460867,0.00228403156026
8238,1.50825469609,0.00228867165883
8248,1.50726033122,0.00229325791587
8257,1.50626148489,0.00229778953168
8267,1.50525811833,0.00230226580615
8276,1.50425020401,0.00230668610193
8286,1.50323770453,0.00231104987179
8296,1.50222058717,0.00231535663175
8305,1.50119881487,0.00231960597067
8315,1.50017235735,0.0023237975289
8324,1.49914117781,0.00232793101501
8334,1.4981052408,0.00233200619
8343,1.49706450869,0.00233602286931
8353,1.49601895129,0.00233998090471
8363,1.49496852698,0.0023438802107
8372,1.49391319967,0.00234772073525
8382,1.49285293659,0.00235150246067
8392,1.49178769749,0.00235522541809
8401,1.49071744897,0.00235888966277
8411,1.48964214851,0.00236249529716
8421,1.48856176202,0.00236604244124
8430,1.48747624687,0.00236953125769
8440,1.48638556681,0.00237296192656
8450,1.48528968402,0.00237633465634
8459,1.48418855513,0.00237964968902
8469,1.48308214398,0.00238290727841
8479,1.4819704096,0.00238610770818
8489,1.48085330772,0.00238925128846
8499,1.47973080274,0.00239233833558
8508,1.47860284966,0.00239536920025
8518,1.47746940798,0.00239834424443
8528,1.47633043625,0.00240126384929
8538,1.47518588874,0.00240412842009
8548,1.47403572389,0.0024069383717
8557,1.47287990037,0.00240969413454
8567,1.47171837015,0.00241239616541
8577,1.47055108978,0.00241504492859
8587,1.46937801656,0.00241764090166
8597,1.46819910198,0.002420184586
8607,1.46701430351,0.00242267648697
8617,1.46582357025,0.00242511713738
8627,1.46462685883,0.0024275070709
8637,1.46342412497,0.00242984683579
8647,1.46221531152,0.00243213701455
8657,1.46100037602,0.00243437817801
8667,1.45977926809,0.00243657092272
8677,1.45855194132,0.00243871585101
8687,1.45731833644,0.00244081359896
8697,1.45607841526,0.00244286477962
8707,1.45483211831,0.00244487005369
8717,1.45357939478,0.00244683007944
8727,1.45232019377,0.00244874552718
8737,1.45105446065,0.00245061708542
8747,1.44978214426,0.00245244544868
8757,1.44850318793,0.00245423133259
8767,1.44721753459,0.00245597546527
8777,1.44592513193,0.00245767857859
8787,1.44462592488,0.00245934142084
8797,1.44331985532,0.0024609647573
8807,1.44200686382,0.00246254936728
8818,1.44068689316,0.00246409603819
8828,1.43935988367,0.00246560557338
8838,1.43802578118,0.00246707877874
8848,1.43668451417,0.00246851650176
8858,1.43533602881,0.0024699195716
8868,1.43398026212,0.00247128884509
8879,1.43261715322,0.00247262518754
8889,1.43124663755,0.00247392948271
8899,1.42986864624,0.00247520263403
8909,1.42848311445,0.00247644555027
8920,1.42708998301,0.00247765914274
8930,1.42568918097,0.00247884435553
8940,1.42428063874,0.00248000214305
8950,1.42286429283,0.00248113346164
8961,1.42144006772,0.0024822393014
8971,1.42000789384,0.00248332065493
8981,1.41856770431,0.00248437852311
8992,1.41711942353,0.00248541393518
9002,1.41566297696,0.00248642793184
9013,1.41419828977,0.00248742156768
9023,1.41272529389,0.00248839589897
9033,1.41124390117,0.00248935203106
9044,1.40975404278,0.00249029104918
9054,1.4082556359,0.00249121407734
9065,1.40674860906,0.00249212223378
9075,1.40523287005,0.00249301668792
9085,1.40370834265,0.00249389859568
9096,1.40217494328,0.00249476914095
9106,1.40063258586,0.00249562952734
9117,1.39908118828,0.00249648096693
9127,1.39752066167,0.00249732469961
9138,1.39595091401,0.00249816198719
9148,1.39437186597,0.00249899408521
9159,1.3927834199,0.00249982229895
9170,1.39118548232,0.00250064794357
9180,1.38957795842,0.00250147235447
9191,1.38796076254,0.00250229686898
9201,1.38633378737,0.00250312288226
9212,1.38469694171,0.0025039517802
9222,1.38305012113,0.00250478499282
9233,1.38139323573,0.00250562394507
9244,1.37972616588,0.00250647013803
9254,1.37804881986,0.00250732504536
9265,1.37636108814,0.00250819019758
9276,1.37466285818,0.00250906715677
9286,1.37295402883,0.0025099574918
9297,1.3712344834,0.00251086282954
9308,1.36950411204,0.00251178481614
9319,1.36776278853,0.00251272516215
9329,1.36601041163,0.00251368556976
9340,1.36424685079,0.00251466783583
9351,1.36247198986,0.00251567377577
9362,1.36068569997,0.00251670527817
9372,1.35888785955,0.00251776427337
9383,1.35707833754,0.00251885277096
9394,1.35525700606,0.00251997284373
9405,1.35342373047,0.00252112665482
9416,1.35157837718,0.00252231645332
9426,1.34972080092,0.00252354460962
9437,1.34785087107,0.00252481357985
9448,1.34596844096,0.0025261259788
9459,1.34407335619,0.00252748458257
9470,1.3421654698,0.00252889232103
9481,1.34024463518,0.0025303523148
9492,1.33831069333,0.00253186792708
9503,1.33636348305,0.00253344277588
9514,1.33440283811,0.00253508077568
9525,1.33242860033,0.00253678615384
9536,1.33044060014,0.00253856353448
9547,1.32843865268,0.00254041799971
9558,1.32642258343,0.00254235510152
9569,1.32439221602,0.00254438095361
9580,1.32234736219,0.00254650232851
9591,1.32028782758,0.0025487267341
9602,1.31821341631,0.00255106250335
9613,1.31612393405,0.00255351889881
9624,1.31401916976,0.00255610627154
9635,1.31189890945,0.00255883617264
9646,1.30976294749,0.0025617214847
9657,1.3076110511,0.00256477666166
9668,1.30544299712,0.00256801784601
9679,1.30325855332,0.00257146311401
9691,1.30105747743,0.00257513270745
9702,1.29883952216,0.00257904927647
9713,1.29660443631,0.00258323815373
9724,1.29435196247,0.00258772766118
9735,1.29208182844,0.00259254945614
9746,1.28979376539,0.00259773885216
9758,1.2874874859,0.00260333524967
9769,1.28516270437,0.002609382512
9780,1.28281912498,0.00261592943802
9791,1.28045644055,0.0026230302454
9803,1.27807433961,0.00263074506951
9814,1.27567249963,0.00263914052385
9825,1.27325060053,0.00264829025128
9837,1.27080829044,0.00265827560721
9848,1.26834523237,0.00266918620636
9859,1.26586107668,0.00268112065414
9871,1.26335545886,0.00269418725485
9882,1.26082799957,0.00270850474211
9893,1.25827833971,0.00272420295751
9905,1.2557060923,0.00274142372779
9916,1.25311086023,0.00276032161868
9928,1.25049224616,0.00278106471637
9939,1.24784985113,0.00280383543945
9951,1.24518325916,0.00282883138351
9962,1.24249207501,0.00285626603935
9974,1.23977586211,0.00288636972343
9985,1.23703420677,0.00291939019918
9997,1.23426668743,0.0029555934823
10008,1.23147288301,0.00299526451578
10020,1.22865236564,0.00303870783034
10031,1.22580472094,0.00308624807435
10043,1.22292952238,0.00313823058205
10054,1.2200263468,0.00319502175439
10066,1.21709480097,0.00325700930687
10077,1.21413448123,0.00332460257833
10089,1.21114498763,0.00339823257597
10101,1.20812594019,0.00347835187026
10112,1.20507697458,0.00356543439145
10124,1.20199772375,0.00365997510484
10136,1.19888786978,0.00376248929725
10147,1.19574707528,0.00387351203382
10159,1.19257506001,0.00399359696766
10171,1.18937153383,0.00412331538477
10182,1.18613626943,0.00426325457092
10194,1.18286902309,0.00441401645912
10206,1.17956960857,0.00457621550975
10218,1.17623787508,0.00475047667175
10229,1.17287367733,0.004937433148
10241,1.16947694348,0.00513772351562
10253,1.16604759163,0.00535198921904
10265,1.16258561889,0.00558087108966
10277,1.15909103176,0.0058250063143
10288,1.15556390088,0.00608502461197
10300,1.15200431908,0.00636154464987
10312,1.14841242317,0.00665516995
10324,1.14478839631,0.00696648469576
10336,1.14113245877,0.00729604944317
10348,1.13744487313,0.00764439661067
10360,1.13372592571,0.00801202601342
10372,1.12997597093,0.00839939988516
10384,1.12619536942,0.00880693858098
10396,1.12238453339,0.00923501552349
10408,1.11854388541,0.00968395281205
10420,1.11467387954,0.0101540164312
10432,1.11077502507,0.0106454114852
10444,1.10684781118,0.0111582785058
10456,1.10289274421,0.0116926889849
10468,1.09891035375,0.0122486413837
10480,1.09490117862,0.0128260576447
10492,1.09086572077,0.0134247804721
10504,1.08680451282,0.0140445696945
10516,1.08271803574,0.0146851008339
10528,1.0786067608,0.0153459626899
10540,1.07447114275,0.0160266559985
10552,1.07031155968,0.0167265934959
10565,1.06612836005,0.0174450990721
10577,1.0619218339,0.0181814086343
10589,1.05769222075,0.018934671084
10601,1.05343962934,0.0197039515679
10613,1.04916416116,0.0204882318189
10626,1.04486577642,0.0212864158289
10638,1.04054432278,0.022097333426
10650,1.03619958488,0.0229197439493
10662,1.03183118205,0.0237523438328
10675,1.0274386258,0.0245937715838
10687,1.02302130471,0.0254426148968
10699,1.0185784416,0.0262974191801
10712,1.01410913995,0.0271566945113
10724,1.00961229886,0.0280189265081
10736,1.00508672493,0.0288825825222
10749,1.00053098955,0.0297461251714
10761,0.995943557842,0.0306080187426
10773,0.991322671614,0.0314667429348
10786,0.98666642674,0.0323208011823
10798,0.981972713543,0.0331687333019
10811,0.977239270723,0.0340091246541
10823,0.972463646188,0.0348406183334
10836,0.967643200321,0.0356619259913
10848,0.962775104525,0.0364718387028
10861,0.957856374145,0.0372692363215
10873,0.952883835919,0.0380530989994
10886,0.947854123749,0.0388225174397
10898,0.942763724795,0.0395767007016
10911,0.937608959993,0.040314986131
10923,0.932385935234,0.041036850252
10936,0.927090645433,0.0417419125849
10948,0.921718918092,0.0424299457107
10961,0.916266405831,0.0431008828486
10974,0.910728603645,0.043754823758
10986,0.905100894796,0.0443920386024
10999,0.899378477292,0.0450129769993
11012,0.893556423827,0.0456182702114
11024,0.887629685593,0.0462087354465
11037,0.881593015803,0.0467853839918
11050,0.875441069956,0.0473494199137
11062,0.869168380572,0.047902244798
11075,0.862769294074,0.0484454645898
11088,0.856238026251,0.0489808899695
11101,0.849568635794,0.0495105412004
11114,0.842755030629,0.0500366513801
11126,0.835790984816,0.0505616693464
11139,0.828670014209,0.0510882716846
11152,0.821385537087,0.0516193584119
11165,0.813930717142,0.0521580688194
11178,0.806298509901,0.0527077863737
11191,0.798481627944,0.0532721502139
11203,0.790472512085,0.0538550683884
11216,0.782263357553,0.0544607297965
11229,0.773845969168,0.0550936308198
11242,0.765211817999,0.0557585919827
11255,0.75635201167,0.0564607845529
11268,0.747257171136,0.0572057694158
11281,0.737917425328,0.0579995339143
11294,0.728322371877,0.0588485385813
11307,0.718460973465,0.0597597782362
11320,0.708321490017,0.0607408518233
11333,0.697891404322,0.0618000465576
11346,0.687157335039,0.0629464400149
11359,0.676104919946,0.0641900257998
11372,0.66471867874,0.065541867384
11386,0.652981877831,0.0670142846371
11399,0.640876449038,0.0686210756179
11412,0.62838270553,0.0703778110763
11425,0.615479208184,0.0723021811092
11438,0.602142613308,0.0744144283981
11451,0.588347340847,0.076737914321
11464,0.574065443,0.0792998083129
11478,0.559266298435,0.0821319922877
11491,0.543916422722,0.0852722096277
11504,0.527979359612,0.0887655487933
11517,0.511415592923,0.0926663940728
11531,0.494182940113,0.0970409339069
11544,0.476237155629,0.101970493499
11557,0.457533550495,0.107555841388
11571,0.438030187816,0.113922690765
11584,0.417693357804,0.12122859099
11597,0.396507670827,0.129670776698
11611,0.37449265251,0.139493800289
11624,0.351730289978,0.15099277837
11637,0.32840395142,0.164504438671
11651,0.304847192464,0.180370128768
11664,0.281579546155,0.198854440386
11678,0.259284969295,0.220021463188
11691,0.238688125635,0.243624750788
11705,0.220356523673,0.269108437011
11718,0.204549833161,0.295756038794
11731,0.191216339911,0.322889007944
11745,0.180102386646,0.349991884526
11759,0.170876624118,0.37673469797
11772,0.163211832712,0.40293731705
11786,0.156821953549,0.428520858143
11799,0.151471149679,0.453468127931
11813,0.146970271651,0.477796680617
11826,0.143169251485,0.501542100151
11840,0.13994921995,0.52474819383
11854,0.137215672747,0.547461561809
11867,0.134893033939,0.569728531317
11881,0.132920398896,0.591593733081
11895,0.131248321472,0.613099330599
11908,0.129836313423,0.634284989452
11922,0.128651025919,0.655187669073
11936,0.127664769086,0.675842026757
11950,0.12685443464,0.696280552528
11963,0.126200656406,0.716533768496
11977,0.125687128291,0.736630605823
11991,0.125300105943,0.75659855995
12005,0.125027988142,0.776464008147
12019,0.124861014275,0.796252336722
12032,0.12479099576,0.81598825908
12046,0.124811139798,0.835695881125
12060,0.124915878899,0.855398994497
12074,0.125100759662,0.875121212164
12088,0.125362352003,0.894886158822
12102,0.125698190608,0.914717611286
12116,0.126106734074,0.934639670018
12130,0.126587338425,0.954676978358
12144,0.127140265498,0.974854831005
12158,0.127766690913,0.995199431697
12172,0.128468749732,1.01573802047
12186,0.129249585608,1.03649913951
12200,0.130113431031,1.05751284401
12214,0.131065710214,1.07881094397
12228,0.132113167382,1.10042728847
12242,0.133264026322,1.1223980871
12256,0.134528190783,1.14476224348
12270,0.135917483209,1.1675617918
12284,0.13744595074,1.19084228138
12299,0.13913022216,1.21465336243
12313,0.140989957139,1.23904936825
12327,0.143048399841,1.26408997614
12341,0.145333057379,1.28984101599
12355,0.147876534259,1.31637547602
12370,0.150717596198,1.34377447685
12384,0.153902473612,1.37212867771
12398,0.157486533581,1.40153970604
12412,0.161536383493,1.43212203024
12427,0.16613258681,1.46400499122
12441,0.171373151076,1.49733536216
12455,0.177378084187,1.53228026059
12470,0.184295373305,1.56903065756
12484,0.192308926452,1.60780542648
12498,0.201649224996,1.64885597021
12513,0.212607758786,1.69247141573
12527,0.225556801036,1.73898418199
12542,0.240976823531,1.78877519514
12556,0.259494872372,1.84227772498
12571,0.281938865207,1.89997686967
12585,0.309414899783,1.96239969669
12600,0.343417666297,2.03008486914
12614,0.385986904684,2.10351073136
12629,0.439923130312,2.18293997389
12643,0.509064171759,2.26810151957
12658,0.598574792676,2.35756871299
12672,0.715054672125,2.44762355527
12687,0.865930938001,2.53043452704
12701,1.05709055913,2.59187430713
12716,1.28768371681,2.61075534055
12731,1.54317067133,2.56303749467
12745,1.79236499752,2.43309902047
12760,1.99570740834,2.22650199437
12775,2.12301834342,1.97219556104
12790,2.16705291675,1.70941885532
12804,2.14194162084,1.46999718804
12819,2.07090962268,1.26967915539
12834,1.97506561363,1.11054617047
12849,1.86892024287,0.987621907394
12863,1.76083599271,0.894019060479
12878,1.65502278518,0.823412960373
12893,1.55329847445,0.77077387895
12908,1.45623002653,0.732349158031
12923,1.36378529379,0.705426612293
12938,1.27568655137,0.688084933485
12953,1.1916011294,0.678987675874
12967,1.11124742009,0.677223379633
12982,1.0344573703,0.682178506099
12997,0.961213444598,0.693427919347
13012,0.891662685192,0.71063173636
13027,0.826101701948,0.733435483604
13042,0.764924106255,0.761383445896
13057,0.708532289786,0.793866062199
13072,0.657233911415,0.830122563677
13087,0.611159158513,0.869300652819
13103,0.570228493624,0.910548721021
13118,0.534175452601,0.95310289222
13133,0.502604380677,0.996341506153
13148,0.47505575045,1.03980121004
13163,0.451059801911,1.08316518599
13178,0.430172056086,1.12623732252
13193,0.411992155763,1.16891362677
13209,0.396170890638,1.21115660703
13224,0.3824100086,1.25297501
13239,0.370458387717,1.294408699
13254,0.360106777324,1.33551776699
13270,0.351182200042,1.37637539773
13285,0.343542856305,1.41706282606
13300,0.337073604714,1.45766633709
13315,0.331682220552,1.49827528621
13331,0.327296304971,1.53898117579
13346,0.323860882481,1.5798771081
13362,0.321336529042,1.62105781541
13377,0.319698021183,1.66261991057
13392,0.318933441147,1.70466233237
13408,0.319043681412,1.7472870466
13423,0.320042373164,1.7905997433
13439,0.321956184757,1.83471078757
13454,0.32482555307,1.87973616993
13470,0.328705849045,1.92579865158
13485,0.333669062299,1.97302897451
13501,0.339806085801,2.02156718563
13516,0.347229729448,2.07156405333
13532,0.356078619791,2.12318264878
13547,0.366522259865,2.17659980682
13563,0.378767492308,2.23200780494
13579,0.393066847993,2.28961574844
13594,0.409729309719,2.3496506222
13610,0.429134222416,2.41235773908
13626,0.45174937866,2.47799979747
13641,0.478154593195,2.54685361407
13657,0.509072479656,2.6192030019
13673,0.545408688298,2.69532485178
13688,0.588304299219,2.77546399784
13704,0.639203357956,2.85978942275
13720,0.699938091916,2.94831940549
13736,0.772831791674,3.04079564871
13752,0.8608118466,3.13647473362
13768,0.96750699158,3.23378873969
13783,1.09726140246,3.32981035281
13799,1.25491506602,3.41945670912
13815,1.44505550305,3.49443438127
13831,1.67026870087,3.54218296211
13847,1.92792279744,3.54568612554
13863,2.20581504111,3.48590703058
13879,2.47926908524,3.34860889059
13895,2.71459166499,3.13404584206
13911,2.88097018879,2.86214418952
13927,2.96354803725,2.56612439961
13943,2.96680994703,2.27857421448
13959,2.90737320698,2.02131968658
13975,2.80445618888,1.80399878943
13991,2.67414859468,1.62780560489
14007,2.52782572297,1.48979537948
14023,2.3727305791,1.38581751963
14040,2.21316762422,1.31205772974
14056,2.05163698223,1.26570003228
14072,1.88976763436,1.24512493857
14088,1.72910520765,1.24984241288
14104,1.57181455675,1.28016524189
14121,1.42121058987,1.33651602053
14137,1.28178005375,1.41836922564
14153,1.15831592156,1.52329535419
14170,1.05442750675,1.64696028106
14186,0.971522143048,1.78431258779
14202,0.908997334633,1.93103231852
14219,0.8651995014,2.08428183259
14235,0.838346017239,2.24269820618
14251,0.827079451309,2.40605160373
14268,0.830725519849,2.57488989782
14284,0.849417108573,2.75027590137
14301,0.884205044593,2.93360770271
14317,0.937229581623,3.12647231853
14334,1.01200301526,3.33046064602
14350,1.11383987881,3.54683388257
14367,1.25043411282,3.7758531417
14383,1.43245176786,4.01546514889
14400,1.67366358345,4.25896092591
14416,1.98951594674,4.49149676129
14433,2.39250310153,4.68651168973
14450,2.88349167326,4.80512921453
14466,3.44149915571,4.80280000115
14483,4.01884022934,4.64455732
14500,4.54890257292,4.32305843937
14516,4.96661957306,3.86799562625
14533,5.23148274353,3.33867547264
14550,5.33946219587,2.80284609303
14567,5.31777986348,2.31443419939
14583,5.20834964577,1.9020727167
14600,5.05128571253,1.57095259559
14617,4.8760278033,1.31201774381
14634,4.70028605101,1.11112174543
14651,4.53297171329,0.954565469333
14668,4.37766614741,0.831204275683
14684,4.23515825278,0.732648799046
14701,4.1049400338,0.65277764038
14718,3.98598702759,0.587155641983
14735,3.87713480051,0.532552884806
14752,3.77724788242,0.486591615763
14769,3.68528764861,0.447498332169
14786,3.60033262977,0.413932014863
14803,3.52157743293,0.384864982851
14820,3.44832307799,0.359499558868
14837,3.37996433063,0.337209155127
14854,3.31597718811,0.317496060947
14872,3.25590710735,0.299960851275
14889,3.19935884432,0.284279900652
14906,3.14598767281,0.270188672526
14923,3.09549188565,0.25746915757
14940,3.04760646589,0.245940325168
14957,3.00209788048,0.23545078145
14975,2.9587595264,0.225873091133
14992,2.91740810595,0.217099319326
15009,2.87788032635,0.209037532852
15026,2.84003036137,0.201608999396
15044,2.80372744381,0.194745962163
15061,2.76885412985,0.188389822574
15078,2.73530444989,0.182489689958
15096,2.70298265609,0.177001173815
15113,2.6718019134,0.171885406766
15131,2.64168336274,0.167108224473
15148,2.61255510163,0.162639497678
15166,2.58435151443,0.158452560848
15183,2.55701248862,0.154523745342
15200,2.53048292362,0.150831974161
15218,2.50471213245,0.147358429167
15236,2.47965343839,0.144086260988
15253,2.45526376008,0.141000345113
15271,2.43150322118,0.138087074392
15288,2.40833492504,0.13533417392
15306,2.38572456607,0.13273055211
15323,2.36364027231,0.13026616133
15341,2.34205235639,0.127931883082
15359,2.3209331131,0.125719426967
15376,2.30025663867,0.123621242506
15394,2.27999868506,0.121630441112
15412,2.26013652919,0.119740727662
15430,2.24064882176,0.117946342103
15447,2.22151547358,0.11624200679
15465,2.20271759911,0.114622877564
15483,2.18423731906,0.113084508062
15501,2.16605781528,0.111622805971
15519,2.14816308995,0.110234009121
15537,2.13053806897,0.108914647696
15555,2.11316836628,0.107661527374
15572,2.09604040897,0.106471697
15590,2.0791411505,0.105342439983
15608,2.06245824905,0.104271244378
15626,2.04597991623,0.103255791891
15644,2.02969481235,0.102293946336
15662,2.01359214989,0.101383733284
15680,1.99766155139,0.100523333628
15698,1.98189305243,0.0997110711638
15717,1.96627707069,0.0989454031089
15735,1.95080435669,0.0982249126451
15753,1.93546597639,0.0975483008534
15771,1.92025331669,0.0969143784016
15789,1.90515803739,0.0963220607515
15807,1.8901719816,0.0957703662388
15826,1.87528728957,0.0952584045663
15844,1.86049629119,0.0947853771224
15862,1.84579145223,0.094350575217
15880,1.83116547489,0.093953371011
15899,1.81661120321,0.0935932188921
15917,1.80212152188,0.0932696577841
15935,1.78768956225,0.092982298092
15954,1.77330841295,0.0927308346735
15972,1.75897138528,0.0925150315435
15990,1.74467177195,0.0923347333306
16009,1.73040294331,0.0921898596284
16027,1.71615828643,0.0920804080037
16046,1.70193120628,0.0920064541993
16064,1.68771515467,0.0919681512594
16083,1.67350353653,0.0919657357488
16101,1.65928975616,0.0919995269375
16120,1.64506713056,0.0920699337725
16138,1.63082894318,0.0921774547077
16157,1.61656843556,0.0923226814647
16175,1.60227874048,0.0925063067904
16194,1.58795277934,0.0927291351983
16213,1.57358346724,0.0929920766865
16231,1.55916357419,0.093296160969
16250,1.54468556336,0.0936425545541
16269,1.53014179426,0.0940325571852
16288,1.51552442435,0.0944676172004
16306,1.50082529611,0.0949493495437
16325,1.48603602067,0.0954795432104
16344,1.47114787355,0.0960601820979
16363,1.45615180374,0.0966934608193
16382,1.44103837457,0.0973818071971
16401,1.42579774302,0.0981279049538
16419,1.41041959174,0.0989347226969
16438,1.39489306738,0.0998055462565
16457,1.37920682132,0.100744007886
16476,1.36334886386,0.101754133456
16495,1.34730646891,0.102840392351
16514,1.33106618179,0.104007746469
16533,1.3146137673,0.105261711229
16552,1.2979340288,0.106608436327
16571,1.2810107177,0.10805479138
16590,1.26382653248,0.109608457429
16610,1.2463628639,0.111278055967
16629,1.22859977335,0.113073278354
16648,1.21051563719,0.115005069286
16667,1.19208731494,0.117085792066
16686,1.17328965747,0.119329490841
16705,1.15409527515,0.12175217639
16725,1.13447454733,0.124372142348
16744,1.11439516358,0.127210398976
16763,1.0938217217,0.130291193658
16783,1.07271565084,0.133642607259
16802,1.05103457731,0.137297359642
16821,1.02873188937,0.141293784203
16841,1.00575654694,0.145677013098
16860,0.982052387578,0.150500549451
16879,0.957557667008,0.155828238093
16899,0.932204798075,0.161736772401
16918,0.905920202898,0.168318938192
16938,0.878624239747,0.175687871577
16957,0.850232123785,0.183982522925
16977,0.820656164485,0.19337469924
16996,0.789809227753,0.204078296094
17016,0.757612878059,0.216360579935
17036,0.724010657637,0.230555794528
17055,0.688990845087,0.247079655901
17075,0.652624211474,0.266440407414
17095,0.615121105852,0.289236738072
17114,0.576907855237,0.316123446935
17134,0.538703771192,0.347717947776
17154,0.501547479417,0.384430288275
17173,0.466693371678,0.426256136731
17193,0.435346539506,0.472661472089
17213,0.408355910805,0.522684850017
17233,0.386058709916,0.575228226987
17253,0.36835474634,0.629341461195
17273,0.354899488368,0.684363681773
17293,0.345283285573,0.739926087284
17312,0.339142321588,0.795889826982
17332,0.336210063214,0.852276360583
17352,0.336334945928,0.909213628353
17372,0.339485420783,0.966898523311
17392,0.345752995866,1.02557381169
17412,0.355359842218,1.08551311108
17432,0.368674548474,1.14700859229
17453,0.386238482352,1.21035733824
17473,0.408805529085,1.27584107262
17493,0.437398762787,1.34369031821
17513,0.47338689923,1.41402096651
17533,0.51858175918,1.48672034886
17553,0.575348587753,1.56124840906
17574,0.646698798472,1.63629508004
17594,0.736276451719,1.70921767965
17614,0.848029772662,1.77518999496
17634,0.985154377536,1.82613903486
17655,1.14772345436,1.85003590136
17675,1.32884986184,1.83209941136
17695,1.51132237166,1.76009008741
17716,1.66974643035,1.6331151407
17736,1.7811341703,1.466631199
17757,1.83644236102,1.28608353833
17777,1.84196305841,1.11425261764
17797,1.81159766825,0.963990925186
17818,1.75912433403,0.839006137857
17839,1.6948228725,0.737783728661
17859,1.62528819582,0.656825016873
17880,1.55436367663,0.592388306908
17900,1.48411552814,0.541184556788
17921,1.41554388079,0.500551040967
17942,1.34903757023,0.468415536638
17962,1.28464719961,0.443198471841
17983,1.22224379434,0.423711954634
18004,1.16161024886,0.409074597927
18024,1.10249363194,0.398645865674
18045,1.04463563638,0.391978021986
18066,0.98779256957,0.388782073766
18087,0.931750746149,0.38890465521
18108,0.876342173952,0.392312545566
18128,0.821465052576,0.39908077413
18149,0.767111470237,0.409379307598
18170,0.713403588171,0.423450326533
18191,0.660635052392,0.441564532881
18212,0.609302555544,0.463945313962
18233,0.560099922664,0.49065887747
18254,0.513839886407,0.521497524315
18275,0.471297061188,0.5559161406
18296,0.433025071112,0.593080734806
18317,0.399239735836,0.632024498932
18338,0.369823560552,0.671829830426
18359,0.344422176658,0.711752844023
18381,0.322564517601,0.751263211207
18402,0.303757215437,0.790023887333
18423,0.287539862735,0.827846653488
18444,0.273509057599,0.864646779107
18465,0.261323526684,0.900406573436
18487,0.250699929741,0.935149371061
18508,0.241405142497,0.968922169237
18529,0.233247992398,1.00178441982
18551,0.226071814404,1.03380049357
18572,0.219747710165,1.06503673487
18593,0.21416959028,1.09555754937
18615,0.209249644716,1.12542530242
18636,0.204915127027,1.15469879842
18658,0.201105552265,1.18343358935
18679,0.197770623061,1.21168166436
18701,0.194868490465,1.23949188707
18722,0.192364479916,1.26690983105
18744,0.190229923886,1.29397873941
18765,0.188441452409,1.32073899322
18787,0.186980220568,1.34722917374
18809,0.185831488697,1.3734857396
18830,0.184984171945,1.39954375154
18852,0.184430591207,1.42543690475
18874,0.184166298083,1.45119765048
18896,0.184189877151,1.47685813752
18917,0.184503062352,1.50244928645
18939,0.185110621583,1.52800227935
18961,0.186020603629,1.55354776722
18983,0.187244461062,1.57911672381
19005,0.188797388752,1.60474026259
19027,0.190698678029,1.63045015712
19048,0.192972263478,1.65627872116
19070,0.195647329175,1.68225935673
19092,0.198759177467,1.70842627677
19114,0.202350219439,1.73481491591
19136,0.206471262865,1.76146191719
19158,0.211183098795,1.78840518436
19180,0.216558532192,1.81568339282
19203,0.222684818669,1.84333607179
19225,0.229666850869,1.87140233075
19247,0.237630990707,1.89992028736
19269,0.246730047559,1.92892444084
19291,0.257149367314,1.95844285665
19313,0.269114448783,1.98849231403
19336,0.282900374456,2.01907038056
19358,0.298843098842,2.05014407862
19380,0.317352649674,2.08163201094
19403,0.338927524462,2.11337696033
19425,0.364168031756,2.14510561849
19447,0.393783948182,2.17636807532
19470,0.428586406779,2.20645085048
19492,0.469445121902,2.23425834652
19515,0.517179394046,2.25816350925
19537,0.572336602445,2.27585326273
19560,0.634809384979,2.28423717166
19582,0.703279769208,2.27955298869
19605,0.774590385948,2.25785390098
19627,0.843327936132,2.21600637002
19650,0.902048204773,2.1530818661
19673,0.942464334567,2.07163910103
19695,0.957451408258,1.97816352401
19718,0.943140993009,1.8821790971
19741,0.90018246071,1.79422378419
19763,0.833652913582,1.72346767036
19786,0.751742524557,1.67581652629
19809,0.663729436933,1.65301294584
19832,0.577866218227,1.65292688902
19855,0.499869328689,1.67089362466
19877,0.432519931959,1.70147762843
19900,0.376259497315,1.73984635426
19923,0.330161354549,1.78237193506
19946,0.292746344607,1.82662941284
19969,0.262472188505,1.87113282542
19992,0.237957332626,1.91504025747
20015,0.21804961067,1.95791969722
20038,0.201822167268,1.99958697092
20061,0.188542385294,2.04000202003
20084,0.177635418487,2.07920481728
20108,0.168650858118,2.11727693565
20131,0.161235070175,2.15431916992
20154,0.155109304282,2.19043841261
20177,0.150052736474,2.22574027085
20200,0.145889432007,2.26032572546
20224,0.14247843619,2.29428907333
20247,0.139706186365,2.32771736709
20270,0.13748070984,2.36069036719
20294,0.135727149529,2.3932810928
20317,0.134384324158,2.42555622922
20340,0.133402042999,2.4575768746
20364,0.132739018911,2.48939910515
20387,0.132361229727,2.52107454027
20411,0.13224062585,2.55265087906
20434,0.132354097063,2.58417258561
20458,0.13268266776,2.61568118401
20481,0.133210853359,2.64721558789
20505,0.133926127121,2.67881281393
20529,0.134818522755,2.71050807024
20552,0.135880316045,2.74233494614
20576,0.137105758543,2.77432596277
20600,0.138490887946,2.80651277255
20623,0.140033398617,2.83892618079
20647,0.141732536942,2.87159660627
20671,0.143589066734,2.90455401521
20695,0.145605256805,2.93782829761
20719,0.147784926369,2.97144941343
20742,0.150133553094,3.00544732405
20766,0.152658424681,3.0398522766
20790,0.155368870497,3.07469497191
20814,0.15827661593,3.11000614938
20838,0.161396211947,3.1458170414
20862,0.164745675373,3.18215865883
20886,0.168347297294,3.21906150843
20910,0.172228711017,3.25655462248
20934,0.176424228919,3.294663817
20959,0.180976381646,3.3334085765
20983,0.185937304099,3.37279701212
21007,0.191368950018,3.41281708818
21031,0.197339393307,3.45342202159
21055,0.203908614167,3.49450851807
21080,0.211089891407,3.53589080636
21104,0.218764616399,3.577290177
21128,0.226540854899,3.61840748522
21152,0.233646986294,3.65919117163
21177,0.239160822637,3.70027236412
21201,0.242757609851,3.7430323383
21226,0.245230209913,3.78877283874
21250,0.247898753718,3.83784008271
21275,0.251688068464,3.88978200523
21299,0.256909798689,3.94400283633
21324,0.263527256012,4.00011434236
21348,0.271407531312,4.05796006927
21373,0.280436828794,4.1175385631
21397,0.290551561203,4.17893608837
21422,0.301737890778,4.24228699052
21447,0.314024096746,4.30775386933
21471,0.327473813673,4.37551950855
21496,0.342182029972,4.44578419571
21521,0.358273763056,4.51876621064
21546,0.37590508058,4.59470353833
21571,0.395266157306,4.67385677534
21595,0.416586359374,4.75651227647
21620,0.440141499447,4.84298555385
21645,0.466263592395,4.9336252306
21670,0.4953537576,5.02881681371
21695,0.527899129292,5.1289861148
21720,0.564494954054,5.2346019615
21745,0.605873521362,5.3461766528
21770,0.652941951783,5.46426242931
21795,0.706831201592,5.58944112697
21820,0.768958836861,5.72230072662
21845,0.841107162624,5.86339060302
21871,0.925515548401,6.01314317306
21896,1.02497996903,6.17174344023
21921,1.14294153817,6.33892696993
21946,1.28352943222,6.51368806406
21972,1.45150370708,6.69389416767
21997,1.65202775349,6.87583272506
22022,1.89020150286,7.05376183657
22048,2.170317927,7.21958975441
22073,2.49487438533,7.36284137587
22098,2.86346434862,7.47106432802
22124,3.27176561207,7.53076150102
22149,3.71089050285,7.52881818839
22175,4.16734240119,7.45425084654
22200,4.62372444529,7.29998362364
22226,5.0601902135,7.06429940578
22252,5.45645182238,6.7516402862
22277,5.79401723398,6.37254680072
22303,6.05825760472,5.94270066334
22329,6.23992977145,5.48122675477
22354,6.3358935274,5.008565555
22380,6.34893832213,4.54430505837
22406,6.28681853237,4.10534672603
22432,6.16074706791,3.70467858583
22457,5.98367341444,3.35087809031
22483,5.76866849746,3.04830667857
22509,5.52766276182,2.79783141906
22535,5.27066709117,2.59784165044
22561,5.00548821382,2.44532559246
22587,4.73785565124,2.33682381156
22613,4.47183580153,2.26914953467
22639,4.2104064159,2.23983568281
22665,3.95609175869,2.24730793534
22691,3.71158272862,2.29078856804
22718,3.48025425469,2.36992853561
22744,3.26644552687,2.48418750366
22770,3.07532932081,2.63209155247
22796,2.91228947106,2.81067408292
22822,2.78201806623,3.01545914175
22849,2.68782099945,3.24107765908
22875,2.6315329807,3.48216752051
22901,2.61402008136,3.73404949074
22928,2.63592787413,3.99291770718
22954,2.6983564255,4.25558670575
22981,2.80331825612,4.51895245035
23007,2.95395546366,4.77927256185
23034,3.15449470838,5.0312889302
23060,3.40983840681,5.26718184391
23087,3.72456451277,5.47540766225
23113,4.10099531907,5.63968651761
23140,4.53604764319,5.7388378915
23167,5.01711544879,5.74872093057
23193,5.51859358895,5.64763780829
23220,6.00234335683,5.42501675866
23247,6.4251382115,5.08958188328
23273,6.75155621161,4.67063557142
23300,6.96488947939,4.20958157991
23327,7.06909817509,3.7467425011
23354,7.08227626846,3.31170099661
23381,7.02764854985,2.92074467249
23408,6.92702870853,2.57936489318
23435,6.79788152338,2.28627856414
23462,6.6528992976,2.03683057838
23489,6.50072814693,1.82519792788
23516,6.34697737762,1.64558263472
23543,6.19512662502,1.49275095031
23570,6.04722248223,1.36220962727
23597,5.90437438156,1.25020400204
23624,5.76709107193,1.15364155219
23652,5.63550518286,1.06999262666
23679,5.50951937473,0.997192986935
23706,5.38890080241,0.933557509857
23733,5.27334179428,0.877707598905
23761,5.16249810137,0.828511871427
23788,5.05601252034,0.78503842632
23816,4.95352950854,0.746516662994
23843,4.85470347308,0.712306934135
23871,4.75920305097,0.681876434779
23898,4.66671351528,0.654779937537
23926,4.57693670076,0.63064456555
23953,4.48959080367,0.609157533233
23981,4.40440906044,0.590056417164
24008,4.32113821873,0.573121364822
24036,4.23953683745,0.558168874912
24064,4.15937350441,0.54504685408
24091,4.0804248339,0.533630748505
24119,4.00247361424,0.523820534431
24147,3.92530690508,0.515538469911
24175,3.84871363699,0.508727578761
24203,3.77248309882,0.503350630011
24230,3.69640226056,0.499389857717
24258,3.62025382164,0.496847178908
24286,3.54381336539,0.495745165698
24314,3.46684696989,0.496128671205
24342,3.38910828871,0.498067371749
24370,3.31033491184,0.501659456137
24398,3.23024532853,0.507036558007
24427,3.14853413513,0.514370697739
24455,3.06486870971,0.523883345121
24483,2.97888398454,0.535857986268
24511,2.89017806109,0.550657031607
24539,2.7983091639,0.568744772929
24568,2.70279373612,0.590719090369
24596,2.60311058821,0.617354818874
24624,2.49871516619,0.649663288394
24653,2.38907415418,0.688972904633
24681,2.27374016812,0.737033806
24709,2.15249850934,0.796141772268
24738,2.02563780154,0.869250205945
24766,1.89440260813,0.959975365778
24795,1.76162109387,1.07228650348
24823,1.63224679532,1.20959514156
24852,1.5131274845,1.37325250488
24881,1.4113878257,1.56138498393
24909,1.33218611507,1.76945870042
24938,1.27774988669,1.99241619327
24967,1.24827954344,2.22656141976
24996,1.24353995678,2.47013641751
25024,1.26412231149,2.72297385509
25053,1.31226769768,2.98585241992
25082,1.39253470667,3.2597658102
25111,1.51255539087,3.54493755159
25140,1.68391804438,3.83911331828
25169,1.92273177217,4.13435006402
25198,2.24822913508,4.41144752785
25227,2.67560848882,4.63275214438
25256,3.19875321325,4.73984656445
25285,3.76759870242,4.67018494018
25314,4.28498000397,4.39812002201
25343,4.64696102688,3.97020991241
25372,4.80219712852,3.49008443337
25402,4.77224133128,3.06090027279
25431,4.62036834589,2.74265692429
25460,4.41171622149,2.55207367506
25490,4.19677114587,2.4830129743
25519,4.0143693518,2.52133230297
25548,3.89898854525,2.64752182428
25578,3.88297229082,2.83187220965
25607,3.99129038862,3.02894142383
25637,4.22993115654,3.17621525756
25666,4.56907956366,3.20261524523
25696,4.93110958453,3.05742831799
25725,5.21309820357,2.75219754881
25755,5.34791539186,2.36445937893
25785,5.33807726877,1.98266379234
25814,5.22770812029,1.65792317582
25844,5.06240424978,1.40270754878
25874,4.87297767456,1.2099670679
25904,4.6762727,1.06746901886
25934,4.48014272879,0.963934879609
25963,4.28746111784,0.890672210042
25993,4.09852867431,0.841538180121
26023,3.91236012273,0.812498271684
26053,3.72733625671,0.80121555141
26083,3.54152918453,0.806789657028
26113,3.35288639958,0.829667786684
26143,3.15940226272,0.871733111838
26174,2.95941324675,0.936574016118
26204,2.7522327691,1.02989379371
26234,2.53946417942,1.15981865924
26264,2.32727259227,1.33628066572
26294,2.12875665189,1.56785814937
26325,1.96278727824,1.85579025872
26355,1.84645942028,2.19087112487
26385,1.78807782616,2.5592852551
26416,1.78899373162,2.95092137164
26446,1.85008021311,3.36179404941
26477,1.97658053587,3.7919170919
26507,2.18101172433,4.2419566274
26538,2.48571285781,4.70884918855
26568,2.92528846835,5.17808442517
26599,3.54554260912,5.60858718777
26629,4.38615904339,5.90792270946
26660,5.42139804834,5.9176306869
26691,6.46887253402,5.48642724009
26722,7.23136568735,4.66087002242
26752,7.55865201318,3.71266183553
26783,7.54516349998,2.88206748416
26814,7.35533717639,2.24414828058
26845,7.10183048653,1.77715938457
26876,6.84009370368,1.43741687823
26907,6.59269804648,1.18733332444
26938,6.36689914078,0.999873545253
26969,6.16351725765,0.856587119465
27000,5.98093061578,0.744991129954
27031,5.81677864485,0.656566087801
27062,5.66865444652,0.585405987465
27093,5.53436168656,0.527342449078
27125,5.41198697315,0.479379502543
27156,5.29989791939,0.439325810616
27187,5.19671448392,0.405551991356
27218,5.10127230195,0.376827970776
27250,5.01258875275,0.352211967728
27281,4.92983172237,0.330973623591
27313,4.85229405364,0.312539798109
27344,4.77937178774,0.29645585251
27376,4.71054676274,0.282357545091
27407,4.64537207919,0.269950400658
27439,4.58346049565,0.2589943485
27470,4.52447448073,0.249292189386
27502,4.46811868205,0.240680789395
27534,4.41413334185,0.233024337527
27565,4.36228871452,0.226209125566
27597,4.31238078784,0.220139447432
27629,4.26422772831,0.214734366616
27661,4.21766643098,0.209925172739
27693,4.1725500421,0.205653326344
27724,4.12874586976,0.20186880499
27756,4.08613328044,0.198528780601
27788,4.0446021762,0.195596530266
27820,4.00405187328,0.19304053715
27852,3.96438905863,0.190833804295
27884,3.92552804856,0.188953193781
27917,3.88738884733,0.187378983403
27949,3.84989650097,0.186094452451
27981,3.81298105738,0.185085514126
28013,3.77657604101,0.184340483022
28045,3.7406187384,0.183849808476
28078,3.70504871155,0.183605939753
28110,3.66980858871,0.183603119036
28143,3.63484246344,0.183837326336
28175,3.60009602755,0.184306169917
28207,3.56551661771,0.185008807318
28240,3.53105190257,0.185945961703
28272,3.49665026372,0.187119876298
28305,3.46226040509,0.188534331085
28338,3.4278309347,0.19019468475
28370,3.39330932688,0.192107976327
28403,3.35864303858,0.194282932817
28436,3.32377799534,0.196730149324
28468,3.28865874779,0.19946220699
28501,3.25322799254,0.202493860185
28534,3.21742570619,0.205842287976
28567,3.18118983525,0.209527293185
28600,3.14445458533,0.213571704462
28633,3.10715045063,0.218001733763
28666,3.06920384711,0.222847431312
28699,3.03053602668,0.22814328256
28732,2.99106267424,0.233928870241
28765,2.95069316976,0.240249695904
28798,2.90932867586,0.247158270091
28831,2.86686310476,0.254715183068
28864,2.82317984772,0.262990793807
28898,2.77815162911,0.272067009838
28931,2.73163888882,0.282039630536
28964,2.68348768888,0.293021318179
28998,2.63352852553,0.305145229427
29031,2.58157320532,0.31856984884
29065,2.52741415925,0.333484871118
29098,2.4708206706,0.350119222699
29132,2.41153836271,0.368751090433
29165,2.34928686215,0.389721464604
29199,2.28376049725,0.413451763405
29232,2.21463005957,0.440467497267
29266,2.14155272695,0.471428969425
29300,2.06418904519,0.50717187311
29333,1.98223904737,0.548758249745
29367,1.89550800259,0.597536581237
29401,1.80402317274,0.655200615938
29435,1.70822486001,0.723817727615
29469,1.60924701087,0.805759786964
29503,1.50924364442,0.90342280408
29537,1.41157570778,1.01863001482
29571,1.32051937883,1.15181769706
29605,1.24029546664,1.30151521636
29639,1.17386962058,1.46470896917
29673,1.12238121942,1.63797042265
29707,1.08549277041,1.81851882289
29742,1.0621526057,2.00467430694
29776,1.05123527786,2.19580065366
29810,1.05190359694,2.39205722644
29844,1.06376720989,2.5941682212
29879,1.08695201876,2.80326486255
29913,1.12215625225,3.02079478447
29948,1.1707366162,3.24847923718
29982,1.23485827558,3.4882873127
30017,1.31774010844,3.74239926282
30051,1.4240385803,4.01310619181
30086,1.56042265174,4.30254947995
30121,1.73637852546,4.61210891895
30155,1.96518102842,4.9410797275
30190,2.26462687343,5.28410582063
30225,2.65639001812,5.62693355648
30260,3.16194190439,5.94106637831
30294,3.79309655873,6.18029170991
30329,4.53824848175,6.2844589399
30364,5.35097256832,6.19468382745
30399,6.15104924576,5.87707270545
30434,6.84340742058,5.34318316796
30469,7.3487709747,4.65340783986
30504,7.63003901186,3.89857562624
30540,7.69987122325,3.16919844284
30575,7.60721789082,2.52928991659
30610,7.41341951867,2.00665107876
30645,7.17195563052,1.59936046752
30681,6.91933957694,1.28948568722
30716,6.67578105517,1.05502636836
30751,6.45015234049,0.876431953291
30787,6.24494169799,0.73859612613
30822,6.05959919759,0.630568343162
30858,5.89237288145,0.544591786835
30893,5.74118946989,0.475178239664
30929,5.60403329108,0.418406788841
30964,5.47908663293,0.371435904262
31000,5.36476401412,0.332173728679
31036,5.25970386562,0.299056081957
31072,5.16274379226,0.27089593995
31107,5.07289272545,0.246780022181
31143,4.98930450808,0.225996715512
31179,4.91125429469,0.207985093604
31215,4.83811973801,0.192298261842
31251,4.76936310044,0.178576760224
31287,4.7045181008,0.166528870877
31323,4.64317903078,0.155915915993
31359,4.58499094336,0.146541180254
31395,4.52964158076,0.138241447692
31431,4.47685528823,0.130880455375
31468,4.42638834928,0.124343789016
31504,4.37802276197,0.118534942137
31540,4.33156453613,0.113372098472
31576,4.28683895812,0.108785658928
31613,4.24368877595,0.10471619771
31649,4.20197123848,0.10111284873
31686,4.16155695228,0.0979319612343
31722,4.1223276826,0.095136032456
31759,4.08417454335,0.0926928299221
31795,4.04699815064,0.0905746306692
31832,4.01070577705,0.0887576605155
31869,3.97521139431,0.0872215743587
31905,3.94043492075,0.0859490437907
31942,3.90630088648,0.0849254307513
31979,3.87273822194,0.0841384981345
32016,3.83967972551,0.0835781797368
32053,3.80706066929,0.0832364136112
32090,3.77481958763,0.0831069667764
32127,3.74289681554,0.0831853430618
32164,3.71123433219,0.0834686933321
32201,3.67977584637,0.0839557480561
32238,3.64846545491,0.0846468082438
32275,3.61724794186,0.0855437250602
32312,3.58606849257,0.0866499169789
32349,3.55487178312,0.0879704273104
32386,3.52360195859,0.0895119874554
32424,3.49220206919,0.0912831213838
32461,3.46061406545,0.093294266817
32499,3.42877747572,0.0955579657549
32536,3.39662993984,0.0980890458665
32573,3.36410689116,0.100904867392
32611,3.33113890985,0.104025694419
32649,3.29765371486,0.107474994691
32686,3.26357458361,0.11127991728
32724,3.22881839565,0.115471883044
32762,3.19329687206,0.120087180877
32799,3.15691399149,0.125167832367
32837,3.1195655078,0.13076256056
32875,3.08113772127,0.136928001767
32913,3.04150554499,0.143730224599
32951,3.00053251507,0.15124650982
32989,2.95806577188,0.159567818173
33027,2.9139365626,0.168801588231
33065,2.86795660659,0.17907549718
33103,2.81991470968,0.190542244232
33141,2.76957430431,0.203385639738
33179,2.71666811191,0.217828733209
33217,2.66089409322,0.234144414321
33256,2.60191207005,0.252669458083
33294,2.5393366054,0.27382384515
33332,2.47273467778,0.298136712848
33371,2.40162339115,0.326282359353
33409,2.3254737205,0.359130143747
33448,2.24372700554,0.397813643065
33486,2.15583531459,0.443825663133
33525,2.0613508423,0.499143729894
33563,1.96010787273,0.566379961776
33602,1.85256741971,0.648912403388
33641,1.74040627252,0.750858408496
33679,1.62731514179,0.876580063435
33718,1.51954625127,1.02933557226
33757,1.42515483089,1.20930770968
33796,1.35141938359,1.41269168851
33835,1.30230364751,1.63339628501
33874,1.27833798884,1.86594630266
33913,1.27839482269,2.10705759449
33952,1.30141472403,2.35556482504
33991,1.34734905741,2.61172037625
34030,1.41758036187,2.87651534328
34069,1.51518389984,3.1511279178
34109,1.64522414812,3.43637042667
34148,1.81513090686,3.73191271629
34187,2.03502838336,4.03502007501
34227,2.31762221945,4.33853063737
34266,2.67682369609,4.62804223523
34306,3.12395301916,4.87908246882
34345,3.660865758,5.05641421507
34385,4.27149142751,5.11859732928
34424,4.91646035154,5.02942781433
34464,5.53666083848,4.77318622991
34504,6.06773447565,4.3656970645
34543,6.46001048441,3.85331942026
34583,6.69341388692,3.2987955623
34623,6.77950534223,2.76145013478
34663,6.75124506169,2.28222977477
34703,6.64808529554,1.87940415833
34743,6.50442179243,1.55328770265
34783,6.34469914596,1.29431891905
34823,6.18376213524,1.08980790378
34863,6.02944093422,0.927747420881
34903,5.88521946288,0.798239216389
34943,5.75217343279,0.69363293943
34984,5.63016056806,0.60817839244
35024,5.51848114345,0.537589819975
35064,5.41622619827,0.478666389701
35105,5.32244934124,0.429000057934
35145,5.23624910868,0.386761215891
35186,5.15680087298,0.350544756964
35226,5.08336811047,0.319259609183
35267,5.01530025083,0.292049476442
35307,4.95202581985,0.268235435103
35348,4.89304506675,0.247273925108
35389,4.83791985413,0.228725872688
35429,4.78626666366,0.21223354369
35470,4.73774882414,0.197503181598
35511,4.69207078744,0.184291753237
35552,4.64897128556,0.172396847411
35593,4.60821976769,0.161648755738
35634,4.56961221792,0.151904332078
35675,4.53296647482,0.143042189166
35716,4.49812055896,0.134958807206
35757,4.46492966015,0.127565476641
35798,4.43326411495,0.120785818736
35840,4.40300665137,0.114553804089
35881,4.37405336592,0.108812049124
35922,4.34630813226,0.103510586027
35964,4.31968602512,0.0986056394652
36005,4.2941083594,0.09405880783
36047,4.26950424855,0.0898362407742
36088,4.24580945979,0.0859080117345
36130,4.2229645858,0.0822476052165
36171,4.20091570185,0.0788314375305
36213,4.17961314522,0.0756384874365
36255,4.15901174694,0.0726499568408
36296,4.13906949162,0.0698490092166
36338,4.11974754295,0.0672205230149
36380,4.10101046398,0.064750877584
36422,4.08282530944,0.0624277867397
36464,4.0651609591,0.0602401511299
36506,4.0479900936,0.0581778922324
36548,4.03128516046,0.0562318935619
36590,4.01502290216,0.0543938311271
36632,3.99917932836,0.0526561540524
36675,3.98373443557,0.0510119401411
36717,3.96866706208,0.0494548946085
36759,3.953959134,0.0479792326172
36801,3.93959324084,0.0465796565959
36844,3.92555324077,0.0452513002914
36886,3.91182338629,0.0439896961666
36929,3.89838925451,0.0427907263998
36971,3.88523752432,0.041650592041
37014,3.87235502347,0.0405657931372
37057,3.85973043013,0.0395330835645
37099,3.84735156494,0.0385494753017
37142,3.83520806986,0.0376121887876
37185,3.82328987163,0.0367186495002
37228,3.81158717597,0.0358664701614
37270,3.80009064116,0.0350534330883
37313,3.78879208338,0.0342774695185
37356,3.77768309835,0.0335366595526
37399,3.76675576131,0.0328292138093
37442,3.75600296071,0.0321534600538
37486,3.74541682627,0.0315078471391
37529,3.73499136618,0.0308909136496
37572,3.724720176,0.0303012996861
37615,3.71459647705,0.0297377387993
37659,3.70461483903,0.0291990373913
37702,3.69477026539,0.0286840764514
37745,3.68505573092,0.0281918249546
37789,3.6754677587,0.0277212914919
37832,3.66600044374,0.0272715658988
37876,3.6566499109,0.0268417809109
37920,3.64741071693,0.0264311352492
37963,3.63827851256,0.0260388701685
38007,3.62924959588,0.0256642697595
38051,3.62031989802,0.0253066652108
38095,3.611485528,0.0249654280369
38139,3.60274240054,0.0246399700728
38183,3.59408684396,0.02432973688
38227,3.58551589936,0.0240342036679
38271,3.57702518913,0.0237528876249
38315,3.56861238837,0.0234853227435
38359,3.56027411859,0.0232310789547
38403,3.55200706695,0.0229897529663
38447,3.54380816997,0.0227609656229
38491,3.53567426686,0.022544362812
38536,3.52760284792,0.0223396094439
38580,3.51959114873,0.0221463941252
38625,3.51163701775,0.0219644226027
38669,3.50373697151,0.0217934289778
38714,3.49588862837,0.0216331595099
38758,3.48808959362,0.0214833788316
38803,3.48033753174,0.0213438687319
38848,3.4726297322,0.0212144301109
38892,3.46496397464,0.021094877028
38937,3.45733775421,0.0209850408721
38982,3.44974936115,0.0208847632696
39027,3.44219583926,0.0207939079937
39072,3.43467516008,0.0207123473421
39117,3.42718541086,0.0206399666968
39162,3.41972402735,0.0205766687984
39207,3.41228906033,0.0205223658136
39252,3.4048788082,0.0204769812982
39297,3.39749062081,0.020440457168
39343,3.3901219906,0.0204127469609
39388,3.38277244238,0.0203938043112
39433,3.37543776515,0.0203836175846
39479,3.36811764906,0.0203821637899
39524,3.36080935814,0.0203894466892
39570,3.35351052372,0.0204054799753
39615,3.34621960303,0.0204302844897
39661,3.33893418768,0.0204638985763
39707,3.33165220527,0.0205063708957
39753,3.32437159622,0.0205577625324
39798,3.31709078861,0.0206181442274
39844,3.30980747395,0.0206876041697
39890,3.30251894628,0.0207662462525
39936,3.2952235707,0.0208541811716
39982,3.28791901705,0.0209515378149
40028,3.28060257351,0.0210584617897
40074,3.2732726451,0.0211751062718
40120,3.26592766865,0.0213016392925
40167,3.25856380133,0.0214382594596
40213,3.2511799239,0.0215851640004
40259,3.24377293067,0.0217425801769
40306,3.2363397609,0.0219107528788
40352,3.22887989929,0.0220899283148
40398,3.22138937982,0.0222803954135
40445,3.21386588529,0.0224824523714
40492,3.20630655486,0.0226964225632
40538,3.19870885234,0.0229226496525
40585,3.19107055942,0.0231614987039
40632,3.18338730382,0.0234133755075
40679,3.17565755689,0.0236786917978
40725,3.16787698802,0.0239579080513
40772,3.16004295267,0.0242515022063
40819,3.15215289724,0.0245599829891
40866,3.14420316981,0.0248839012155
40913,3.13618930965,0.0252238502724
40960,3.12810858612,0.0255804482467
41008,3.11995598794,0.025954372666
41055,3.11172912699,0.0263463233684
41102,3.10342326548,0.0267570664373
41150,3.09503427151,0.0271874133154
41197,3.08655700737,0.0276382383461
41244,3.07798793239,0.0281104597933
41292,3.06932157726,0.0286050755353
41339,3.06055261342,0.0291231498346
41387,3.05167720415,0.0296658052294
41435,3.04268806001,0.0302342756889
41483,3.0335799602,0.0308298604024
41530,3.02434713695,0.0314539554722
41578,3.01498366798,0.0321080577811
41626,3.00548136477,0.0327937963803
41674,2.99583434715,0.0335128933938
41722,2.98603459831,0.0342672218569
41770,2.97607440432,0.0350587910783
41818,2.96594590819,0.0358897638432
41866,2.95563967236,0.03676248805
41915,2.94514659429,0.0376794899749
41963,2.93445690648,0.0386435036738
42011,2.9235600504,0.039657492633
42060,2.91244607335,0.0407246527115
42108,2.90110171382,0.04184849061
42157,2.88951416518,0.0430328013983
42205,2.87767128903,0.0442816938385
42254,2.86555923863,0.0455996595624
42302,2.85316139689,0.0469916321913
42351,2.84046171345,0.0484629805396
42400,2.82744269528,0.0500195905708
42449,2.81408661954,0.0516679020423
42498,2.80037246603,0.0534150295341
42547,2.78628021759,0.0552687596379
42596,2.7717843768,0.0572377617866
42645,2.75686116948,0.0593315486903
42694,2.7414826748,0.0615607079069
42743,2.72562070547,0.0639369537289
42792,2.70924198369,0.0664733900642
42842,2.69231354158,0.0691845659787
42891,2.67479810758,0.0720867927445
42940,2.65665159062,0.0751984691963
42990,2.63783230612,0.0785401231068
43039,2.61828996431,0.0821350559523
43089,2.59797127237,0.0860096015889
43139,2.57681646141,0.0901937234811
43188,2.55476234291,0.0947215014894
43238,2.53173660255,0.0996320397956
43288,2.50765774756,0.104970358636
43338,2.48244010295,0.110788249534
43388,2.45598437059,0.117145961896
43438,2.42818087442,0.124113703494
43488,2.39890967729,0.131773632322
43538,2.36803286211,0.140222790434
43588,2.33539514478,0.149576344482
43638,2.30082412598,0.159971703697
43688,2.26412499693,0.171574189998
43739,2.22507761499,0.18458425214
43789,2.18342756506,0.199247493523
43839,2.13889814304,0.215866058272
43890,2.09116631322,0.234817561255
43941,2.0398778377,0.256576761846
43991,1.98463692327,0.281748522857
44042,1.92502024897,0.311110732042
44093,1.86058618137,0.345675720968
44143,1.79092978943,0.386769024578
44194,1.715762212,0.43613346308
44245,1.63508568099,0.496042391608
44296,1.54951020381,0.569374395928
44347,1.46074025252,0.659523208666
44398,1.37217834923,0.769881579514
44449,1.28917689219,0.902682908105
44501,1.21817611249,1.05758334491
44552,1.16466268454,1.23131968611
44603,1.13153689352,1.41922264047
44655,1.11929364582,1.61729092441
44706,1.12738906484,1.8231870279
44757,1.15548818877,2.03610657477
44809,1.20416288525,2.25624823779
44861,1.27525755318,2.48426113976
44912,1.37214424745,2.72074753488
44964,1.50000052186,2.96566261312
45016,1.66606755152,3.2174448123
45068,1.8796869432,3.4716354387
45120,2.15160672866,3.71890068474
45172,2.49175878906,3.94279103668
45224,2.9048179888,4.11845074005
45276,3.38396611371,4.21443605518
45328,3.90546675675,4.19948935101
45380,4.42834204607,4.05347686819
45432,4.90214757696,3.77782564937
45485,5.28111857661,3.39906181473
45537,5.53803471341,2.96213141455
45590,5.67054157911,2.51644587616
45642,5.69733812071,2.10204240396
45695,5.64785166992,1.74223396868
45747,5.55170504168,1.44413384163
45800,5.43236571545,1.20392332682
45853,5.30550634324,1.0127398379
45906,5.18024157806,0.860790857951
45958,5.06120221211,0.739374658614
46011,4.9503353538,0.64148475734
46064,4.84812487401,0.561735870567
46117,4.75432103447,0.496067112804
46171,4.66834315226,0.441429382967
46224,4.58949107402,0.395524909599
46277,4.51705415219,0.356608502835
46330,4.45036024976,0.323341941212
46384,4.38879299053,0.294688667984
46437,4.33180427199,0.269837021639
46491,4.27890765304,0.248145283416
46544,4.22967231824,0.229101263101
46598,4.18372262007,0.212292149193
46652,4.14072705217,0.197382593753
46705,4.10039539213,0.184097862059
46759,4.06247154643,0.172211263529
46813,4.02672854188,0.161534454014
46867,3.9929674294,0.151909813209
46921,3.96101159872,0.143204697342
46975,3.93070324717,0.135306858426
47029,3.9019004922,0.128120808074
47083,3.87448063902,0.121564734616
47137,3.84833042437,0.115568437863
47192,3.82334830717,0.110071305587
47246,3.79944526018,0.105020721771
47301,3.77653671581,0.100371007122
47355,3.75455103857,0.0960821196057
47410,3.73341899328,0.092119062949
47464,3.7130802021,0.088450982807
47519,3.69348021953,0.085050637004
47574,3.67456716611,0.0818939606298
47628,3.65629377653,0.0789595823283
47683,3.63861882954,0.076228431015
47738,3.62150146355,0.0736835484752
47793,3.60490746734,0.0713096912359
47848,3.58880320974,0.0690932311702
47903,3.57315735268,0.0670219229159
47959,3.55794145097,0.0650847250868
48014,3.54313113792,0.0632716359215
48069,3.52869972075,0.0615736837096
48124,3.51462533992,0.0599826870072
48180,3.50088740889,0.058491225228
48235,3.48746566632,0.0570925703869
48291,3.47434160216,0.0557805895452
48347,3.46149911792,0.054549671231
48402,3.44892163926,0.0533947155388
48458,3.4365934277,0.0523110622353
48514,3.42450089562,0.0512944269969
48570,3.41263081452,0.0503408903952
48626,3.40096983264,0.0494468697152
48682,3.38950737254,0.0486090457269
48738,3.37823139155,0.0478243972856
48794,3.36713216178,0.0470901219937
48850,3.35619812428,0.0464036730928
48906,3.34542116979,0.0457626657519
48963,3.33479216867,0.0451649221831
49019,3.32430213773,0.0446084390881
49076,3.31394239671,0.0440913712071
49132,3.30370774243,0.0436119766035
49189,3.29358721014,0.0431687277207
49245,3.28357614146,0.0427601409844
49302,3.27366655546,0.0423848946462
49359,3.26385176682,0.0420417593704
49416,3.25412763818,0.0417295748829
49473,3.24448575152,0.0414473308179
49530,3.23492147807,0.0411940565638
49587,3.22542897661,0.0409688798671
49644,3.21600363757,0.0407709904221
49701,3.20663789381,0.0405996883486
49758,3.19732974579,0.0404542719109
49816,3.18807313782,0.0403341556701
49873,3.17886191496,0.0402388168673
49931,3.16969337842,0.0401677473813
49988,3.1605616202,0.0401205353094
50046,3.15146199502,0.0400968059281
50103,3.14239187427,0.0400962097583
50161,3.13334792219,0.0401184550814
50219,3.12432215499,0.0401633569638
50277,3.11531322362,0.0402306913847
50335,3.10631646637,0.040320321187
50393,3.09732749791,0.0404321491907
50451,3.08834210329,0.0405661186596
50509,3.0793594143,0.0407221705784
50567,3.07037138292,0.0409003817841
50625,3.06137658362,0.0411007828606
50683,3.05237134873,0.0413234746052
50742,3.04334949159,0.0415686329906
50800,3.03430984609,0.0418364070146
50859,3.02524885571,0.0421270190113
50917,3.01615995821,0.0424407753643
50976,3.00704047889,0.0427779714576
51035,2.99788684429,0.0431389585024
51094,2.98869719473,0.0435241072464
51152,2.9794655221,0.0439338941
51211,2.97018473578,0.0443688606153
51270,2.96085791154,0.044829446172
51329,2.95147353759,0.0453163594722
51389,2.94203419622,0.0458301495017
51448,2.93252986702,0.0463716143766
51507,2.92295962683,0.0469414703657
51566,2.913316736,0.0475405872156
51626,2.90360008617,0.0481698090986
51685,2.89380107169,0.048830172194
51745,2.88391734545,0.049522683349
51804,2.87394330546,0.050248481809
51864,2.86387453025,0.051008770299
51924,2.85370357121,0.0518048951472
51984,2.84342637499,0.0526382389827
52043,2.83303884129,0.0535102866927
52103,2.82253153404,0.0544227349672
52163,2.81190177066,0.055377273488
52224,2.80113873575,0.0563758801535
52284,2.79024166926,0.0574204751094
52344,2.77920079088,0.0585133112704
52404,2.76800842904,0.0596567688028
52465,2.75665632496,0.0608534245514
52525,2.74513641742,0.0621060525495
52586,2.73344325659,0.063417586214
52646,2.72156563668,0.0647913305861
52707,2.7094948686,0.0662308011445
52767,2.69721964393,0.0677398717847
52828,2.68473082388,0.0693226904388
52889,2.67201691522,0.0709838261097
52950,2.65906812404,0.0727282059334
53011,2.64586765875,0.0745613982086
53072,2.63240573474,0.0764892866009
53133,2.61866472551,0.0785185441259
53194,2.60463422102,0.0806562717688
53256,2.59029265125,0.0829106301508
53317,2.57562493975,0.0852904056518
53378,2.56061131498,0.0878054668156
53440,2.54523001555,0.0904668217994
53502,2.52945937897,0.0932867036714
53563,2.51327569898,0.0962788285537
53625,2.49665139517,0.0994586925394
53687,2.47955579363,0.10284382027
53748,2.46195859863,0.106453943673
53810,2.44382395439,0.110311631879
53872,2.42511102153,0.114442760816
53934,2.40577851207,0.118876886991
53997,2.38578098284,0.123648116525
54059,2.36505791128,0.128796580967
54121,2.34355639592,0.134368385721
54183,2.32120258981,0.140418549245
54246,2.29792134174,0.147011763392
54308,2.27362832029,0.154225129666
54371,2.24821956839,0.162151910447
54434,2.221586112,0.1709045579
54496,2.19359142039,0.1806216583
54559,2.16409130192,0.191473644449
54622,2.13290803263,0.203674718141
54685,2.099831371,0.217496776621
54748,2.06463610692,0.233287084157
54811,2.02704305334,0.251500266793
54874,1.98674308278,0.272737176057
54937,1.94338984694,0.297807355618
55000,1.896614301,0.327821533928
55064,1.84608064622,0.364329248998
55127,1.791598022,0.409526981325
55191,1.73339682825,0.466550792858
55254,1.67273429694,0.539820612013
55318,1.61315315609,0.635177877528
55382,1.56250822361,0.759032709356
55446,1.5348977521,0.915100861394
55509,1.54931444145,1.09876910079
55573,1.62300327656,1.29352333445
55637,1.76387965966,1.47372190654
55701,1.96711877131,1.61083066334
55766,2.21501326726,1.67954590772
55830,2.47906778287,1.66358228189
55894,2.72497334463,1.56063730923
55959,2.92028294805,1.38431218375
56023,3.04246445163,1.16130071287
56088,3.08409650125,0.924337097255
56152,3.05309056318,0.703526387912
56217,2.96811637294,0.519472745713
56282,2.85149766692,0.380599024453
56346,2.72275464407,0.284876655553
56411,2.59504434125,0.224213049306
56476,2.47490718305,0.188980681609
56541,2.36408279518,0.170929355148
56607,2.26174953328,0.164181759047
56672,2.16615548412,0.165014871614
56737,2.07544436574,0.1712444244
56802,1.98797260374,0.181667712045
56868,1.90235054845,0.195693510265
56933,1.81741488839,0.213130278696
56999,1.73216469085,0.234082703084
57065,1.64572821053,0.258913457301
57130,1.5573364758,0.288252947517
57196,1.46635665894,0.323041409351
57262,1.37236163724,0.364602109542
57328,1.27527758596,0.414729512028
57394,1.17576003241,0.475697229875
57460,1.07565792968,0.550046899409
57526,0.978563931467,0.639777972909
57593,0.889522401266,0.744937799787
57659,0.813349516115,0.862538514018
57725,0.752390068257,0.987477242275
57792,0.706012364016,1.11488254906
57858,0.671939803474,1.24155085843
57925,0.647628122969,1.36594472802
57992,0.630917128742,1.48761796484
58059,0.620174404794,1.60667463473
58125,0.614216019882,1.72347666101
58192,0.612202716484,1.83847473934
58259,0.613545175301,1.95213786387
58327,0.617834028883,2.06492603074
58394,0.624792697154,2.17727716174
58461,0.634248414096,2.28959196407
58528,0.646101211476,2.40226787914
58596,0.660317325827,2.51567591256
58663,0.676918484846,2.63016952725
58731,0.695971388785,2.74610906501
58799,0.717592182546,2.8638394795
58866,0.74194034814,2.98371778361
58934,0.769225947054,3.10609601282
59002,0.799707796432,3.23134787552
59070,0.833705080609,3.35984929674
59138,0.871601344722,3.49199819224
59206,0.91385713475,3.62820913009
59274,0.961024113626,3.7689136218
59343,1.01376018264,3.91456985391
59411,1.0728543715,4.06565003848
59479,1.13925384595,4.22263935962
59548,1.21409591253,4.38603799227
59617,1.29875564177,4.55633093466
59685,1.39489840014,4.73397014618
59754,1.50454569292,4.91933898274
59823,1.63015934775,5.11268114089
59892,1.77473840648,5.3140046053
59961,1.94192963115,5.5229313731
60030,2.13614589399,5.73845878323
60099,2.36266248625,5.95861884827
60168,2.62765010692,6.17996697684
60237,2.93804894528,6.39685468399
60307,3.30109996155,6.60049052873
60376,3.72327313175,6.77782260965
60446,4.20821141982,6.91059290482
60516,4.75342408309,6.97528430516
60585,5.34602150985,6.94525538257
60655,5.95913896855,6.79641648525
60725,6.55235593977,6.51623870882
60795,7.07916777708,6.11239110606
60865,7.50022274162,5.61466455971
60935,7.79517268337,5.0669277581
61005,7.96582091725,4.51356885398
61075,8.03022118159,3.98866094531
61146,8.01335361232,3.51221854887
61216,7.93972692996,3.09211761611
61287,7.82964138986,2.72815714233
61357,7.69829032078,2.41580790338
61428,7.55631078515,2.14879855379
61499,7.41080052115,1.92060253477
61570,7.26629752527,1.72516863904
61641,7.12558440732,1.55720017383
61712,6.99026525775,1.41220597539
61783,6.86117794686,1.28644177533
61854,6.73865857266,1.17681538226
61925,6.62274437602,1.08077940094
61996,6.51327468887,0.996239179873
62068,6.40998516765,0.921467428876
62139,6.31254773573,0.855037075321
62211,6.22061710644,0.795762931107
62283,6.13383169556,0.742658823809
62354,6.05184569016,0.694898331918
62426,5.97432502914,0.651786879354
62498,5.90095488181,0.612737651252
62570,5.83143847341,0.577252891076
62642,5.76550402863,0.544907888885
62714,5.70289750689,0.515339271279
62787,5.64338230948,0.488234792539
62859,5.58675031552,0.463324045886
62931,5.53279913373,0.440373592745
63004,5.48134876247,0.419179834901
63076,5.43223123482,0.399565191957
63149,5.38529626079,0.381373762676
63222,5.34040141001,0.364468794877
63295,5.2974158373,0.348729652388
63368,5.25622437731,0.33404926496
63441,5.21671325323,0.320333126882
63514,5.17878420079,0.307496729573
63587,5.14234094867,0.295465012859
63660,5.10729650464,0.284170711787
63733,5.07357403229,0.273553310522
63807,5.04109774542,0.263558672699
63880,5.00979537936,0.254138120885
63954,4.97960857951,0.245247260373
64028,4.95047344259,0.236846410829
64101,4.92233883872,0.228899192133
64175,4.89514695331,0.221373034864
64249,4.86885566641,0.214237755601
64323,4.84341971213,0.207466111667
64397,4.8187916769,0.20103343384
64471,4.79493552317,0.194916797082
64546,4.77181511572,0.189095299308
64620,4.74939706569,0.183549740415
64694,4.72764697692,0.178262591265
64769,4.70653175727,0.173217739311
64843,4.68602789908,0.168400051264
64918,4.66610688133,0.163795796142
64993,4.64674346779,0.159392222611
65068,4.62791019904,0.155177652913
65143,4.60958922268,0.151140993573
65218,4.59175572178,0.147272218672
65293,4.57439180299,0.143561833614
65368,4.55747622769,0.140001146855
65444,4.54099669691,0.136581828157
65519,4.52492795646,0.133296526681
65594,4.5092588959,0.130137999134
65670,4.49397051939,0.127099730257
65746,4.47905394409,0.124175369889
65821,4.46448999226,0.121359278567
65897,4.45026874577,0.118645944462
65973,4.43637905407,0.116030251376
66049,4.42280318981,0.113507584283
66125,4.40953507701,0.111073328743
66201,4.39655983279,0.10872338109
66278,4.38387059209,0.10645369804
66354,4.37145994786,0.104260499135
66430,4.35931001116,0.102140480043
66507,4.3474174051,0.100090198952
66584,4.33577167535,0.0981065796322
66660,4.32436997374,0.0961865565963
66737,4.3131928849,0.0943276053056
66814,4.30224627808,0.0925267995889
66891,4.29151590511,0.0907818069134
66968,4.28099478643,0.0890902725146
67045,4.2706812099,0.0874498638423
67122,4.26056450692,0.0858585571139
67200,4.25063420029,0.0843144332638
67277,4.24089493416,0.0828153796418
67355,4.23133307152,0.0813597484101
67432,4.22194800123,0.0799457298014
67510,4.21272817567,0.0785718122579
67588,4.2036769417,0.0772362867766
67665,4.19478450123,0.0759377699635
67743,4.18604891925,0.0746748065722
67821,4.17746155204,0.0734461316905
67900,4.16902264739,0.0722503876263
67978,4.16072872586,0.0710863467748
68056,4.15256677751,0.0699530010192
68134,4.14454432805,0.0688490477115
68213,4.13665193341,0.0677735249159
68292,4.12888811157,0.0667253859916
68370,4.12124759342,0.0657036931034
68449,4.11372863901,0.0647074953963
68528,4.10632681861,0.0637359268422
68607,4.09903684345,0.0627881730924
68686,4.09186550601,0.0618632728853
68765,4.08479663526,0.0609606508887
68844,4.07783436466,0.0600794560217
68923,4.07097661923,0.0592189648294
69003,4.06421940104,0.0583785122942
69082,4.05756169621,0.057557418901
69162,4.05100219412,0.0567550377744
69242,4.04452856608,0.055970901331
69321,4.0381530808,0.0552042237713
69401,4.03185989233,0.0544546323434
69481,4.02565586907,0.053721464697
69561,4.01953818454,0.0530042135342
69641,4.01350075113,0.0523024339104
69722,4.00754309479,0.0516156254789
69802,4.00167102389,0.0509432273357
69882,3.99586732129,0.0502849904931
69963,3.99014061545,0.0496403523044
70043,3.98448695627,0.0490089268908
70124,3.9789095242,0.0483902557128
70205,3.9733966586,0.0477840759735
70286,3.96795679469,0.0471898944299
70367,3.96257660476,0.0466074924717
70448,3.95726407313,0.0460364101723
70529,3.95201571796,0.0454763366086
70610,3.94682865797,0.0449269646191
70691,3.94170455421,0.0443879462947
70773,3.9366352157,0.0438590555961
70854,3.93162780208,0.0433399041852
70936,3.92667464128,0.0428302792103
71018,3.92177881154,0.0423298581299
71100,3.91693461881,0.0418384229723
71181,3.91214219408,0.0413557007076
71263,3.90739894927,0.0408814555024
71346,3.90271179715,0.0404153603321
71428,3.89807072038,0.039957272585
71510,3.8934795611,0.03950691241
71592,3.88893153363,0.0390641155822
71675,3.88443327477,0.0386285886147
71757,3.87997672172,0.0382001920706
71840,3.87556984654,0.0377786334024
71923,3.87119564935,0.0373638702807
72006,3.86686634991,0.0369555804688
72089,3.86258239616,0.0365535633668
72172,3.85832897327,0.0361577668885
72255,3.85412210106,0.0357678524727
72338,3.84994430048,0.0353838001338
72421,3.84580864332,0.0350053102245
72505,3.84170628147,0.0346322897838
72588,3.83764079537,0.034264536043
72672,3.83360743527,0.0339019251918
72756,3.82960360045,0.0335443168503
72840,3.82563720907,0.033191482205
72923,3.82169609792,0.0328433711466
73007,3.81778980042,0.032499748219
73092,3.81391317799,0.0321605079459
73176,3.81005678891,0.03182558214
73260,3.80623468416,0.0314947081003
73344,3.80243769426,0.0311678205565
73429,3.79866204288,0.0308448101316
73514,3.79491610584,0.0305254709493
73598,3.79118825813,0.0302097613015
73683,3.78748626587,0.0298974850275
73768,3.78380352451,0.0295885626357
73853,3.78014794767,0.0292828020595
73938,3.77650159866,0.0289802136197
74023,3.77287851171,0.0286805609886
74108,3.76927667212,0.028383734194
74194,3.76568860058,0.0280896647706
74279,3.76212333163,0.0277981613251
74365,3.75856117612,0.0275092463235
74450,3.75501726386,0.0272226852964
74536,3.75148845078,0.0269383800662
74622,3.74797558782,0.0266562039263
74708,3.74446312112,0.0263761466064
74794,3.74096388902,0.0260979960936
74880,3.73747166739,0.0258216760183
74967,3.73399571534,0.0255470027715
75053,3.73051392783,0.0252740080006
75139,3.7270432851,0.0250024554711
75226,3.72357335933,0.0247322956693
75313,3.7201060383,0.0244633954294
75399,3.71663663812,0.0241956649322
75486,3.713161947,0.0239290036824
75573,3.70969242093,0.0236632232027
75660,3.70621215393,0.0233983042545
75747,3.70273216385,0.0231340553376
75835,3.69924298306,0.0228704146958
75922,3.69574410065,0.0226072636506
76009,3.69222796902,0.0223445265026
76097,3.68870405164,0.0220820245206
76185,3.68515591742,0.0218197358718
76272,3.68158960902,0.0215575043468
76360,3.67800205853,0.0212952301206
76448,3.67439578185,0.021032783324
76536,3.67075519962,0.0207701407053
76624,3.66709283625,0.0205071223553
76713,3.66338846165,0.0202437385964
76801,3.65964589132,0.0199798706469
76890,3.65586362952,0.0197154389231
76978,3.65203080526,0.0194504254108
77067,3.64815235407,0.0191847411861
77156,3.64420909639,0.0189184428126
77244,3.64021474645,0.0186514368925
77333,3.63613995818,0.0183838811826
77423,3.63200127295,0.0181157338139
77512,3.62777595743,0.0178471972867
77601,3.62345232396,0.017578472878
77690,3.61903469015,0.0173097558254
77780,3.61450327949,0.0170414492258
77869,3.60985359874,0.0167739978149
77959,3.6050660794,0.0165080646388
78049,3.60012576039,0.0162444797915
78139,3.59502242927,0.0159842980343
78229,3.58972706178,0.0157289800128
78319,3.58422464038,0.01548034938
78409,3.57849644446,0.0152408194352
78500,3.57250090178,0.0150136824232
78590,3.56621378295,0.0148032443014
78681,3.55958243246,0.0146154788344
78771,3.55257829972,0.0144585138808
78862,3.54512800499,0.0143440098653
78953,3.53717297363,0.014288625273
79044,3.52861895625,0.0143168905079
79135,3.51938851844,0.0144651120707
79226,3.50932724214,0.0147879863194
79317,3.49831236262,0.0153673284768
79409,3.4861652971,0.0163254523884
79500,3.47267554913,0.017842747386
79592,3.45763324433,0.0201801572791
79683,3.44082251615,0.0237061114183
79775,3.42205938348,0.0289251089334
79867,3.40119897342,0.0365035883459
79959,3.37829860501,0.0472832570244
80051,3.35360036442,0.0622729712257
80143,3.32773416408,0.0825998341131
80236,3.3017318054,0.10940798155
80328,3.27721292734,0.143684680708
80421,3.25635057634,0.186018764578
80513,3.24173442606,0.236314519888
80606,3.23623585098,0.293510384612
80699,3.24248405279,0.355424152068
80792,3.2624105752,0.418809417073
80885,3.29675782106,0.479690988175
80978,3.34479720309,0.533918583862
81071,3.40445563201,0.577763323168
81165,3.47251761348,0.60843084854
81258,3.54518446838,0.624326628284
81352,3.61846715051,0.625126514733
81446,3.68868926159,0.611642373345
81539,3.75273467329,0.585607017773
81633,3.80822153516,0.549401403556
81727,3.85364106703,0.505761749946
81822,3.88827531703,0.457524005342
81916,3.9122132575,0.407380566214
82010,3.92616448085,0.357706704492
82105,3.93130530897,0.310433732683
82199,3.92910471262,0.266982532525
82294,3.92118873428,0.228252004344
82389,3.90913821453,0.194662551732
82484,3.89439390046,0.166230040968
82579,3.87820790748,0.142662212313
82674,3.8615321929,0.123465345233
82769,3.84508288763,0.108037581064
82864,3.82934806387,0.0957493836597
82960,3.81459489405,0.0860022615926
83055,3.80096273826,0.0782634363738
83151,3.78846932429,0.0720836914138
83247,3.77705212732,0.0670997240258
83343,3.76664501756,0.0630266048455
83439,3.75712611299,0.0596476216563
83535,3.74841489516,0.0567998823469
83631,3.74038693757,0.0543635189561
83727,3.73297633743,0.0522495836198
83824,3.72609424544,0.0503928314452
83920,3.71968578997,0.048744429011
84017,3.71367075049,0.0472680013599
84114,3.70804454058,0.045934903841
84211,3.70271580266,0.0447238874608
84308,3.69769381918,0.0436170578108
84405,3.69291493372,0.0426008334051
84502,3.6883761187,0.0416635023775
84599,3.68404632566,0.0407956799148
84697,3.67990943655,0.0399893745571
84794,3.67594810844,0.0392378554759
84892,3.67214927423,0.0385353515696
84990,3.66849276483,0.037876987433
85088,3.6649784487,0.0372583574378
85186,3.66157785286,0.0366759120878
85284,3.65831432863,0.036126054268
85382,3.65513794335,0.0356063204162
85481,3.65207242783,0.035113858794
85579,3.64909992693,0.0346465213484
85678,3.64621852879,0.0342022573308
85776,3.643408844,0.0337793982407
85875,3.64069554301,0.0333760556178
85974,3.63804229696,0.0329910719498
86073,3.63545523081,0.0326230414367
86172,3.63293782799,0.0322707135479
86272,3.63047311311,0.0319331330543
86371,3.62806762745,0.0316092350846
86470,3.62573103797,0.0312980197778
86570,3.62343500672,0.0309988952869
86670,3.6211980184,0.0307109354013
86770,3.61900149989,0.0304335949639
86870,3.61684340374,0.0301662431225
86970,3.61473791313,0.0299081659502
87070,3.61267050691,0.0296589355068
87170,3.61064133005,0.0294180427444
87271,3.608640371,0.0291850989832
87371,3.60668601391,0.0289595198555
87472,3.60476738342,0.0287409900163
87572,3.60287611693,0.0285292004224
87673,3.60101196517,0.0283238026137
87774,3.59918255263,0.0281244105414
87875,3.59738722852,0.0279307258863
87977,3.59561595729,0.0277425426738
88078,3.5938738785,0.0275595550877
88180,3.59214628049,0.0273816265869
88281,3.59045798164,0.0272083340718
88383,3.58879665049,0.0270395531755
88485,3.58714373153,0.0268752173004
88587,3.58552909568,0.0267149082772
88689,3.58391685425,0.0265587115655
88791,3.58233877421,0.0264062187656
88893,3.58078247135,0.0262573600356
88995,3.57924327373,0.0261120164659
89098,3.57772737867,0.025969998045
89201,3.57622477442,0.0258312406436
89303,3.57474227195,0.0256955651565
89406,3.57328651425,0.0255628015106
89509,3.57183290015,0.0254330094043
89612,3.57040023177,0.0253059436486
89716,3.56898223811,0.0251815440509
89819,3.56759557188,0.0250595938519
89922,3.56620957757,0.0249402141276
90026,3.56484078978,0.0248231982257
90130,3.56347878367,0.0247085327775
90233,3.56214667828,0.0245959756661
90337,3.56081839847,0.0244856295479
90441,3.55950845638,0.024377319772
90546,3.5581994333,0.0242710945173
90650,3.55691898886,0.0241666970111
90754,3.55565868541,0.0240641207666
90859,3.55439586068,0.0239634571367
90964,3.55313453469,0.0238646186352
91068,3.55189476179,0.0237674134779
91173,3.55067494282,0.0236717986559
91278,3.54945565024,0.0235778516949
91383,3.54826011281,0.0234853680794
91489,3.54707474154,0.0233943903762
91594,3.54587921112,0.0233050060897
91700,3.54472924458,0.0232168046345
91805,3.5435648071,0.0231301377943
91911,3.54241425632,0.0230447786382
92017,3.54126918819,0.0229607426779
92123,3.54013159368,0.0228779790287
92229,3.53902295164,0.0227963128839
92335,3.5378952896,0.0227160185121
92442,3.53679393959,0.0226367703503
92548,3.53571996334,0.0225585302254
92655,3.53464197662,0.0224814675685
92762,3.53354997887,0.0224056148599
92868,3.53249447211,0.022330622438
92975,3.53143198865,0.0222567377895
93082,3.53036805736,0.0221838981946
93190,3.52934170069,0.0221118324602
93297,3.52829203717,0.0220408972465
93404,3.52726520224,0.0219707790432
93512,3.5262460868,0.0219015488829
93620,3.52523456898,0.0218331846784
93728,3.52423053026,0.0217656650658
93836,3.52323385531,0.0216989693746
93944,3.52224443191,0.0216330775991
94052,3.52126215078,0.021567970371
94160,3.52028690553,0.0215036289337
94269,3.5193185925,0.0214400351172
94377,3.51835711071,0.0213771713154
94486,3.51740236171,0.0213150204631
94595,3.51645424954,0.0212535660154
94704,3.51551268061,0.021192791927
94813,3.51457756363,0.0211326826335
94922,3.51364880952,0.0210732230325
95032,3.51272633135,0.0210143984665
95141,3.51181004423,0.0209561947061
95251,3.51089986531,0.0208985979341
95360,3.50999571363,0.0208415947303
95470,3.50909751012,0.0207851720572
95580,3.5082051775,0.0207293172455
95690,3.50731864024,0.0206740179819
95801,3.50643782449,0.0206192622954
95911,3.50556265804,0.0205650385458
96021,3.50469307028,0.0205113354121
96132,3.5038289921,0.0204581418811
96243,3.5029703559,0.020405447237
96354,3.50211709549,0.0203532410514
96465,3.50126914611,0.0203015131731
96576,3.50042644432,0.0202502537192
96687,3.49958892801,0.0201994530659
96798,3.49875653633,0.0201491018403
96910,3.49792920967,0.0200991909114
97021,3.49710688961,0.0200497113831
97133,3.4962895189,0.0200006545862
97245,3.49547704141,0.0199520120708
97357,3.49466940212,0.0199037756001
97469,3.49386654706,0.0198559371429
97582,3.49306842331,0.0198084888676
97694,3.49227497892,0.0197614231358
97807,3.49148616297,0.0197147324966
97919,3.49070192546,0.0196684096806
98032,3.48992221731,0.0196224475942
98145,3.48914699035,0.019576839315
98258,3.48837619728,0.0195315780858
98371,3.48760979167,0.0194866573103
98485,3.48684772789,0.0194420705481
98598,3.48608996115,0.0193978115103
98712,3.48533644741,0.0193538740549
98825,3.48458714343,0.0193102521824
98939,3.48384200669,0.0192669400324
99053,3.48310099542,0.0192239318789
99167,3.48236406855,0.0191812221267
99281,3.48163118569,0.019138805308
99396,3.48090230714,0.0190966760786
99510,3.48017739386,0.0190548292145
99625,3.47945640742,0.0190132596086
99740,3.47873931007,0.0189719622675
99855,3.47802606461,0.0189309323087
99970,3.47731663448,0.018890164957
100085,3.4766109837,0.0188496555422
100200,3.47590907682,0.018809399496
100316,3.47521087899,0.0187693923495
100431,3.47451635588,0.0187296297303
100547,3.47382547369,0.0186901073603
100663,3.47313819914,0.0186508210531
100779,3.47245449945,0.0186117667118
100895,3.47177434235,0.0185729403262
101011,3.47109769604,0.0185343379714
101128,3.47042452919,0.018495955805
101244,3.46975481094,0.0184577900652
101361,3.46908851089,0.018419837069
101478,3.46842559906,0.0183820932099
101594,3.46776604591,0.0183445549564
101711,3.46710982234,0.0183072188497
101829,3.46645689964,0.0182700815025
101946,3.46580724953,0.0182331395966
102063,3.46516084411,0.0181963898819
102181,3.46451765586,0.0181598291743
102299,3.46387765766,0.0181234543544
102416,3.46324082277,0.0180872623658
102534,3.46260712478,0.0180512502136
102653,3.46197653768,0.0180154149633
102771,3.46134903577,0.0179797537389
102889,3.46072459373,0.0179442637219
103008,3.46010318655,0.0179089421498
103126,3.45948478957,0.017873786315
103245,3.45886937843,0.0178387935635
103364,3.45825692912,0.0178039612933
103483,3.45764741791,0.017769286954
103602,3.45704082138,0.0177347680448
103722,3.45643711644,0.0177004021142
103841,3.45583628026,0.0176661867581
103961,3.45523829031,0.0176321196195
104081,3.45464312434,0.0175981983871
104201,3.45405076038,0.0175644207941
104321,3.45346117673,0.0175307846177
104441,3.45287435198,0.0174972876778
104561,3.45229026494,0.0174639278364
104681,3.45170889471,0.0174307029964
104802,3.45113022063,0.0173976111007
104923,3.4505542223,0.0173646501316
105044,3.44998087955,0.01733181811
105165,3.44941017247,0.0172991130944
105286,3.44884208135,0.0172665331799
105407,3.44827658675,0.0172340764981
105529,3.44771366944,0.0172017412156
105650,3.44715331042,0.017169525534
105772,3.44659549089,0.0171374276886
105894,3.4460401923,0.0171054459479
106016,3.44548739629,0.017073578613
106138,3.44493708471,0.017041824017
106260,3.44438923961,0.0170101805241
106382,3.44384384327,0.0169786465293
106505,3.44330087814,0.0169472204574
106628,3.44276032687,0.0169159007627
106750,3.44222217232,0.0168846859285
106873,3.44168639751,0.0168535744661
106997,3.44115298568,0.0168225649148
107120,3.44062192023,0.0167916558407
107243,3.44009318474,0.0167608458369
107367,3.43956676298,0.0167301335225
107490,3.43904263888,0.016699517542
107614,3.43852079656,0.0166689965654
107738,3.4380012203,0.0166385692871
107862,3.43748389454,0.0166082344256
107987,3.43696880389,0.0165779907233
108111,3.43645593312,0.0165478369457
108236,3.43594526716,0.0165177718813
108360,3.4354367911,0.0164877943408
108485,3.43493049018,0.0164579031569
108610,3.43442634979,0.0164280971838
108735,3.43392435548,0.0163983752971
108860,3.43342449294,0.0163687363929
108986,3.432926748,0.0163391793877
109111,3.43243110663,0.0163097032181
109237,3.43193755497,0.0162803068401
109363,3.43144607927,0.0162509892293
109489,3.43095666592,0.0162217493798
109615,3.43046930146,0.0161925863046
109741,3.42998397255,0.0161634990348
109868,3.42950066598,0.0161344866193
109994,3.42901936869,0.0161055481247
110121,3.42854006772,0.0160766826348
110248,3.42806275025,0.0160478892502
110375,3.42758740358,0.0160191670882
110502,3.42711401515,0.0159905152827
110629,3.42664257248,0.0159619329833
110757,3.42617306326,0.0159334193553
110884,3.42570547526,0.0159049735798
111012,3.42523979637,0.0158765948529
111140,3.42477601461,0.0158482823856
111268,3.42431411811,0.0158200354035
111396,3.4238540951,0.0157918531469
111524,3.42339593393,0.0157637348698
111653,3.42293962304,0.0157356798405
111781,3.42248515101,0.0157076873407
111910,3.42203250649,0.0156797566656
112039,3.42158167826,0.0156518871236
112168,3.42113265519,0.015624078036
112297,3.42068542626,0.0155963287368
112427,3.42023998053,0.0155686385725
112556,3.41979630719,0.015541006902
112686,3.4193543955,0.0155134330962
112816,3.41891423482,0.0154859165377
112946,3.41847581464,0.0154584566209
113076,3.41803912449,0.0154310527517
113206,3.41760415402,0.0154037043472
113337,3.41717089299,0.0153764108354
113467,3.41673933121,0.0153491716555
113598,3.41630945862,0.0153219862571
113729,3.41588126521,0.0152948541004
113860,3.41545474109,0.0152677746559
113991,3.41502987643,0.0152407474043
114122,3.41460666151,0.0152137718362
114254,3.41418508667,0.0151868474519
114385,3.41376514234,0.0151599737615
114517,3.41334681905,0.0151331502846
114649,3.41293010739,0.0151063765499
114781,3.41251499804,0.0150796520954
114913,3.41210148175,0.015052976468
115046,3.41168954936,0.0150263492235
115178,3.41127919178,0.0149997699263
115311,3.4108704,0.0149732381495
115444,3.41046316508,0.0149467534744
115577,3.41005747816,0.0149203154906
115710,3.40965333045,0.0148939237959
115843,3.40925071323,0.0148675779961
115976,3.40884961787,0.0148412777046
116110,3.4084500358,0.0148150225426
116244,3.4080519585,0.0147888121392
116378,3.40765537755,0.0147626461304
116512,3.40726028459,0.0147365241598
116646,3.40686667132,0.0147104458784
116780,3.40647452952,0.0146844109438
116915,3.40608385101,0.0146584190209
117050,3.40569462772,0.0146324697813
117184,3.40530685161,0.0146065629034
117319,3.40492051471,0.0145806980721
117455,3.40453560912,0.0145548749788
117590,3.404152127,0.0145290933214
117725,3.40377006058,0.014503352804
117861,3.40338940214,0.0144776531368
117997,3.40301014403,0.0144519940361
118133,3.40263227866,0.0144263752242
118269,3.40225579849,0.0144007964293
118405,3.40188069604,0.0143752573852
118541,3.4015069639,0.0143497578314
118678,3.40113459472,0.0143242975131
118815,3.40076358119,0.0142988761809
118951,3.40039391606,0.0142734935906
119089,3.40002559215,0.0142481495035
119226,3.39965860232,0.0142228436861
119363,3.3992929395,0.0141975759098
119501,3.39892859666,0.0141723459511
119638,3.39856556682,0.0141471535916
119776,3.39820384309,0.0141219986174
119914,3.39784341857,0.0140968808197
120052,3.39748428648,0.0140717999943
120190,3.39712644004,0.0140467559413
120329,3.39676987254,0.0140217484658
120467,3.39641457732,0.0139967773769
120606,3.39606054778,0.0139718424883
120745,3.39570777735,0.013946943618
120884,3.39535625952,0.0139220805881
121024,3.39500598783,0.0138972532248
121163,3.39465695586,0.0138724613585
121303,3.39430915725,0.0138477048236
121442,3.39396258567,0.0138229834584
121582,3.39361723485,0.0137982971049
121722,3.39327309857,0.013773645609
121862,3.39293017064,0.0137490288204
122003,3.39258844492,0.0137244465923
122143,3.39224791532,0.0136998987817
122284,3.3919085758,0.0136753852489
122425,3.39157042035,0.0136509058579
122566,3.39123344301,0.0136264604757
122707,3.39089763786,0.0136020489731
122849,3.39056299902,0.013577671224
122990,3.39022952067,0.0135533271054
123132,3.38989719702,0.0135290164976
123274,3.38956602231,0.013504739284
123416,3.38923599083,0.0134804953511
123558,3.38890709692,0.0134562845881
123700,3.38857933496,0.0134321068876
123843,3.38825269935,0.0134079621447
123985,3.38792718454,0.0133838502575
124128,3.38760278503,0.0133597711269
124271,3.38727949534,0.0133357246565
124414,3.38695731005,0.0133117107526
124557,3.38663622376,0.013287729324
124701,3.38631623112,0.0132637802822
124845,3.3859973268,0.0132398635413
124988,3.38567950552,0.0132159790177
125132,3.38536276205,0.0131921266304
125277,3.38504709117,0.0131683063007
125421,3.3847324877,0.0131445179522
125565,3.38441894651,0.0131207615111
125710,3.38410646251,0.0130970369054
125855,3.38379503061,0.0130733440656
126000,3.3834846458,0.0130496829244
126145,3.38317530307,0.0130260534165
126290,3.38286699746,0.0130024554787
126436,3.38255972404,0.0129788890499
126581,3.38225347791,0.0129553540711
126727,3.38194825421,0.012931850485
126873,3.38164404811,0.0129083782364
127019,3.38134085482,0.0128849372721
127166,3.38103866956,0.0128615275405
127312,3.3807374876,0.012838148992
127459,3.38043730425,0.0128148015787
127606,3.38013811482,0.0127914852545
127753,3.37983991469,0.0127681999749
127900,3.37954269925,0.0127449456972
128047,3.3792464639,0.0127217223803
128195,3.37895120412,0.0126985299846
128342,3.37865691538,0.0126753684721
128490,3.3783635932,0.0126522378066
128638,3.37807123311,0.0126291379529
128786,3.37777983069,0.0126060688778
128935,3.37748938154,0.0125830305492
129083,3.37719988128,0.0125600229366
129232,3.37691132558,0.0125370460106
129381,3.37662371013,0.0125140997435
129530,3.37633703063,0.0124911841088
129679,3.37605128283,0.012468299081
129828,3.3757664625,0.0124454446364
129978,3.37548256543,0.0124226207521
130127,3.37519958746,0.0123998274065
130277,3.37491752442,0.0123770645793
130428,3.37463637221,0.0123543322513
130578,3.37435612672,0.0123316304043
130728,3.37407678388,0.0123089590214
130878,3.37379833965,0.0122863180866
131030,3.37352079001,0.0122637075851
131181,3.37324413098,0.012241127503
131332,3.37296835857,0.0122185778274
131483,3.37269346886,0.0121960585464
131635,3.37241945793,0.0121735696491
131786,3.37214632188,0.0121511111255
131938,3.37187405684,0.0121286829665
132090,3.37160265898,0.0121062851638
132242,3.37133212447,0.01208391771
132394,3.37106244951,0.0120615805987
132547,3.37079363035,0.0120392738241
132700,3.37052566322,0.0120169973812
132853,3.37025854441,0.0119947512659
133006,3.36999227022,0.0119725354748
133159,3.36972683695,0.0119503500052
133312,3.36946224097,0.0119281948551
133466,3.36919847864,0.0119060700233
133620,3.36893554634,0.011883975509
133773,3.36867344049,0.0118619113125
133928,3.36841215752,0.0118398774343
134082,3.36815169389,0.0118178738757
134236,3.36789204607,0.0117959006386
134391,3.36763321057,0.0117739577256
134546,3.3673751839,0.0117520451395
134701,3.3671179626,0.0117301628839
134856,3.36686154325,0.011708310963
135011,3.36660592241,0.0116864893814
135167,3.3663510967,0.0116646981441
135322,3.36609706274,0.0116429372567
135478,3.36584381717,0.0116212067252
135634,3.36559135666,0.0115995065562
135791,3.3653396779,0.0115778367564
135947,3.36508877758,0.0115561973333
136104,3.36483865244,0.0115345882945
136260,3.36458929922,0.0115130096482
136417,3.36434071468,0.0114914614028
136575,3.3640928956,0.0114699435671
136732,3.36384583879,0.0114484561503
136889,3.36359954107,0.0114269991618
137047,3.36335399927,0.0114055726116
137205,3.36310921027,0.0113841765097
137363,3.36286517092,0.0113628108664
137521,3.36262187813,0.0113414756925
137680,3.36237932882,0.0113201709989
137838,3.36213751991,0.0112988967967
137997,3.36189644835,0.0112776530974
138156,3.36165611112,0.0112564399126
138315,3.36141650519,0.0112352572542
138475,3.36117762757,0.0112141051342
138634,3.36093947529,0.0111929835649
138794,3.36070204537,0.0111718925586
138954,3.36046533487,0.0111508321281
139114,3.36022934086,0.0111298022859
139274,3.35999406044,0.0111088030451
139434,3.35975949071,0.0110878344185
139595,3.35952562878,0.0110668964195
139756,3.35929247181,0.0110459890613
139917,3.35906001694,0.0110251123572
140078,3.35882826134,0.0110042663207
140239,3.35859720221,0.0109834509653
140401,3.35836683674,0.0109626663048
140563,3.35813716216,0.0109419123527
140725,3.3579081757,0.0109211891229
140887,3.35767987461,0.0109004966291
141049,3.35745225615,0.0108798348853
141211,3.35722531762,0.0108592039052
141374,3.3569990563,0.0108386037029
141537,3.35677346951,0.0108180342921
141700,3.35654855458,0.0107974956869
141863,3.35632430885,0.0107769879011
142027,3.35610072967,0.0107565109487
142190,3.35587781443,0.0107360648435
142354,3.35565556049,0.0107156495995
142518,3.35543396528,0.0106952652305
142682,3.35521302619,0.0106749117503
142847,3.35499274067,0.0106545891727
143011,3.35477310616,0.0106342975114
143176,3.35455412011,0.0106140367799
143341,3.35433578,0.010593806992
143506,3.35411808332,0.0105736081611
143671,3.35390102756,0.0105534403006
143837,3.35368461023,0.0105333034239
144002,3.35346882888,0.0105131975443
144168,3.35325368103,0.0104931226749
144334,3.35303916425,0.0104730788288
144501,3.35282527609,0.0104530660189
144667,3.35261201415,0.010433084258
144834,3.35239937601,0.0104131335589
145001,3.35218735929,0.0103932139342
145168,3.3519759616,0.0103733253962
145335,3.35176518057,0.0103534679574
145502,3.35155501386,0.01033364163
145670,3.35134545912,0.0103138464258
145838,3.35113651403,0.0102940823569
146006,3.35092817626,0.0102743494349
146174,3.35072044351,0.0102546476715
146342,3.3505133135,0.0102349770779
146511,3.35030678394,0.0102153376656
146680,3.35010085256,0.0101957294454
146849,3.34989551711,0.0101761524283
147018,3.34969077535,0.010156606625
147187,3.34948662505,0.0101370920461
147357,3.34928306398,0.0101176087017
147526,3.34908008995,0.0100981566021
147696,3.34887770074,0.0100787357572
147867,3.34867589419,0.0100593461768
148037,3.34847466811,0.0100399878702
148207,3.34827402034,0.010020660847
148378,3.34807394874,0.0100013651161
148549,3.34787445117,0.00998210068645
148720,3.34767552549,0.00996286756674
148891,3.3474771696,0.00994366576543
149063,3.34727938138,0.00992449529072
149235,3.34708215874,0.00990535615063
149407,3.3468854996,0.00988624835292
149579,3.34668940189,0.00986717190513
149751,3.34649386353,0.00984812681456
149924,3.34629888249,0.00982911308827
150096,3.34610445672,0.00981013073308
150269,3.34591058418,0.00979117975558
150442,3.34571726287,0.00977226016209
150616,3.34552449076,0.0097533719587
150789,3.34533226586,0.00973451515125
150963,3.34514058619,0.0097156897453
151137,3.34494944975,0.0096968957462
151311,3.34475885459,0.00967813315901
151485,3.34456879874,0.00965940198854
151660,3.34437928025,0.00964070223935
151834,3.34419029719,0.00962203391571
152009,3.34400184763,0.00960339702165
152184,3.34381392964,0.00958479156092
152360,3.34362654131,0.00956621753703
152535,3.34343968075,0.00954767495318
152711,3.34325334607,0.00952916381232
152887,3.34306753538,0.00951068411713
153063,3.34288224681,0.00949223587001
153239,3.3426974785,0.00947381907309
153416,3.34251322859,0.00945543372821
153592,3.34232949524,0.00943707983696
153769,3.34214627663,0.00941875740061
153947,3.34196357091,0.00940046642019
154124,3.34178137627,0.00938220689643
154301,3.34159969092,0.00936397882977
154479,3.34141851303,0.00934578222038
154657,3.34123784084,0.00932761706814
154835,3.34105767255,0.00930948337264
155014,3.3408780064,0.0092913811332
155192,3.34069884062,0.00927331034885
155371,3.34052017345,0.00925527101831
155550,3.34034200315,0.00923726314003
155729,3.34016432798,0.00921928671217
155909,3.33998714621,0.0092013417326
156088,3.33981045612,0.00918342819891
156268,3.339634256,0.00916554610837
156448,3.33945854414,0.00914769545798
156628,3.33928331885,0.00912987624446
156809,3.33910857843,0.00911208846422
156989,3.33893432122,0.00909433211337
157170,3.33876054553,0.00907660718775
157351,3.33858724971,0.0090589136829
157532,3.33841443209,0.00904125159406
157714,3.33824209104,0.00902362091618
157896,3.3380702249,0.00900602164391
158077,3.33789883205,0.00898845377163
158260,3.33772791087,0.00897091729341
158442,3.33755745973,0.00895341220301
158624,3.33738747703,0.00893593849394
158807,3.33721796117,0.00891849615937
158990,3.33704891055,0.00890108519221
159173,3.33688032359,0.00888370558506
159357,3.3367121987,0.00886635733023
159540,3.33654453433,0.00884904041974
159724,3.33637732889,0.00883175484532
159908,3.33621058085,0.0088145005984
160092,3.33604428864,0.00879727767013
160277,3.33587845073,0.00878008605135
160461,3.33571306558,0.00876292573262
160646,3.33554813166,0.00874579670421
160831,3.33538364746,0.0087286989561
161016,3.33521961145,0.00871163247797
161202,3.33505602214,0.00869459725922
161387,3.33489287803,0.00867759328895
161573,3.33473017761,0.00866062055599
161760,3.33456791942,0.00864367904887
161946,3.33440610196,0.00862676875583
162132,3.33424472376,0.00860988966482
162319,3.33408378337,0.00859304176351
162506,3.33392327932,0.00857622503928
162693,3.33376321016,0.00855943947924
162881,3.33360357444,0.00854268507019
163068,3.33344437073,0.00852596179867
163256,3.3332855976,0.00850926965091
163444,3.33312725362,0.00849260861289
163633,3.33296933736,0.00847597867028
163821,3.33281184743,0.00845937980849
164010,3.33265478241,0.00844281201263
164199,3.3324981409,0.00842627526755
164388,3.33234192151,0.00840976955781
164577,3.33218612285,0.00839329486769
164767,3.33203074354,0.00837685118121
164957,3.33187578221,0.0083604384821
165147,3.33172123749,0.00834405675381
165337,3.33156710801,0.00832770597953
165527,3.33141339243,0.00831138614217
165718,3.33126008938,0.00829509722437
165909,3.33110719753,0.0082788392085
166100,3.33095471553,0.00826261207666
166291,3.33080264206,0.00824641581068
166483,3.33065097578,0.00823025039211
166675,3.33049971539,0.00821411580226
166867,3.33034885955,0.00819801202215
167059,3.33019840697,0.00818193903255
167251,3.33004835634,0.00816589681397
167444,3.32989870637,0.00814988534662
167637,3.32974945575,0.00813390461051
167830,3.32960060322,0.00811795458533
168023,3.32945214747,0.00810203525056
168217,3.32930408725,0.00808614658539
168411,3.32915642128,0.00807028856876
168605,3.32900914829,0.00805446117937
168799,3.32886226704,0.00803866439564
168993,3.32871577626,0.00802289819576
169188,3.32856967471,0.00800716255766
169383,3.32842396115,0.00799145745902
169578,3.32827863434,0.00797578287726
169773,3.32813369304,0.00796013878956
169969,3.32798913605,0.00794452517286
170165,3.32784496212,0.00792894200386
170361,3.32770117005,0.00791338925898
170557,3.32755775863,0.00789786691444
170754,3.32741472665,0.0078823749462
170950,3.32727207291,0.00786691332996
171147,3.32712979623,0.00785148204123
171344,3.32698789539,0.00783608105522
171542,3.32684636924,0.00782071034697
171739,3.32670521657,0.00780536989122
171937,3.32656443622,0.00779005966253
172135,3.32642402703,0.0077747796352
172334,3.32628398782,0.00775952978329
172532,3.32614431743,0.00774431008067
172731,3.32600501471,0.00772912050093
172930,3.32586607852,0.00771396101748
173129,3.32572750769,0.00769883160348
173328,3.32558930111,0.00768373223187
173528,3.32545145762,0.00766866287536
173728,3.3253139761,0.00765362350645
173928,3.32517685542,0.00763861409742
174129,3.32504009446,0.00762363462033
174329,3.3249036921,0.00760868504701
174530,3.32476764724,0.0075937653491
174731,3.32463195876,0.007578875498
174932,3.32449662555,0.00756401546492
175134,3.32436164654,0.00754918522083
175336,3.32422702061,0.00753438473653
175537,3.32409274668,0.00751961398257
175740,3.32395882366,0.00750487292933
175942,3.32382525048,0.00749016154695
176145,3.32369202605,0.00747547980539
176348,3.32355914931,0.00746082767441
176551,3.32342661919,0.00744620512354
176754,3.32329443462,0.00743161212214
176958,3.32316259456,0.00741704863937
177162,3.32303109793,0.00740251464416
177366,3.3228999437,0.0073880101053
177570,3.32276913081,0.00737353499133
177775,3.32263865824,0.00735908927063
177979,3.32250852493,0.00734467291139
178184,3.32237872985,0.0073302858816
178390,3.32224927198,0.00731592814905
178595,3.3221201503,0.00730159968138
178801,3.32199136377,0.00728730044601
179007,3.32186291139,0.0072730304102
179213,3.32173479214,0.00725878954101
179420,3.32160700502,0.00724457780533
179626,3.32147954902,0.00723039516986
179833,3.32135242313,0.00721624160114
180040,3.32122562637,0.00720211706552
180248,3.32109915773,0.00718802152918
180455,3.32097301624,0.00717395495813
180663,3.32084720091,0.00715991731821
180871,3.32072171075,0.00714590857507
181080,3.32059654479,0.00713192869421
181288,3.32047170206,0.00711797764096
181497,3.32034718158,0.00710405538048
181706,3.3202229824,0.00709016187778
181916,3.32009910354,0.00707629709768
182125,3.31997554406,0.00706246100487
182335,3.319852303,0.00704865356384
182545,3.31972937941,0.00703487473897
182755,3.31960677234,0.00702112449444
182966,3.31948448085,0.0070074027943
183177,3.31936250399,0.00699370960244
183388,3.31924084084,0.00698004488259
183599,3.31911949047,0.00696640859834
183810,3.31899845194,0.00695280071312
184022,3.31887772432,0.00693922119022
184234,3.31875730671,0.00692566999278
184446,3.31863719817,0.00691214708379
184659,3.3185173978,0.0068986524261
184871,3.31839790469,0.00688518598242
185084,3.31827871793,0.00687174771532
185298,3.31815983661,0.00685833758722
185511,3.31804125984,0.00684495556041
185725,3.31792298671,0.00683160159704
185939,3.31780501634,0.00681827565912
186153,3.31768734784,0.00680497770855
186367,3.31756998031,0.00679170770706
186582,3.31745291288,0.00677846561629
186797,3.31733614466,0.0067652513977
187012,3.31721967479,0.00675206501268
187228,3.31710350238,0.00673890642244
187443,3.31698762657,0.00672577558809
187659,3.31687204649,0.00671267247063
187875,3.31675676128,0.0066995970309
188092,3.31664177007,0.00668654922966
188308,3.31652707201,0.00667352902751
188525,3.31641266625,0.00666053638496
188743,3.31629855194,0.0066475712624
188960,3.31618472822,0.00663463362008
189178,3.31607119426,0.00662172341817
189396,3.31595794922,0.00660884061669
189614,3.31584499225,0.00659598517559
189832,3.31573232253,0.00658315705468
190051,3.31561993921,0.00657035621367
190270,3.31550784148,0.00655758261215
190489,3.3153960285,0.00654483620963
190708,3.31528449946,0.00653211696549
190928,3.31517325353,0.00651942483901
191148,3.31506228991,0.00650675978939
191368,3.31495160776,0.0064941217757
191589,3.3148412063,0.00648151075693
191809,3.3147310847,0.00646892669196
192030,3.31462124217,0.00645636953958
192252,3.3145116779,0.00644383925847
192473,3.31440239109,0.00643133580725
192695,3.31429338095,0.0064188591444
192917,3.31418464669,0.00640640922835
193139,3.31407618751,0.00639398601741
193361,3.31396800264,0.00638158946981
193584,3.31386009128,0.0063692195437
193807,3.31375245265,0.00635687619714
194030,3.31364508598,0.00634455938809
194254,3.31353799049,0.00633226907445
194478,3.31343116541,0.00632000521402
194702,3.31332460997,0.00630776776452
194926,3.3132183234,0.00629555668359
195151,3.31311230494,0.00628337192879
195375,3.31300655382,0.00627121345762
195600,3.31290106928,0.00625908122747
195826,3.31279585058,0.00624697519568
196051,3.31269089695,0.00623489531951
196277,3.31258620765,0.00622284155614
196503,3.31248178193,0.00621081386268
196730,3.31237761903,0.00619881219619
196956,3.31227371823,0.00618683651361
197183,3.31217007878,0.00617488677188
197410,3.31206669994,0.00616296292781
197638,3.31196358097,0.00615106493818
197865,3.31186072115,0.00613919275969
198093,3.31175811975,0.006127346349
198322,3.31165577603,0.00611552566267
198550,3.31155368928,0.00610373065723
198779,3.31145185877,0.00609196128913
199008,3.31135028377,0.00608021751478
199237,3.31124896359,0.00606849929051
199466,3.31114789749,0.00605680657261
199696,3.31104708478,0.0060451393173
199926,3.31094652473,0.00603349748077
200157,3.31084621664,0.00602188101914
200387,3.31074615981,0.00601028988846
200618,3.31064635354,0.00599872404476
200849,3.31054679712,0.00598718344402
201080,3.31044748986,0.00597566804213
201312,3.31034843107,0.00596417779498
201544,3.31024962005,0.00595271265839
201776,3.31015105611,0.00594127258814
202009,3.31005273856,0.00592985753995
202241,3.30995466672,0.00591846746953
202474,3.30985683991,0.00590710233251
202708,3.30975925744,0.00589576208451
202941,3.30966191865,0.00588444668108
203175,3.30956482284,0.00587315607776
203409,3.30946796935,0.00586189023002
203643,3.30937135751,0.00585064909333
203878,3.30927498665,0.00583943262309
204113,3.3091788561,0.00582824077468
204348,3.3090829652,0.00581707350345
204583,3.30898731328,0.00580593076471
204819,3.30889189969,0.00579481251373
205055,3.30879672377,0.00578371870577
205291,3.30870178486,0.00577264929604
205527,3.30860708231,0.00576160423972
205764,3.30851261547,0.00575058349198
206001,3.30841838369,0.00573958700796
206239,3.30832438632,0.00572861474274
206476,3.30823062273,0.00571766665142
206714,3.30813709226,0.00570674268906
206952,3.30804379427,0.00569584281067
207191,3.30795072814,0.00568496697128
207429,3.30785789322,0.00567411512587
207668,3.30776528889,0.00566328722941
207907,3.3076729145,0.00565248323685
208147,3.30758076943,0.0056417031031
208387,3.30748885305,0.0056309467831
208627,3.30739716475,0.00562021423172
208867,3.30730570388,0.00560950540384
209108,3.30721446984,0.00559882025434
209349,3.30712346201,0.00558815873805
209590,3.30703267976,0.00557752080981
209831,3.30694212249,0.00556690642444
210073,3.30685178958,0.00555631553676
210315,3.30676168042,0.00554574810155
210557,3.3066717944,0.00553520407362
210800,3.30658213091,0.00552468340773
211042,3.30649268935,0.00551418605867
211286,3.30640346913,0.00550371198119
211529,3.30631446962,0.00549326113006
211773,3.30622569025,0.00548283346003
212017,3.30613713041,0.00547242892583
212261,3.3060487895,0.00546204748223
212505,3.30596066694,0.00545168908395
212750,3.30587276213,0.00544135368573
212995,3.30578507449,0.00543104124231
213241,3.30569760342,0.00542075170842
213486,3.30561034835,0.0054104850388
213732,3.30552330868,0.00540024118818
213978,3.30543648384,0.0053900201113
214225,3.30534987325,0.00537982176289
214472,3.30526347633,0.00536964609771
214719,3.30517729251,0.00535949307049
214966,3.3050913212,0.00534936263599
215214,3.30500556185,0.00533925474895
215462,3.30492001387,0.00532916936415
215710,3.30483467671,0.00531910643635
215958,3.30474954978,0.00530906592032
216207,3.30466463254,0.00529904777086
216456,3.30457992442,0.00528905194274
216705,3.30449542485,0.00527907839079
216955,3.30441113328,0.0052691270698
217205,3.30432704915,0.00525919793461
217455,3.30424317191,0.00524929094005
217706,3.30415950099,0.00523940604097
217957,3.30407603586,0.00522954319223
218208,3.30399277595,0.0052197023487
218459,3.30390972072,0.00520988346529
218711,3.30382686963,0.00520008649689
218963,3.30374422212,0.00519031139842
219215,3.30366177766,0.00518055812483
219467,3.3035795357,0.00517082663107
219720,3.3034974957,0.00516111687211
219973,3.30341565713,0.00515142880295
220227,3.30333401945,0.0051417623786
220480,3.30325258212,0.00513211755409
220734,3.30317134461,0.00512249428447
220989,3.3030903064,0.00511289252481
221243,3.30300946694,0.00510331223022
221498,3.30292882572,0.0050937533558
221753,3.3028483822,0.00508421585671
222009,3.30276813587,0.00507469968809
222264,3.30268808619,0.00506520480515
222520,3.30260823265,0.0050557311631
222777,3.30252857472,0.00504627871716
223033,3.3024491119,0.00503684742262
223290,3.30236984366,0.00502743723476
223548,3.30229076948,0.0050180481089
223805,3.30221188886,0.00500868000038
224063,3.30213320129,0.00499933286459
224321,3.30205470624,0.00499000665692
224579,3.30197640322,0.00498070133281
224838,3.30189829172,0.00497141684773
225097,3.30182037123,0.00496215315716
225356,3.30174264125,0.00495291021663
225616,3.30166510127,0.0049436879817
225876,3.3015877508,0.00493448640796
226136,3.30151058934,0.00492530545103
226397,3.30143361639,0.00491614506656
226657,3.30135683144,0.00490700521025
226918,3.30128023402,0.00489788583782
227180,3.30120382362,0.00488878690502
227442,3.30112759976,0.00487970836766
227704,3.30105156194,0.00487065018156
227966,3.30097570967,0.00486161230258
228228,3.30090004248,0.00485259468663
228491,3.30082455987,0.00484359728965
228755,3.30074926136,0.00483462006762
229018,3.30067414646,0.00482566297656
229282,3.3005992147,0.00481672597251
229546,3.3005244656,0.00480780901158
229811,3.30044989867,0.0047989120499
230075,3.30037551345,0.00479003504364
230340,3.30030130946,0.00478117794902
230606,3.30022728622,0.0047723407223
230871,3.30015344325,0.00476352331977
231137,3.3000797801,0.00475472569777
231403,3.30000629629,0.00474594781269
231670,3.29993299135,0.00473718962095
231937,3.29985986482,0.00472845107902
232204,3.29978691623,0.00471973214341
232472,3.29971414512,0.00471103277069
232739,3.29964155102,0.00470235291745
233007,3.29956913348,0.00469369254033
233276,3.29949689203,0.00468505159604
233545,3.29942482622,0.0046764300413
233814,3.29935293558,0.00466782783291
234083,3.29928121968,0.00465924492769
234353,3.29920967804,0.00465068128253
234623,3.29913831022,0.00464213685434
234893,3.29906711577,0.0046336116001
235163,3.29899609423,0.00462510547683
235434,3.29892524516,0.00461661844161
235706,3.29885456811,0.00460815045154
235977,3.29878406264,0.00459970146381
236249,3.29871372829,0.00459127143563
236521,3.29864356464,0.00458286032426
236794,3.29857357123,0.00457446808703
237066,3.29850374762,0.00456609468131
237339,3.29843409338,0.00455774006451
237613,3.29836460806,0.00454940419411
237887,3.29829529124,0.00454108702763
238161,3.29822614247,0.00453278852266
238435,3.29815716132,0.00452450863681
238710,3.29808834736,0.00451624732778
238985,3.29801970016,0.00450800455329
239260,3.29795121928,0.00449978027114
239535,3.2978829043,0.00449157443916
239811,3.29781475479,0.00448338701526
240088,3.29774677032,0.00447521795739
240364,3.29767895048,0.00446706722355
240641,3.29761129482,0.0044589347718
240918,3.29754380294,0.00445082056026
241196,3.2974764744,0.0044427245471
241474,3.2974093088,0.00443464669056
241752,3.29734230571,0.00442658694891
242030,3.29727546471,0.0044185452805
242309,3.29720878539,0.00441052164372
242588,3.29714226732,0.00440251599703
242868,3.29707591011,0.00439452829895
243148,3.29700971333,0.00438655850804
243428,3.29694367657,0.00437860658293
243708,3.29687779943,0.00437067248231
243989,3.29681208148,0.00436275616493
244270,3.29674652234,0.00435485758959
244551,3.29668112158,0.00434697671514
244833,3.2966158788,0.00433911350053
245115,3.2965507936,0.00433126790472
245397,3.29648586557,0.00432343988676
245680,3.29642109432,0.00431562940575
245963,3.29635647944,0.00430783642085
246246,3.29629202053,0.00430006089129
246530,3.29622771719,0.00429230277635
246814,3.29616356903,0.00428456203538
247098,3.29609957565,0.00427683862777
247383,3.29603573665,0.00426913251301
247668,3.29597205164,0.00426144365061
247953,3.29590852022,0.00425377200017
248239,3.29584514202,0.00424611752134
248525,3.29578191662,0.00423848017384
248811,3.29571884365,0.00423085991744
249098,3.29565592272,0.004223256712
249385,3.29559315344,0.0042156705174
249672,3.29553053541,0.00420810129361
249960,3.29546806827,0.00420054900068
250248,3.29540575162,0.00419301359868
250536,3.29534358508,0.00418549504779
250824,3.29528156827,0.00417799330822
251113,3.29521970081,0.00417050834025
251403,3.29515798231,0.00416304010424
251692,3.29509641241,0.00415558856061
251982,3.29503499072,0.00414815366982
252272,3.29497371687,0.00414073539243
252563,3.29491259047,0.00413333368905
252854,3.29485161117,0.00412594852035
253145,3.29479077858,0.00411857984706
253437,3.29473009232,0.00411122763
253729,3.29466955204,0.00410389183004
254021,3.29460915737,0.00409657240811
254314,3.29454890792,0.00408926932522
254607,3.29448880333,0.00408198254244
254900,3.29442884325,0.00407471202089
255194,3.29436902729,0.0040674577218
255488,3.2943093551,0.00406021960641
255782,3.29424982632,0.00405299763607
256077,3.29419044057,0.00404579177219
256372,3.29413119751,0.00403860197622
256666,3.29407209676,0.00403142820972
256963,3.29401313797,0.00402427043427
257259,3.29395432077,0.00401712861156
257555,3.29389564483,0.00401000270332
257851,3.29383710976,0.00400289267136
258149,3.29377871523,0.00399579847756
258446,3.29372046087,0.00398872008385
258744,3.29366234633,0.00398165745225
259041,3.29360437126,0.00397461054484
259339,3.29354653531,0.00396757932376
259639,3.29348883813,0.00396056375123
259938,3.29343127937,0.00395356378954
260237,3.29337385867,0.00394657940103
260536,3.29331657569,0.00393961054814
260837,3.29325943009,0.00393265719334
261137,3.29320242152,0.0039257192992
261439,3.29314554963,0.00391879682835
261740,3.29308881408,0.00391188974349
262041,3.29303221453,0.00390499800738
262343,3.29297575063,0.00389812158285
262645,3.29291942205,0.00389126043283
262948,3.29286322844,0.00388441452027
263251,3.29280716947,0.00387758380823
263554,3.29275124479,0.00387076825981
263858,3.29269545408,0.00386396783821
264162,3.29263979699,0.00385718250668
264466,3.29258427319,0.00385041222854
264771,3.29252888234,0.00384365696719
265076,3.29247362411,0.00383691668608
265381,3.29241849817,0.00383019134877
265687,3.29236350419,0.00382348091884
265993,3.29230864184,0.00381678535997
266299,3.29225391078,0.00381010463592
266606,3.29219931069,0.00380343871048
266913,3.29214484124,0.00379678754756
267221,3.2920905021,0.00379015111111
267528,3.29203629295,0.00378352936515
267837,3.29198221346,0.00377692227378
268145,3.29192826331,0.00377032980117
268454,3.29187444217,0.00376375191156
268763,3.29182074972,0.00375718856926
269073,3.29176718565,0.00375063973864
269383,3.29171374962,0.00374410538417
269693,3.29166044132,0.00373758547037
270004,3.29160726043,0.00373107996182
270315,3.29155420663,0.00372458882319
270626,3.29150127961,0.00371811201922
270938,3.29144847905,0.00371164951471
271250,3.29139580463,0.00370520127455
271563,3.29134325604,0.00369876726367
271875,3.29129083296,0.00369234744711
272189,3.29123853508,0.00368594178994
272502,3.2911863621,0.00367955025734
272816,3.29113431369,0.00367317281454
273130,3.29108238955,0.00366680942684
273445,3.29103058937,0.00366046005961
273760,3.29097891284,0.00365412467832
274075,3.29092735965,0.00364780324847
274391,3.29087592949,0.00364149573565
274707,3.29082462207,0.00363520210553
275024,3.29077343707,0.00362892232384
275340,3.29072237419,0.00362265635639
275658,3.29067143312,0.00361640416904
275975,3.29062061357,0.00361016572775
276293,3.29056991523,0.00360394099854
276611,3.29051933779,0.00359772994749
276930,3.29046888097,0.00359153254077
277249,3.29041854446,0.00358534874461
277568,3.29036832796,0.00357917852532
277888,3.29031823117,0.00357302184927
278208,3.29026825379,0.0035668786829
278529,3.29021839554,0.00356074899275
278849,3.29016865611,0.00355463274538
279171,3.29011903521,0.00354852990748
279492,3.29006953255,0.00354244044577
279814,3.29002014783,0.00353636432706
280137,3.28997088076,0.00353030151822
280459,3.28992173105,0.00352425198619
280782,3.2898726984,0.00351821569801
281106,3.28982378254,0.00351219262075
281430,3.28977498316,0.00350618272158
281754,3.28972629998,0.00350018596774
282078,3.28967773272,0.00349420232652
282403,3.28962928108,0.0034882317653
282729,3.28958094478,0.00348227425153
283054,3.28953272354,0.00347632975273
283380,3.28948461707,0.00347039823648
283707,3.28943662508,0.00346447967045
284034,3.2893887473,0.00345857402236
284361,3.28934098344,0.00345268126003
284688,3.28929333321,0.00344680135131
285016,3.28924579635,0.00344093426417
285345,3.28919837257,0.00343507996661
285673,3.28915106158,0.00342923842672
286003,3.28910386312,0.00342340961267
286332,3.2890567769,0.00341759349267
286662,3.28900980265,0.00341179003503
286992,3.28896294008,0.00340599920812
287323,3.28891618893,0.00340022098038
287654,3.28886954892,0.00339445532033
287985,3.28882301978,0.00338870219654
288317,3.28877660123,0.00338296157768
288649,3.288730293,0.00337723343246
288981,3.28868409482,0.00337151772968
289314,3.28863800641,0.00336581443821
289648,3.28859202752,0.00336012352699
289981,3.28854615785,0.00335444496502
290315,3.28850039716,0.00334877872138
290650,3.28845474517,0.00334312476522
290985,3.2884092016,0.00333748306576
291320,3.28836376621,0.00333185359228
291655,3.28831843871,0.00332623631414
291991,3.28827321884,0.00332063120079
292328,3.28822810635,0.0033150382217
292664,3.28818310096,0.00330945734646
293002,3.28813820241,0.0033038885447
293339,3.28809341044,0.00329833178614
293677,3.28804872479,0.00329278704055
294015,3.28800414519,0.00328725427779
294354,3.28795967139,0.00328173346777
294693,3.28791530313,0.00327622458048
295033,3.28787104014,0.00327072758598
295372,3.28782688217,0.0032652424544
295713,3.28778282896,0.00325976915594
296053,3.28773888025,0.00325430766087
296394,3.28769503579,0.00324885793952
296736,3.28765129532,0.0032434199623
297078,3.28760765858,0.00323799369969
297420,3.28756412533,0.00323257912223
297762,3.2875206953,0.00322717620054
298105,3.28747736825,0.0032217849053
298449,3.28743414392,0.00321640520727
298793,3.28739102206,0.00321103707726
299137,3.28734800242,0.00320568048616
299481,3.28730508475,0.00320033540494
299826,3.2872622688,0.00319500180463
300172,3.28721955432,0.00318967965632
300518,3.28717694106,0.00318436893118
300864,3.28713442877,0.00317906960043
301210,3.28709201722,0.0031737816354
301557,3.28704970614,0.00316850500744
301905,3.28700749529,0.00316323968799
302252,3.28696538444,0.00315798564857
302601,3.28692337333,0.00315274286075
302949,3.28688146172,0.00314751129618
303298,3.28683964936,0.00314229092656
303648,3.28679793603,0.00313708172368
303997,3.28675632146,0.00313188365938
304348,3.28671480543,0.00312669670558
304698,3.28667338768,0.00312152083427
305049,3.28663206799,0.00311635601749
305401,3.28659084611,0.00311120222737
305752,3.2865497218,0.00310605943609
306105,3.28650869482,0.0031009276159
306457,3.28646776494,0.00309580673913
306810,3.28642693193,0.00309069677816
307164,3.28638619553,0.00308559770545
307518,3.28634555552,0.00308050949352
307872,3.28630501166,0.00307543211496
308226,3.28626456372,0.00307036554242
308581,3.28622421146,0.00306530974863
308937,3.28618395466,0.00306026470638
309293,3.28614379307,0.00305523038853
309649,3.28610372647,0.00305020676799
310006,3.28606375462,0.00304519381775
310363,3.28602387729,0.00304019151088
310720,3.28598409426,0.00303519982049
311078,3.28594440529,0.00303021871977
311437,3.28590481015,0.00302524818197
311796,3.28586530862,0.00302028818041
312155,3.28582590046,0.00301533868848
312514,3.28578658546,0.00301039967963
312874,3.28574736338,0.00300547112738
313235,3.285708234,0.0030005530053
313596,3.28566919709,0.00299564528705
313957,3.28563025242,0.00299074794634
314318,3.28559139978,0.00298586095695
314681,3.28555263894,0.00298098429272
315043,3.28551396967,0.00297611792756
315406,3.28547539176,0.00297126183544
315769,3.28543690497,0.00296641599041
316133,3.2853985091,0.00296158036656
316497,3.28536020391,0.00295675493806
316862,3.28532198919,0.00295193967915
317227,3.28528386472,0.00294713456412
317592,3.28524583027,0.00294233956734
317958,3.28520788564,0.00293755466323
318324,3.2851700306,0.00293277982627
318691,3.28513226493,0.00292801503104
319058,3.28509458842,0.00292326025213
319426,3.28505700085,0.00291851546424
319794,3.28501950201,0.0029137806421
320162,3.28498209168,0.00290905576054
320531,3.28494476964,0.00290434079441
320900,3.28490753568,0.00289963571866
321270,3.28487038959,0.00289494050829
321640,3.28483333115,0.00289025513836
322010,3.28479636016,0.002885579584
322381,3.28475947639,0.00288091382039
322753,3.28472267965,0.00287625782278
323124,3.28468596971,0.0028716115665
323497,3.28464934636,0.00286697502691
323869,3.28461280941,0.00286234817946
324242,3.28457635863,0.00285773099966
324616,3.28453999382,0.00285312346306
324990,3.28450371477,0.00284852554529
325364,3.28446752127,0.00284393722204
325739,3.28443141312,0.00283935846907
326114,3.28439539011,0.00283478926218
326490,3.28435945203,0.00283022957725
326866,3.28432359868,0.00282567939023
327243,3.28428782985,0.0028211386771
327620,3.28425214534,0.00281660741392
327997,3.28421654495,0.00281208557683
328375,3.28418102846,0.002807573142
328753,3.28414559568,0.00280307008567
329132,3.28411024641,0.00279857638415
329511,3.28407498044,0.00279409201381
329891,3.28403979757,0.00278961695107
330271,3.2840046976,0.00278515117242
330651,3.28396968033,0.00278069465441
331032,3.28393474556,0.00277624737364
331413,3.2838998931,0.0027718093068
331795,3.28386512273,0.00276738043059
332177,3.28383043427,0.00276296072183
332560,3.28379582752,0.00275855015734
332943,3.28376130227,0.00275414871405
333327,3.28372685834,0.00274975636893
333710,3.28369249552,0.00274537309899
334095,3.28365821362,0.00274099888134
334480,3.28362401245,0.00273663369311
334865,3.2835898918,0.00273227751153
335251,3.28355585149,0.00272793031384
335637,3.28352189132,0.00272359207739
336024,3.2834880111,0.00271926277955
336411,3.28345421064,0.00271494239777
336798,3.28342048974,0.00271063090954
337186,3.2833868482,0.00270632829245
337575,3.28335328585,0.00270203452409
337964,3.28331980249,0.00269774958215
338353,3.28328639792,0.00269347344438
338743,3.28325307196,0.00268920608855
339133,3.28321982443,0.00268494749253
339524,3.28318665512,0.00268069763423
339915,3.28315356385,0.00267645649161
340306,3.28312055043,0.00267222404271
340698,3.28308761468,0.0026680002656
341091,3.28305475641,0.00266378513844
341484,3.28302197543,0.00265957863941
341877,3.28298927156,0.00265538074677
342271,3.28295664461,0.00265119143885
342665,3.28292409439,0.00264701069401
343060,3.28289162072,0.00264283849067
343455,3.28285922342,0.00263867480732
343851,3.2828269023,0.00263451962251
344247,3.28279465717,0.00263037291484
344643,3.28276248787,0.00262623466294
345040,3.2827303942,0.00262210484555
345438,3.28269837597,0.00261798344142
345836,3.28266643302,0.00261387042938
346234,3.28263456516,0.0026097657883
346633,3.28260277221,0.00260566949713
347032,3.28257105398,0.00260158153485
347432,3.28253941031,0.00259750188051
347832,3.282507841,0.00259343051321
348233,3.28247634588,0.00258936741211
348634,3.28244492478,0.00258531255642
349036,3.28241357751,0.00258126592541
349438,3.2823823039,0.00257722749841
349840,3.28235110376,0.00257319725478
350243,3.28231997693,0.00256917517397
350647,3.28228892323,0.00256516123547
351051,3.28225794248,0.0025611554188
351455,3.28222703451,0.00255715770358
351860,3.28219619914,0.00255316806945
352265,3.2821654362,0.00254918649612
352671,3.28213474551,0.00254521296334
353077,3.2821041269,0.00254124745093
353484,3.2820735802,0.00253728993876
353891,3.28204310523,0.00253334040675
354299,3.28201270183,0.00252939883487
354707,3.28198236981,0.00252546520315
355116,3.28195210902,0.00252153949167
355525,3.28192191927,0.00251762168057
355934,3.28189180041,0.00251371175004
356344,3.28186175225,0.00250980968031
356755,3.28183177463,0.00250591545169
357166,3.28180186738,0.00250202904451
357577,3.28177203033,0.00249815043918
357989,3.28174226331,0.00249427961615
358402,3.28171256616,0.00249041655592
358814,3.28168293871,0.00248656123906
359228,3.28165338079,0.00248271364617
359642,3.28162389223,0.00247887375791
360056,3.28159447286,0.00247504155499
360471,3.28156512253,0.00247121701819
360886,3.28153584107,0.00246740012832
361302,3.28150662831,0.00246359086624
361718,3.28147748408,0.00245978921288
362134,3.28144840823,0.0024559951492
362552,3.28141940059,0.00245220865624
362969,3.28139046099,0.00244842971507
363387,3.28136158927,0.0024446583068
363806,3.28133278528,0.00244089441262
364225,3.28130404884,0.00243713801376
364645,3.2812753798,0.00243338909148
365065,3.281246778,0.00242964762713
365485,3.28121824327,0.00242591360207
365906,3.28118977545,0.00242218699774
366328,3.28116137439,0.00241846779562
366750,3.28113303992,0.00241475597723
367172,3.28110477189,0.00241105152416
367595,3.28107657013,0.00240735441803
368019,3.28104843449,0.00240366464052
368443,3.28102036481,0.00239998217336
368867,3.28099236094,0.00239630699834
369292,3.2809644227,0.00239263909727
369717,3.28093654996,0.00238897845203
370143,3.28090874254,0.00238532504455
370570,3.2808810003,0.00238167885681
370997,3.28085332308,0.00237803987083
371424,3.28082571073,0.00237440806867
371852,3.28079816308,0.00237078343247
372280,3.28077067998,0.0023671659444
372709,3.28074326129,0.00236355558666
373138,3.28071590684,0.00235995234153
373568,3.28068861649,0.00235635619133
373999,3.28066139007,0.00235276711841
374429,3.28063422745,0.0023491851052
374861,3.28060712845,0.00234561013414
375292,3.28058009294,0.00234204218774
375725,3.28055312076,0.00233848124856
376158,3.28052621176,0.00233492729921
376591,3.28049936579,0.00233138032232
377025,3.2804725827,0.0023278403006
377459,3.28044586234,0.0023243072168
377894,3.28041920456,0.00232078105369
378329,3.28039260921,0.00231726179413
378765,3.28036607614,0.002313749421
379201,3.2803396052,0.00231024391722
379638,3.28031319624,0.00230674526578
380075,3.28028684912,0.0023032534497
380513,3.28026056369,0.00229976845205
380952,3.28023433981,0.00229629025596
381390,3.28020817731,0.00229281884458
381830,3.28018207607,0.00228935420112
382270,3.28015603593,0.00228589630885
382710,3.28013005675,0.00228244515105
383151,3.28010413837,0.00227900071109
383592,3.28007828067,0.00227556297234
384034,3.28005248348,0.00227213191826
384477,3.28002674668,0.00226870753232
384919,3.28000107011,0.00226528979805
385363,3.27997545363,0.00226187869903
385807,3.2799498971,0.00225847421888
386251,3.27992440037,0.00225507634126
386696,3.2798989633,0.00225168504988
387142,3.27987358576,0.00224830032849
387588,3.27984826759,0.0022449221609
388034,3.27982300866,0.00224155053094
388481,3.27979780883,0.0022381854225
388929,3.27977266795,0.00223482681951
389377,3.27974758589,0.00223147470595
389825,3.2797225625,0.00222812906585
390274,3.27969759765,0.00222478988325
390724,3.2796726912,0.00222145714227
391174,3.279647843,0.00221813082706
391625,3.27962305292,0.00221481092182
392076,3.27959832082,0.00221149741077
392527,3.27957364656,0.00220819027821
392979,3.27954903001,0.00220488950846
393432,3.27952447102,0.00220159508589
393885,3.27949996947,0.0021983069949
394339,3.27947552521,0.00219502521995
394793,3.27945113811,0.00219174974554
395248,3.27942680802,0.00218848055621
395703,3.27940253483,0.00218521763653
396159,3.27937831839,0.00218196097114
396616,3.27935415856,0.00217871054469
397073,3.27933005521,0.0021754663419
397530,3.27930600821,0.00217222834752
397988,3.27928201743,0.00216899654634
398446,3.27925808272,0.0021657709232
398905,3.27923420396,0.00216255146297
399365,3.27921038102,0.00215933815058
399825,3.27918661375,0.00215613097098
400286,3.27916290204,0.00215292990917
