30,0.917005825563,0.0111876064665
31,0.916567530966,0.0112711410909
31,0.916127155685,0.0113553087529
31,0.915684686182,0.0114401143059
31,0.915240110301,0.0115255626219
31,0.914793424738,0.0116116584961
31,0.914344607202,0.0116984069991
31,0.913893656039,0.0117858129754
31,0.913440553592,0.0118738815097
31,0.912985296491,0.0119626175382
31,0.912527865123,0.0120520262444
31,0.912068255763,0.0121421126407
31,0.911606453492,0.0122328819231
31,0.911142449553,0.0123243392426
32,0.910676226732,0.0124164899017
32,0.910207781722,0.0125093390516
32,0.909737098499,0.0126028920539
32,0.909264072907,0.0126971555403
32,0.908788927234,0.0127921316275
32,0.908311367615,0.0128878296885
32,0.907831723771,0.0129842503441
32,0.907349931933,0.0130813997705
32,0.906865476109,0.0131792907781
32,0.906379024528,0.0132779191027
32,0.905889580046,0.0133773047942
32,0.905398811344,0.013477428725
32,0.904904488619,0.013578329505
32,0.904408562825,0.0136799836106
33,0.903910182332,0.0137824093429
33,0.903409417053,0.0138856112866
33,0.902905967625,0.0139895997485
33,0.902400687168,0.0140943672193
33,0.901892223359,0.0141999405208
33,0.90138158287,0.014306309752
33,0.900868878596,0.0144134788365
33,0.90035313478,0.0145214692319
33,0.899835371757,0.0146302704829
33,0.899315041531,0.0147398973429
33,0.898792031651,0.0148503576921
33,0.89828288992,0.0149613820165
33,0.897744048898,0.0150737012898
34,0.897217661453,0.0151866191515
34,0.896675624811,0.0153006151628
34,0.896143409163,0.015415262806
34,0.89561413656,0.0155306824476
34,0.8950663353,0.0156472533877
34,0.894527200122,0.0157645094362
34,0.893988716353,0.0158825945445
34,0.893438840066,0.0160017294029
34,0.892879758089,0.0161218847765
34,0.89232102025,0.016242896224
34,0.891760797702,0.0163648025419
34,0.891210347107,0.0164874015495
35,0.890642018589,0.0166112099532
35,0.890086136022,0.0167356711393
35,0.889507111822,0.0168614594705
35,0.888945571555,0.016987814771
35,0.888364871808,0.0171154404122
35,0.887801346325,0.0172436452265
35,0.887216967848,0.0173731712924
35,0.886637473845,0.0175035260721
35,0.886043226564,0.0176351037061
35,0.885463301676,0.017767333623
35,0.884873392606,0.0179007062175
35,0.884285065256,0.0180349962401
36,0.883690849163,0.0181703622458
36,0.883097628622,0.0183066702426
36,0.882489816362,0.0184442512834
36,0.881882467249,0.0185828014366
36,0.88127821489,0.0187222703836
36,0.880661280135,0.0188630003601
36,0.880051123135,0.0190045837007
36,0.879436734911,0.0191472624412
36,0.878811565688,0.0192911885617
36,0.878190216508,0.0194360507173
36,0.877568519498,0.0195819458484
36,0.876952116567,0.0197287532401
37,0.876305023257,0.0198772921999
37,0.875675801567,0.0200264753591
37,0.875037734633,0.0201769148263
37,0.874403524064,0.0203283264507
37,0.873755486699,0.0204811286581
37,0.873099722354,0.0206351914555
37,0.872459646592,0.0207899676026
37,0.871809658139,0.0209460691972
37,0.871149859199,0.0211035058569
37,0.870484672251,0.0212621817082
37,0.869820715845,0.0214219433218
37,0.869152458535,0.0215829336369
38,0.868493236056,0.0217448277472
38,0.867817377776,0.0219082744514
38,0.867141371196,0.0220728708353
38,0.866465014359,0.0222386285879
38,0.865772253732,0.0224059698033
38,0.865103086566,0.0225738677793
38,0.86440062313,0.0227438105164
38,0.863707210525,0.0229147027841
38,0.863014764882,0.0230867614068
38,0.862316040084,0.0232601877151
38,0.86160996323,0.023435021637
39,0.860902157458,0.0236111205029
39,0.860194852761,0.0237884304178
39,0.859475320525,0.0239673125769
39,0.858770107264,0.0241470356619
39,0.85804716606,0.0243285048811
39,0.8573207735,0.0245113312333
39,0.856588640739,0.0246955898524
39,0.855864980671,0.024880878391
39,0.855119719337,0.0250680789867
39,0.854386912272,0.0252562075088
39,0.853645097234,0.0254459012362
40,0.852902815128,0.0256369168887
40,0.85215199986,0.0258295060479
40,0.851395161353,0.0260236052442
40,0.850639354548,0.0262190084408
40,0.849871929216,0.026416114831
40,0.849114184608,0.0266142727112
40,0.8483451696,0.0268141434771
40,0.847572966285,0.0270154852821
40,0.846796236952,0.0272183505142
40,0.846022782417,0.0274224968251
40,0.845236718941,0.0276284475593
41,0.844438230449,0.0278362138926
41,0.843653162065,0.0280449539161
41,0.842857517623,0.0282554676806
41,0.842059260525,0.0284675017705
41,0.841255303195,0.0286811705548
41,0.84044127187,0.0288966362069
41,0.839634791255,0.0291133032866
41,0.838817708853,0.0293318068077
41,0.838000879812,0.0295517802328
41,0.837173574439,0.0297736118082
42,0.836344874326,0.0299969921529
42,0.835515074873,0.0302219187527
42,0.834674447938,0.0304487543719
42,0.833836642769,0.0306770137831
42,0.832995249365,0.0309069390631
42,0.832140367727,0.0311389109032
42,0.831290872806,0.0313722367135
42,0.830426338603,0.0316076956245
42,0.829567245129,0.0318445229425
42,0.828704636408,0.0320830669297
42,0.827829732695,0.032323680681
43,0.826948387054,0.0325661528025
43,0.826072465609,0.0328100253413
43,0.825188765731,0.033055828475
43,0.824301301833,0.033303414762
43,0.823407199792,0.0335529119833
43,0.822509093501,0.0338042255841
43,0.821605680268,0.0340574205358
43,0.820696596368,0.0343125244269
43,0.819791007334,0.0345691635742
43,0.818866560794,0.0348282915403
44,0.817949498164,0.0350888099267
44,0.817020142017,0.0353515686535
44,0.816093818487,0.0356159191819
44,0.815153253712,0.0358826250697
44,0.814214734353,0.0361509859485
44,0.813270984022,0.036421331897
44,0.812322458694,0.0366936548699
44,0.81136612485,0.0369681051297
44,0.81043286371,0.0372432791451
45,0.809421892382,0.0375238275724
45,0.808475433913,0.0378032001435
45,0.807528760081,0.0380843780816
45,0.806531953051,0.0383697423484
45,0.805541929194,0.038656629883
45,0.804566261696,0.0389446719811
45,0.803542492196,0.0392369063952
45,0.80255068001,0.0395294572847
45,0.801549666383,0.0398243348
45,0.800508918893,0.0401230871243
46,0.79950112326,0.0404220975425
46,0.79849992752,0.0407226726246
46,0.797487093774,0.0410257475989
46,0.796436070219,0.0413327216547
46,0.795391058611,0.0416413385402
46,0.794365023801,0.0419509111992
46,0.793318875532,0.0422635015395
46,0.79222438138,0.0425806605705
46,0.791174492008,0.0428974227361
47,0.790104896622,0.0432172477493
47,0.789031335142,0.0435393008565
47,0.78796697153,0.0438628604528
47,0.786907169086,0.044188178728
47,0.78581814548,0.044517167728
47,0.784702441166,0.0448497309998
47,0.783617223426,0.0451826178673
47,0.782518757394,0.0455183309989
47,0.781360762482,0.045859611702
48,0.780264821841,0.0461993588399
48,0.779142257991,0.0465427772031
48,0.778013542516,0.0468886797504
48,0.776891327718,0.047236311646
48,0.77571701339,0.0475892616488
48,0.774596450087,0.047941068028
48,0.773438844015,0.0482973162285
48,0.772276086676,0.0486560627335
48,0.771097982122,0.0490179685614
49,0.769902720781,0.0493831801011
49,0.768753580224,0.0497476360222
49,0.767547066725,0.0501180178259
49,0.766345787975,0.0504903049904
49,0.76513549437,0.0508654394085
49,0.763936375751,0.0512420866417
49,0.762718656291,0.0516222452846
49,0.761493396009,0.0520051972696
49,0.760290015333,0.0523889324843
50,0.759053887944,0.0527772114589
50,0.757802563178,0.0531688672688
50,0.756530816954,0.053564301719
50,0.755300435874,0.0539591428515
50,0.754013604984,0.0543603648601
50,0.752722039661,0.0547643187158
50,0.751462329323,0.0551683303224
50,0.750174802415,0.0555767591663
50,0.748881009279,0.0559880523044
51,0.747591088744,0.0564014597002
51,0.746277086705,0.0568191035266
51,0.744956020291,0.05723972824
51,0.743646771162,0.0576618864119
51,0.742334208618,0.0580867384375
51,0.740922372556,0.058521870979
51,0.739583206277,0.058953796919
51,0.738270268655,0.0593860943253
52,0.73689169269,0.0598261637955
52,0.73551185656,0.0602688781153
52,0.734151720529,0.0607125076972
52,0.732743615046,0.06116265607
52,0.731340643798,0.0616149611686
52,0.729951700199,0.0620686552933
52,0.728525583883,0.0625280996098
52,0.727070577024,0.0629926658078
53,0.725660257874,0.0634559900268
53,0.724214395339,0.0639250445671
53,0.722751262093,0.0643982887492
53,0.721321841622,0.0648711801342
53,0.71984948751,0.0653505908572
53,0.718349375959,0.0658352388635
53,0.716873212325,0.0663204119676
53,0.715385282231,0.0668093819171
53,0.713853789766,0.0673051760101
54,0.712322153588,0.0678037773586
54,0.710814432568,0.0683028733709
54,0.709261833325,0.0688090705497
54,0.707738182478,0.0693152607502
54,0.706165841865,0.0698290377474
54,0.704577430746,0.0703472811572
54,0.703026964151,0.0708645905578
54,0.70143851443,0.0713885809163
55,0.699828934198,0.0719176291662
55,0.698229585894,0.0724485415841
55,0.696583413508,0.0729872625508
55,0.694963791665,0.073526169432
55,0.693326781452,0.0740698717144
55,0.691671048788,0.0746185642119
55,0.69000332125,0.0751715699675
56,0.688338882627,0.0757272427047
56,0.686642705912,0.0762894597934
56,0.684907229326,0.0768591705937
56,0.68320994364,0.0774277211273
56,0.681481906968,0.0780028705933
56,0.679739077112,0.0785828751803
56,0.677993638199,0.0791663599707
56,0.676204129282,0.0797582446247
57,0.674419095608,0.0803529801546
57,0.672642657927,0.080950057042
57,0.670815158005,0.0815566926028
57,0.668987800852,0.0821667835255
57,0.667152531272,0.0827813258479
57,0.665326844896,0.0833981532656
57,0.66343506528,0.0840268091152
57,0.661572849026,0.0846553083233
58,0.659651723454,0.08529496989
58,0.657746621939,0.0859362382416
58,0.655826543725,0.0865831385393
58,0.653881792407,0.087237023591
58,0.651898856383,0.0878998166614
58,0.64996960366,0.0885591615188
58,0.647962475684,0.0892329411646
59,0.645943611014,0.0899122905062
59,0.643930594519,0.0905947886334
59,0.641866513583,0.091288503858
59,0.639813281381,0.0919847729882
59,0.637732779268,0.0926890899549
59,0.635600253774,0.0934052281743
59,0.633483897171,0.0941233186165
60,0.63135292589,0.094847921409
60,0.62921125289,0.0955785344448
60,0.627009223537,0.0963228658825
60,0.624782113648,0.0970757852047
60,0.622564508124,0.0978320416759
60,0.620295490296,0.0986013346459
60,0.618051894278,0.0993716801113
60,0.615723288359,0.100161015698
61,0.613424790987,0.100951030058
61,0.611066216188,0.101756763004
61,0.608665407933,0.102575812103
61,0.606243990569,0.103405063821
61,0.603795545656,0.104246155157
61,0.601323290173,0.105099194063
61,0.59884020443,0.1059626537
62,0.596308228411,0.106844177486
62,0.593717979549,0.107746711399
62,0.591131894218,0.108660283323
62,0.588474889701,0.109600153857
62,0.585777533895,0.110562616392
62,0.583084037189,0.111541321575
62,0.580316018439,0.112553519831
63,0.577513487268,0.113594321495
63,0.574647462054,0.11467249483
63,0.571774356081,0.115780191461
63,0.568834346109,0.116933121167
63,0.565861915131,0.118128380898
63,0.562872293643,0.119367032056
64,0.559827218228,0.120661741213
64,0.556718385612,0.12201939569
64,0.553595721297,0.123434243274
64,0.550419444727,0.124920260081
64,0.547232000531,0.126473115677
64,0.544030929297,0.128098304542
64,0.540786399966,0.129807779218
65,0.537524271627,0.131600168449
65,0.534291355098,0.133468016797
65,0.531018525548,0.13543197999
65,0.527784138919,0.137475150168
65,0.524544121343,0.139610761136
65,0.521356001865,0.141824578414
65,0.518180952269,0.144126873909
66,0.515044237572,0.14650964166
66,0.511941320492,0.148971869844
66,0.508909018054,0.151499291055
66,0.505941860223,0.154088452967
66,0.503020368281,0.156739372535
66,0.500183319934,0.159433080436
67,0.497431314855,0.16216106015
67,0.494721180052,0.16492859743
67,0.492108715383,0.167707903439
67,0.489572163841,0.170496077486
67,0.487112878666,0.173282350914
67,0.484717515483,0.176061137463
67,0.482374228307,0.178826757852
68,0.480109679921,0.181559558191
68,0.477878476622,0.184267271574
68,0.475719915371,0.186926236943
68,0.473582319922,0.189548718294
68,0.471475018463,0.192124397766
68,0.469371514399,0.194658386848
69,0.467302540311,0.197133310714
69,0.465221209394,0.19956513723
69,0.463138164376,0.201947007965
69,0.461058436011,0.204275157038
69,0.458949935745,0.206563255975
69,0.45679264482,0.208821178133
70,0.454628930874,0.211031154095
70,0.452418920057,0.213213650971
70,0.450145105966,0.215380161183
70,0.447846228257,0.217515878239
70,0.445512799647,0.219629073394
70,0.443095369414,0.221748628413
71,0.44063587143,0.223858750953
71,0.43812108737,0.225971016905
71,0.435530742885,0.228101232262
71,0.432915365112,0.230228277704
71,0.43022398496,0.232384221522
71,0.427479549409,0.234562258607
71,0.424667402563,0.236775719493
72,0.421835421314,0.239002958926
72,0.41891636901,0.241286774805
72,0.415974189232,0.243595583786
72,0.412994752411,0.245941717054
72,0.409935712256,0.248355028946
72,0.406863945097,0.250799728612
73,0.403727959267,0.253311341713
73,0.40054346198,0.255884668849
73,0.397350893143,0.258497676738
73,0.394107115111,0.261181738205
73,0.390830897904,0.263928495275
74,0.387549939557,0.266722506428
74,0.384203130404,0.26960917119
74,0.380886978817,0.272524456749
74,0.377515289166,0.275532301972
74,0.374130468402,0.278605885736
74,0.370720540183,0.281757293078
75,0.367315729911,0.284966694138
75,0.363886865223,0.288259461471
75,0.360453634721,0.291623454767
75,0.357003139961,0.295072253986
75,0.353569364249,0.298580888996
75,0.350143190356,0.302159238349
76,0.34669362514,0.305837244766
76,0.343269165569,0.309575723456
76,0.339857012864,0.31338831178
76,0.336445169043,0.317289038362
76,0.333054108261,0.321261775369
76,0.329688953778,0.32530391377
77,0.326335297916,0.32943221084
77,0.323006258151,0.333636444474
77,0.31971369419,0.337906620746
77,0.316438205202,0.342265497732
77,0.313208530275,0.346684574548
78,0.310008700371,0.351183147252
78,0.306859622388,0.35573946853
78,0.30375166213,0.36036581605
78,0.300676885859,0.365073433679
78,0.297661254301,0.369832325548
78,0.294699421245,0.374649268782
79,0.291771220125,0.379550793502
79,0.288912488473,0.3844911427
79,0.286113204694,0.389482451852
79,0.283369794184,0.394528796659
79,0.280702413711,0.399600563894
80,0.278075464753,0.404746319624
80,0.275526512701,0.409909858405
80,0.273040505353,0.415109578933
80,0.270614871115,0.420345848019
80,0.268251928809,0.425610973074
80,0.26595335825,0.430897314648
81,0.263722510836,0.436193551892
81,0.261543495303,0.441519707858
81,0.259429225548,0.446847721159
81,0.257369247306,0.452188239603
81,0.255359189189,0.457541981873
82,0.253401801812,0.462896926265
82,0.251493937221,0.468251465543
82,0.249628785872,0.47361137788
82,0.247805004376,0.478973031425
82,0.246022869112,0.484330181353
83,0.244276210253,0.489690024657
83,0.2425569271,0.495065295392
83,0.240873858076,0.500435525279
83,0.239221304705,0.505810531575
83,0.237600723023,0.511186381621
84,0.236006644248,0.516574770167
84,0.234442719661,0.521968397858
84,0.232901851765,0.527383980403
84,0.2314015458,0.532782571129
84,0.22992550026,0.538201234239
84,0.228479825825,0.543625406493
85,0.227063767644,0.549055066321
85,0.225674998895,0.554492799937
85,0.224313322688,0.559934715739
85,0.222982365161,0.565365704115
85,0.221671753027,0.570804678631
86,0.22037933848,0.576249475678
86,0.219104444808,0.581693528341
86,0.217848168112,0.587125224863
86,0.216596011579,0.592575586133
86,0.215355165612,0.598018486666
87,0.214117031697,0.603472363608
87,0.212883182912,0.608929707052
87,0.21164945911,0.614401483573
87,0.210412930974,0.619898106312
87,0.20917382941,0.625423562124
88,0.207936077323,0.630973140734
88,0.206699530542,0.636556424045
88,0.205466038619,0.642179104758
88,0.204239860297,0.647841013072
88,0.203025047948,0.653543738711
89,0.201821803492,0.659302332857
89,0.200640385478,0.665099889936
89,0.19947905627,0.670959057873
89,0.198345811539,0.676870565999
90,0.197243889912,0.68284077285
90,0.196184827846,0.688846746725
90,0.195163373592,0.694923276693
90,0.19419227009,0.701041171594
90,0.193272652998,0.707210849982
91,0.192408019318,0.713433098417
91,0.191606515862,0.719689599022
91,0.190869523576,0.725984963217
91,0.190198135366,0.732323156682
91,0.189595235337,0.738699244048
92,0.189068011469,0.745088910916
92,0.188612555885,0.751508787888
92,0.188230670507,0.757951144469
92,0.18792551622,0.764400357492
92,0.187695861685,0.770856332309
93,0.187538813291,0.777324160952
93,0.187454952195,0.783793063052
93,0.187445658404,0.79024718793
93,0.187503402495,0.796706938157
94,0.18763039145,0.803150794231
94,0.187824341075,0.809575288158
94,0.188079333341,0.815992180304
94,0.188396277734,0.822383465257
94,0.188770131646,0.828756745313
95,0.189198750118,0.835107090264
95,0.189680012175,0.841429580349
95,0.190208898862,0.847732470271
95,0.190784182529,0.854007654849
96,0.191403542309,0.860252350035
96,0.192061637929,0.86647797941
96,0.192758868173,0.872670833988
96,0.193492517536,0.878831884844
96,0.194259042084,0.884966653829
97,0.195053764314,0.891086683815
97,0.195879159376,0.897171657692
97,0.196730704243,0.903233960012
97,0.197608324304,0.909266398757
98,0.198507578845,0.91528260819
98,0.199429123055,0.921273526841
98,0.200369710152,0.92724879228
98,0.201330775645,0.933197088762
98,0.202307401493,0.939137177828
99,0.20330355554,0.945047248087
99,0.204313946597,0.950949058081
99,0.205340441755,0.956831679787
99,0.206381431058,0.962700880765
100,0.207435466694,0.968562191156
100,0.20850413077,0.974407463047
100,0.209586139706,0.98024235342
100,0.210680555247,0.986071320074
100,0.211788085262,0.991891490047
101,0.212909480073,0.99770011984
101,0.214042390913,1.00350929663
101,0.215189863857,1.0093061028
101,0.216348852819,1.01510643167
102,0.217522319105,1.02089822267
102,0.218708656164,1.02669103744
102,0.219908907591,1.03248217001
102,0.221123717796,1.03827092939
103,0.222352900698,1.04406064464
103,0.223597348637,1.0498496813
103,0.224857748661,1.05563745088
103,0.22613266653,1.06143338895
104,0.227425188387,1.06722576327
104,0.228733561208,1.07302559878
104,0.230059227936,1.07882895584
104,0.231402937285,1.08463518823
105,0.232765690732,1.090442502
105,0.234146616696,1.09625791743
105,0.235546563345,1.10208044011
105,0.236966871124,1.10790683799
106,0.238408450177,1.11373597891
106,0.239870768772,1.11957356747
106,0.241354109584,1.12542161874
106,0.242861005263,1.13127181684
106,0.244389980958,1.13713472122
107,0.245943842772,1.14300117962
107,0.247521470191,1.14888058217
107,0.249125401627,1.15476562759
107,0.250755515556,1.16066172975
108,0.252412608919,1.16657043851
108,0.254099021507,1.17248663496
108,0.255814858809,1.17841603617
108,0.257562967474,1.18435227493
109,0.259342867096,1.19030490742
109,0.261157446839,1.19626863403
109,0.263008567944,1.20224358791
109,0.264896918563,1.20823598131
110,0.266826309533,1.21423851843
110,0.26879842024,1.22025442597
110,0.270815909634,1.22628325373
110,0.27288103074,1.23232717491
111,0.274998374548,1.23837857483
111,0.277169505732,1.24444423805
111,0.279398361154,1.25052090737
112,0.281688843481,1.25660607598
112,0.284043997758,1.26270150668
112,0.286468995794,1.2687997625
112,0.288968009045,1.27489795004
113,0.291543693965,1.28099962014
113,0.294201964461,1.28709341072
113,0.296946760676,1.29317574663
113,0.299781369178,1.29924447925
114,0.302710579672,1.30528901064
114,0.305736637497,1.31130726934
114,0.308863987366,1.31728459708
114,0.312093695229,1.32321705522
115,0.31542792854,1.32909150952
115,0.318865937656,1.33490200039
115,0.32240849353,1.34063034171
115,0.326052433607,1.34626838275
116,0.329794798832,1.35180011112
116,0.333628619176,1.35721859414
116,0.337547498766,1.3625067823
117,0.341541723367,1.36765330809
117,0.345600364328,1.37264393383
117,0.349709199172,1.37747010515
117,0.353852269954,1.38212311721
118,0.358013017141,1.38659046463
118,0.362171119864,1.39086913434
118,0.366306050276,1.39495293826
118,0.370394933853,1.39884226467
119,0.374414593333,1.4025379855
119,0.378340719415,1.40604667774
119,0.382148741927,1.40937971319
120,0.385815945031,1.41254826466
120,0.389321017154,1.41556827242
120,0.392644741338,1.41846139957
120,0.395769538142,1.42126015219
121,0.398686789937,1.42398469374
121,0.401389811663,1.42667044839
121,0.403880360518,1.4293453227
121,0.406165042769,1.43204097458
122,0.40825646779,1.43478470449
122,0.410172488442,1.43759611353
122,0.411932509979,1.44049279615
123,0.413556654843,1.44348593769
123,0.415064805015,1.4465776332
123,0.416472695342,1.44977093519
123,0.417792549154,1.45306722196
124,0.419034740558,1.45646289272
124,0.4202059971,1.45995983272
124,0.421312387503,1.46355975772
125,0.422360591925,1.46726399869
125,0.423357897015,1.47107635874
125,0.42431204316,1.47500476305
125,0.425234718109,1.47904861562
126,0.426136086353,1.48321612396
126,0.427030814247,1.48750102615
126,0.427929492745,1.4919100257
127,0.42884687319,1.49643198983
127,0.429793458034,1.50106563424
127,0.430779780779,1.50580357637
128,0.431814937129,1.51063695883
128,0.432906813608,1.51555460161
128,0.434059644822,1.52055184703
128,0.43527904919,1.52561345634
129,0.436565887802,1.53073578784
129,0.437922307309,1.53590637401
129,0.439348067707,1.5411175625
130,0.44084236892,1.54636087411
130,0.442403904073,1.55162753618
130,0.444028867861,1.55691612947
131,0.445716338486,1.56221430408
131,0.447461026092,1.56752471881
131,0.449261402863,1.57283697265
131,0.451112921952,1.57815172123
132,0.453012897942,1.58346385545
132,0.454957371495,1.58877367954
132,0.456943882495,1.59407735235
133,0.458969471752,1.59937395418
133,0.461031959271,1.60466105343
133,0.463127616292,1.6099427948
134,0.465255529584,1.61521465325
134,0.46741364927,1.62047710634
134,0.469600789291,1.62572856011
134,0.471814665209,1.63097200554
135,0.474055147074,1.63620359252
135,0.4763205909,1.641425139
135,0.478610332682,1.64663530264
136,0.480923609556,1.65183309238
136,0.48325964905,1.65701732819
136,0.485617648939,1.66218647261
137,0.487996534889,1.66733922143
137,0.490394668295,1.67247526417
137,0.49281088532,1.67759152045
138,0.495242964367,1.68268718409
138,0.497689322151,1.68775780343
138,0.500146309656,1.69280437834
139,0.502610837693,1.69782441929
139,0.505079191495,1.70281604314
139,0.507547331885,1.70777711576
140,0.510009783228,1.71270925525
140,0.512461151463,1.71761308148
140,0.51489633618,1.72248799621
141,0.517309443751,1.72733640011
141,0.519694476552,1.7321620247
141,0.522046009054,1.73696838645
142,0.524359181078,1.74175955505
142,0.526628916227,1.74654347874
142,0.528851102951,1.75132873801
142,0.531024339432,1.75611938457
143,0.533146120807,1.76092805589
143,0.535217328554,1.76576144714
143,0.53723908675,1.77063086036
144,0.53921497494,1.77554484474
144,0.541149749396,1.7805131551
144,0.54305063235,1.78554203543
145,0.544925085711,1.7906408759
145,0.546782539761,1.79581568261
145,0.548633873794,1.8010698099
146,0.550490371842,1.80640631311
146,0.552364100312,1.81182278706
146,0.554263399757,1.81732051351
147,0.556199755746,1.82289731773
147,0.55818406617,1.82855055076
148,0.560227606529,1.83427213873
148,0.562339204768,1.84005711226
148,0.564527812605,1.84589462572
149,0.566800096835,1.85177545806
149,0.569161531824,1.85768822217
149,0.571616104806,1.86362027682
150,0.574165182646,1.86956150718
150,0.576809686243,1.87549743971
150,0.579547558881,1.88141778849
151,0.582376480543,1.88730799279
151,0.585291723982,1.89315660427
151,0.588286952569,1.89895312867
152,0.591354556966,1.90468739216
152,0.594485947322,1.91034906772
152,0.597670712593,1.91593084742
153,0.600898012744,1.92142443762
153,0.604155722513,1.92682379983
153,0.607430863614,1.93212426853
154,0.610709566086,1.93732321002
154,0.613977842377,1.94241814303
154,0.617220755748,1.94741000656
155,0.62042341543,1.95230068125
155,0.623571338509,1.95709259068
156,0.626649590548,1.96179217745
156,0.629643762815,1.96640762409
156,0.632540119579,1.97094920875
157,0.635327140303,1.97542530953
157,0.637992784893,1.97985169054
157,0.640527857642,1.9842417182
158,0.642924479723,1.98861171254
158,0.645176796832,1.99297920663
158,0.647281410873,1.99736191221
159,0.649237379639,2.00177783705
159,0.651045742601,2.00624665654
160,0.652710574486,2.01078616264
160,0.654237899242,2.01541509757
160,0.655636504398,2.02014992516
161,0.65691738263,2.02500564569
161,0.658093083497,2.02999672908
161,0.659178096245,2.03513474736
162,0.660187894991,2.04043004936
162,0.661139308325,2.04588931212
163,0.662049443929,2.05151756471
163,0.662935404037,2.05731783222
163,0.66381425246,2.06329009806
164,0.664702365487,2.06943231436
164,0.66561515892,2.07574041911
164,0.666566657527,2.08220903802
165,0.667570036267,2.08882935795
165,0.668635868647,2.09559437427
166,0.669773897194,2.10249333752
166,0.670991446749,2.10951689295
166,0.672294306291,2.11665466805
167,0.673686877814,2.1238952971
167,0.675171775976,2.13122830051
168,0.676749550536,2.1386456797
168,0.678420327691,2.14613750765
168,0.680183081682,2.15369501929
169,0.682035109114,2.16131307093
169,0.683974557437,2.16898288524
169,0.685997706495,2.17670134702
170,0.688101979775,2.18446205066
170,0.69028343397,2.19226374079
171,0.692539216777,2.20010286057
171,0.69486646931,2.20797724247
171,0.69726244637,2.21588579518
172,0.699724802228,2.2238275303
172,0.702251961333,2.23180020164
173,0.704841658171,2.23980467047
173,0.707492844508,2.24783850616
173,0.710203323842,2.25590313653
174,0.712972158341,2.26399584038
174,0.715797594742,2.27211601788
175,0.71867761969,2.28026317353
175,0.721609734979,2.28843746501
175,0.724591647564,2.29663744956
176,0.727620279504,2.30486325937
176,0.730691841434,2.31311649001
177,0.73380288562,2.32139706366
177,0.73694873327,2.32970845882
177,0.740124607727,2.33805440347
178,0.743325693424,2.34643900939
178,0.746546134809,2.35487038284
179,0.749780181901,2.3633579901
179,0.753021649403,2.3719170742
180,0.756266164277,2.38056864503
180,0.759514275408,2.38934518833
180,0.762780815116,2.39828781768
181,0.766105249977,2.40744568719
181,0.769562739922,2.4168568331
182,0.7732617715,2.42652137512
182,0.777318855461,2.43637760348
182,0.781815005329,2.44629548192
183,0.786752974759,2.4561091884
183,0.792046181866,2.46567153647
184,0.797548784524,2.47490681521
184,0.803112012891,2.48382495569
185,0.808631471889,2.4924984228
185,0.814063617636,2.50101925699
185,0.819412721157,2.50946345355
186,0.824704950158,2.51787919537
186,0.829969392545,2.52628601238
187,0.835226584701,2.53469141224
187,0.840489325188,2.54309447671
188,0.845763755818,2.55149528738
188,0.851053231298,2.55989319915
188,0.856359364269,2.56828920998
189,0.861683515309,2.5766838726
189,0.867026362347,2.58507944204
190,0.872388748167,2.59347758997
190,0.877771358143,2.60188043388
191,0.883175219858,2.61028906584
191,0.888601028305,2.61870555397
192,0.894049786592,2.62713103951
192,0.899521908274,2.63556837251
192,0.905018816601,2.644017406
193,0.910541141494,2.65248028213
193,0.916089810505,2.66095822095
194,0.921665773714,2.66945232139
194,0.927269987657,2.67796360113
195,0.93290345182,2.68649288534
195,0.938566676876,2.69504233023
196,0.944261144769,2.70361121844
196,0.949987406373,2.71220142764
196,0.955746607047,2.72081304789
197,0.961539355721,2.72944761607
197,0.967366707181,2.73810531433
198,0.973229690264,2.74678632159
198,0.979128815412,2.7554922008
199,0.985065024671,2.76422321531
199,0.991039203252,2.77297971698
200,0.997052005487,2.78176263413
200,1.00310434892,2.79057209296
201,1.00919703479,2.79940848713
201,1.01533055928,2.80827300194
201,1.02150593428,2.81716534664
202,1.02772351565,2.82608700582
202,1.03398431709,2.8350376208
203,1.0402887459,2.84401848315
203,1.04663749223,2.85303009836
204,1.05303137036,2.86207264162
204,1.05947077072,2.87114746139
205,1.06595640233,2.8802550709
205,1.0724889391,2.88939612853
206,1.07906907963,2.89857129061
206,1.08569719674,2.90778216608
207,1.09237397094,2.91702962693
207,1.09910024744,2.92631421605
208,1.10587628598,2.93563816064
208,1.11270301396,2.94500204901
209,1.11958100128,2.95440758164
209,1.12651084237,2.96385657552
210,1.13349309818,2.97335114838
210,1.14052865713,2.98289281547
211,1.14761802348,2.99248441652
211,1.1547617548,3.00212904548
211,1.16196090873,3.01182900993
212,1.16921583794,3.02158912592
212,1.17652780404,3.03141275667
213,1.18389772779,3.04130536706
213,1.19132688899,3.05127313905
214,1.19881712702,3.06132303987
214,1.206370871,3.07146351683
215,1.21399156672,3.08170441096
215,1.22168374947,3.09205804966
216,1.22945449372,3.10253716145
216,1.23731279668,3.11315835535
217,1.24527171615,3.12393893782
217,1.25334880207,3.13489828763
218,1.26156737954,3.14605717045
218,1.26995801676,3.15743645706
219,1.27855955695,3.1690564596
219,1.28742073776,3.18093390494
220,1.29660075576,3.19308011978
220,1.30616956833,3.20549788888
221,1.31620769628,3.21817704679
221,1.32680430237,3.23109137413
222,1.33805489211,3.24419325687
223,1.35005633364,3.25741179495
223,1.3629019275,3.27064814083
224,1.37667398774,3.28377510196
224,1.39143635705,3.29663640043
225,1.40722554377,3.30905033328
225,1.42404338809,3.32081268075
226,1.4418487914,3.33170646759
226,1.46055321187,3.34150905769
227,1.48001691867,3.3500048146
227,1.5000486293,3.35699774801
228,1.52040927819,3.36232248072
228,1.54081733272,3.3658586231
229,1.56095908356,3.36753952207
229,1.58050023582,3.36736178002
230,1.5991008496,3.36538888023
230,1.6164301504,3.36175415222
231,1.63218243631,3.35665809076
231,1.64609228644,3.35036177315
232,1.65794786331,3.34317706516
232,1.66760115125,3.33545459515
233,1.67497560783,3.32756774494
234,1.68006942324,3.31989617125
234,1.68295439137,3.31280932788
235,1.68377127567,3.30664943618
235,1.68272049275,3.30171802173
236,1.68005024519,3.29826408412
236,1.67604216525,3.29647636211
237,1.67099607603,3.29647916712
237,1.66521402973,3.29833389541
238,1.65898696603,3.3020415809
238,1.65258181761,3.30755203597
239,1.6462333881,3.31477148222
240,1.64013737192,3.32357555903
240,1.63444872356,3.33381829598
241,1.62928098158,3.34534437418
241,1.62470941542,3.35799717014
242,1.62077448986,3.37162796399
242,1.61748838348,3.38609912208
243,1.6148397202,3.4012899863
243,1.61280015716,3.41709705033
244,1.6113285577,3.43343682908
245,1.6103766217,3.450243103
245,1.60989185549,3.46746730346
246,1.60982117235,3.48507532785
246,1.61011191446,3.50304802493
247,1.61071463189,3.52137643072
247,1.61158265921,3.54006288749
248,1.61267347169,3.55911763473
249,1.61394845683,3.57855850606
249,1.61537288319,3.59841013415
250,1.61691597183,3.61870306717
250,1.61855056479,3.63947408652
251,1.62025338501,3.66076563137
251,1.62200527392,3.68262576947
252,1.62379104782,3.7051095978
253,1.62560064131,3.72827832099
253,1.62742959645,3.75220039919
254,1.62928031228,3.77695154003
254,1.63116345778,3.80261483549
255,1.63309921399,3.82928175793
256,1.63511995819,3.8570501397
256,1.63727179269,3.88602502786
257,1.63961709035,3.91631715399
257,1.64223706847,3.9480410361
258,1.64523396131,3.98131340464
259,1.64873383119,4.01624902133
259,1.65288817623,4.05295779492
260,1.65787522549,4.09154051631
260,1.6639009326,4.13208258954
261,1.6711983151,4.17464861098
262,1.68002563437,4.21927633297
262,1.69066312799,4.26597071063
263,1.70340829161,4.31469832999
263,1.71857027124,4.36538137562
264,1.73646173921,4.41789608464
265,1.75739170267,4.47206792887
265,1.7816559326,4.52767296331
266,1.80952841626,4.58443772378
266,1.84125236872,4.64204232764
267,1.87703185523,4.70012489621
268,1.91702434256,4.75828711857
268,1.96133402037,4.81610177511
269,2.01000642159,4.87312109821
269,2.06302461868,4.9288853286
270,2.12030642003,4.98293273241
271,2.18170284664,5.03481006171
271,2.24699833948,5.0840820611
272,2.3159114716,5.13034254311
273,2.38809688294,5.17322506552
273,2.46314791878,5.21241447811
274,2.54060014683,5.24765963866
274,2.61993610409,5.27878837998
275,2.70059248718,5.30572584247
276,2.78197216037,5.32851751144
276,2.86346527868,5.34735735658
277,2.94448566989,5.36261970672
278,3.02453075411,5.37488760747
278,3.1032704312,5.38496648273
279,3.18066607733,5.39385987539
280,3.25710518022,5.4026822223
280,3.33351700959,5.41248701649
281,3.41141567013,5.42400611857
282,3.49280739606,5.43733622019
282,3.57991943749,5.45165227677
283,3.67476272493,5.46505575338
283,3.77861040203,5.47465933504
284,3.8915360743,5.47694212762
285,4.012159342,5.46832263726
285,4.13769516709,5.44581142803
286,4.26430979366,5.40757565978
287,4.38769589098,5.3532748835
287,4.50372302324,5.28409896226
288,4.60901415997,5.20251873058
289,4.70132991364,5.11183309331
289,4.77970473342,5.01563219463
290,4.84434409179,4.91730149697
291,4.89634843458,4.8196599815
291,4.93735640575,4.72477851926
292,4.9692012552,4.63396875628
293,4.99364540137,4.54789623232
293,5.01222065172,4.46675462238
294,5.02616792237,4.3904435158
295,5.03644808008,4.31871340019
296,5.04378984496,4.25126444595
296,5.04874872675,4.18780104057
297,5.05175940341,4.12805457599
298,5.05317476291,4.07178753802
298,5.05329204183,4.01878873934
299,5.05236810225,3.96886683978
300,5.05062871665,3.92184415518
300,5.04827366773,3.87755254563
301,5.04547966734,3.83583110937
302,5.04240269635,3.79652473604
302,5.03917997567,3.75948327816
303,5.03593091698,3.72456170116
304,5.03275916775,3.69161960302
305,5.02975324859,3.66052200165
305,5.02698817378,3.63113955858
306,5.02452709139,3.60334878118
307,5.022422188,3.57703247054
307,5.02071706483,3.55207863857
308,5.0194465216,3.52838082772
309,5.01863773333,3.50583721522
309,5.01831010026,3.48435076553
310,5.01847567891,3.4638293026
311,5.01913923303,3.44418620829
312,5.0202990301,3.42534082996
312,5.02194762954,3.4072189385
313,5.0240726074,3.38975313527
314,5.026657625,3.37288288871
315,5.0296830968,3.35655473143
315,5.03312711266,3.34072221419
316,5.03696654187,3.32534568577
317,5.04117739065,3.31039248581
317,5.04573624095,3.29583628231
318,5.05062069006,3.28165687585
319,5.05581019205,3.2678395124
320,5.06128652224,3.25437422889
320,5.06703459316,3.24125480956
321,5.07304184119,3.22847856823
322,5.0792988565,3.21604530395
323,5.08579917015,3.20395682812
323,5.09253903494,3.1922165516
324,5.09951722657,3.18082912758
325,5.1067347612,3.16980021593
326,5.11419506053,3.15913603537
326,5.12190319671,3.14884355064
327,5.12986595525,3.13893021215
328,5.13809183733,3.12940380429
329,5.14658995699,3.12027304466
329,5.15537078742,3.11154714905
330,5.16444535998,3.10323647141
331,5.17382497733,3.09535300626
332,5.18352142629,3.08791083892
332,5.19354669049,3.08092722017
333,5.20391331635,3.07442363531
334,5.21463522151,3.06842701552
335,5.2257288337,3.06297109656
335,5.23721454003,3.05809777552
336,5.24911979816,3.05385743482
337,5.26148101018,3.05030965729
338,5.27434686609,3.04752250978
339,5.28778112992,3.04557145373
339,5.30186499862,3.04453781835
340,5.31669948616,3.04450673617
341,5.33240715273,3.04556520744
342,5.34913351578,3.04780044388
343,5.36704865193,3.05129858156
343,5.3863496057,3.05614377896
344,5.40726319017,3.0624182066
345,5.43005123654,3.07020182013
346,5.45501768758,3.07957201444
346,5.48251885649,3.09060184833
347,5.51297708616,3.10335598502
348,5.54689803945,3.11788353203
349,5.58489398825,3.13420564081
350,5.62771419913,3.15229507883
351,5.67628658458,3.17203882977
351,5.73176724652,3.19316984174
352,5.79558616542,3.21514562672
353,5.86945163309,3.23695542902
354,5.95525309251,3.25685744537
355,6.05478689425,3.27209799379
355,6.1692578347,3.27873131183
356,6.29859571567,3.27170725368
357,6.44075485806,3.24537082219
358,6.59126529363,3.19439621507
359,6.74330680766,3.11498859365
360,6.88844447046,3.00602247987
360,7.01794145427,2.86973589201
361,7.12434987747,2.71169215633
362,7.20295213015,2.5399250261
363,7.25262319994,2.36343144957
364,7.27582359102,2.19039573594
365,7.2776779094,2.02665625378
365,7.26440074577,1.87489321904
366,7.2415869459,1.73479246892
367,7.21295365876,1.60407482824
368,7.17992863862,1.47993578896
369,7.14209761576,1.36031213995
370,7.09817137292,1.24455229914
370,7.04699855035,1.13339494378
371,6.98825373291,1.02845106387
372,6.92265972654,0.931508495641
373,6.85180639753,0.843940402379
374,6.77774297658,0.766374213618
375,6.70253456147,0.698644293668
376,6.62792262416,0.639956695084
376,6.55515118641,0.589154305799
377,6.48495133296,0.544978982889
378,6.4176329848,0.506264985829
379,6.35322094766,0.47204217106
380,6.29158643808,0.441560714314
381,6.23254625754,0.414265215273
382,6.17592202398,0.389746794234
383,6.12156644239,0.367693917585
383,6.06936709429,0.34785303329
384,6.01923941338,0.330002167503
385,5.97111536382,0.313936157224
386,5.92493370973,0.299460212675
387,5.8806324159,0.28638859385
388,5.83814470053,0.274545762064
389,5.79739690576,0.263768382184
390,5.75830866583,0.253907159286
391,5.72079461154,0.244828077444
392,5.68476520344,0.236412993965
392,5.65012977407,0.22855947827
393,5.61679772164,0.22118018129
394,5.58468026088,0.214201767638
395,5.55369219416,0.207563574774
396,5.52375240655,0.201216171041
397,5.49478501337,0.195119838508
398,5.46671955698,0.189243119967
399,5.43949112825,0.183561451502
400,5.41304041867,0.178055917261
401,5.38731376411,0.172712144757
402,5.36226252265,0.167519368835
403,5.33784298717,0.162469622041
403,5.31401560423,0.157557082298
404,5.29074524524,0.152777511013
405,5.26800018879,0.148127838333
406,5.24575214659,0.143605809438
407,5.22397547768,0.139209731824
408,5.20264734775,0.134938260004
409,5.18174709929,0.1307902538
410,5.1612561076,0.126764664306
411,5.1411574445,0.122860457098
412,5.12143582614,0.119076553229
413,5.10207720294,0.115411797845
414,5.08306889739,0.111864930062
415,5.06439921229,0.108434575805
416,5.04605733048,0.105119241335
417,5.02803343976,0.101917307852
418,5.0103182367,0.0988270430255
419,4.99290318152,0.0958465995019
420,4.97578032899,0.0929740242606
421,4.95894229042,0.0902072664445
421,4.9423819446,0.087544190433
422,4.92609280572,0.0849825773096
423,4.91006862921,0.0825201404481
424,4.89430354767,0.0801545314365
425,4.87879187449,0.0778833516317
426,4.86352845628,0.0757041545518
427,4.84850799113,0.0736144645867
428,4.83372567587,0.0716117741994
429,4.81917679675,0.069693557561
430,4.8048568806,0.0678572750565
431,4.79076153984,0.0661003819905
432,4.77688648615,0.0644203343626
433,4.76322764596,0.0628145929841
434,4.74978102841,0.0612806306386
435,4.73654277637,0.0598159363357
436,4.72350898662,0.0584180221585
437,4.71067617339,0.0570844216925
438,4.6980405157,0.0558127032475
439,4.68559868846,0.05460046322
440,4.67334693045,0.053445340442
441,4.66128207378,0.0523450069791
442,4.6494006804,0.0512971808064
443,4.63769939803,0.050299623931
444,4.62617512801,0.0493501426788
445,4.61482458829,0.0484465942399
447,4.6036446404,0.047586884629
448,4.59263225177,0.0467689704593
449,4.5817843744,0.0459908612965
450,4.57109800167,0.0452506199405
451,4.56057012126,0.0445463635851
452,4.55019788718,0.0438762626543
453,4.53997840179,0.0432385433163
454,4.52990880769,0.0426314867689
455,4.51998638697,0.0420534283885
456,4.51020826436,0.0415027604491
457,4.50057178549,0.0409779284001
458,4.49107430096,0.0404774326126
459,4.48171316954,0.0399998279426
460,4.47248572485,0.0395437235326
461,4.46338940099,0.039107781122
462,4.45442172205,0.0386907145267
463,4.44558023867,0.0382912894992
464,4.43686234385,0.0379083245297
465,4.42826578025,0.0375406856577
466,4.41978806501,0.037187290546
468,4.41142687698,0.0368471042462
469,4.40317998375,0.0365191388913
470,4.39504501023,0.0362024546281
471,4.38701978736,0.0358961556967
472,4.37910220224,0.0355993906521
473,4.37128988078,0.0353113538653
474,4.36358086209,0.0350312789484
475,4.35597303374,0.0347584422535
476,4.34846437628,0.0344921597708
477,4.3410528816,0.0342317866599
478,4.33373647221,0.0339767167408
480,4.32651337442,0.0337263784201
481,4.3193816245,0.0334802374327
482,4.31233927935,0.0332377940196
483,4.30538464812,0.0329985800015
484,4.2985158817,0.032762160806
485,4.29173121695,0.0325281324314
486,4.28502896502,0.0322961204057
487,4.27840742221,0.032065779329
489,4.27186495814,0.0318367910799
490,4.26539998924,0.0316088639037
491,4.25901092353,0.0313817317143
492,4.25269622991,0.0311551524839
493,4.24645438317,0.0309289075663
494,4.24028392873,0.0307028001553
495,4.23418342902,0.030476654627
496,4.22815146714,0.0302503154737
498,4.22218676609,0.0300236454365
499,4.21628784172,0.0297965269829
500,4.21045350034,0.0295688577797
501,4.20468247374,0.0293405523397
502,4.19897344287,0.0291115408973
503,4.19332524319,0.0288817670617
505,4.18773676625,0.0286511876275
506,4.18220677741,0.0284197729533
507,4.17673414844,0.0281875045136
508,4.17131785768,0.0279543740995
509,4.16595680196,0.0277203842969
510,4.1606499843,0.0274855464565
512,4.15539633726,0.0272498811324
513,4.15019491317,0.0270134161099
514,4.14504481285,0.026776186203
515,4.13994502554,0.0265382336303
516,4.13489471479,0.0262996055321
517,4.12989298205,0.0260603548974
519,4.12493902881,0.0258205389516
520,4.12003190599,0.0255802201833
521,4.11517095325,0.0253394630739
522,4.11035525433,0.0250983369958
523,4.10558413827,0.0248569126376
525,4.1008568297,0.0246152637182
526,4.09617265995,0.0243734652799
527,4.09153080736,0.0241315948499
528,4.08693069714,0.0238897296891
530,4.082371703,0.0236479482345
531,4.07785305247,0.0234063303036
532,4.0733742311,0.0231649544513
533,4.06893458438,0.0229238999996
534,4.06453353043,0.0226832455517
536,4.0601705292,0.0224430689405
537,4.05584497068,0.0222034476307
538,4.05155633689,0.0219644576192
539,4.04730411859,0.0217261737231
541,4.04308771079,0.0214886699697
542,4.03890671863,0.0212520178117
543,4.03476066893,0.0210162875504
544,4.03064894826,0.020781548515
546,4.02657126875,0.0205478665429
547,4.02252696797,0.0203153075094
548,4.01851583473,0.0200839330228
549,4.01453735712,0.0198538041944
551,4.01059103952,0.0196249799522
552,4.00667654975,0.0193975162877
553,4.00279348182,0.0191714673986
555,3.99894147678,0.0189468850712
556,3.99512011537,0.0187238191769
557,3.99132903631,0.0185023170992
558,3.98756783168,0.0182824242247
560,3.98383630228,0.0180641827779
561,3.9801339478,0.0178476341701
562,3.97646048813,0.0176328166277
564,3.97281560045,0.0174197664216
565,3.96919892634,0.0172085178505
566,3.96561018547,0.0169991027757
567,3.96204916266,0.0167915507275
569,3.95851531097,0.0165858906218
570,3.9550085832,0.0163821472753
571,3.95152855024,0.0161803451784
573,3.94807500858,0.0159805059892
574,3.94464766123,0.015782649911
575,3.94124614727,0.0155867956011
577,3.93787029861,0.0153929592026
578,3.93451982053,0.0152011556733
579,3.93119444855,0.0150113982097
581,3.92789394035,0.0148236983363
582,3.92461799831,0.0146380662523
583,3.92136646563,0.0144545101492
585,3.91813910283,0.0142730371084
586,3.91493556032,0.0140936532353
587,3.91175567934,0.0139163626169
589,3.90859924344,0.0137411682888
590,3.90546603454,0.0135680720798
591,3.90235575751,0.0133970749209
593,3.89926823935,0.0132281762042
594,3.89620334009,0.0130613741565
596,3.89316072337,0.0128966666535
597,3.89014024432,0.0127340499592
598,3.88714165329,0.0125735197683
600,3.88416489624,0.0124150702712
601,3.88120956368,0.0122586959764
602,3.87827554266,0.0121043896512
604,3.87536273125,0.0119521433007
605,3.87247078814,0.0118019489729
607,3.86959964395,0.0116537972151
608,3.86674902548,0.0115076785773
609,3.86391883093,0.0113635825095
611,3.86110880107,0.0112214983831
612,3.85831883528,0.011081414591
614,3.85554866674,0.0109433195299
615,3.85279821925,0.010807200603
617,3.85006725716,0.0106730452539
618,3.84735559069,0.0105408404068
619,3.84466315123,0.0104105722986
621,3.84198966537,0.0102822273984
622,3.83933507459,0.0101557912901
624,3.83669910202,0.0100312498638
625,3.83408163951,0.0099085883057
627,3.83148255144,0.00978779164706
628,3.8289016815,0.00966884476439
629,3.82633881026,0.00955173250221
631,3.82379386481,0.00943643916597
632,3.82126668713,0.00932294912568
634,3.81875709636,0.00921124667074
635,3.81626487926,0.00910131604524
637,3.81379006415,0.00899314081259
638,3.81133242365,0.00888670506075
640,3.80889176168,0.00878199271937
641,3.80646796158,0.00867898746599
643,3.80406092311,0.00857767288895
644,3.80167048997,0.00847803266079
646,3.79929658153,0.00838005024931
647,3.79693895466,0.00828370945406
649,3.79459758144,0.00818899357875
650,3.79227230001,0.00809588620769
652,3.78996290868,0.00800437099634
653,3.78766934675,0.00791443129304
655,3.78539155026,0.00782605045608
656,3.78312928697,0.00773921219274
658,3.78088244105,0.00765389996599
659,3.77865100281,0.00757009702768
661,3.77643470328,0.00748778715348
662,3.77423356463,0.00740695353413
664,3.77204738583,0.00732757980148
665,3.76987604224,0.00724964942652
667,3.76771948275,0.00717314572776
668,3.76557752658,0.00709805225568
670,3.76345010765,0.00702435231792
671,3.76133711827,0.0069520292711
673,3.75923841938,0.00688106648983
675,3.75715393779,0.00681144717788
676,3.75508355737,0.00674315455869
678,3.75302715854,0.00667617178973
679,3.7509846306,0.00661048192756
681,3.74895594983,0.00654606777839
682,3.74694095799,0.00648291227311
684,3.74493951167,0.00642099818439
685,3.74295159629,0.00636030791678
687,3.74097701468,0.00630082402262
689,3.73901581645,0.00624252845166
690,3.73706780068,0.00618540337147
692,3.73513286847,0.00612943054849
693,3.73321100179,0.00607459136667
695,3.73130201036,0.00602086721658
697,3.72940597325,0.00596823875151
698,3.72752260151,0.00591668688977
700,3.72565196113,0.0058661916244
701,3.72379390695,0.00581673290059
703,3.72194830281,0.00576829023072
705,3.720115219,0.00572084235978
706,3.71829439115,0.00567436807065
708,3.71648584771,0.0056288451804
710,3.7146894996,0.00558425113956
711,3.71290521167,0.00554056288317
713,3.71113297821,0.00549775653229
715,3.709372737,0.00545580763766
716,3.70762430294,0.00541469123643
718,3.70588766943,0.00537438137132
719,3.70416274361,0.00533485144368
721,3.70244953109,0.00529607390762
723,3.70074783992,0.00525802065845
724,3.69905766629,0.00522066244291
726,3.69737893714,0.00518396919383
728,3.69571153946,0.00514790995252
729,3.69405544557,0.00511245266183
731,3.69241058577,0.00507756431556
733,3.69077684586,0.00504321093332
735,3.68915419588,0.00500935736028
736,3.68754254575,0.00497596744599
738,3.68594183724,0.00494300390342
740,3.68435198132,0.00491042838361
741,3.68277294325,0.00487820135755
743,3.68120461037,0.00484628229467
745,3.67964695696,0.00481462945345
746,3.67809987549,0.00478320012198
748,3.6765633317,0.00475195044072
750,3.67503718723,0.00472083566925
752,3.67352138471,0.00468980999256
753,3.6720158467,0.00465882671029
755,3.67052057173,0.0046278381848
757,3.66903539777,0.00459679622341
759,3.66756026118,0.00456565184594
760,3.66609512462,0.00453435548832
762,3.6646398431,0.00450285729351
764,3.66319435963,0.00447110700864
766,3.66175860103,0.00443905427067
767,3.66033245387,0.00440664880607
769,3.65891579833,0.0043738405754
771,3.65750863581,0.00434057982368
773,3.65611077719,0.0043068176697
775,3.65472215146,0.00427250596765
776,3.65334268943,0.00423759769121
778,3.65197222921,0.00420204729797
780,3.65061069177,0.00416581079058
782,3.64925798433,0.00412884610404
783,3.6479139435,0.00409111344902
785,3.64657852058,0.00405257538616
787,3.64525155437,0.0040131973668
789,3.64393295504,0.00397294780917
791,3.64262253608,0.00393179856078
793,3.64132021997,0.00388972494174
794,3.64002592533,0.00384670612612
796,3.63873948161,0.00380272547089
798,3.63746068448,0.00375777067371
800,3.63618957818,0.0037118336794
802,3.63492586479,0.00366491146088
804,3.63366951166,0.00361700553291
805,3.63242040229,0.00356812241839
807,3.63117833743,0.00351827371271
809,3.62994326185,0.00346747589388
811,3.62871501066,0.0034157505637
813,3.6274934438,0.0033631242667
815,3.62627844663,0.00330962840085
817,3.6250699368,0.0032552990809
819,3.623867778,0.00320017704349
820,3.62267185022,0.00314430736889
822,3.62148207675,0.00308773920806
824,3.62029827742,0.0030305256223
826,3.61912047055,0.00297272300867
828,3.61794845563,0.00291439110456
830,3.61678216205,0.00285559232354
832,3.61562157966,0.00279639142789
834,3.61446653293,0.00273685529785
836,3.61331701613,0.00267705225277
838,3.61217285135,0.00261705189026
840,3.61103411195,0.00255692434932
841,3.60990071949,0.00249674019113
843,3.60877255745,0.00243656990023
845,3.60764959302,0.00237648340462
847,3.60653184184,0.00231654972614
849,3.60541917746,0.00225683674506
851,3.60431160782,0.00219741068515
853,3.60320913601,0.00213833589868
855,3.60211170429,0.00207967461815
857,3.60101930169,0.00202148664062
859,3.59993192861,0.00196382913123
861,3.5988495229,0.00190675647512
863,3.59777209236,0.00185032004761
865,3.59669967563,0.00179456811345
867,3.59563224429,0.00173954578085
869,3.59456979361,0.00168529488749
871,3.59351230367,0.00163185398102
873,3.59245978064,0.00157925828715
875,3.59141225154,0.00152753972501
877,3.59036973931,0.00147672695234
879,3.58933220147,0.00142684544301
881,3.58829968687,0.00137791749371
883,3.58727212949,0.00132996239353
885,3.58624964985,0.0012829964092
887,3.58523213063,0.00123703305553
889,3.58421969323,0.00119208304326
891,3.58321226778,0.00114815456057
893,3.58220991334,0.00110525329725
896,3.58121255307,0.0010633826696
898,3.58022028079,0.00102254386612
900,3.57923304573,0.000982736085846
902,3.57825088309,0.000943956611409
904,3.57727372859,0.000906201001319
906,3.57630171056,0.000869463152103
908,3.57533470157,0.000833735547825
910,3.57437280182,0.0007990092707
912,3.57341593294,0.000765274226063
914,3.57246414307,0.00073251919345
916,3.57151735728,0.000700731998128
918,3.57057563364,0.000669899568863
921,3.5696389974,0.000640008078824
923,3.56870737322,0.000611043055313
925,3.56778073441,0.000582989445054
927,3.56685916722,0.000555831693972
929,3.56594256575,0.000529553878625
931,3.56503103475,0.000504139718389
933,3.56412439116,0.000479572720583
936,3.56322276476,0.000455836158968
938,3.56232611795,0.000432913202429
940,3.56143438195,0.000410786948651
942,3.56054758314,0.000389440459492
944,3.55966568683,0.000368856825525
946,3.55878864005,0.000349019201214
949,3.55791655973,0.000329910824086
951,3.55704925615,0.000311515094125
953,3.55618683464,0.000293815545809
955,3.55532920514,0.000276795919885
957,3.5544764382,0.000260440155671
960,3.55362835628,0.000244732443043
962,3.55278510398,0.000229657197641
964,3.55194659019,0.000215199116451
966,3.55111274234,0.000201343171209
968,3.55028364128,0.00018807461229
971,3.54945916035,0.000175378998002
973,3.54863937584,0.000163242178885
975,3.54782418443,0.00015165032281
977,3.54701362454,0.000140589903129
980,3.54620765188,0.000130047711635
982,3.54540623954,0.000120010855245
984,3.54460933206,0.000110466757963
986,3.54381695215,0.000101403156777
989,3.54302909345,9.28081039251e-05
991,3.54224568446,8.46699650784e-05
993,3.54146672267,7.69774127542e-05
996,3.54069217817,6.97194254496e-05
998,3.53992202213,6.28852828156e-05
1000,3.5391562519,5.64645608001e-05
1003,3.53839485222,5.04471275853e-05
1005,3.53763775818,4.48231387683e-05
1007,3.53688501136,3.95830298078e-05
1009,3.53613649632,3.47175137367e-05
1012,3.53539228057,3.02175713645e-05
1014,3.53465232875,2.60744485841e-05
1016,3.5339165664,2.22796492594e-05
1019,3.53318499779,1.88249282765e-05
1021,3.5324576561,1.57022859737e-05
1024,3.53173444331,1.29039626079e-05
1026,3.53101539177,1.04224308655e-05
1028,3.53030048617,8.25039056066e-06
1031,3.52958963652,6.38076236369e-06
1033,3.52888296347,4.80668114719e-06
1035,3.52818028347,3.52149091204e-06
1038,3.52748178333,2.5187378098e-06
1040,3.52678732495,1.78474555131e-06
1043,3.5260969382,1.2690689279e-06
1045,3.52541068415,9.59506390495e-07
1047,3.52472845559,8.42242134898e-07
1050,3.52405036125,7.76521881814e-07
1052,3.52337622306,7.16141272788e-07
1055,3.52270596419,6.60976648273e-07
1057,3.5220395992,6.10907967002e-07
1060,3.52137700578,5.65818751174e-07
1062,3.52071819444,5.25595940782e-07
1064,3.52006312267,4.90129831614e-07
1067,3.51941176374,4.59313968973e-07
1069,3.51876400075,4.33045068485e-07
1072,3.51811993152,4.11222886274e-07
1074,3.51747944359,3.93729486657e-07
1077,3.51684251545,3.7791194493e-07
1079,3.51620917423,3.61969922448e-07
1082,3.51557934654,3.45902743043e-07
1084,3.51495297738,3.29709725011e-07
1087,3.51433007032,3.13390177887e-07
1089,3.51371058508,2.96943412425e-07
1092,3.51309454084,2.80368731279e-07
1094,3.51248189601,2.63984115036e-07
1097,3.5118725765,2.48558946805e-07
1099,3.5112665672,2.34069940214e-07
1102,3.51066392495,2.20458258174e-07
1104,3.51006453081,2.07668893867e-07
1107,3.50946843954,1.95650392621e-07
1109,3.50887554873,1.8435463442e-07
1112,3.50828591613,1.73736594111e-07
1115,3.50769945887,1.6375415152e-07
1117,3.50711620107,1.54367886299e-07
1120,3.50653608832,1.45540907949e-07
1122,3.50595912835,1.37238682406e-07
1125,3.50538524529,1.29428882596e-07
1128,3.50481447222,1.22081235812e-07
1130,3.50424675274,1.15167396187e-07
1133,3.50368214253,1.086608115e-07
1135,3.50312052172,1.02536615067e-07
1138,3.50256191578,9.67715057204e-08
1141,3.50200629281,9.13436520543e-08
1143,3.50145368499,8.62325935582e-08
1146,3.50090397942,8.14191569074e-08
1148,3.50035725476,7.68853645085e-08
1151,3.49981342912,7.26143655002e-08
1154,3.49927247572,6.8590358149e-08
1156,3.49873442457,6.47985225795e-08
1159,3.49819923166,6.12249602551e-08
1162,3.49766690246,5.78566326199e-08
1164,3.49713737532,5.46813081203e-08
1167,3.49661065775,5.16875084735e-08
1170,3.49608676239,4.88644618273e-08
1173,3.49556560497,4.62020592286e-08
1175,3.49504721597,4.36908096704e-08
1178,3.4945315617,4.13218034157e-08
1181,3.4940186497,3.90866739444e-08
1183,3.49350837617,3.69775654327e-08
1186,3.49300084785,3.4987097164e-08
1189,3.4924960149,3.31083376383e-08
1192,3.49199377566,3.13347751723e-08
1194,3.49149421808,2.96602895187e-08
1197,3.49099728135,2.8079130512e-08
1200,3.49050293343,2.65858934219e-08
1203,3.49001119452,2.51754973762e-08
1205,3.48952200003,2.3843166298e-08
1208,3.48903539081,2.25844086977e-08
1211,3.48855132125,2.13950014221e-08
1214,3.48806983125,2.02709720102e-08
1217,3.48759080896,1.92085846891e-08
1219,3.48711428515,1.82043241418e-08
1222,3.48664025045,1.72548830694e-08
1225,3.48616867434,1.63571493478e-08
1228,3.48569957026,1.55081938146e-08
1231,3.4852329054,1.47052595565e-08
1233,3.48476868982,1.394575105e-08
1236,3.48430684243,1.32272249244e-08
1239,3.48384739867,1.25473799415e-08
1242,3.48339036736,1.19040489919e-08
1245,3.48293568378,1.12951911472e-08
1248,3.48248337437,1.07188835208e-08
1251,3.48203338678,1.01733147398e-08
1254,3.48158575829,9.65677775608e-09
1256,3.4811403757,9.1676642953e-09
1259,3.48069733664,8.70445798622e-09
1262,3.48025660206,8.26572982289e-09
1265,3.47981813511,7.85013259784e-09
1268,3.47938192629,7.45639600298e-09
1271,3.47894798284,7.08332211588e-09
1274,3.47851621846,6.72978134787e-09
1277,3.47808673607,6.39470786508e-09
1280,3.47765943997,6.07709658692e-09
1283,3.47723433679,5.77599905462e-09
1286,3.47681140184,5.49052036217e-09
1289,3.47639065542,5.21981590407e-09
1292,3.47597207693,4.96308857873e-09
1295,3.47555565582,4.71958594432e-09
1298,3.47514134955,4.48859768329e-09
1301,3.47472915179,4.26945307039e-09
1304,3.4743190737,4.06151871432e-09
1307,3.47391107693,3.86419648192e-09
1310,3.47350521671,3.67692130605e-09
1313,3.47310139378,3.49915955413e-09
1316,3.47269964513,3.33040691728e-09
1319,3.47229994718,3.17018693707e-09
1322,3.47190227957,3.01804934878e-09
1325,3.47150663139,2.8735685841e-09
1328,3.47111304465,2.7363423338e-09
1331,3.47072140068,2.60599039544e-09
1334,3.47033181158,2.4821531189e-09
1337,3.46994415821,2.36449059019e-09
1340,3.46955850008,2.25268122258e-09
1343,3.46917477413,2.14642093283e-09
1346,3.46879300568,2.04542201945e-09
1349,3.4684131826,1.94941232451e-09
1353,3.46803528495,1.85813434414e-09
1356,3.4676593063,1.77134439863e-09
1359,3.4672852558,1.6888118624e-09
1362,3.46691309675,1.61031846788e-09
1365,3.46654280475,1.53565759007e-09
1368,3.46617438633,1.46463359501e-09
1371,3.46580780634,1.39706126391e-09
1375,3.46544309715,1.33276517367e-09
1378,3.4650802481,1.27157920292e-09
1381,3.46471921621,1.21334601433e-09
1384,3.46436000785,1.15791654383e-09
1387,3.46400264099,1.10514956305e-09
1390,3.46364702805,1.05491128776e-09
1394,3.46329322802,1.00707489333e-09
1397,3.46294122161,9.6152020635e-10
1400,3.46259099822,9.18133316663e-10
1403,3.46224252029,8.76806247699e-10
1407,3.4618957943,8.37436617461e-10
1410,3.46155080047,7.99927354924e-10
1413,3.46120755421,7.64186399577e-10
1416,3.46086604077,7.30126447418e-10
1420,3.46052623675,6.97664690511e-10
1423,3.4601881198,6.66722574346e-10
1426,3.45985172433,6.37225560581e-10
1429,3.45951700436,6.09102938988e-10
1433,3.45918396376,5.8228759957e-10
1436,3.45885258398,5.56715854635e-10
1439,3.45852288325,5.32327247841e-10
1443,3.45819479624,5.09064402125e-10
1446,3.45786841548,4.86872821249e-10
1449,3.45754359821,4.65700794882e-10
1453,3.45722044216,4.4549918563e-10
1456,3.45689890487,4.26221346385e-10
1459,3.45657895715,4.07822968983e-10
1463,3.45626062911,3.9026195722e-10
1466,3.45594386119,3.73498328839e-10
1469,3.45562870674,3.57494083047e-10
1473,3.45531507946,3.42213124684e-10
1476,3.45500306833,3.27621133387e-10
1480,3.45469255364,3.13685509511e-10
1483,3.45438362497,3.00375245909e-10
1487,3.45407623694,2.87660877674e-10
1490,3.45377034874,2.75514389917e-10
1493,3.45346601933,2.63909136271e-10
1497,3.45316316982,2.52819787526e-10
1500,3.45286185688,2.42222243566e-10
1504,3.45256200658,2.32093590207e-10
1507,3.45226368555,2.22412020005e-10
1511,3.45196680567,2.1315679582e-10
1514,3.45167143907,2.04308176426e-10
1518,3.45137750919,1.95847385259e-10
1521,3.45108504014,1.87756546841e-10
1525,3.45079403727,1.8001864856e-10
1528,3.45050446647,1.72617498201e-10
1532,3.45021631723,1.65537679492e-10
1535,3.4499296103,1.58764513133e-10
1539,3.44964434448,1.52284022573e-10
1542,3.44936044801,1.46082900911e-10
1546,3.44907797192,1.40148469284e-10
1549,3.44879690835,1.34468653582e-10
1553,3.44851721303,1.2903195329e-10
1557,3.44823890969,1.23827409196e-10
1560,3.44796197834,1.18844580927e-10
1564,3.44768639825,1.14073519762e-10
1567,3.447412198,1.09504742891e-10
1571,3.44713933211,1.05129214589e-10
1575,3.44686782046,1.00938319911e-10
1578,3.44659770054,9.69238457944e-11
1582,3.44632883614,9.30779667181e-11
1586,3.44606134367,8.93932140902e-11
1589,3.44579514675,8.58624710344e-11
1593,3.44553025414,8.24789479703e-11
1597,3.4452666547,7.9236169527e-11
1600,3.44500439667,7.61279575724e-11
1604,3.4447434128,7.31484208112e-11
1608,3.44448369074,7.02919371657e-11
1611,3.44422526467,6.75531412092e-11
1615,3.44396809186,6.49269143523e-11
1619,3.44371220678,6.24083700473e-11
1622,3.44345757312,5.99928455229e-11
1626,3.44320416261,5.76758896379e-11
1630,3.44295201138,5.54532519582e-11
1634,3.4427011165,5.33208750065e-11
1637,3.44245143625,5.12748850485e-11
1641,3.44220296634,4.9311582251e-11
1645,3.44195573611,4.74274326319e-11
1649,3.44170969646,4.5619061821e-11
1653,3.44146488528,4.38832453179e-11
1656,3.44122125432,4.22169037656e-11
1660,3.44097883627,4.06170940493e-11
1664,3.44073760099,3.90810047197e-11
1668,3.44049753576,3.76059488919e-11
1672,3.44025864504,3.61893584931e-11
1676,3.44002092557,3.48287790412e-11
1680,3.43978436419,3.3521864405e-11
1683,3.43954892649,3.22663718968e-11
1687,3.43931469507,3.10601562375e-11
1691,3.43908157309,2.99011678081e-11
1695,3.43884961733,2.87874452522e-11
1699,3.43861875398,2.7717113915e-11
1703,3.43838905934,2.66883795539e-11
1707,3.43816046712,2.56995270292e-11
1711,3.4379329756,2.47489150629e-11
1715,3.43770659509,2.38349733181e-11
1719,3.4374813592,2.29561991226e-11
1723,3.43725717856,2.2111155372e-11
1727,3.43703411263,2.12984657758e-11
1731,3.43681211007,2.05168138015e-11
1735,3.4365912108,1.97649387333e-11
1739,3.43637135261,1.90416343151e-11
1743,3.43615260729,1.83457449732e-11
1747,3.43593490325,1.7676165081e-11
1751,3.43571827564,1.70318353874e-11
1755,3.43550265105,1.64117420597e-11
1759,3.43528812227,1.58149133284e-11
1763,3.43507463441,1.52404191244e-11
1767,3.43486215518,1.46873684147e-11
1771,3.43465071826,1.41549073147e-11
1775,3.43444031598,1.36422179185e-11
1779,3.43423094954,1.31485165007e-11
1783,3.43402257538,1.26730522209e-11
1787,3.43381521566,1.22151052682e-11
1791,3.43360885286,1.17739859e-11
1796,3.43340348522,1.13490329293e-11
1800,3.43319916639,1.09396123631e-11
1804,3.43299578013,1.05451169382e-11
1808,3.43279341529,1.01649637792e-11
1812,3.43259200022,9.79859447382e-12
1816,3.43239157006,9.44547321646e-12
1821,3.43219210986,9.10508629291e-12
1825,3.43199363566,8.77694090347e-12
1829,3.43179610508,8.46056449813e-12
1833,3.43159952496,8.15550363321e-12
1837,3.4314038905,7.86132331161e-12
1842,3.43120922096,7.5776061131e-12
1846,3.43101548094,7.3039516217e-12
1850,3.43082268757,7.03997546663e-12
1854,3.43063080574,6.78530886542e-12
1859,3.43043988102,6.53959769602e-12
1863,3.4302498451,6.30250225756e-12
1867,3.43006074493,6.07369622705e-12
1872,3.42987255363,5.85286644885e-12
1876,3.4296852805,5.63971218307e-12
1880,3.42949888496,5.43394473047e-12
1884,3.42931340487,5.23528672255e-12
1889,3.42912880565,5.04347188737e-12
1893,3.42894513296,4.85824435638e-12
1898,3.42876232036,4.6793585111e-12
1902,3.42858037585,4.5065782904e-12
1906,3.42839932882,4.33967687684e-12
1911,3.42821915798,4.178436407e-12
1915,3.42803984645,4.02264752809e-12
1920,3.42786141093,3.87210901594e-12
1924,3.42768379801,3.72662755997e-12
1928,3.42750707449,3.58601722834e-12
1933,3.42733116675,3.45009944753e-12
1937,3.42715614666,3.31870240383e-12
1942,3.4269819389,3.19166106224e-12
1946,3.42680856635,3.06881664982e-12
1951,3.42663605212,2.95001650032e-12
1955,3.42646434415,2.83511386874e-12
1960,3.42629349813,2.72396753717e-12
1964,3.42612341996,2.61644180232e-12
1969,3.42595418489,2.51240600119e-12
1973,3.4257857631,2.41173452193e-12
1978,3.42561816278,2.31430649272e-12
1982,3.42545134949,2.22000564859e-12
1987,3.42528531389,2.1287201008e-12
1992,3.4251201315,2.04034212976e-12
1996,3.42495570574,1.9547681743e-12
2001,3.42479206469,1.87189848754e-12
2005,3.42462921431,1.79163707465e-12
2010,3.42446714483,1.71389153938e-12
2015,3.42430586583,1.63857292358e-12
2019,3.42414533669,1.56559560578e-12
2024,3.42398558562,1.49487711336e-12
2029,3.42382661042,1.42633804672e-12
2033,3.42366837562,1.35990195719e-12
2038,3.42351091636,1.29549519009e-12
2043,3.4233541929,1.23304683375e-12
2047,3.42319825758,1.17248854971e-12
2052,3.42304304272,1.11375454891e-12
2057,3.42288857455,1.05678141793e-12
2062,3.42273481141,1.00150808136e-12
2066,3.42258181791,9.4787565854e-13
2071,3.42242956716,8.95827437861e-13
2076,3.42227805073,8.45308760285e-13
2081,3.42212720697,7.96266958496e-13
2085,3.42197712082,7.48651233591e-13
2090,3.4218277304,7.02412652743e-13
2095,3.42167906647,6.57504023512e-13
2100,3.42153112343,6.13879855882e-13
2105,3.42138388074,5.71496292031e-13
2110,3.42123733521,5.30311038674e-13
2115,3.42109149489,4.90283309659e-13
2119,3.42094634625,4.51373773902e-13
2124,3.42080188767,4.13544495429e-13
2129,3.42065811815,3.76758882885e-13
2134,3.42051505055,3.40981637478e-13
2139,3.4203726455,3.06178711371e-13
2144,3.4202309267,2.72317249151e-13
2149,3.42008987294,2.39365553824e-13
2154,3.41994950255,2.07293036585e-13
2159,3.41980980468,1.76070180734e-13
2164,3.41967077296,1.45668499392e-13
2169,3.41953239868,1.16060497694e-13
2174,3.41939470081,8.72196351956e-14
2179,3.4192576181,5.91202939084e-14
2184,3.41912121974,3.173773888e-14
2189,3.41898545709,2.35910256448e-14
2194,3.41885036035,2.3086356768e-14
2199,3.41871589277,2.25934647386e-14
2204,3.41858207053,2.21120541067e-14
2209,3.41844886889,2.16418375223e-14
2214,3.41831631522,2.11825349874e-14
2219,3.41818438884,2.07338742609e-14
2224,3.41805309284,2.02955901259e-14
2230,3.41792241114,1.98674245886e-14
2235,3.41779235249,1.94491262911e-14
2240,3.41766293588,1.90404504839e-14
2245,3.417534114,1.86411592647e-14
2250,3.41740588767,1.82510206722e-14
2255,3.41727827751,1.78698088198e-14
2261,3.41715131214,1.74973036756e-14
2266,3.41702489788,1.71332916262e-14
2271,3.41689911586,1.67775637468e-14
2276,3.41677390508,1.64299173096e-14
2281,3.41664932957,1.6090154251e-14
2287,3.41652530504,1.5758082396e-14
2292,3.41640190429,1.54335138211e-14
2297,3.41627905809,1.51162661542e-14
2303,3.41615682365,1.48061611872e-14
2308,3.41603515403,1.45030257826e-14
2313,3.41591403822,1.42066911195e-14
2319,3.41579353767,1.39169924437e-14
2324,3.4156735637,1.36337698612e-14
2329,3.41555418273,1.33568669993e-14
2335,3.41543538168,1.30861317858e-14
2340,3.4153171329,1.28214161084e-14
2345,3.41519944121,1.25625755752e-14
2351,3.41508231884,1.23094694213e-14
2356,3.41496572668,1.20619606483e-14
2362,3.41484969975,1.18199155516e-14
2367,3.41473422345,1.15832039561e-14
2373,3.41461928213,1.13516990039e-14
2378,3.4145049137,1.11252769179e-14
2384,3.41439106476,1.0903817324e-14
2389,3.41427776214,1.06872026614e-14
2395,3.41416499252,1.04753184494e-14
2400,3.41405275579,1.02680530565e-14
2406,3.41394105144,1.00652976793e-14
2411,3.41382987841,9.86694624944e-15
2417,3.41371921767,9.67289542107e-15
2422,3.41360909061,9.48304431791e-15
2428,3.41349950177,9.29729462636e-15
2433,3.41339039593,9.11555069745e-15
2439,3.4132818146,8.93771895527e-15
2445,3.41317377377,8.76370827062e-15
2450,3.41306621839,8.59342994671e-15
2456,3.41295916849,8.42679729935e-15
2462,3.41285264098,8.26372581627e-15
2467,3.41274660777,8.10413316678e-15
2473,3.41264106932,7.9479390087e-15
2479,3.41253601832,7.79506500327e-15
2484,3.4124315084,7.64543460327e-15
2490,3.4123274507,7.49897345421e-15
2496,3.41222391682,7.35560868646e-15
2502,3.41212086235,7.21526947766e-15
2507,3.41201828559,7.07788663313e-15
2513,3.41191619384,6.94339264651e-15
2519,3.41181456242,6.81172172806e-15
2525,3.41171342842,6.68280955454e-15
2531,3.41161277207,6.55659350045e-15
2536,3.41151260844,6.43301239403e-15
2542,3.41141288251,6.31200666502e-15
2548,3.41131364797,6.19351800461e-15
2554,3.4112148811,6.07748965519e-15
2560,3.41111656708,5.96386620218e-15
2566,3.4110187329,5.85259350661e-15
2572,3.41092136755,5.74361879822e-15
2578,3.4108244193,5.63689065265e-15
2584,3.41072795898,5.53235866255e-15
2590,3.41063197276,5.42997377657e-15
2596,3.41053640252,5.3296881953e-15
2602,3.4104412794,5.23145510215e-15
2608,3.41034662725,5.1352288362e-15
2614,3.41025241357,5.04096489844e-15
2620,3.41015864578,4.94861978539e-15
2626,3.41006532776,4.85815104246e-15
2632,3.40997242464,4.76951726655e-15
2638,3.40987997154,4.68267794914e-15
2644,3.40978794779,4.5975936159e-15
2650,3.40969637894,4.51422565477e-15
2656,3.40960522618,4.43253645294e-15
2662,3.40951448683,4.35248924366e-15
2668,3.40942418925,4.27404807873e-15
2674,3.40933431156,4.19717791182e-15
2681,3.40924486509,4.12184449181e-15
2687,3.40915585394,4.04801437291e-15
2693,3.40906723578,3.9756549346e-15
2699,3.4089790485,3.90473424145e-15
2705,3.40889126481,3.83522116215e-15
2712,3.40880387953,3.7670852766e-15
2718,3.40871692873,3.70029681912e-15
2724,3.40863038336,3.63482678264e-15
2730,3.40854423252,3.57064682317e-15
2737,3.40845849024,3.50772922018e-15
2743,3.40837315698,3.44604689763e-15
2749,3.40828821893,3.38557343621e-15
2756,3.40820368437,3.32628299035e-15
2762,3.4081195446,3.26815032722e-15
2768,3.4080358152,3.21115077566e-15
2775,3.40795244361,3.15526028168e-15
2781,3.40786949314,3.10045525303e-15
2788,3.40778691355,3.04671271607e-15
2794,3.40770474643,2.99401016533e-15
2800,3.40762295162,2.94232565098e-15
2807,3.40754153343,2.89163770995e-15
2813,3.40746051808,2.84192533583e-15
2820,3.4073798448,2.79316806473e-15
2826,3.40729958622,2.7453458055e-15
2833,3.40721970354,2.69843898822e-15
2839,3.40714017188,2.65242848974e-15
2846,3.40706103406,2.60729555552e-15
2853,3.40698223811,2.56302193641e-15
2859,3.40690384456,2.51958969886e-15
2866,3.40682580721,2.47698138856e-15
2872,3.40674814056,2.43517990892e-15
2879,3.406670815,2.39416856972e-15
2886,3.40659387138,2.3539310037e-15
2892,3.40651726614,2.31445126479e-15
2899,3.40644106653,2.27571369595e-15
2906,3.40636518347,2.23770308354e-15
2912,3.40628966583,2.20040446405e-15
2919,3.40621450194,2.16380324419e-15
2926,3.40613970001,2.12788513531e-15
2932,3.40606523992,2.0926361951e-15
2939,3.40599114545,2.05804275326e-15
2946,3.40591736921,2.02409147803e-15
2953,3.40584392169,1.99076931081e-15
2960,3.40577086552,1.95806343419e-15
2966,3.40569812609,1.92596140151e-15
2973,3.40562573662,1.89445097185e-15
2980,3.40555368753,1.86352019786e-15
2987,3.40548197699,1.83315738713e-15
2994,3.40541060823,1.80335109912e-15
3001,3.40533954549,1.77409016343e-15
3008,3.40526883415,1.74536361332e-15
3015,3.40519846181,1.71716074313e-15
3022,3.40512838611,1.68947109874e-15
3029,3.40505866631,1.66228439858e-15
3036,3.40498927018,1.63559062976e-15
3043,3.40492020572,1.60937997581e-15
3050,3.40485143496,1.58364285112e-15
3057,3.40478300772,1.5583698391e-15
3064,3.40471489995,1.5335517552e-15
3071,3.4046470888,1.50917961344e-15
3078,3.40457961971,1.48524458549e-15
3085,3.40451245011,1.46173807685e-15
3092,3.40444562573,1.43865163449e-15
3099,3.40437907287,1.41597703369e-15
3106,3.40431285683,1.39370617245e-15
3113,3.40424694067,1.37183115553e-15
3121,3.40418132856,1.35034424524e-15
3128,3.40411603852,1.32923785647e-15
3135,3.4040510343,1.30850459132e-15
3142,3.40398633168,1.28813718279e-15
3150,3.40392196765,1.26812851133e-15
3157,3.40385787075,1.24847164652e-15
3164,3.40379407588,1.22915976519e-15
3171,3.40373058351,1.21018620106e-15
3179,3.40366740252,1.19154442074e-15
3186,3.40360449035,1.1732280492e-15
3193,3.4035418974,1.15523081064e-15
3201,3.40347958071,1.13754659118e-15
3208,3.403417545,1.12016938771e-15
3215,3.40335580872,1.10309332256e-15
3223,3.4032943675,1.08631263943e-15
3230,3.40323320418,1.06982171203e-15
3238,3.40317232817,1.05361501632e-15
3245,3.40311171383,1.03768715961e-15
3253,3.40305142857,1.02203282589e-15
3260,3.40299140773,1.00664685316e-15
3268,3.40293164769,9.91524163522e-16
3275,3.4028722097,9.76659766997e-16
3283,3.40281301329,9.62048816307e-16
3290,3.4027540976,9.47686529281e-16
3298,3.40269545036,9.33568233529e-16
3306,3.4026370671,9.19689352914e-16
3313,3.40257900144,9.06045387883e-16
3321,3.40252116248,8.92631969719e-16
3328,3.40246359363,8.79444779903e-16
3336,3.40240630972,8.66479598942e-16
3344,3.40234930828,8.53732294662e-16
3352,3.40229255854,8.41198825949e-16
3359,3.40223606528,8.28875225359e-16
3367,3.40217983802,8.16757604144e-16
3375,3.40212386014,8.04842155799e-16
3383,3.40206816977,7.93125141162e-16
3390,3.40201271242,7.81602913711e-16
3398,3.4019575347,7.70271881744e-16
3406,3.40190260024,7.59128537893e-16
3414,3.40184792505,7.48169438165e-16
3422,3.40179352394,7.37391206461e-16
3430,3.40173935289,7.26790544012e-16
3438,3.40168543227,7.16364207815e-16
3445,3.40163177569,7.06109016741e-16
3453,3.40157835649,6.96021864659e-16
3461,3.40152520218,6.86099693561e-16
3469,3.401472271,6.7633952124e-16
3477,3.40141961993,6.6673840261e-16
3485,3.40136718899,6.57293475909e-16
3493,3.40131501158,6.48001916266e-16
3501,3.4012630765,6.3886096301e-16
3510,3.40121138241,6.29867908401e-16
3518,3.40115991772,6.21020098203e-16
3526,3.4011087029,6.12314926095e-16
3534,3.40105772324,6.0374984132e-16
3542,3.40100698298,5.95322340544e-16
3550,3.40095647207,5.87029972021e-16
3558,3.40090621269,5.78870323789e-16
3567,3.40085618005,5.70841041183e-16
3575,3.40080634703,5.629398147e-16
3583,3.40075677761,5.55164364187e-16
3591,3.4007074564,5.47512466811e-16
3600,3.40065833343,5.39981948417e-16
3608,3.40060944382,5.32570662133e-16
3616,3.40056080279,5.25276506814e-16
3625,3.40051235686,5.18097431557e-16
3633,3.40046416718,5.11031407862e-16
3641,3.40041617632,5.04076462348e-16
3650,3.40036842172,4.97230647544e-16
3658,3.40032089044,4.90492059332e-16
3666,3.40027356386,4.83858830229e-16
3675,3.4002264445,4.77329126091e-16
3683,3.40017958383,4.70901140651e-16
3692,3.4001329203,4.64573117233e-16
3700,3.40008648301,4.58343320625e-16
3709,3.40004024883,4.52210054591e-16
3718,3.39999423083,4.4617165103e-16
3726,3.3999484377,4.40226473398e-16
3735,3.39990285861,4.34372918404e-16
3743,3.39985748442,4.28609412828e-16
3752,3.39981230946,4.22934413227e-16
3761,3.39976735755,4.1734639982e-16
3769,3.39972260849,4.11843888235e-16
3778,3.39967807757,4.06425416633e-16
3787,3.39963374481,4.01089555503e-16
3795,3.39958961111,3.95834898936e-16
3804,3.39954568241,3.90660066084e-16
3813,3.39950198068,3.85563700863e-16
3822,3.39945844971,3.80544480938e-16
3830,3.39941515436,3.75601094219e-16
3839,3.39937204599,3.70732266943e-16
3848,3.39932910789,3.65936743877e-16
3857,3.39928641521,3.61213283871e-16
3866,3.39924388462,3.56560685357e-16
3875,3.39920156348,3.51977754525e-16
3884,3.39915944104,3.4746332674e-16
3893,3.39911752729,3.43016254823e-16
3902,3.39907579837,3.38635417898e-16
3911,3.39903423678,3.34319714296e-16
3920,3.39899290526,3.30068053724e-16
3929,3.39895174805,3.25879377634e-16
3938,3.39891078267,3.21752640953e-16
3947,3.39887002553,3.17686815966e-16
3956,3.39882942053,3.13680901051e-16
3965,3.39878901523,3.09733904302e-16
3974,3.39874882314,3.05844852625e-16
3983,3.39870878009,3.02012799142e-16
3993,3.39866894207,2.9823680295e-16
4002,3.3986292846,2.94515946554e-16
4011,3.39858982681,2.90849326741e-16
4020,3.39855054088,2.87236058422e-16
4030,3.3985114394,2.836752709e-16
4039,3.39847249265,2.80166111226e-16
4048,3.39843376794,2.76707734071e-16
4057,3.39839520356,2.73299320266e-16
4067,3.39835681709,2.6994005841e-16
4076,3.39831859438,2.66629153719e-16
4086,3.39828055523,2.63365823533e-16
4095,3.39824272567,2.60149298179e-16
4104,3.39820503811,2.56978828643e-16
4114,3.39816753275,2.53853671817e-16
4123,3.39813019528,2.50773100711e-16
4133,3.39809303716,2.4773640011e-16
4142,3.39805605175,2.4474286794e-16
4152,3.39801924082,2.41791814708e-16
4162,3.39798258593,2.38882564016e-16
4171,3.3979461183,2.36014447708e-16
4181,3.39790978982,2.33186814944e-16
4190,3.39787364955,2.30399019927e-16
4200,3.39783766872,2.27650432768e-16
4210,3.39780187981,2.24940431189e-16
4219,3.39776622728,2.22268408779e-16
4229,3.39773075368,2.19633764016e-16
4239,3.39769543858,2.17035909252e-16
4249,3.39766028563,2.14474266034e-16
4259,3.39762529189,2.11948265829e-16
4268,3.39759047966,2.0945734846e-16
4278,3.39755581277,2.07000967307e-16
4288,3.39752130286,2.04578582282e-16
4298,3.39748696748,2.02189661558e-16
4308,3.39745279587,1.99833685004e-16
4318,3.39741876138,1.97510141827e-16
4328,3.39738487314,1.95218527773e-16
4338,3.39735117192,1.92958345855e-16
4348,3.39731759571,1.90729112968e-16
4358,3.39728420444,1.88530347898e-16
4368,3.39725093315,1.86361583764e-16
4378,3.39721785306,1.8422235502e-16
4388,3.39718491705,1.82112209908e-16
4398,3.39715211741,1.80030702447e-16
4408,3.3971194718,1.77977392836e-16
4418,3.39708696929,1.75951849947e-16
4429,3.39705464507,1.73953647839e-16
4439,3.39702243892,1.71982372183e-16
4449,3.39699041206,1.7003761053e-16
4459,3.39695852383,1.68118961035e-16
4470,3.39692677638,1.66226027483e-16
4480,3.39689517831,1.64358419738e-16
4490,3.3968637153,1.62515754918e-16
4501,3.39683239008,1.60697656293e-16
4511,3.39680124587,1.58903751333e-16
4521,3.3967702306,1.57133678653e-16
4532,3.39673933512,1.55387089557e-16
4542,3.3967085996,1.53663707855e-16
4553,3.39667800608,1.51963827839e-16
4563,3.39664756469,1.50291858644e-16
4574,3.39661724547,1.48679599867e-16
4584,3.39658706406,1.47324880567e-16
4595,3.39655703424,1.47341790199e-16
4605,3.3965271286,1.54447891003e-16
4616,3.39649737872,1.95418087447e-16
4627,3.39646776317,3.84718081345e-16
4637,3.39643826969,1.16921414586e-15
4648,3.39640892049,4.14229137808e-15
4659,3.39637969932,1.44937865793e-14
4669,3.39635062819,4.76648585093e-14
4680,3.39632166618,1.45616407763e-13
4691,3.39629286794,4.12464467741e-13
4702,3.39626417298,1.08396621984e-12
4713,3.39623564396,2.64687746064e-12
4724,3.39620721502,6.01631801105e-12
4734,3.39617893713,1.27557462794e-11
4745,3.39615078627,2.52850279096e-11
4756,3.39612274065,4.69807842563e-11
4767,3.39609483701,8.20570382397e-11
4778,3.3960670705,1.35151787563e-10
4789,3.3960394394,2.10643361556e-10
4800,3.39601191861,3.11846619773e-10
4811,3.39598454377,4.40328557919e-10
4822,3.39595726291,5.95575893881e-10
4834,3.39593012684,7.7513184939e-10
4845,3.39590311023,9.75147810876e-10
4856,3.39587623065,1.19115362371e-09
4867,3.39584946103,1.41880614618e-09
4878,3.39582282541,1.65444077644e-09
4890,3.39579630721,1.8953896301e-09
4901,3.39576991169,2.14020059268e-09
4912,3.39574362383,2.38909289304e-09
4923,3.39571745989,2.64526573207e-09
4935,3.39569141275,2.91809120873e-09
4946,3.39566550945,3.22971180117e-09
4958,3.3956397103,3.62679625201e-09
4969,3.39561402477,4.19848681565e-09
4980,3.39558844521,5.09902414343e-09
4992,3.39556300505,6.56879427878e-09
5003,3.39553767026,8.94179391997e-09
5015,3.39551244811,1.26241345028e-08
5027,3.39548733844,1.80318450379e-08
5038,3.39546235173,2.54897182333e-08
5050,3.39543749528,3.51135170338e-08
5061,3.39541272595,4.67159089116e-08
5073,3.39538807918,5.97796118325e-08
5085,3.39536355602,7.35225076708e-08
5096,3.39533913955,8.70443051684e-08
5108,3.39531485741,9.95096295505e-08
5120,3.3952906612,1.10306860577e-07
5132,3.39526657845,1.19133997634e-07
5144,3.39524264311,1.25995049701e-07
5155,3.39521877919,1.31125110148e-07
5167,3.39519502133,1.34882885174e-07
5179,3.39517139605,1.37649893586e-07
5191,3.39514787609,1.39761000641e-07
5203,3.39512443135,1.41472339161e-07
5215,3.39510114553,1.42958989054e-07
5227,3.39507791414,1.44329473803e-07
5239,3.3950548114,1.45645484043e-07
5251,3.39503181047,1.46939824884e-07
5263,3.39500893329,1.48229920387e-07
5276,3.39498614827,1.49527190391e-07
5288,3.39496344405,1.50843833756e-07
5300,3.39494086909,1.52198695162e-07
5312,3.3949183948,1.53623353487e-07
5324,3.39489601095,1.55168651277e-07
5337,3.3948737435,1.56910842367e-07
5349,3.39485154398,1.58955507181e-07
5361,3.39482948162,1.61436795452e-07
5374,3.39480751473,1.64509939492e-07
5386,3.39478561744,1.68336374851e-07
5398,3.39476384119,1.73063198466e-07
5411,3.39474218935,1.78801075399e-07
5423,3.39472059711,1.85606040425e-07
5436,3.39469911447,1.9347015374e-07
5448,3.39467773256,2.02323635396e-07
5461,3.39465645409,2.12047657588e-07
5474,3.39463525219,2.22493972916e-07
5486,3.39461418639,2.33505942854e-07
5499,3.39459316952,2.44935859564e-07
5512,3.39457227068,2.56655043002e-07
5524,3.39455148143,2.68555486299e-07
5537,3.39453076328,2.80543516963e-07
5550,3.39451016097,2.92527180059e-07
5563,3.39448963655,3.04399823012e-07
5575,3.3944692282,3.16023084051e-07
5588,3.39444889971,3.27213654811e-07
5601,3.39442866636,3.37739040405e-07
5614,3.39440852991,3.47327528492e-07
5627,3.39438845503,3.55695301869e-07
5640,3.39436851035,3.62588964725e-07
5653,3.39434862329,3.67835729004e-07
5666,3.39432887222,3.71388227464e-07
5679,3.39430916962,3.73349782458e-07
5692,3.39428956264,3.73969758846e-07
5705,3.39427005885,3.73607561867e-07
5718,3.39425062013,3.72673750245e-07
5732,3.39423128365,3.71564115914e-07
5745,3.39421201241,3.70604097316e-07
5758,3.39419284334,3.70016120581e-07
5771,3.39417377225,3.69914220663e-07
5785,3.39415476421,3.70321865998e-07
5798,3.39413584177,3.71203751309e-07
5811,3.39411703247,3.72501359071e-07
5825,3.39409826205,3.74164380194e-07
5838,3.39407960991,3.76173685867e-07
5852,3.3940610399,3.78554794908e-07
5865,3.39404253504,3.81382263504e-07
5879,3.3940241219,3.84775988837e-07
5892,3.39400576902,3.88890267419e-07
5906,3.39398753501,3.93896589922e-07
5919,3.39396934097,3.99962076405e-07
5933,3.39395126184,4.07226473301e-07
5947,3.39393324954,4.15781801645e-07
5960,3.39391531748,4.25658537814e-07
5974,3.39389744986,4.36821254581e-07
5988,3.39387969477,4.49174393919e-07
6002,3.39386199256,4.62576568444e-07
6016,3.39384438793,4.768598006e-07
6029,3.39382685006,4.91849560621e-07
6043,3.3938093928,5.07381763333e-07
6057,3.39379201862,5.23314413971e-07
6071,3.39377469962,5.39533162716e-07
6085,3.39375748658,5.55951421249e-07
6099,3.39374032346,5.72506537613e-07
6113,3.39372325437,5.8915344111e-07
6127,3.39370625452,6.0585700639e-07
6142,3.3936893393,6.22583561874e-07
6156,3.39367248928,6.39291648698e-07
6170,3.39365570913,6.5592180617e-07
6184,3.39363900195,6.72385477578e-07
6198,3.3936223665,6.88553712305e-07
6213,3.39360582167,7.04247265827e-07
6227,3.39358933543,7.1923060886e-07
6241,3.39357292639,7.33212733492e-07
6256,3.39355655416,7.45857424036e-07
6270,3.39354029073,7.56804157061e-07
6285,3.39352406092,7.65699225576e-07
6299,3.39350794098,7.7223580656e-07
6314,3.39349185694,7.76207151206e-07
6328,3.39347584882,7.77591475565e-07
6343,3.39345988526,7.76704359706e-07
6357,3.39344399476,7.7443259307e-07
6372,3.39342814677,7.72454653628e-07
6387,3.39341236713,7.73207954138e-07
6401,3.39339663958,7.7939864054e-07
6416,3.39338095454,7.93201731289e-07
6431,3.39336533642,8.15671690584e-07
6446,3.39334976382,8.4678051028e-07
6461,3.39333426468,8.85965616965e-07
6476,3.3933187949,9.32733894046e-07
6490,3.39330338809,9.87070670888e-07
6505,3.39328803714,1.04977251043e-06
6520,3.39327272352,1.12288481305e-06
6535,3.39325744552,1.21017805902e-06
6551,3.39324219766,1.31736074304e-06
6566,3.3932269856,1.45176657716e-06
6581,3.39321179997,1.62161994309e-06
6596,3.39319664363,1.83547866172e-06
6611,3.39318152744,2.10258989564e-06
6626,3.39316643184,2.43417660413e-06
6642,3.3931513931,2.84442125302e-06
6657,3.39313638126,3.34957289264e-06
6672,3.39312142531,3.96509455431e-06
6688,3.39310655959,4.70264942771e-06
6703,3.39309176939,5.56871190381e-06
6719,3.39307713859,6.56491054631e-06
6734,3.39306265945,7.68917740335e-06
6750,3.39304831484,8.93712302287e-06
6765,3.39303421002,1.03031956182e-05
6781,3.39302032998,1.17800468353e-05
6796,3.39300673207,1.33531871721e-05
6812,3.39299348069,1.49888116973e-05
6828,3.39298063168,1.66176573566e-05
6844,3.3929681808,1.81259648832e-05
6859,3.39295618278,1.93687172946e-05
6875,3.39294449898,2.02103336335e-05
6891,3.39293292835,2.0575504929e-05
6907,3.39292135738,2.0478214923e-05
6923,3.39290962387,2.00094569914e-05
6939,3.39289765857,1.92948594253e-05
6955,3.3928854259,1.84522749626e-05
6971,3.39287297184,1.75709591824e-05
6987,3.39286031849,1.67125516178e-05
7003,3.39284751982,1.592122939e-05
7019,3.39283460476,1.52316914251e-05
7035,3.39282159682,1.46708703257e-05
7051,3.39280856036,1.42547989394e-05
7068,3.39279556195,1.39844136699e-05
7084,3.39278261956,1.38443066453e-05
7100,3.3927697677,1.38066716532e-05
7117,3.39275702524,1.383926396e-05
7133,3.39274440689,1.39134044492e-05
7150,3.39273188536,1.40083217988e-05
7166,3.3927194537,1.41109663558e-05
7183,3.39270714114,1.42130709497e-05
7199,3.39269488886,1.43078355863e-05
7216,3.39268273066,1.43876579227e-05
7232,3.39267064995,1.44432064064e-05
7249,3.39265864997,1.44635851257e-05
7266,3.39264671463,1.44374167608e-05
7282,3.39263483142,1.43550148903e-05
7299,3.3926229704,1.42118220057e-05
7316,3.39261111702,1.4012435774e-05
7333,3.39259923186,1.37732862481e-05
7350,3.39258730108,1.35218394044e-05
7367,3.39257529016,1.32919799183e-05
7384,3.3925632752,1.31177157487e-05
7401,3.39255121,1.30282191724e-05
7418,3.39253915405,1.30456904804e-05
7435,3.39252712043,1.31852237066e-05
7452,3.39251509689,1.34547964618e-05
7469,3.39250321436,1.38542535129e-05
7487,3.39249141212,1.43737218322e-05
7504,3.39247980079,1.49929619083e-05
7521,3.39246835483,1.56829980967e-05
7538,3.39245707322,1.64100627134e-05
7556,3.39244599228,1.71404017283e-05
7573,3.39243509911,1.78439297317e-05
7591,3.39242436581,1.84955043097e-05
7608,3.39241379444,1.90740465784e-05
7626,3.39240336023,1.95607956747e-05
7643,3.39239308316,1.99381210107e-05
7661,3.39238289717,2.01897759625e-05
7679,3.39237277802,2.03027655042e-05
7696,3.39236269551,2.02703910659e-05
7714,3.39235263284,2.00954509499e-05
7732,3.39234254442,1.97920937039e-05
7750,3.3923324254,1.93849111316e-05
7768,3.39232220192,1.89049472388e-05
7785,3.39231194289,1.83839395296e-05
7803,3.39230160026,1.78491034124e-05
7821,3.39229120101,1.73202826973e-05
7839,3.39228078362,1.68098267731e-05
7857,3.39227032417,1.63242847349e-05
7876,3.39225983406,1.58666776683e-05
7894,3.39224936241,1.54385274404e-05
7912,3.39223884988,1.50413563963e-05
7930,3.39222835411,1.46775965937e-05
7948,3.39221784871,1.43507048858e-05
7967,3.39220735436,1.40641182022e-05
7985,3.39219687175,1.38190473749e-05
8004,3.39218642607,1.36122538942e-05
8022,3.39217599826,1.34359520593e-05
8041,3.39216559117,1.32810938046e-05
8059,3.39215519598,1.3143028951e-05
8078,3.39214480435,1.30249622461e-05
8096,3.39213442412,1.29370483189e-05
8115,3.39212399832,1.28919506974e-05
8134,3.39211360578,1.29012295087e-05
8152,3.39210319728,1.29754164871e-05
8171,3.39209280935,1.31263063971e-05
8190,3.3920824012,1.33674390834e-05
8209,3.39207205761,1.37106338623e-05
8228,3.39206172234,1.4160826696e-05
8247,3.39205148856,1.47138924713e-05
8266,3.39204134633,1.5359794459e-05
8285,3.39203130716,1.60880525979e-05
8304,3.39202135416,1.68901982309e-05
8323,3.39201152566,1.77568912316e-05
8342,3.39200184795,1.86731125304e-05
8361,3.39199229086,1.9616933175e-05
8381,3.39198290206,2.05636925018e-05
8400,3.39197360349,2.14924873282e-05
8419,3.39196443137,2.23904250968e-05
8439,3.39195534805,2.32527586056e-05
8458,3.39194631153,2.40802104304e-05
8478,3.39193737574,2.48758900213e-05
8497,3.39192847659,2.56433406682e-05
8517,3.39191962415,2.63859427738e-05
8537,3.39191082492,2.71075052502e-05
8556,3.39190205879,2.78137541593e-05
8576,3.39189329326,2.8514681303e-05
8596,3.39188453638,2.92272841734e-05
8616,3.39187578273,2.99774676207e-05
8635,3.39186705295,3.07989538448e-05
8655,3.39185833308,3.1727337457e-05
8675,3.39184970115,3.27893224648e-05
8695,3.39184118937,3.39904009035e-05
8715,3.39183291613,3.53065895207e-05
8735,3.39182486141,3.66851681591e-05
8756,3.39181707077,3.8055333417e-05
8776,3.39180954861,3.9344715568e-05
8796,3.39180225414,4.04950135598e-05
8816,3.39179514605,4.14711421549e-05
8837,3.39178814277,4.22620146245e-05
8857,3.39178122883,4.28747807283e-05
8877,3.39177436118,4.33260867532e-05
8898,3.39176754306,4.36336072319e-05
8918,3.39176073348,4.38097017108e-05
8939,3.39175396971,4.38578333116e-05
8960,3.39174724856,4.37720321457e-05
8980,3.39174054208,4.35394761101e-05
9001,3.39173382784,4.31460555411e-05
9022,3.39172710052,4.2583613941e-05
9042,3.39172033217,4.18562256879e-05
9063,3.39171343983,4.09824516896e-05
9084,3.39170644032,3.99919235726e-05
9105,3.39169932485,3.89174020816e-05
9126,3.39169209886,3.77860169213e-05
9147,3.39168474925,3.66138971848e-05
9168,3.39167728369,3.54065586707e-05
9189,3.3916697435,3.41643038913e-05
9211,3.39166207752,3.28894613508e-05
9232,3.39165429307,3.15918025766e-05
9253,3.39164636022,3.02899356418e-05
9274,3.3916382998,2.90087360156e-05
9296,3.39163007352,2.77746324029e-05
9317,3.3916217605,2.66110278641e-05
9339,3.39161329356,2.5535458089e-05
9360,3.39160477099,2.4558910249e-05
9382,3.3915961101,2.36867940297e-05
9403,3.39158741859,2.29206274974e-05
9425,3.39157865616,2.22596033188e-05
9447,3.39156984754,2.17015472228e-05
9469,3.39156100676,2.12433068171e-05
9490,3.39155212818,2.08812309263e-05
9512,3.3915431736,2.06129935717e-05
9534,3.39153416439,2.04418752128e-05
9556,3.39152508672,2.03827236752e-05
9578,3.39151592569,2.04656716831e-05
9600,3.39150665974,2.07324085678e-05
9622,3.3914973415,2.12240168796e-05
9645,3.39148801158,2.19667624862e-05
9667,3.3914787106,2.29650017983e-05
9689,3.39146951054,2.42045818855e-05
9712,3.39146041212,2.56619645657e-05
9734,3.3914514584,2.7312329605e-05
9756,3.39144261883,2.91342637936e-05
9779,3.39143395178,3.11126793398e-05
9801,3.39142538343,3.32412946306e-05
9824,3.39141697763,3.55230103917e-05
9847,3.39140873742,3.79645627764e-05
9869,3.39140067418,4.05635515581e-05
9892,3.3913928728,4.32924966277e-05
9915,3.39138531423,4.60930901805e-05
9938,3.39137801737,4.88946509247e-05
9961,3.39137088176,5.16544899988e-05
9984,3.39136386548,5.4392401113e-05
10007,3.39135691211,5.71851030776e-05
10030,3.39135007092,6.01161871054e-05
10053,3.39134342457,6.321790534e-05
10076,3.39133709685,6.64487209399e-05
10099,3.39133112247,6.97171502093e-05
10123,3.39132549337,7.29256906109e-05
10146,3.39132017798,7.60025795625e-05
10169,3.39131515403,7.89088279068e-05
10193,3.39131032609,8.16277100092e-05
10216,3.39130569847,8.41497150003e-05
10240,3.3913012384,8.64618891932e-05
10263,3.39129691926,8.85448909134e-05
10287,3.39129272037,9.03775529607e-05
10311,3.39128856501,9.19463509482e-05
10335,3.3912844513,9.32542772282e-05
10358,3.39128026312,9.43208922391e-05
10382,3.39127605342,9.51675330161e-05
10406,3.39127178132,9.57945193534e-05
10430,3.39126738683,9.61746121346e-05
10454,3.39126281568,9.62854875163e-05
10478,3.39125793867,9.61671691828e-05
10502,3.39125264005,9.59490781703e-05
10527,3.39124692422,9.58067886384e-05
10551,3.39124080399,9.58842430712e-05
10575,3.39123442222,9.6262958251e-05
10600,3.39122783633,9.70023604499e-05
10624,3.39122112305,9.81790165198e-05
10649,3.39121446937,9.98496144213e-05
10673,3.39120801333,0.000101967029968
10698,3.39120194811,0.000104356458271
10722,3.39119623827,0.000106805863965
10747,3.39119070082,0.000109204160726
10772,3.39118514525,0.000111610388073
10797,3.39117952775,0.000114203392478
10822,3.39117397138,0.000117162022791
10847,3.39116861136,0.000120564740609
10872,3.39116371232,0.000124360631242
10897,3.39115940183,0.000128404170031
10922,3.39115570222,0.000132514217792
10947,3.39115265003,0.000136522763175
10972,3.39115013157,0.000140300357279
10997,3.39114809505,0.000143761949999
11023,3.3911464222,0.000146862111143
11048,3.39114502787,0.000149586212598
11074,3.39114383082,0.000151940419658
11099,3.39114281713,0.000153941313413
11125,3.39114194035,0.000155605791913
11150,3.39114118533,0.00015694236775
11176,3.39114057131,0.000157945418953
11202,3.39114001957,0.000158594135606
11228,3.39113957262,0.000158857815322
11254,3.39113912519,0.000158708402774
11280,3.39113860456,0.000158138586341
11306,3.39113796241,0.000157179357973
11332,3.39113710518,0.000155906299401
11358,3.39113603515,0.000154423496917
11384,3.39113481682,0.000152822221083
11410,3.39113355042,0.000151127460966
11436,3.39113238616,0.000149260247566
11463,3.39113135461,0.000147044453054
11489,3.39113040759,0.000144267117145
11516,3.3911293238,0.000140770396846
11542,3.39112777653,0.00013653130006
11569,3.39112551652,0.000131689042006
11596,3.39112230458,0.000126507598448
11622,3.39111817829,0.000121294093547
11649,3.39111317304,0.000116311472464
11676,3.39110752089,0.000111718790903
11703,3.39110137407,0.000107553530414
11730,3.39109492472,0.000103752181563
11757,3.39108820869,0.000100197721242
11784,3.3910811331,9.6784055803e-05
11811,3.39107352898,9.3489460103e-05
11838,3.39106516,9.0445373025e-05
11866,3.39105585113,8.79737039451e-05
11893,3.39104562979,8.65571191421e-05
11920,3.39103477748,8.67203637293e-05
11948,3.39102386574,8.88436872996e-05
11975,3.39101372857,9.29823360065e-05
12003,3.39100509825,9.87873211184e-05
12031,3.39099854715,0.000105581398438
12059,3.39099420557,0.00011255636423
12086,3.39099187807,0.000118984922812
12114,3.39099120673,0.000124341181975
12142,3.39099175822,0.000128298685702
12170,3.39099304626,0.000130661877005
12198,3.3909946694,0.000131316619543
12226,3.39099610259,0.00013024250792
12254,3.39099686391,0.00012756090286
12283,3.39099649447,0.000123558754068
12311,3.39099469789,0.000118650041315
12339,3.390991303,0.000113286001752
12368,3.39098631034,0.000107860253904
12396,3.39097960535,0.000102674863811
12425,3.39097092,9.81422276661e-05
12454,3.39095999634,9.54451061265e-05
12482,3.39094795637,9.65111075718e-05
12511,3.39093798668,0.000101453201592
12540,3.39093178415,0.000107428096979
12569,3.39092801584,0.0001120540237
12598,3.39092495717,0.000115168224834
12627,3.39092189703,0.000117380416163
12656,3.39091873975,0.000119094811282
12685,3.39091542426,0.00012050463698
12714,3.39091200238,0.000121726924133
12744,3.39090844172,0.000122854653427
12773,3.39090475488,0.000123962966655
12802,3.3909009955,0.000125104424959
12832,3.39089719174,0.00012631041086
12862,3.3908933471,0.000127598587287
12891,3.390889478,0.000128978993196
12921,3.39088566407,0.000130457132338
12951,3.39088182865,0.000132036369027
12981,3.39087803127,0.000133721083461
13011,3.39087427206,0.000135520678892
13041,3.39087053478,0.000137452910031
13071,3.39086681377,0.000139544674816
13101,3.39086312802,0.000141830550332
13131,3.39085949979,0.000144350737836
13161,3.39085592106,0.000147149208594
13192,3.39085247131,0.000150272405619
13222,3.3908491926,0.000153769784769
13252,3.39084617582,0.000157697389707
13283,3.39084345772,0.00016212196442
13314,3.39084121791,0.000167120463394
13344,3.39083960167,0.000172775493514
13375,3.39083892986,0.00017917186141
13406,3.39083962995,0.000186380547133
13437,3.39084250739,0.00019429852835
13468,3.39084880626,0.000202002195574
13499,3.39085887706,0.000207031922077
13530,3.39087042014,0.000206960465315
13561,3.3908798666,0.000202528429981
13592,3.39088627686,0.000196624227926
13624,3.39089094389,0.000190757263622
13655,3.39089483678,0.000184845576
13687,3.39089815924,0.00017859917355
13718,3.39090096666,0.000171918581151
13750,3.39090319987,0.000164789813399
13781,3.39090488458,0.000157206781175
13813,3.39090606292,0.000149126941501
13845,3.3909067395,0.000140435872984
13877,3.39090680742,0.000130946890251
13909,3.39090595006,0.000120452158532
13941,3.3909036611,0.000108842628771
13973,3.39089914019,9.63750332034e-05
14005,3.39089164429,8.40527082761e-05
14038,3.3908813463,7.34521559236e-05
14070,3.39086970391,6.54641834006e-05
14102,3.39085790903,5.9655481732e-05
14135,3.39084623765,5.54000382908e-05
14168,3.39083471723,5.25425025072e-05
14200,3.39082361648,5.09593643829e-05
14233,3.39081306459,5.04144709231e-05
14266,3.39080310178,5.07203195116e-05
14299,3.39079382347,5.17768157012e-05
14332,3.39078528749,5.35055436649e-05
14365,3.39077774673,5.5744957849e-05
14398,3.39077136631,5.81403394492e-05
14431,3.39076610112,6.01386533675e-05
14464,3.39076157715,6.12270486359e-05
14498,3.39075703476,6.1307090733e-05
14531,3.39075192416,6.07938918289e-05
14565,3.39074619244,6.02638192138e-05
14598,3.39074013424,6.0043491373e-05
14632,3.39073398137,6.01438006487e-05
14665,3.3907279331,6.04463826186e-05
14699,3.39072196803,6.08545536192e-05
14733,3.39071605308,6.13227988887e-05
14767,3.39071016013,6.18344610937e-05
14801,3.39070430881,6.23830041631e-05
14835,3.39069842809,6.29650576891e-05
14870,3.39069256291,6.35788188411e-05
14904,3.39068667328,6.42236504917e-05
14938,3.39068073018,6.48996807805e-05
14973,3.39067476506,6.56073956627e-05
15007,3.3906687489,6.63472977537e-05
15042,3.39066266467,6.71192009237e-05
15076,3.39065651063,6.79198298946e-05
15111,3.39065031037,6.87369379775e-05
15146,3.39064401593,6.95418055287e-05
15181,3.39063761993,7.02917496132e-05
15216,3.39063101444,7.09565849531e-05
15251,3.39062413305,7.15567101924e-05
15286,3.39061686009,7.21685508614e-05
15321,3.39060919139,7.28771968915e-05
15357,3.39060115599,7.37218761616e-05
15392,3.39059276135,7.46886583274e-05
15428,3.39058394197,7.57436656546e-05
15463,3.39057463577,7.68637167857e-05
15499,3.39056467927,7.80445348877e-05
15535,3.39055394748,7.92958795256e-05
15570,3.39054227518,8.06359932632e-05
15606,3.39052936106,8.20893931159e-05
15642,3.39051487077,8.36896830618e-05
15678,3.39049822097,8.5502440298e-05
15714,3.39047845592,8.77383055868e-05
15751,3.39045401938,9.1156640924e-05
15787,3.39042274709,9.80396197577e-05
15823,3.39038330983,0.000113492709419
15860,3.39033846995,0.000145285301249
15896,3.390298093,0.000199672829378
15933,3.39027709923,0.000274253494239
15970,3.3902860657,0.000355076754033
16007,3.39032250802,0.000423929216164
16043,3.39037245096,0.000470456667222
16080,3.39042094887,0.000497306993464
16117,3.39046163062,0.000514647979661
16155,3.39049709494,0.000531250309435
16192,3.39053397668,0.000549678198278
16229,3.39057743336,0.000566814343386
16267,3.39062835408,0.000577040724875
16304,3.39068373112,0.000575519104338
16342,3.39073801222,0.00056031715031
16379,3.3907857174,0.000532964022924
16417,3.39082330942,0.00049749887391
16455,3.39085011966,0.000458580916527
16493,3.39086763348,0.000419687071926
16531,3.39087800691,0.000382403689945
16569,3.39088269059,0.000347053083373
16607,3.39088226371,0.000313847039003
16646,3.39087723287,0.0002834624733
16684,3.39086840408,0.000256736912556
16722,3.3908571027,0.000234097477451
16761,3.39084463928,0.000215361052936
16800,3.39083185697,0.000199947968954
16838,3.39081925817,0.000187192044522
16877,3.39080702131,0.000176527337596
16916,3.39079517894,0.000167540772944
16955,3.3907836712,0.000159958842027
16994,3.390772444,0.000153615399274
17033,3.39076148211,0.000148417002703
17073,3.39075076724,0.000144311718145
17112,3.39074030759,0.000141266368219
17151,3.3907301486,0.000139255321207
17191,3.39072036714,0.000138260259425
17231,3.39071096557,0.000138277549835
17270,3.39070203729,0.000139328023268
17310,3.39069371138,0.000141460753648
17350,3.39068615,0.00014473632481
17390,3.39067968883,0.000149171045046
17430,3.39067480062,0.000154634439427
17470,3.39067191017,0.000160729202378
17511,3.3906713966,0.00016673288403
17551,3.39067316779,0.000171695999023
17591,3.39067664516,0.000174722560461
17632,3.39068082234,0.000175323777212
17673,3.39068453767,0.000173638766001
17713,3.39068697626,0.00017036528761
17754,3.39068789489,0.000166427145909
17795,3.39068751836,0.00016258062298
17836,3.39068639191,0.000159187208924
17877,3.39068489228,0.000156243326353
17918,3.39068330598,0.000153580041543
17960,3.39068160293,0.00015106188416
18001,3.39067977437,0.000148664456516
18043,3.39067781644,0.000146429269801
18084,3.39067581863,0.000144378622692
18126,3.39067384752,0.000142471819042
18168,3.39067194,0.000140624229684
18210,3.39067009853,0.000138756881321
18252,3.39066821756,0.000136834022466
18294,3.3906662464,0.000134869597454
18336,3.39066412866,0.000132909847633
18378,3.39066188404,0.00013100932598
18420,3.3906595188,0.000129213118251
18463,3.39065707744,0.000127549206538
18505,3.39065456415,0.000126028962239
18548,3.3906520461,0.000124651884975
18591,3.39064949568,0.00012341131748
18634,3.39064698155,0.000122299122814
18677,3.3906445106,0.000121308525307
18720,3.39064202315,0.000120435079681
18763,3.39063961839,0.000119676191364
18806,3.39063724238,0.000119029782147
18849,3.39063496671,0.000118492579043
18893,3.39063275726,0.0001180584732
18936,3.39063064783,0.000117717247302
18980,3.39062868855,0.000117453998667
19024,3.3906267909,0.000117249508436
19068,3.39062509655,0.000117081563838
19112,3.39062351935,0.000116926820359
19156,3.39062209701,0.000116762192525
19200,3.39062081314,0.000116564996652
19244,3.39061963161,0.000116312084182
19289,3.39061858231,0.000115979492051
19333,3.39061765612,0.000115544161804
19378,3.39061675352,0.00011498772967
19422,3.3906159353,0.000114300689608
19467,3.3906150994,0.000113484942391
19512,3.39061422118,0.000112553752021
19557,3.39061330531,0.000111529497147
19602,3.39061232765,0.000110440162409
19647,3.39061126089,0.000109315432065
19692,3.39061014398,0.000108182964195
19738,3.39060894336,0.000107065254303
19783,3.3906077147,0.000105977409375
19829,3.39060645785,0.000104926122281
19875,3.39060523501,0.000103909955785
19920,3.39060400983,0.000102920866434
19966,3.39060281389,0.000101946627721
20012,3.39060167426,0.000100973657068
20059,3.39060052928,9.99896367105e-05
20105,3.39059944958,9.89853613625e-05
20151,3.39059836088,9.79554566361e-05
20198,3.39059733659,9.68978296403e-05
20244,3.3905963208,9.58120818062e-05
20291,3.39059531601,9.46973116742e-05
20338,3.39059430962,9.35499429401e-05
20385,3.39059333548,9.23621937263e-05
20432,3.39059241681,9.11216857721e-05
20479,3.3905915094,8.98124244309e-05
20526,3.39059059342,8.84170572724e-05
20573,3.39058969404,8.6920016752e-05
20621,3.39058877457,8.5310922349e-05
20668,3.39058776679,8.35875298452e-05
20716,3.39058668493,8.17576110249e-05
20763,3.39058548363,7.9839381768e-05
20811,3.39058412127,7.78603810125e-05
20859,3.39058261866,7.58550205882e-05
20907,3.39058092292,7.38612471913e-05
20956,3.39057907971,7.19168520849e-05
21004,3.390577086,7.00559774493e-05
21052,3.39057499573,6.83062456292e-05
21101,3.39057275219,6.66868165515e-05
21150,3.39057051823,6.52074875935e-05
21198,3.39056822717,6.38688542413e-05
21247,3.3905659451,6.26633633046e-05
21296,3.39056369402,6.15770598941e-05
21345,3.39056149478,6.05917255082e-05
21394,3.39055934232,5.96871051274e-05
21444,3.39055728185,5.88429350353e-05
21493,3.39055523546,5.8040556462e-05
21543,3.39055327679,5.72639762393e-05
21592,3.39055141783,5.6500370097e-05
21642,3.39054954666,5.57400907448e-05
21692,3.3905477199,5.49763267999e-05
21742,3.39054591631,5.42045686153e-05
21792,3.39054417834,5.34220625787e-05
21842,3.3905424432,5.26273347914e-05
21893,3.39054069148,5.18198567991e-05
21943,3.39053898817,5.09998556786e-05
21994,3.39053727389,5.01682371401e-05
22045,3.39053555195,4.93265590203e-05
22095,3.39053382758,4.84770134796e-05
22146,3.39053205625,4.76223773471e-05
22197,3.39053033416,4.67659118157e-05
22249,3.39052855336,4.59112261742e-05
22300,3.3905267708,4.50621045365e-05
22351,3.39052497329,4.4222334998e-05
22403,3.39052315164,4.3395546979e-05
22454,3.39052132103,4.25850739311e-05
22506,3.39051948517,4.17938464172e-05
22558,3.39051762403,4.10243145394e-05
22610,3.39051577294,4.02783968126e-05
22662,3.39051387199,3.95574574669e-05
22714,3.39051199725,3.88623043651e-05
22767,3.39051011849,3.81932181227e-05
22819,3.39050825778,3.75500021006e-05
22872,3.39050637035,3.69320592185e-05
22925,3.39050451716,3.63384842401e-05
22977,3.39050261595,3.57681718431e-05
23030,3.39050078025,3.5219920544e-05
23083,3.39049891637,3.46925383852e-05
23137,3.39049707044,3.41849285272e-05
23190,3.3904952026,3.36961651227e-05
23243,3.39049336834,3.32255479633e-05
23297,3.39049156882,3.2772639757e-05
23351,3.39048972585,3.23372760576e-05
23405,3.39048790826,3.19195380021e-05
23459,3.39048613359,3.15196877056e-05
23513,3.39048434711,3.11380631803e-05
23567,3.39048256659,3.0774948449e-05
23621,3.39048076502,3.04304500295e-05
23676,3.39047900458,3.01044049268e-05
23730,3.39047724048,2.97963464852e-05
23785,3.39047549688,2.9505526007e-05
23840,3.39047380069,2.92309828229e-05
23895,3.39047209546,2.89716376199e-05
23950,3.39047036879,2.87263834101e-05
24005,3.39046866772,2.84941601947e-05
24060,3.39046700678,2.82740059185e-05
24116,3.39046536677,2.80650826363e-05
24171,3.39046372298,2.78666833588e-05
24227,3.39046208199,2.7678225889e-05
24283,3.39046046874,2.74992394821e-05
24339,3.39045887397,2.73293484044e-05
24395,3.39045727441,2.71682545255e-05
24451,3.39045567525,2.70157215826e-05
24508,3.39045411379,2.68715630703e-05
24564,3.39045253939,2.67356350862e-05
24621,3.39045102065,2.66078304273e-05
24678,3.39044945561,2.64880796209e-05
24734,3.39044794351,2.6376348505e-05
24791,3.39044640896,2.62726422055e-05
24849,3.39044490444,2.61770036086e-05
24906,3.39044339732,2.60895158205e-05
24963,3.39044190056,2.60103031821e-05
25021,3.39044041555,2.59395374062e-05
25079,3.39043891997,2.58774508893e-05
25136,3.39043742519,2.58243633539e-05
25194,3.39043596142,2.57807345707e-05
25252,3.39043449713,2.57472655117e-05
25311,3.39043302516,2.57250863271e-05
25369,3.39043152971,2.5716094501e-05
25427,3.39043005878,2.572351129e-05
25486,3.39042856852,2.57526932608e-05
25545,3.3904270272,2.58121095914e-05
25604,3.39042549378,2.59141783434e-05
25663,3.39042397169,2.6075377999e-05
25722,3.39042244149,2.63148718053e-05
25781,3.39042092673,2.66510424182e-05
25841,3.39041946318,2.70959865513e-05
25900,3.39041808108,2.76490808553e-05
25960,3.39041683206,2.82917640047e-05
26020,3.39041572885,2.89860268129e-05
26080,3.3904148486,2.96782738836e-05
26140,3.39041418391,3.03083376425e-05
26200,3.39041363814,3.08212654903e-05
26260,3.39041318393,3.11781876505e-05
26321,3.39041281532,3.13628366451e-05
26382,3.39041240203,3.13820121062e-05
26442,3.39041197181,3.12605828682e-05
26503,3.39041148699,3.10333956613e-05
26565,3.39041089829,3.07369791537e-05
26626,3.39041023368,3.0403280965e-05
26687,3.39040952004,3.00563979212e-05
26749,3.39040867835,2.97120545349e-05
26810,3.39040789803,2.93788884837e-05
26872,3.39040695658,2.90604992998e-05
26934,3.39040610226,2.87574397907e-05
26996,3.39040516474,2.8468763767e-05
27058,3.39040426695,2.81930052479e-05
27121,3.39040332656,2.79287028437e-05
27183,3.39040239376,2.76746044557e-05
27246,3.39040140522,2.74297044537e-05
27309,3.39040049322,2.71932022179e-05
27372,3.39039955984,2.69644484552e-05
27435,3.39039856147,2.67428925553e-05
27498,3.39039760932,2.65280454931e-05
27561,3.39039669037,2.63194587512e-05
27625,3.3903956895,2.61167104698e-05
27689,3.39039475922,2.59193953753e-05
27753,3.39039378677,2.57271258216e-05
27817,3.39039287018,2.55395277614e-05
27881,3.39039193933,2.5356245124e-05
27945,3.39039099642,2.51769407013e-05
28009,3.3903900553,2.50012999997e-05
28074,3.39038911497,2.4829034887e-05
28139,3.39038818514,2.46598863012e-05
28203,3.39038726352,2.44936262179e-05
28269,3.39038634119,2.43300579392e-05
28334,3.3903854423,2.41690145519e-05
28399,3.39038450736,2.40103570773e-05
28464,3.39038360381,2.38539692423e-05
28530,3.39038269436,2.36997548664e-05
28596,3.39038177824,2.35476325699e-05
28662,3.39038090054,2.33975318167e-05
28728,3.39038001749,2.32493905894e-05
28794,3.3903791007,2.31031521367e-05
28860,3.39037820693,2.29587626858e-05
28927,3.39037735154,2.28161710844e-05
28994,3.39037647884,2.26753282137e-05
29061,3.39037556579,2.2536185822e-05
29127,3.39037471934,2.23986956302e-05
29195,3.39037384972,2.22628113703e-05
29262,3.39037298283,2.21284866478e-05
29329,3.39037211596,2.19956758881e-05
29397,3.39037124702,2.18643341622e-05
29465,3.39037037753,2.17344172183e-05
29533,3.39036958777,2.16058810847e-05
29601,3.39036868824,2.14786844105e-05
29669,3.39036787176,2.13527844588e-05
29737,3.39036702294,2.12281416833e-05
29806,3.39036622105,2.11047167406e-05
29875,3.3903653516,2.09824731294e-05
29944,3.39036454254,2.08613746488e-05
30013,3.39036374958,2.07413881096e-05
30082,3.39036294193,2.06224822412e-05
30151,3.3903620944,2.05046277348e-05
30221,3.39036132002,2.03877963668e-05
30290,3.39036050972,2.02719630354e-05
30360,3.39035971625,2.01571032564e-05
30430,3.39035891765,2.00431943867e-05
30500,3.39035811579,1.99302148323e-05
30571,3.39035732351,1.98181439462e-05
30641,3.39035652684,1.97069620983e-05
30712,3.3903557205,1.95966503461e-05
30782,3.39035501099,1.94871897542e-05
30853,3.39035418886,1.93785637936e-05
30925,3.39035347706,1.9270753992e-05
30996,3.39035266134,1.91637448845e-05
31067,3.39035194741,1.90575191004e-05
31139,3.39035117521,1.89520617975e-05
31211,3.39035038725,1.88473574242e-05
31283,3.39034963379,1.87433908043e-05
31355,3.39034891362,1.86401474405e-05
31427,3.39034812113,1.85376137714e-05
31500,3.39034740852,1.84357751616e-05
31572,3.39034668779,1.83346186092e-05
31645,3.39034597238,1.82341308482e-05
31718,3.39034522467,1.81342991577e-05
31791,3.39034451788,1.80351104711e-05
31864,3.39034382143,1.79365525092e-05
31938,3.39034304692,1.78386135057e-05
32011,3.39034229551,1.77412808894e-05
32085,3.39034164004,1.76445424313e-05
32159,3.39034092796,1.75483872499e-05
32233,3.39034023286,1.74528034445e-05
32308,3.3903395457,1.73577797e-05
32382,3.39033878546,1.72633052145e-05
32457,3.3903381182,1.71693680676e-05
32531,3.39033743701,1.70759578694e-05
32606,3.39033676033,1.69830637237e-05
32682,3.39033602143,1.68906752915e-05
32757,3.39033541438,1.67987810622e-05
32832,3.39033472556,1.67073716821e-05
32908,3.39033399928,1.66164366362e-05
32984,3.39033336384,1.65259651317e-05
33060,3.39033266928,1.64359478669e-05
33136,3.39033200098,1.63463745232e-05
33213,3.39033136329,1.6257235321e-05
33289,3.39033071436,1.61685208549e-05
33366,3.39033005709,1.60802216733e-05
33443,3.39032940672,1.59923284605e-05
33520,3.39032877278,1.59048321506e-05
33597,3.39032813903,1.58177240537e-05
33675,3.39032750861,1.57309956794e-05
33752,3.39032688074,1.56446388829e-05
33830,3.39032616381,1.55586462972e-05
33908,3.39032550961,1.5473009823e-05
33986,3.39032498744,1.53877221557e-05
34065,3.39032426432,1.53027782241e-05
34143,3.39032367184,1.52181703433e-05
34222,3.39032303412,1.51338935092e-05
34301,3.3903224587,1.50499417943e-05
34380,3.39032177691,1.49663108148e-05
34459,3.39032121711,1.48829946995e-05
34539,3.39032062558,1.47999894963e-05
34618,3.39032004249,1.47172905859e-05
34698,3.39031939235,1.46348940048e-05
34778,3.39031875921,1.45527952211e-05
34858,3.39031823283,1.44709897856e-05
34939,3.39031764196,1.43894744463e-05
35019,3.39031705301,1.43082449991e-05
35100,3.3903164023,1.42272978501e-05
35181,3.39031587642,1.41466284065e-05
35262,3.39031522199,1.40662339661e-05
35343,3.39031471724,1.39861096539e-05
35425,3.39031401261,1.39062532392e-05
35506,3.3903134771,1.38266595695e-05
35588,3.39031294057,1.37473257538e-05
35670,3.39031228108,1.36682487311e-05
35752,3.39031180402,1.35894237561e-05
35835,3.3903112614,1.35108483563e-05
35917,3.39031071826,1.3432518835e-05
36000,3.39031006793,1.33544322166e-05
36083,3.39030955743,1.32765841688e-05
36166,3.39030900976,1.31989720707e-05
36250,3.39030852326,1.31215922569e-05
36333,3.39030793767,1.30444421035e-05
36417,3.39030736402,1.29675179711e-05
36501,3.39030677986,1.28908167745e-05
36585,3.39030629401,1.28143349667e-05
36669,3.39030575463,1.27380700256e-05
36754,3.39030512469,1.26620190225e-05
36839,3.39030464784,1.25861780187e-05
36924,3.39030408961,1.25105448966e-05
37009,3.39030355383,1.24351163118e-05
37094,3.3903030159,1.23598894314e-05
37180,3.39030256332,1.22848610487e-05
37265,3.39030195123,1.22100291953e-05
37351,3.39030144407,1.2135390092e-05
37437,3.39030093738,1.20609413287e-05
37524,3.3903004216,1.19866801839e-05
37610,3.39029992275,1.19126038439e-05
37697,3.39029938212,1.18387098269e-05
37784,3.39029891913,1.17649950626e-05
37871,3.39029838971,1.16914574355e-05
37958,3.39029782505,1.16180942549e-05
38046,3.39029743624,1.15449022608e-05
38133,3.39029683009,1.14718803016e-05
38221,3.3902963463,1.13990247783e-05
38309,3.3902959311,1.13263334946e-05
38398,3.39029540864,1.12538047232e-05
38486,3.39029492169,1.11814357516e-05
38575,3.39029436244,1.11092247949e-05
38664,3.39029383363,1.10371694834e-05
38753,3.39029347352,1.09652674668e-05
38842,3.39029300781,1.08935178736e-05
38932,3.39029243938,1.08219190801e-05
39022,3.39029204656,1.0750468757e-05
39112,3.39029161302,1.06791663323e-05
39202,3.39029105899,1.06080109678e-05
39292,3.39029061333,1.0537001038e-05
39383,3.39029010634,1.04661363393e-05
39473,3.39028970013,1.03954157987e-05
39564,3.39028922778,1.03248395066e-05
39656,3.39028870098,1.02544071314e-05
39747,3.3902882534,1.01841180894e-05
39839,3.39028776567,1.01139726582e-05
39931,3.3902874147,1.00439703057e-05
40023,3.39028682282,9.97411220764e-06
40115,3.39028640849,9.90439723083e-06
40207,3.39028597037,9.83482611017e-06
40300,3.39028541158,9.76539928962e-06
40393,3.39028515771,9.69611573019e-06
40486,3.39028468585,9.62697713472e-06
40579,3.39028423479,9.55798302602e-06
40673,3.39028369057,9.48913394128e-06
40767,3.39028335113,9.42042927036e-06
40861,3.39028284061,9.35187029163e-06
40955,3.39028238274,9.28345661768e-06
41049,3.39028196683,9.21518852366e-06
41144,3.39028153901,9.14706640958e-06
41239,3.39028107368,9.07909060758e-06
41334,3.39028071972,9.01126099997e-06
41429,3.39028035326,8.94357822198e-06
41525,3.39027982596,8.87604299188e-06
41620,3.39027935719,8.80865509922e-06
41716,3.39027886407,8.74141518109e-06
41812,3.39027857285,8.67432314327e-06
41909,3.39027813388,8.60738045633e-06
42005,3.39027772297,8.54058734589e-06
42102,3.39027727247,8.47394479107e-06
42199,3.39027687272,8.40745353144e-06
42297,3.39027642544,8.34111496291e-06
42394,3.39027597396,8.27493034063e-06
42492,3.39027559948,8.20890106916e-06
42590,3.39027528162,8.14302906292e-06
42688,3.39027488592,8.07731678246e-06
42786,3.39027437406,8.01176673676e-06
42885,3.39027404187,7.94638093723e-06
42984,3.39027361765,7.88116302095e-06
43083,3.39027310238,7.81611624636e-06
43182,3.39027276894,7.75124350223e-06
43282,3.39027236201,7.68654912311e-06
43382,3.39027201816,7.62203674218e-06
43482,3.39027155044,7.55771089373e-06
43582,3.39027117464,7.49357534734e-06
43682,3.39027081729,7.42963463483e-06
43783,3.3902702619,7.36589368066e-06
43884,3.39026999655,7.30235594344e-06
43985,3.39026959883,7.23902691604e-06
44086,3.3902693174,7.1759106848e-06
44188,3.39026870059,7.11301286704e-06
44290,3.39026848154,7.05033662971e-06
44392,3.39026815055,6.9878878115e-06
44494,3.39026765739,6.92567134462e-06
44597,3.39026719937,6.86369174383e-06
44700,3.39026677132,6.80195405242e-06
44803,3.39026646284,6.74046325551e-06
44906,3.39026609903,6.67922502031e-06
45010,3.39026573107,6.6182447395e-06
45113,3.39026548255,6.55752787429e-06
45217,3.39026499278,6.49708105424e-06
45322,3.39026463495,6.43690974972e-06
45426,3.39026420101,6.37702084315e-06
45531,3.39026384846,6.31742085288e-06
45636,3.39026343228,6.25811725075e-06
45741,3.39026319281,6.19911725046e-06
45846,3.39026289555,6.14042950506e-06
45952,3.39026242646,6.08206315389e-06
46058,3.39026198024,6.02402772871e-06
46164,3.39026175471,5.96633405195e-06
46271,3.39026124697,5.90899593751e-06
46377,3.39026085849,5.85202801387e-06
46484,3.3902605945,5.79544889165e-06
46591,3.39026022549,5.73928196778e-06
46699,3.39025988927,5.68355575697e-06
46806,3.39025950903,5.62830647269e-06
46914,3.39025912178,5.57357921085e-06
47023,3.39025883507,5.5194298074e-06
47131,3.3902583469,5.46592725929e-06
47240,3.39025816021,5.41315303605e-06
47348,3.39025764808,5.36120487256e-06
47458,3.39025739941,5.31019280915e-06
47567,3.39025698284,5.26024145563e-06
47677,3.39025654245,5.21148491313e-06
47787,3.39025635086,5.16406364736e-06
47897,3.39025583646,5.11812090859e-06
48007,3.39025558342,5.07379366154e-06
48118,3.39025511052,5.03120935844e-06
48229,3.39025485521,4.99047627275e-06
48340,3.39025443951,4.95167988704e-06
48451,3.39025411563,4.91487558306e-06
48563,3.39025364562,4.88008663617e-06
48675,3.3902534692,4.84730072918e-06
48787,3.39025309761,4.81647250505e-06
48900,3.39025280431,4.78752337405e-06
49012,3.39025249768,4.7603471409e-06
49125,3.39025217334,4.73481475911e-06
49239,3.39025162326,4.71078103789e-06
49352,3.39025150454,4.68808981701e-06
49466,3.39025102419,4.66658368222e-06
49580,3.39025080019,4.64610589203e-06
49694,3.39025031931,4.62650884025e-06
49809,3.39025003755,4.60765497041e-06
49924,3.39024969565,4.58942166367e-06
50039,3.39024948094,4.57170105572e-06
50154,3.39024908479,4.55440167544e-06
50270,3.39024873141,4.5374465673e-06
50386,3.39024828884,4.52077337501e-06
50502,3.39024822908,4.50433153488e-06
50618,3.39024789935,4.48808284886e-06
50735,3.39024758897,4.47199695671e-06
50852,3.39024721244,4.45605139301e-06
50969,3.39024697369,4.44022917161e-06
51086,3.39024645883,4.42451864443e-06
51204,3.39024644965,4.40891001722e-06
51322,3.39024622164,4.39339798186e-06
51441,3.39024581351,4.37797804946e-06
51559,3.3902455048,4.36264670625e-06
51678,3.39024527079,4.34740172275e-06
51797,3.39024474165,4.3322419135e-06
51917,3.39024458396,4.31716516877e-06
52036,3.39024433173,4.30217109114e-06
52156,3.39024389674,4.28725896693e-06
52276,3.39024373656,4.27242750102e-06
52397,3.39024360315,4.25767636042e-06
52518,3.39024316426,4.24300535591e-06
52639,3.39024291971,4.22841328171e-06
52760,3.39024268127,4.21389981327e-06
52882,3.3902424299,4.19946442486e-06
53004,3.39024214274,4.18510660344e-06
53126,3.39024177038,4.17082587454e-06
53248,3.39024161755,4.15662133385e-06
53371,3.39024128054,4.14249295238e-06
53494,3.3902409554,4.12843996823e-06
53617,3.39024067858,4.11446182046e-06
53741,3.39024059412,4.10055782245e-06
53865,3.39024008441,4.08672821185e-06
53989,3.39023981114,4.07297168306e-06
54114,3.39023945084,4.0592881245e-06
54238,3.39023926919,4.04567672e-06
54363,3.39023886313,4.03213745662e-06
54489,3.39023873101,4.0186692501e-06
54614,3.39023872966,4.00527178559e-06
54740,3.39023822281,3.9919453301e-06
54866,3.39023828059,3.97868814165e-06
54993,3.39023767874,3.96550118215e-06
55120,3.39023744784,3.9523827693e-06
55247,3.39023727454,3.93933280173e-06
55374,3.39023720921,3.92635075549e-06
55502,3.39023689629,3.9134365793e-06
55630,3.39023658559,3.90058952342e-06
55758,3.39023634312,3.88780905599e-06
55886,3.39023622236,3.87509466383e-06
56015,3.39023574101,3.86244644822e-06
56144,3.39023569718,3.84986305257e-06
56274,3.39023549756,3.8373447103e-06
56404,3.39023518686,3.82489092947e-06
56534,3.39023489798,3.81250112287e-06
56664,3.39023456295,3.80017493353e-06
56795,3.39023442002,3.78791166457e-06
56925,3.39023435583,3.77571101724e-06
57057,3.39023403863,3.76357293671e-06
57188,3.39023381678,3.75149661395e-06
57320,3.39023342337,3.73948192657e-06
57452,3.39023301125,3.72752828999e-06
57585,3.39023306073,3.71563476589e-06
57717,3.39023271502,3.70380188645e-06
57850,3.39023272116,3.69202842827e-06
57984,3.39023232025,3.6803148161e-06
58117,3.39023209767,3.66866001244e-06
58251,3.39023199459,3.65706368569e-06
58386,3.39023186337,3.64552560182e-06
58520,3.39023163689,3.63404544138e-06
58655,3.39023134483,3.6226227834e-06
58790,3.3902309752,3.61125725455e-06
58926,3.39023057558,3.59994842093e-06
59062,3.39023057543,3.58869544781e-06
59198,3.39023044774,3.57749851821e-06
59334,3.39023044976,3.56635698597e-06
59471,3.39022990588,3.55527118927e-06
59608,3.3902298899,3.54423963134e-06
59746,3.39022938387,3.53326301206e-06
59883,3.39022904429,3.52234028113e-06
60021,3.39022913786,3.51147080311e-06
60160,3.39022896702,3.50065494423e-06
60299,3.39022881119,3.48989205878e-06
60438,3.39022848831,3.47918198077e-06
60577,3.39022844061,3.46852390583e-06
60716,3.39022823579,3.45791792967e-06
60856,3.39022791965,3.44736365901e-06
60997,3.39022768833,3.43686055127e-06
61137,3.39022770478,3.4264081024e-06
61278,3.39022727985,3.41600667138e-06
61420,3.39022724238,3.40565508642e-06
61561,3.39022711604,3.39535349541e-06
61703,3.39022678116,3.38510168684e-06
61845,3.3902266149,3.37489895563e-06
61988,3.39022593215,3.36474565799e-06
62131,3.39022618606,3.35464002856e-06
62274,3.3902259032,3.3445832089e-06
62418,3.39022563933,3.33457432964e-06
62561,3.39022547668,3.32461299478e-06
62706,3.39022514952,3.31469915192e-06
62850,3.39022517194,3.30483198779e-06
62995,3.39022494622,3.29501177812e-06
63140,3.39022468535,3.28523800849e-06
63286,3.39022433411,3.27551042856e-06
63432,3.39022415539,3.26582848329e-06
63578,3.39022441946,3.25619161605e-06
63725,3.39022408016,3.24660053629e-06
63871,3.39022380646,3.23705430646e-06
64019,3.39022344983,3.2275527773e-06
64166,3.39022348364,3.21809521e-06
64314,3.39022319619,3.20868199512e-06
64462,3.39022317207,3.19931229447e-06
64611,3.39022242928,3.18998675289e-06
64760,3.39022259914,3.18070355514e-06
64909,3.39022246711,3.17146356855e-06
65059,3.39022211134,3.16226644394e-06
65209,3.39022225849,3.1531112324e-06
65359,3.39022206129,3.143998455e-06
65510,3.39022200889,3.13492739048e-06
65661,3.39022155069,3.12589828407e-06
65812,3.39022158745,3.11691004337e-06
65964,3.3902216329,3.10796285963e-06
66116,3.39022096967,3.09905713282e-06
66268,3.39022085245,3.09019146044e-06
66421,3.39022082453,3.08136601119e-06
66574,3.39022057118,3.07258082289e-06
66728,3.39022035867,3.06383540767e-06
66882,3.39022012566,3.05512957816e-06
67036,3.39022032375,3.04646268806e-06
67190,3.39021967854,3.0378356448e-06
67345,3.39021962191,3.02924692726e-06
67500,3.39021990373,3.02069653009e-06
67656,3.39021944311,3.01218518597e-06
67812,3.39021947913,3.0037115638e-06
67968,3.39021919174,2.99527616654e-06
68125,3.39021889212,2.98687849484e-06
68282,3.39021877877,2.9785181538e-06
68440,3.39021821236,2.97019548689e-06
68597,3.39021868898,2.96190896801e-06
68755,3.39021851069,2.95365987071e-06
68914,3.39021813279,2.94544758352e-06
69073,3.39021799256,2.93727151724e-06
69232,3.39021788849,2.92913164099e-06
69392,3.3902174132,2.92102810144e-06
69552,3.39021757884,2.9129598238e-06
69712,3.39021719685,2.90492763061e-06
69873,3.39021722596,2.89693050035e-06
70034,3.39021715405,2.88896867581e-06
70195,3.39021704731,2.88104190546e-06
70357,3.39021666026,2.87315020439e-06
70519,3.39021658013,2.86529288342e-06
70682,3.39021607825,2.85747036972e-06
70845,3.39021654278,2.84968130612e-06
71008,3.39021629518,2.8419269206e-06
71172,3.39021591249,2.83420654175e-06
71336,3.39021571426,2.82651971969e-06
71500,3.39021585875,2.8188661431e-06
71665,3.39021589014,2.81124601278e-06
71830,3.39021544359,2.80365945165e-06
71996,3.39021524199,2.7961056837e-06
72162,3.39021487143,2.78858487581e-06
72328,3.39021519175,2.78109614761e-06
72495,3.39021511771,2.77364021901e-06
72662,3.39021469379,2.76621687982e-06
72829,3.39021528424,2.75882484758e-06
72997,3.39021449159,2.75146590587e-06
73166,3.39021440022,2.74413819095e-06
73334,3.39021447672,2.73684197154e-06
73503,3.39021407453,2.72957760401e-06
73673,3.39021419587,2.72234411637e-06
73843,3.39021407997,2.71514195818e-06
74013,3.39021367617,2.70797100642e-06
74183,3.3902138762,2.70083038795e-06
74354,3.3902133533,2.69372100091e-06
74526,3.39021346348,2.68664160733e-06
74698,3.39021301725,2.67959299347e-06
74870,3.39021305561,2.67257417843e-06
75042,3.39021292555,2.66558552276e-06
75215,3.39021243357,2.65862702231e-06
75389,3.39021274617,2.65169760851e-06
75563,3.39021235068,2.64479831339e-06
75737,3.3902118377,2.63792852103e-06
75911,3.39021245597,2.63108711046e-06
76086,3.3902121937,2.62427549557e-06
76262,3.39021225758,2.61749259006e-06
76438,3.39021197042,2.61073876898e-06
76614,3.3902111262,2.60401404091e-06
76790,3.39021164743,2.59731678302e-06
76967,3.39021175343,2.59064821829e-06
77145,3.39021133097,2.58400828565e-06
77323,3.39021086722,2.57739646751e-06
77501,3.39021161683,2.57081166901e-06
77680,3.39021111177,2.56425562155e-06
77859,3.39021091519,2.55772699696e-06
78038,3.39021026221,2.55122623191e-06
78218,3.39021027715,2.54475233991e-06
78398,3.39021026299,2.53830570757e-06
78579,3.39021029903,2.53188613723e-06
78760,3.39021049321,2.52549341129e-06
78942,3.39020955951,2.51912834957e-06
79124,3.39021040513,2.5127886551e-06
79306,3.39020918175,2.50647704795e-06
79489,3.390209124,2.50019099688e-06
79672,3.3902094176,2.49393097393e-06
79856,3.39020925556,2.48769744053e-06
80040,3.39020935789,2.48148973528e-06
80225,3.39021001206,2.47530751866e-06
80410,3.39020954511,2.46915188183e-06
80595,3.39020908846,2.46302186719e-06
80781,3.39020931313,2.45691685979e-06
80967,3.39020860071,2.45083790535e-06
81154,3.39020819466,2.44478397498e-06
81341,3.39020862233,2.43875456461e-06
81528,3.39020893962,2.43275023054e-06
81716,3.39020809547,2.42677159972e-06
81904,3.39020898969,2.42081647133e-06
82093,3.39020910011,2.41488652782e-06
82283,3.3902083915,2.40898166758e-06
82472,3.39020771987,2.40310115783e-06
82662,3.39020725248,2.39724475955e-06
82853,3.39020804127,2.39141161155e-06
83044,3.39020750292,2.38560341867e-06
83235,3.39020701748,2.37981908664e-06
83427,3.39020673536,2.37405839247e-06
83619,3.39020715621,2.36832087095e-06
83812,3.39020724895,2.36260712774e-06
84005,3.39020757496,2.35691665519e-06
84199,3.39020734712,2.3512498854e-06
84393,3.39020688565,2.34560647979e-06
84588,3.39020720455,2.33998562382e-06
84783,3.39020604396,2.33438876464e-06
84978,3.39020706625,2.32881326711e-06
85174,3.39020595205,2.32326199064e-06
85370,3.39020689452,2.31773194744e-06
85567,3.3902063114,2.31222548083e-06
85765,3.39020596402,2.30674127574e-06
85962,3.39020691073,2.30127850639e-06
86160,3.39020532828,2.29583966027e-06
86359,3.39020544707,2.29042176002e-06
86558,3.39020671273,2.28502508101e-06
86758,3.39020544747,2.27965199592e-06
86958,3.39020539655,2.27429987516e-06
87158,3.39020538353,2.26896940739e-06
87359,3.39020493474,2.26366080528e-06
87560,3.39020614729,2.25837256669e-06
87762,3.3902045169,2.25310759043e-06
87965,3.39020498152,2.24786248737e-06
88167,3.39020451452,2.24263916817e-06
88371,3.39020523927,2.23743612663e-06
88574,3.39020510979,2.23225461547e-06
88778,3.39020512711,2.22709387389e-06
88983,3.39020466835,2.22195421214e-06
89188,3.39020490919,2.21683476121e-06
89394,3.3902043576,2.21173640022e-06
89600,3.39020416504,2.20665827928e-06
89806,3.39020462084,2.20160011585e-06
90014,3.39020421999,2.19656279231e-06
90221,3.39020370071,2.19154573254e-06
90429,3.39020474159,2.18654775893e-06
90637,3.39020397939,2.18157094865e-06
90846,3.39020329503,2.17661399284e-06
91056,3.39020401535,2.17167594912e-06
91266,3.3902030806,2.16675868698e-06
91476,3.3902041965,2.16185974453e-06
91687,3.39020288885,2.1569818862e-06
91898,3.39020249977,2.1521228894e-06
92110,3.39020355959,2.14728233221e-06
92323,3.39020404478,2.14246141013e-06
92535,3.39020326786,2.1376604653e-06
92749,3.39020355646,2.13287793959e-06
92962,3.39020377721,2.12811446114e-06
93177,3.39020216479,2.12337104799e-06
93392,3.39020304235,2.11864490404e-06
93607,3.39020285961,2.11393816716e-06
93823,3.39020224116,2.10925035863e-06
94039,3.39020364579,2.10457986505e-06
94256,3.39020245524,2.09992947065e-06
94473,3.39020114703,2.09529754937e-06
94691,3.39020199833,2.09068261277e-06
94909,3.39020119933,2.08608693074e-06
95128,3.39020167523,2.08150861792e-06
95347,3.39020276136,2.07694800448e-06
95567,3.39020299826,2.07240590334e-06
95787,3.39020139986,2.06788283136e-06
96008,3.39020164549,2.06337646116e-06
96229,3.39020152513,2.05888806205e-06
96451,3.39020094487,2.05441760977e-06
96674,3.39020070107,2.0499645417e-06
96896,3.39020150277,2.04552835262e-06
97120,3.3902018439,2.04110987507e-06
97344,3.39020079848,2.03670958574e-06
97568,3.39020127943,2.03232565568e-06
97793,3.39020072375,2.02795954708e-06
98018,3.39020153784,2.02360974318e-06
98244,3.39020035348,2.01927817948e-06
98471,3.39020203298,2.01496188296e-06
98698,3.39020135879,2.01066388397e-06
98925,3.39020077872,2.00638265035e-06
99153,3.39020045673,2.00211801158e-06
99382,3.39019926627,1.99787055889e-06
99611,3.39020079849,1.99363810407e-06
99841,3.39020020932,1.98942342717e-06
100071,3.39019911164,1.98522550358e-06
100302,3.39020091145,1.98104226938e-06
100533,3.39020118236,1.97687624503e-06
100765,3.39020156423,1.9727263998e-06
100997,3.39020017292,1.96859375776e-06
101230,3.39020099688,1.96447593136e-06
101464,3.39020109834,1.96037455791e-06
101697,3.39019936222,1.95629020923e-06
101932,3.39019988575,1.95222045074e-06
102167,3.39019992107,1.94816680152e-06
102402,3.39019942749,1.94412921548e-06
102638,3.39019915007,1.94010719719e-06
102875,3.39019873297,1.93610088386e-06
103112,3.39020151171,1.93210830779e-06
103350,3.39019973215,1.92813382449e-06
103588,3.39019796586,1.92417475787e-06
103827,3.39019992017,1.92022894326e-06
104066,3.39019961617,1.91629970871e-06
104306,3.39019837585,1.91238623666e-06
104547,3.39019909909,1.90848682788e-06
104788,3.39019760883,1.90460377269e-06
105029,3.39020079256,1.90073313935e-06
105271,3.3901992432,1.89688014507e-06
105514,3.39020038761,1.89304056493e-06
105757,3.39019926831,1.88921710934e-06
106001,3.39019762482,1.88540874241e-06
106245,3.3901969748,1.88161455962e-06
106490,3.39019903253,1.87783355479e-06
106736,3.39020068424,1.87406739863e-06
106982,3.39019661591,1.87031896231e-06
107228,3.39019699438,1.86658257049e-06
107476,3.390199202,1.86285961791e-06
107723,3.3901986998,1.85915254182e-06
107972,3.39019879522,1.85545946567e-06
108221,3.3901984759,1.8517808873e-06
108470,3.39019943416,1.84811582614e-06
108720,3.39019714787,1.84446669031e-06
108971,3.39019755548,1.84083018896e-06
109222,3.39019690036,1.837208311e-06
109474,3.39019711637,1.83359995192e-06
109726,3.39019786631,1.83000524175e-06
109979,3.3901975324,1.82642499929e-06
110233,3.39019724072,1.82285856154e-06
110487,3.39019740006,1.81930565556e-06
110741,3.39019903038,1.81576568309e-06
110997,3.39019799268,1.81224080818e-06
111253,3.39019841124,1.80872876942e-06
111509,3.39019790688,1.80523078584e-06
111766,3.39019782534,1.80174608731e-06
112024,3.39019594875,1.7982757998e-06
112282,3.39019861243,1.79481651239e-06
112541,3.39019694265,1.79137287663e-06
112800,3.39019894595,1.78794060596e-06
113060,3.39019551149,1.7845244567e-06
113321,3.39019906943,1.78111783171e-06
113582,3.3901958956,1.77772789859e-06
113844,3.39019698292,1.77434883405e-06
114106,3.39019743132,1.77098316109e-06
114369,3.39019695482,1.76763097772e-06
114633,3.39019601669,1.76429199122e-06
114897,3.39019686187,1.76096498548e-06
115162,3.390196084,1.75765168338e-06
115428,3.39019563408,1.75435102239e-06
115694,3.39019738976,1.75106198575e-06
115960,3.39019602812,1.74778727636e-06
116228,3.39019518648,1.74452496605e-06
116496,3.39019450491,1.74127519399e-06
116764,3.39019764665,1.73803603564e-06
117033,3.39019419412,1.73481278596e-06
117303,3.3901950234,1.73159982447e-06
117574,3.39019418454,1.72840015041e-06
117845,3.39019701353,1.72521099753e-06
118116,3.39019506414,1.72203662044e-06
118389,3.39019753079,1.7188722983e-06
118662,3.39019752242,1.71572148538e-06
118935,3.39019591835,1.71258368523e-06
119209,3.39019439021,1.7094580054e-06
119484,3.3901963628,1.70634267739e-06
119759,3.390196808,1.70324019217e-06
120036,3.39019519956,1.70015076488e-06
120312,3.39019513837,1.69707254295e-06
120590,3.39019428789,1.69400665386e-06
120868,3.39019366697,1.69095254326e-06
121146,3.39019554939,1.68790903579e-06
121425,3.39019510512,1.68487849491e-06
121705,3.39019387098,1.68186010842e-06
121986,3.39019640449,1.67885157389e-06
122267,3.39019418159,1.67585707175e-06
122549,3.39019373119,1.67287332468e-06
122832,3.39019702222,1.66989932463e-06
123115,3.3901949114,1.66693953434e-06
123398,3.39019766873,1.66398885631e-06
123683,3.39019425205,1.66105267095e-06
123968,3.39019346491,1.65812661419e-06
124254,3.39019629534,1.6552101683e-06
124540,3.39019289235,1.65230810174e-06
124827,3.39019283599,1.64941569573e-06
125115,3.39019287119,1.64653449804e-06
125404,3.39019695431,1.64366254919e-06
125693,3.39019456593,1.64080490923e-06
125982,3.3901970208,1.63795605388e-06
126273,3.39019550101,1.63512020713e-06
126564,3.39019384212,1.6322954713e-06
126856,3.39019554061,1.62948012462e-06
127148,3.39019421703,1.6266771957e-06
127441,3.39019812422,1.62388268343e-06
127735,3.39019589891,1.62110199384e-06
128029,3.39019323025,1.61833235583e-06
128324,3.39019613877,1.61557085911e-06
128620,3.39019435724,1.6128223617e-06
128917,3.39019467579,1.6100835875e-06
129214,3.39019428024,1.60735583611e-06
129512,3.39019459572,1.60463839161e-06
129811,3.39019394188,1.60193201024e-06
130110,3.39019212412,1.59923674212e-06
130410,3.39019282924,1.59655080902e-06
130710,3.39019433926,1.59387498554e-06
131012,3.3901939417,1.59121050773e-06
131314,3.39019509524,1.58855571164e-06
131616,3.39019364639,1.58591250518e-06
131920,3.39019161411,1.58327990083e-06
132224,3.39019353827,1.58065574215e-06
132529,3.39019319267,1.57804289815e-06
132834,3.39019381028,1.57543982305e-06
133140,3.39019172339,1.57284818265e-06
133447,3.39019685359,1.57026333741e-06
133755,3.39019400963,1.56769229078e-06
134063,3.39019652009,1.56512883369e-06
134372,3.39019019938,1.56257947909e-06
134682,3.39018995249,1.56003731106e-06
134993,3.39019304501,1.55750356229e-06
135304,3.39019726509,1.55497921769e-06
135616,3.39019388068,1.55246824148e-06
135928,3.39019431035,1.54996535953e-06
136242,3.39019302716,1.54747306646e-06
136556,3.39019350324,1.54498973966e-06
136871,3.3901933082,1.54251645244e-06
137186,3.39019057219,1.54005401655e-06
137502,3.39019250626,1.53759911985e-06
137819,3.39019461319,1.53515377298e-06
138137,3.39019338203,1.53271952782e-06
138455,3.39019197703,1.53029491324e-06
138775,3.39019245877,1.52787896473e-06
139094,3.39019274793,1.52547258658e-06
139415,3.39019399593,1.52307522588e-06
139737,3.39019076448,1.52068928896e-06
140059,3.39019185451,1.51831078995e-06
140382,3.39019311214,1.5159415606e-06
140705,3.39019083441,1.51358321983e-06
141029,3.39019631112,1.51123069323e-06
141355,3.39019537748,1.50889026695e-06
141680,3.39019103874,1.50656055805e-06
142007,3.39019577751,1.50423598697e-06
142334,3.39019433386,1.50192329893e-06
142663,3.39019092133,1.49962058374e-06
142991,3.39019181937,1.49732503047e-06
143321,3.39019318742,1.49503830812e-06
143651,3.39019116043,1.49276208623e-06
143983,3.39018849504,1.49049511294e-06
144314,3.3901949196,1.4882330835e-06
144647,3.39019300232,1.48598362394e-06
144981,3.39018648444,1.48374504767e-06
145315,3.39019004301,1.48151089933e-06
145650,3.39019093343,1.47928672754e-06
145986,3.39019348349,1.47707060935e-06
146322,3.39019505771,1.47486366257e-06
146659,3.39019217103,1.47266736739e-06
146997,3.39019025151,1.47047932913e-06
147336,3.39019610641,1.46829657002e-06
147676,3.3901940843,1.46612584236e-06
148016,3.39018972029,1.46396470973e-06
148358,3.39019188422,1.46180931219e-06
148700,3.39019180122,1.45966340946e-06
149042,3.39019155422,1.45752607121e-06
149386,3.39019027595,1.45539763902e-06
149730,3.39019247879,1.45327614642e-06
150076,3.39018720281,1.45116626124e-06
150421,3.39019404742,1.44905956236e-06
150768,3.39019110625,1.44696539245e-06
151116,3.39018907871,1.44487914387e-06
151464,3.39019614921,1.44279730587e-06
151813,3.3901918337,1.44072857112e-06
152163,3.39018794827,1.43866787555e-06
152514,3.39019305291,1.43661156388e-06
152866,3.39019007889,1.43456684654e-06
153218,3.39019602102,1.43252649936e-06
153571,3.39019452023,1.43049741297e-06
153925,3.39019714437,1.42847467186e-06
154280,3.39019108756,1.4264636438e-06
154636,3.39018816665,1.42445932073e-06
154992,3.3901931862,1.42245966493e-06
155350,3.39018994278,1.42047145236e-06
155708,3.39018972208,1.41848991946e-06
156067,3.39019145652,1.41651549083e-06
156426,3.39018935535,1.41455055945e-06
156787,3.39019364289,1.41259083212e-06
157148,3.39018901634,1.41064266113e-06
157511,3.39019071761,1.4086996718e-06
157874,3.39018635105,1.40676699283e-06
158238,3.3901854577,1.40484063465e-06
158602,3.39018861812,1.4029203376e-06
158968,3.39019295191,1.40100727373e-06
159335,3.39019156129,1.3991042667e-06
159702,3.3901916343,1.39720831974e-06
160070,3.39018636963,1.39532221003e-06
160439,3.3901908245,1.39343971553e-06
160809,3.3901925082,1.39156595532e-06
161180,3.39018875546,1.38970199345e-06
161551,3.390187364,1.38784460511e-06
161923,3.39019835296,1.38598967465e-06
162297,3.39019020068,1.38415006865e-06
162671,3.39019027951,1.38231457211e-06
163046,3.3901860773,1.38048827046e-06
163422,3.39018320012,1.37866885439e-06
163798,3.39019077611,1.37685259634e-06
164176,3.39019719013,1.37504420187e-06
164555,3.39019222837,1.37324778426e-06
164934,3.39019191037,1.3714568231e-06
165314,3.39018778832,1.36967471709e-06
165695,3.39018575751,1.36789906013e-06
166077,3.39019350611,1.36612673618e-06
166460,3.39019046242,1.36436601842e-06
166844,3.39019271826,1.36261040142e-06
167228,3.39018575958,1.36086569884e-06
167614,3.39018613011,1.35912524361e-06
168000,3.39019243529,1.35738958508e-06
168388,3.39018821309,1.355665295e-06
168776,3.39018970035,1.35394585286e-06
169165,3.39018907085,1.35223436921e-06
169555,3.39018913734,1.35052970077e-06
169946,3.3901902658,1.34883168359e-06
170337,3.39018888773,1.34714171806e-06
170730,3.39018773766,1.34545869613e-06
171124,3.39019352367,1.34377994037e-06
171518,3.39018556774,1.3421136284e-06
171913,3.39019840792,1.34044606541e-06
172310,3.39019069844,1.33879359107e-06
172707,3.39018775237,1.33714617326e-06
173105,3.39018193325,1.33550680917e-06
173504,3.39019100334,1.33386848818e-06
173904,3.39019290358,1.33223988263e-06
174305,3.39018324831,1.33062268593e-06
174707,3.39019117693,1.32900544106e-06
175110,3.39019403886,1.32739702446e-06
175513,3.39019041142,1.32579796814e-06
175918,3.39018072759,1.32420807687e-06
176323,3.39019222494,1.32261669909e-06
176730,3.39018532087,1.32103927177e-06
177137,3.39018092346,1.31946761524e-06
177546,3.39019260003,1.31789644244e-06
177955,3.39018657031,1.31633887552e-06
178365,3.39018576848,1.31478597959e-06
178776,3.39018483716,1.31323982112e-06
179188,3.39018922305,1.31169827671e-06
179601,3.39018070803,1.31016837841e-06
180015,3.39019088099,1.30863789962e-06
180430,3.39019259316,1.30711731757e-06
180846,3.39019283235,1.30560391445e-06
181263,3.39019177504,1.30409760526e-06
181681,3.39018293167,1.30260086669e-06
182100,3.39018774781,1.30110544307e-06
182520,3.39019111585,1.29961712914e-06
182941,3.390190164,1.29813700799e-06
183362,3.39019737251,1.29666028612e-06
183785,3.39018778435,1.29519649444e-06
184209,3.39018191912,1.29373776652e-06
184633,3.39018877852,1.29228066188e-06
185059,3.39018874293,1.29083265327e-06
185485,3.39018532375,1.28939238265e-06
185913,3.39018490646,1.28795740627e-06
186342,3.39019112275,1.28652633637e-06
186771,3.39019136128,1.28510394862e-06
187202,3.39018602353,1.28369007042e-06
187633,3.3901888686,1.28227947778e-06
188066,3.39018426754,1.2808780731e-06
188499,3.39019100493,1.27947874523e-06
188934,3.39019657271,1.27808621133e-06
189369,3.39019560028,1.27670248027e-06
189806,3.39018980996,1.27532688424e-06
190244,3.39019791549,1.27395237349e-06
190682,3.39018691099,1.27259134286e-06
191122,3.39018235488,1.27123417435e-06
191562,3.3901856448,1.26988034111e-06
192004,3.39018504311,1.26853423367e-06
192446,3.3901929096,1.26719121691e-06
192890,3.39018862827,1.26585898826e-06
193335,3.39019272727,1.26452986636e-06
193780,3.39018750643,1.26321044637e-06
194227,3.39019947852,1.26189083926e-06
194675,3.39019083009,1.26058511593e-06
195124,3.39019055693,1.25928247302e-06
195573,3.39018409952,1.25798831394e-06
196024,3.39018213879,1.25669866384e-06
196476,3.39018697925,1.25541266623e-06
196929,3.39018609877,1.2541349532e-06
197383,3.39018562337,1.25286324671e-06
197838,3.39019750289,1.25159312818e-06
198294,3.39018633557,1.25033766082e-06
198751,3.39018982382,1.24908292114e-06
199209,3.39019007363,1.2478355052e-06
199669,3.39017934522,1.24659824919e-06
200129,3.39018872473,1.24535971597e-06
200590,3.39018432719,1.24413235699e-06
201053,3.39018212065,1.24291029782e-06
201516,3.39018903762,1.24169099676e-06
201981,3.39018777053,1.24048079179e-06
202446,3.39019089425,1.23927507306e-06
202913,3.39018937786,1.23807713917e-06
203381,3.39017743804,1.23688909142e-06
203850,3.39018009384,1.23570179608e-06
204320,3.39019383372,1.23451654394e-06
204791,3.3901856769,1.2333453419e-06
205263,3.39018166387,1.23217870007e-06
205736,3.39019264427,1.2310126807e-06
206210,3.39018851903,1.22985821604e-06
206685,3.39017762902,1.22871226579e-06
207162,3.39018266781,1.22756660426e-06
207639,3.3901841247,1.2264283043e-06
208118,3.39017659449,1.22529931469e-06
208598,3.39018152456,1.224171881e-06
209079,3.39018976087,1.22304931736e-06
209561,3.39019350768,1.22193443627e-06
210044,3.3901874502,1.22082914685e-06
210528,3.39018848105,1.21972736172e-06
211013,3.39018393886,1.21863363905e-06
211500,3.39017824929,1.21754638423e-06
211987,3.39019533976,1.21645701093e-06
212476,3.3901861756,1.21538312033e-06
212966,3.39019284379,1.2143096132e-06
213457,3.39018912589,1.21324588803e-06
213949,3.39018056442,1.21218995418e-06
214442,3.39018087255,1.21113690911e-06
214936,3.39019920674,1.21008349386e-06
215432,3.39018409852,1.2090480814e-06
215928,3.39017648654,1.20801605477e-06
216426,3.39018726013,1.20698354524e-06
216925,3.3901868099,1.20596110352e-06
217425,3.39018873983,1.20494388566e-06
217926,3.39017573467,1.20393804423e-06
218429,3.39019304406,1.20292751152e-06
218932,3.39019881408,1.20192715442e-06
219437,3.39020193422,1.20093381507e-06
219943,3.39017793277,1.19995615423e-06
220450,3.39019159038,1.19897123949e-06
220958,3.3901787827,1.19800176454e-06
221467,3.39018581275,1.19703135895e-06
221978,3.39018871498,1.19606849609e-06
222490,3.39018009971,1.19511577865e-06
223003,3.39018825572,1.19416323361e-06
223517,3.39018562947,1.19322057394e-06
224032,3.39019570439,1.19227953287e-06
224548,3.39018714976,1.19135113176e-06
225066,3.3901862688,1.1904261201e-06
225585,3.39018875535,1.18950601579e-06
226105,3.39017022258,1.18859937221e-06
226626,3.39019055652,1.18768519303e-06
227149,3.39019554251,1.18678248851e-06
227672,3.39018080625,1.18589277679e-06
228197,3.39018871924,1.18500123206e-06
228723,3.39019978479,1.18411468196e-06
229250,3.39016958226,1.1832486325e-06
229779,3.39018878676,1.18237142748e-06
230308,3.39018096361,1.18150974272e-06
230839,3.39017833785,1.18065233459e-06
231372,3.39019246907,1.17979518367e-06
231905,3.39017601314,1.17895476594e-06
232439,3.39018628676,1.17811113976e-06
232975,3.39020307317,1.17727134448e-06
233512,3.39020073729,1.17644427938e-06
234051,3.39016722444,1.17563410947e-06
234590,3.39017787565,1.17481470258e-06
235131,3.3901865591,1.1740020642e-06
235673,3.39018164656,1.17320021518e-06
236216,3.39018263007,1.17240240319e-06
236761,3.39016575091,1.17161684117e-06
237307,3.39018638735,1.17082438914e-06
237854,3.39018341001,1.17004616827e-06
238402,3.39019201948,1.16927001917e-06
238952,3.39019674307,1.16850128015e-06
239502,3.39019927005,1.16773936394e-06
240055,3.39020886546,1.16698107696e-06
240608,3.39019216122,1.16623789954e-06
241163,3.39018467898,1.16549759953e-06
241718,3.39020431793,1.16475403015e-06
242276,3.39017796639,1.16403230861e-06
242834,3.39018965668,1.16330356713e-06
243394,3.39017196563,1.16259094764e-06
243955,3.39019154814,1.16187158398e-06
244517,3.39019123163,1.16116507787e-06
245081,3.39018600673,1.16046628155e-06
245646,3.39016962731,1.15977732476e-06
246212,3.39017810716,1.1590858836e-06
246780,3.39019422403,1.15839785369e-06
247349,3.39017541574,1.15772776987e-06
247919,3.39017476443,1.15705749023e-06
248491,3.39016907125,1.15639493413e-06
249063,3.39016516907,1.15573776469e-06
249638,3.39020567511,1.15507145808e-06
250213,3.39018582924,1.15443170807e-06
250790,3.39016916469,1.15379685313e-06
251368,3.39015921753,1.1531656875e-06
251947,3.39019729646,1.15252416667e-06
252528,3.39018593387,1.15190542962e-06
253110,3.39018165903,1.15129024713e-06
253694,3.3902041396,1.15067194267e-06
254279,3.39015903394,1.15008252965e-06
254865,3.39018478883,1.14947502534e-06
255452,3.39019439165,1.14887894957e-06
256041,3.39015953379,1.14830387726e-06
256630,3.39017855919,1.14771648698e-06
257223,3.39019580535,1.14713563612e-06
257815,3.39016754584,1.14657610711e-06
258410,3.39016946897,1.14601228682e-06
259005,3.39020700916,1.14544234938e-06
259603,3.39018673933,1.14489785851e-06
260202,3.39017587726,1.14435609224e-06
260801,3.39016957275,1.1438186869e-06
261403,3.39018707125,1.14327914992e-06
262005,3.39018766773,1.14275120877e-06
262609,3.39018475439,1.14223033904e-06
263215,3.39017244806,1.14171851621e-06
263821,3.39020439131,1.14119767476e-06
264429,3.39018011226,1.14070163636e-06
265039,3.3902005221,1.14019643347e-06
265650,3.39019859307,1.13970461525e-06
266262,3.39019548242,1.13921905891e-06
266876,3.39019744269,1.13873766045e-06
267491,3.39020416854,1.1382605214e-06
268108,3.39021041454,1.13778940121e-06
268726,3.39019091716,1.13733277218e-06
269346,3.39017487416,1.13688083022e-06
269967,3.39017997606,1.13642764437e-06
270589,3.39019851136,1.13597580498e-06
271213,3.39019838204,1.13553606663e-06
271838,3.39020088036,1.1351012914e-06
272464,3.39018185203,1.13467956329e-06
273093,3.39020875141,1.13424830508e-06
273722,3.39018892656,1.13383852012e-06
274353,3.39018033551,1.13343081411e-06
274986,3.39019628293,1.13302074448e-06
275619,3.39021340477,1.13261612585e-06
276255,3.39019319673,1.13222981829e-06
276892,3.39016848948,1.13185084915e-06
277530,3.3901638697,1.13147101237e-06
278170,3.39019706467,1.13108440177e-06
278811,3.39018871387,1.13071750057e-06
279454,3.39017924498,1.13035681808e-06
280098,3.39020260099,1.12999104291e-06
280744,3.39018669893,1.12964420705e-06
281391,3.39021759945,1.12928763438e-06
282039,3.39016773951,1.12896382201e-06
282690,3.39018007931,1.1286251575e-06
283341,3.39017972954,1.12829658779e-06
283994,3.39019186971,1.12796973646e-06
284649,3.39017733694,1.12765763886e-06
285305,3.3901780039,1.12734636936e-06
285963,3.3901938444,1.12703594703e-06
286622,3.39018345579,1.12674014277e-06
287283,3.39016493893,1.12645294245e-06
287945,3.39021608008,1.12614851226e-06
288609,3.39019916782,1.12587261119e-06
289274,3.39018191109,1.12560275026e-06
289941,3.39017364327,1.12533584006e-06
290610,3.39017576391,1.1250714274e-06
291279,3.39018097903,1.12481194429e-06
291951,3.39017514358,1.12456209345e-06
292624,3.3902157184,1.12430282672e-06
293299,3.3901774031,1.12407571e-06
293975,3.3901750677,1.12384265908e-06
294652,3.39019022579,1.12360981989e-06
295332,3.39018912372,1.12338839274e-06
296012,3.3901992425,1.12316928241e-06
296695,3.39016490657,1.12297094576e-06
297379,3.39018320898,1.12276123267e-06
298064,3.39019850851,1.12255859028e-06
298751,3.3901772646,1.122374136e-06
299440,3.39019341208,1.122183405e-06
300130,3.39020118663,1.12200156415e-06
300822,3.39014016046,1.12184862327e-06
301516,3.39016989991,1.12167179347e-06
302211,3.39017246472,1.12151012012e-06
302907,3.39016342157,1.12135846648e-06
303606,3.3901435866,1.12121657763e-06
304306,3.39016987322,1.12106564872e-06
305007,3.39016605518,1.12093090624e-06
305710,3.39014869554,1.1208068882e-06
306415,3.39020021265,1.1206663661e-06
307121,3.39021307022,1.12054490938e-06
307829,3.39014321773,1.12045709064e-06
308539,3.39018370702,1.12033912344e-06
309250,3.39023616805,1.12022354227e-06
309963,3.39014403833,1.12016209583e-06
