30,0.917008492021,0.0111691777718
31,0.916570202335,0.0112525792202
31,0.916129828338,0.0113366128527
31,0.915687361609,0.0114212834554
31,0.915242791346,0.0115065958785
31,0.914796103129,0.011592555053
31,0.91434728911,0.0116791658628
31,0.913896341078,0.0117664332309
31,0.913443240724,0.0118543622462
31,0.912987983106,0.0119429578614
31,0.912530555801,0.0120322251618
31,0.912070945061,0.0121221692875
31,0.911609144052,0.0122127953235
31,0.911145137137,0.0123041085089
32,0.910678915843,0.0123961140242
32,0.910210467852,0.012488817139
32,0.909739780688,0.0125822231628
32,0.909266869088,0.0126763370644
32,0.908791721863,0.012771164203
32,0.908314123808,0.0128667128659
32,0.907834182689,0.0129629868595
32,0.907352470694,0.0130599832905
32,0.906868087042,0.0131577204068
32,0.906381137827,0.0132562021804
32,0.905892590665,0.0133554198679
32,0.905401253445,0.0134553963998
32,0.904907062316,0.0135561384035
32,0.904411362466,0.013657631296
33,0.903912588757,0.0137599041813
33,0.903412122348,0.0138629417483
33,0.902908521311,0.0139667717115
33,0.902402930666,0.0140713821962
33,0.901894811358,0.0141767872634
33,0.901384239861,0.0142829915264
33,0.900871299486,0.0143899994862
33,0.900355991927,0.0144978169509
33,0.899837954553,0.0146064556764
33,0.899317490535,0.0147159167493
33,0.898794382155,0.0148262097256
33,0.898269244715,0.0149373304612
33,0.897745610423,0.0150492256206
34,0.897199777366,0.0151623002195
34,0.89668503516,0.0152756606209
34,0.8961488391,0.0153902015537
34,0.895590698962,0.015505945567
34,0.895063625866,0.01562198186
34,0.894518682902,0.0157391635914
34,0.893964961463,0.0158573423528
34,0.893422255619,0.0159761732614
34,0.892865354175,0.0160961113427
34,0.892310487069,0.0162168731865
34,0.891759320005,0.0163384327544
34,0.891197880148,0.0164610518725
35,0.890630221608,0.016584665078
35,0.890079787305,0.0167088405649
35,0.889497102559,0.0168345122599
35,0.888932828664,0.0169607339206
35,0.888362943201,0.0170879646232
35,0.887795060505,0.0172160648798
35,0.887208934127,0.0173454351323
35,0.886627194328,0.0174756436508
35,0.886044462773,0.0176068008549
35,0.885453991044,0.0177390480872
35,0.884869633132,0.0178721150176
35,0.88427567717,0.0180063242833
36,0.883678683137,0.0181415517298
36,0.883071269386,0.018277957449
36,0.882481600642,0.0184149648155
36,0.881877854778,0.0185532400762
36,0.881263204765,0.0186927290119
36,0.880648859331,0.0188332034899
36,0.880036905119,0.0189746242909
36,0.879416714054,0.019117227126
36,0.878803076541,0.0192606981944
36,0.878181986751,0.0194053494406
36,0.877549987118,0.0195512679386
36,0.876929876135,0.0196979536013
37,0.876287105517,0.0198461883539
37,0.875659839402,0.019995119469
37,0.875019880889,0.0201453935181
37,0.874386645064,0.0202965731509
37,0.873737297335,0.0204491950917
37,0.873088325411,0.0206028857561
37,0.872444524706,0.0207575370566
37,0.871781326044,0.0209137415744
37,0.871131074727,0.0210707347102
37,0.870469709141,0.0212291018281
37,0.869812263884,0.0213884862222
37,0.8691398189,0.0215493609201
38,0.868468354608,0.0217113419835
38,0.867800567733,0.0218743672206
38,0.867124191748,0.0220387524844
38,0.866449782992,0.0222042390645
38,0.865758720678,0.0223713132901
38,0.865069161925,0.0225395192372
38,0.864388035209,0.0227086804187
38,0.863689603468,0.022879479595
38,0.862991719997,0.0230514578025
38,0.862294545446,0.0232246169083
38,0.861590244945,0.0233991757726
39,0.860891687081,0.0235747933905
39,0.860181167194,0.0237519612953
39,0.859459498804,0.0239306716656
39,0.858743394286,0.0241104696855
39,0.858025949557,0.0242915535873
39,0.857297353278,0.0244742110658
39,0.856571514444,0.0246580563698
39,0.855836800312,0.0248434318971
39,0.855101485535,0.0250301086051
39,0.854359397887,0.0252182758616
39,0.853617992153,0.0254077235442
40,0.852876250467,0.0255984884636
40,0.852121854447,0.0257909504638
40,0.851370839149,0.0259846365415
40,0.850615201837,0.0261797972183
40,0.849854711628,0.0263764500327
40,0.849081383458,0.0265748555054
40,0.848320039733,0.0267742471712
40,0.847547843123,0.0269753492193
40,0.846768588574,0.0271780553754
40,0.845984839745,0.0273822952469
40,0.845201141403,0.0275879310554
41,0.844418949939,0.0277949217141
41,0.843623907019,0.0280037494547
41,0.842830070088,0.0282139613634
41,0.842032714731,0.0284257228155
41,0.841225872879,0.0286392468847
41,0.840412205573,0.0288544572996
41,0.839608186492,0.0290707965496
41,0.838789071896,0.0292891270892
41,0.83796129775,0.0295092425486
41,0.83714205927,0.0297305469516
42,0.836319907515,0.0299534495974
42,0.835482474807,0.030178406741
42,0.834646595551,0.0304048260841
42,0.833803412473,0.0306330385282
42,0.8329587216,0.0308628430732
42,0.832110947942,0.0310943069178
42,0.831258163568,0.0313275125565
42,0.830394916671,0.0315626789162
42,0.829538672757,0.0317991535434
42,0.828671533014,0.0320376284662
42,0.827798604974,0.0322779221513
43,0.826919973438,0.0325200439197
43,0.826039819863,0.0327638405451
43,0.825156807478,0.0330093739159
43,0.824271556847,0.0332566287594
43,0.823375413553,0.0335059663697
43,0.822475387238,0.0337571172319
43,0.82156269678,0.0340104557678
43,0.820664662913,0.0342648615643
43,0.819748284815,0.0345217153999
43,0.818834189226,0.0347801677459
44,0.817912241732,0.0350406570139
44,0.816983588225,0.0353031490509
44,0.816051101686,0.0355675328099
44,0.815123059467,0.0358334553988
44,0.814176855331,0.0361019207658
44,0.813233095454,0.0363720347072
44,0.812277662733,0.0366444378581
44,0.811322301475,0.0369186160079
44,0.810362649115,0.0371947758595
45,0.809396667636,0.0374730233624
45,0.808421896442,0.0377534874892
45,0.807448055476,0.0380357274841
45,0.806468968245,0.0383200420988
45,0.805482852844,0.0386065295591
45,0.804489965858,0.0388951925375
45,0.803497853302,0.0391856778408
45,0.802496468597,0.0394784849505
45,0.80148770382,0.0397735380435
45,0.800476102461,0.0400706254068
46,0.799451888266,0.0403702505386
46,0.798438079423,0.0406712636682
46,0.797407169414,0.0409750703627
46,0.796380099337,0.0412806140586
46,0.795341957013,0.0415886751972
46,0.794285664503,0.0418996481444
46,0.79324306422,0.0422118694367
46,0.792186370111,0.0425268173416
46,0.791130029892,0.0428437349775
47,0.790057833191,0.0431635130635
47,0.788986173281,0.0434852764777
47,0.787906574294,0.0438095012506
47,0.786824429534,0.0441359019445
47,0.785728940811,0.0444650987732
47,0.784638960399,0.0447960407272
47,0.783537944711,0.0451296775908
47,0.782430851301,0.0454657432381
47,0.78131250136,0.0458045557194
48,0.780192926719,0.0461455442522
48,0.779063351729,0.0464892393982
48,0.777935968188,0.0468349279116
48,0.776803699979,0.0471830408686
48,0.775652296337,0.0475344641067
48,0.774507126121,0.0478876649609
48,0.77334770631,0.0482439154746
48,0.772182390182,0.0486027180473
48,0.77101120214,0.0489640854406
49,0.769835489905,0.0493279455673
49,0.768655446193,0.0496942979092
49,0.767463156939,0.0500636702729
49,0.766266973952,0.0504355383776
49,0.76506251138,0.0508102042904
49,0.763852584054,0.051187497976
49,0.762636200734,0.0515675000178
49,0.761412755674,0.0519502670937
49,0.760187137745,0.0523354791029
50,0.758945394923,0.0527241126465
50,0.757702799803,0.0531151306909
50,0.756452149111,0.0535090475534
50,0.755187443512,0.0539063099348
50,0.753927091145,0.054305622108
50,0.75265175667,0.0547083837741
50,0.751370151243,0.0551139882713
50,0.75007913248,0.0555226833403
50,0.748790189984,0.0559336322232
51,0.747488187471,0.0563479739851
51,0.746172517012,0.056765783941
51,0.744851883981,0.0571864243627
51,0.743527802212,0.0576097904293
51,0.742195133553,0.05803629308
51,0.740853253955,0.0584660016917
51,0.739503873012,0.0588988016783
51,0.738146052509,0.0593347863644
52,0.736781762033,0.0597738159966
52,0.735404964797,0.0602164005384
52,0.73402321529,0.0606619450931
52,0.732629590326,0.0611110394072
52,0.731227789021,0.0615634003745
52,0.729822346975,0.0620186624151
52,0.728405900253,0.0624774662499
52,0.726980096915,0.0629396958733
53,0.725542101947,0.0634056219115
53,0.724102159516,0.0638743706948
53,0.722647103757,0.0643471192903
53,0.721187631224,0.0648229438992
53,0.719719027824,0.0653022830812
53,0.718233261471,0.065785895357
53,0.716747964005,0.0662721943462
53,0.715243363759,0.0667630235765
53,0.713737345346,0.0672567480482
54,0.712220021907,0.0677543110944
54,0.71069249204,0.0682556366275
54,0.709152380949,0.06876098157
54,0.707602179054,0.0692701356238
54,0.706046216599,0.0697826976211
54,0.704469116441,0.0703002166854
54,0.702888065159,0.0708210202401
54,0.701303101542,0.0713451140189
55,0.69969854021,0.071874118605
55,0.698086076648,0.072406877134
55,0.696464813929,0.0729435051418
55,0.694828333709,0.0734847058525
55,0.693180500478,0.0740301110932
55,0.691521140731,0.0745797725727
55,0.689853278571,0.075133394825
56,0.688172730828,0.0756914624485
56,0.686483346803,0.0762535861783
56,0.684773639548,0.0768210807007
56,0.683055702435,0.0773926405649
56,0.68132225618,0.0779691236086
56,0.679582308917,0.0785495386926
56,0.677825246068,0.0791351446562
56,0.676051917645,0.0797259223296
57,0.674270748453,0.080321004394
57,0.67247546533,0.0809211766423
57,0.670665675161,0.0815265350489
57,0.668841228446,0.0821371487668
57,0.667002654908,0.0827530042642
57,0.665148909669,0.0833742835378
57,0.66327845107,0.0840012377617
57,0.661396223843,0.0846332971982
58,0.659500055844,0.0852707870757
58,0.657583844163,0.0859145586062
58,0.655658848209,0.0865632052251
58,0.653712077973,0.0872184946462
58,0.651750942197,0.0878795180637
58,0.649777027547,0.0885461195961
58,0.647778381408,0.0892200001644
59,0.645768691624,0.0898993632307
59,0.643736402798,0.0905858850609
59,0.64168959491,0.0912785208642
59,0.63962324898,0.0919780626361
59,0.637536613771,0.0926847162382
59,0.635433498954,0.093398025956
59,0.633308262539,0.0941189207983
60,0.631161403338,0.0948474497972
60,0.628997860999,0.0955829915292
60,0.626811565319,0.0963265921644
60,0.624601605717,0.097078549413
60,0.622367508262,0.0978391140617
60,0.620114027659,0.0986077282222
60,0.617834757331,0.0993856186563
60,0.615530470249,0.100172921304
61,0.61320005145,0.100970115201
61,0.610842160616,0.101777772618
61,0.608458732385,0.102595982238
61,0.60604757329,0.103425592286
61,0.60360439717,0.104267915718
61,0.601132802059,0.105123025535
61,0.598628604687,0.10599246334
62,0.596086419159,0.106878165816
62,0.593517453275,0.107779271722
62,0.590908603728,0.108699478173
62,0.588262174075,0.109639950521
62,0.585578285463,0.110602486378
62,0.582855208749,0.111589503107
62,0.580093055579,0.112603368755
63,0.577287743627,0.113647586314
63,0.574439913225,0.114725088423
63,0.571552550749,0.115838663688
63,0.568617945457,0.116993606799
63,0.565644778019,0.118192220461
63,0.562630523075,0.119439395414
64,0.559576851785,0.12073944358
64,0.556480549086,0.122097979713
64,0.553355793302,0.123516987396
64,0.55019185498,0.125004025257
64,0.546999860409,0.126561824414
64,0.543785237911,0.128194239317
64,0.540550042689,0.129905699392
65,0.53730311948,0.131698681583
65,0.534047251482,0.133576639145
65,0.530793363966,0.135540400733
65,0.527546672215,0.137591443426
65,0.524314839096,0.139729750868
65,0.521107710981,0.141953705613
65,0.517931870197,0.144261441261
66,0.514794358937,0.146649800825
66,0.511706085187,0.149113274476
66,0.508676536197,0.151645415669
66,0.505698898182,0.154243420093
66,0.502790831507,0.156896000053
66,0.499955785589,0.159594932727
67,0.497189368104,0.162333571117
67,0.49450411087,0.165098981762
67,0.49189268045,0.16788401698
67,0.489355947882,0.17067841992
67,0.486892417226,0.17347245757
67,0.484499894695,0.176256579957
67,0.482168657333,0.179024161098
68,0.479902696205,0.181763907078
68,0.477684128679,0.184473249113
68,0.47551196231,0.187144043305
68,0.47337735747,0.189771986925
68,0.471273432654,0.19235300534
68,0.469186146526,0.194887043626
69,0.467114013092,0.197370043295
69,0.46504121485,0.199805069812
69,0.462964334108,0.202191149993
69,0.460875244445,0.204530405115
69,0.458769129326,0.206824564547
69,0.456629530352,0.20908164139
70,0.4544601341,0.211301498459
70,0.45225243006,0.213490328212
70,0.45000317113,0.215652637809
70,0.447705345818,0.217795369295
70,0.445355480812,0.219924347605
70,0.442951784076,0.222045002385
71,0.440498172838,0.224160178863
71,0.437988580593,0.226277952927
71,0.435415945167,0.228407238694
71,0.432792312414,0.230547072503
71,0.430111845859,0.232705794862
71,0.427376863657,0.234887439861
71,0.424584448857,0.237098835061
72,0.421743829777,0.239339947202
72,0.418848269439,0.241619523273
72,0.415906565116,0.24393735234
72,0.412914260097,0.246300682932
72,0.409877265272,0.248710549136
72,0.406798591408,0.251169435828
73,0.403680274181,0.25368022193
73,0.400520875638,0.256247840413
73,0.397326733207,0.258872165003
73,0.394103481852,0.261553191671
73,0.390846287645,0.264297684053
74,0.387559765151,0.267106124875
74,0.384246151566,0.269980435374
74,0.380916255593,0.272916298386
74,0.377560320195,0.275923850806
74,0.374185791878,0.279001015653
74,0.37080070677,0.282144896519
75,0.367398933101,0.285363177341
75,0.363990129873,0.28865149854
75,0.360569854531,0.292016386661
75,0.357146691174,0.295454004343
75,0.353721129135,0.29896687469
75,0.350298827265,0.302553141729
76,0.346878324603,0.306216937961
76,0.343463903259,0.309957457068
76,0.340061603036,0.313772070744
76,0.336669448286,0.317665352802
76,0.333293795391,0.321634137311
76,0.329939645006,0.32567618223
77,0.326602014893,0.329799002622
77,0.323292023152,0.333994061904
77,0.32000911747,0.338264233213
77,0.316757798337,0.342607075799
77,0.3135395904,0.347023085464
78,0.310358475356,0.351509891177
78,0.30721967463,0.356063322033
78,0.304120663859,0.360687858051
78,0.301069763477,0.365375087138
78,0.298066674216,0.370126337771
78,0.295112248322,0.374941425223
79,0.292213671336,0.379811713312
79,0.289369322269,0.384739253023
79,0.286583604878,0.389717863043
79,0.283856778045,0.394746299557
79,0.281192078087,0.399818698009
80,0.278590196573,0.404932066732
80,0.276048982514,0.410087062251
80,0.27357254364,0.415274572428
80,0.271161434441,0.420489859942
80,0.268811433694,0.425735026794
80,0.266525487595,0.431000464005
81,0.264299311609,0.436287412365
81,0.262134726282,0.441586722729
81,0.260027587224,0.446898606067
81,0.257976405183,0.452218607759
81,0.255977486772,0.457545941705
82,0.254028873175,0.4628768274
82,0.252126912296,0.468210716532
82,0.25026900646,0.473545572641
82,0.248450790907,0.478883320395
82,0.24667131882,0.484220176129
83,0.244927006387,0.489558323134
83,0.243214778657,0.49490013079
83,0.241534286583,0.500243575527
83,0.239882897176,0.505592344239
83,0.238260262312,0.510946419712
84,0.236665388925,0.516307938519
84,0.235099167478,0.521675506516
84,0.233560860357,0.527051505896
84,0.232050640213,0.532436257733
84,0.230569238463,0.537828320552
84,0.229115990276,0.543228667745
85,0.227691988461,0.548633038267
85,0.226296004072,0.55404133386
85,0.224925661059,0.559454993665
85,0.223580475651,0.564869509497
85,0.222258445165,0.57028291224
86,0.220955782815,0.575697002108
86,0.219669306995,0.581111749603
86,0.218395585514,0.586527942363
86,0.217131225147,0.591946980214
86,0.215874355978,0.597367317888
87,0.214619950449,0.602797835187
87,0.213366538048,0.608239830476
87,0.212113023814,0.613695866569
87,0.210857459428,0.619173565642
87,0.209600993072,0.624674170901
88,0.208343442258,0.630205287947
88,0.207086829079,0.635770254129
88,0.205833145229,0.641374454015
88,0.204585588079,0.647021211381
88,0.203348345418,0.652711964889
89,0.202124436899,0.658452818104
89,0.200918988432,0.664243750501
89,0.19973576066,0.670089516859
89,0.198580628838,0.675987899218
90,0.197458036335,0.681941196417
90,0.196373908477,0.68794612119
90,0.195331618786,0.694007501043
90,0.194337002155,0.700120571616
90,0.193394929506,0.706282582019
91,0.19250961357,0.712491602595
91,0.191684876719,0.718745387414
91,0.190924533333,0.725039738726
91,0.190231501396,0.731371677066
91,0.189608763528,0.737735706388
92,0.18905845573,0.744127229183
92,0.188581573431,0.750543806145
92,0.18817976805,0.756978128825
92,0.187852872635,0.763427941375
92,0.187601438193,0.769886061463
93,0.187424927295,0.776347815906
93,0.187321495725,0.782812297564
93,0.187290382484,0.789272684894
93,0.187329670474,0.795725738172
94,0.187436902681,0.802169548096
94,0.187610438434,0.808597964603
94,0.187847108632,0.815010840255
94,0.188144489878,0.821404507411
94,0.188499661847,0.827777307301
95,0.188909608731,0.83412804614
95,0.189371677533,0.840454120197
95,0.189882965392,0.846754341355
95,0.19044048475,0.853028342743
96,0.191041092571,0.85927700521
96,0.191682588497,0.865497594607
96,0.192361909372,0.871691930805
96,0.193077042791,0.877857811731
96,0.193825031921,0.883998073456
97,0.194603582038,0.890113335923
97,0.195411113885,0.896201728126
97,0.196245362442,0.902265295643
97,0.19710438235,0.908305406121
98,0.197986554,0.914322694041
98,0.198890474583,0.920317534413
98,0.199814510733,0.92629208855
98,0.200757571536,0.932246701526
98,0.20171840722,0.938183117075
99,0.202696154166,0.944101917773
99,0.203689942303,0.950004314305
99,0.204698875227,0.955892209125
99,0.205722290862,0.961766947885
100,0.206759993345,0.967628196931
100,0.207811248288,0.973478608317
100,0.20887572403,0.979319388019
100,0.209953541457,0.985150022582
100,0.211044084604,0.990973825765
101,0.212147725122,0.996789817951
101,0.213264302337,1.002599827
101,0.214393717507,1.00840567139
101,0.215536289801,1.01420745508
102,0.216692025176,1.02000697703
102,0.217861525896,1.02580342441
102,0.219044786132,1.03159901519
102,0.220242434556,1.03739312421
103,0.221454377071,1.04318865184
103,0.222681411374,1.04898439878
103,0.223923811874,1.05478171286
103,0.225182125714,1.06058072377
104,0.226456660914,1.06638274097
104,0.227747867118,1.07218845005
104,0.229056342756,1.07799787302
104,0.230382815383,1.08381045896
105,0.231727393206,1.08962860606
105,0.23309105976,1.09545063479
105,0.234473932039,1.10127898925
105,0.23587677973,1.10711310738
106,0.237300217183,1.11295323828
106,0.238744713778,1.11880041319
106,0.240210927263,1.12465490791
106,0.241699632254,1.13051661122
106,0.243211457422,1.13638628978
107,0.244747073297,1.14226474552
107,0.246307375455,1.14815200315
107,0.247893196972,1.1540486983
107,0.249505516159,1.15995515514
108,0.251145374586,1.16587181794
108,0.25281373687,1.17179995029
108,0.254512016333,1.17773924636
108,0.256241586912,1.1836901484
109,0.258003907805,1.18965331447
109,0.259800543848,1.1956295687
109,0.261633483581,1.2016184812
109,0.263504497928,1.20762135772
110,0.265416118642,1.21363677806
110,0.267370307518,1.21966672056
110,0.269369922686,1.22570986141
110,0.271417757023,1.23176597787
111,0.273516713422,1.23783512283
111,0.275670152805,1.24391601071
111,0.277881393192,1.25000822528
112,0.28015423508,1.25610975448
112,0.282492409164,1.26221935126
112,0.284900150395,1.26833378902
112,0.287381386764,1.27445127038
113,0.289940376474,1.28056830511
113,0.292581550326,1.28668009532
113,0.295309162344,1.29278168814
113,0.298127212435,1.29886784468
114,0.301039398227,1.30493271632
114,0.304049235149,1.31096873912
114,0.307159829663,1.31696699368
114,0.31037335147,1.32291879273
115,0.313691066645,1.32881480533
115,0.317113688011,1.33464286363
115,0.320640000263,1.34039308302
115,0.324268015764,1.34605231354
116,0.327993884193,1.35160814787
116,0.331812081449,1.35704763434
116,0.335715182417,1.36235787149
117,0.339693629715,1.36752676186
117,0.343735968398,1.37254206714
117,0.347828727947,1.37739212884
117,0.351956021359,1.38206790897
118,0.356100388802,1.38656033925
118,0.360242102131,1.39086401211
118,0.364360256765,1.39497412098
118,0.3684320535,1.39889071489
119,0.372434119484,1.40261537757
119,0.376342410497,1.40615371856
119,0.380132725202,1.40951587561
120,0.383781967106,1.41271468408
120,0.387268169907,1.41576888504
120,0.390572443628,1.41869956537
120,0.39367912783,1.4215332934
121,0.396577584945,1.42429888336
121,0.399262783349,1.42702759724
121,0.401736439951,1.42974964982
121,0.404006204113,1.43249546368
122,0.406085680051,1.43529141237
122,0.407992962249,1.43815867028
122,0.409748374965,1.44111353967
123,0.411372941349,1.44416520861
123,0.412885956488,1.44731812681
123,0.414303623541,1.45057325316
123,0.415638869079,1.45392831542
124,0.416900635523,1.45738277604
124,0.418095879902,1.46093526668
124,0.419230098518,1.46458684176
125,0.420308792034,1.46834036174
125,0.421338468867,1.47220003581
125,0.422327170115,1.47617081547
125,0.423285081138,1.48025578279
126,0.424223366224,1.48445849997
126,0.425154454686,1.48877962613
126,0.426091275513,1.49321709749
127,0.427045804906,1.49776901564
127,0.428029971246,1.50242880026
127,0.429053818257,1.50719054592
128,0.430126267457,1.51204582295
128,0.431254591778,1.5169854582
128,0.432444187341,1.52200062013
128,0.433699157886,1.52708128411
129,0.435021924899,1.53221827365
129,0.436413615793,1.53740264325
129,0.437874145314,1.54262616618
130,0.439402701109,1.5478803858
130,0.44099742515,1.55315846
130,0.442655759277,1.55845460639
131,0.444374944924,1.56376293383
131,0.446151813992,1.56907869251
131,0.447983060455,1.57439775022
131,0.449865151021,1.57971725788
132,0.451794830729,1.58503414777
132,0.45376887843,1.59034619728
132,0.455784023103,1.59565245841
133,0.457837596905,1.60095104919
133,0.459926974713,1.60624114721
133,0.462049724615,1.61152244434
134,0.464203926665,1.6167939801
134,0.466387588996,1.62205609033
134,0.468599296529,1.62730802923
134,0.470837773436,1.63254935258
135,0.473101803159,1.63778002762
135,0.475390458376,1.64299944931
135,0.477703012406,1.64820654661
136,0.480038436571,1.65340129812
136,0.482396061927,1.65858221563
136,0.48477496969,1.66374820949
137,0.487174218234,1.66889756634
137,0.489592523955,1.67402881163
137,0.492028117863,1.67914097917
138,0.494479442739,1.68423104247
138,0.496944045622,1.68929755268
138,0.49941902059,1.69433903063
139,0.501901157527,1.69935344414
139,0.504386622515,1.70433935912
139,0.506870982491,1.70929601247
140,0.509349397576,1.71422292469
140,0.511816555131,1.71912049303
140,0.514266916985,1.72398963451
141,0.516694766989,1.72883219886
141,0.519094268814,1.73365142467
141,0.521459753621,1.73845168377
142,0.523786249132,1.74323745548
142,0.526068901584,1.74801598574
142,0.528304268659,1.75279367138
142,0.530489608241,1.75757903644
143,0.532623529506,1.7623810553
143,0.534706231718,1.76720869837
143,0.536739262158,1.7720718853
144,0.538726059659,1.77697963821
144,0.540671480615,1.78194138628
144,0.542582174302,1.78696525521
145,0.544466232457,1.79205855497
145,0.546333029164,1.79722746516
145,0.548193099684,1.80247645371
146,0.550057897778,1.80780799815
146,0.55193931354,1.81322304253
146,0.553849506314,1.8187192475
147,0.555797667474,1.8242926491
147,0.557793894096,1.82994082743
148,0.559848810227,1.8356578219
148,0.561971848053,1.84143666659
148,0.564171368244,1.8472684357
149,0.566454310746,1.85314300325
149,0.568826091779,1.85904916594
149,0.571290341596,1.86497544551
150,0.573849179683,1.87090927537
150,0.576502852512,1.87683838888
150,0.57924993959,1.88275044412
151,0.582087475308,1.88863299603
151,0.585010739574,1.89447459059
151,0.588013723333,1.90026369582
152,0.591088817255,1.9059901677
152,0.594227201506,1.9116444506
152,0.597418870953,1.91721796472
153,0.600652706893,1.92270334819
153,0.6039164399,1.92809505841
153,0.607197315702,1.93338774927
154,0.610481550857,1.93857855178
154,0.613754865784,1.94366594977
154,0.617002667609,1.94864983042
155,0.620209933207,1.95353253267
155,0.623361978226,1.95831714841
156,0.626443918076,1.96300999511
156,0.629441654549,1.96761831475
156,0.632341731663,1.9721515477
157,0.635131686474,1.97662103803
157,0.637800278847,1.98104008083
157,0.640337996184,1.9854230474
158,0.642737007603,1.98978612218
158,0.644991576152,1.99414648305
158,0.647098167812,1.99852226304
159,0.64905574785,2.00293174796
159,0.650865569445,2.0073939397
160,0.652531514485,2.01192720202
160,0.654059860126,2.0165494661
160,0.655459258158,2.02127757453
161,0.656740527361,2.02612701591
161,0.657916320457,2.0311118878
161,0.659001125971,2.03624370276
162,0.660010504686,2.04153247499
162,0.660960978778,2.04698575755
163,0.66186974838,2.05260822127
163,0.662753988386,2.05840259249
163,0.663630569999,2.06436938013
164,0.664515959969,2.07050618707
164,0.665425485417,2.07680916532
164,0.666373273369,2.08327256923
165,0.667372091487,2.08988881963
165,0.668432922802,2.09664961321
166,0.669565262998,2.10354497829
166,0.670776513931,2.11056535861
166,0.672072504466,2.11770033819
167,0.673457473236,2.12493920239
167,0.674933886128,2.13227214765
168,0.676502796206,2.13968987455
168,0.678164186478,2.14718328855
168,0.679916881543,2.15474458811
169,0.681758966089,2.16236674021
169,0.683688014622,2.1700435079
169,0.68570113995,2.17776997873
170,0.687795371563,2.18554194432
170,0.6899677487,2.19335605959
171,0.692215419627,2.20120984126
171,0.694535930788,2.20910091245
171,0.696926853898,2.21702820312
172,0.699386456688,2.22498969263
172,0.701912956518,2.23298454101
173,0.704504909415,2.24101151916
173,0.707160923787,2.24906953293
173,0.709879686857,2.25715713744
174,0.712659646932,2.26527317035
174,0.715499093111,2.27341618074
175,0.718395929792,2.28158491672
175,0.721347569928,2.28977854192
175,0.72435117943,2.29799585137
176,0.727403191893,2.30623691403
176,0.730499608282,2.31450231798
177,0.733636155687,2.32279293785
177,0.736807923908,2.33111140201
177,0.740009745301,2.33946122555
178,0.743236065381,2.34784757605
178,0.746480854766,2.35627801382
179,0.749737924686,2.36476244447
179,0.753000870684,2.3733158596
180,0.756264806457,2.38195956111
180,0.759529863411,2.39072487349
180,0.762809102912,2.3996537533
181,0.766139814675,2.40879443693
181,0.769593629021,2.41818628004
182,0.773275068779,2.42783445479
182,0.777299234643,2.43768410607
182,0.781750007097,2.44761519191
183,0.786639222325,2.45746914909
183,0.791893190595,2.46710143746
184,0.797379177238,2.47643028842
184,0.802956518753,2.48545463178
185,0.808522043085,2.49423419481
185,0.81402765476,2.50285040321
185,0.819469970179,2.51137380327
186,0.824868158815,2.51984953834
186,0.830245085894,2.52829965398
187,0.835618011643,2.53673239352
187,0.840997264566,2.5451499223
188,0.846388136761,2.55355303163
188,0.851793131134,2.56194290359
188,0.857213522314,2.57032120946
189,0.862650099837,2.57868998379
189,0.868103438988,2.58705157061
190,0.87357415852,2.59540808362
190,0.879062811556,2.60376179203
191,0.884570010158,2.61211476207
191,0.890096375239,2.62046900696
192,0.895642571381,2.62882638155
192,0.901209261471,2.63718871192
192,0.906797171659,2.64555760014
193,0.91240696479,2.65393478911
193,0.918039467587,2.66232149503
194,0.92369538845,2.67071922487
194,0.929375449081,2.67912938689
195,0.935080451023,2.68755309592
195,0.940811180019,2.69599144767
196,0.94656834738,2.70444568352
196,0.952352766051,2.71291668464
196,0.958165165153,2.7214055029
197,0.964006280982,2.72991310034
197,0.96987692126,2.7384401696
198,0.975777735195,2.74698778644
198,0.98170948394,2.75555664686
199,0.987672858617,2.76414758444
199,0.993668586342,2.7727612756
200,0.99969731201,2.78139857445
200,1.00575972633,2.79006015929
201,1.0118565079,2.7987467003
201,1.01798823766,2.80745910115
201,1.02415556881,2.81619803471
202,1.0303591447,2.82496417865
202,1.03659953878,2.83375838754
203,1.04287738764,2.84258133645
203,1.04919321925,2.851434
204,1.05554765212,2.86031711896
204,1.06194122479,2.86923167531
205,1.06837455793,2.87817846393
205,1.07484814084,2.88715868102
206,1.08136256587,2.89617330283
206,1.08791839424,2.90522345995
207,1.09451617077,2.91431040862
207,1.10115647903,2.92343539578
208,1.10783981127,2.9326000174
208,1.11456678514,2.94180565668
209,1.12133791732,2.95105410101
209,1.12815374276,2.96034724526
210,1.13501478574,2.96968719533
210,1.14192160858,2.97907617796
211,1.14887470784,2.98851686492
211,1.15587457579,2.99801228629
211,1.1629217646,3.00756577223
212,1.17001677578,3.01718139407
212,1.17716025254,3.02686368554
213,1.18435293132,3.03661807871
213,1.19159575639,3.0464510389
214,1.19889009434,3.05637010676
214,1.20623787616,3.06638433381
215,1.21364195679,3.07650442061
215,1.22110655087,3.08674297235
216,1.22863777658,3.09711483135
216,1.23624448285,3.10763706652
217,1.24393915446,3.11832912483
217,1.25173913538,3.12921246717
218,1.25966784776,3.14031034867
218,1.26775643005,3.15164643566
219,1.27604502097,3.16324383309
219,1.28458421789,3.17512273028
220,1.29343613856,3.1872975271
220,1.30267470181,3.19977377159
221,1.31238534329,3.21254377769
221,1.32266329361,3.22558258612
222,1.33361070616,3.23884328878
223,1.34533215841,3.25225294424
223,1.35792847849,3.26570966626
224,1.37148945168,3.27908047498
224,1.38608522522,3.29220173085
225,1.40175737919,3.30488155184
225,1.41851014444,3.31690500333
226,1.43630260996,3.32804197807
226,1.45504288077,3.33805719109
227,1.47458462012,3.34672250823
227,1.49472685873,3.35383017477
228,1.51521728948,3.35920636836
228,1.53575912451,3.36272410296
229,1.5560212675,3.36431458996
229,1.57565149285,3.36397578433
230,1.5942916925,3.36177786507
230,1.61159445893,3.35786474626
231,1.62724005505,3.35245119776
231,1.64095216329,3.34581667149
232,1.65251232682,3.33829408316
232,1.66177098888,3.33025642249
233,1.66865538329,3.32209979434
234,1.67317269289,3.3142259146
234,1.6754090289,3.30702348
235,1.67552357118,3.30085101233
235,1.67373880919,3.29602126464
236,1.67032713741,3.29278919814
236,1.66559500416,3.29134401719
237,1.65986625659,3.29180495236
237,1.65346512166,3.29422261204
238,1.64670104076,3.2985836733
238,1.63985577808,3.30481944382
239,1.6331738623,3.31281665225
240,1.62685658382,3.32242958206
240,1.62105952802,3.33349238703
241,1.61589327161,3.3458306126
241,1.61142668159,3.35927107868
242,1.60769200084,3.37364982888
242,1.60469090629,3.38881809705
243,1.60240115467,3.4046457221
243,1.60078274873,3.42102331523
244,1.59978380331,3.43786229291
245,1.59934541022,3.45509411258
245,1.59940551913,3.47266882215
246,1.59990204746,3.49055279359
246,1.60077489228,3.50872678758
247,1.60196739635,3.52718363424
247,1.60342703475,3.54592650501
248,1.60510579798,3.56496715909
249,1.60696017143,3.58432474128
249,1.60895092999,3.60402494312
250,1.61104297751,3.62409923888
250,1.6132050262,3.64458482163
251,1.61540958595,3.66552430604
251,1.61763282423,3.6869662678
252,1.61985496039,3.7089651718
253,1.62206056717,3.73158213685
253,1.62423933196,3.75488529154
254,1.62638708705,3.77895013696
254,1.62850697241,3.80386019948
255,1.63061117562,3.8297068811
256,1.63272268809,3.85658971091
256,1.63487751874,3.88461583666
257,1.63712705919,3.91389927948
257,1.63954064715,3.94455958986
258,1.64220819701,3.97671988037
259,1.64524275705,4.01050414981
259,1.64878286002,4.04603371034
260,1.65299431107,4.08342301572
260,1.65807134244,4.12277448949
261,1.66423675766,4.16417276701
262,1.67174083352,4.20767857003
262,1.68085884292,4.25332242544
263,1.69188712247,4.30109856051
263,1.70513767563,4.3509594235
264,1.72093147698,4.40281109005
265,1.73959062389,4.45651005778
265,1.76142970244,4.51186149009
266,1.78674671814,4.56861905046
266,1.81581383648,4.62648671105
267,1.84886847457,4.68512206589
268,1.88610492586,4.74414145324
268,1.92766684314,4.8031266375
269,1.97364101777,4.86163232102
269,2.02405216416,4.9191953765
270,2.07885927535,4.97534434045
271,2.13795331976,5.02960955284
271,2.20115611971,5.08153399699
272,2.2682205983,5.13068403232
273,2.33883195383,5.17666078299
273,2.41260980686,5.21911202771
274,2.489111201,5.2577453875
274,2.56783496993,5.29234326974
275,2.64822820172,5.32278133364
276,2.72969729595,5.34905107894
276,2.81162718637,5.37128798856
277,2.89341510866,5.38980318782
278,2.97452627887,5.40511355738
278,3.05457816346,5.417958317
279,3.13345452309,5.42928183996
280,3.21143714578,5.440157786
280,3.28932426764,5.45163153966
281,3.36848417323,5.464476006
282,3.4507833413,5.47889034717
282,3.53834492167,5.49421446069
283,3.63314194661,5.50876353685
283,3.73649924438,5.51988093087
284,3.84863676158,5.52425252747
285,3.96839962709,5.51843851017
285,4.09327404823,5.49949698105
286,4.21970075021,5.4655379876
287,4.34360849558,5.4160682781
287,4.46103247435,5.35205299887
288,4.5686716833,5.27570055681
289,4.66426985744,5.19004613837
289,4.74676230314,5.09844834697
290,4.81619541321,5.00411749371
291,4.87347825789,4.90976690851
291,4.92005472912,4.81743066342
292,4.95758295869,4.72844207795
293,4.98768457205,4.64352980662
293,5.01179079242,4.56297301398
294,5.03107987584,4.48676297406
295,5.04648076018,4.41473668409
296,5.05871282255,4.34666871838
296,5.06833630904,4.28232385411
297,5.07579823612,4.2214804489
298,5.08146715566,4.16393634818
298,5.08565642305,4.10950657339
299,5.0886383507,4.05801868636
300,5.09065240098,4.00930861703
300,5.09190995367,3.96321788776
301,5.09259737446,3.9195921609
302,5.09287818333,3.87828084087
302,5.0928950675,3.83913709923
303,5.09277161573,3.80201825187
304,5.09261400874,3.76678615483
305,5.09251268858,3.73330751065
305,5.09254368901,3.70145428097
306,5.09277009742,3.67110385501
307,5.0932431444,3.642139364
307,5.09400343561,3.61444978899
308,5.09508188014,3.58793020542
309,5.09650074722,3.56248186594
309,5.09827445548,3.53801240766
310,5.10041060646,3.5144358242
311,5.10291064471,3.49167263479
312,5.10577072685,3.46964984705
312,5.10898243651,3.4483009766
313,5.11253344159,3.42756607075
314,5.11640826036,3.40739164297
315,5.12058881888,3.3877307453
315,5.12505529552,3.36854284467
316,5.12978672049,3.34979383574
317,5.13476189855,3.33145576853
317,5.13996006974,3.31350662186
318,5.14536171901,3.29592980415
319,5.15094907118,3.27871366052
320,5.1567067194,3.26185070996
320,5.16262178664,3.24533704277
321,5.16868410936,3.22917162566
322,5.17488623013,3.21335571242
323,5.18122330769,3.19789233745
323,5.18769292821,3.18278592842
324,5.19429495731,3.16804196189
325,5.20103131932,3.15366673174
326,5.2079057551,3.1396671938
326,5.21492364131,3.12605083325
327,5.22209171645,3.11282564774
328,5.22941793389,3.1000001172
329,5.23691108043,3.08758338604
329,5.2445806873,3.07558536138
330,5.2524366665,3.06401709568
331,5.26048916753,3.05289120673
332,5.26874844993,3.04222251921
332,5.27722485599,3.03202894661
333,5.28592907038,3.02233256162
334,5.29487283284,3.01316077536
335,5.3040699331,3.00454766786
335,5.31353791722,2.99653508324
336,5.32330029295,2.98917339888
337,5.33338888482,2.98252192172
338,5.3438466923,2.97664850289
339,5.3547305233,2.97162866377
339,5.36611341507,2.96754423475
340,5.37808683902,2.96448164526
341,5.39076246052,2.96253023012
342,5.40427384638,2.96178063917
343,5.41877811299,2.96232368959
343,5.43445818616,2.96424961079
344,5.45152590799,2.96764778342
345,5.47022677643,2.97260658679
346,5.49084695968,2.97921278474
346,5.51372269941,2.98754991194
347,5.5392531065,2.99769451577
348,5.56791665824,3.00970949704
349,5.60029309402,3.02363278395
350,5.63709305085,3.03945764946
351,5.67919741771,3.05709664223
351,5.72770388938,3.07631478212
352,5.78396625315,3.09661252441
353,5.84959128232,3.11704265354
354,5.9263351143,3.13596788557
355,6.01583298576,3.15081306641
355,6.11912765104,3.15792591788
356,6.23604598784,3.15269781856
357,6.36458883233,3.1300646424
358,6.50058342644,3.08538699535
359,6.63783438865,3.01553585609
360,6.76887379395,2.91986950832
360,6.88620458118,2.80075677961
361,6.98373680957,2.66340407775
362,7.05801063078,2.51494319431
363,7.1088182273,2.36297164606
364,7.13898500491,2.21393896842
365,7.15332474213,2.07187188092
365,7.1570794712,1.93786499919
366,7.15437532036,1.81050931702
367,7.14723848205,1.68706381708
368,7.1354721088,1.56487706308
369,7.11731441842,1.44250971409
370,7.09049845112,1.32021629198
370,7.05326289025,1.19976318163
371,7.00499764873,1.08380426036
372,6.94642133583,0.97511939178
373,6.87936386635,0.875970719945
374,6.80631899576,0.787718950527
375,6.72994345391,0.710727331844
376,6.65263989424,0.644497337008
376,6.57629754489,0.587937948009
377,6.50220213801,0.539667105192
378,6.43108057349,0.498268517745
379,6.36322428482,0.462464201704
380,6.29863628854,0.431198068738
381,6.23716279051,0.403649003621
382,6.17858962267,0.379200834771
383,6.12270079956,0.357394499292
383,6.0693058658,0.337880109776
384,6.01824662696,0.320378153979
385,5.96939278721,0.304652527765
386,5.92263345836,0.290494225055
387,5.87786889088,0.277712909185
388,5.83500403448,0.266133488623
389,5.79394460472,0.25559536086
390,5.75459527237,0.245952748142
391,5.71685937587,0.237075197851
392,5.68063949522,0.22884779497
392,5.6458387758,0.221170914447
393,5.61236212599,0.213959544497
394,5.58011755472,0.207142247263
395,5.5490171668,0.200659883489
396,5.51897800287,0.194464201388
397,5.48992262706,0.188516387237
398,5.46177932319,0.18278565625
399,5.43448233401,0.17724792215
400,5.4079716143,0.171884598649
401,5.38219273203,0.166681530602
402,5.35709652452,0.161628075174
403,5.3326387228,0.156716323645
403,5.30877955199,0.151940455273
404,5.28548328326,0.147296211538
405,5.26271791516,0.142780471408
406,5.24045469781,0.138390920944
407,5.21866782586,0.134125793544
408,5.197334076,0.129983673853
409,5.17643249959,0.125963350383
410,5.15594421149,0.122063705751
411,5.13585205415,0.118283641315
412,5.11614047478,0.114622020849
413,5.09679526007,0.11107763607
414,5.0778034656,0.107649181614
415,5.0591531693,0.104335244243
416,5.04083344947,0.101134294714
417,5.02283418461,0.0980446888923
418,5.00514600377,0.0950646695687
419,4.98776019363,0.0921923718917
420,4.97066863578,0.0894258300517
421,4.95386377557,0.086762984627
421,4.9373384498,0.0842016931556
422,4.92108595372,0.0817397368185
423,4.90509994577,0.0793748302317
424,4.88937444557,0.0771046296365
425,4.87390369887,0.0749267430981
426,4.85868231426,0.0728387361978
427,4.84370506849,0.0708381426899
428,4.82896697957,0.0689224706575
429,4.81446326254,0.0670892101853
430,4.8001893137,0.0653358402442
431,4.78614067988,0.0636598354139
432,4.77231305011,0.0620586719245
433,4.758702242,0.0605298333995
434,4.74530420772,0.059070815989
435,4.73211497827,0.0576791339128
436,4.7191307421,0.0563523229674
437,4.70634769776,0.0550879464583
438,4.6937621981,0.0538835972355
439,4.68137063581,0.0527369025244
440,4.66916949606,0.0516455264363
441,4.65715533433,0.0506071730617
442,4.64532471744,0.0496195896309
443,4.63367434246,0.0486805674683
444,4.62220092169,0.047787945225
445,4.61090124286,0.046939609953
447,4.59977210886,0.0461334992128
448,4.58881041092,0.0453676015752
449,4.57801309326,0.044639958039
450,4.56737708516,0.0439486635254
451,4.55689942844,0.0432918662843
452,4.54657717569,0.0426677693691
453,4.5364074226,0.0420746306359
454,4.52638729322,0.0415107630462
455,4.51651400537,0.0409745340959
456,4.50678474789,0.0404643668466
457,4.49719679915,0.0399787386209
458,4.48774746052,0.0395161812911
459,4.47843407635,0.0390752806753
460,4.46925402843,0.0386546760787
461,4.46020470152,0.0382530599973
462,4.45128360174,0.0378691764348
463,4.44248819178,0.0375018215943
464,4.43381601016,0.0371498420619
465,4.42526465053,0.0368121341492
466,4.4168316902,0.0364876436008
468,4.40851481389,0.0361753636307
469,4.4003116805,0.0358743350603
470,4.39222001443,0.0355836445597
471,4.3842376065,0.0353024236181
472,4.37636224704,0.0350298480318
473,4.3685917571,0.0347651365702
474,4.36092404173,0.0345075494592
475,4.35335698045,0.0342563881439
476,4.34588856551,0.0340109930712
477,4.33851675198,0.0337707437415
478,4.33123959415,0.0335350564979
480,4.32405515003,0.0333033841294
481,4.31696151832,0.0330752144342
482,4.30995683877,0.0328500690674
483,4.30303929951,0.0326275023385
484,4.29620710107,0.0324071003376
485,4.28945849973,0.0321884794634
486,4.28279178398,0.0319712854644
487,4.27620529411,0.0317551921622
489,4.26969735619,0.0315399008199
490,4.26326636647,0.0313251383994
491,4.25691080444,0.03111065637
492,4.25062908877,0.0308962306763
493,4.24441973162,0.0306816595271
494,4.23828129198,0.0304667626812
495,4.2322123024,0.0302513809278
496,4.22621139098,0.0300353741789
498,4.22027718125,0.0298186211785
499,4.21440835551,0.0296010180588
500,4.20860360817,0.0293824776995
501,4.2028616774,0.0291629285538
502,4.19718132354,0.0289423138712
503,4.19156135005,0.0287205906459
505,4.1860005974,0.0284977287789
506,4.18049789948,0.0282737105156
507,4.17505214862,0.0280485291676
508,4.16966228829,0.0278221883596
509,4.1643272303,0.0275947018007
510,4.1590459649,0.0273660917898
512,4.15381748959,0.0271363889632
513,4.14864084317,0.0269056313658
514,4.14351506841,0.0266738640195
515,4.13843926026,0.0264411379611
516,4.13341251982,0.0262075099189
517,4.12843394635,0.0259730417648
519,4.1235027439,0.0257377992742
520,4.11861806408,0.0255018525804
521,4.113779114,0.0252652749785
522,4.10898512035,0.0250281426658
523,4.1042353239,0.024790534313
525,4.09952898309,0.0245525306057
526,4.09486540066,0.0243142136753
527,4.09024387434,0.0240756670098
528,4.08566373703,0.0238369748514
530,4.08112433413,0.0235982219948
531,4.07662500878,0.0233594935545
532,4.07216517571,0.0231208742478
533,4.06774420884,0.0228824487707
534,4.06336153803,0.0226443009928
536,4.05901659086,0.0224065140596
537,4.05470880292,0.0221691701203
538,4.05043765537,0.021932349931
539,4.04620260618,0.0216961330567
541,4.04200315289,0.0214605973715
542,4.03783881558,0.0212258190136
543,4.03370909983,0.0209918724557
544,4.02961352933,0.0207588302184
546,4.02555164589,0.0205267627753
547,4.02152302616,0.0202957383865
548,4.01752721706,0.0200658233566
549,4.01356380019,0.0198370816455
551,4.00963236309,0.0196095749674
552,4.00573250161,0.0193833627398
553,4.00186383606,0.0191585019772
555,3.99802597832,0.0189350474315
556,3.99421854279,0.0187130515243
557,3.9904411775,0.0184925641981
558,3.98669352663,0.0182736330977
560,3.982975227,0.0180563035931
561,3.97928596728,0.0178406185261
562,3.9756253909,0.0176266186734
564,3.97199317842,0.0174143423987
565,3.9683890199,0.0172038258108
566,3.96481260211,0.0169951028538
567,3.96126361306,0.0167882053239
569,3.95774176527,0.0165831628125
570,3.95424675549,0.0163800029217
571,3.95077831919,0.0161787510825
573,3.94733613958,0.0159794309806
574,3.94391997492,0.0157820640833
575,3.94052953805,0.0155866701851
577,3.93716456873,0.015393267166
578,3.93382481908,0.0152018711075
579,3.93051001069,0.0150124965132
581,3.92721991046,0.0148251560697
582,3.92395427019,0.0146398609373
583,3.92071284306,0.014456620741
585,3.91749539362,0.0142754435886
586,3.91430168829,0.0140963361628
587,3.91113149837,0.0139193037652
589,3.90798459586,0.0137443503856
590,3.90486075898,0.0135714787364
591,3.90175977011,0.0134006903139
593,3.89868141477,0.0132319854543
594,3.89562547698,0.0130653634007
596,3.89259174847,0.0129008223227
597,3.88958002851,0.0127383593671
598,3.88659011171,0.0125779707472
600,3.88362179022,0.0124196517813
601,3.88067488089,0.0122633968524
602,3.8777491754,0.012109199613
604,3.87484449029,0.0119570528692
605,3.87196063818,0.011806948715
607,3.86909743111,0.0116588785624
608,3.86625467706,0.011512833191
609,3.86343220078,0.0113688027242
611,3.86062982518,0.0112267767229
612,3.85784736748,0.0110867442323
614,3.85508465952,0.0109486937572
615,3.85234153305,0.0108126133384
617,3.8496178045,0.0106784906275
618,3.84691330979,0.0105463128183
619,3.84422789188,0.0104160667139
621,3.84156138532,0.0102877387963
622,3.83891361589,0.010161315253
624,3.83628443382,0.0100367819143
625,3.83367368866,0.00991412434595
627,3.83108120047,0.00979332794614
628,3.82850684131,0.00967437775668
629,3.82595043925,0.00955725873127
631,3.82341185905,0.00944195554962
632,3.82089094815,0.00932845277273
634,3.81838754972,0.00921673482648
635,3.81590152759,0.00910678595774
637,3.81343274346,0.00899859030618
638,3.81098103574,0.00889213196745
640,3.80854629103,0.00878739483834
641,3.80612834816,0.00868436285391
643,3.80372708388,0.00858301979923
644,3.80134235591,0.00848334945119
646,3.79897404562,0.00838533549102
647,3.79662199295,0.0082889616573
649,3.79428609169,0.00819421154238
650,3.79196620672,0.00810106878162
652,3.78966220554,0.00800951698856
653,3.78737397099,0.00791953973291
655,3.78510136291,0.00783112062479
656,3.78284427722,0.00774424319359
658,3.78060258452,0.00765889101767
659,3.7783761728,0.00757504763641
661,3.77616490169,0.00749269664223
662,3.77396867397,0.00741182153586
664,3.77178736705,0.00733240586136
665,3.7696208742,0.00725443312088
667,3.76746906945,0.00717788683862
668,3.76533184929,0.007102750475
670,3.76320910608,0.00702900747201
671,3.76110072245,0.0069566412558
673,3.75900660721,0.00688563516154
675,3.75692663669,0.00681597253271
676,3.75486071949,0.00674763659141
678,3.75280874325,0.00668061052427
679,3.7507706079,0.00661487740926
681,3.74874621896,0.00655042021471
682,3.74673547181,0.00648722181198
684,3.74473827092,0.00642526492564
685,3.74275451,0.00636453215061
687,3.74078411194,0.00630500586561
689,3.73882696705,0.00624666831903
690,3.7368829949,0.00618950150309
692,3.73495209658,0.00613348721243
693,3.73303417908,0.00607860697985
695,3.7311291562,0.00602484205067
697,3.72923694262,0.00597217336712
698,3.72735744601,0.00592058155387
700,3.72549057829,0.00587004687177
701,3.72363627028,0.0058205491659
703,3.72179442705,0.00577206790553
705,3.719964968,0.00572458208928
706,3.71814781125,0.00567807023713
708,3.71634288076,0.00563251034602
710,3.71455008658,0.00558787988522
711,3.71276935989,0.00554415570793
713,3.71100062342,0.00550131406014
715,3.70924380335,0.00545933052596
716,3.70749881091,0.00541818001758
718,3.70576558049,0.00537783668183
719,3.7040440363,0.005338273912
721,3.70233411869,0.00529946427236
723,3.70063573006,0.00526137953906
724,3.6989488161,0.00522399054752
726,3.6972733017,0.0051872672493
728,3.69560912145,0.00515117863514
729,3.69395618273,0.00511569275465
731,3.69231443727,0.00508077658715
733,3.69068381015,0.00504639611398
735,3.68906423102,0.00501251625135
736,3.68745563466,0.00497910083023
738,3.68585794217,0.00494611260651
740,3.68427107977,0.00491351322528
741,3.68269499045,0.00488126320128
743,3.68112958894,0.004849321981
745,3.67957481998,0.00481764787476
746,3.67803060672,0.00478619814237
748,3.67649687371,0.004754928989
750,3.67497355192,0.0047237955946
752,3.6734605566,0.00469275218889
753,3.67195781914,0.00466175206805
755,3.67046527137,0.00463074768485
757,3.66898281974,0.00459969076377
759,3.66751039223,0.00456853233756
760,3.66604790658,0.00453722289779
762,3.66459527814,0.00450571250974
764,3.66315241765,0.00447395095512
766,3.66171925099,0.00444188786346
767,3.66029567849,0.0044094729328
769,3.65888160801,0.00437665607562
771,3.65747695486,0.00434338762112
773,3.65608159805,0.00430961858361
775,3.65469547598,0.00427530077968
776,3.65331845376,0.00424038722847
778,3.65195044368,0.00420483226512
780,3.65059132699,0.00416859189785
782,3.64924100221,0.00413162402579
783,3.64789935975,0.00409388874839
785,3.64656628623,0.00405534864396
787,3.64524165516,0.00401596906452
789,3.64392535357,0.00397571838865
791,3.64261725668,0.00393456832685
793,3.64131724624,0.00389249416992
794,3.64002519281,0.00384947506422
796,3.63874097683,0.00380549422935
798,3.63746446547,0.0037605392032
800,3.63619552916,0.00371460202163
802,3.63493404179,0.00366767938891
804,3.63367987126,0.00361977282778
805,3.63243290214,0.00357088876394
807,3.63119298759,0.00352103864507
809,3.62996001599,0.00347023890825
811,3.6287338614,0.0034185110222
813,3.62751438988,0.00336588143256
815,3.62630148796,0.00331238144556
817,3.62509503487,0.0032580471229
819,3.62389491906,0.00320291909399
820,3.62270101893,0.00314704236081
822,3.62151323568,0.00309046601869
824,3.62033146445,0.00303324299642
826,3.61915560299,0.00297542973066
828,3.61798555332,0.00291708581826
830,3.61682123699,0.00285827363343
832,3.61566255426,0.00279905796985
834,3.61450943698,0.00273950559241
836,3.61336180255,0.00267968485709
838,3.61221958484,0.00261966526499
840,3.61108272704,0.00255951704579
841,3.6099511571,0.00249931075694
843,3.60882483824,0.00243911683839
845,3.60770371215,0.00237900525627
847,3.60658774002,0.00231904509519
849,3.6054768881,0.00225930420994
851,3.60437111149,0.00219984890048
853,3.60327040405,0.00214074357233
855,3.60217472039,0.0020820505041
857,3.6010840494,0.00202382955198
859,3.59999837688,0.0019661379528
861,3.59891769372,0.00190903013068
863,3.59784197869,0.00185255754881
865,3.59677123629,0.00179676856332
867,3.59570546072,0.0017417083464
869,3.59464465302,0.0016874188105
871,3.59358880298,0.0016339385776
873,3.5925379186,0.00158130295214
875,3.59149201585,0.00152954393738
877,3.59045107884,0.00147869028545
879,3.58941513023,0.00142876752001
881,3.58838416815,0.00137979803414
883,3.5873581918,0.00133180116582
885,3.58633722337,0.0012847932904
887,3.58532126826,0.00123878794754
889,3.58431032307,0.00119379595866
891,3.58330439559,0.0011498255487
893,3.58230350026,0.00110688248264
896,3.58130764394,0.00106497020864
898,3.58031681822,0.00102409000068
900,3.57933104538,0.000984241087204
902,3.5783503092,0.000945420812981
904,3.57737463084,0.000907624758376
906,3.5764039954,0.000870846897559
908,3.5754384137,0.000835079717481
910,3.57447788242,0.000800314359517
912,3.57352240179,0.000766540741999
914,3.57257195764,0.000733747686206
916,3.57162656341,0.000701923024338
918,3.57068620752,0.000671053721949
921,3.56975087812,0.000641125978
923,3.56882057749,0.000612125322124
925,3.56789528346,0.000584036715333
927,3.56697500394,0.000556844628465
929,3.56605971612,0.000530533134446
931,3.56514941859,0.000505085976108
933,3.56424409063,0.000480486643162
936,3.56334372316,0.000456718432862
938,3.5624483068,0.000433764511893
940,3.56155781936,0.000411607972807
942,3.56067224356,0.000390231881877
944,3.55979157318,0.000369619324238
946,3.55891578442,0.000349753448282
949,3.55804486163,0.000330617499956
951,3.55717879215,0.000312194856757
953,3.55631754732,0.000294469059088
955,3.55546111062,0.000277423833995
957,3.55460947431,0.000261043118895
960,3.55376260137,0.00024531108465
962,3.55292048167,0.000230212148837
964,3.55208308808,0.000215730994043
966,3.55125040463,0.000201852578663
968,3.55042240634,0.000188562148828
971,3.54959907533,0.000175845246138
973,3.54878038704,0.00016368771536
975,3.54796631376,0.000152075709496
977,3.54715684424,0.000140995692821
980,3.54635194885,0.000130434444979
982,3.54555160444,0.000120379061222
984,3.54475578483,0.000110816953109
986,3.54396447739,0.000101735847332
989,3.54317764833,9.31237852942e-05
991,3.54239528733,8.49691195233e-05
993,3.541617361,7.7260512033e-05
996,3.54084384528,6.99869299216e-05
998,3.54007473037,6.3137641373e-05
1000,3.53930998007,5.67022119823e-05
1003,3.53854957743,5.06704990311e-05
1005,3.53779349706,4.50326468546e-05
1007,3.53704172828,3.97790810925e-05
1009,3.53629423512,3.49005035465e-05
1012,3.53555099573,3.0387885847e-05
1014,3.53481199034,2.62324636809e-05
1016,3.53407721193,2.24257306685e-05
1019,3.53334662693,1.89594324958e-05
1021,3.53262021531,1.58255604176e-05
1024,3.53189796618,1.30163451323e-05
1026,3.53117985128,1.05242506853e-05
1028,3.53046585946,8.34196813953e-06
1031,3.52975597545,6.46240951748e-06
1033,3.52905019022,4.87870167469e-06
1035,3.52834847855,3.58418030004e-06
1038,3.52765084129,2.57238390109e-06
1040,3.52695730072,1.83025152368e-06
1043,3.52626783742,1.307345855e-06
1045,3.5255824285,9.90797475524e-07
1047,3.52490110404,8.68030604849e-07
1050,3.52422386806,7.99893465494e-07
1052,3.52355059948,7.37247311176e-07
1055,3.52288122947,6.79964977995e-07
1057,3.52221570378,6.27923029284e-07
1060,3.52155398507,5.81001656945e-07
1062,3.52089602291,5.39084588545e-07
1064,3.52024178691,5.02058984288e-07
1067,3.51959127129,4.69815341207e-07
1069,3.51894436045,4.42247416077e-07
1072,3.51830110579,4.19252095176e-07
1074,3.51766143804,4.00716853376e-07
1077,3.51702535153,3.840374973e-07
1079,3.51639280255,3.67301491324e-07
1082,3.51576375888,3.50506638995e-07
1084,3.51513820592,3.33650781951e-07
1087,3.51451610676,3.16731802872e-07
1089,3.51389743683,2.99747620927e-07
1092,3.51328217094,2.82696192045e-07
1094,3.51267028053,2.65875247665e-07
1097,3.51206174574,2.50066020614e-07
1099,3.51145654986,2.35251102723e-07
1102,3.51085464858,2.213703782e-07
1104,3.51025604236,2.08367587189e-07
1107,3.50966068749,1.96190074774e-07
1109,3.50906857956,1.84788546662e-07
1112,3.50847967814,1.74115523915e-07
1115,3.50789397899,1.64095471948e-07
1117,3.50731145182,1.54674775661e-07
1120,3.50673207167,1.45816441632e-07
1122,3.50615582113,1.37485840031e-07
1125,3.50558268241,1.29650549183e-07
1128,3.50501263222,1.22280210493e-07
1130,3.50444565094,1.15346392674e-07
1133,3.50388171556,1.08822465734e-07
1135,3.50332080561,1.02683483034e-07
1138,3.50276291122,9.6906071262e-08
1141,3.50220799309,9.14683291161e-08
1143,3.50165605697,8.63496381231e-08
1146,3.50110706422,8.15294755349e-08
1148,3.50056100251,7.69894168762e-08
1151,3.5000178569,7.27125849586e-08
1154,3.49947760522,6.8683130696e-08
1156,3.49894022547,6.48861666283e-08
1159,3.49840570643,6.13077731328e-08
1162,3.49787402498,5.79348942023e-08
1164,3.49734516706,5.47552806552e-08
1167,3.49681911008,5.17574389464e-08
1170,3.49629584368,4.89305827378e-08
1173,3.49577534399,4.62645883379e-08
1175,3.49525759699,4.3749952351e-08
1178,3.49474258802,4.13777525765e-08
1181,3.49423029388,3.91396113912e-08
1183,3.49372069695,3.70276612601e-08
1186,3.493213793,3.50345125907e-08
1189,3.49270955168,3.31532241394e-08
1192,3.49220796317,3.13772744571e-08
1194,3.49170901499,2.97005358874e-08
1197,3.49121268017,2.81172500931e-08
1200,3.4907189534,2.66220047659e-08
1203,3.49022781289,2.52097124418e-08
1205,3.48973924509,2.38755901683e-08
1208,3.48925323711,2.26151407267e-08
1211,3.48876976978,2.14241350341e-08
1214,3.48828882888,2.02985955501e-08
1217,3.48781039512,1.92347808715e-08
1219,3.48733446213,1.82291711432e-08
1222,3.48686100744,1.72784546501e-08
1225,3.48639002305,1.63795149371e-08
1228,3.4859214859,1.55294190481e-08
1231,3.48545538817,1.47254062161e-08
1233,3.484991715,1.39648775087e-08
1236,3.48453045147,1.32453859867e-08
1239,3.48407157675,1.25646275326e-08
1242,3.48361508553,1.19204321518e-08
1245,3.48316095685,1.13107560058e-08
1248,3.48270918908,1.07336737105e-08
1251,3.48225975424,1.01873713757e-08
1254,3.48181264576,9.67013978191e-09
1256,3.48136784924,9.18036821672e-09
1259,3.48092534863,8.71653858145e-09
1262,3.48048513939,8.27721984892e-09
1265,3.48004719072,7.86106298391e-09
1268,3.47961150512,7.46679594531e-09
1271,3.47917806671,7.09321925275e-09
1274,3.47874685817,6.739201664e-09
1277,3.47831786263,6.40367615252e-09
1280,3.47789108201,6.08563610146e-09
1283,3.47746649254,5.78413184105e-09
1286,3.4770440814,5.49826724889e-09
1289,3.47662384021,5.22719663559e-09
1292,3.47620575844,4.97012181564e-09
1295,3.47578981733,4.72628935158e-09
1298,3.47537600758,4.4949879313e-09
1301,3.47496431567,4.27554594666e-09
1304,3.47455473461,4.06732918452e-09
1307,3.47414724538,3.86973869115e-09
1310,3.47374184002,3.68220871504e-09
1313,3.47333850291,3.50420482023e-09
1316,3.47293723419,3.33522206653e-09
1319,3.47253800315,3.17478336706e-09
1322,3.47214081668,3.02243783267e-09
1325,3.47174565117,2.87775934148e-09
1328,3.47135249901,2.74034508877e-09
1331,3.47096135123,2.60981427888e-09
1334,3.47057218764,2.48580688546e-09
1337,3.47018501103,2.36798245258e-09
1340,3.46979979283,2.25601902894e-09
1343,3.46941654498,2.14961207783e-09
1346,3.46903523353,2.0484735544e-09
1349,3.46865585761,1.95233093151e-09
1353,3.46827841117,1.86092635553e-09
1356,3.46790287352,1.77401583129e-09
1359,3.4675292436,1.69136843168e-09
1362,3.46715750607,1.61276558852e-09
1365,3.46678764843,1.53800039785e-09
1368,3.46641966295,1.46687697336e-09
1371,3.46605353824,1.3992098412e-09
1375,3.46568926276,1.33482336401e-09
1378,3.46532683167,1.27355119701e-09
1381,3.46496622579,1.21523578531e-09
1384,3.46460744554,1.15972786979e-09
1387,3.464250468,1.10688604816e-09
1390,3.46389529991,1.05657632848e-09
1394,3.46354191342,1.0086717458e-09
1397,3.4631903134,9.63051959443e-10
1400,3.46284047979,9.19602910607e-10
1403,3.46249240725,8.78216470857e-10
1407,3.46214608913,8.3879012625e-10
1410,3.46180150557,8.01226677188e-10
1413,3.46145865847,7.65433944147e-10
1416,3.46111753484,7.31324506622e-10
1420,3.46077812122,6.98815444555e-10
1423,3.46044041301,6.67828095796e-10
1426,3.46010439775,6.38287832164e-10
1429,3.45977006675,6.10123842247e-10
1433,3.45943741323,5.832689289e-10
1436,3.45910642899,5.57659318065e-10
1439,3.45877709873,5.33234478365e-10
1443,3.45844941669,5.09936947098e-10
1446,3.45812337346,4.87712170528e-10
1449,3.45779896294,4.6650834976e-10
1453,3.45747617383,4.46276297232e-10
1456,3.45715499612,4.26969298928e-10
1459,3.45683542266,4.08542984837e-10
1463,3.45651744272,3.9095520739e-10
1466,3.45620105594,3.74165924096e-10
1469,3.45588624511,3.58137091122e-10
1473,3.455573003,3.42832556633e-10
1476,3.45526132304,3.28217963892e-10
1480,3.45495119574,3.14260658846e-10
1483,3.45464261347,3.00929601853e-10
1487,3.4543355635,2.88195285219e-10
1490,3.45403004759,2.7602965289e-10
1493,3.45372604834,2.64406028807e-10
1497,3.45342356047,2.53299043804e-10
1500,3.45312257539,2.42684570115e-10
1504,3.45282308612,2.32539657781e-10
1507,3.45252508662,2.22842474825e-10
1511,3.45222856322,2.13572251079e-10
1514,3.45193351547,2.04709223115e-10
1518,3.45163992904,1.96234585038e-10
1521,3.45134779715,1.8813043891e-10
1525,3.45105711656,1.80379749341e-10
1528,3.45076787548,1.72966300803e-10
1532,3.45048006545,1.65874655901e-10
1535,3.45019368009,1.59090116541e-10
1539,3.4499087142,1.52598687079e-10
1542,3.44962515723,1.46387039619e-10
1546,3.44934300036,1.40442480492e-10
1549,3.44906224062,1.34752918644e-10
1553,3.44878286971,1.29306836252e-10
1557,3.4485048769,1.2409326027e-10
1560,3.44822825981,1.19101735173e-10
1564,3.44795300363,1.14322298234e-10
1567,3.44767911518,1.09745454166e-10
1571,3.44740656506,1.05362154092e-10
1575,3.4471353674,1.01163771198e-10
1578,3.4468655095,9.7142082315e-11
1582,3.44659697219,9.32892475833e-11
1586,3.44632976406,8.9597790904e-11
1589,3.44606386788,8.60605837426e-11
1593,3.44579928803,8.26708270629e-11
1597,3.44553600507,7.9422036529e-11
1600,3.4452740163,7.6308026353e-11
1604,3.44501331969,7.33228953241e-11
1608,3.44475390446,7.0461013338e-11
1611,3.44449576255,6.7717008148e-11
1615,3.44423888892,6.50857530356e-11
1619,3.44398327561,6.25623552091e-11
1622,3.44372892179,6.01421444709e-11
1626,3.44347581259,5.78206630154e-11
1630,3.44322394592,5.55936548781e-11
1634,3.44297331721,5.3457056651e-11
1637,3.44272391668,5.14069884153e-11
1641,3.44247573389,4.94397450141e-11
1645,3.44222877622,4.75517875694e-11
1649,3.4419830207,4.573973635e-11
1653,3.44173847256,4.40003625034e-11
1656,3.44149512015,4.23305816056e-11
1660,3.44125296041,4.0727446588e-11
1664,3.44101198672,3.91881414893e-11
1668,3.44077218918,3.77099753524e-11
1672,3.44053356195,3.62903763419e-11
1676,3.44029610587,3.49268862071e-11
1680,3.44005980887,3.36171552324e-11
1683,3.43982466438,3.2358937044e-11
1687,3.43959066934,3.1150083876e-11
1691,3.43935781723,2.99885421066e-11
1695,3.43912610397,2.88723478902e-11
1699,3.43889551497,2.77996231567e-11
1703,3.43866605832,2.67685714249e-11
1707,3.43843771801,2.57774744612e-11
1711,3.43821049239,2.48246884182e-11
1715,3.43798437194,2.39086406278e-11
1719,3.43775935277,2.30278262802e-11
1723,3.43753542981,2.21808054057e-11
1727,3.43731260252,2.13661999137e-11
1731,3.43709085578,2.05826909256e-11
1735,3.43687018838,1.98290159373e-11
1739,3.43665059392,1.91039664108e-11
1743,3.43643206779,1.84063853165e-11
1747,3.4362146033,1.77351648558e-11
1751,3.43599820295,1.70892442086e-11
1755,3.43578284805,1.64676075971e-11
1759,3.43556854039,1.58692820784e-11
1763,3.43535527165,1.52933357981e-11
1767,3.4351430446,1.47388760763e-11
1771,3.43493184344,1.42050478082e-11
1775,3.43472166871,1.36910316601e-11
1779,3.43451251643,1.31960425874e-11
1783,3.43430437495,1.27193283392e-11
1787,3.43409724132,1.22601679618e-11
1791,3.43389111957,1.18178704419e-11
1796,3.43368599396,1.13917734928e-11
1800,3.43348185598,1.09812422105e-11
1804,3.43327872134,1.05856678352e-11
1808,3.4330765545,1.02044668536e-11
1812,3.4328753757,9.83707957885e-12
1816,3.43267516839,9.48296940126e-12
1821,3.4324759299,9.14162164471e-12
1825,3.43227765597,8.81254266958e-12
1829,3.43208034291,8.49525896376e-12
1833,3.43188398425,8.18931629001e-12
1837,3.43168857373,7.89427885408e-12
1842,3.43149410765,7.60972851389e-12
1846,3.43130058203,7.33526403507e-12
1850,3.4311079903,7.07050037766e-12
1854,3.43091632873,6.81506799864e-12
1859,3.43072559435,6.56861220077e-12
1863,3.43053577656,6.33079252195e-12
1867,3.43034688078,6.10128209183e-12
1872,3.4301588948,5.87976712182e-12
1876,3.42997181686,5.66594630544e-12
1880,3.42978563737,5.4595303277e-12
1884,3.42960036242,5.26024132587e-12
1889,3.42941597555,5.06781247202e-12
1893,3.42923247744,4.88198745227e-12
1898,3.42904986645,4.70252006028e-12
1902,3.42886813609,4.52917378177e-12
1906,3.42868727566,4.36172139076e-12
1911,3.42850729003,4.19994454196e-12
1915,3.42832817114,4.04363344092e-12
1920,3.42814991325,3.89258647278e-12
1924,3.42797251519,3.74660986479e-12
1928,3.4277959688,3.60551737757e-12
1933,3.42762027185,3.46912998356e-12
1937,3.4274454207,3.33727558043e-12
1942,3.42727141062,3.20978870882e-12
1946,3.42709823609,3.08651028194e-12
1951,3.42692589088,2.96728732719e-12
1955,3.42675438042,2.85197272794e-12
1960,3.42658369027,2.74042501422e-12
1964,3.42641382449,2.63250810267e-12
1969,3.42624476858,2.52809110974e-12
1973,3.4260765253,2.42704811537e-12
1978,3.42590908934,2.32925798328e-12
1982,3.42574246029,2.23460416014e-12
1987,3.42557663064,2.14297450104e-12
1992,3.42541159013,2.05426109024e-12
1996,3.42524734866,1.96836005988e-12
2001,3.42508388873,1.88517145745e-12
2005,3.42492121616,1.80459906137e-12
2010,3.42475932174,1.72655025515e-12
2015,3.42459820394,1.65093587307e-12
2019,3.42443785919,1.57767006916e-12
2024,3.42427828275,1.5066701867e-12
2029,3.42411946922,1.4378566325e-12
2033,3.42396141591,1.37115275587e-12
2038,3.42380412087,1.30648473469e-12
2043,3.42364757872,1.24378146664e-12
2047,3.42349178215,1.18297446289e-12
2052,3.42333673111,1.12399774321e-12
2057,3.42318242783,1.06678774118e-12
2062,3.42302886029,1.01128321557e-12
2066,3.42287602398,9.57425154036e-13
2071,3.42272392098,9.05156687554e-13
2076,3.4225725459,8.54423012368e-13
2081,3.42242188948,8.05171309176e-13
2085,3.42227195694,7.57350663222e-13
2090,3.42212273726,7.10911998393e-13
2095,3.42197423912,6.65807999475e-13
2100,3.42182644328,6.2199305481e-13
2105,3.42167935368,5.79423181408e-13
2110,3.42153296604,5.38055969474e-13
2115,3.42138727609,4.9785052116e-13
2119,3.42124228451,4.58767392934e-13
2124,3.42109798031,4.20768543043e-13
2129,3.42095437229,3.83817274687e-13
2134,3.42081144052,3.47878191486e-13
2139,3.42066919727,3.1291714176e-13
2144,3.42052762649,2.78901178467e-13
2149,3.42038673495,2.45798509382e-13
2154,3.42024651274,2.13578457451e-13
2159,3.42010695883,1.82211417319e-13
2164,3.41996807122,1.51668816511e-13
2169,3.41982984209,1.21923077073e-13
2174,3.41969227667,9.29475783471e-14
2179,3.41955536109,6.47166226869e-14
2184,3.41941909617,3.72054003508e-14
2189,3.41928348587,2.83641156001e-14
2194,3.41914851822,2.77689286881e-14
2199,3.41901419683,2.71873549835e-14
2204,3.41888050839,2.66190603145e-14
2209,3.41874745732,2.60637189912e-14
2214,3.4186150407,2.55210138891e-14
2219,3.41848325098,2.49906362585e-14
2224,3.41835209335,2.44722851676e-14
2230,3.41822155542,2.39656676582e-14
2235,3.41809163894,2.34704982805e-14
2240,3.41796234049,2.29864989834e-14
2245,3.41783365471,2.25133989276e-14
2250,3.41770558183,2.20509342152e-14
2255,3.41757811705,2.15988477941e-14
2261,3.41745125417,2.11568891788e-14
2266,3.41732500131,2.07248143047e-14
2271,3.41719934044,2.03023854743e-14
2276,3.41707428025,1.98893709132e-14
2281,3.41694981008,1.94855449397e-14
2287,3.41682593696,1.90906874708e-14
2292,3.41670264887,1.87045841895e-14
2297,3.41657993672,1.83270261633e-14
2303,3.41645781991,1.79578096745e-14
2308,3.41633627507,1.75967363667e-14
2313,3.41621531047,1.7243612758e-14
2319,3.41609491872,1.68982503272e-14
2324,3.41597509596,1.65604653366e-14
2329,3.41585584099,1.62300786298e-14
2335,3.41573714872,1.59069155949e-14
2340,3.4156190223,1.55908059988e-14
2345,3.41550145531,1.52815838928e-14
2351,3.41538444635,1.49790874938e-14
2356,3.41526799179,1.46831590414e-14
2362,3.41515208498,1.43936448128e-14
2367,3.41503673056,1.41103947783e-14
2373,3.41492192073,1.38332627708e-14
2378,3.41480765786,1.35621061833e-14
2384,3.41469393034,1.32967860514e-14
2389,3.4145807441,1.30371667342e-14
2395,3.4144680939,1.27831160358e-14
2400,3.41435597323,1.25345050261e-14
2406,3.41424438408,1.22912079409e-14
2411,3.41413332429,1.20531021129e-14
2417,3.41402278993,1.18200679124e-14
2422,3.41391277792,1.15919886656e-14
2428,3.41380328599,1.13687505434e-14
2433,3.41369431106,1.11502425158e-14
2439,3.41358584927,1.09363562793e-14
2445,3.41347790637,1.0726986143e-14
2450,3.41337046779,1.05220290558e-14
2456,3.41326353774,1.03213844483e-14
2462,3.41315711488,1.01249541841e-14
2467,3.41305119206,9.93264255256e-15
2473,3.41294576917,9.74435613491e-15
2479,3.4128408481,9.56000377347e-15
2484,3.41273642063,9.37949653855e-15
2490,3.41263248775,9.2027476471e-15
2496,3.41252904361,9.02967241511e-15
2502,3.41242608517,8.8601881634e-15
2507,3.41232361427,8.69421424463e-15
2513,3.41222162766,8.53167192609e-15
2519,3.41212012041,8.3724843755e-15
2525,3.41201909504,8.21657658178e-15
2531,3.41191854076,8.06387535717e-15
2536,3.41181846693,7.91430922441e-15
2542,3.41171886379,7.76780845878e-15
2548,3.41161972697,7.62430496056e-15
2554,3.41152105704,7.48373225586e-15
2560,3.41142285633,7.34602543926e-15
2566,3.41132511526,7.21112118578e-15
2572,3.41122783837,7.0789576083e-15
2578,3.41113101717,6.94947433978e-15
2584,3.41103465174,6.82261239936e-15
2590,3.41093874492,6.69831420575e-15
2596,3.41084328258,6.57652355285e-15
2602,3.4107482772,6.45718552309e-15
2608,3.41065371301,6.34024651349e-15
2614,3.41055959344,6.22565416296e-15
2620,3.41046592289,6.11335732086e-15
2626,3.41037268894,6.00330607752e-15
2632,3.41027990117,5.89545163e-15
2638,3.41018754134,5.78974636331e-15
2644,3.41009561954,5.68614374351e-15
2650,3.41000412716,5.58459831552e-15
2656,3.40991306897,5.4850656722e-15
2662,3.40982243802,5.38750246338e-15
2668,3.40973223272,5.29186631236e-15
2674,3.40964245025,5.19811583604e-15
2681,3.40955309253,5.10621059305e-15
2687,3.40946415605,5.01611108246e-15
2693,3.40937563339,4.92777871245e-15
2699,3.40928752978,4.84117576537e-15
2705,3.40919984239,4.75626539492e-15
2712,3.40911256093,4.6730116052e-15
2718,3.40902569401,4.59137920288e-15
2724,3.40893923732,4.51133381614e-15
2730,3.40885318033,4.43284185169e-15
2737,3.40876752933,4.35587047345e-15
2743,3.40868228477,4.2803875872e-15
2749,3.40859743806,4.2063618409e-15
2756,3.40851299286,4.133762585e-15
2762,3.408428941,4.06255986694e-15
2768,3.40834528418,3.99272439638e-15
2775,3.40826202048,3.92422756286e-15
2781,3.40817914525,3.85704138782e-15
2788,3.40809666139,3.79113851618e-15
2794,3.40801456335,3.72649222536e-15
2800,3.40793285378,3.66307636419e-15
2807,3.40785152368,3.60086539591e-15
2813,3.40777057841,3.53983433673e-15
2820,3.40769000857,3.4799587676e-15
2826,3.40760981995,3.42121479939e-15
2833,3.40753001031,3.36357908798e-15
2839,3.40745056638,3.30702882097e-15
2846,3.40737150265,3.25154164816e-15
2853,3.40729280431,3.19709575978e-15
2859,3.40721447674,3.14366979937e-15
2866,3.40713651874,3.09124289588e-15
2872,3.40705892759,3.03979463164e-15
2879,3.4069816942,2.98930504855e-15
2886,3.40690482633,2.93975460969e-15
2892,3.40682831504,2.89112422632e-15
2899,3.40675216592,2.84339520566e-15
2906,3.40667637431,2.79654928185e-15
2912,3.40660093577,2.75056858956e-15
2919,3.40652585043,2.70543563853e-15
2926,3.40645111816,2.661133326e-15
2932,3.40637673537,2.61764492539e-15
2939,3.40630269981,2.57495407212e-15
2946,3.40622901306,2.5330447482e-15
2953,3.40615567006,2.49190129511e-15
2960,3.40608266639,2.45150838278e-15
2966,3.40601000957,2.41185101283e-15
2973,3.40593769312,2.37291451732e-15
2980,3.4058657128,2.33468454045e-15
2987,3.40579407042,2.29714702828e-15
2994,3.4057227622,2.26028823961e-15
3001,3.40565178866,2.22409471952e-15
3008,3.40558114474,2.1885533064e-15
3015,3.40551083777,2.15365110888e-15
3022,3.40544085256,2.11937553296e-15
3029,3.40537119736,2.08571422626e-15
3036,3.40530187016,2.05265511528e-15
3043,3.40523286263,2.02018638151e-15
3050,3.40516418245,1.98829645211e-15
3057,3.40509581813,1.95697400262e-15
3064,3.40502777335,1.92620794928e-15
3071,3.40496005057,1.89598743446e-15
3078,3.40489264565,1.86630183944e-15
3085,3.40482555214,1.8371407639e-15
3092,3.40475877112,1.80849402872e-15
3099,3.40469230537,1.78035166193e-15
3106,3.40462614978,1.75270390877e-15
3113,3.40456030311,1.7255412139e-15
3121,3.40449476044,1.69885422431e-15
3128,3.40442952758,1.67263377546e-15
3135,3.40436460122,1.64687090137e-15
3142,3.40429997297,1.62155682235e-15
3150,3.40423565227,1.59668293538e-15
3157,3.40417163019,1.57224081956e-15
3164,3.40410790237,1.54822222969e-15
3171,3.40404447234,1.52461908765e-15
3179,3.40398134384,1.50142348079e-15
3186,3.4039185094,1.47862766469e-15
3193,3.40385596439,1.45622405346e-15
3201,3.40379371606,1.43420521401e-15
3208,3.40373175258,1.41256386667e-15
3215,3.40367008165,1.39129288291e-15
3223,3.40360870102,1.37038527707e-15
3230,3.40354760326,1.34983421013e-15
3238,3.40348678915,1.32963298012e-15
3245,3.40342625845,1.30977502091e-15
3253,3.40336601079,1.29025390181e-15
3260,3.40330604835,1.2710633182e-15
3268,3.40324636289,1.25219710172e-15
3275,3.40318695397,1.23364920286e-15
3283,3.40312782412,1.21541369428e-15
3290,3.40306896787,1.19748477146e-15
3298,3.40301038769,1.17985674333e-15
3306,3.40295207794,1.16252403641e-15
3313,3.40289404399,1.14548118707e-15
3321,3.40283628092,1.12872284175e-15
3328,3.4027787868,1.11224375761e-15
3336,3.40272155619,1.09603879319e-15
3344,3.40266459303,1.08010290907e-15
3352,3.40260789867,1.06443116668e-15
3359,3.40255146542,1.04901872974e-15
3367,3.40249529555,1.03386085373e-15
3375,3.40243939177,1.0189528888e-15
3383,3.40238374285,1.00429028107e-15
3390,3.40232835836,9.898685626e-16
3398,3.40227322475,9.75683357385e-16
3406,3.40221835311,9.61730371196e-16
3414,3.40216373802,9.48005398827e-16
3422,3.40210937313,9.34504316435e-16
3430,3.40205526016,9.21223081758e-16
3438,3.40200140415,9.08157727891e-16
3445,3.40194779582,8.95304371614e-16
3453,3.40189443777,8.82659204003e-16
3461,3.40184133043,8.70218486486e-16
3469,3.40178846482,8.57978559386e-16
3477,3.40173584564,8.45935831272e-16
3485,3.4016834787,8.34086777228e-16
3493,3.40163134959,8.22427949347e-16
3501,3.40157945997,8.10955961019e-16
3510,3.40152781841,7.99667488361e-16
3518,3.40147641379,7.88559278635e-16
3526,3.40142525013,7.77628136839e-16
3534,3.40137432471,7.66870932673e-16
3542,3.40132363193,7.56284594496e-16
3550,3.401273179,7.45866109008e-16
3558,3.40122295552,7.35612523984e-16
3567,3.40117297319,7.25520938549e-16
3575,3.40112321653,7.15588513318e-16
3583,3.40107369521,7.05812458799e-16
3591,3.40102440226,6.96190040739e-16
3600,3.40097534066,6.86718575897e-16
3608,3.40092650473,6.77395433425e-16
3616,3.40087789612,6.6821803164e-16
3625,3.40082951245,6.59183838104e-16
3633,3.40078135509,6.50290366537e-16
3641,3.40073341877,6.41535181578e-16
3650,3.40068571033,6.32915889819e-16
3658,3.40063821639,6.2443014705e-16
3666,3.40059095012,6.16075648145e-16
3675,3.40054390106,6.07850136596e-16
3683,3.40049707348,5.99751393098e-16
3692,3.40045045481,5.91777246824e-16
3700,3.40040405834,5.83925559698e-16
3709,3.40035787645,5.76194239254e-16
3718,3.40031190979,5.68581230147e-16
3726,3.40026615537,5.6108451449e-16
3735,3.4002206154,5.53702113069e-16
3743,3.40017528499,5.46432084604e-16
3752,3.40013016535,5.39272521532e-16
3761,3.40008525573,5.32221552289e-16
3769,3.40004055386,5.25277341058e-16
3778,3.39999605981,5.1843808516e-16
3787,3.39995177307,5.11702014178e-16
3795,3.39990768909,5.05067393083e-16
3804,3.39986381035,4.98532515365e-16
3813,3.39982013699,4.9209570816e-16
3822,3.39977666054,4.85755329321e-16
3830,3.39973339272,4.79509764926e-16
3839,3.39969032385,4.73357431919e-16
3848,3.39964745545,4.67296776433e-16
3857,3.3996047836,4.61326272893e-16
3866,3.39956230862,4.55444422318e-16
3875,3.39952003514,4.49649753337e-16
3884,3.39947795531,4.43940822908e-16
3893,3.39943607074,4.38316212187e-16
3902,3.39939438023,4.32774529159e-16
3911,3.39935288349,4.27314406665e-16
3920,3.39931157669,4.21934501669e-16
3929,3.39927046193,4.16633496291e-16
3938,3.39922954116,4.11410095251e-16
3947,3.39918880164,4.06263028501e-16
3956,3.39914825749,4.01191046022e-16
3965,3.39910790374,3.96192921787e-16
3974,3.39906772912,3.91267452899e-16
3983,3.39902774956,3.86413454794e-16
3993,3.39898794942,3.81629767292e-16
4002,3.39894833257,3.76915249046e-16
4011,3.39890890731,3.72268778406e-16
4020,3.39886965235,3.67689256803e-16
4030,3.39883058999,3.63175600768e-16
4039,3.39879170438,3.58726749701e-16
4048,3.39875299526,3.54341659788e-16
4057,3.39871447052,3.50019306195e-16
4067,3.39867612248,3.45758681706e-16
4076,3.39863794932,3.41558798547e-16
4086,3.3985999564,3.37418682967e-16
4095,3.39856213702,3.3333738239e-16
4104,3.39852449477,3.29313957755e-16
4114,3.39848702714,3.25347487769e-16
4123,3.3984497292,3.2143706774e-16
4133,3.39841260878,3.17581806787e-16
4142,3.39837565709,3.13780832e-16
4152,3.39833887333,3.10033284647e-16
4162,3.39830226486,3.06338319343e-16
4171,3.3982658266,3.0269510811e-16
4181,3.3982295523,2.99102835803e-16
4190,3.39819344641,2.95560701517e-16
4200,3.3981575089,2.92067917839e-16
4210,3.39812173499,2.88623712212e-16
4219,3.3980861305,2.85227323622e-16
4229,3.39805068847,2.81878005739e-16
4239,3.39801540947,2.78575024249e-16
4249,3.39798029561,2.75317657163e-16
4259,3.39794534435,2.7210519562e-16
4268,3.39791055377,2.68936942396e-16
4278,3.39787591977,2.65812212793e-16
4288,3.39784145161,2.62730332157e-16
4298,3.39780713815,2.59690639667e-16
4308,3.39777298861,2.56692483571e-16
4318,3.39773899104,2.53735225073e-16
4328,3.39770515665,2.50818233859e-16
4338,3.3976714733,2.47940893247e-16
4348,3.39763794744,2.45102594437e-16
4358,3.39760457474,2.42302740426e-16
4368,3.39757135897,2.39540743206e-16
4378,3.39753829614,2.36816025468e-16
4388,3.39750538573,2.34128019384e-16
4398,3.39747262331,2.31476167007e-16
4408,3.39744001667,2.28859918159e-16
4418,3.3974075623,2.26278734049e-16
4429,3.39737524764,2.23732084141e-16
4439,3.39734309438,2.21219444971e-16
4449,3.39731108091,2.18740305223e-16
4459,3.3972792194,2.16294158878e-16
4470,3.39724750164,2.13880510119e-16
4480,3.39721593435,2.11498870505e-16
4490,3.39718450993,2.09148760845e-16
4501,3.39715322894,2.06829708318e-16
4511,3.39712209709,2.04541248662e-16
4521,3.39709110456,2.02282926839e-16
4532,3.39706025663,2.00054302174e-16
4542,3.39702954801,1.97855011459e-16
4553,3.3969989841,1.95685259723e-16
4563,3.39696855704,1.93549370313e-16
4574,3.39693827675,1.91479053014e-16
4584,3.39690813227,1.89672037712e-16
4595,3.3968781253,1.89242239992e-16
4605,3.39684825988,1.95906664642e-16
4616,3.39681853178,2.36437918741e-16
4627,3.39678893802,4.25292142557e-16
4637,3.39675948311,1.20929852873e-15
4648,3.39673016179,4.18171023835e-15
4659,3.39670097343,1.45319347069e-14
4669,3.3966719196,4.76998542351e-14
4680,3.39664300586,1.45642901288e-13
4691,3.39661421968,4.1246851311e-13
4702,3.39658556997,1.08391440377e-12
4713,3.39655704693,2.64669623461e-12
4724,3.39652865729,6.01585833311e-12
4734,3.39650039992,1.27547303232e-11
4745,3.39647226889,2.52829785724e-11
4756,3.39644427125,4.69769461925e-11
4767,3.39641640146,8.20503097766e-11
4778,3.39638865801,1.35140686172e-10
4789,3.39636104139,2.10626045917e-10
4800,3.39633355216,3.11820975822e-10
4811,3.39630619051,4.40292347548e-10
4822,3.39627895417,5.95526917136e-10
4834,3.39625184285,7.75068117835e-10
4845,3.39622485337,9.75067652028e-10
4856,3.39619798896,1.19105574008e-09
4867,3.39617124977,1.41868959133e-09
4878,3.39614463199,1.65430491886e-09
4890,3.39611813829,1.89523405279e-09
4901,3.39609176535,2.14002500576e-09
4912,3.39606550908,2.38889698613e-09
4923,3.39603937837,2.6450489431e-09
4935,3.39601336294,2.91785222183e-09
4946,3.39598747287,3.22944752589e-09
4958,3.3959616967,3.62649979622e-09
4969,3.39593603784,4.19814407465e-09
4980,3.39591049663,5.09860851212e-09
4992,3.39588506861,6.56825975408e-09
5003,3.39585976008,8.941067415e-09
5015,3.39583456529,1.262311011e-08
5027,3.39580948755,1.8030383223e-08
5038,3.39578452498,2.54876533573e-08
5050,3.39575967664,3.51106744148e-08
5061,3.39573494189,4.67121288579e-08
5073,3.39571032518,5.97747770651e-08
5085,3.3956858169,7.35165647698e-08
5096,3.39566143145,8.70372731889e-08
5108,3.39563715897,9.95015962164e-08
5120,3.39561300004,1.10297961772e-07
5132,3.39558894777,1.19124394588e-07
5144,3.395565011,1.25984904184e-07
5155,3.39554117861,1.31114562392e-07
5167,3.39551746221,1.34872046997e-07
5179,3.39549384648,1.37638847489e-07
5191,3.39547034129,1.39749800488e-07
5203,3.3954469407,1.4146101703e-07
5215,3.39542365259,1.42947566006e-07
5227,3.39540046213,1.44317958386e-07
5239,3.39537737857,1.4563388258e-07
5251,3.39535440206,1.46928139938e-07
5263,3.3953315309,1.48218154177e-07
5276,3.39530876278,1.49515342981e-07
5288,3.39528609885,1.50831903704e-07
5300,3.39526353588,1.52186681864e-07
5312,3.39524107428,1.53611252632e-07
5324,3.39521871916,1.55156453951e-07
5337,3.39519646191,1.56898535411e-07
5349,3.39517430669,1.58943066977e-07
5361,3.39515225491,1.61424191385e-07
5374,3.39513030241,1.6449712753e-07
5386,3.39510844338,1.68323297898e-07
5398,3.39508669026,1.73049790444e-07
5411,3.39506503184,1.78787263049e-07
5423,3.3950434717,1.85591743154e-07
5436,3.39502201279,1.93455294553e-07
5448,3.3950006527,2.02308142886e-07
5461,3.39497938887,2.12031470377e-07
5474,3.39495822061,2.22477039927e-07
5486,3.39493715036,2.33488229362e-07
5499,3.39491617713,2.44917336929e-07
5512,3.39489530125,2.56635697737e-07
5524,3.39487451743,2.68535313682e-07
5537,3.39485383486,2.80522516104e-07
5550,3.39483323877,2.92505362145e-07
5563,3.39481274602,3.04377202744e-07
5575,3.39479234422,3.15999690765e-07
5588,3.39477203036,3.27189528123e-07
5601,3.3947518175,3.37714236647e-07
5614,3.3947316916,3.47302124802e-07
5627,3.39471166037,3.55669390934e-07
5640,3.39469172284,3.62562664179e-07
5653,3.39467187195,3.67809161483e-07
5666,3.39465211192,3.71361526504e-07
5679,3.39463244007,3.73323064481e-07
5692,3.39461285655,3.73943127088e-07
5705,3.39459336036,3.73581094389e-07
5718,3.39457394925,3.72647491458e-07
5732,3.39455462408,3.7153808568e-07
5745,3.39453538384,3.70578288174e-07
5758,3.39451623185,3.69990512861e-07
5771,3.39449716304,3.69888786786e-07
5785,3.39447818298,3.70296572567e-07
5798,3.3944592826,3.71178571289e-07
5811,3.39444047149,3.72476272107e-07
5825,3.39442173934,3.74139363217e-07
5838,3.3944030911,3.76148726318e-07
5852,3.39438452998,3.78529875387e-07
5865,3.39436604758,3.81357362072e-07
5879,3.3943476507,3.84751079469e-07
5892,3.39432932967,3.88865313388e-07
5906,3.3943110963,3.93871550819e-07
5919,3.39429294152,3.99936895233e-07
5933,3.39427486234,4.07201095563e-07
5947,3.39425686818,4.15756162501e-07
5960,3.39423895512,4.25632574684e-07
5974,3.39422111966,4.36794907498e-07
5988,3.39420336011,4.49147617147e-07
6002,3.3941856851,4.62549317879e-07
6016,3.39416808973,4.7683205085e-07
6029,3.39415057109,4.9182129505e-07
6043,3.39413312652,5.07352979691e-07
6057,3.39411576156,5.23285120452e-07
6071,3.39409847546,5.39503372509e-07
6085,3.39408126731,5.55921163278e-07
6099,3.39406413359,5.7247583845e-07
6113,3.39404707399,5.89122339535e-07
6127,3.39403009028,6.05825540661e-07
6142,3.39401318125,6.22551776566e-07
6156,3.39399634809,6.39259587838e-07
6170,3.3939795867,6.55889518756e-07
6184,3.39396290138,6.72353016484e-07
6198,3.39394628481,6.88521136892e-07
6213,3.39392973676,7.04214646308e-07
6227,3.39391326311,7.1919801629e-07
6241,3.39389685953,7.3318025387e-07
6256,3.39388053179,7.45825144586e-07
6270,3.39386426369,7.56772195699e-07
6285,3.39384807125,7.65667690274e-07
6299,3.39383194042,7.72204832741e-07
6314,3.39381587759,7.76176857557e-07
6328,3.39379987291,7.77561982196e-07
6343,3.39378393675,7.76675744267e-07
6357,3.39376805115,7.74404868792e-07
6372,3.39375222538,7.72427688715e-07
6387,3.39373645667,7.73181428349e-07
6401,3.39372073995,7.79372016707e-07
6416,3.39370508043,7.93174300293e-07
6431,3.39368946984,8.15642676015e-07
6446,3.39367391789,8.46749142649e-07
6461,3.39365842396,8.85931190633e-07
6476,3.3936429803,9.32695742454e-07
6490,3.39362758722,9.87028142379e-07
6505,3.39361224244,1.04972488913e-06
6520,3.39359694011,1.12283121094e-06
6535,3.39358167599,1.21011727631e-06
6551,3.39356644566,1.31729110581e-06
6566,3.39355124957,1.45168580493e-06
6581,3.39353608125,1.62152507187e-06
6596,3.39352094203,1.83536601857e-06
6611,3.39350583505,2.10245504688e-06
6626,3.39349075994,2.43401417767e-06
6642,3.39347572044,2.84422473161e-06
6657,3.3934607176,3.34933440118e-06
6672,3.39344577901,3.9648049477e-06
6688,3.39343091589,4.70229863788e-06
6703,3.39341615752,5.56828928359e-06
6719,3.39340151978,6.56440544138e-06
6734,3.39338704293,7.68857928104e-06
6750,3.39337273557,8.93642166329e-06
6765,3.39335863282,1.03023814603e-05
6781,3.39334476581,1.1779110838e-05
6796,3.39333118379,1.33521215342e-05
6812,3.39331793897,1.49876114709e-05
6828,3.39330509203,1.66163232885e-05
6844,3.3932926822,1.81245068345e-05
6859,3.39328068313,1.93671574286e-05
6875,3.39326899861,2.02087049875e-05
6891,3.39325746514,2.05738464259e-05
6907,3.39324590517,2.0476564652e-05
6923,3.39323417547,2.00078453966e-05
6939,3.39322221138,1.9293306566e-05
6955,3.39320999186,1.84507911245e-05
6971,3.39319754344,1.75695474402e-05
6987,3.39318491013,1.67112098988e-05
7003,3.39317211841,1.59199521778e-05
7019,3.39315921202,1.52304703369e-05
7035,3.39314622238,1.46696948016e-05
7051,3.39313320822,1.42536571992e-05
7068,3.39312021265,1.39832940136e-05
7084,3.39310727729,1.38431985831e-05
7100,3.39309444002,1.38055669933e-05
7117,3.39308171159,1.38381572069e-05
7133,3.39306909808,1.39122925075e-05
7150,3.39305658569,1.40072032321e-05
7166,3.39304417354,1.41098407791e-05
7183,3.39303185576,1.42119388007e-05
7199,3.39301962346,1.43066976368e-05
7216,3.39300747647,1.43865156788e-05
7232,3.39299541216,1.44420620322e-05
7249,3.39298342237,1.4462441661e-05
7266,3.39297150346,1.44362780345e-05
7282,3.39295962783,1.43538854347e-05
7299,3.39294777861,1.42107063033e-05
7316,3.39293592821,1.40113369199e-05
7333,3.39292405779,1.37722027877e-05
7350,3.39291213197,1.35207592503e-05
7367,3.39290015808,1.32908672392e-05
7384,3.39288814172,1.31164863861e-05
7401,3.39287609634,1.30266962247e-05
7418,3.39286403676,1.30435380165e-05
7435,3.39285200827,1.31818627238e-05
7452,3.39284003302,1.34493263338e-05
7469,3.39282814267,1.38454187763e-05
7487,3.39281637679,1.4359967857e-05
7504,3.39280475862,1.49726096496e-05
7521,3.39279331628,1.56545187603e-05
7538,3.39278206033,1.63723858323e-05
7556,3.39277098685,1.70931557216e-05
7573,3.3927600999,1.77875267316e-05
7591,3.39274937702,1.8431038411e-05
7608,3.39273881709,1.90030443427e-05
7626,3.39272839495,1.94849058778e-05
7643,3.39271809605,1.98588338628e-05
7661,3.39270790869,2.0108224243e-05
7679,3.39269779711,2.02196141176e-05
7696,3.39268772694,2.01857859241e-05
7714,3.39267766998,2.00089977345e-05
7732,3.39266759585,1.97028594485e-05
7750,3.39265746876,1.9291472425e-05
7768,3.39264727768,1.88055214397e-05
7785,3.39263700965,1.82766232691e-05
7803,3.39262667433,1.77321942625e-05
7821,3.39261629006,1.71926154867e-05
7839,3.39260585691,1.66710246396e-05
7857,3.39259539864,1.61748425383e-05
7876,3.39258491293,1.5707854258e-05
7894,3.39257442232,1.52720901288e-05
7912,3.39256391535,1.48692758961e-05
7930,3.39255340912,1.45017958899e-05
7948,3.39254289602,1.41729403659e-05
7967,3.39253239528,1.38860206703e-05
7985,3.39252190428,1.36423076669e-05
8004,3.39251143483,1.34388886677e-05
8022,3.3925009924,1.32685537345e-05
8041,3.39249057513,1.31230764449e-05
8059,3.39248017088,1.2998455056e-05
8078,3.39246976953,1.28983046963e-05
8096,3.39245937361,1.283260305e-05
8115,3.39244896743,1.2813127388e-05
8134,3.39243856331,1.28499112919e-05
8152,3.39242816602,1.29515818355e-05
8171,3.39241777584,1.31280405122e-05
8190,3.39240740702,1.33913289165e-05
8209,3.39239706559,1.37524046662e-05
8228,3.39238677809,1.42160358023e-05
8247,3.39237656497,1.47785135908e-05
8266,3.39236644,1.5430541768e-05
8285,3.39235640904,1.61624984113e-05
8304,3.39234648821,1.69666976597e-05
8323,3.39233668467,1.78344188414e-05
8342,3.3923270067,1.87510790829e-05
8361,3.39231747666,1.96950238968e-05
8381,3.39230807476,2.06417529659e-05
8400,3.39229880377,2.15704521627e-05
8419,3.39228963602,2.24682712889e-05
8439,3.39228056264,2.33304835504e-05
8458,3.39227155971,2.41578190352e-05
8478,3.39226262245,2.49533906864e-05
8497,3.39225374447,2.5720728255e-05
8517,3.3922449131,2.64632051916e-05
8537,3.3922361185,2.71845935872e-05
8556,3.39222735757,2.78905438775e-05
8576,3.39221861546,2.85908884733e-05
8596,3.39220988106,2.93023288634e-05
8616,3.3922011482,3.00502333916e-05
8635,3.39219243185,3.08674528021e-05
8655,3.39218374439,3.17883155203e-05
8675,3.39217513578,3.28378877119e-05
8695,3.39216666364,3.40198424028e-05
8715,3.39215839134,3.53085931737e-05
8735,3.3921503663,3.66505951459e-05
8756,3.39214260008,3.79755971561e-05
8776,3.39213508216,3.92135651918e-05
8796,3.39212777645,4.03103115862e-05
8816,3.39212063459,4.12361062141e-05
8837,3.39211359525,4.19854660424e-05
8857,3.39210662608,4.25702098399e-05
8877,3.39209970326,4.30097280069e-05
8898,3.39209281669,4.33220176322e-05
8918,3.39208596953,4.35174715862e-05
8939,3.39207916428,4.35959916756e-05
8960,3.39207239855,4.35473681827e-05
8980,3.39206567054,4.33547886573e-05
9001,3.39205895305,4.30010539691e-05
9022,3.39205221479,4.24761244863e-05
9042,3.39204543048,4.17833782292e-05
9063,3.39203855569,4.09416272215e-05
9084,3.39203156404,3.99813465908e-05
9105,3.39202444879,3.89363651719e-05
9126,3.39201721707,3.78347546611e-05
9147,3.39200987952,3.66932009088e-05
9168,3.39200244206,3.55172342508e-05
9189,3.39199490805,3.43066013381e-05
9211,3.39198726677,3.30626055643e-05
9232,3.3919795047,3.1793725862e-05
9253,3.39197160911,3.05172540363e-05
9274,3.39196357218,2.92569470405e-05
9296,3.39195540232,2.80384503359e-05
9317,3.39194710169,2.68847527419e-05
9339,3.39193868901,2.58132796631e-05
9360,3.39193017596,2.4835102313e-05
9382,3.39192158443,2.39558025059e-05
9403,3.39191292077,2.31771172017e-05
9425,3.39190420098,2.24985411693e-05
9447,3.39189542446,2.19183973673e-05
9469,3.39188659814,2.14343585016e-05
9490,3.39187772318,2.10440129032e-05
9512,3.39186879184,2.07466598803e-05
9534,3.39185979689,2.05474068309e-05
9556,3.39185071135,2.04628278728e-05
9578,3.39184153258,2.05243169506e-05
9600,3.39183227132,2.07740761507e-05
9622,3.39182294643,2.12528451144e-05
9645,3.39181361641,2.19858189183e-05
9667,3.39180432029,2.29758833833e-05
9689,3.39179511033,2.42074360532e-05
9712,3.39178601646,2.56558865242e-05
9734,3.39177704777,2.72959864609e-05
9756,3.39176821838,2.91065373275e-05
9779,3.39175952715,3.10731705327e-05
9801,3.39175096293,3.31905917506e-05
9824,3.39174254631,3.54627307272e-05
9847,3.39173428629,3.78972310856e-05
9869,3.39172622052,4.04924040301e-05
9892,3.39171839762,4.32212732249e-05
9915,3.39171083206,4.60258254546e-05
9938,3.39170351183,4.88354491884e-05
9961,3.39169637997,5.16072225419e-05
9984,3.39168935386,5.43603105457e-05
10007,3.39168239898,5.71703235402e-05
10030,3.39167555721,6.01192572697e-05
10053,3.39166892878,6.32373859583e-05
10076,3.39166261188,6.64810399884e-05
10099,3.391656651,6.97567615961e-05
10123,3.39165105564,7.29655653409e-05
10146,3.39164577462,7.60349655408e-05
10169,3.3916407549,7.89261385686e-05
10193,3.39163595291,8.16233676087e-05
10216,3.39163133903,8.41187985516e-05
10240,3.39162688011,8.64014829189e-05
10263,3.39162256387,8.84541181246e-05
10287,3.3916183473,9.0257351312e-05
10311,3.39161418738,9.17990864811e-05
10335,3.39161003127,9.30833157005e-05
10358,3.39160584197,9.41302109616e-05
10382,3.39160159364,9.49614413982e-05
10406,3.3915972833,9.55774840096e-05
10430,3.3915928762,9.59511717258e-05
10454,3.39158827813,9.60602073847e-05
10478,3.39158337232,9.59445804913e-05
10502,3.39157804673,9.57335721406e-05
10527,3.39157228427,9.56024551838e-05
10551,3.3915661535,9.56946637005e-05
10575,3.39155975398,9.60909893955e-05
10600,3.39155314665,9.68499395025e-05
10624,3.39154642496,9.80470387484e-05
10649,3.39153974938,9.97379205257e-05
10673,3.39153330958,0.000101874515418
10698,3.3915272379,0.000104281272325
10722,3.39152151317,0.000106745690131
10747,3.39151597241,0.00010915648732
10772,3.39151042772,0.000111572754871
10797,3.39150482176,0.000114173594467
10822,3.39149924545,0.000117138268581
10847,3.39149390176,0.00012054575458
10872,3.39148898826,0.000124345726363
10897,3.39148465672,0.000128393285792
10922,3.39148096366,0.000132507945142
10947,3.39147789115,0.000136522361491
10972,3.39147537137,0.000140307745757
10997,3.3914733083,0.000143779672394
11023,3.39147161852,0.000146893239478
11048,3.39147020582,0.000149634185966
11074,3.39146901315,0.000152008806028
11099,3.39146799037,0.000154033516634
11125,3.39146710556,0.000155724727815
11150,3.39146634826,0.000157090163228
11176,3.39146571836,0.000158123181431
11202,3.39146518506,0.000158801828254
11228,3.39146473027,0.00015909427128
11254,3.39146429337,0.00015897145612
11280,3.39146380783,0.000158425308815
11306,3.39146317867,0.000157486351595
11332,3.39146235039,0.000156229988744
11358,3.39146129804,0.000154760390933
11384,3.39146010027,0.000153169101986
11410,3.39145886187,0.000151481492468
11436,3.39145771537,0.000149618999544
11463,3.39145672159,0.000147405848373
11489,3.39145578489,0.000144629325919
11516,3.39145470876,0.000141131688156
11542,3.39145318992,0.000136889887158
11569,3.39145093062,0.000132042948398
11596,3.39144775772,0.000126854561073
11622,3.39144363024,0.000121631541542
11649,3.39143865758,0.000116636561705
11676,3.39143301295,0.000112028533633
11703,3.39142690077,0.000107844977388
11730,3.39142046845,0.000104022633904
11757,3.39141375516,0.000100444955545
11784,3.39140668135,9.70065141354e-05
11811,3.391399071,9.36863898474e-05
11838,3.39139070485,9.06168786825e-05
11866,3.39138139376,8.81207158999e-05
11893,3.3913711552,8.66812815796e-05
11920,3.39136027693,8.68238680152e-05
11948,3.39134935855,8.8929078129e-05
11975,3.39133919248,9.30523243297e-05
12003,3.39133055864,9.88446182092e-05
12031,3.391323982,0.000105628591736
12059,3.39131961589,0.000112595828242
12086,3.39131728006,0.000119018769054
12114,3.39131659775,0.000124371241755
12142,3.39131711467,0.000128326515798
12170,3.39131839752,0.000130688775719
12198,3.39131998799,0.000131343652116
12226,3.39132141008,0.000130270518351
12254,3.39132215706,0.000127590525763
12283,3.3913217847,0.000123590419899
12311,3.39131997204,0.000118683989532
12339,3.39131656534,0.000113322301345
12368,3.39131153365,0.000107898838066
12396,3.39130482612,0.000102715565441
12425,3.39129614091,9.81848099644e-05
12454,3.3912851968,9.5489249074e-05
12482,3.39127315773,9.65563886568e-05
12511,3.39126316045,0.000101499216589
12540,3.39125694384,0.000107474629597
12569,3.39125317457,0.000112101020434
12598,3.39125009998,0.000115215669466
12627,3.39124703212,0.000117428282855
12656,3.39124384615,0.000119143076416
12685,3.39124053712,0.00012055328737
12714,3.3912370998,0.000121775965123
12744,3.39123351858,0.00012290410701
12773,3.39122982468,0.000124012870061
12802,3.3912260482,0.000125154828521
12832,3.39122221965,0.000126361370372
12862,3.39121835984,0.000127650153932
12891,3.39121449441,0.000129031203045
12921,3.3912106423,0.000130509999163
12951,3.39120680929,0.000132089871985
12981,3.39120300355,0.000133775169867
13011,3.39119921905,0.00013557526521
13041,3.39119545799,0.000137507888011
13071,3.3911917181,0.000139599922083
13101,3.3911880135,0.000141885941564
13131,3.39118435652,0.000144406154741
13161,3.39118078085,0.000147204544959
13192,3.39117731865,0.000150327575234
13222,3.39117403429,0.000153824719546
13252,3.39117098127,0.000157752041072
13283,3.39116825229,0.000162176296249
13314,3.39116598279,0.00016717445326
13344,3.39116435999,0.000172829125257
13375,3.39116365926,0.000179225126677
13406,3.39116433002,0.000186433440478
13437,3.3911671989,0.00019435105161
13468,3.39117346448,0.000202054387758
13499,3.39118351738,0.000207083902821
13530,3.39119502506,0.000207012432604
13561,3.39120445617,0.000202580545988
13592,3.39121084581,0.000196676553094
13624,3.39121548694,0.000190809805572
13655,3.39121935105,0.000184898344185
13687,3.39122266036,0.000178652185976
13718,3.39122542157,0.000171971865719
13750,3.39122762362,0.000164843412338
13781,3.39122928736,0.00015726077467
13813,3.39123044548,0.000149181465821
13845,3.39123108531,0.000140491116726
13877,3.39123110726,0.000131003068712
13909,3.39123022866,0.000120509493024
13941,3.39122791495,0.000108901347941
13973,3.39122335546,9.64353751273e-05
14005,3.39121581024,8.41149084274e-05
14038,3.39120549602,7.35164281387e-05
14070,3.39119380649,6.55307282473e-05
14102,3.39118197619,5.97245138702e-05
14135,3.39117026004,5.5471807719e-05
14168,3.39115871281,5.26173056234e-05
14200,3.39114756237,5.10375681694e-05
14233,3.39113697293,5.04965372531e-05
14266,3.39112697823,5.08068190962e-05
14299,3.3911176353,5.1868422353e-05
14332,3.3911090627,5.36029980469e-05
14365,3.39110146256,5.58489956834e-05
14398,3.39109503317,5.82515834481e-05
14431,3.39108974523,6.02575130218e-05
14464,3.39108515424,6.13536873722e-05
14498,3.39108055227,6.14414816619e-05
14531,3.39107539621,6.09359312154e-05
14565,3.39106960774,6.04134335008e-05
14598,3.39106348489,6.02007030377e-05
14632,3.39105729815,6.03087501713e-05
14665,3.39105118602,6.061932069e-05
14699,3.39104515587,6.10358171957e-05
14733,3.39103918033,6.15127925625e-05
14767,3.39103323193,6.20336467118e-05
14801,3.39102729774,6.25918975405e-05
14835,3.39102136766,6.31842267968e-05
14870,3.39101541647,6.38088885375e-05
14904,3.39100944367,6.44653043819e-05
14938,3.39100343588,6.5153665946e-05
14973,3.39099738617,6.58745269563e-05
15007,3.39099128124,6.66284567988e-05
15042,3.39098510578,6.74153262882e-05
15076,3.39097887157,6.82318754676e-05
15111,3.3909725643,6.90657606398e-05
15146,3.39096617959,6.98879565197e-05
15181,3.39095967403,7.06552780879e-05
15216,3.39095295843,7.13371090609e-05
15251,3.39094595662,7.19539169893e-05
15286,3.39093856264,7.25828220782e-05
15321,3.39093076318,7.33098053469e-05
15357,3.39092260327,7.41746096773e-05
15392,3.39091404263,7.51633028413e-05
15428,3.39090507875,7.62417637652e-05
15463,3.39089558776,7.73866281386e-05
15499,3.39088546076,7.859358868e-05
15535,3.39087454291,7.98724994967e-05
15570,3.39086264188,8.12417750204e-05
15606,3.39084949205,8.27261637708e-05
15642,3.39083473178,8.43596010912e-05
15678,3.39081778447,8.6208362274e-05
15714,3.39079767575,8.84854860522e-05
15751,3.39077281304,9.19592495835e-05
15787,3.39074102253,9.89391607168e-05
15823,3.39070094617,0.000114593312889
15860,3.39065535014,0.000146790489883
15896,3.39061424389,0.000201876658715
15933,3.39059270119,0.000277446016233
15970,3.39060145809,0.000359404142695
16007,3.39063803974,0.000429323833554
16043,3.39068830179,0.00047670366236
16080,3.39073718953,0.000504183366125
16117,3.39077815725,0.000522020052577
16155,3.39081385092,0.000539085609999
16192,3.39085089473,0.000558007559221
16229,3.39089447102,0.000575692997223
16267,3.39094559299,0.000586528704188
16304,3.3910011774,0.000585677127627
16342,3.39105576779,0.000571207134998
16379,3.39110389733,0.000544644787657
16417,3.39114208376,0.000510008248223
16455,3.39116970884,0.00047189863306
16493,3.39118827717,0.000433687325961
16531,3.39119991164,0.000396829592196
16569,3.39120593972,0.0003615501187
16607,3.39120679551,0.000328055515005
16646,3.3912027932,0.000297116961572
16684,3.39119473666,0.000269712546117
16722,3.39118396334,0.0002463895435
16761,3.391171829,0.000227031770189
16800,3.39115926332,0.00021107975658
16838,3.39114681817,0.000197862730694
16877,3.39113468676,0.00018680260604
16916,3.39112291448,0.000177474476346
16955,3.39111145924,0.000169595310333
16994,3.39110027294,0.000162991576543
17033,3.39108934776,0.000157564002976
17073,3.39107864293,0.00015325592804
17112,3.39106821633,0.000150030301265
17151,3.39105807689,0.000147858384063
17191,3.39104829511,0.000146719460272
17231,3.39103891152,0.000146608126522
17270,3.39102999742,0.00014754396683
17310,3.39102167727,0.000149575228935
17350,3.39101412298,0.000152762021103
17390,3.3910076786,0.000157120459824
17430,3.39100277129,0.00016252004815
17470,3.39099989773,0.000168563437953
17511,3.39099937758,0.000174527954333
17551,3.39100116611,0.000179463675253
17591,3.39100466986,0.000182474194449
17632,3.39100885429,0.000183070639879
17673,3.39101261111,0.000181392453151
17713,3.39101509308,0.000178137642884
17754,3.39101603668,0.000174229197667
17795,3.39101573793,0.000170420614851
17836,3.39101467875,0.000167068548666
17877,3.39101329571,0.000164163556477
17918,3.39101182198,0.000161531534617
17960,3.39101023921,0.000159033946609
18001,3.39100854237,0.000156645761394
18043,3.39100672627,0.000154409498796
18084,3.39100487635,0.000152348887334
18126,3.39100305976,0.000150424221949
18168,3.39100130911,0.000148551249645
18210,3.39099961159,0.000146651048929
18252,3.39099787908,0.000144687938645
18294,3.39099607022,0.000142676092918
18336,3.39099411573,0.000140662063718
18378,3.390992026,0.000138700613889
18420,3.39098982671,0.000136836767012
18463,3.39098753899,0.00013509805969
18505,3.39098520513,0.000133494971022
18548,3.39098285446,0.000132025647574
18591,3.39098049306,0.000130681627323
18634,3.39097815755,0.000129452571712
18677,3.39097585102,0.000128329188233
18720,3.39097358539,0.000127304308264
18763,3.39097134744,0.000126372531279
18806,3.390969168,0.000125528961161
18849,3.39096706427,0.000124767512704
18893,3.39096502701,0.000124079152048
18936,3.39096307463,0.000123450483681
18980,3.39096122768,0.000122863410582
19024,3.39095944614,0.000122296977404
19068,3.39095776658,0.000121732193381
19112,3.39095617409,0.000121158701353
19156,3.39095461425,0.000120579096716
19200,3.39095310813,0.000120005828995
19244,3.3909516597,0.000119449935662
19289,3.39095027959,0.000118908061566
19333,3.3909490185,0.000118357158525
19378,3.39094785731,0.000117760935812
19422,3.39094678796,0.000117083430945
19467,3.39094576491,0.000116301203224
19512,3.39094475724,0.000115408740232
19557,3.39094374109,0.000114417173551
19602,3.39094266192,0.00011334938668
19647,3.39094151902,0.000112234345911
19692,3.39094032151,0.000111102025101
19738,3.3909390537,0.000109979260199
19783,3.39093774615,0.000108886588378
19829,3.39093642936,0.000107836189004
19875,3.39093511674,0.000106831071531
19920,3.39093380543,0.000105865582265
19966,3.39093254794,0.000104927128562
20012,3.39093134333,0.000103998825369
20059,3.39093018174,0.000103062574586
20105,3.39092907629,0.000102102004747
20151,3.39092801676,0.000101104708537
20198,3.39092697333,0.000100063346406
20244,3.3909259751,9.89754273314e-05
20291,3.3909249729,9.78418805772e-05
20338,3.39092397248,9.66647903921e-05
20385,3.39092296422,9.54448966828e-05
20432,3.39092199432,9.41795146317e-05
20479,3.39092102357,9.28614707132e-05
20526,3.39092005862,9.14794138123e-05
20573,3.39091910347,9.00195690123e-05
20621,3.39091812979,8.84686425679e-05
20668,3.39091711519,8.68172931341e-05
20716,3.39091603538,8.50634226332e-05
20763,3.39091486601,8.32145401335e-05
20811,3.39091356447,8.12886385464e-05
20859,3.39091212738,7.93133369962e-05
20907,3.39091052497,7.73234166982e-05
20956,3.39090875795,7.53571916846e-05
21004,3.39090683363,7.34523749374e-05
21052,3.39090477981,7.16421413506e-05
21101,3.39090260363,6.99520007209e-05
21150,3.39090037912,6.83978739575e-05
21198,3.39089808212,6.69855412465e-05
21247,3.39089579991,6.57113473246e-05
21296,3.39089350682,6.45639105211e-05
21345,3.39089129195,6.35264250996e-05
21394,3.39088910466,6.25791621009e-05
21444,3.3908869735,6.17017794291e-05
21493,3.39088490347,6.0875182653e-05
21543,3.39088290657,6.0082777365e-05
21592,3.39088097937,5.93110906655e-05
21642,3.3908790804,5.8549839787e-05
21692,3.39087721652,5.77915947595e-05
21742,3.39087541031,5.70312181164e-05
21792,3.39087362412,5.62652491387e-05
21842,3.39087186824,5.54913626193e-05
21893,3.39087010656,5.4707985671e-05
21943,3.3908683857,5.39140898464e-05
21994,3.39086666589,5.31091429086e-05
22045,3.39086495813,5.22931576543e-05
22095,3.39086324785,5.14667824942e-05
22146,3.39086151926,5.0631371746e-05
22197,3.39085978478,4.97889985826e-05
22249,3.39085805948,4.89423959069e-05
22300,3.39085629442,4.8094830467e-05
22351,3.39085453921,4.7249926617e-05
22403,3.39085276184,4.64114742963e-05
22454,3.39085096695,4.55832367066e-05
22506,3.39084915004,4.47687822946e-05
22558,3.39084732771,4.39713470916e-05
22610,3.39084548545,4.31937322153e-05
22662,3.39084361509,4.24382320221e-05
22714,3.39084174685,4.17065917707e-05
22767,3.39083987037,4.09999935685e-05
22819,3.39083801231,4.03190668591e-05
22872,3.39083612358,3.96639275837e-05
22925,3.39083426531,3.90342393141e-05
22977,3.39083237021,3.84293020454e-05
23030,3.39083052085,3.78481523711e-05
23083,3.39082865627,3.72896806591e-05
23137,3.39082678662,3.67527452268e-05
23190,3.39082491815,3.62362852833e-05
23243,3.39082307347,3.57394199063e-05
23297,3.39082126603,3.52615264848e-05
23351,3.39081941105,3.48022846611e-05
23405,3.39081759298,3.43616716859e-05
23459,3.39081578219,3.39399077702e-05
23513,3.39081397554,3.35373458746e-05
23567,3.39081217828,3.31543293344e-05
23621,3.39081036825,3.27910474364e-05
23676,3.39080859095,3.24474215876e-05
23730,3.39080681041,3.21230510995e-05
23785,3.39080504449,3.18172206755e-05
23840,3.39080332239,3.15289628325e-05
23895,3.39080159382,3.12571509504e-05
23950,3.39079986017,3.1000595678e-05
24005,3.39079813653,3.07581297151e-05
24060,3.39079646177,3.05286695193e-05
24116,3.39079477892,3.03112541324e-05
24171,3.39079311647,3.01050607738e-05
24227,3.39079147716,2.99094074722e-05
24283,3.39078984213,2.97237441091e-05
24339,3.39078823186,2.95476364969e-05
24395,3.39078660322,2.93807488247e-05
24451,3.3907850268,2.92228234294e-05
24508,3.39078341728,2.90736664803e-05
24564,3.39078185196,2.89331322214e-05
24621,3.39078028134,2.8801117332e-05
24678,3.39077872292,2.86775570202e-05
24734,3.39077718556,2.85624300928e-05
24791,3.39077564564,2.84557698289e-05
24849,3.39077411988,2.83576769432e-05
24906,3.39077258146,2.82683296933e-05
24963,3.39077106799,2.8187980058e-05
25021,3.39076955598,2.81169373082e-05
25079,3.39076806857,2.80555457251e-05
25136,3.39076654941,2.80041839568e-05
25194,3.39076506441,2.79633095027e-05
25252,3.39076358342,2.79335795425e-05
25311,3.39076208645,2.79160687296e-05
25369,3.39076057515,2.79126310525e-05
25427,3.39075909682,2.79264673157e-05
25486,3.39075758871,2.79629400916e-05
25545,3.39075603349,2.80305564003e-05
25604,3.39075448945,2.8141815132e-05
25663,3.39075294092,2.83133256571e-05
25722,3.3907514011,2.8564420135e-05
25781,3.39074986867,2.89136482266e-05
25841,3.39074839785,2.93732012811e-05
25900,3.39074700656,2.99423962258e-05
25960,3.39074574866,3.06023904069e-05
26020,3.39074464048,3.13146528008e-05
26080,3.39074375595,3.2024875029e-05
26140,3.39074308083,3.26720996829e-05
26200,3.39074253427,3.32006558144e-05
26260,3.39074208691,3.35711633842e-05
26321,3.39074172661,3.37671337409e-05
26382,3.39074132364,3.3795439216e-05
26442,3.39074089208,3.36812515446e-05
26503,3.39074041694,3.34598479062e-05
26565,3.3907398334,3.31682111121e-05
26626,3.39073916077,3.28386872589e-05
26687,3.39073844128,3.24956746481e-05
26749,3.39073762032,3.21550957303e-05
26810,3.39073682189,3.18256991464e-05
26872,3.39073589697,3.15111320533e-05
26934,3.3907350358,3.12119582192e-05
26996,3.39073409897,3.0927223359e-05
27058,3.39073319171,3.06554472467e-05
27121,3.39073226126,3.03951539612e-05
27183,3.39073132839,3.01450798357e-05
27246,3.39073035013,2.99042102583e-05
27309,3.39072941943,2.96717385015e-05
27372,3.39072847304,2.94470105043e-05
27435,3.39072750274,2.92294721244e-05
27498,3.39072655611,2.90186324641e-05
27561,3.39072560387,2.8814041553e-05
27625,3.39072463615,2.86152758432e-05
27689,3.39072367398,2.84219309691e-05
27753,3.3907227307,2.82336191144e-05
27817,3.39072179024,2.8049968961e-05
27881,3.39072086989,2.78706267807e-05
27945,3.3907199301,2.76952600035e-05
28009,3.39071898323,2.75235597664e-05
28074,3.39071804981,2.73552447375e-05
28139,3.3907171074,2.71900643775e-05
28203,3.39071618581,2.70277998666e-05
28269,3.3907152708,2.68682650625e-05
28334,3.39071435258,2.6711304678e-05
28399,3.39071343397,2.65567913598e-05
28464,3.39071252245,2.6404621876e-05
28530,3.39071161789,2.62547128461e-05
28596,3.39071070831,2.61069964445e-05
28662,3.39070981332,2.5961416202e-05
28728,3.39070893392,2.58179242674e-05
28794,3.39070801547,2.56764794173e-05
28860,3.39070713628,2.55370442288e-05
28927,3.39070627157,2.53995862997e-05
28994,3.39070539059,2.5264077676e-05
29061,3.39070448437,2.51304954595e-05
29127,3.39070362822,2.49988226369e-05
29195,3.39070277454,2.4869051043e-05
29262,3.39070190067,2.47411812455e-05
29329,3.39070102033,2.46152221008e-05
29397,3.39070015674,2.44911880269e-05
29465,3.3906992857,2.43690926027e-05
29533,3.39069849094,2.42489357424e-05
29601,3.39069758614,2.41306897408e-05
29669,3.39069677646,2.40142745131e-05
29737,3.39069592853,2.38995431883e-05
29806,3.39069513448,2.37862647648e-05
29875,3.39069425878,2.3674127234e-05
29944,3.39069347086,2.35627530089e-05
30013,3.39069266344,2.34517437666e-05
30082,3.39069185797,2.33407363911e-05
30151,3.39069102263,2.32294707319e-05
30221,3.39069024828,2.31178473346e-05
30290,3.39068944778,2.30059647986e-05
30360,3.39068866201,2.28941177681e-05
30430,3.39068784283,2.27827606511e-05
30500,3.39068706425,2.26724384317e-05
30571,3.3906862748,2.25637067216e-05
30641,3.39068547713,2.24570544076e-05
30712,3.39068466167,2.23528499918e-05
30782,3.39068394214,2.22513179647e-05
30853,3.39068311567,2.21525508874e-05
30925,3.39068239224,2.20565387778e-05
30996,3.39068157654,2.19632219599e-05
31067,3.39068086107,2.187253286e-05
31139,3.39068008883,2.17844327155e-05
31211,3.39067929615,2.16989107495e-05
31283,3.39067855171,2.16159472149e-05
31355,3.39067782624,2.15354320399e-05
31427,3.39067704824,2.14570501078e-05
31500,3.39067634988,2.13801660441e-05
31572,3.39067563812,2.13037643947e-05
31645,3.39067494956,2.12264875298e-05
31718,3.39067422168,2.1146806493e-05
31791,3.39067353446,2.10632964107e-05
31864,3.39067286901,2.09749483465e-05
31938,3.39067213113,2.0881410277e-05
32011,3.39067141649,2.07830699117e-05
32085,3.39067078513,2.06809525277e-05
32159,3.39067009634,2.05764698221e-05
32233,3.39066941526,2.04711069181e-05
32308,3.39066873101,2.03661538516e-05
32382,3.39066798412,2.02625420666e-05
32457,3.39066732592,2.01608024525e-05
32531,3.39066663613,2.00611234978e-05
32606,3.39066599112,1.99634520577e-05
32682,3.39066524347,1.98676036461e-05
32757,3.390664653,1.97733435002e-05
32832,3.39066395794,1.96804449881e-05
32908,3.39066323564,1.95887096477e-05
32984,3.39066259446,1.94979754081e-05
33060,3.39066192407,1.94081147535e-05
33136,3.39066124767,1.93190260836e-05
33213,3.39066063613,1.92306277045e-05
33289,3.39065999575,1.91428539138e-05
33366,3.39065932927,1.90556499121e-05
33443,3.39065866788,1.89689697597e-05
33520,3.39065805802,1.88827747544e-05
33597,3.39065742687,1.87970328822e-05
33675,3.39065680058,1.87117165104e-05
33752,3.3906561771,1.86268021406e-05
33830,3.39065545945,1.85422699354e-05
33908,3.39065483691,1.84581009377e-05
33986,3.39065430901,1.83742791506e-05
34065,3.39065360607,1.82907915627e-05
34143,3.39065300411,1.82076234964e-05
34222,3.39065238019,1.81247635832e-05
34301,3.39065178774,1.80422005755e-05
34380,3.39065112139,1.79599250939e-05
34459,3.3906505969,1.78779270274e-05
34539,3.39065000721,1.77961994096e-05
34618,3.39064941933,1.77147346369e-05
34698,3.39064876065,1.76335265435e-05
34778,3.39064815537,1.75525685219e-05
34858,3.39064762025,1.7471854995e-05
34939,3.39064703006,1.73913814708e-05
35019,3.39064646028,1.73111426843e-05
35100,3.39064582282,1.72311344007e-05
35181,3.39064530411,1.71513511281e-05
35262,3.39064465505,1.70717896898e-05
35343,3.3906441308,1.69924444413e-05
35425,3.39064344979,1.69133125096e-05
35506,3.39064293022,1.68343880822e-05
35588,3.39064239677,1.6755667879e-05
35670,3.39064173949,1.66771483504e-05
35752,3.39064127724,1.65988239149e-05
35835,3.3906407412,1.6520691978e-05
35917,3.39064020981,1.64427483612e-05
36000,3.39063954903,1.6364990098e-05
36083,3.39063906123,1.62874123901e-05
36166,3.39063850539,1.62100135162e-05
36250,3.39063802719,1.61327906452e-05
36333,3.39063744075,1.6055743773e-05
36417,3.39063686614,1.59788734373e-05
36501,3.39063630311,1.59021838309e-05
36585,3.39063582526,1.58256832873e-05
36669,3.39063527851,1.57493873188e-05
36754,3.39063466386,1.56733184202e-05
36839,3.39063419942,1.55975069372e-05
36924,3.39063363266,1.55219943433e-05
37009,3.39063311651,1.54468276715e-05
37094,3.3906325696,1.53720588695e-05
37180,3.39063213766,1.52977369784e-05
37265,3.3906315348,1.5223903763e-05
37351,3.39063101886,1.51505813905e-05
37437,3.39063052119,1.50777693756e-05
37524,3.39063001026,1.50054384767e-05
37610,3.39062951258,1.49335299073e-05
37697,3.39062897624,1.48619594965e-05
37784,3.39062853124,1.47906239181e-05
37871,3.39062800782,1.47194126911e-05
37958,3.39062744842,1.46482165358e-05
38046,3.39062704661,1.45769371277e-05
38133,3.39062646231,1.45054969773e-05
38221,3.39062597992,1.44338381674e-05
38309,3.39062556931,1.43619270062e-05
38398,3.3906250511,1.42897514985e-05
38486,3.3906245794,1.42173161077e-05
38575,3.39062403479,1.41446407324e-05
38664,3.39062352171,1.40717554024e-05
38753,3.39062315085,1.39986988031e-05
38842,3.39062271795,1.39255181018e-05
38932,3.39062214378,1.38522663608e-05
39022,3.39062175717,1.37790010546e-05
39112,3.39062133084,1.37057876757e-05
39202,3.39062077379,1.36326961638e-05
39292,3.39062035798,1.3559798532e-05
39383,3.39061983406,1.34871698917e-05
39473,3.39061945284,1.34148805954e-05
39564,3.39061896601,1.33429952135e-05
39656,3.39061845721,1.32715631855e-05
39747,3.39061802201,1.32006135293e-05
39839,3.39061752477,1.31301495119e-05
39931,3.39061718447,1.30601415064e-05
40023,3.39061659294,1.2990528588e-05
40115,3.39061618421,1.29212144782e-05
40207,3.39061575483,1.28520793908e-05
40300,3.39061519964,1.27829878921e-05
40393,3.39061494479,1.27138016134e-05
40486,3.39061449657,1.26444008228e-05
40579,3.39061403456,1.25746938003e-05
40673,3.39061349403,1.2504632266e-05
40767,3.39061316493,1.24342155e-05
40861,3.39061266687,1.23634936003e-05
40955,3.39061222342,1.22925555279e-05
41049,3.39061181918,1.22215196295e-05
41144,3.39061138211,1.21505174779e-05
41239,3.39061092953,1.20796777493e-05
41334,3.39061060147,1.2009112922e-05
41429,3.39061021757,1.19389117847e-05
41525,3.39060970856,1.18691336304e-05
41620,3.39060923536,1.1799808055e-05
41716,3.39060873073,1.17309401598e-05
41812,3.39060844389,1.16625142357e-05
41909,3.39060800917,1.15945031851e-05
42005,3.39060760805,1.15268702927e-05
42102,3.39060716163,1.14595767489e-05
42199,3.39060675146,1.13925836841e-05
42297,3.39060631999,1.13258554659e-05
42394,3.39060588803,1.12593602721e-05
42492,3.39060547546,1.11930709598e-05
42590,3.39060518071,1.11269649259e-05
42688,3.39060478845,1.10610252082e-05
42786,3.39060429606,1.09952383699e-05
42885,3.39060396072,1.09295938799e-05
42984,3.39060353666,1.08640860379e-05
43083,3.39060303302,1.07987109597e-05
43182,3.39060271601,1.07334660701e-05
43282,3.39060229258,1.06683522268e-05
43382,3.39060194404,1.0603370038e-05
43482,3.39060149667,1.05385221666e-05
43582,3.39060113622,1.04738108443e-05
43682,3.39060077293,1.04092396756e-05
43783,3.39060023629,1.03448128901e-05
43884,3.39059997914,1.02805331123e-05
43985,3.39059957902,1.02164058782e-05
44086,3.3905992981,1.01524348432e-05
44188,3.39059869041,1.00886259688e-05
44290,3.39059848236,1.00249818824e-05
44392,3.3905981383,9.96150913661e-06
44494,3.39059763991,9.8982128976e-06
44597,3.39059720301,9.83509782349e-06
44700,3.39059678612,9.7721695141e-06
44803,3.39059646847,9.70943342041e-06
44906,3.3905961092,9.64689584354e-06
45010,3.39059575308,9.58456278832e-06
45113,3.39059550617,9.52244035195e-06
45217,3.39059502086,9.46053619116e-06
45322,3.39059466519,9.39885626709e-06
45426,3.39059423718,9.33740848403e-06
45531,3.39059388046,9.27620017455e-06
45636,3.39059349083,9.21523980053e-06
45741,3.39059325038,9.15453557005e-06
45846,3.39059295449,9.0940973875e-06
45952,3.39059249847,9.03393569963e-06
46058,3.39059205704,8.97406129058e-06
46164,3.39059182045,8.91448637844e-06
46271,3.39059131446,8.85522692725e-06
46377,3.39059094274,8.79629932114e-06
46484,3.39059066794,8.73772481198e-06
46591,3.39059030753,8.67952996317e-06
46699,3.39058997405,8.62174703146e-06
46806,3.39058959331,8.5644169678e-06
46914,3.39058921575,8.50759054857e-06
47023,3.39058892296,8.4513305852e-06
47131,3.39058845499,8.39571466198e-06
47240,3.39058826196,8.34083393681e-06
47348,3.39058774439,8.28679823919e-06
47458,3.39058750059,8.23373031082e-06
47567,3.39058709598,8.18176985556e-06
47677,3.39058665396,8.13106683919e-06
47787,3.39058647151,8.08177821116e-06
47897,3.39058595893,8.03406486046e-06
48007,3.39058570923,7.98808004441e-06
48118,3.39058522853,7.94396750845e-06
48229,3.39058497154,7.90184929506e-06
48340,3.39058455941,7.86182307351e-06
48451,3.39058423123,7.82395300389e-06
48563,3.39058377965,7.7882681363e-06
48675,3.39058361179,7.75475792137e-06
48787,3.39058323194,7.72337588859e-06
48900,3.39058294264,7.69403813877e-06
49012,3.3905826286,7.66663048497e-06
49125,3.39058230244,7.64101310453e-06
49239,3.39058175545,7.61702823411e-06
49352,3.39058163629,7.59450506722e-06
49466,3.39058117718,7.57327202535e-06
49580,3.39058094815,7.55315709163e-06
49694,3.39058048366,7.53399861328e-06
49809,3.39058019366,7.51564526915e-06
49924,3.39057983527,7.49796236608e-06
50039,3.39057964805,7.48083091323e-06
50154,3.3905792238,7.46415056727e-06
50270,3.39057888727,7.44783608808e-06
50386,3.39057844618,7.43181890216e-06
50502,3.39057837807,7.41604284432e-06
50618,3.39057806029,7.40046614936e-06
50735,3.39057776611,7.38505513645e-06
50852,3.39057738478,7.3697851493e-06
50969,3.3905771491,7.3546372787e-06
51086,3.39057664839,7.33959903858e-06
51204,3.39057661002,7.32465927621e-06
51322,3.39057640011,7.30981259387e-06
51441,3.39057600156,7.29505428634e-06
51559,3.39057568358,7.2803804719e-06
51678,3.3905754472,7.26578884747e-06
51797,3.3905749305,7.25127856747e-06
51917,3.39057477898,7.23684708605e-06
52036,3.39057454007,7.22249450747e-06
52156,3.3905740897,7.20822042419e-06
52276,3.3905739442,7.19402319109e-06
52397,3.39057380079,7.1799029828e-06
52518,3.39057337424,7.16585997761e-06
52639,3.39057312179,7.15189280881e-06
52760,3.39057290032,7.13800139356e-06
52882,3.3905726415,7.12418549288e-06
53004,3.39057235606,7.11044469778e-06
53126,3.39057199652,7.09677871368e-06
53248,3.3905718501,7.08318653463e-06
53371,3.39057151578,7.06966858023e-06
53494,3.39057118997,7.05622400399e-06
53617,3.3905709088,7.04285227748e-06
53741,3.39057082973,7.02955260196e-06
53865,3.39057032829,7.01632577923e-06
53989,3.39057003743,7.00316998383e-06
54114,3.39056969253,6.99008523037e-06
54238,3.39056952413,6.97707049081e-06
54363,3.39056911669,6.964126049e-06
54489,3.39056898765,6.95125025231e-06
54614,3.3905689871,6.93844280588e-06
54740,3.39056849339,6.9257043622e-06
54866,3.39056854857,6.91303216059e-06
54993,3.39056795087,6.90042801268e-06
55120,3.39056772394,6.88788918396e-06
55247,3.39056755537,6.8754156591e-06
55374,3.39056749147,6.86300668913e-06
55502,3.39056717509,6.8506623402e-06
55630,3.39056687525,6.83838141182e-06
55758,3.3905666292,6.82616317765e-06
55886,3.39056650846,6.8140068487e-06
56015,3.39056603631,6.80191274462e-06
56144,3.39056597805,6.78987870074e-06
56274,3.39056579876,6.77790517427e-06
56404,3.39056548554,6.76599158675e-06
56534,3.39056520931,6.75413700908e-06
56664,3.390564864,6.74234108269e-06
56795,3.39056472357,6.7306027124e-06
56925,3.39056467813,6.71892158831e-06
57057,3.39056435357,6.70729794404e-06
57188,3.39056413322,6.69573053612e-06
57320,3.39056373798,6.68421945738e-06
57452,3.39056333399,6.67276394699e-06
57585,3.39056339467,6.66136267041e-06
57717,3.39056305169,6.6500169603e-06
57850,3.39056305391,6.63872500251e-06
57984,3.39056264838,6.62748796268e-06
58117,3.39056244506,6.61630437541e-06
58251,3.39056233889,6.60517422111e-06
58386,3.39056221522,6.59409755163e-06
58520,3.39056197928,6.58307444616e-06
58655,3.39056169975,6.57210475194e-06
58790,3.39056133651,6.5611886392e-06
58926,3.39056093188,6.55032626386e-06
59062,3.39056093546,6.53951718662e-06
59198,3.39056082082,6.5287630995e-06
59334,3.39056082558,6.51806453545e-06
59471,3.39056026217,6.50742420816e-06
59608,3.39056026808,6.49684182897e-06
59746,3.39055976834,6.4863219765e-06
59883,3.39055941986,6.47586665991e-06
60021,3.39055951178,6.46547949113e-06
60160,3.39055935991,6.45516697868e-06
60299,3.39055920126,6.44493505467e-06
60438,3.39055888317,6.43479170461e-06
60577,3.39055883177,6.42474522523e-06
60716,3.39055861852,6.41480699726e-06
60856,3.39055831731,6.40498889554e-06
60997,3.39055809587,6.39530396661e-06
61137,3.39055811871,6.38576640545e-06
61278,3.39055769146,6.37639283174e-06
61420,3.39055763807,6.3671973419e-06
61561,3.39055752065,6.35819612511e-06
61703,3.39055719118,6.34940377832e-06
61845,3.39055703031,6.34083197129e-06
61988,3.39055634273,6.33249145362e-06
62131,3.39055660254,6.32438492743e-06
62274,3.39055630537,6.31651559052e-06
62418,3.39055605742,6.30887661006e-06
62561,3.39055589738,6.30145522116e-06
62706,3.39055556864,6.29423150348e-06
62850,3.39055561829,6.28717588719e-06
62995,3.39055537938,6.28025276309e-06
63140,3.39055513637,6.27341668679e-06
63286,3.3905547905,6.26661546004e-06
63432,3.39055460333,6.25978973753e-06
63578,3.39055488468,6.25287494039e-06
63725,3.39055454336,6.24580555841e-06
63871,3.39055426594,6.23851114097e-06
64019,3.39055393622,6.23092304465e-06
64166,3.39055397999,6.22297397354e-06
64314,3.3905536938,6.2146029956e-06
64462,3.39055365624,6.20575289692e-06
64611,3.39055292078,6.19637686604e-06
64760,3.39055312315,6.18643221298e-06
64909,3.39055299296,6.17589130396e-06
65059,3.39055265191,6.16473425874e-06
65209,3.3905528172,6.15295065223e-06
65359,3.39055260823,6.14054344946e-06
65510,3.39055256115,6.12752325353e-06
65661,3.39055211737,6.11391242405e-06
65812,3.39055215861,6.09973995886e-06
65964,3.39055222945,6.08504593046e-06
66116,3.39055156678,6.0698790333e-06
66268,3.39055144831,6.05429181915e-06
66421,3.39055143543,6.03834688705e-06
66574,3.39055116984,6.02211309412e-06
66728,3.39055097117,6.00566388536e-06
66882,3.39055073737,5.98907852713e-06
67036,3.39055093847,5.9724394454e-06
67190,3.39055029068,5.9558351913e-06
67345,3.39055023481,5.93935114212e-06
67500,3.39055050489,5.92307560226e-06
67656,3.39055005784,5.90709615341e-06
67812,3.39055009763,5.89149216094e-06
67968,3.39054981524,5.87633984277e-06
68125,3.39054949099,5.86170447103e-06
68282,3.3905493858,5.84764004144e-06
68440,3.39054881324,5.83418888592e-06
68597,3.39054927695,5.82137472765e-06
68755,3.39054908526,5.80921099445e-06
68914,3.39054870328,5.79769135181e-06
69073,3.39054856489,5.78679397693e-06
69232,3.39054848385,5.77648383163e-06
69392,3.39054797653,5.76671409342e-06
69552,3.39054814142,5.75742556079e-06
69712,3.39054776641,5.74855632893e-06
69873,3.39054779191,5.74003751786e-06
70034,3.39054770758,5.73180275193e-06
70195,3.39054761197,5.72378785762e-06
70357,3.39054720064,5.71593540438e-06
70519,3.39054712762,5.70819470764e-06
70682,3.39054661147,5.70052752027e-06
70845,3.39054707516,5.69290285429e-06
71008,3.3905468417,5.68530613792e-06
71172,3.39054645429,5.67772984444e-06
71336,3.39054625356,5.6701765682e-06
71500,3.39054639455,5.66265754426e-06
71665,3.39054642395,5.6551915967e-06
71830,3.39054596661,5.64780207806e-06
71996,3.39054575032,5.64051324142e-06
72162,3.39054538638,5.63335212674e-06
72328,3.39054570564,5.62634306907e-06
72495,3.39054562303,5.61951158356e-06
72662,3.39054520725,5.6128782584e-06
72829,3.39054577743,5.60645792866e-06
72997,3.39054498733,5.60026744342e-06
73166,3.39054490562,5.59431221753e-06
73334,3.39054497578,5.58859802581e-06
73503,3.39054454381,5.58312715094e-06
73673,3.39054468671,5.57789583411e-06
73843,3.39054456261,5.57290082153e-06
74013,3.39054415279,5.56813541005e-06
74183,3.39054435891,5.5635898483e-06
74354,3.39054381622,5.55925708509e-06
74526,3.39054394088,5.55512494569e-06
74698,3.39054348391,5.55118545714e-06
74870,3.39054352226,5.54742698492e-06
75042,3.3905433945,5.54384113681e-06
75215,3.39054289094,5.54041935233e-06
75389,3.39054320378,5.53715146983e-06
75563,3.39054280303,5.53403252836e-06
75737,3.39054229831,5.53105484464e-06
75911,3.39054290896,5.52821050307e-06
76086,3.39054265048,5.52549753204e-06
76262,3.39054268488,5.52290948681e-06
76438,3.39054242454,5.52044335987e-06
76614,3.39054155792,5.51809619537e-06
76790,3.39054208512,5.51586169217e-06
76967,3.39054218804,5.51374009186e-06
77145,3.39054176332,5.51172908612e-06
77323,3.39054127371,5.50982560608e-06
77501,3.39054204911,5.5080252573e-06
77680,3.39054153303,5.50632997081e-06
77859,3.39054133272,5.50473486049e-06
78038,3.39054067436,5.50323880127e-06
78218,3.390540684,5.50183743165e-06
78398,3.39054068227,5.50052913294e-06
78579,3.39054072305,5.49931088253e-06
78760,3.39054090132,5.49817936236e-06
78942,3.39053997849,5.49713318264e-06
79124,3.39054081192,5.4961640833e-06
79306,3.39053960662,5.49527437468e-06
79489,3.39053952193,5.49445490213e-06
79672,3.39053983166,5.49370264972e-06
79856,3.39053965808,5.49301472474e-06
80040,3.39053976747,5.49238549317e-06
80225,3.39054041941,5.49181011372e-06
80410,3.39053994098,5.49128689846e-06
80595,3.39053949188,5.49080964818e-06
80781,3.3905397109,5.49037313883e-06
80967,3.39053900733,5.48997594027e-06
81154,3.39053861273,5.48961228599e-06
81341,3.39053902053,5.48927788521e-06
81528,3.39053934091,5.48897100829e-06
81716,3.39053849566,5.48869058738e-06
81904,3.39053939486,5.48842948444e-06
82093,3.39053949893,5.48818979127e-06
82283,3.3905387816,5.48796995289e-06
82472,3.39053812413,5.48776737388e-06
82662,3.39053765534,5.4875811042e-06
82853,3.39053843659,5.48740910346e-06
83044,3.39053789572,5.4872556154e-06
83235,3.39053740946,5.48711887456e-06
83427,3.39053713946,5.48699943677e-06
83619,3.39053754487,5.48689769935e-06
83812,3.39053766166,5.48681664995e-06
84005,3.39053796856,5.48675719003e-06
84199,3.39053774725,5.48672236647e-06
84393,3.39053729954,5.48671374228e-06
84588,3.39053760888,5.48673190285e-06
84783,3.39053644883,5.4867827129e-06
84978,3.3905374799,5.48686255637e-06
85174,3.39053635168,5.48698078991e-06
85370,3.39053729109,5.48713286437e-06
85567,3.39053673102,5.4873267877e-06
85765,3.39053637282,5.4875619582e-06
85962,3.39053731616,5.4878386404e-06
86160,3.39053572383,5.48816496257e-06
86359,3.39053585294,5.48853580873e-06
86558,3.3905371095,5.48895375935e-06
86758,3.39053585892,5.48942615444e-06
86958,3.39053579239,5.48994830558e-06
87158,3.39053579177,5.49052313953e-06
87359,3.39053534697,5.49115242935e-06
87560,3.39053654436,5.49183357662e-06
87762,3.3905349202,5.49257443142e-06
87965,3.39053538724,5.49336750261e-06
88167,3.39053491036,5.49421802911e-06
88371,3.39053563306,5.49512272506e-06
88574,3.39053552269,5.49608494792e-06
88778,3.39053553996,5.49710309155e-06
88983,3.39053507981,5.49817798643e-06
89188,3.39053530996,5.49930749854e-06
89394,3.39053478313,5.50049365595e-06
89600,3.3905345754,5.50173432628e-06
89806,3.39053501645,5.50302852956e-06
90014,3.39053463809,5.50437815621e-06
90221,3.39053410142,5.50578160261e-06
90429,3.39053515557,5.50723546629e-06
90637,3.39053439598,5.50874469219e-06
90846,3.39053371525,5.51030560621e-06
91056,3.39053443215,5.5119154534e-06
91266,3.39053349179,5.51357858356e-06
91476,3.39053462602,5.51528831216e-06
91687,3.3905333011,5.51705140011e-06
91898,3.390532917,5.51886171038e-06
92110,3.39053398605,5.52071780967e-06
92323,3.39053447134,5.52262242705e-06
92535,3.39053369979,5.52457608669e-06
92749,3.39053399091,5.52657445059e-06
92962,3.39053421105,5.52861882096e-06
93177,3.39053258424,5.5307115659e-06
93392,3.39053345491,5.53284508628e-06
93607,3.39053328515,5.53502465564e-06
93823,3.3905326857,5.5372487969e-06
94039,3.39053407448,5.53951309435e-06
94256,3.39053289081,5.54182454731e-06
94473,3.39053157908,5.54417872753e-06
94691,3.39053242986,5.54657146574e-06
94909,3.39053162716,5.54900859367e-06
95128,3.39053210555,5.55148491388e-06
95347,3.39053320733,5.55400111695e-06
95567,3.39053342967,5.55655929197e-06
95787,3.39053184873,5.55916059421e-06
96008,3.39053209207,5.56179872603e-06
96229,3.39053195562,5.56447695894e-06
96451,3.39053139965,5.56719502661e-06
96674,3.39053115002,5.56995141371e-06
96896,3.39053194239,5.57274459438e-06
97120,3.39053229532,5.57557669366e-06
97344,3.39053126453,5.57844896477e-06
97568,3.39053174916,5.58135634374e-06
97793,3.39053118723,5.58430275739e-06
98018,3.39053200556,5.58728392605e-06
98244,3.39053080834,5.59030516705e-06
98471,3.39053250401,5.59335811541e-06
98698,3.39053183314,5.5964511761e-06
98925,3.39053124991,5.59958003839e-06
99153,3.39053092586,5.6027441585e-06
99382,3.39052974495,5.6059451247e-06
99611,3.39053127273,5.60917678788e-06
99841,3.39053068815,5.61244687107e-06
100071,3.39052959605,5.61575247578e-06
100302,3.39053137821,5.61908775523e-06
100533,3.39053166956,5.62245969827e-06
100765,3.39053204368,5.62586545968e-06
100997,3.39053067291,5.62930783723e-06
101230,3.39053148033,5.63278008445e-06
101464,3.39053158839,5.63628674577e-06
101697,3.39052986536,5.63982947527e-06
101932,3.39053037742,5.64340128179e-06
102167,3.39053043198,5.64700641534e-06
102402,3.39052992945,5.65064481727e-06
102638,3.39052965385,5.6543149571e-06
102875,3.39052924137,5.6580172175e-06
103112,3.39053200135,5.66174585014e-06
103350,3.39053023388,5.66551348919e-06
103588,3.39052846741,5.66931235694e-06
103827,3.39053043789,5.67313598224e-06
104066,3.3905301454,5.67699417915e-06
104306,3.3905288987,5.68088454389e-06
104547,3.39052963412,5.6848019384e-06
104788,3.39052814607,5.68875319457e-06
105029,3.3905313198,5.69272654277e-06
105271,3.3905297752,5.69673751041e-06
105514,3.39053091529,5.70077345088e-06
105757,3.39052978988,5.70484246814e-06
106001,3.39052816684,5.70894137854e-06
106245,3.3905275114,5.71306750038e-06
106490,3.39052958604,5.7172176441e-06
106736,3.39053122985,5.72139691997e-06
106982,3.39052715797,5.72561404103e-06
107228,3.39052755111,5.7298516113e-06
107476,3.39052976056,5.73411388169e-06
107723,3.39052925188,5.73840830857e-06
107972,3.39052936199,5.74272903989e-06
108221,3.39052905954,5.74707761172e-06
108470,3.39053000888,5.75145099342e-06
108720,3.39052771358,5.7558566053e-06
108971,3.39052812235,5.76028414642e-06
109222,3.39052747767,5.7647397886e-06
109474,3.39052770974,5.76922004638e-06
109726,3.3905284577,5.7737253265e-06
109979,3.39052812113,5.77825815122e-06
110233,3.39052783971,5.78281637896e-06
110487,3.39052799895,5.78739915051e-06
110741,3.39052964089,5.79200448419e-06
110997,3.39052858144,5.79663932863e-06
111253,3.39052903673,5.80129628362e-06
111509,3.39052852602,5.80597939477e-06
111766,3.39052843539,5.81068609573e-06
112024,3.39052658415,5.81541993134e-06
112282,3.3905292389,5.82016995939e-06
112541,3.3905275778,5.82495112573e-06
112800,3.39052957292,5.82974955139e-06
113060,3.39052614741,5.83458065203e-06
113321,3.39052971401,5.8394228854e-06
113582,3.39052654663,5.84429969516e-06
113844,3.39052763895,5.84919195979e-06
114106,3.39052807974,5.85410795696e-06
114369,3.39052761934,5.85904793859e-06
114633,3.39052666618,5.86401102108e-06
114897,3.39052751739,5.86899305035e-06
115162,3.39052675389,5.87399976315e-06
115428,3.39052632037,5.87902761703e-06
115694,3.39052807533,5.88407320879e-06
115960,3.39052671392,5.88914556754e-06
116228,3.39052588927,5.89423818232e-06
116496,3.39052519247,5.89935158916e-06
116764,3.39052835672,5.90447911425e-06
117033,3.39052488491,5.90963886534e-06
117303,3.39052573168,5.91481159242e-06
117574,3.39052490439,5.9200075702e-06
117845,3.39052771656,5.92521735278e-06
118116,3.39052577474,5.93045543761e-06
118389,3.39052825438,5.93570561766e-06
118662,3.39052824347,5.94097981882e-06
118935,3.39052665585,5.94627628607e-06
119209,3.39052512622,5.95159199426e-06
119484,3.39052710878,5.95692071224e-06
119759,3.39052753436,5.96227117634e-06
120036,3.39052594691,5.96764403626e-06
120312,3.39052590343,5.9730328758e-06
120590,3.39052503955,5.97844169802e-06
120868,3.39052442693,5.98386845772e-06
121146,3.39052631343,5.98930902595e-06
121425,3.39052586163,5.99477178754e-06
121705,3.39052465152,6.00025380235e-06
121986,3.39052718753,6.00574694073e-06
122267,3.39052497503,6.01126609131e-06
122549,3.3905245127,6.01679959189e-06
122832,3.3905278115,6.0223437098e-06
123115,3.39052571827,6.02791454824e-06
123398,3.390528473,6.03349376095e-06
123683,3.39052506271,6.03910078998e-06
123968,3.39052429589,6.04471981279e-06
124254,3.39052712324,6.05034897132e-06
124540,3.39052372251,6.05600564397e-06
124827,3.39052367205,6.06167259052e-06
125115,3.39052370908,6.06735548665e-06
125404,3.39052781102,6.07304706206e-06
125693,3.39052541289,6.07876609297e-06
125982,3.39052787402,6.08449208308e-06
126273,3.39052636356,6.09024072663e-06
126564,3.39052469441,6.09600504557e-06
126856,3.39052641472,6.10177851307e-06
127148,3.39052510426,6.1075725354e-06
127441,3.39052900211,6.11337213144e-06
127735,3.39052678461,6.1191975709e-06
128029,3.3905241205,6.12503850489e-06
128324,3.3905270391,6.13088389406e-06
128620,3.39052526198,6.13675217448e-06
128917,3.39052558189,6.1426309259e-06
129214,3.39052520131,6.14852507293e-06
129512,3.39052550844,6.15443196213e-06
129811,3.39052485823,6.16035444206e-06
130110,3.39052303095,6.16629278096e-06
130410,3.39052376039,6.17224005185e-06
130710,3.39052527594,6.17819933186e-06
131012,3.39052489826,6.18417536833e-06
131314,3.39052603501,6.19016181455e-06
131616,3.39052459829,6.19616599791e-06
131920,3.39052256192,6.20218418645e-06
132224,3.39052449927,6.20820787432e-06
132529,3.39052417226,6.21424833861e-06
132834,3.39052478441,6.22029957918e-06
133140,3.39052271688,6.22636810141e-06
133447,3.39052783452,6.23243565083e-06
133755,3.39052499442,6.23852991589e-06
134063,3.39052753113,6.24462624412e-06
134372,3.39052119983,6.25075073178e-06
134682,3.3905209667,6.25687567154e-06
134993,3.39052406281,6.26300600791e-06
135304,3.39052829915,6.26914563246e-06
135616,3.39052492888,6.27531058947e-06
135928,3.39052533811,6.28147968678e-06
136242,3.39052407399,6.28766287613e-06
136556,3.39052458109,6.29385363188e-06
136871,3.39052436108,6.3000564452e-06
137186,3.39052162298,6.30627450897e-06
137502,3.39052356695,6.31249428865e-06
137819,3.39052568459,6.31872401647e-06
138137,3.39052446887,6.32497008878e-06
138455,3.39052306812,6.33122649916e-06
138775,3.39052355088,6.3374892353e-06
139094,3.39052384276,6.34376202019e-06
139415,3.3905251172,6.3500425084e-06
139737,3.3905218803,6.35634084434e-06
140059,3.39052297324,6.36264031118e-06
140382,3.39052424137,6.36894853753e-06
140705,3.39052196887,6.3752723569e-06
141029,3.39052744573,6.38159038591e-06
141355,3.39052653082,6.38792906967e-06
141680,3.39052219623,6.39428268399e-06
142007,3.39052693468,6.40062750874e-06
142334,3.39052548239,6.40699218019e-06
142663,3.39052210778,6.41336850237e-06
142991,3.39052301101,6.41974458906e-06
143321,3.39052439053,6.42612746336e-06
143651,3.39052235676,6.43252434356e-06
143983,3.39051970013,6.43892979102e-06
144314,3.39052611601,6.44532521955e-06
144647,3.39052420362,6.45174353006e-06
144981,3.39051772183,6.45817745083e-06
145315,3.39052128749,6.46459897901e-06
145650,3.3905221786,6.47103217896e-06
145986,3.39052474274,6.47746860083e-06
146322,3.39052630326,6.48391319486e-06
146659,3.39052343141,6.49037237159e-06
146997,3.39052150622,6.49683569085e-06
147336,3.39052739311,6.5032898209e-06
147676,3.39052535911,6.50976476668e-06
148016,3.39052098856,6.51624968419e-06
148358,3.39052316723,6.52272733607e-06
148700,3.39052309926,6.52921446765e-06
149042,3.39052286054,6.53570693551e-06
149386,3.39052158944,6.54220624934e-06
149730,3.39052380579,6.54870353216e-06
150076,3.39051854471,6.5552198113e-06
150421,3.39052538064,6.56171709615e-06
150768,3.39052246218,6.56823749838e-06
151116,3.39052042271,6.57476030569e-06
151464,3.39052750937,6.58126935701e-06
151813,3.39052321285,6.58780430298e-06
152163,3.39051931074,6.59434215766e-06
152514,3.39052444864,6.6008659432e-06
152866,3.39052148871,6.60740886293e-06
153218,3.39052742536,6.61393767138e-06
153571,3.3905259354,6.62048405083e-06
153925,3.39052856049,6.62702534707e-06
154280,3.39052250793,6.6335864286e-06
154636,3.39051959753,6.64014406222e-06
154992,3.39052462409,6.64668869648e-06
155350,3.39052138387,6.65325195002e-06
155708,3.3905211841,6.65981153019e-06
156067,3.3905229153,6.66636947197e-06
156426,3.39052081694,6.67293697427e-06
156787,3.39052512499,6.67949376837e-06
157148,3.39052049754,6.68606994715e-06
157511,3.39052221988,6.69263526823e-06
157874,3.39051785257,6.69921415278e-06
158238,3.39051696934,6.7057875823e-06
158602,3.39052013621,6.71235429872e-06
158968,3.39052448146,6.71891985379e-06
159335,3.39052310684,6.7254978103e-06
159702,3.39052319113,6.73207383547e-06
160070,3.3905179144,6.738661365e-06
160439,3.39052237653,6.74523028103e-06
160809,3.39052407742,6.75180531226e-06
161180,3.39052033607,6.75839171351e-06
161551,3.39051895236,6.76497385004e-06
161923,3.39052996007,6.77153156665e-06
162297,3.39052180919,6.77812776374e-06
162671,3.39052190567,6.7847076128e-06
163046,3.39051769666,6.79129611244e-06
163422,3.390514823,6.79788188277e-06
163798,3.39052239742,6.80444653393e-06
164176,3.39052882818,6.81101319912e-06
164555,3.39052388685,6.8176023617e-06
164934,3.39052356224,6.82418181808e-06
165314,3.39051947691,6.83076833189e-06
165695,3.39051743798,6.83735012874e-06
166077,3.39052520663,6.84391144637e-06
166460,3.39052215782,6.8504938178e-06
166844,3.39052443248,6.85706458124e-06
167228,3.39051745808,6.86365312639e-06
167614,3.39051786483,6.87022573127e-06
168000,3.39052415791,6.87678530839e-06
168388,3.39051996177,6.88336499386e-06
168776,3.39052144806,6.8899319125e-06
169165,3.39052082966,6.89650179861e-06
169555,3.39052090423,6.90306889777e-06
169946,3.39052204545,6.90963237518e-06
170337,3.39052066735,6.91619947165e-06
170730,3.39051954121,6.92276447692e-06
171124,3.39052534056,6.92931368544e-06
171518,3.39051737881,6.93588931105e-06
171913,3.39053021688,6.94242060409e-06
172310,3.39052251986,6.94899209989e-06
172707,3.39051957718,6.95555197718e-06
173105,3.39051378037,6.96211577289e-06
173504,3.3905228534,6.9686470172e-06
173904,3.39052475161,6.97519091943e-06
174305,3.39051512713,6.98175641907e-06
174707,3.3905230626,6.98828358582e-06
175110,3.39052591632,6.99481897628e-06
175513,3.39052230495,7.00136542461e-06
175918,3.39051262932,7.00792208915e-06
176323,3.39052413766,7.01443258304e-06
176730,3.39051726085,7.02097867376e-06
177137,3.39051283778,7.02751722743e-06
177546,3.39052454153,7.03401981691e-06
177955,3.39051852515,7.04055658818e-06
178365,3.39051774226,7.04707989072e-06
178776,3.39051682548,7.05360081692e-06
179188,3.39052120229,7.06010802317e-06
179601,3.39051271037,7.06663929171e-06
180015,3.39052287217,7.07312889508e-06
180430,3.39052460188,7.07963324302e-06
180846,3.39052485432,7.08613780932e-06
181263,3.3905237966,7.09264221453e-06
181681,3.39051495752,7.09915997819e-06
182100,3.3905197807,7.10564616795e-06
182520,3.3905231611,7.11213235445e-06
182941,3.39052224645,7.11862449919e-06
183362,3.39052945192,7.12509650204e-06
183785,3.39051987639,7.13160065923e-06
184209,3.39051401008,7.1380938958e-06
184633,3.39052087517,7.14455714609e-06
185059,3.39052086073,7.15103166719e-06
185485,3.39051745767,7.15751009776e-06
185913,3.39051704268,7.16397895285e-06
186342,3.3905232617,7.17043047464e-06
186771,3.39052352445,7.17689124611e-06
187202,3.39051819307,7.183360505e-06
187633,3.39052103464,7.18980906078e-06
188066,3.39051645635,7.19626993392e-06
188499,3.39052318733,7.20270335164e-06
188934,3.39052878168,7.20913568567e-06
189369,3.39052781458,7.21557846072e-06
189806,3.39052204528,7.22202794062e-06
190244,3.39053013782,7.22844433595e-06
190682,3.39051915766,7.23489781981e-06
191122,3.39051460483,7.24133401401e-06
191562,3.39051790936,7.24774980022e-06
192004,3.39051730304,7.25417028807e-06
192446,3.39052519216,7.26056890843e-06
192890,3.39052092281,7.26698985734e-06
193335,3.3905250456,7.27338909484e-06
193780,3.3905198186,7.27980464393e-06
194227,3.39053181839,7.28617942181e-06
194675,3.39052316105,7.29259479181e-06
195124,3.3905228798,7.29898834684e-06
195573,3.39051645777,7.30539129599e-06
196024,3.39051450382,7.31178077355e-06
196476,3.39051933918,7.31815172216e-06
196929,3.39051848105,7.32453104847e-06
197383,3.39051802002,7.33090559411e-06
197838,3.39052990673,7.33724947373e-06
198294,3.39051874174,7.34363926916e-06
198751,3.3905222394,7.34999333188e-06
199209,3.39052250289,7.35635038871e-06
199669,3.39051180164,7.36272722451e-06
200129,3.39052118298,7.36905640084e-06
200590,3.39051679821,7.37541141553e-06
201053,3.39051460021,7.38175759317e-06
201516,3.3905215241,7.38807978909e-06
201981,3.39052027177,7.39441565749e-06
202446,3.39052340716,7.40073779966e-06
202913,3.39052188769,7.40706592561e-06
203381,3.39050995373,7.41341263485e-06
203850,3.39051261786,7.41972322857e-06
204320,3.39052637969,7.42600527203e-06
204791,3.39051824244,7.43233101522e-06
205263,3.3905142294,7.4386434668e-06
205736,3.39052522731,7.44491867864e-06
206210,3.39052110967,7.45122275531e-06
206685,3.39051022982,7.45753738806e-06
207162,3.39051526794,7.46381266711e-06
207639,3.39051674441,7.47009140248e-06
208118,3.3905092304,7.47638556552e-06
208598,3.39051415484,7.48264789433e-06
209079,3.39052241628,7.48889840371e-06
209561,3.39052616174,7.49515441583e-06
210044,3.39052011637,7.50142760684e-06
210528,3.39052115745,7.50768064016e-06
211013,3.39051663048,7.5139415018e-06
211500,3.39051097264,7.52020036182e-06
211987,3.39052804437,7.52640424092e-06
212476,3.39051891178,7.53266171034e-06
212966,3.39052557631,7.53887950484e-06
213457,3.39052187116,7.545115749e-06
213949,3.39051331176,7.55135819744e-06
214442,3.39051365673,7.55757618991e-06
214936,3.39053198821,7.56374939809e-06
215432,3.39051689235,7.5699924959e-06
215928,3.39050928527,7.57621422105e-06
216426,3.39052006536,7.58239014142e-06
216925,3.39051963203,7.5885863898e-06
217425,3.39052157314,7.59477257287e-06
217926,3.39050858286,7.60098745672e-06
218429,3.39052588915,7.60712962951e-06
218932,3.39053166547,7.6132928288e-06
219437,3.39053480278,7.61945711964e-06
219943,3.39051081683,7.62567756702e-06
220450,3.3905244806,7.63180850275e-06
220958,3.39051168873,7.63799411785e-06
221467,3.39051873377,7.64413017037e-06
221978,3.39052164163,7.65027063054e-06
222490,3.39051305967,7.65643210821e-06
223003,3.39052121819,7.66255084937e-06
223517,3.39051858779,7.66868901344e-06
224032,3.39052867445,7.67479343495e-06
224548,3.39052013355,7.680935038e-06
225066,3.3905192689,7.68705427183e-06
225585,3.39052173919,7.69316093034e-06
226105,3.39050324924,7.69931015094e-06
226626,3.39052360018,7.70536612624e-06
227149,3.39052859664,7.7114518959e-06
227672,3.39051386452,7.7175774848e-06
228197,3.39052179611,7.72364641512e-06
228723,3.390532862,7.7297030746e-06
229250,3.3905026815,7.73584869181e-06
229779,3.39052188919,7.74187652075e-06
230308,3.39051408004,7.74796088298e-06
230839,3.39051145029,7.75402827881e-06
231372,3.39052559357,7.76005213299e-06
231905,3.39050914886,7.76614082585e-06
232439,3.39051945013,7.77216308103e-06
232975,3.39053624729,7.77816520004e-06
233512,3.39053391363,7.78420597222e-06
234051,3.39050041649,7.790313136e-06
234590,3.3905111011,7.79631359432e-06
235131,3.39051976952,7.80231341292e-06
235673,3.39051487282,7.80833918923e-06
236216,3.39051586168,7.81434615608e-06
236761,3.39049900963,7.82038899852e-06
237307,3.39051964376,7.82634008932e-06
237854,3.39051667799,7.83234033428e-06
238402,3.3905252979,7.83830850601e-06
238952,3.39053003367,7.84428032549e-06
239502,3.39053257305,7.85025189712e-06
240055,3.3905421663,7.85620179062e-06
240608,3.39052548819,7.86220723752e-06
241163,3.39051802396,7.86818602123e-06
241718,3.39053766167,7.8740965426e-06
242276,3.39051133149,7.88010847684e-06
242834,3.39052304198,7.8860266636e-06
243394,3.3905053556,7.89200786811e-06
243955,3.39052494826,7.89789692281e-06
244517,3.3905246511,7.90382689628e-06
245081,3.39051942121,7.90976299383e-06
245646,3.3905030606,7.91571970645e-06
246212,3.39051155804,7.92161300297e-06
246780,3.39052769196,7.92748301569e-06
247349,3.39050888483,7.93342932667e-06
247919,3.39050825336,7.93932773523e-06
248491,3.39050255802,7.94523260149e-06
249063,3.39049867119,7.95112783205e-06
249638,3.39053919592,7.95691343235e-06
250213,3.39051934654,7.96283526404e-06
250790,3.39050272339,7.96874415993e-06
251368,3.39049276129,7.97463202196e-06
251947,3.3905308581,7.98040137284e-06
252528,3.39051951177,7.98628162678e-06
253110,3.39051523202,7.99213983381e-06
253694,3.39053775783,7.99792939395e-06
254279,3.39049265439,8.00387309508e-06
254865,3.39051840776,8.00964413082e-06
255452,3.39052803492,8.01544777224e-06
256041,3.39049317617,8.02135119626e-06
256630,3.39051221768,8.02712170074e-06
257223,3.39052947408,8.03289094229e-06
257815,3.39050124485,8.03876254276e-06
258410,3.39050316273,8.04455728707e-06
259005,3.39054070669,8.05026201414e-06
259603,3.39052046253,8.05609850182e-06
260202,3.39050961698,8.06190729504e-06
260801,3.39050331272,8.06769990645e-06
261403,3.39052081529,8.07343044145e-06
262005,3.39052142562,8.079195764e-06
262609,3.39051854012,8.08496401971e-06
263215,3.39050623658,8.09074936323e-06
263821,3.39053818567,8.09642368339e-06
264429,3.3905139202,8.10222684348e-06
265039,3.39053434311,8.10791784045e-06
265650,3.39053242963,8.11365684684e-06
266262,3.3905293262,8.11939334252e-06
266876,3.39053130728,8.1251123043e-06
267491,3.39053803209,8.13081453112e-06
268108,3.39054428168,8.13651253119e-06
268726,3.3905248262,8.14226690353e-06
269346,3.39050879333,8.1480077889e-06
269967,3.39051390588,8.15369255774e-06
270589,3.39053243824,8.159339705e-06
271213,3.39053234423,8.16502634644e-06
271838,3.39053482913,8.17070148404e-06
272464,3.39051582354,8.1764231598e-06
273093,3.3905427249,8.18202884825e-06
273722,3.39052292377,8.18774197149e-06
274353,3.39051433803,8.1934228143e-06
274986,3.39053030182,8.19903908741e-06
275619,3.39054742707,8.20464727797e-06
276255,3.39052722688,8.21034059058e-06
276892,3.39050253897,8.21603965363e-06
277530,3.39049793293,8.22168492426e-06
278170,3.39053113946,8.22723329216e-06
278811,3.39052280202,8.23287727884e-06
279454,3.39051334329,8.23851888476e-06
280098,3.39053672701,8.24407554787e-06
280744,3.39052082138,8.24972263025e-06
281391,3.3905517384,8.2552506771e-06
282039,3.39050188506,8.26097034913e-06
282690,3.39051424953,8.26653344205e-06
283341,3.3905139111,8.27212245593e-06
283994,3.39052606421,8.27767596174e-06
284649,3.39051155474,8.28328957321e-06
285305,3.39051221745,8.28886116751e-06
285963,3.39052807132,8.29439064357e-06
286622,3.39051770305,8.29997932667e-06
287283,3.39049918531,8.30558309584e-06
287945,3.39055034524,8.31101123689e-06
288609,3.39053342685,8.31660133151e-06
289274,3.39051621504,8.3221873567e-06
289941,3.39050795231,8.32774663534e-06
290610,3.39051008078,8.33327560224e-06
291279,3.39051532249,8.33879213023e-06
291951,3.39050950472,8.3443311087e-06
292624,3.39055005167,8.34975119852e-06
293299,3.39051177175,8.35536070977e-06
293975,3.39050944549,8.3608770116e-06
294652,3.39052462422,8.36634547773e-06
295332,3.39052353641,8.37184943842e-06
296012,3.39053366441,8.37732109632e-06
296695,3.39049934439,8.38289804986e-06
297379,3.39051763957,8.38834040278e-06
298064,3.39053295625,8.3937855611e-06
298751,3.39051172058,8.39931673992e-06
299440,3.39052789745,8.40475079442e-06
300130,3.39053568286,8.41020119116e-06
300822,3.39047465779,8.41581797013e-06
301516,3.39050441533,8.42120510342e-06
302211,3.39050698539,8.42665538454e-06
302907,3.39049795357,8.43213021502e-06
303606,3.390478146,8.43762762763e-06
304306,3.39050444563,8.44300605612e-06
305007,3.39050062851,8.44845524778e-06
305710,3.39048328442,8.45393401602e-06
306415,3.39053481406,8.45923686981e-06
307121,3.3905476757,8.46463200201e-06
307829,3.39047785514,8.47022958778e-06
308539,3.39051835409,8.47554759538e-06
309250,3.39057082448,8.48083154227e-06
309963,3.39047870859,8.48647326097e-06
