30,0.916664002283,0.0104839413064
31,0.916221490956,0.010562417725
31,0.91577684292,0.0106414935591
31,0.915330049835,0.0107211734365
31,0.914881099934,0.0108014620606
31,0.914429979961,0.0108823641883
31,0.913976680092,0.0109638845726
31,0.913521187736,0.0110460280358
31,0.91306349312,0.0111287994033
31,0.912603583029,0.0112122035791
31,0.912141444214,0.0112962455056
31,0.91167706945,0.0113809300883
31,0.911210441866,0.0114662623905
31,0.910741552922,0.0115522474098
32,0.910270388413,0.0116388902535
32,0.909796937704,0.0117261960228
32,0.909324314541,0.0118141292646
32,0.908844596134,0.0119027978015
32,0.908360215811,0.01199217609
32,0.907882846038,0.0120821146579
32,0.907392721074,0.0121728808305
32,0.906909362145,0.0122642191714
32,0.906420484856,0.0123562994094
32,0.905925303139,0.0124491386459
32,0.905428697089,0.0125426758935
32,0.904935848124,0.0126368438337
32,0.904434970507,0.0127318116922
32,0.903933393225,0.0128274828011
33,0.903429871801,0.0129238798484
33,0.902921680651,0.0130210474832
33,0.902412205145,0.0131189428219
33,0.90189900028,0.0132176068845
33,0.901385090715,0.0133170010736
33,0.900869169639,0.0134171499006
33,0.900352161785,0.0135180450304
33,0.899829295327,0.0136197639356
33,0.899306631623,0.0137222211614
33,0.898778774311,0.0138255045594
33,0.898249238968,0.0139295664977
33,0.897713789934,0.0140344788078
33,0.897183591183,0.0141400728007
34,0.89664181983,0.0142466188021
34,0.896101118955,0.0143539238383
34,0.895560638712,0.0144620063306
34,0.895032216441,0.0145706786197
34,0.894466303246,0.0146807542847
34,0.893918228013,0.014791338026
34,0.893369398419,0.0149027380566
34,0.892800122134,0.0150152911203
34,0.892262443597,0.0151281284946
34,0.891683504979,0.0152424878324
34,0.891143379806,0.0153570117727
34,0.890568925039,0.0154729601668
35,0.890004036767,0.0155895840923
35,0.889432790414,0.0157071661407
35,0.88884493403,0.0158258970766
35,0.888274171429,0.0159451846824
35,0.887697262903,0.0160654476029
35,0.88709897989,0.0161869720072
35,0.886501406268,0.0163093668488
35,0.885915192794,0.0164324399532
35,0.885322573568,0.0165565240932
35,0.884724793373,0.0166816044628
35,0.884139303776,0.0168073574631
35,0.883541466403,0.0169342553555
36,0.88292973592,0.0170623396205
36,0.882296389283,0.0171917732378
36,0.881723634809,0.0173209575365
36,0.881074644121,0.0174525792921
36,0.880478469827,0.0175841043969
36,0.879848342723,0.0177172600581
36,0.879238283537,0.0178509723915
36,0.878617443475,0.0179858688962
36,0.877990231976,0.0181218700774
36,0.877349455472,0.01825913502
36,0.876724884534,0.0183970521952
36,0.876057808543,0.0185368616001
37,0.875440466337,0.0186766239628
37,0.874781939998,0.0188182750371
37,0.874150230999,0.018960368119
37,0.873496012141,0.0191039739207
37,0.87285164308,0.0192483974081
37,0.872175077746,0.0193945745246
37,0.871523039792,0.0195412577116
37,0.870844949378,0.0196895833412
37,0.870172827562,0.0198388426107
37,0.869507933438,0.0199890097707
37,0.86883791507,0.0201403735884
37,0.868159238722,0.0202930262236
38,0.867467616725,0.0204470804469
38,0.866796772108,0.0206017490788
38,0.866109019466,0.0207579296911
38,0.865416029158,0.0209153571031
38,0.864721962855,0.0210739398625
38,0.864020259672,0.0212338466951
38,0.863313762142,0.0213950187395
38,0.862588111499,0.0215578247502
38,0.861907102789,0.0217206760171
38,0.861184583597,0.021885740647
38,0.860461550282,0.022052001499
39,0.859752439731,0.0222190928805
39,0.859028395677,0.0223877648365
39,0.858284865431,0.0225581539172
39,0.857561119868,0.0227292393857
39,0.85681413263,0.0229021652457
39,0.856089339215,0.0230757297006
39,0.855346194299,0.0232510270255
39,0.854585171732,0.0234280640997
39,0.853847414864,0.023605723227
39,0.853086269631,0.0237852962366
39,0.852327196954,0.0239660911252
40,0.85156659956,0.0241482158666
40,0.850798561985,0.0243318481867
40,0.850040526213,0.0245164979236
40,0.849264318088,0.0247029847481
40,0.848484581792,0.0248909000473
40,0.847703300478,0.0250801953892
40,0.8469078315,0.0252712568115
40,0.846135020126,0.0254629939854
40,0.845328724217,0.0256571011457
40,0.844545030123,0.0258518951171
40,0.843732746158,0.0260489463984
41,0.842928513957,0.0262471444201
41,0.842111767429,0.0264471364908
41,0.841290509447,0.0266486870701
41,0.840484276869,0.0268511835969
41,0.839656820796,0.0270557896689
41,0.838827305462,0.02726190795
41,0.838003261221,0.0274693013249
41,0.837166762535,0.0276785658296
41,0.83631425235,0.0278898387156
41,0.835472314239,0.0281022477134
42,0.834635424704,0.0283159791888
42,0.833771805057,0.0285321242641
42,0.832920763631,0.0287493579643
42,0.832053121997,0.0289686931337
42,0.831186331996,0.0291895400946
42,0.83032463321,0.0294117561775
42,0.829447699622,0.0296360712015
42,0.828556833654,0.0298624606428
42,0.827678295802,0.0300899912522
42,0.826780215934,0.0303198284951
42,0.825888217296,0.0305510515975
43,0.824985183781,0.0307843018378
43,0.824088170549,0.0310189564554
43,0.823177025875,0.0312557831655
43,0.822246880243,0.0314949910101
43,0.821354483345,0.0317344149557
43,0.820418666185,0.0319771890441
43,0.819488646142,0.0322214310026
43,0.81855875933,0.0324673681952
43,0.817616890405,0.0327154938997
43,0.816676390013,0.0329652904934
44,0.815727861267,0.0332171478829
44,0.814775358706,0.0334709168327
44,0.81382003701,0.0337265625452
44,0.812856831253,0.0339843086193
44,0.811891334313,0.0342439366474
44,0.810912649548,0.034505921663
44,0.809931705261,0.0347698182369
44,0.808938830362,0.0350360567098
44,0.807958363575,0.0353035962491
45,0.806518735572,0.0355932305393
45,0.805835839407,0.0358513996634
45,0.80527635741,0.0361056717753
45,0.803672109564,0.0364087690001
45,0.803157222708,0.0366644891475
45,0.801937049171,0.0369542180281
45,0.800623142949,0.0372504038748
45,0.799867839936,0.0375225577212
45,0.798658812597,0.0378179175319
45,0.797928858425,0.0380925116806
46,0.796686974043,0.0383934883416
46,0.795321727521,0.0387026358685
46,0.794610428469,0.03898197119
46,0.793577353501,0.0392789608161
46,0.792256278515,0.0395923487263
46,0.791501719558,0.0398794595702
46,0.790210186897,0.0401956553463
46,0.788854995164,0.0405174006959
46,0.78804967948,0.0408130032578
47,0.786711306034,0.0411383147808
47,0.785744178706,0.0414463953726
47,0.784782541923,0.0417561964626
47,0.783475745627,0.0420865457623
47,0.782459999072,0.0424034780716
47,0.781371889766,0.0427264496908
47,0.780013337771,0.0430665093064
47,0.779311773164,0.0433724231439
47,0.777737628163,0.0437291576705
48,0.776770941792,0.0440541265852
48,0.775425125633,0.0444028706564
48,0.774598147317,0.0447241183693
48,0.773438933518,0.0450666706592
48,0.772107050757,0.0454216757694
48,0.770605532454,0.0457892554505
48,0.769951771848,0.0461087178755
48,0.767970415733,0.046510256883
48,0.766805033945,0.0468652233472
49,0.765790431511,0.0472132449795
49,0.764958962497,0.0475520750854
49,0.763548031821,0.0479292596857
49,0.762754508001,0.0482700092441
49,0.761254165502,0.0486578748737
49,0.759877230488,0.0490405775756
49,0.758350927221,0.049435675128
49,0.757177702211,0.0498103985447
49,0.755880276738,0.0501957998182
50,0.754706247332,0.0505755233279
50,0.753516148781,0.0509587825682
50,0.751893421835,0.0513740614063
50,0.750899390036,0.0517490369103
50,0.749082220672,0.0521835464429
50,0.748310843489,0.0525478894445
50,0.746829912434,0.0529645132882
50,0.745565923344,0.0533685140516
50,0.743997324548,0.0537971555487
51,0.743178093765,0.0541741776971
51,0.741499921461,0.0546164704177
51,0.740176181202,0.0550356469735
51,0.73827384105,0.0555010283411
51,0.737294402923,0.0558999920958
51,0.736184871464,0.0563111982893
51,0.734437948792,0.0567741028771
51,0.733179752494,0.0572022843004
52,0.732099197302,0.0576191729318
52,0.730123324577,0.0581096780734
52,0.728639361068,0.0585644928049
52,0.72704655561,0.0590312054567
52,0.726083760064,0.0594495401536
52,0.724170158274,0.0599487861404
52,0.722656826206,0.0604183838369
52,0.721138738662,0.0608915369687
53,0.719602816536,0.0613693839981
53,0.718306073714,0.0618298505856
53,0.716743654756,0.0623162354877
53,0.715425522413,0.0627844559106
53,0.71383275394,0.0632798891235
53,0.712093069564,0.0637918372053
53,0.710283380425,0.0643137639347
53,0.709282936386,0.0647655046812
53,0.707240426733,0.0653157322847
54,0.70575390556,0.0658183629791
54,0.704044309368,0.0663452279246
54,0.702552960694,0.0668549716546
54,0.70100923775,0.0673729957465
54,0.699540640069,0.0678870832905
54,0.697618929984,0.0684488208261
54,0.69602459192,0.0689822486717
54,0.694624676781,0.0694997037492
55,0.692431160777,0.0701005234006
55,0.691018515195,0.0706262757581
55,0.689200989794,0.0711969833762
55,0.687455206346,0.0717642075246
55,0.685697635601,0.0723365389332
55,0.684140306132,0.072891433354
55,0.682732610489,0.0734337100578
56,0.680336805793,0.0740866071031
56,0.678974274523,0.0746312919349
56,0.677373011077,0.0752055678275
56,0.675485401446,0.0758155802314
56,0.673269787594,0.0764671210662
56,0.671746935176,0.077044287115
56,0.669871448785,0.0776657810835
56,0.668008931941,0.0782900705612
57,0.665887893893,0.0789493335434
57,0.664476304842,0.0795287256034
57,0.662215129701,0.0802142702021
57,0.659938335868,0.0809073289514
57,0.658643850055,0.0814843618373
57,0.656454905832,0.0821763465882
57,0.654478322337,0.0828469138356
57,0.652544106958,0.0835169422312
58,0.650525773963,0.08420264112
58,0.648040840912,0.0849545111715
58,0.646693961428,0.0855620889818
58,0.644234578265,0.0863217440668
58,0.642542831575,0.086983889831
58,0.640004100911,0.0877662145996
58,0.638039870918,0.08847569807
59,0.636209321746,0.0891714620338
59,0.633609639006,0.0899809510303
59,0.631512784702,0.0907254065643
59,0.629451710406,0.0914701908516
59,0.627308996177,0.0922324160361
59,0.62517399712,0.0929992429199
59,0.623022660978,0.0937742895861
60,0.620678756393,0.0945845332056
60,0.618281033048,0.095409702641
60,0.615780817069,0.0962577902035
60,0.613749058215,0.0970391477249
60,0.611073995326,0.097929175873
60,0.608837149235,0.0987564257366
60,0.606402443131,0.0996228507495
60,0.604013877384,0.100489243253
61,0.601596677499,0.101368112216
61,0.599096132554,0.102269226652
61,0.596732541915,0.103155353835
61,0.593968176658,0.10412015023
61,0.591151667294,0.105105012535
61,0.588845449185,0.106009585286
61,0.58607109603,0.107009472338
62,0.583339565393,0.108014441521
62,0.580491136838,0.109055184975
62,0.577774467044,0.110086486377
62,0.575119756573,0.11112220516
62,0.572539199704,0.112161113488
62,0.56943726679,0.113322915109
62,0.566564708535,0.114462903339
63,0.563563090362,0.115655068568
63,0.560365467884,0.11691752414
63,0.557567668145,0.11812921343
63,0.554345806096,0.119467082867
63,0.551529848434,0.120757750965
63,0.548354947785,0.122171330902
64,0.545095925105,0.12365412935
64,0.541654031344,0.125234797412
64,0.538691059157,0.126764871303
64,0.535224785685,0.12847872786
64,0.531963915857,0.130215027764
64,0.528385962797,0.132106384372
64,0.524807748486,0.13408185303
65,0.521665809841,0.136032291922
65,0.518434267845,0.138094804644
65,0.514887045224,0.140336096366
65,0.511289686538,0.142691104132
65,0.508030678532,0.14505232587
65,0.504744546056,0.147521362859
65,0.501541569109,0.150066250226
66,0.498374450917,0.152699175936
66,0.495011222602,0.155490567402
66,0.491809885655,0.158327135168
66,0.488912309621,0.161154635583
66,0.48587821629,0.164109724277
66,0.48302022779,0.167081798474
67,0.480137353737,0.17013105558
67,0.47729657851,0.173226433672
67,0.474856853663,0.176225560882
67,0.472093622898,0.179384888872
67,0.469334373157,0.182576855501
67,0.466911066068,0.185660494336
67,0.464828645472,0.188616309551
68,0.462526845944,0.191659241704
68,0.460404511041,0.194618072353
68,0.457975558679,0.1976903294
68,0.455832292472,0.200616382248
68,0.453729704285,0.203492735593
68,0.451646956777,0.206322673189
69,0.449699138564,0.209047900225
69,0.447415057287,0.21188475528
69,0.44556093053,0.214470197094
69,0.443329362672,0.217187629012
69,0.441103465465,0.219855076997
69,0.438900842356,0.222463763849
70,0.436696919472,0.225026827352
70,0.434535120789,0.227523320237
70,0.432296345388,0.230017914194
70,0.43010885917,0.232446108621
70,0.427796526639,0.234906598643
70,0.425140241465,0.237528625404
71,0.422917143059,0.239884425824
71,0.420231102988,0.242482983672
71,0.417595205572,0.245040725168
71,0.415098972219,0.247507034781
71,0.412454553191,0.25005651525
71,0.409817579735,0.252601808212
71,0.407139353825,0.255177247429
72,0.404346779276,0.257834639805
72,0.401330707125,0.260652416421
72,0.398629598384,0.263286178063
72,0.395754271432,0.26605740823
72,0.392905852085,0.268837942532
72,0.389848071984,0.271794593045
73,0.386855963463,0.274743201588
73,0.383798552031,0.27777892487
73,0.380913822819,0.280731806916
73,0.377563610053,0.284076941048
73,0.374727710678,0.287086288015
74,0.371582534963,0.290383264609
74,0.3683264737,0.293826437597
74,0.365286447708,0.29715779118
74,0.362343767047,0.300467966076
74,0.358990302373,0.30418464373
74,0.355886571832,0.307760858012
75,0.352853256617,0.311344300769
75,0.349539512328,0.315249921551
75,0.346433387094,0.319047181364
75,0.343246818053,0.322997905706
75,0.340395158094,0.326710897564
75,0.337366695647,0.330670746183
76,0.334168139939,0.334884624452
76,0.331003965515,0.339157717723
76,0.327980029317,0.343380559568
76,0.325008467991,0.347641347628
76,0.322228549992,0.351788146469
76,0.319057658796,0.356461562124
77,0.316173801975,0.360920651251
77,0.313242760595,0.365538411451
77,0.310403082921,0.370157848771
77,0.307641895539,0.374792418658
77,0.304842008495,0.379586816105
78,0.302226266253,0.384265937833
78,0.299429814235,0.389294228372
78,0.296895018606,0.394105148359
78,0.294344972833,0.399057939057
78,0.291714045277,0.40425076863
78,0.289305623524,0.409267769407
79,0.286903650906,0.414407628724
79,0.284498980667,0.419689589228
79,0.282176089412,0.424993161589
79,0.280056813587,0.430129980822
79,0.277895387508,0.435472583081
80,0.275847776482,0.440781581072
80,0.273763004252,0.446298039447
80,0.271781783973,0.451797103777
80,0.269928463502,0.457232577478
80,0.268061056149,0.462841712771
80,0.26638785832,0.468263438036
81,0.264662721187,0.473922910894
81,0.263082336821,0.47946912569
81,0.261627359369,0.484925804056
81,0.260242508126,0.490386272779
81,0.258787077746,0.496113813622
82,0.257564297925,0.501524159193
82,0.256284577999,0.507167781751
82,0.255081523372,0.512780320771
82,0.253967905581,0.518327157093
82,0.252901678947,0.523885621577
83,0.251893427017,0.529427612245
83,0.250992189902,0.534841916668
83,0.250162231888,0.540194965804
83,0.249263667985,0.545785519739
83,0.248434455192,0.551312480331
84,0.247719112188,0.556668546159
84,0.247052792064,0.561990184395
84,0.246397406855,0.567359114519
84,0.245720314561,0.572847912198
84,0.245163701074,0.578119443155
84,0.244667713812,0.583301825461
85,0.244072478278,0.588769432962
85,0.243649227038,0.593861102845
85,0.243234435622,0.598956905832
85,0.242740612511,0.604263097495
85,0.242293554429,0.609457475272
86,0.241907938436,0.614486250713
86,0.241504198448,0.619535637987
86,0.241117850836,0.624501852607
86,0.24069406446,0.629514500369
86,0.240298137674,0.63439270933
87,0.239837512116,0.639371509715
87,0.239394018827,0.644228143177
87,0.23891256707,0.649105921396
87,0.238376202361,0.654051875314
87,0.237866024038,0.658845972507
88,0.237249818518,0.663858865729
88,0.236641770145,0.668782182283
88,0.236068711465,0.673546540263
88,0.235371157265,0.678618674493
88,0.234745053184,0.683450832555
89,0.233998189479,0.688615828539
89,0.23331593585,0.693588769421
89,0.232623972989,0.698603432636
89,0.231863316024,0.703857226043
90,0.231140835435,0.709047285387
90,0.230448406933,0.714214107356
90,0.229733928304,0.719537285622
90,0.229022526097,0.724958895426
90,0.228376142045,0.73029979304
91,0.227738836397,0.735753073101
91,0.227151402914,0.741202714343
91,0.226552872587,0.746861745359
91,0.226044397985,0.752410229488
91,0.225563038958,0.758065154189
92,0.225134539107,0.763749102626
92,0.224756467897,0.769476116152
92,0.224430025991,0.775246200863
92,0.224194499832,0.780924713113
92,0.22398451216,0.786738302704
93,0.223830711701,0.792579432828
93,0.223750386388,0.798383109147
93,0.223725881016,0.804206619142
93,0.223752272152,0.810061703866
94,0.223825050509,0.815957893459
94,0.223970471358,0.821791215032
94,0.224164417734,0.827640368852
94,0.224428426331,0.833416039082
94,0.224716933797,0.839277162788
95,0.225076633313,0.845039672162
95,0.225457776299,0.850879522979
95,0.225905680153,0.856615846096
95,0.226377467589,0.862400498548
96,0.226896072502,0.868136635679
96,0.227435064864,0.873915759849
96,0.22801407679,0.879653635972
96,0.228638253132,0.885321270486
96,0.22928636081,0.890992334222
97,0.229948770512,0.896696875294
97,0.230659232314,0.902296188449
97,0.231377773839,0.907939685099
97,0.232124631825,0.913542249101
98,0.232889738755,0.91913793859
98,0.233670720465,0.924731329607
98,0.234473233079,0.930295739856
98,0.235294409088,0.935838661525
98,0.236135677788,0.941351064273
99,0.236973090797,0.946925745382
99,0.237829761544,0.952468350754
99,0.23872575971,0.957896360826
99,0.239600632616,0.963450817902
100,0.240509383043,0.968909954877
100,0.241425276278,0.974380581157
100,0.242330976298,0.979932666845
100,0.243272241443,0.985381431036
100,0.244225687462,0.990821666583
101,0.245181924542,0.99629222181
101,0.246145243546,1.0017767682
101,0.247113614585,1.0072848685
101,0.248111238976,1.01271927157
102,0.249113509322,1.01818187814
102,0.250115893868,1.02369314806
102,0.251142376882,1.02915692591
102,0.252180706789,1.03462537255
103,0.253229006171,1.04010839908
103,0.254292474534,1.04558695043
103,0.255367533706,1.05107809483
103,0.25645526508,1.05657983596
104,0.257556180482,1.06209257059
104,0.258665732951,1.06763762206
104,0.25979844503,1.07315765348
104,0.260949968372,1.07867319989
105,0.262118861247,1.08419288732
105,0.263297961951,1.08974909339
105,0.26448597488,1.09535004221
105,0.265708359717,1.10089318556
106,0.266936779176,1.10649887811
106,0.268186831492,1.11210561291
106,0.269464545808,1.11769162694
106,0.27075836333,1.1233082904
106,0.272065724826,1.12896988873
107,0.273405678293,1.13460128863
107,0.274764845363,1.14026219873
107,0.276149976524,1.14592913989
107,0.277558386377,1.15161817177
108,0.278987644521,1.1573447164
108,0.280453526838,1.16304914932
108,0.281943324915,1.16879053348
108,0.283466512196,1.17453650341
109,0.285013776694,1.18033316973
109,0.286602008789,1.18611875382
109,0.28822636274,1.19192223445
109,0.289886228243,1.19775574536
110,0.291591317282,1.20358953028
110,0.29333250547,1.20947240513
110,0.29512004928,1.2153739395
110,0.29695327928,1.22130956327
111,0.298844349344,1.22724271585
111,0.300797520647,1.23317014008
111,0.302790280369,1.23919883885
112,0.304870215588,1.24514923018
112,0.307005377623,1.2511677496
112,0.309221701023,1.25716444734
112,0.3115124361,1.26318277968
113,0.313877493297,1.2692385502
113,0.316338155548,1.27526057684
113,0.318883565051,1.28130669404
113,0.321525610216,1.28734141879
114,0.324280658614,1.29330989541
114,0.327125400502,1.29931318373
114,0.330081587596,1.30526924301
114,0.333147839067,1.31118462417
115,0.336325320724,1.31705122648
115,0.339613696263,1.32286170514
115,0.343025372988,1.32855358636
115,0.346535619069,1.33420231651
116,0.350158711132,1.33972522728
116,0.353887045613,1.34511740758
116,0.35769735333,1.35042552088
117,0.361598987131,1.35556482315
117,0.36557350796,1.36054867212
117,0.369603632301,1.36537844861
117,0.37368387108,1.37000551446
118,0.377776110215,1.37449556354
118,0.381884480015,1.37875512154
118,0.385968430541,1.38285048348
118,0.390021824635,1.38672222067
119,0.394006478255,1.39042651093
119,0.397908483061,1.39393589354
119,0.401704058445,1.39726361791
120,0.405371705264,1.40042282437
120,0.408891597064,1.40343118816
120,0.412246514837,1.40630987185
120,0.415415976889,1.40910514297
121,0.418404851276,1.41179229006
121,0.421189229107,1.41445944001
121,0.423780721425,1.41708922902
121,0.426188014445,1.41968753549
122,0.428408591227,1.42230797842
122,0.430452060516,1.42497099355
122,0.432326316215,1.42770698466
123,0.434049260899,1.43051467852
123,0.435641305046,1.43338371713
123,0.437108515171,1.43634837271
123,0.438477085466,1.43937325217
124,0.439728905553,1.44256489679
124,0.440912422281,1.44580832521
124,0.442008584086,1.44920779163
125,0.443050805883,1.45269407216
125,0.444043477925,1.45629238176
125,0.445001046104,1.45999453988
125,0.445915943578,1.46386411586
126,0.446834396539,1.46778719816
126,0.447736443519,1.47186549196
126,0.448649762843,1.47604175148
127,0.449575230832,1.48034341283
127,0.450533037152,1.48473020278
127,0.451531971486,1.48919459019
128,0.452570273939,1.49375878842
128,0.453657965176,1.49840102951
128,0.454802194017,1.50310398564
128,0.456000126181,1.50787865188
129,0.457265604057,1.51267671319
129,0.458584412047,1.51753905275
129,0.45996119139,1.52244124576
130,0.46139924987,1.52736095707
130,0.462893538372,1.53230183929
130,0.46443820293,1.53726912571
131,0.466044079147,1.5422122526
131,0.467688606611,1.54719108619
131,0.46938077207,1.55216137144
131,0.471112071997,1.55713732021
132,0.472879780861,1.56211485717
132,0.474688912974,1.56706536191
132,0.476517979149,1.57204883784
133,0.478387430935,1.57698802658
133,0.480275871579,1.58194492734
133,0.482193501457,1.58687850028
134,0.484132815011,1.59180714567
134,0.486093635555,1.59672610731
134,0.488070478312,1.6016489245
134,0.490071670974,1.60654451076
135,0.492085494673,1.61144809506
135,0.49411201889,1.61635654476
135,0.496160913795,1.6212355105
136,0.498225366752,1.62610451775
136,0.500305553158,1.6309599154
136,0.502390112437,1.6358350878
137,0.50449328051,1.64067923622
137,0.506614065786,1.64549026573
137,0.508739316944,1.65030433112
138,0.510873484562,1.6550989955
138,0.513016443231,1.65986523282
138,0.515154623339,1.66463592937
139,0.517305261016,1.66934281648
139,0.519441337562,1.67405913073
139,0.521575421274,1.67872902333
140,0.523691751591,1.68338700356
140,0.525790456884,1.68801580054
140,0.527865381441,1.69261828734
141,0.529909176795,1.69720164177
141,0.531915806913,1.70176997361
141,0.533882629957,1.70631840492
142,0.535800239749,1.71086628349
142,0.537666580649,1.71541275851
142,0.539476314609,1.71997143088
142,0.541232234174,1.72453450785
143,0.542927219042,1.72913076767
143,0.544562101282,1.73376887864
143,0.546148219582,1.73842940729
144,0.547680867132,1.74314922801
144,0.549162937116,1.74794591239
144,0.55060439782,1.75281889011
145,0.552020473789,1.75775450683
145,0.553412925361,1.76278474202
145,0.554791459553,1.76791805088
146,0.55618221216,1.77311119356
146,0.557581637908,1.77841505314
146,0.559003001609,1.78382538231
147,0.560466021378,1.78931467903
147,0.561981864605,1.79487909396
148,0.563554150304,1.80053445129
148,0.565197296526,1.8062569656
148,0.566914817734,1.8120520513
149,0.568724183978,1.81787455197
149,0.570621263192,1.82374222848
149,0.572611521235,1.82963602747
150,0.574695349928,1.8355471014
150,0.576877778255,1.84144602961
150,0.579148251139,1.84734771503
151,0.581514565054,1.85320345326
151,0.583960614673,1.8590361708
151,0.586482579115,1.86482544597
152,0.589076408614,1.87054795511
152,0.59173330703,1.87619230921
152,0.594437864454,1.88176537058
153,0.597174285351,1.88727291138
153,0.599939738463,1.89267800599
153,0.602717614141,1.89798616438
154,0.605490168524,1.90320578832
154,0.608248885752,1.90831625161
154,0.610971622982,1.91334041453
155,0.613647500783,1.91826714666
155,0.616261313344,1.92310105793
156,0.618793018255,1.92786476661
156,0.621235220055,1.93254521616
156,0.623569776075,1.93716746162
157,0.625788756057,1.94173019688
157,0.627875584739,1.94626513572
157,0.629820667443,1.95078914173
158,0.631626600976,1.95528874436
158,0.6332756493,1.95982126101
158,0.634776957324,1.96436883846
159,0.636117684394,1.96898977043
159,0.63731211184,1.97366634039
160,0.638357044485,1.97844246707
160,0.639262211998,1.9833290025
160,0.64003472179,1.98835107615
161,0.640692934795,1.9935040325
161,0.641243817268,1.99882265421
161,0.641708031767,2.00430192132
162,0.642096968922,2.00996723204
162,0.642428121573,2.01582521433
163,0.642722201342,2.02187135342
163,0.642994865581,2.0281148091
163,0.643263153832,2.03455726139
164,0.643547812234,2.04117953689
164,0.643854029637,2.04800500503
164,0.644202498743,2.05501020317
165,0.644600210344,2.06221032075
165,0.645063276138,2.06958666195
166,0.645602891946,2.07713173117
166,0.646227248494,2.08484382806
166,0.646945767407,2.09271416229
167,0.647767271087,2.10073351054
167,0.648697939607,2.10889968115
168,0.64974226012,2.11721526364
168,0.6509121648,2.1256584485
168,0.652213662943,2.13422690955
169,0.653651073979,2.14292426139
169,0.655235671586,2.15173153105
169,0.656975297144,2.1606406134
170,0.658875039558,2.16965129049
170,0.660944886344,2.17874493858
171,0.663191701726,2.18790957577
171,0.665620027568,2.19713582273
171,0.668234074393,2.20640890253
172,0.671037068929,2.21570948218
172,0.67403017598,2.22501618851
173,0.677207260971,2.23432221795
173,0.680566920423,2.24359539599
173,0.684097244728,2.25282873381
174,0.687786416039,2.26200623674
174,0.691622329871,2.27110547594
175,0.695584157996,2.28012701316
175,0.699655727747,2.28905246083
175,0.703815023289,2.2978811807
176,0.708041568186,2.30660837743
176,0.712311454875,2.31524359365
177,0.716607025957,2.32378137494
177,0.720904287305,2.33224439365
177,0.725183915199,2.34065012459
178,0.729431437233,2.34901373395
178,0.733633154992,2.35736632529
179,0.737783353741,2.3657392326
179,0.741885698455,2.37416956942
180,0.745957157911,2.38269822912
180,0.75002820387,2.39137592224
180,0.754159224431,2.40020705707
181,0.758410814182,2.40922395081
181,0.762862233981,2.41838888106
182,0.767575889514,2.42765598402
182,0.772594019713,2.43693380772
182,0.77791395648,2.44613763281
183,0.78350022248,2.45516062796
183,0.789275133868,2.46394823807
184,0.795146272279,2.47247759052
184,0.801027111812,2.48075728593
185,0.806849603198,2.48883046487
185,0.812575899291,2.49674938594
185,0.818190362945,2.50458341587
186,0.823701689694,2.51238072644
186,0.829134354665,2.52016181624
187,0.834505347865,2.52796581909
187,0.839838030235,2.53579520219
188,0.845151798826,2.54364410501
188,0.850455622552,2.55152040026
188,0.855757612963,2.55942160915
189,0.861062782369,2.56734635025
189,0.866375576939,2.57529024015
190,0.871697731658,2.58325449065
190,0.877033336375,2.59123209343
191,0.882380238204,2.59923390317
191,0.887743248958,2.60724988469
192,0.893119223281,2.61529325698
192,0.898513631197,2.62335182895
192,0.903924108501,2.63143629011
193,0.909355361766,2.6395366298
193,0.914807148377,2.647657236
194,0.9202774618,2.65580750062
194,0.925770672922,2.66397832394
195,0.931286179206,2.67217495103
195,0.936825839841,2.68039549478
196,0.942390464722,2.68864105503
196,0.947979796128,2.69691572858
196,0.953596818926,2.70521433984
197,0.959239982381,2.71354457547
197,0.964911747135,2.72190269423
198,0.970614718009,2.73028456692
198,0.976346890312,2.73869901795
199,0.982110471181,2.7471429711
199,0.987903997094,2.75562360541
200,0.993734543913,2.76412425203
200,0.999595963348,2.77266509791
201,1.00549373815,2.78123392573
201,1.01142617105,2.78983845617
201,1.01739645617,2.79847287173
202,1.02340138102,2.80714900012
202,1.02944664426,2.81585417597
203,1.03553090085,2.8245951075
203,1.04165581779,2.83337026194
204,1.04782092549,2.84218395324
204,1.05402738616,2.85103607567
205,1.06027658305,2.85992597986
205,1.06657042507,2.86885167144
206,1.07290809054,2.87781857598
206,1.0792901271,2.88682848323
207,1.08572129826,2.89587202205
207,1.09219662431,2.90496596578
208,1.09872041885,2.91410240222
208,1.10529318161,2.92328377962
209,1.11191652364,2.93250981668
209,1.1185924646,2.94177944739
210,1.12531863457,2.95110349214
210,1.13209706769,2.96048159396
211,1.13893078567,2.96991141508
211,1.14582109815,2.97939585212
211,1.15276813234,2.98894180141
212,1.15977490064,2.99854985087
212,1.16684283446,3.00822621072
213,1.17397494851,3.0179748935
213,1.18117566225,3.02779866876
214,1.18844655827,3.03771045986
214,1.19579810781,3.04770391442
215,1.20323271603,3.05779741881
215,1.2107611447,3.06799280068
216,1.21839203086,3.07830270752
216,1.22614189783,3.0887258206
217,1.23402245877,3.09927940519
217,1.24205672163,3.10995894937
218,1.25026350343,3.12077708411
218,1.25866921508,3.13173352692
219,1.26730210205,3.14282859615
219,1.27619490465,3.15405506271
220,1.28538412082,3.16539786908
220,1.29490457571,3.17684467014
221,1.30479511668,3.18836824033
221,1.31509241637,3.19993757674
222,1.32583351836,3.2115070146
223,1.33704976174,3.22302605303
223,1.34876713773,3.23443334987
224,1.36100220621,3.24566163499
224,1.37376491831,3.25662656264
225,1.38704931922,3.26724533393
225,1.40083457225,3.27743162543
226,1.41508420015,3.28709627166
226,1.42974903813,3.29614104363
227,1.44475559144,3.3044879653
227,1.46001551335,3.31206125877
228,1.47542858106,3.31878663226
228,1.49087205638,3.32462274107
229,1.50621551714,3.32953622852
229,1.52132129783,3.33351073774
230,1.53604237874,3.33656177756
230,1.55023286595,3.33872401419
231,1.56374984791,3.34005745388
231,1.57645817008,3.34064647902
232,1.58823518723,3.34059785676
232,1.59897386316,3.34004074848
233,1.60858919521,3.3391179287
234,1.6170199761,3.33798478887
234,1.62422505133,3.33681732311
235,1.63019794335,3.33577995471
235,1.63495445641,3.33504691085
236,1.63853842452,3.33478404837
236,1.6410182333,3.33514787033
237,1.64248479636,3.33628009638
237,1.64305121747,3.33829781719
238,1.6428390495,3.34131036858
238,1.64198662576,3.34539140317
239,1.64063499737,3.3505970189
240,1.63892883666,3.35695449521
240,1.63700582429,3.36447597677
241,1.63499952844,3.37314634657
241,1.63303321774,3.38293153005
242,1.63121574573,3.3937846256
242,1.62964026965,3.40564814315
243,1.62838467515,3.41845440639
243,1.6275115249,3.4321283819
244,1.62706608952,3.44659574346
245,1.62708000878,3.46177993517
245,1.62756806483,3.47761430422
246,1.62853670865,3.49402945628
246,1.62997786419,3.51097188328
247,1.63188049863,3.52838430162
247,1.63422174838,3.54622944052
248,1.63697789929,3.56447057793
249,1.64011858541,3.58308774585
249,1.6436150256,3.602062931
250,1.64743495753,3.62139370802
250,1.65154909106,3.64108127313
251,1.65593020302,3.66113415698
251,1.66055287612,3.68157028786
252,1.66539470406,3.70241562634
253,1.67043999936,3.7236970695
253,1.67567310687,3.74545841333
254,1.68108898811,3.76773785641
254,1.68668701218,3.79058290114
255,1.69247328159,3.81404630512
256,1.69846182093,3.8381845691
256,1.7046747343,3.86305874527
257,1.71114539099,3.88872833713
257,1.71791525367,3.91525947113
258,1.72503956944,3.94271274235
259,1.73258159712,3.97115679687
259,1.74062081151,4.00064954867
260,1.74924814991,4.03124831676
260,1.7585677902,4.0630042534
261,1.76869749711,4.09595906565
262,1.77976821698,4.13014238206
262,1.79192224976,4.16557127031
263,1.80531125643,4.20224899418
263,1.820097607,4.2401548868
264,1.83644794513,4.27925136845
265,1.85453104102,4.31948025556
265,1.87451704049,4.36075531906
266,1.89657058598,4.40296895063
266,1.92084822947,4.44598897069
267,1.94749391887,4.48966037714
268,1.97663753397,4.53380082155
268,2.00838470475,4.57821715989
269,2.04282133706,4.62268937778
269,2.08000271085,4.666991279
270,2.11995653812,4.71088081964
271,2.16267575006,4.7541153863
271,2.20812067138,4.79644783837
272,2.25621343536,4.83764190019
273,2.30684154252,4.87747004777
273,2.35985403264,4.91573070958
274,2.41506767241,4.95224829463
274,2.47226751348,4.98689076948
275,2.53121732356,5.01957370374
276,2.59166747837,5.05027788672
276,2.65337436612,5.07905273823
277,2.71612025813,5.10602717892
278,2.77974065915,5.13141092714
278,2.84416190995,5.15547588076
279,2.90942590468,5.17855110865
280,2.97573135758,5.20096494516
280,3.04344489126,5.22300606949
281,3.1131044141,5.24485028254
282,3.18539328085,5.26648565954
282,3.2610814105,5.28764575733
283,3.34093657974,5.30776107699
283,3.42561248197,5.32594515255
284,3.51553114151,5.34102101411
285,3.61077266375,5.351600656
285,3.71100035091,5.35619797671
286,3.81542838919,5.35337309033
287,3.92283989301,5.34188657407
287,4.03167102021,5.32081831047
288,4.14011660007,5.28968067042
289,4.2462781183,5.24846217273
289,4.34830967348,5.19763240953
290,4.44455232784,5.13809852166
291,4.53364729432,5.07111614092
291,4.61460622212,4.99818203241
292,4.68684680634,4.92090867893
293,4.7501778848,4.8409143866
293,4.80476669747,4.75971253261
294,4.85106784755,4.67864061027
295,4.88974549067,4.59881119107
296,4.9215964687,4.52108871218
296,4.94747125353,4.44609968097
297,4.96821798958,4.37425207711
298,4.98463618209,4.30577243925
298,4.99744746169,4.24074678708
299,5.00728940088,4.17915327369
300,5.01470495792,4.12090343371
300,5.02015561922,4.06586293633
301,5.02402601956,4.01387592642
302,5.02664064847,3.96477424215
302,5.0282688353,3.91839069573
303,5.02913817681,3.87456072358
304,5.02944482032,3.83312286082
305,5.02935152138,3.79392579198
305,5.02900147663,3.75682139276
306,5.02851411623,3.72167038468
307,5.0279948657,3.68833674409
307,5.0275312942,3.65669193222
308,5.02719566294,3.62661409116
309,5.02705237389,3.59798367393
309,5.02714964646,3.57069042026
310,5.02752761341,3.54462839475
311,5.02821718135,3.51969767115
312,5.02924123368,3.49580426924
312,5.03061481861,3.4728607442
313,5.0323469692,3.45078557595
314,5.03444079382,3.42950369837
315,5.03689443672,3.40894635108
315,5.03970187982,3.38905097251
316,5.04285528449,3.3697599938
317,5.04634319417,3.35102235153
317,5.05015237347,3.33279246923
318,5.05426669051,3.3150311425
319,5.05867115929,3.29770295759
320,5.06334974662,3.28077777766
320,5.06828656167,3.26422993556
321,5.07346461678,3.24803895578
322,5.07886856054,3.23218767549
323,5.0844863226,3.2166610817
323,5.09030187857,3.20145074482
324,5.09630400375,3.18654907998
325,5.10248385221,3.17195074494
326,5.10883112068,3.15765486444
326,5.11533850608,3.14366209063
327,5.12200096964,3.1299749542
328,5.12881454348,3.11659850498
329,5.13577793381,3.10353926826
329,5.14289043312,3.09080648275
330,5.15015441103,3.07841058857
331,5.15757555885,3.06636312255
332,5.16516013273,3.05467840648
332,5.17291820759,3.04337165012
333,5.18086098743,3.03246058284
334,5.18900736248,3.02196162548
335,5.1973724845,3.01189655663
335,5.20598241322,3.00228389265
336,5.21486345093,2.99314498144
337,5.22404646663,2.98450129252
338,5.23356661381,2.97637434878
339,5.24346388509,2.96878516069
339,5.25378468778,2.96175312601
340,5.26457375558,2.9553004867
341,5.27588686855,2.94944525257
342,5.28777961688,2.94420798154
343,5.30031296277,2.93960956676
343,5.31355449301,2.93567208384
344,5.32757681903,2.9324219062
345,5.34246046922,2.92989100215
346,5.35830291704,2.92811540181
346,5.37521232617,2.92714217082
347,5.3933281896,2.92702110015
348,5.41281853711,2.92780766882
349,5.43389662602,2.92955253184
350,5.45682577935,2.93229312892
351,5.48192707196,2.93603793254
351,5.50958630958,2.94074415552
352,5.54024453286,2.94629691504
353,5.57439663736,2.95247734009
354,5.61256265702,2.95894057482
355,5.65525923196,2.96519238934
355,5.7029597603,2.97057513332
356,5.7560496503,2.9742647544
357,5.81476940921,2.97528736953
358,5.87917567232,2.97254321825
359,5.94909664179,2.96485171798
360,6.02410639716,2.95100419809
360,6.10351224971,2.92982458341
361,6.18635524257,2.90023379083
362,6.27143351628,2.86130864163
363,6.35733049072,2.8123397606
364,6.44245995377,2.75287903906
365,6.52512386376,2.68277612632
365,6.60356883541,2.60220756421
366,6.67605966125,2.51168832214
367,6.74094745483,2.4120726434
368,6.79674706582,2.30453550727
369,6.84220472701,2.19053946332
370,6.87636442695,2.0717817525
370,6.89861712257,1.95012671751
371,6.90873676768,1.82752350025
372,6.90689247578,1.70591591392
373,6.89363611822,1.58715009031
374,6.86986837018,1.47288638437
375,6.83677935316,1.36452448411
376,6.79576995783,1.26314773723
376,6.74836764004,1.16949027166
377,6.69612806846,1.08393255474
378,6.64055521721,1.00652036416
379,6.58302101692,0.937008546395
380,6.52471315451,0.874919701242
381,6.46660121409,0.819612589373
382,6.40942470191,0.770351766907
383,6.3537019121,0.726371206107
383,6.29975348398,0.686926838986
384,6.2477401957,0.651334497981
385,6.19769704961,0.618994018683
386,6.14957148692,0.589399391914
387,6.10326287924,0.562137706818
388,6.05863792752,0.536882288549
389,6.0155611562,0.513379337081
390,5.97390296807,0.491434371091
391,5.9335487455,0.470898295133
392,5.89440193575,0.451655128582
392,5.85638064341,0.433612121104
393,5.81942413115,0.416691262902
394,5.78348225861,0.400824173352
395,5.74851640974,0.385947911417
396,5.71449525336,0.37200263252
397,5.68139470723,0.358930063192
398,5.64919112017,0.346673202545
399,5.61786390119,0.335175928993
400,5.58739317744,0.324383259046
401,5.55775846073,0.314241707058
402,5.52893862763,0.304699636426
403,5.50090871604,0.295707787894
403,5.47364877691,0.287219113853
404,5.44713298072,0.279189631885
405,5.42133368373,0.271578376929
406,5.39622733385,0.264347222574
407,5.37178522271,0.2574613984
408,5.34798250721,0.250889029218
409,5.32479031881,0.244601454382
410,5.30218337877,0.238572759048
411,5.28013604621,0.232779824726
412,5.25862106614,0.227202215107
413,5.23761554744,0.221821731933
414,5.21709469483,0.216622499254
415,5.19703635084,0.211590571177
416,5.17741863737,0.206713837713
417,5.15822094788,0.201981792612
418,5.13942340854,0.197385371934
419,5.12100883429,0.19291670636
420,5.10295992638,0.188569069297
421,5.08525922455,0.184336725606
421,5.0678933785,0.180214639927
422,5.05084689379,0.176198583069
423,5.03410761633,0.172284824173
424,5.01766342947,0.16847015255
425,5.00150262024,0.164751777349
426,4.98561505557,0.161127213787
427,4.96999071236,0.157594267847
428,4.95462135384,0.15415092697
429,4.9394974811,0.150795409358
430,4.92461292482,0.147525981215
431,4.9099580971,0.144341129728
432,4.89552864955,0.141239274685
433,4.88131729261,0.138218990504
434,4.8673176741,0.135278870837
435,4.85352447015,0.132417512855
436,4.83993353161,0.129633503308
437,4.82653894372,0.126925488808
438,4.81333720478,0.124292055993
439,4.80032265141,0.121731847552
440,4.78749222582,0.11924343432
441,4.77484225571,0.116825397123
442,4.76236794854,0.114476335728
443,4.75006701923,0.11219477985
444,4.73793549599,0.10997929148
445,4.72597137513,0.10782837836
447,4.71417028537,0.105740595795
448,4.70253012487,0.10371444088
449,4.69104727411,0.101748440218
450,4.67971867154,0.0998411043651
451,4.66854455528,0.097990872909
452,4.65751883497,0.0961963205988
453,4.64664104875,0.0944559054616
454,4.63590843858,0.0927681383766
455,4.6253185568,0.091131529751
456,4.61486948281,0.089544587592
457,4.60455881374,0.0880058392485
458,4.59438296765,0.0865138455151
459,4.58434259891,0.085067100115
460,4.57443374519,0.0836641989616
461,4.56465435158,0.0823037177936
462,4.55500329946,0.0809842333939
463,4.54547806733,0.0797043671086
464,4.53607618404,0.0784627592403
465,4.5267962863,0.0772580522907
466,4.51763718724,0.0760889090309
468,4.50859676118,0.0749540322687
469,4.49967196534,0.073852164381
470,4.4908618543,0.0727820384515
471,4.48216348742,0.071742446752
472,4.47357737898,0.0707321533019
473,4.46509997314,0.0697500154534
474,4.45672997422,0.0687948828555
475,4.44846491042,0.067865652548
476,4.44030448635,0.0669612177958
477,4.43224582266,0.0660805413329
478,4.424289034,0.0652225712382
480,4.41642959123,0.0643863550196
481,4.40866798054,0.0635708967519
482,4.40100252253,0.0627752636277
483,4.39343069986,0.0619985655747
484,4.38595100619,0.0612399288046
485,4.37856219668,0.0604985068752
486,4.37126227754,0.0597734945958
487,4.36405088483,0.0590640951091
489,4.35692558952,0.0583695703181
490,4.34988412426,0.0576892096608
491,4.34292679159,0.0570222982999
492,4.33605102726,0.0563681891318
493,4.32925635845,0.0557262366871
494,4.32253909407,0.0550958656946
495,4.31590016349,0.054476469658
496,4.30933742952,0.053867509274
498,4.30284881036,0.0532684713518
499,4.2964348834,0.0526788363514
500,4.29009130001,0.052098171447
501,4.28381954139,0.0515259976448
502,4.27761717378,0.0509619085953
503,4.27148332743,0.050405503
505,4.26541539997,0.0498564233411
506,4.25941414695,0.0493142952568
507,4.25347777991,0.0487787963586
508,4.24760429098,0.0482496276809
509,4.24179259695,0.0477264999414
510,4.2360430404,0.0472091277103
512,4.23035289636,0.0466972789961
513,4.22472167091,0.0461907149393
514,4.21914879042,0.0456892152396
515,4.21363277226,0.0451925862512
516,4.20817276393,0.044700643405
517,4.20276678532,0.0442132292754
519,4.19741550532,0.0437301729213
520,4.19211643934,0.0432513503558
521,4.18687023338,0.0427766180338
522,4.18167438796,0.0423058772092
523,4.17652936555,0.0418390104785
525,4.17143384149,0.0413759296852
526,4.16638644748,0.0409165572389
527,4.16138650653,0.0404608183038
528,4.1564337219,0.0400086435004
530,4.15152686293,0.0395599809976
531,4.14666493939,0.0391147843891
532,4.14184909968,0.0386729945102
533,4.13707586553,0.0382346024314
534,4.13234605949,0.0377995650571
536,4.12765893514,0.0373678597932
537,4.12301378003,0.0369394689521
538,4.11840965686,0.036514381589
539,4.11384588862,0.0360925886932
541,4.10932108491,0.035674091332
542,4.10483713137,0.0352588656477
543,4.10039136141,0.0348469304957
544,4.09598304549,0.0344382904394
546,4.09161324392,0.0340329375118
547,4.08727974216,0.0336308933615
548,4.08298232544,0.0332321645515
549,4.07872224139,0.0328367474846
551,4.07449651082,0.0324446740789
552,4.07030601609,0.0320559459594
553,4.0661508553,0.0316705720966
555,4.06202895234,0.0312885789465
556,4.0579398531,0.030909980402
557,4.05388471683,0.0305347783675
558,4.0498623732,0.030162992635
560,4.04587229631,0.0297946378411
561,4.04191467381,0.0294297230928
562,4.03798750617,0.0290682730133
564,4.0340916757,0.0287102906512
565,4.03022683564,0.028355787477
566,4.02639237198,0.0280047760984
567,4.02258729216,0.0276572708327
569,4.0188120261,0.0273132752466
570,4.01506683319,0.0269727933569
571,4.01134989539,0.0266358421655
573,4.00766086487,0.0263024275251
574,4.00400128198,0.0259725419616
575,4.00036942135,0.0256461984003
577,3.99676494141,0.0253233994432
578,3.99318813332,0.0250041425807
579,3.98963816405,0.0246884312822
581,3.98611506536,0.0243762624155
582,3.98261865491,0.0240676330789
583,3.97914786268,0.0237625445493
585,3.97570360873,0.0234609849939
586,3.97228514294,0.0231629515248
587,3.96889088859,0.0228684447681
589,3.9655228613,0.0225774434426
590,3.96217994473,0.0222899434357
591,3.95886121896,0.0220059382585
593,3.95556709058,0.0217254129367
594,3.95229722849,0.0214483556785
596,3.94905083305,0.0211747562166
597,3.94582848532,0.0209045958918
598,3.94262975379,0.0206378606538
600,3.93945380266,0.0203745376242
601,3.93630139723,0.0201146047595
602,3.93317166246,0.0198580477422
604,3.93006473364,0.0196048462924
605,3.9269800372,0.01935498298
607,3.9239173714,0.019108437786
608,3.92087701795,0.0188651877107
609,3.9178580963,0.0186252147711
611,3.91486095598,0.0183884944646
612,3.91188534033,0.0181550046743
614,3.90893133966,0.0179247211615
615,3.90599791211,0.0176976243942
617,3.903085148,0.0174736891366
618,3.90019344135,0.0172528884521
619,3.89732224525,0.0170351992539
621,3.89447091827,0.0168205984312
622,3.89164017695,0.0166090566581
624,3.88882929643,0.0164005505753
625,3.88603834267,0.0161950531498
627,3.8832668086,0.015992539517
628,3.88051503848,0.0157929810704
629,3.87778219095,0.0155963538845
631,3.87506864297,0.0154026289018
632,3.87237399734,0.0152117800712
634,3.86969827258,0.0150237795696
635,3.8670412588,0.0148386003912
637,3.86440242481,0.0146562166682
638,3.86178242681,0.0144765979648
640,3.85918044874,0.0142997194106
641,3.85659621199,0.0141255540377
643,3.85403015064,0.0139540722813
644,3.85148158071,0.013785248695
646,3.84895088996,0.0136190539875
647,3.84643781233,0.01345546129
649,3.84394172591,0.0132944450069
650,3.84146313996,0.0131359756741
652,3.83900153702,0.0129800274863
653,3.83655670006,0.0128265736722
655,3.83412881073,0.0126755862369
656,3.83171721237,0.0125270400885
658,3.82932237993,0.0123809065229
659,3.82694435528,0.0122371584377
661,3.8245817804,0.0120957733168
662,3.82223594985,0.0119567203157
664,3.81990573339,0.0118199764331
665,3.81759184514,0.0116855130336
667,3.81529350979,0.0115533062536
668,3.81301089685,0.0114233294645
670,3.81074370082,0.0112955576353
671,3.80849184402,0.0111699651949
673,3.80625502563,0.0110465273753
675,3.80403364617,0.0109252175205
676,3.8018271654,0.0108060118555
678,3.799636295,0.010688883174
679,3.797460194,0.0105738088241
681,3.79529782947,0.0104607667294
682,3.7931507509,0.0103497277885
684,3.79101825486,0.0102406692852
685,3.78889948623,0.0101335689506
687,3.78679607815,0.0100283979448
689,3.78470660671,0.00992513571316
690,3.78263079361,0.00982375866421
692,3.78056921853,0.00972424104538
693,3.77852081954,0.00962656140317
695,3.77648725401,0.00953069136243
697,3.77446649138,0.00943661195405
698,3.7724598186,0.00934429581125
700,3.77046655351,0.00925372051119
701,3.76848683095,0.00916486155461
703,3.76652067445,0.00907769467449
705,3.76456733244,0.00899219738711
706,3.76262717139,0.00890834440503
708,3.76070057897,0.00882611030533
710,3.75878653695,0.00874547282511
711,3.75688517292,0.00866640680716
713,3.75499649016,0.00858888719279
715,3.75312105018,0.00851288743196
716,3.75125773124,0.00843838454719
718,3.74940743748,0.00836535066987
719,3.74756911368,0.00829376201344
721,3.74574342812,0.00822359057768
723,3.74393022379,0.00815480981797
724,3.74212927375,0.00808739290411
726,3.74034024508,0.00802131275505
728,3.73856358359,0.00795654010973
729,3.73679888178,0.00789304699838
731,3.73504561373,0.00783080509342
733,3.73330482861,0.00776978213638
735,3.73157552309,0.00770994951174
736,3.72985834436,0.00765127445434
738,3.72815218016,0.0075937270755
740,3.72645787595,0.00753727267552
741,3.72477525511,0.007481877827
743,3.72310424199,0.00742750802081
745,3.72144393835,0.00737412946262
746,3.71979555086,0.00732170321709
748,3.71815815012,0.00727019360089
750,3.71653204694,0.00721956144867
752,3.71491717007,0.00716976728989
753,3.7133133602,0.00712077072928
755,3.71171996145,0.00707253119196
757,3.71013857608,0.00702500265362
759,3.70856698435,0.00697814519557
760,3.7070065741,0.00693191087119
762,3.70545726618,0.00688625333842
764,3.70391862232,0.00684112572489
766,3.70239014706,0.00679648005739
767,3.7008722422,0.00675226552969
769,3.69936467816,0.00670843134516
771,3.69786785734,0.00666492443429
773,3.69638091547,0.00662169293077
775,3.69490479255,0.00657868068522
776,3.69343847384,0.00653583407842
778,3.69198260617,0.00649309562987
780,3.69053653485,0.00645040935564
782,3.68910024386,0.00640771742976
783,3.68767430206,0.00636496042839
785,3.68625818124,0.00632208037813
787,3.68485079259,0.00627901992839
789,3.68345377053,0.00623571692304
791,3.68206649615,0.00619211309884
793,3.68068849762,0.00614815014327
794,3.67931968278,0.00610376952487
796,3.67796024117,0.00605891289901
798,3.67660984222,0.00601352367263
800,3.67526847009,0.00596754586764
802,3.67393625232,0.00592092467697
804,3.67261257996,0.00587360815171
805,3.67129810935,0.00582554425846
807,3.66999204662,0.00577668551843
809,3.66869413153,0.00572698610734
811,3.6674054504,0.00567640092088
813,3.66612370288,0.00562489321579
815,3.66485113846,0.00557242259564
817,3.66358634002,0.0055189579778
819,3.66232937618,0.00546446991322
820,3.66107996408,0.00540893365492
822,3.65983848884,0.0053523278722
824,3.65860461049,0.00529463692612
826,3.65737735006,0.00523585087535
828,3.65615806354,0.00517596137021
830,3.65494599378,0.00511496818912
832,3.65373998321,0.00505287679093
834,3.65254172499,0.00498969389318
836,3.65134979852,0.00492543577671
838,3.65016395504,0.0048601222919
840,3.64898505099,0.00479377698561
841,3.64781204315,0.00472643099305
843,3.646645744,0.00465811792958
845,3.6454854537,0.00458887812178
847,3.64433070847,0.00451875608418
849,3.64318199486,0.0044477994184
851,3.64203912642,0.00437606057269
853,3.64090185764,0.00430359574109
855,3.6397701592,0.00423046420142
857,3.63864347672,0.00415672882604
859,3.63752228717,0.00408245390787
861,3.63640669014,0.00400770642922
863,3.63529547015,0.00393255664306
865,3.63419009953,0.00385707329092
867,3.63308958017,0.00378132884767
869,3.63199383056,0.003705395419
871,3.63090279219,0.00362934534364
873,3.6298167108,0.00355325054816
875,3.62873595523,0.00347718239581
877,3.62765969329,0.00340121260341
879,3.62658797208,0.0033254108942
881,3.62552082715,0.00324984559509
883,3.6244583156,0.00317458333992
885,3.62340051748,0.00309968883013
887,3.6223473308,0.00302522479527
889,3.62129878511,0.00295125153335
891,3.6202543926,0.00287782728179
893,3.61921530234,0.00280500636481
896,3.61817970199,0.00273284272347
898,3.61714951756,0.00266138461427
900,3.61612382876,0.00259067963474
902,3.61510247916,0.00252077189494
904,3.61408525249,0.00245170263597
906,3.61307296108,0.00238350951078
908,3.61206497552,0.00231622828451
910,3.6110615775,0.00224989127124
912,3.61006306189,0.00218452800952
914,3.60906864713,0.00212016596313
916,3.6080792753,0.00205682890033
918,3.6070938378,0.00199453920837
921,3.60611322278,0.00193331563278
923,3.60513712102,0.00187317519476
925,3.60416583345,0.00181413227493
927,3.60319882879,0.00175619946197
929,3.60223687715,0.00169938657789
931,3.60127937878,0.00164370209734
933,3.60032584068,0.00158915248928
936,3.59937774982,0.00153574152567
938,3.5984335049,0.00148347261221
940,3.59749460375,0.00143234619803
942,3.59655987767,0.00138236230417
944,3.59562976156,0.00133351884707
946,3.59470437114,0.00128581252475
949,3.59378371552,0.00123923880829
951,3.592867566,0.00119379206234
953,3.5919561249,0.00114946539778
955,3.5910493468,0.00110625098578
957,3.59014731278,0.00106414000757
960,3.58924938691,0.00102312297516
962,3.58835661204,0.000983189105249
964,3.58746852534,0.000944327317135
966,3.58658485377,0.000906525787109
968,3.58570593967,0.000869771918322
971,3.5848310933,0.000834052814862
973,3.58396137445,0.000799354667665
975,3.58309609151,0.000765663640703
977,3.5822357874,0.000732965229582
980,3.58137948004,0.000701244907583
982,3.58052817905,0.000670487447621
984,3.57968121872,0.000640677708349
986,3.57883892448,0.000611800150874
989,3.57800109321,0.000583839167113
991,3.57716802272,0.000556778936748
993,3.57633920117,0.000530603676148
996,3.57551477301,0.000505297435574
998,3.57469542439,0.000480844169655
1000,3.57388016049,0.00045722806871
1003,3.5730694425,0.000434433149896
1005,3.57226340221,0.000412443535777
1007,3.5714612832,0.000391243528506
1009,3.57066381265,0.00037081735983
1012,3.56987134876,0.00035114943578
1014,3.56908252157,0.000332224470408
1016,3.56829829212,0.000314027100823
1019,3.56751834857,0.000296542261693
1021,3.5667434413,0.00027975498419
1024,3.56597200122,0.000263650682922
1026,3.56520518941,0.000248214764009
1028,3.56444289508,0.000233432956233
1031,3.56368422125,0.000219291262478
1033,3.56293026579,0.000205775791869
1035,3.56218074431,0.000192872986515
1038,3.5614356057,0.000180569519267
1040,3.5606942177,0.000168852341013
1043,3.55995746022,0.000157708582458
1045,3.55922402604,0.000147125733089
1047,3.55849541448,0.000137091418583
1050,3.55777099181,0.000127593618448
1052,3.55705061643,0.000118620549943
1055,3.55633409646,0.000110160691555
1057,3.55562176079,0.000102202765579
1060,3.55491338122,9.47357714036e-05
1062,3.55420934865,8.77489489451e-05
1064,3.55350940888,8.12318114794e-05
1067,3.5528130371,7.51741293157e-05
1069,3.55212152003,6.95658844655e-05
1072,3.55143297111,6.43973717757e-05
1074,3.55074924951,5.96590566741e-05
1077,3.55006886026,5.53417072576e-05
1079,3.54939267642,5.143628703e-05
1082,3.54872054176,4.79300977806e-05
1084,3.54805211483,4.47686700471e-05
1087,3.54738832106,4.1931445166e-05
1089,3.54672778202,3.94114331107e-05
1092,3.54607152931,3.70880950864e-05
1094,3.54541979204,3.4858479003e-05
1097,3.54477126302,3.27205350112e-05
1099,3.54412661119,3.06722350235e-05
1102,3.5434855761,2.87116023151e-05
1104,3.54284800548,2.68367012045e-05
1107,3.54221450237,2.50456328537e-05
1109,3.54158484374,2.33365474773e-05
1112,3.54095839122,2.1707639636e-05
1115,3.5403352498,2.01571405413e-05
1117,3.53971615208,1.86833200319e-05
1120,3.53910032038,1.72839928231e-05
1122,3.53848775446,1.59518592971e-05
1125,3.5378789464,1.46838558407e-05
1128,3.53727349918,1.34785705771e-05
1130,3.53667143733,1.23346245512e-05
1133,3.53607258222,1.12506739389e-05
1135,3.53547691413,1.02254081787e-05
1138,3.53488492089,9.25754875319e-06
1141,3.53429625182,8.34610882145e-06
1143,3.53371081258,7.49060933159e-06
1146,3.53312794498,6.68987106826e-06
1148,3.5325490737,5.94269413744e-06
1151,3.53197300145,5.24791688169e-06
1154,3.53140013074,4.60440696933e-06
1156,3.53083073655,4.01106406396e-06
1159,3.53026409928,3.46681972057e-06
1162,3.52970041093,2.96924313514e-06
1164,3.52914014747,2.51527136007e-06
1167,3.52858321153,2.10396795872e-06
1170,3.52802883284,1.73444349435e-06
1173,3.52747765191,1.40583275533e-06
1175,3.52692962346,1.11729540037e-06
1178,3.52638403167,8.68014968812e-07
1181,3.52584226492,6.57197509853e-07
1183,3.52530260994,4.84072244652e-07
1186,3.52476656647,3.47889565212e-07
1189,3.52423310398,2.47921452704e-07
1192,3.52370264737,1.83460280627e-07
1194,3.52317499198,1.50969993454e-07
1197,3.52265041825,1.29149854873e-07
1200,3.52212813369,1.13653892e-07
1203,3.52160903119,1.04352681173e-07
1205,3.52109255673,9.93218023239e-08
1208,3.52057924873,9.46631362964e-08
1211,3.52006862358,9.0236538271e-08
1214,3.51956073493,8.60298394638e-08
1217,3.51905524197,8.20315474667e-08
1219,3.51855292492,7.82307724489e-08
1222,3.51805291136,7.46172560975e-08
1225,3.51755599518,7.11812623294e-08
1228,3.51706114713,6.79136210918e-08
1231,3.51656925567,6.48056212679e-08
1233,3.51608013567,6.18490435953e-08
1236,3.51559332099,5.90361163247e-08
1239,3.51510919664,5.6359471147e-08
1242,3.51462764495,5.38121437284e-08
1245,3.51414861063,5.13875415064e-08
1248,3.51367191363,4.90794257089e-08
1251,3.51319807132,4.68818804343e-08
1254,3.51272682118,4.47893151152e-08
1256,3.51225786672,4.27964356806e-08
1259,3.51179141045,4.08982219349e-08
1262,3.51132698936,3.90899263692e-08
1265,3.51086524549,3.73670391389e-08
1268,3.51040619735,3.57252945133e-08
1271,3.50994914211,3.41606573633e-08
1274,3.50949501684,3.26692874408e-08
1277,3.50904325891,3.1247559223e-08
1280,3.5085930813,2.98920371353e-08
1283,3.5081461983,2.85994427513e-08
1286,3.50770142631,2.7366691746e-08
1289,3.50725835995,2.61908521664e-08
1292,3.50681804766,2.50691324302e-08
1295,3.50637990878,2.39988965265e-08
1298,3.50594403586,2.29776387517e-08
1301,3.50551073583,2.20029803442e-08
1304,3.50507938314,2.10726697734e-08
1307,3.50465019789,2.01845648301e-08
1310,3.50422359808,1.93366311842e-08
1313,3.50379916846,1.85269422492e-08
1316,3.50337683188,1.77536668579e-08
1319,3.50295659876,1.70150656894e-08
1322,3.50253835271,1.63094875104e-08
1325,3.50212253473,1.56353613996e-08
1328,3.50170882109,1.49911985658e-08
1331,3.50129717968,1.43755831796e-08
1334,3.50088799705,1.37871682882e-08
1337,3.50048023711,1.32246793924e-08
1340,3.50007505477,1.26868967867e-08
1343,3.49967230411,1.21726660639e-08
1346,3.49927097351,1.16808925829e-08
1349,3.4988719312,1.12105291383e-08
1353,3.49847470235,1.076058438e-08
1356,3.49807986992,1.03301121991e-08
1359,3.49768696126,9.91821584709e-09
1362,3.49729623457,9.52404015492e-09
1365,3.49690739269,9.14677300391e-09
1368,3.49652042721,8.78564083391e-09
1371,3.49613547923,8.43990712957e-09
1375,3.49575227842,8.10887187533e-09
1378,3.49537165177,7.79186622812e-09
1381,3.49499229713,7.48825819353e-09
1384,3.49461546126,7.19744046999e-09
1387,3.49424004395,6.91883968886e-09
1390,3.49386676032,6.65190608607e-09
1394,3.49349536547,6.39611792344e-09
1397,3.49312599431,6.15097746699e-09
1400,3.49275856635,5.91601089461e-09
1403,3.49239242076,5.69076766304e-09
1407,3.49202882658,5.47481526728e-09
1410,3.49166662154,5.26774537517e-09
1413,3.49130618823,5.06916632846e-09
1416,3.49094809725,4.87870454409e-09
1420,3.49059136523,4.69600600326e-09
1423,3.49023663799,4.52073087883e-09
1426,3.489883908,4.35255598096e-09
1429,3.48953250917,4.19117384207e-09
1433,3.48918325981,4.03628936347e-09
1436,3.48883573282,3.88762249399e-09
1439,3.48848982585,3.74490561972e-09
1443,3.48814576146,3.60788302138e-09
1446,3.48780311023,3.47631131356e-09
1449,3.48746271642,3.34995691412e-09
1453,3.48712370989,3.22859851618e-09
1456,3.48678645461,3.11202363565e-09
1459,3.48645071528,3.00002993544e-09
1463,3.48611721124,2.89242337807e-09
1466,3.48578492586,2.78902008046e-09
1469,3.48545461743,2.68964295326e-09
1473,3.48512570956,2.59412386595e-09
1476,3.48479843224,2.50230156031e-09
1480,3.48447267361,2.41402219906e-09
1483,3.4841493685,2.32913805779e-09
1487,3.48382688246,2.24750966054e-09
1490,3.48350610727,2.16900200699e-09
1493,3.48318713621,2.09348656978e-09
1497,3.48286957129,2.02084075038e-09
1500,3.48255364389,1.9509469426e-09
1504,3.48223961992,1.88369266179e-09
1507,3.48192695065,1.81897076481e-09
1511,3.4816156915,1.75667842231e-09
1514,3.48130620258,1.6967171146e-09
1518,3.48099833854,1.63899283463e-09
1521,3.48069156244,1.58341579125e-09
1525,3.48038693052,1.52989933187e-09
1528,3.48008308808,1.47836158325e-09
1532,3.47978140401,1.42872299728e-09
1535,3.47948104576,1.38090834854e-09
1539,3.47918195332,1.33484527785e-09
1542,3.47888487404,1.29046419409e-09
1546,3.47858882998,1.24769909481e-09
1549,3.47829427779,1.20648622907e-09
1553,3.47800156991,1.16676458201e-09
1557,3.47770969371,1.12847614662e-09
1560,3.47741979224,1.09156464342e-09
1564,3.47713073001,1.05597686227e-09
1567,3.47684381542,1.02166105911e-09
1571,3.47655766764,9.8856843928e-10
1575,3.4762735257,9.56651471777e-10
1578,3.47599037534,9.25865219414e-10
1582,3.47570886324,8.96166142888e-10
1586,3.47542883043,8.67512709031e-10
1589,3.47515021033,8.39865059425e-10
1593,3.47487263391,8.13185033659e-10
1597,3.47459666447,7.87435808489e-10
1600,3.47432212701,7.62582232867e-10
1604,3.47404867973,7.38590608401e-10
1608,3.47377663978,7.15428459424e-10
1611,3.47350654806,6.93064582437e-10
1615,3.47323705133,6.71469404285e-10
1619,3.47296888205,6.50614121462e-10
1622,3.47270224164,6.30471195168e-10
1626,3.47243732475,6.11014188871e-10
1630,3.47217291851,5.92217958702e-10
1634,3.47191048159,5.74057903348e-10
1637,3.47164930193,5.5651076036e-10
1641,3.47138916168,5.39554100312e-10
1645,3.47113043902,5.23166285069e-10
1649,3.4708727576,5.0732664098e-10
1653,3.47061659567,4.92015179137e-10
1656,3.4703615482,4.77212816707e-10
1660,3.47010782774,4.62901129352e-10
1664,3.46985508225,4.49062483251e-10
1668,3.46960423924,4.35679763406e-10
1672,3.46935386502,4.22736813171e-10
1676,3.46910506916,4.10217785185e-10
1680,3.46885755438,3.98107613008e-10
1683,3.46861112989,3.8639179198e-10
1687,3.46836615514,3.75056312895e-10
1691,3.46812232921,3.64087772327e-10
1695,3.46787953411,3.53473256079e-10
1699,3.46763793226,3.43200310024e-10
1703,3.46739768624,3.33256954277e-10
1707,3.46715835505,3.23631717269e-10
1711,3.46692045279,3.14313470517e-10
1715,3.46668342044,3.05291600935e-10
1719,3.46644776797,2.96555797823e-10
1723,3.46621300536,2.88096221207e-10
1727,3.46597984167,2.79903298448e-10
1731,3.46574767941,2.71967919856e-10
1735,3.4655165202,2.64281263329e-10
1739,3.46528659428,2.56834815258e-10
1743,3.46505769623,2.49620409297e-10
1747,3.46482988577,2.4263015989e-10
1751,3.46460328851,2.35856465558e-10
1755,3.46437812805,2.29291996925e-10
1759,3.4641534319,2.22929771095e-10
1763,3.46393034409,2.16762920821e-10
1767,3.46370784139,2.107849657e-10
1771,3.46348685464,2.04989539843e-10
1775,3.46326679296,1.99370597915e-10
1779,3.46304763339,1.9392227928e-10
1783,3.46282953816,1.88638921493e-10
1787,3.46261282242,1.83515059584e-10
1791,3.46239710493,1.78545459382e-10
1796,3.46218232412,1.73725055597e-10
1800,3.46196867163,1.6904895178e-10
1804,3.46175598071,1.64512440935e-10
1808,3.46154451801,1.60110962862e-10
1812,3.46133384745,1.55840150508e-10
1816,3.46112438221,1.51695751085e-10
1821,3.46091567473,1.4767370001e-10
1825,3.46070782246,1.43770049768e-10
1829,3.46050130343,1.39980976034e-10
1833,3.46029596821,1.36302813275e-10
1837,3.46009147909,1.32732031143e-10
1842,3.45988806131,1.29265197491e-10
1846,3.45968525502,1.25899025867e-10
1850,3.45948376794,1.22630299747e-10
1854,3.45928325652,1.19455951185e-10
1859,3.45908346055,1.16373013903e-10
1863,3.45888501382,1.13378592613e-10
1867,3.45868722055,1.1046993544e-10
1872,3.45849035659,1.07644351295e-10
1876,3.45829476213,1.04899239673e-10
1880,3.45810008086,1.02232108998e-10
1884,3.45790608638,9.96405472171e-11
1889,3.45771301651,9.71222103745e-11
1893,3.45752083026,9.46748407103e-11
1898,3.45732998948,9.22962430273e-11
1902,3.45713981296,8.99843257396e-11
1906,3.45695043596,8.77370451806e-11
1911,3.45676231968,8.55524175025e-11
1915,3.45657499254,8.34285475836e-11
1920,3.45638808348,8.13636008814e-11
1924,3.45620265566,7.93557690441e-11
1928,3.45601817402,7.74033406597e-11
1933,3.45583403758,7.55046609437e-11
1937,3.45565125572,7.36580946521e-11
1942,3.45546924312,7.18620938697e-11
1946,3.45528801057,7.01151486657e-11
1951,3.45510769902,6.84157951205e-11
1955,3.45492809704,6.67626243526e-11
1960,3.45474956594,6.51542610846e-11
1964,3.45457205293,6.35893831846e-11
1969,3.45439479512,6.20667234839e-11
1973,3.45421890054,6.05850215995e-11
1978,3.4540436899,5.9143089477e-11
1982,3.45386969521,5.77397559444e-11
1987,3.45369607938,5.63739101001e-11
1992,3.45352349611,5.50444514128e-11
1996,3.4533519729,5.37503250367e-11
2001,3.45318089118,5.24905191206e-11
2005,3.45301069772,5.12640370313e-11
2010,3.45284126711,5.00699227802e-11
2015,3.45267291207,4.8907243334e-11
2019,3.4525048693,4.77751106987e-11
2024,3.45233809124,4.66726401687e-11
2029,3.45217204268,4.559899555e-11
2033,3.4520069389,4.45533561311e-11
2038,3.45184199478,4.35349396363e-11
2043,3.45167855968,4.25429607434e-11
2047,3.45151571416,4.15766871368e-11
2052,3.45135340263,4.0635397973e-11
2057,3.45119215207,3.9718387611e-11
2062,3.45103131685,3.8824985942e-11
2066,3.45087140891,3.79545298151e-11
2071,3.45071257596,3.71063808208e-11
2076,3.45055425948,3.62799272384e-11
2081,3.45039688606,3.54745656151e-11
2085,3.45023996059,3.46897200201e-11
2090,3.45008407532,3.39248213685e-11
2095,3.44992846881,3.31793305687e-11
2100,3.44977413172,3.24527081983e-11
2105,3.44962029847,3.17444474692e-11
2110,3.449467075,3.10540486363e-11
2115,3.44931482232,3.03810246511e-11
2119,3.44916317029,2.97249093856e-11
2124,3.44901237241,2.90852450779e-11
2129,3.44886223326,2.84615914054e-11
2134,3.44871303732,2.78535172591e-11
2139,3.44856406364,2.72606120921e-11
2144,3.44841608327,2.66824655562e-11
2149,3.44826858753,2.61186896001e-11
2154,3.44812198777,2.55689003318e-11
2159,3.44797595276,2.5032730583e-11
2164,3.44783125242,2.45098161817e-11
2169,3.44768657732,2.39998181196e-11
2174,3.44754281999,2.35023916785e-11
2179,3.44739979255,2.30172098507e-11
2184,3.4472571899,2.25439556737e-11
2189,3.4471153873,2.20823168541e-11
2194,3.44697449337,2.16319919283e-11
2199,3.44683365502,2.11926939673e-11
2204,3.44669422806,2.07641307548e-11
2209,3.44655477037,2.03460353451e-11
2214,3.44641681448,1.99381306487e-11
2219,3.44627889435,1.95401651666e-11
2224,3.44614180313,1.91518813766e-11
2230,3.44600534437,1.87730346503e-11
2235,3.44586955229,1.84033860495e-11
2240,3.44573446886,1.80427034334e-11
2245,3.44559995972,1.76907618434e-11
2250,3.44546593808,1.73473427332e-11
2255,3.44533284669,1.70122307623e-11
2261,3.4452001758,1.66852214751e-11
2266,3.44506797242,1.63661132753e-11
2271,3.44493686096,1.60547075992e-11
2276,3.44480618756,1.57508172976e-11
2281,3.44467587468,1.55375229565e-11
2287,3.44454656001,1.53712124943e-11
2292,3.44441763902,1.52092310774e-11
2297,3.44428932201,1.50514875602e-11
2303,3.44416193684,1.48978925628e-11
2308,3.4440347899,1.47483632326e-11
2313,3.44390833467,1.46028139156e-11
2319,3.44378280068,1.44611620435e-11
2324,3.44365724581,1.43233318171e-11
2329,3.44353276279,1.41892410372e-11
2335,3.4434087052,1.4058816456e-11
2340,3.44328510066,1.39319840798e-11
2345,3.44316240886,1.3808669806e-11
2351,3.44304007955,1.36888054717e-11
2356,3.44291832295,1.35723215541e-11
2362,3.44279745369,1.34591498321e-11
2367,3.44267673134,1.33492276886e-11
2373,3.44255694472,1.32424884036e-11
2378,3.44243746011,1.31388721133e-11
2384,3.4423186105,1.30383167678e-11
2389,3.44220026758,1.29407636195e-11
2395,3.44208269007,1.2846153902e-11
2400,3.44196535026,1.27544331295e-11
2406,3.4418488017,1.26655442123e-11
2411,3.44173268424,1.25794347521e-11
2417,3.4416172249,1.24960515028e-11
2422,3.44150232737,1.241534371e-11
2428,3.44138792616,1.233726164e-11
2433,3.4412739866,1.22617567965e-11
2439,3.44116066515,1.21887810618e-11
2445,3.44104794129,1.211828814e-11
2450,3.44093584118,1.20502327365e-11
2456,3.4408238273,1.19845725233e-11
2462,3.44071287811,1.19212610814e-11
2467,3.44060206735,1.18602595643e-11
2473,3.44049201549,1.1801524775e-11
2479,3.4403821067,1.17450188752e-11
2484,3.4402729033,1.16907008601e-11
2490,3.44016462868,1.16385318402e-11
2496,3.44005655374,1.15884771766e-11
2502,3.43994898895,1.15404994977e-11
2507,3.43984182113,1.14945638116e-11
2513,3.43973513602,1.14506352654e-11
2519,3.43962939186,1.14086786542e-11
2525,3.4395237844,1.13686637599e-11
2531,3.43941874035,1.13305571027e-11
2536,3.43931411386,1.12943279086e-11
2542,3.43921002341,1.12599452102e-11
2548,3.4391067192,1.12273783968e-11
2554,3.43900350181,1.119660072e-11
2560,3.43890088719,1.1167582121e-11
2566,3.43879885006,1.11402950713e-11
2572,3.43869728595,1.11147129307e-11
2578,3.43859595221,1.10908101335e-11
2584,3.43849547133,1.10685590175e-11
2590,3.43839529354,1.10479363396e-11
2596,3.43829561299,1.10289170494e-11
2602,3.43819615561,1.10114782109e-11
2608,3.43809709271,1.09955960684e-11
2614,3.43799915849,1.09812455899e-11
2620,3.43790126743,1.09684082123e-11
2626,3.4378040682,1.09570602973e-11
2632,3.43770683369,1.09471831548e-11
2638,3.43761056498,1.09387531735e-11
2644,3.43751450505,1.09317527469e-11
2650,3.43741881222,1.09261619784e-11
2656,3.4373236377,1.09219613686e-11
2662,3.43722920783,1.09191317416e-11
2668,3.43713492872,1.09176569627e-11
2674,3.4370410095,1.091751882e-11
2681,3.43694763361,1.09186996227e-11
2687,3.43685487263,1.09211824623e-11
2693,3.43676234838,1.09249523012e-11
2699,3.43667018033,1.09299929364e-11
2705,3.43657863264,1.09362881288e-11
2712,3.43648761295,1.09438231604e-11
2718,3.43639689222,1.09525841214e-11
2724,3.43630652181,1.09625566401e-11
2730,3.43621663761,1.09737264201e-11
2737,3.4361272961,1.09860797365e-11
2743,3.43603816752,1.09996046156e-11
2749,3.43594971291,1.10142867089e-11
2756,3.43586139256,1.10301153594e-11
2762,3.43577361261,1.10470771483e-11
2768,3.43568612622,1.10651610996e-11
2775,3.43559919508,1.1084354929e-11
2781,3.43551276062,1.11046476856e-11
2788,3.43542638575,1.11260299662e-11
2794,3.43534088773,1.1148488603e-11
2800,3.43525554224,1.11720157043e-11
2807,3.43517048096,1.11966009405e-11
2813,3.43508610431,1.12222333516e-11
2820,3.43500196244,1.12489050294e-11
2826,3.43491789324,1.12766074026e-11
2833,3.43483492591,1.13053282653e-11
2839,3.43475182425,1.13350631136e-11
2846,3.43466917239,1.1365801735e-11
2853,3.43458706388,1.13975357081e-11
2859,3.43450506353,1.14302587033e-11
2866,3.43442363511,1.14639615788e-11
2872,3.43434291649,1.14986365446e-11
2879,3.43426208836,1.15342792288e-11
2886,3.43418191454,1.15708801913e-11
2892,3.43410206136,1.16084338822e-11
2899,3.43402244924,1.16469341573e-11
2906,3.43394349853,1.16863733349e-11
2912,3.4338645498,1.17267476556e-11
2919,3.43378628878,1.17680489922e-11
2926,3.43370791645,1.18102744183e-11
2932,3.43363042773,1.18534151513e-11
2939,3.43355303073,1.18974686749e-11
2946,3.43347616478,1.19424284533e-11
2953,3.43339969142,1.19882901082e-11
2960,3.43332351171,1.20350493452e-11
2966,3.43324741106,1.20827024248e-11
2973,3.4331719901,1.21312429496e-11
2980,3.43309684798,1.21806681896e-11
2987,3.43302198274,1.2230974207e-11
2994,3.43294756658,1.22821565883e-11
3001,3.43287355351,1.23342118599e-11
3008,3.43279965163,1.23871376216e-11
3015,3.43272622209,1.24409292527e-11
3022,3.43265307091,1.24955843133e-11
3029,3.43258025922,1.25510995671e-11
3036,3.43250798322,1.26074714536e-11
3043,3.43243596124,1.26646982927e-11
3050,3.43236423941,1.27227773671e-11
3057,3.43229280954,1.27817062741e-11
3064,3.4322218661,1.28414820251e-11
3071,3.43215107209,1.29021037463e-11
3078,3.43208063517,1.29635686397e-11
3085,3.43201055099,1.3025874861e-11
3092,3.43194080072,1.30890207393e-11
3099,3.43187163721,1.31530036931e-11
3106,3.4318024713,1.32178244828e-11
3113,3.43173376522,1.32834800013e-11
3121,3.43166531141,1.33499697804e-11
3128,3.43159720082,1.34172923566e-11
3135,3.4315292993,1.34854472728e-11
3142,3.43146171747,1.35544332002e-11
3150,3.43139467025,1.36242485249e-11
3157,3.43132773185,1.3694894282e-11
3164,3.43126150194,1.37663675245e-11
3171,3.43119510296,1.38386713504e-11
3179,3.43112905501,1.39118033491e-11
3186,3.43106349871,1.39857627239e-11
3193,3.43099832171,1.40605498129e-11
3201,3.43093322125,1.41361658502e-11
3208,3.43086838822,1.42126101611e-11
3215,3.43080415076,1.42898815667e-11
3223,3.43074014292,1.43679818823e-11
3230,3.43067622257,1.44469120949e-11
3238,3.43061277891,1.45266710614e-11
3245,3.43054982443,1.46072593025e-11
3253,3.43048671243,1.46886802545e-11
3260,3.4304240367,1.47709321575e-11
3268,3.43036172667,1.48540161787e-11
3275,3.43029984071,1.49379330007e-11
3283,3.43023798913,1.50226853715e-11
3290,3.43017630481,1.51082738599e-11
3298,3.43011538231,1.5194697046e-11
3306,3.43005440008,1.52819598735e-11
3313,3.42999393652,1.53700611569e-11
3321,3.42993366623,1.54590038258e-11
3328,3.42987359751,1.55487894001e-11
3336,3.42981383071,1.56394190748e-11
3344,3.42975445608,1.5730894152e-11
3352,3.42969517101,1.58232178213e-11
3359,3.42963618477,1.59163910039e-11
3367,3.42957772581,1.60104146011e-11
3375,3.42951910194,1.61052938676e-11
3383,3.42946104504,1.62010275085e-11
3390,3.42940339863,1.62976184335e-11
3398,3.42934576243,1.63950708005e-11
3406,3.42928865246,1.64933845022e-11
3414,3.42923140159,1.65925651585e-11
3422,3.42917462242,1.66926123106e-11
3430,3.42911819704,1.67935290819e-11
3438,3.42906200333,1.68953186987e-11
3445,3.4290057856,1.69979851381e-11
3453,3.42895006745,1.71015285882e-11
3461,3.42889475779,1.72059523377e-11
3469,3.42883962644,1.73112604465e-11
3477,3.42878462879,1.74174561395e-11
3485,3.42873003337,1.75245411025e-11
3493,3.42867550426,1.763252018e-11
3501,3.42862144917,1.77413944657e-11
3510,3.42856732581,1.78511700209e-11
3518,3.42851375117,1.79618469664e-11
3526,3.42846030245,1.80734308868e-11
3534,3.42840722044,1.81859239816e-11
3542,3.42835434277,1.82993306185e-11
3550,3.42830188263,1.8413653246e-11
3558,3.42824913555,1.85288993032e-11
3567,3.42819684302,1.86450685206e-11
3575,3.42814502964,1.87621645231e-11
3583,3.42809336073,1.88801929694e-11
3591,3.42804194924,1.89991571406e-11
3600,3.42799071003,1.91190614857e-11
3608,3.42793972043,1.92399095952e-11
3616,3.42788886815,1.93617061954e-11
3625,3.42783829393,1.94844546468e-11
3633,3.42778821466,1.96081579202e-11
3641,3.42773799694,1.97328238991e-11
3650,3.42768818681,1.98584538008e-11
3658,3.42763873567,1.99850522789e-11
3666,3.42758935127,2.01126254879e-11
3675,3.42754016588,2.02411771798e-11
3683,3.42749137772,2.03707107559e-11
3692,3.42744270642,2.05012325016e-11
3700,3.42739429044,2.06327462914e-11
3709,3.42734607723,2.07652571915e-11
3718,3.42729795482,2.08987706951e-11
3726,3.42725008782,2.10332906782e-11
3735,3.42720248296,2.11688220171e-11
3743,3.42715547924,2.13053675875e-11
3752,3.42710822248,2.14429377353e-11
3761,3.42706123616,2.15815343165e-11
3769,3.42701476921,2.17211609102e-11
3778,3.42696813356,2.18618270807e-11
3787,3.42692197237,2.20035340244e-11
3795,3.42687581923,2.21462900556e-11
3804,3.42683020828,2.229009711e-11
3813,3.42678448761,2.24349648648e-11
3822,3.42673909832,2.25808959518e-11
3830,3.42669400722,2.27278961405e-11
3839,3.42664904836,2.28759721462e-11
3848,3.42660427214,2.30251293134e-11
3857,3.4265596527,2.31753735505e-11
3866,3.42651518671,2.33267106739e-11
3875,3.42647114067,2.34791447123e-11
3884,3.42642720923,2.36326836408e-11
3893,3.42638355157,2.37873323276e-11
3902,3.42633996957,2.39430981603e-11
3911,3.42629677114,2.40999850611e-11
3920,3.42625345391,2.42580026941e-11
3929,3.42621061526,2.44171530265e-11
3938,3.42616796902,2.45774443164e-11
3947,3.42612540181,2.47388836791e-11
3956,3.42608298486,2.49014769685e-11
3965,3.42604085216,2.50652296198e-11
3974,3.42599895798,2.52301484296e-11
3983,3.42595724756,2.53962403148e-11
3993,3.42591573966,2.55635117239e-11
4002,3.42587422554,2.57319708598e-11
4011,3.42583309216,2.59016215185e-11
4020,3.42579214368,2.60724719151e-11
4030,3.42575142517,2.62445285118e-11
4039,3.42571047351,2.64178017391e-11
4048,3.4256700613,2.65922925884e-11
4057,3.42563017754,2.67680080666e-11
4067,3.42558994337,2.69449620721e-11
4076,3.42555025668,2.71231546756e-11
4086,3.42551035984,2.73025990018e-11
4095,3.4254710341,2.74832960579e-11
4104,3.42543171801,2.76652575805e-11
4114,3.42539262964,2.78484891479e-11
4123,3.42535367836,2.80329988755e-11
4133,3.42531493855,2.8218793595e-11
4142,3.42527639346,2.84058809374e-11
4152,3.42523778729,2.85942705843e-11
4162,3.42519974709,2.87839649237e-11
4171,3.42516137005,2.89749791997e-11
4181,3.42512381488,2.91673113555e-11
4190,3.42508583544,2.93609797521e-11
4200,3.42504853242,2.95559828391e-11
4210,3.42501094859,2.97523367536e-11
4219,3.42497394624,2.99500419909e-11
4229,3.42493668627,3.01491138929e-11
4239,3.42490016849,3.03495517562e-11
4249,3.42486329128,3.05513734444e-11
4259,3.42482705575,3.07545782664e-11
4268,3.42479062681,3.09591819446e-11
4278,3.42475435251,3.1165189693e-11
4288,3.42471826283,3.13726096235e-11
4298,3.42468261233,3.1581447823e-11
4308,3.42464687691,3.17917176057e-11
4318,3.42461138881,3.20034244751e-11
4328,3.42457593717,3.22165790197e-11
4338,3.42454081558,3.24311871633e-11
4348,3.42450573107,3.26472604125e-11
4358,3.42447106967,3.28648038883e-11
4368,3.42443637653,3.30838308016e-11
4378,3.42440162108,3.33043504128e-11
4388,3.42436733926,3.35263665063e-11
4398,3.42433335656,3.3749889793e-11
4408,3.42429917973,3.39749342498e-11
4418,3.42426530385,3.42015041769e-11
4429,3.42423134065,3.4429612688e-11
4439,3.42419772082,3.46592647728e-11
4449,3.42416435681,3.48904706503e-11
4459,3.42413106494,3.51232416094e-11
4470,3.42409808037,3.53575847282e-11
4480,3.4240650216,3.55935134968e-11
4490,3.42403230119,3.58310332603e-11
4501,3.42399951913,3.6070157877e-11
4511,3.42396700154,3.631089368e-11
4521,3.42393475603,3.65532503731e-11
4532,3.42390256653,3.67972401307e-11
4542,3.42387034182,3.70428738973e-11
4553,3.4238384694,3.72901575016e-11
4563,3.4238066998,3.7539103704e-11
4574,3.42377496844,3.77897233737e-11
4584,3.42374360875,3.80420230788e-11
4595,3.42371222891,3.82960177114e-11
4605,3.42368102088,3.85517170916e-11
4616,3.42364989338,3.88091408706e-11
4627,3.42361917491,3.90683340643e-11
4637,3.42358830684,3.93294764626e-11
4648,3.42355759665,3.95932083678e-11
4659,3.42352722851,3.98617871929e-11
4669,3.42349691615,4.01425259525e-11
4680,3.4234665996,4.04570841003e-11
4691,3.42343633393,4.08641368116e-11
4702,3.42340635222,4.15089099855e-11
4713,3.42337692522,4.27195891302e-11
4724,3.42334728543,4.51727099348e-11
4734,3.42331759932,5.0138723338e-11
4745,3.42328818221,5.97867182241e-11
4756,3.42325897985,7.74734709616e-11
4767,3.42322981871,1.078852236e-10
4778,3.42320061581,1.56878048335e-10
4789,3.42317196314,2.30913557878e-10
4800,3.42314322798,3.36121093593e-10
4811,3.42311453563,4.77190278341e-10
4822,3.42308627359,6.56422468699e-10
4834,3.42305795051,8.73262183244e-10
4845,3.42302953447,1.12447262023e-09
4856,3.423001611,1.404884999e-09
4867,3.42297369312,1.70845567974e-09
4878,3.42294568329,2.0292989403e-09
4890,3.42291809968,2.36245430026e-09
4901,3.42289065881,2.70434008496e-09
4912,3.42286314472,3.05308402469e-09
4923,3.42283578174,3.40921713253e-09
4935,3.42280831413,3.7776282621e-09
4946,3.42278137764,4.17227418693e-09
4958,3.42275459261,4.62584925579e-09
4969,3.42272769576,5.20692020388e-09
4980,3.42270104675,6.04596403597e-09
4992,3.42267457863,7.36803821604e-09
5003,3.42264816195,9.5229794345e-09
5015,3.4226216847,1.29958315116e-08
5027,3.42259563898,1.83754804006e-08
5038,3.42256918419,2.62648498984e-08
5050,3.42254348384,3.71353423634e-08
5061,3.42251761535,5.11576987704e-08
5073,3.422491939,6.80669288525e-08
5085,3.42246598837,8.71234938334e-08
5096,3.4224405744,1.0720595459e-07
5108,3.42241528702,1.27020511143e-07
5120,3.42238993468,1.45363067762e-07
5132,3.42236483057,1.61347408612e-07
5144,3.42233998403,1.74529798022e-07
5155,3.42231497714,1.84905827467e-07
5167,3.42229014041,1.92804742462e-07
5179,3.42226550723,1.98736405142e-07
5191,3.4222409116,2.03246709129e-07
5203,3.42221647937,2.06817102525e-07
5215,3.42219211722,2.09817470968e-07
5227,3.42216797853,2.1250176974e-07
5239,3.42214372113,2.15028187695e-07
5251,3.42211963714,2.17487122171e-07
5263,3.42209581157,2.19926979951e-07
5276,3.4220719905,2.2237376389e-07
5288,3.42204834573,2.24844772342e-07
5300,3.42202456733,2.27358799428e-07
5312,3.42200115986,2.29945010932e-07
5324,3.42197764979,2.32652494792e-07
5337,3.42195435419,2.3556035792e-07
5349,3.42193124828,2.38787474712e-07
5361,3.42190803567,2.42498726222e-07
5374,3.42188512323,2.46903977436e-07
5386,3.42186255778,2.52246738049e-07
5398,3.42183947758,2.58781328493e-07
5411,3.42181693249,2.66740935362e-07
5423,3.42179436318,2.76303597559e-07
5436,3.42177202367,2.87563644678e-07
5448,3.42174970213,3.00517018659e-07
5461,3.42172731622,3.15064121666e-07
5474,3.42170488882,3.3102923091e-07
5486,3.42168316548,3.48190480045e-07
5499,3.42166103531,3.66312421437e-07
5512,3.42163942859,3.8517220873e-07
5524,3.42161756614,4.04575390485e-07
5537,3.42159597052,4.2435772268e-07
5550,3.42157435319,4.44375014746e-07
5563,3.42155275749,4.64482690754e-07
5575,3.42153140697,4.8450945324e-07
5588,3.4215103088,5.04230176454e-07
5601,3.42148902749,5.23344958895e-07
5614,3.4214678243,5.41472651572e-07
5627,3.42144702914,5.58167613959e-07
5640,3.42142629989,5.72964146262e-07
5653,3.42140535707,5.85445441328e-07
5666,3.42138457099,5.95324643972e-07
5679,3.42136410268,6.02517446908e-07
5692,3.42134361441,6.07182977418e-07
5705,3.42132320974,6.0971646685e-07
5718,3.42130299878,6.10691691979e-07
5732,3.4212825928,6.10766631001e-07
5745,3.42126249517,6.10577330873e-07
5758,3.4212423014,6.10648643184e-07
5771,3.42122235045,6.11340998071e-07
5785,3.42120277184,6.12841335721e-07
5798,3.42118289515,6.15191406321e-07
5811,3.42116288989,6.18338462472e-07
5825,3.42114360152,6.22192749481e-07
5838,3.42112389395,6.26679218092e-07
5852,3.42110436483,6.31774860085e-07
5865,3.42108496363,6.37531841345e-07
5879,3.42106585451,6.44085306126e-07
5892,3.42104635134,6.51648013171e-07
5906,3.42102757613,6.60491851737e-07
5919,3.42100829839,6.70919765239e-07
5933,3.42098948981,6.83228142056e-07
5947,3.42097074179,6.97668054387e-07
5960,3.42095170206,7.14409661157e-07
5974,3.42093316517,7.33517752924e-07
5988,3.42091468932,7.54944148806e-07
6002,3.42089608419,7.7853682217e-07
6016,3.42087754829,8.04064066854e-07
6029,3.42085916298,8.31247600516e-07
6043,3.42084076368,8.59797061089e-07
6057,3.42082250318,8.89439263817e-07
6071,3.42080444545,9.19938436499e-07
6085,3.42078636433,9.51105856266e-07
6099,3.42076839088,9.82799795589e-07
6113,3.42075042182,1.01491878897e-06
6127,3.42073249918,1.04739024808e-06
6142,3.42071470029,1.08015676478e-06
6156,3.42069730471,1.11316079214e-06
6170,3.42067968031,1.14632823475e-06
6184,3.42066209014,1.1795492757e-06
6198,3.420644674,1.21265838188e-06
6213,3.42062731031,1.24541359143e-06
6227,3.42060999134,1.27747807307e-06
6241,3.42059285522,1.30840878264e-06
6256,3.42057566642,1.33765772392e-06
6270,3.42055860746,1.36458991996e-06
6285,3.42054158805,1.38852160297e-06
6299,3.42052460396,1.40877657145e-06
6314,3.42050786415,1.42475802097e-06
6328,3.42049096823,1.43603805724e-06
6343,3.42047411266,1.44248376755e-06
6357,3.4204578411,1.44446260071e-06
6372,3.42044095401,1.44314215139e-06
6387,3.42042444211,1.44076015815e-06
6401,3.42040784948,1.44057020288e-06
6416,3.42039147149,1.44620433879e-06
6431,3.42037472687,1.46064599385e-06
6446,3.42035852593,1.48546477881e-06
6461,3.42034244065,1.52084354081e-06
6476,3.42032606918,1.56625194449e-06
6490,3.42030970557,1.62120474511e-06
6505,3.42029369322,1.68579174863e-06
6520,3.42027756577,1.7611258249e-06
6535,3.42026133133,1.84992930096e-06
6551,3.42024514619,1.95716635918e-06
6566,3.42022922723,2.09032717059e-06
6581,3.42021340761,2.25902681613e-06
6596,3.42019728277,2.4740604807e-06
6611,3.42018136932,2.74669902254e-06
6626,3.42016534524,3.08918125882e-06
6642,3.42014940933,3.51640849361e-06
6657,3.4201335629,4.04723242646e-06
6672,3.42011749814,4.70329301834e-06
6688,3.42010200155,5.50530365953e-06
6703,3.42008597545,6.46912384813e-06
6719,3.4200704698,7.60391866244e-06
6734,3.42005486303,8.91257917544e-06
6750,3.42003961519,1.0393193284e-05
6765,3.42002456382,1.20408324562e-05
6781,3.42000958374,1.38490321899e-05
6796,3.41999517787,1.58088518612e-05
6812,3.41998099607,1.79016638821e-05
6828,3.41996720263,2.0082890149e-05
6844,3.4199538751,2.22605726706e-05
6859,3.41994138163,2.42834487817e-05
6875,3.41992910899,2.59585302024e-05
6891,3.41991738285,2.71048911677e-05
6907,3.41990584691,2.76209066165e-05
6923,3.41989408883,2.75228776458e-05
6939,3.41988228874,2.69293251117e-05
6955,3.41987014825,2.60054730425e-05
6971,3.41985776985,2.49072812561e-05
6987,3.41984457802,2.37536604932e-05
7003,3.41983169301,2.26273963197e-05
7019,3.41981801019,2.15883710751e-05
7035,3.4198044293,2.06839815508e-05
7051,3.41979101628,1.99513219135e-05
7068,3.41977732519,1.94128827661e-05
7084,3.41976365516,1.90708144028e-05
7100,3.41974991709,1.89051627208e-05
7117,3.41973621793,1.88790923963e-05
7133,3.41972307371,1.89495516253e-05
7150,3.41970962832,1.90780688024e-05
7166,3.4196965095,1.92366414265e-05
7183,3.41968337804,1.94075593009e-05
7199,3.41967061318,1.95794595128e-05
7216,3.4196577958,1.97428536949e-05
7232,3.41964505437,1.98870378544e-05
7249,3.41963237408,1.99988351291e-05
7266,3.41961987719,2.00628334807e-05
7282,3.41960719499,2.00629050446e-05
7299,3.41959516066,1.99852365198e-05
7316,3.41958249158,1.98231578485e-05
7333,3.41957013361,1.95827523126e-05
7350,3.41955772426,1.92866514246e-05
7367,3.41954500497,1.89729916072e-05
7384,3.41953244771,1.86890627428e-05
7401,3.41951969316,1.84825890166e-05
7418,3.41950701035,1.83947611599e-05
7435,3.41949403798,1.8457121994e-05
7452,3.41948137812,1.86911662913e-05
7469,3.4194684498,1.91081346197e-05
7487,3.41945590714,1.97074375872e-05
7504,3.41944355314,2.04744159655e-05
7521,3.41943112987,2.1379533082e-05
7538,3.41941909468,2.23808735861e-05
7556,3.41940739166,2.34299587043e-05
7573,3.41939552091,2.44787281949e-05
7591,3.41938435255,2.54847720795e-05
7608,3.41937306556,2.64130948757e-05
7626,3.41936239544,2.72346811676e-05
7643,3.41935163456,2.79238430444e-05
7661,3.41934102694,2.84563436804e-05
7679,3.41933054477,2.88096411203e-05
7696,3.41932032057,2.89654495633e-05
7714,3.41931003434,2.89139982389e-05
7732,3.4192997333,2.86585189654e-05
7750,3.41928927894,2.82178732817e-05
7768,3.41927902417,2.76253205447e-05
7785,3.4192683129,2.69230125676e-05
7803,3.41925756905,2.61540425077e-05
7821,3.41924682716,2.53553577402e-05
7839,3.41923589027,2.45540345512e-05
7857,3.41922494955,2.37673507641e-05
7876,3.41921375881,2.30053064679e-05
7894,3.4192030325,2.2273785138e-05
7912,3.41919157799,2.15772732831e-05
7930,3.41918051797,2.09207416722e-05
7948,3.41916936407,2.03107660784e-05
7967,3.41915789405,1.97555177286e-05
7985,3.41914674859,1.92631154646e-05
8004,3.41913556732,1.88383484432e-05
8022,3.419123902,1.8479431052e-05
8041,3.41911274405,1.81779573331e-05
8059,3.41910122422,1.79240644732e-05
8078,3.41909008464,1.77145085673e-05
8096,3.41907858452,1.75578967329e-05
8115,3.4190671435,1.747275983e-05
8134,3.41905570096,1.74804560858e-05
8152,3.4190442553,1.75993595175e-05
8171,3.4190328186,1.7844728659e-05
8190,3.41902131896,1.82321222303e-05
8209,3.41900985258,1.87783180174e-05
8228,3.4189985303,1.94964178864e-05
8247,3.41898699054,2.03885403286e-05
8266,3.41897563103,2.14430431444e-05
8285,3.41896472824,2.26397342729e-05
8304,3.41895396215,2.3958567837e-05
8323,3.41894315313,2.53835783898e-05
8342,3.41893222038,2.68986071169e-05
8361,3.41892214129,2.84800179695e-05
8381,3.41891181805,3.00947450268e-05
8400,3.41890172045,3.17064500397e-05
8419,3.41889189752,3.32851370827e-05
8439,3.41888211526,3.48133296996e-05
8458,3.41887267032,3.62859366255e-05
8478,3.41886321594,3.77059340009e-05
8497,3.41885366263,3.90795203056e-05
8517,3.41884440525,4.04130877612e-05
8537,3.41883513781,4.17124663751e-05
8556,3.41882583556,4.29839352414e-05
8576,3.41881666873,4.42367224609e-05
8596,3.41880763127,4.54867825991e-05
8616,3.41879820648,4.676114009e-05
8635,3.41878900193,4.81006656602e-05
8655,3.41877987966,4.95579726447e-05
8675,3.41877068924,5.11873177137e-05
8695,3.41876174614,5.30267495059e-05
8715,3.41875298361,5.50779642359e-05
8735,3.41874447637,5.72931478192e-05
8756,3.41873624941,5.95770107543e-05
8776,3.41872880957,6.18055389108e-05
8796,3.41872170979,6.38547505925e-05
8816,3.41871460796,6.56279997643e-05
8837,3.41870805878,6.70722318376e-05
8857,3.41870160647,6.81796368316e-05
8877,3.41869511881,6.89773701984e-05
8898,3.4186885982,6.95114140521e-05
8918,3.41868210983,6.98302880774e-05
8939,3.41867546941,6.99722063521e-05
8960,3.41866896467,6.99572029108e-05
8980,3.41866241012,6.97848828526e-05
9001,3.41865598715,6.94380852247e-05
9022,3.41864934598,6.88921852037e-05
9042,3.41864271331,6.81277483438e-05
9063,3.4186360521,6.71421402925e-05
9084,3.41862949833,6.59547879014e-05
9105,3.41862250952,6.46031546377e-05
9126,3.41861531527,6.31309739783e-05
9147,3.41860808449,6.15747114966e-05
9168,3.41860049513,5.99550193206e-05
9189,3.41859294987,5.82772398981e-05
9211,3.41858526937,5.65398439512e-05
9232,3.4185772395,5.47457291824e-05
9253,3.41856900126,5.29104996029e-05
9274,3.41856099842,5.10641745106e-05
9296,3.4185523339,4.92465099371e-05
9317,3.41854361928,4.74988893393e-05
9339,3.41853459453,4.58567192668e-05
9360,3.41852557816,4.4344840932e-05
9382,3.41851631479,4.29767135469e-05
9403,3.41850697834,4.17563995921e-05
9425,3.41849759836,4.06818078956e-05
9447,3.4184881771,3.97477257743e-05
9469,3.41847851875,3.89477995907e-05
9490,3.4184689427,3.8275365769e-05
9512,3.41845925033,3.77239436113e-05
9534,3.41844929496,3.72889076696e-05
9556,3.41843968932,3.69718140401e-05
9578,3.41842970844,3.67867538115e-05
9600,3.41841969034,3.67643307727e-05
9622,3.41840956945,3.6947540597e-05
9645,3.41839963648,3.73783062029e-05
9667,3.41838932947,3.80818190823e-05
9689,3.41837933792,3.90588262628e-05
9712,3.41836925424,4.02896298144e-05
9734,3.41835934584,4.17442890155e-05
9756,3.41834971507,4.33916331558e-05
9779,3.41833981652,4.52046477218e-05
9801,3.41833049626,4.71643744415e-05
9824,3.41832090015,4.92640219004e-05
9847,3.41831167691,5.15110188696e-05
9869,3.41830255394,5.39224800161e-05
9892,3.41829326549,5.6511165574e-05
9915,3.41828461156,5.92668485842e-05
9938,3.41827572673,6.21482427204e-05
9961,3.41826708445,6.51016425369e-05
9984,3.41825872573,6.81041916138e-05
10007,3.41825063762,7.12001300311e-05
10030,3.41824216445,7.44913364789e-05
10053,3.41823412372,7.80776701105e-05
10076,3.4182261141,8.19896127069e-05
10099,3.41821870733,8.61636385062e-05
10123,3.41821174743,9.04721517943e-05
10146,3.41820529958,9.47768179508e-05
10169,3.4181995341,9.89673628251e-05
10193,3.41819402513,0.000102970939464
10216,3.41818870113,0.000106740453074
10240,3.41818401447,0.000110237541749
10263,3.41817950395,0.000113421230641
10287,3.41817484538,0.000116246369118
10311,3.41817096406,0.000118671524393
10335,3.41816696854,0.000120672742189
10358,3.41816269915,0.000122255393949
10382,3.41815884961,0.000123453876046
10406,3.41815439079,0.000124312026128
10430,3.41814995781,0.000124852780339
10454,3.41814537234,0.000125067348522
10478,3.41814041133,0.000124951219428
10502,3.41813507646,0.000124570568835
10527,3.41812896821,0.000124093522408
10551,3.4181223532,0.000123739045594
10575,3.41811517717,0.000123685846098
10600,3.4181076153,0.0001240371192
10624,3.41809993203,0.000124869143813
10649,3.41809209012,0.000126278103875
10673,3.41808393848,0.000128336437585
10698,3.41807614401,0.000130993726242
10722,3.41806875189,0.000134049023725
10747,3.41806179313,0.00013725872511
10772,3.41805498476,0.000140500617439
10797,3.41804824964,0.000143854890953
10822,3.41804155227,0.000147541581462
10847,3.41803476651,0.000151774022918
10872,3.41802844128,0.00015663527013
10897,3.41802274858,0.00016204121346
10922,3.41801785531,0.000167782439789
10947,3.41801386568,0.000173598213032
10972,3.41801086457,0.000179240857448
10997,3.41800846258,0.000184513698283
11023,3.41800664782,0.000189285244696
11048,3.41800560328,0.00019348872347
11074,3.4180043345,0.000197113507262
11099,3.41800359798,0.000200191044091
11125,3.41800306115,0.000202777399513
11150,3.41800250519,0.000204934069572
11176,3.41800197855,0.000206710507755
11202,3.41800150715,0.000208131757014
11228,3.41800088718,0.000209194160381
11254,3.41800036688,0.00020987127595
11280,3.41800001696,0.000210130700399
11306,3.4179992524,0.000209958874439
11332,3.41799870836,0.000209385312215
11358,3.41799793151,0.000208492719057
11384,3.41799670018,0.000207398475236
11410,3.41799537598,0.000206204251563
11436,3.41799422645,0.000204930285803
11463,3.41799314892,0.000203469184046
11489,3.41799215763,0.000201594967449
11516,3.41799134708,0.000199038710752
11542,3.41799046885,0.000195603494619
11569,3.41798901989,0.000191264082875
11596,3.41798650203,0.000186201202416
11622,3.41798290847,0.000180754511319
11649,3.41797821588,0.000175319462186
11676,3.41797249024,0.000170235392033
11703,3.41796584783,0.000165706610944
11730,3.41795896163,0.00016177517625
11757,3.41795187629,0.00015834233777
11784,3.41794447403,0.000155226135575
11811,3.4179366689,0.000152244420314
11838,3.41792834319,0.00014931382885
11866,3.41791952641,0.000146546371559
11893,3.41790954796,0.000144307113817
11920,3.41789820327,0.000143184604798
11948,3.41788570409,0.000143844057017
11975,3.41787340275,0.000146789591929
12003,3.41786182133,0.000152131163345
12031,3.41785247404,0.000159479171128
12059,3.41784489205,0.000168037208147
12086,3.41784020322,0.000176849207917
12114,3.41783759671,0.000185064584525
12142,3.4178372359,0.000192084644418
12170,3.41783807611,0.000197551236444
12198,3.41783983251,0.00020124998875
12226,3.41784215075,0.000203040215939
12254,3.41784402947,0.000202868221628
12283,3.41784567093,0.000200831773606
12311,3.41784605638,0.000197219052865
12339,3.41784485945,0.00019247087575
12368,3.41784157297,0.000187078286118
12396,3.41783680259,0.000181471899877
12425,3.41782969936,0.000175987609285
12454,3.41782030224,0.000171138782546
12482,3.41780827306,0.000168485325175
12511,3.4177943027,0.000170587626996
12540,3.4177829785,0.000177627992582
12569,3.41777698739,0.000185894924933
12598,3.41777392199,0.000192265427937
12627,3.41777157341,0.000196537869684
12656,3.41776932217,0.000199539585891
12685,3.4177666122,0.000201829187934
12714,3.41776404992,0.000203684269815
12744,3.41776064293,0.000205279886319
12773,3.4177575697,0.000206757594071
12802,3.41775372805,0.000208233238241
12832,3.417750126,0.00020978890287
12862,3.41774623857,0.000211473032769
12891,3.41774222291,0.000213308508459
12921,3.41773841164,0.000215300149192
12951,3.41773450683,0.000217439695276
12981,3.41773083611,0.000219711144103
13011,3.41772706564,0.000222098365318
13041,3.41772347758,0.000224594109195
13071,3.41771967791,0.000227207810108
13101,3.41771589102,0.000229968501174
13131,3.41771243284,0.000232923247299
13161,3.41770898471,0.000236133517293
13192,3.41770534049,0.000239670887166
13222,3.4177019188,0.000243613170976
13252,3.41769850461,0.000248043354136
13283,3.41769552284,0.000253053081563
13314,3.41769278212,0.000258747629191
13344,3.41769055426,0.000265244726121
13375,3.41768944586,0.000272668066207
13406,3.4176891931,0.000281142750362
13437,3.41769085181,0.000290772912142
13468,3.41769564546,0.000301418953072
13499,3.41770491359,0.000311804044316
13530,3.41771953254,0.000318534223008
13561,3.41773607013,0.00031825858866
13592,3.41774995088,0.000311973462426
13624,3.4177593201,0.000303640442463
13655,3.41776624022,0.000295346763335
13687,3.417772278,0.000286985905844
13718,3.41777759589,0.000278154847262
13750,3.41778199594,0.000268712978445
13781,3.41778546245,0.000258640569526
13813,3.41778845012,0.000247930923731
13845,3.41779028479,0.000236526797602
13877,3.41779174375,0.000224267396617
13909,3.41779205185,0.000210886122953
13941,3.41779133837,0.000196084259083
13973,3.41778846341,0.000179704943723
14005,3.41778233935,0.000162112894398
14038,3.41777206996,0.000144726262317
14070,3.41775762063,0.000129763231709
14102,3.4177410108,0.00011847903065
14135,3.41772461577,0.0001102798719
14168,3.41770814004,0.000104300769737
14200,3.41769179613,0.000100332213973
14233,3.41767590423,9.82107385851e-05
14266,3.41766106709,9.76162960215e-05
14299,3.41764673191,9.82977552815e-05
14332,3.41763299359,0.000100125679111
14365,3.41762089888,0.000102994315657
14398,3.41761006808,0.000106664105144
14431,3.41760080372,0.000110596138853
14464,3.41759340558,0.000113946903272
14498,3.41758693788,0.000115930956996
14531,3.41758062367,0.000116386511603
14565,3.41757294581,0.000115928080541
14598,3.41756486152,0.000115421710399
14632,3.4175558788,0.000115367489503
14665,3.41754683968,0.000115793651058
14699,3.41753768618,0.000116530831896
14733,3.41752858562,0.000117438186764
14767,3.41751965997,0.000118449759947
14801,3.41751076971,0.000119542426657
14835,3.41750154443,0.000120708169963
14870,3.4174921944,0.000121943632589
14904,3.41748307358,0.00012324772743
14938,3.41747389653,0.000124621075607
14973,3.41746416199,0.000126065432497
15007,3.41745461258,0.000127583051944
15042,3.41744475001,0.000129176225686
15076,3.41743464221,0.000130845873142
15111,3.41742442973,0.000132586876744
15146,3.4174139492,0.000134376680029
15181,3.41740315978,0.000136160747218
15216,3.41739226836,0.000137857240111
15251,3.41738081236,0.000139407708554
15286,3.41736865462,0.000140850768536
15321,3.41735549055,0.000142334996224
15357,3.41734175202,0.000144031379027
15392,3.41732694574,0.00014603013116
15428,3.41731152623,0.000148325082123
15463,3.41729470569,0.000150875638791
15499,3.41727697878,0.000153665533181
15535,3.41725750656,0.000156720116785
15570,3.41723652856,0.000160098281285
15606,3.41721368782,0.000163882597299
15642,3.41718801649,0.000168175288026
15678,3.41715929071,0.000173103600717
15714,3.41712580534,0.000178864959605
15751,3.41708624369,0.000185951107755
15787,3.41703794648,0.000195947655623
15823,3.41697580891,0.000213455465408
15860,3.41689826573,0.000248638436148
15896,3.41681037917,0.000316873493504
15933,3.41673290049,0.00043047280848
15970,3.41669493634,0.00058450881707
16007,3.41671853599,0.000750837892177
16043,3.4167997274,0.000892080605761
16080,3.41691011079,0.000985528688986
16117,3.41701828645,0.00103412265233
16155,3.41710802509,0.00105704037269
16192,3.417180036,0.00107325795943
16229,3.41724410171,0.00109224705482
16267,3.41731019881,0.00111396836253
16304,3.41738358291,0.001133139723
16342,3.41746393648,0.00114351640249
16379,3.41754828424,0.00114072908279
16417,3.41763160005,0.00112353506702
16455,3.41770946574,0.0010934656115
16493,3.41778005998,0.00105314157786
16531,3.4178429206,0.00100436597068
16569,3.41789704427,0.000947586663347
16607,3.41794054282,0.000883301729992
16646,3.41797050555,0.000813945538691
16684,3.41798523052,0.000744110652545
16722,3.4179861985,0.000678766622268
16761,3.41797694776,0.000621224315182
16800,3.41796135925,0.000572471092885
16838,3.41794216808,0.000531845385814
16877,3.41792169662,0.000498049095042
16916,3.41790108447,0.000469802488299
16955,3.41788090017,0.000446077453681
16994,3.41786053317,0.000426110386214
17033,3.417840684,0.000409350318059
17073,3.41782172364,0.000395403054163
17112,3.41780298171,0.000383984623585
17151,3.41778472674,0.000374887513813
17191,3.41776719626,0.000367961457477
17231,3.41775022018,0.000363106864117
17270,3.41773408967,0.000360277705172
17310,3.41771859991,0.00035948904935
17350,3.41770401295,0.000360817104923
17390,3.4176910983,0.000364367889262
17430,3.41767953973,0.000370181779538
17470,3.41767037775,0.0003780582336
17511,3.41766515711,0.000387349261726
17551,3.41766375023,0.00039685542599
17591,3.41766611825,0.000404985356077
17632,3.41767161731,0.000410225820446
17673,3.41767855234,0.000411738321809
17713,3.41768500616,0.000409731342064
17754,3.41768952092,0.000405338592219
17795,3.41769202668,0.000400046828847
17836,3.41769261133,0.000395022324684
17877,3.41769242449,0.000390732145981
17918,3.41769210284,0.000387021238442
17960,3.41769216293,0.000383489264661
18001,3.41769212237,0.000379857010007
18043,3.41769168799,0.000376100070645
18084,3.41769116589,0.000372347279448
18126,3.417690592,0.000368701953461
18168,3.41769002198,0.00036514404392
18210,3.41768950583,0.000361558423988
18252,3.41768870513,0.000357828631771
18294,3.4176880675,0.000353912053907
18336,3.41768691885,0.000349856889621
18378,3.41768574046,0.000345771449222
18420,3.41768403428,0.000341779302584
18463,3.41768176413,0.000337984625207
18505,3.41767955094,0.000334456666111
18548,3.41767727572,0.000331229987528
18591,3.4176746258,0.000328312854837
18634,3.41767219211,0.000325697596218
18677,3.41766973246,0.000323369361433
18720,3.41766693838,0.000321311091276
18763,3.41766465995,0.000319504765656
18806,3.41766262926,0.000317930017629
18849,3.41766055774,0.000316560462366
18893,3.41765857907,0.000315359014883
18936,3.41765720492,0.000314272980658
18980,3.41765582966,0.000313230473425
19024,3.41765505611,0.000312141285547
19068,3.41765406195,0.000310909371901
19112,3.41765366451,0.000309461166342
19156,3.41765297078,0.000307785085286
19200,3.41765231442,0.00030595731617
19244,3.41765126679,0.000304124666574
19289,3.41765029105,0.000302437106945
19333,3.41764922297,0.000300966232554
19378,3.41764848097,0.000299664040844
19422,3.41764797632,0.000298389098004
19467,3.41764783674,0.000296976523908
19512,3.41764785095,0.000295304581307
19557,3.4176479012,0.000293326128699
19602,3.41764784681,0.00029106454716
19647,3.41764790789,0.00028859117466
19692,3.41764726341,0.000286000524194
19738,3.41764652364,0.000283390243286
19783,3.41764550552,0.000280847563066
19829,3.4176446813,0.000278440425607
19875,3.41764341825,0.000276212846061
19920,3.41764244767,0.00027418327901
19966,3.41764139562,0.000272346207974
20012,3.41764021338,0.00027067557715
20059,3.41763941844,0.00026912967615
20105,3.41763865364,0.000267656673879
20151,3.4176383621,0.000266199687026
20198,3.41763821463,0.000264701354646
20244,3.4176378271,0.000263107207625
20291,3.41763814342,0.000261367941482
20338,3.41763837833,0.000259441158849
20385,3.41763906657,0.000257292057111
20432,3.41763940399,0.000254894265822
20479,3.41764022371,0.000252230190671
20526,3.41764059054,0.000249291859392
20573,3.41764084124,0.000246081258547
20621,3.41764113649,0.00024261082157
20668,3.41764152995,0.000238903417813
20716,3.41764104434,0.000234991844187
20763,3.41764093097,0.000230917351612
20811,3.41764033313,0.00022672801146
20859,3.41763905676,0.000222475991629
20907,3.41763816531,0.000218214576725
20956,3.41763648076,0.00021399528357
21004,3.41763451123,0.000209864617779
21052,3.4176326667,0.000205861619736
21101,3.41763025061,0.000202016028482
21150,3.41762810275,0.000198347092961
21198,3.41762544094,0.000194863683912
21247,3.41762282642,0.000191564966083
21296,3.41762016432,0.000188442141386
21345,3.4176175574,0.000185480570794
21394,3.41761486437,0.000182662223886
21444,3.41761207391,0.000179968033657
21493,3.41760943931,0.000177379940459
21543,3.41760683217,0.000174882446955
21592,3.41760412273,0.000172463470824
21642,3.41760161661,0.000170114547952
21692,3.41759884433,0.000167830549654
21742,3.41759642315,0.000165608846074
21792,3.41759357074,0.000163448479017
21842,3.41759090106,0.000161349065961
21893,3.41758845065,0.000159310081787
21943,3.41758587184,0.000157330273646
21994,3.41758316636,0.000155407321948
22045,3.41758054134,0.000153537788094
22095,3.41757812803,0.000151717253038
22146,3.41757561824,0.000149940572831
22197,3.41757297319,0.000148202137569
22249,3.41757047916,0.000146496166906
22300,3.41756822781,0.00014481701246
22351,3.4175654938,0.00014315943693
22403,3.41756335734,0.000141518729793
22454,3.41756076611,0.00013989106973
22506,3.41755849521,0.000138273520203
22558,3.41755596879,0.000136664272995
22610,3.41755347278,0.000135062608028
22662,3.41755121793,0.000133468910664
22714,3.41754869006,0.00013188460225
22767,3.4175463356,0.000130311915573
22819,3.41754397204,0.000128753751934
22872,3.4175416078,0.000127213420775
22925,3.41753892119,0.000125694431007
22977,3.41753630394,0.00012420024404
23030,3.41753375639,0.000122734140708
23083,3.41753133077,0.000121299072915
23137,3.41752876211,0.000119897592421
23190,3.4175259346,0.000118531800679
23243,3.41752345749,0.000117203348856
23297,3.41752096641,0.00011591356636
23351,3.4175183922,0.000114663523339
23405,3.41751565645,0.000113454160078
23459,3.41751312012,0.000112286365688
23513,3.41751052912,0.00011116104616
23567,3.4175077652,0.000110079053239
23621,3.41750509065,0.000109041063172
23676,3.41750258512,0.000108047453331
23730,3.41749992541,0.000107098191198
23785,3.41749724337,0.000106192755595
23840,3.41749458853,0.000105330182409
23895,3.41749195086,0.000104509157571
23950,3.41748920199,0.000103728143419
24005,3.41748666344,0.000102985483872
24060,3.41748417168,0.000102279531334
24116,3.41748151075,0.000101608702785
24171,3.41747895298,0.000100971510846
24227,3.41747637999,0.000100366624285
24283,3.41747368592,9.97928828468e-05
24339,3.41747140487,9.92492983787e-05
24395,3.41746867683,9.873512122e-05
24451,3.41746593578,9.82497520318e-05
24508,3.41746370539,9.77927483976e-05
24564,3.41746120259,9.73638200393e-05
24621,3.41745867572,9.69627130063e-05
24678,3.41745616226,9.65892188485e-05
24734,3.4174535941,9.62432116143e-05
24791,3.417451185,9.59247960442e-05
24849,3.41744885517,9.56346235211e-05
24906,3.4174462187,9.53742633294e-05
24963,3.41744376383,9.51464188724e-05
25021,3.41744132754,9.49548485119e-05
25079,3.41743871356,9.48037364546e-05
25136,3.41743632453,9.46967672999e-05
25194,3.41743381599,9.46364401272e-05
25252,3.41743129541,9.4623965928e-05
25311,3.41742899475,9.46599762036e-05
25369,3.4174264232,9.47457312882e-05
25427,3.41742391601,9.4884391925e-05
25486,3.41742113437,9.5082441299e-05
25545,3.41741867774,9.53513157868e-05
25604,3.41741585572,9.57095374352e-05
25663,3.41741348816,9.61845528249e-05
25722,3.41741051563,9.68131914533e-05
25781,3.41740816139,9.76384612594e-05
25841,3.41740542989,9.87016539316e-05
25900,3.41740321926,0.000100029401327
25960,3.41740080961,0.000101618793209
26020,3.41739895338,0.000103425175211
26080,3.41739747355,0.00010535875599
26140,3.41739630024,0.00010729359207
26200,3.41739571827,0.000109088524769
26260,3.41739542951,0.00011061457276
26321,3.41739548114,0.000111780145877
26382,3.41739558139,0.000112546252675
26442,3.41739579953,0.000112927646627
26503,3.4173958768,0.000112981350547
26565,3.41739559468,0.000112787910687
26626,3.4173951861,0.000112432106496
26687,3.41739445758,0.00011198835475
26749,3.41739401673,0.000111512954927
26810,3.41739303193,0.000111042834468
26872,3.41739226614,0.000110598361791
26934,3.41739127245,0.00011018814403
26996,3.41739008469,0.000109813612449
27058,3.41738893031,0.000109472626716
27121,3.41738807227,0.000109161792802
27183,3.41738675734,0.000108877726312
27246,3.41738550107,0.000108617477045
27309,3.4173843916,0.000108378674333
27372,3.41738310148,0.000108159441107
27435,3.41738191144,0.000107958231359
27498,3.41738070763,0.000107773746868
27561,3.41737928342,0.000107604845202
27625,3.41737818617,0.000107450461656
27689,3.41737681335,0.000107309640999
27753,3.41737576173,0.00010718145095
27817,3.4173743829,0.000107065056329
27881,3.41737321533,0.000106959646344
27945,3.41737194017,0.000106864506195
28009,3.41737082741,0.000106778981307
28074,3.41736970042,0.000106702519642
28139,3.41736844553,0.000106634664302
28203,3.41736704229,0.000106575058132
28269,3.41736582977,0.00010652343668
28334,3.41736471344,0.000106479649306
28399,3.41736366804,0.000106443635339
28464,3.41736237016,0.000106415424037
28530,3.41736134674,0.000106395085756
28596,3.41736010591,0.000106382777413
28662,3.41735866411,0.000106378684163
28728,3.41735751903,0.000106383012737
28794,3.41735642538,0.000106396026204
28860,3.41735540547,0.000106418014158
28927,3.41735415546,0.000106449318823
28994,3.41735288642,0.000106490323735
29061,3.41735181982,0.000106541492924
29127,3.41735069422,0.000106603418977
29195,3.41734945116,0.000106676841738
29262,3.41734835753,0.000106762685438
29329,3.41734690718,0.000106862121279
29397,3.41734593334,0.000106976494668
29465,3.41734479175,0.000107107341284
29533,3.41734373619,0.000107256142685
29601,3.41734230739,0.000107424083699
29669,3.41734130516,0.000107611573735
29737,3.41734031227,0.000107817825224
29806,3.41733915983,0.000108040321271
29875,3.4173379854,0.000108274487587
29944,3.41733695725,0.000108513707985
30013,3.41733616997,0.000108749814554
30082,3.41733506936,0.000108974128674
30151,3.41733388937,0.00010917888253
30221,3.41733319761,0.000109358890604
30290,3.41733222696,0.000109513076227
30360,3.41733134097,0.000109645290406
30430,3.41733018256,0.000109764413123
30500,3.41732929455,0.000109883424903
30571,3.41732831482,0.000110017859618
30641,3.41732706246,0.000110183826078
30712,3.41732584605,0.000110396186346
30782,3.41732484011,0.000110667307777
30853,3.41732335541,0.000111006612412
30925,3.41732210792,0.000111420870897
30996,3.41732096893,0.000111915344378
31067,3.41731993136,0.000112495223659
31139,3.41731888236,0.000113167051553
31211,3.41731746787,0.000113939453856
31283,3.41731670508,0.0001148223361
31355,3.41731565764,0.000115824001744
31427,3.41731496537,0.000116945452934
31500,3.41731435508,0.000118172935604
31572,3.4173137639,0.000119470423057
31645,3.41731373271,0.000120775408277
31718,3.41731381118,0.000122001433635
31791,3.41731426375,0.000123048993276
31864,3.41731516554,0.000123823715822
31938,3.41731593157,0.000124256976607
32011,3.41731672572,0.000124322189289
32085,3.41731747864,0.000124041113222
32159,3.41731803235,0.000123477812636
32233,3.41731828574,0.000122722689128
32308,3.41731849305,0.000121872357923
32382,3.41731806997,0.000121011876328
32457,3.41731772815,0.000120203620056
32531,3.41731727311,0.000119484285506
32606,3.4173165519,0.000118868105227
32682,3.41731584785,0.000118353380025
32757,3.41731492017,0.000117929474462
32832,3.41731432051,0.000117582325783
32908,3.41731340526,0.000117298033885
32984,3.41731267437,0.000117064486861
33060,3.41731201193,0.000116871893507
33136,3.41731109501,0.0001167125903
33213,3.41731041591,0.000116580594064
33289,3.41730990322,0.000116471232302
33366,3.41730890558,0.000116380812208
33443,3.41730831049,0.000116306313532
33520,3.41730770889,0.000116245325291
33597,3.41730704755,0.000116195877323
33675,3.41730621212,0.000116156368741
33752,3.41730534526,0.0001161254852
33830,3.41730493071,0.000116102132872
33908,3.41730415691,0.000116085439125
33986,3.41730354123,0.000116074618029
34065,3.41730260228,0.000116069014812
34143,3.41730212507,0.000116068004994
34222,3.41730137006,0.000116071074655
34301,3.41730092244,0.000116077716311
34380,3.41730011766,0.000116087513585
34459,3.4172995827,0.000116100054231
34539,3.41729905296,0.000116115003742
34618,3.41729847206,0.000116132066305
34698,3.41729766316,0.000116150992577
34778,3.41729700533,0.00011617155172
34858,3.41729664375,0.000116193552194
34939,3.41729603031,0.000116216851026
35019,3.41729553871,0.000116241292859
35100,3.41729508189,0.000116266751779
35181,3.41729442475,0.000116293116594
35262,3.41729362334,0.000116320272909
35343,3.41729305025,0.000116348100258
35425,3.41729247251,0.000116376502291
35506,3.41729201741,0.000116405373284
35588,3.41729148175,0.000116434621472
35670,3.41729048918,0.000116464163817
35752,3.41729035112,0.000116493862946
35835,3.41728955444,0.000116523681541
35917,3.41728913094,0.000116553500201
36000,3.41728853887,0.00011658325909
36083,3.41728787066,0.000116612884531
36166,3.41728734074,0.000116642309394
36250,3.41728695445,0.000116671489157
36333,3.41728647279,0.000116700410935
36417,3.41728575357,0.000116729094392
36501,3.41728528462,0.000116757592702
36585,3.41728487476,0.000116786064759
36669,3.4172843953,0.000116814786054
36754,3.41728368931,0.000116844194579
36839,3.41728299988,0.000116874919717
36924,3.41728257999,0.000116907829506
37009,3.4172819666,0.000116944065759
37094,3.41728147218,0.000116984964453
37180,3.41728121058,0.000117032009583
37265,3.41728029501,0.000117086726909
37351,3.41727966291,0.000117150408725
37437,3.41727929741,0.000117224009647
37524,3.41727884855,0.000117307940269
37610,3.41727814933,0.000117401917216
37697,3.41727743407,0.000117504908033
37784,3.41727696541,0.000117615196458
37871,3.41727665338,0.000117730541736
37958,3.4172760238,0.000117848392578
38046,3.41727556288,0.000117966079855
38133,3.41727496821,0.00011808109966
38221,3.41727462039,0.000118191235629
38309,3.41727424015,0.000118294711771
38398,3.4172737885,0.000118390202624
38486,3.41727324629,0.000118476833133
38575,3.41727292334,0.000118554135322
38664,3.41727223503,0.000118622057494
38753,3.41727184525,0.000118680874227
38842,3.41727145494,0.000118731273813
38932,3.41727105655,0.000118774350552
39022,3.41727030727,0.00011881167754
39112,3.41726998448,0.000118845306114
39202,3.41726937256,0.000118877885954
39292,3.41726927875,0.0001189125476
39383,3.41726854047,0.000118952949455
39473,3.41726810113,0.000119002983088
39564,3.4172674366,0.000119066656402
39656,3.41726719012,0.000119147672846
39747,3.41726629554,0.000119249129845
39839,3.41726573993,0.000119372946425
39931,3.41726534356,0.000119519548029
40023,3.41726488006,0.000119687483953
40115,3.41726413262,0.000119873244232
40207,3.41726399056,0.000120071274451
40300,3.41726318196,0.000120274425223
40393,3.41726303905,0.000120474404437
40486,3.41726261769,0.000120662800941
40579,3.41726214007,0.00012083194005
40673,3.41726172477,0.000120975881066
40767,3.4172614112,0.000121091185884
40861,3.41726114873,0.000121177370319
40955,3.41726059094,0.000121236966194
41049,3.41726030703,0.000121275136423
41144,3.41725977769,0.0001212990836
41239,3.41725931452,0.000121317131182
41334,3.41725883782,0.000121337882032
41429,3.41725846029,0.000121369417388
41525,3.41725778235,0.00012141874003
41620,3.41725709318,0.000121491384584
41716,3.41725649842,0.000121591319665
41812,3.41725588834,0.000121720986922
41909,3.4172553907,0.000121881426439
42005,3.41725485083,0.000122072485577
42102,3.4172542164,0.00012229300907
42199,3.41725358969,0.000122541039247
42297,3.41725303019,0.000122814021961
42394,3.41725261601,0.000123109002588
42492,3.41725182719,0.000123422844802
42590,3.41725153825,0.000123752346013
42688,3.41725099648,0.000124094511919
42786,3.41725037184,0.000124446594865
42885,3.41724988348,0.000124806211283
42984,3.41724962436,0.000125171387203
43083,3.41724889067,0.000125540579941
43182,3.41724866944,0.00012591255185
43282,3.41724815423,0.000126286443635
43382,3.41724789793,0.000126661596433
43482,3.41724731077,0.00012703758392
43582,3.41724700931,0.000127414073054
43682,3.41724665633,0.000127790862417
43783,3.41724619031,0.000128167805555
43884,3.41724595446,0.000128544784214
43985,3.41724546799,0.000128921740014
44086,3.41724530345,0.000129298594657
44188,3.41724481875,0.000129675329679
44290,3.4172448002,0.000130051882986
44392,3.41724435097,0.000130428264561
44494,3.41724414879,0.000130804431163
44597,3.41724379105,0.000131180386253
44700,3.41724355188,0.000131556112076
44803,3.41724320029,0.00013193161421
44906,3.41724294317,0.000132306884766
45010,3.41724256325,0.000132681935176
45113,3.41724245662,0.000133056755686
45217,3.41724233768,0.000133431365362
45322,3.41724201158,0.000133805782076
45426,3.41724173743,0.000134180008152
45531,3.41724141043,0.000134554062354
45636,3.41724111411,0.000134927958405
45741,3.41724096713,0.000135301711175
45846,3.41724097622,0.000135675342848
45952,3.41724054521,0.000136048903048
46058,3.41724029539,0.000136422397247
46164,3.41724014495,0.000136795864043
46271,3.41723997844,0.000137169350166
46377,3.41723961593,0.0001375429138
46484,3.41723970377,0.000137916591418
46591,3.41723952911,0.000138290489363
46699,3.41723939507,0.000138664692717
46806,3.41723902059,0.000139039335284
46914,3.41723870917,0.000139414558479
47023,3.41723872002,0.000139790543517
47131,3.41723850034,0.000140167549771
47240,3.41723847532,0.000140545847842
47348,3.41723817155,0.000140925801175
47458,3.4172382541,0.00014130778465
47567,3.41723782301,0.000141692294954
47677,3.41723769908,0.000142079809463
47787,3.41723768059,0.000142470889392
47897,3.41723738573,0.000142866129854
48007,3.41723734397,0.000143266094217
48118,3.4172369568,0.000143671375561
48229,3.41723686057,0.000144082471686
48340,3.41723701451,0.000144499838819
48451,3.41723654534,0.000144923873995
48563,3.41723634741,0.000145354784289
48675,3.41723655208,0.000145792678792
48787,3.41723640742,0.000146237566548
48900,3.41723623934,0.000146689273151
49012,3.41723619692,0.000147147502096
49125,3.41723592574,0.00014761186405
49239,3.41723558814,0.000148081853626
49352,3.41723589681,0.000148556871915
49466,3.4172356433,0.000149036359886
49580,3.41723583457,0.000149519644366
49694,3.41723563659,0.000150006138015
49809,3.4172356076,0.000150495218212
49924,3.417235298,0.000150986347726
50039,3.41723554745,0.000151478984526
50154,3.41723557463,0.0001519727166
50270,3.417235347,0.000152467159601
50386,3.41723540282,0.000152961963089
50502,3.41723554477,0.000153456865041
50618,3.41723569323,0.000153951648514
50735,3.41723580152,0.000154446139032
50852,3.41723556246,0.000154940211247
50969,3.4172359475,0.000155433712725
51086,3.41723554888,0.000155926624087
51204,3.41723600014,0.000156418807521
51322,3.417236215,0.000156910264852
51441,3.41723613384,0.000157400963459
51559,3.41723621634,0.000157890856219
51678,3.41723627624,0.000158379933009
51797,3.41723640965,0.000158868176354
51917,3.41723655609,0.000159355580423
52036,3.41723690574,0.000159842131093
52156,3.41723673294,0.000160327859679
52276,3.41723721004,0.000160812710468
52397,3.41723752257,0.000161296722104
52518,3.41723732559,0.000161779912111
52639,3.41723761875,0.00016226223442
52760,3.41723792026,0.000162743712421
52882,3.41723814329,0.000163224349801
53004,3.41723817235,0.000163704149973
53126,3.41723842372,0.000164183088599
53248,3.41723876099,0.00016466116493
53371,3.41723864891,0.000165138394236
53494,3.41723912839,0.000165614711905
53617,3.41723931453,0.000166090142147
53741,3.41723949686,0.000166564647886
53865,3.41723973351,0.000167038198419
53989,3.41724008953,0.000167510757734
54114,3.41723999218,0.000167982316136
54238,3.41724044689,0.00016845278149
54363,3.41724076616,0.000168922139962
54489,3.41724103486,0.000169390335196
54614,3.41724167846,0.000169857289544
54740,3.41724164604,0.00017032299476
54866,3.41724227299,0.000170787320368
54993,3.41724218928,0.000171250267662
55120,3.4172425551,0.000171711708929
55247,3.41724307089,0.000172171587259
55374,3.41724352797,0.000172629839681
55502,3.41724388705,0.000173086393602
55630,3.41724406451,0.000173541178009
55758,3.417244453,0.000173994097425
55886,3.41724508382,0.000174445074775
56015,3.41724537282,0.000174894065022
56144,3.41724594546,0.000175340962291
56274,3.41724621296,0.000175785724119
56404,3.41724632785,0.000176228271722
56534,3.41724723134,0.000176668487385
56664,3.41724726863,0.000177106389669
56795,3.41724766095,0.00017754185107
56925,3.41724840328,0.000177974810094
57057,3.41724899541,0.000178405234138
57188,3.41724952539,0.000178833063333
57320,3.41724967625,0.000179258262514
57452,3.41725007793,0.000179680750603
57585,3.41725082574,0.000180100478343
57717,3.41725136773,0.000180517434838
57850,3.41725191553,0.000180931573572
57984,3.41725221288,0.000181342877728
58117,3.41725277023,0.000181751295445
58251,3.41725362537,0.000182156806327
58386,3.4172543667,0.000182559421817
58520,3.41725469328,0.000182959157385
58655,3.41725511582,0.000183355997529
58790,3.41725577257,0.000183749962686
58926,3.41725612996,0.000184141130565
59062,3.41725697955,0.000184529535261
59198,3.41725759664,0.000184915328692
59334,3.41725835191,0.000185298650433
59471,3.41725850788,0.000185679759777
59608,3.41725949191,0.000186058873587
59746,3.41726007168,0.000186436446165
59883,3.41726057977,0.000186812959761
60021,3.4172613035,0.00018718903341
60160,3.41726186655,0.000187565478902
60299,3.41726303307,0.000187943222936
60438,3.4172632504,0.000188323515022
60577,3.41726411768,0.000188707639218
60716,3.41726500852,0.000189097213684
60856,3.41726547002,0.000189494050487
60997,3.41726614631,0.000189900079818
61137,3.41726716917,0.000190317394868
61278,3.41726751576,0.000190748220747
61420,3.4172685169,0.000191194625952
61561,3.41726947975,0.000191658646163
61703,3.41726998868,0.000192142009262
61845,3.41727072892,0.000192645917418
61988,3.41727135701,0.000193170975954
62131,3.41727279501,0.000193716861602
62274,3.41727337103,0.000194282336792
62418,3.41727461614,0.000194864727874
62561,3.41727564812,0.000195460074913
62706,3.41727667489,0.000196062803327
62850,3.41727808164,0.00019666569948
62995,3.4172793363,0.000197259963651
63140,3.41728051775,0.000197835187718
63286,3.41728212793,0.000198379511768
63432,3.41728370381,0.000198879932007
63578,3.41728562823,0.000199322499408
63725,3.41728732973,0.00019969279335
63871,3.4172892217,0.000199976227282
64019,3.41729109099,0.000200158591107
64166,3.41729336613,0.000200226432648
64314,3.4172951952,0.00020016760935
64462,3.41729755841,0.000199971505864
64611,3.41729908324,0.000199629619641
64760,3.41730172385,0.000199135494041
64909,3.41730409774,0.000198485287535
65059,3.41730599248,0.000197677599519
65209,3.41730860552,0.000196713458846
65359,3.41731060196,0.000195596472292
65510,3.41731275218,0.000194332408815
65661,3.41731446145,0.000192929198455
65812,3.41731631075,0.000191396550651
65964,3.4173183883,0.000189745794009
66116,3.41731941766,0.000187989663913
66268,3.41732113611,0.00018614180921
66421,3.41732245243,0.000184216879999
66574,3.41732371157,0.000182230075882
66728,3.41732479173,0.000180197051251
66882,3.41732559297,0.000178133701205
67036,3.41732679222,0.000176055939112
67190,3.41732667687,0.000173979670721
67345,3.41732726875,0.000171920274441
67500,3.41732814012,0.000169892693726
67656,3.41732802908,0.000167911099045
67812,3.41732840191,0.000165988437867
67968,3.41732813497,0.000164136406947
68125,3.41732748827,0.000162364962405
68282,3.4173277118,0.000160682062052
68440,3.41732673441,0.000159093623637
68597,3.41732711696,0.000157602963265
68755,3.41732659593,0.000156211129383
68914,3.41732598045,0.000154916523439
69073,3.41732562441,0.000153715162206
69232,3.41732485538,0.000152600913653
69392,3.417324148,0.000151565719912
69552,3.41732409698,0.000150600061886
69712,3.41732368897,0.000149693527713
69873,3.41732326052,0.000148835221388
70034,3.41732281873,0.000148014390831
70195,3.41732255303,0.000147220938494
70357,3.41732194911,0.000146445938804
70519,3.41732164312,0.000145681954624
70682,3.41732090779,0.000144923435889
70845,3.41732147747,0.000144166727538
71008,3.41732084312,0.000143410399445
71172,3.41732015018,0.000142654836888
71336,3.41731981029,0.000141902243159
71500,3.41731978079,0.000141156354253
71665,3.41731948337,0.000140422103446
71830,3.41731895073,0.000139705196742
71996,3.41731830418,0.000139011745449
72162,3.41731758601,0.000138347896331
72328,3.41731739785,0.000137719462943
72495,3.41731686606,0.000137131715434
72662,3.41731613133,0.000136589049375
72829,3.4173160815,0.000136094834855
72997,3.41731490013,0.000135651460685
73166,3.41731447107,0.000135260051973
73334,3.41731406234,0.000134920753921
73503,3.417313171,0.000134632701424
73673,3.41731283924,0.000134394091149
73843,3.41731217276,0.000134202472294
74013,3.41731113545,0.000134054809351
74183,3.41731090027,0.000133947651204
74354,3.41731016109,0.000133877459317
74526,3.41730977662,0.000133840602741
74698,3.41730916741,0.000133833663917
74870,3.41730872455,0.000133853491392
75042,3.41730847351,0.000133897378057
75215,3.41730756147,0.000133963183222
75389,3.41730750957,0.000134049281359
75563,3.41730697757,0.000134154816658
75737,3.41730608235,0.000134279555868
75911,3.41730642622,0.000134423881984
76086,3.41730596412,0.000134588964807
76262,3.41730580146,0.000134776437592
76438,3.41730524992,0.000134988512315
76614,3.4173044202,0.000135227777817
76790,3.41730469151,0.000135497063426
76967,3.41730453737,0.000135799472471
77145,3.41730388798,0.000136138067509
77323,3.41730317687,0.000136515759138
77501,3.41730396393,0.000136935130155
77680,3.41730334073,0.000137398511625
77859,3.41730291732,0.00013790748232
78038,3.41730248195,0.000138462992694
78218,3.41730261467,0.000139065145738
78398,3.41730250619,0.000139713190359
78579,3.41730254245,0.000140405343711
78760,3.41730312474,0.000141138790654
78942,3.41730221978,0.000141909763862
79124,3.41730320732,0.000142713224838
79306,3.41730243747,0.000143543413758
79489,3.41730300072,0.000144393336799
79672,3.41730378278,0.000145255309277
79856,3.41730432585,0.000146120862702
80040,3.4173051458,0.000146980860587
80225,3.4173066171,0.000147825692883
80410,3.41730696963,0.00014864552405
80595,3.41730762375,0.000149430232103
80781,3.41730889366,0.000150169768312
80967,3.41730924735,0.000150854365992
81154,3.41731049304,0.0001514744831
81341,3.41731200139,0.000152021218789
81528,3.41731400681,0.000152486318636
81716,3.41731468545,0.000152862439789
81904,3.41731716773,0.000153142954407
82093,3.41731894602,0.00015332251932
82283,3.41732001772,0.000153396786124
82472,3.41732074595,0.00015336254745
82662,3.41732225178,0.000153217746853
82853,3.41732476123,0.000152961557392
83044,3.41732581874,0.000152594443137
83235,3.417327125,0.000152117813918
83427,3.417328477,0.000151534238659
83619,3.41733054081,0.000150847246615
83812,3.41733222511,0.000150061354377
84005,3.41733409475,0.000149181813928
84199,3.41733530951,0.000148214637913
84393,3.4173366531,0.000147166351767
84588,3.41733809278,0.000146043982021
84783,3.41733818226,0.000144854961517
84978,3.41734065407,0.000143606733043
85174,3.41734067343,0.000142307218975
85370,3.41734259836,0.000140963966212
85567,3.41734288949,0.000139584763996
85765,3.41734361915,0.000138176992804
85962,3.41734546541,0.00013674783731
86160,3.41734451309,0.00013530434217
86359,3.41734520872,0.000133852837929
86558,3.41734724457,0.000132399421173
86758,3.41734659474,0.000130949869959
86958,3.41734693973,0.000129509178711
87158,3.41734741402,0.000128082019274
87359,3.41734714625,0.000126672557766
87560,3.41734875995,0.000125284329139
87762,3.41734727548,0.000123920656734
87965,3.41734786728,0.000122584016516
88167,3.41734741354,0.000121276733118
88371,3.41734821374,0.000120000507792
88574,3.41734793822,0.000118756806582
88778,3.41734803629,0.000117546593702
88983,3.41734739096,0.000116370586774
89188,3.41734759739,0.000115229107487
89394,3.41734695655,0.000114122319745
89600,3.4173467389,0.000113050049599
89806,3.41734676344,0.000112011966228
90014,3.41734631191,0.000111007579924
90221,3.41734577037,0.000110036216662
90429,3.41734641291,0.000109097052783
90637,3.4173454395,0.000108189297305
90846,3.41734449747,0.00010731194084
91056,3.41734493186,0.000106463928959
91266,3.41734369818,0.000105644305464
91476,3.41734447272,0.000104851881583
91687,3.4173430701,0.000104085701126
91898,3.41734229948,0.000103344593728
92110,3.417342996,0.000102627461344
92323,3.41734345965,0.000101933300659
92535,3.41734238843,0.00010126112002
92749,3.4173421634,0.000100609848256
92962,3.41734226793,9.99785345578e-05
93177,3.41734021324,9.9366321661e-05
93392,3.4173409333,9.87721745575e-05
93607,3.41734055696,9.819535435e-05
93823,3.41733961655,9.76350339358e-05
94039,3.41734074868,9.70903669998e-05
94256,3.41733917822,9.65607580442e-05
94473,3.41733767545,9.60454354929e-05
94691,3.41733834381,9.55436859318e-05
94909,3.41733726738,9.50550010912e-05
95128,3.41733749322,9.45787128087e-05
95347,3.41733824563,9.41142933655e-05
95567,3.41733824902,9.36612601342e-05
95787,3.41733637247,9.32191560237e-05
96008,3.41733625686,9.27874222903e-05
96229,3.41733607937,9.23656764998e-05
96451,3.41733537146,9.19535240358e-05
96674,3.41733479591,9.15505633366e-05
96896,3.41733539804,9.11564050042e-05
97120,3.41733534654,9.07707571072e-05
97344,3.41733414337,9.03933108166e-05
97568,3.41733440382,9.00236929533e-05
97793,3.41733372638,8.96616797153e-05
98018,3.41733438069,8.93069396633e-05
98244,3.41733280882,8.89593083507e-05
98471,3.41733437085,8.86184019626e-05
98698,3.4173335673,8.82841317303e-05
98925,3.41733269825,8.79562174822e-05
99153,3.41733225138,8.76344370841e-05
99382,3.41733065388,8.73186311442e-05
99611,3.41733200968,8.70085043724e-05
99841,3.41733135857,8.67040014988e-05
100071,3.41733009895,8.64049126965e-05
100302,3.41733187594,8.61109794689e-05
100533,3.41733177527,8.58221664647e-05
100765,3.41733223219,8.55382592108e-05
100997,3.41733041214,8.52591816115e-05
101230,3.41733112603,8.49846722419e-05
101464,3.41733090875,8.47146817542e-05
101697,3.41732924167,8.44490919623e-05
101932,3.41732963474,8.41876900753e-05
102167,3.41732936217,8.39304220604e-05
102402,3.41732864801,8.36771651433e-05
102638,3.41732829942,8.34277864859e-05
102875,3.41732766366,8.31821929337e-05
103112,3.41733041823,8.29401897881e-05
103350,3.41732856024,8.27018696346e-05
103588,3.41732656925,8.24670250498e-05
103827,3.41732836747,8.22354665689e-05
104066,3.41732779423,8.2007250922e-05
104306,3.4173266399,8.17822459807e-05
104547,3.41732706491,8.15603142245e-05
104788,3.41732570377,8.13414530814e-05
105029,3.41732866372,8.1125437008e-05
105271,3.41732684979,8.09124046114e-05
105514,3.41732786204,8.07021005637e-05
105757,3.41732648414,8.04945757973e-05
106001,3.41732467166,8.02897138976e-05
106245,3.41732411958,8.00874073729e-05
106490,3.41732604208,7.98875626331e-05
106736,3.41732773449,7.96901799341e-05
106982,3.41732347297,7.94953312489e-05
107228,3.41732373389,7.93027133543e-05
107476,3.41732552996,7.91123390361e-05
107723,3.41732518637,7.89242381729e-05
107972,3.41732531056,7.87382969063e-05
108221,3.41732461442,7.85544932415e-05
108470,3.41732559436,7.83727197903e-05
108720,3.41732324311,7.81930429935e-05
108971,3.41732338046,7.80152826095e-05
109222,3.41732265337,7.78394700149e-05
109474,3.41732294241,7.76655183574e-05
109726,3.4173236064,7.74933996932e-05
109979,3.41732305192,7.73231087731e-05
110233,3.41732280185,7.71545708921e-05
110487,3.41732274181,7.69877496902e-05
110741,3.41732446314,7.68225715396e-05
110997,3.41732324041,7.66591058626e-05
111253,3.41732341539,7.64972192013e-05
111509,3.41732288084,7.63369239188e-05
111766,3.41732261016,7.61781641984e-05
112024,3.41732074768,7.60209481794e-05
112282,3.41732328707,7.58651102e-05
112541,3.41732160313,7.57108103155e-05
112800,3.41732374176,7.55578391319e-05
113060,3.41732008472,7.54063791352e-05
113321,3.41732347979,7.52561169942e-05
113582,3.41732030293,7.51073240301e-05
113844,3.41732126302,7.49597360037e-05
114106,3.41732174817,7.48134264565e-05
114369,3.41732128995,7.46683780961e-05
114633,3.41732014244,7.45245582575e-05
114897,3.41732078924,7.43818862259e-05
115162,3.41732000384,7.42404061563e-05
115428,3.41731955165,7.41000538081e-05
115694,3.41732140241,7.39607611649e-05
115960,3.41731978616,7.38226280587e-05
116228,3.41731899316,7.36855367797e-05
116496,3.41731838072,7.35494767684e-05
116764,3.41732147628,7.34143480449e-05
117033,3.41731768795,7.3280354207e-05
117303,3.41731850529,7.31472247789e-05
117574,3.41731774748,7.301506884e-05
117845,3.41732042592,7.28837560079e-05
118116,3.41731838167,7.27534372457e-05
118389,3.41732081798,7.26238934698e-05
118662,3.41732075473,7.24952504645e-05
118935,3.41731919434,7.23674640667e-05
119209,3.41731751996,7.2240482354e-05
119484,3.41731967529,7.21141997028e-05
119759,3.41731979894,7.19887177395e-05
120036,3.41731838392,7.18640037116e-05
120312,3.41731820329,7.17399771808e-05
120590,3.4173172429,7.16166585359e-05
120868,3.41731647649,7.14940054634e-05
121146,3.41731832276,7.13719457072e-05
121425,3.41731799264,7.12505577322e-05
121705,3.41731664753,7.11297955672e-05
121986,3.4173190137,7.10095394345e-05
122267,3.4173170678,7.08899348129e-05
122549,3.41731633923,7.07708455085e-05
122832,3.41731967297,7.06521917309e-05
123115,3.41731767722,7.05341467974e-05
123398,3.41732026545,7.04164850924e-05
123683,3.41731688421,7.02994035823e-05
123968,3.41731578795,7.01827117302e-05
124254,3.41731867038,7.00663548766e-05
124540,3.41731557498,6.99505173248e-05
124827,3.41731540125,6.98349969885e-05
125115,3.41731529792,6.97198330526e-05
125404,3.41731928966,6.96049246333e-05
125693,3.41731686069,6.9490467473e-05
125982,3.4173194045,6.93762115729e-05
126273,3.41731790956,6.92623225284e-05
126564,3.41731593254,6.91487109726e-05
126856,3.41731777758,6.90352735185e-05
127148,3.41731628921,6.89221391354e-05
127441,3.41732006478,6.88091193749e-05
127735,3.4173181438,6.86964208657e-05
128029,3.41731544979,6.8583930848e-05
128324,3.41731832221,6.84715097451e-05
128620,3.41731631702,6.83593555156e-05
128917,3.41731663093,6.82473134744e-05
129214,3.4173164205,6.81354311596e-05
129512,3.41731655789,6.80236829351e-05
129811,3.41731582616,6.7912086016e-05
130110,3.41731402592,6.7800638552e-05
130410,3.41731469299,6.76892660212e-05
130710,3.41731637747,6.75779943513e-05
131012,3.41731587446,6.74668853767e-05
131314,3.41731695881,6.73558644393e-05
131616,3.41731552196,6.72450140394e-05
131920,3.41731347126,6.71342995381e-05
132224,3.41731565507,6.70236304743e-05
132529,3.41731508221,6.69131504793e-05
132834,3.41731556565,6.68027927361e-05
133140,3.41731356317,6.66926361394e-05
133447,3.41731851471,6.65825078636e-05
133755,3.41731576651,6.64727066405e-05
134063,3.41731833009,6.63629937379e-05
134372,3.41731172228,6.62536668003e-05
134682,3.41731162928,6.61444392961e-05
134993,3.41731471538,6.60353958629e-05
135304,3.41731891587,6.59265977383e-05
135616,3.41731556553,6.58182345177e-05
135928,3.41731595333,6.57101124429e-05
136242,3.41731451058,6.56023641666e-05
136556,3.41731508361,6.54949424836e-05
136871,3.41731472597,6.538793185e-05
137186,3.41731190319,6.5281390492e-05
137502,3.41731400141,6.51752073235e-05
137819,3.41731586875,6.50695118205e-05
138137,3.4173147586,6.49643878905e-05
138455,3.41731338064,6.48598162252e-05
138775,3.41731372029,6.47557921319e-05
139094,3.41731397221,6.46523833084e-05
139415,3.41731544988,6.45495986265e-05
139737,3.41731209319,6.44475863487e-05
140059,3.41731327074,6.43462035435e-05
140382,3.41731435164,6.42455714885e-05
140705,3.4173120041,6.41457863036e-05
141029,3.41731740416,6.40466714628e-05
141355,3.41731657665,6.39485218987e-05
141680,3.41731219106,6.38513193251e-05
142007,3.41731684256,6.3754859849e-05
142334,3.41731535304,6.36594575023e-05
142663,3.41731206894,6.35650604726e-05
142991,3.41731281548,6.3471588878e-05
143321,3.41731403817,6.33791362366e-05
143651,3.41731211492,6.32877956384e-05
143983,3.41730949211,6.31975461796e-05
144314,3.41731580062,6.31082330714e-05
144647,3.41731374714,6.30201974963e-05
144981,3.41730733939,6.29333849678e-05
145315,3.41731094013,6.28475493072e-05
145650,3.41731178255,6.27629423117e-05
145986,3.41731420153,6.26794990719e-05
146322,3.41731578161,6.25972769545e-05
146659,3.41731291752,6.25163530387e-05
146997,3.41731075975,6.2436642259e-05
147336,3.41731681041,6.23580152777e-05
147676,3.41731445682,6.22807810864e-05
148016,3.41731048239,6.22048194742e-05
148358,3.41731233315,6.21299969822e-05
148700,3.41731227163,6.20564547326e-05
149042,3.41731196817,6.19841607843e-05
149386,3.41731068991,6.19131251657e-05
149730,3.417312755,6.18432647696e-05
150076,3.41730754685,6.17747651982e-05
150421,3.41731437349,6.17072692946e-05
150768,3.41731133667,6.1641163195e-05
151116,3.41730949095,6.1576236144e-05
151464,3.41731629139,6.15123416692e-05
151813,3.41731195192,6.14498224086e-05
152163,3.41730839492,6.1388448748e-05
152514,3.41731323738,6.13280680791e-05
152866,3.41731001844,6.12689589691e-05
153218,3.41731596846,6.12107944132e-05
153571,3.417314281,6.11538567954e-05
153925,3.41731710523,6.10979088938e-05
154280,3.41731116644,6.10431677162e-05
154636,3.41730813673,6.0989403571e-05
154992,3.41731306274,6.0936505102e-05
155350,3.41730980675,6.0884738223e-05
155708,3.41730959353,6.08338803903e-05
156067,3.41731111237,6.07839323901e-05
156426,3.41730918884,6.07349633631e-05
156787,3.41731344244,6.06867792722e-05
157148,3.4173088098,6.06396245161e-05
157511,3.41731049822,6.05932059007e-05
157874,3.41730584969,6.05477248042e-05
158238,3.41730510001,6.05029766935e-05
158602,3.41730827437,6.04589383637e-05
158968,3.41731278413,6.04156330169e-05
159335,3.41731127052,6.03731682407e-05
159702,3.41731152299,6.03313841174e-05
160070,3.41730604519,6.02903911252e-05
160439,3.41731029524,6.024989505e-05
160809,3.41731223548,6.02100872603e-05
161180,3.41730830711,6.01710097022e-05
161551,3.41730706659,6.01324914399e-05
161923,3.41731791839,6.00943474946e-05
162297,3.41730981279,6.00571047571e-05
162671,3.41730986663,6.00202676761e-05
163046,3.41730576265,5.99840345903e-05
163422,3.41730293171,5.99482925146e-05
163798,3.41731018337,5.99128700107e-05
164176,3.41731665562,5.98779412444e-05
164555,3.41731167053,5.98436772751e-05
164934,3.41731143336,5.98097787962e-05
165314,3.41730738417,5.97763809062e-05
165695,3.41730525201,5.97433691226e-05
166077,3.41731309237,5.97105890912e-05
166460,3.41730994262,5.96783940711e-05
166844,3.41731239232,5.96464816304e-05
167228,3.41730530744,5.96151039083e-05
167614,3.41730557453,5.95839547049e-05
168000,3.41731210025,5.95530422799e-05
168388,3.41730772493,5.95226551934e-05
168776,3.41730938108,5.94924883667e-05
169165,3.41730845631,5.94626822841e-05
169555,3.41730853344,5.94331654915e-05
169946,3.41730981773,5.94039258165e-05
170337,3.41730854585,5.93750204754e-05
170730,3.4173072797,5.93463971259e-05
171124,3.4173127996,5.93179306871e-05
171518,3.41730503074,5.92899626175e-05
171913,3.41731785734,5.92618983436e-05
172310,3.4173104382,5.92344400084e-05
172707,3.41730726657,5.92071568159e-05
173105,3.41730141109,5.91801632792e-05
173504,3.41731054376,5.91531481176e-05
173904,3.4173124968,5.91264902079e-05
174305,3.41730282403,5.91002615292e-05
174707,3.4173106119,5.90739545234e-05
175110,3.41731352296,5.90479513315e-05
175513,3.41730986951,5.90222769981e-05
175918,3.41730051917,5.89969126296e-05
176323,3.41731170726,5.89714018094e-05
176730,3.41730491632,5.89464060399e-05
177137,3.41730065118,5.89215682161e-05
177546,3.41731234285,5.88966539263e-05
177955,3.41730648481,5.88722379359e-05
178365,3.41730547413,5.88479315186e-05
178776,3.41730452073,5.88238147201e-05
179188,3.41730874289,5.8799797102e-05
179601,3.41730021485,5.87761848448e-05
180015,3.41731056479,5.87524317918e-05
180430,3.41731228533,5.87290090635e-05
180846,3.41731255911,5.87057911924e-05
181263,3.41731154834,5.86827735648e-05
181681,3.41730277472,5.8660065653e-05
182100,3.4173076481,5.86372983139e-05
182520,3.41731101526,5.86147301938e-05
182941,3.41730982775,5.85924120683e-05
183362,3.41731726237,5.85701166155e-05
183785,3.41730774545,5.85482808242e-05
184209,3.41730180108,5.8526551599e-05
184633,3.41730850733,5.85047723807e-05
185059,3.41730860543,5.84832718443e-05
185485,3.41730527704,5.8461994326e-05
185913,3.4173048475,5.84408305267e-05
186342,3.41731109775,5.84197148432e-05
186771,3.41731134628,5.8398863132e-05
187202,3.4173061227,5.83782652897e-05
187633,3.4173089543,5.83576892983e-05
188066,3.41730445296,5.83373971139e-05
188499,3.41731107028,5.83170728726e-05
188934,3.41731657259,5.82969246434e-05
189369,3.41731557559,5.8277043426e-05
189806,3.41731002383,5.82573951784e-05
190244,3.41731771636,5.82376757354e-05
190682,3.41730702565,5.82184234022e-05
191122,3.4173024943,5.81992191727e-05
191562,3.41730585933,5.81800328769e-05
192004,3.4173052647,5.81610657466e-05
192446,3.4173130047,5.81421078708e-05
192890,3.41730892827,5.81235014703e-05
193335,3.41731291781,5.8104907646e-05
193780,3.41730766591,5.8086620085e-05
194227,3.41731989237,5.80681839862e-05
194675,3.41731117278,5.80502517378e-05
195124,3.41731082916,5.80323244686e-05
195573,3.41730453853,5.8014644878e-05
196024,3.41730262332,5.79970371066e-05
196476,3.41730744712,5.79794605489e-05
196929,3.41730649076,5.79621270868e-05
197383,3.41730625296,5.79449258822e-05
197838,3.4173178836,5.7927667393e-05
198294,3.417306975,5.79109343372e-05
198751,3.417310224,5.78941041501e-05
199209,3.41731071318,5.78774630342e-05
199669,3.41730012129,5.78611513199e-05
200129,3.4173094404,5.78446437285e-05
200590,3.417305048,5.7828509002e-05
201053,3.41730280081,5.78124781832e-05
201516,3.41730963991,5.77964334078e-05
201981,3.41730834457,5.77806654787e-05
202446,3.41731185649,5.77649550303e-05
202913,3.41731011086,5.7749471728e-05
203381,3.41729832023,5.77342959011e-05
203850,3.41730111288,5.77190109611e-05
204320,3.41731476839,5.77036794522e-05
204791,3.41730657107,5.76888533327e-05
205263,3.4173026564,5.76740907627e-05
205736,3.41731351474,5.76592143354e-05
206210,3.41730948607,5.76447241013e-05
206685,3.4172988852,5.76304791946e-05
207162,3.41730395084,5.76161041353e-05
207639,3.41730537965,5.7601924049e-05
208118,3.41729782097,5.75880286152e-05
208598,3.41730269109,5.7574056466e-05
209079,3.41731108285,5.7560157346e-05
209561,3.41731474844,5.75464697536e-05
210044,3.417308868,5.75330743462e-05
210528,3.41730987935,5.75196939041e-05
211013,3.41730544894,5.75065356318e-05
211500,3.4172998116,5.74935277963e-05
211987,3.41731677952,5.74802694339e-05
212476,3.41730763439,5.74675796598e-05
212966,3.41731439587,5.74547512939e-05
213457,3.41731081368,5.74422253464e-05
213949,3.41730207441,5.742991413e-05
214442,3.41730237519,5.74175786413e-05
214936,3.41732097059,5.74050631111e-05
215432,3.41730566777,5.7393243899e-05
215928,3.41729830917,5.73814176567e-05
216426,3.41730900547,5.73694143291e-05
216925,3.41730853966,5.73577240986e-05
217425,3.41731065882,5.73461157629e-05
217926,3.41729765294,5.73348860885e-05
218429,3.41731478528,5.73232752655e-05
218932,3.41732058718,5.73119786795e-05
219437,3.41732360411,5.73008525388e-05
219943,3.41730015528,5.72902934281e-05
220450,3.41731329097,5.7279243892e-05
220958,3.4173008862,5.72687450066e-05
221467,3.41730803981,5.72580405044e-05
221978,3.41731096907,5.72475285987e-05
222490,3.4173022465,5.7237333274e-05
223003,3.41731029762,5.72269780248e-05
223517,3.41730784039,5.72169194133e-05
224032,3.4173180846,5.72067684294e-05
224548,3.41730958594,5.71970511038e-05
225066,3.41730885499,5.71873232568e-05
225585,3.4173110331,5.71776658742e-05
226105,3.41729291423,5.71684668222e-05
226626,3.41731298178,5.7158747349e-05
227149,3.41731807153,5.7149396494e-05
227672,3.41730349543,5.71404921508e-05
228197,3.41731111973,5.71313338643e-05
228723,3.41732221285,5.71222345522e-05
229250,3.41729242806,5.71139350403e-05
229779,3.4173115016,5.71049351091e-05
230308,3.417303776,5.70964988515e-05
230839,3.4173011697,5.70880924858e-05
231372,3.41731523461,5.70795227323e-05
231905,3.41729895712,5.70715745082e-05
232439,3.41730922167,5.70632973577e-05
232975,3.41732588062,5.70550274937e-05
233512,3.41732354246,5.70471884718e-05
234051,3.41729024731,5.703997943e-05
234590,3.41730103902,5.70321473791e-05
235131,3.41730980359,5.70244617599e-05
235673,3.41730487114,5.70171169085e-05
236216,3.41730589158,5.70097845658e-05
236761,3.41728920689,5.70028590434e-05
237307,3.41730954916,5.69954270223e-05
237854,3.41730680286,5.69884908931e-05
238402,3.41731533941,5.69814770352e-05
238952,3.41732007949,5.69746365712e-05
239502,3.41732268928,5.69679413488e-05
240055,3.41733198282,5.69612440873e-05
240608,3.41731557052,5.69550842947e-05
241163,3.41730833924,5.69488800994e-05
241718,3.41732776046,5.69423400759e-05
242276,3.41730167107,5.69366663397e-05
242834,3.41731347267,5.69304688801e-05
243394,3.41729591512,5.69248677834e-05
243955,3.41731538335,5.69187568409e-05
244517,3.4173150198,5.69130828233e-05
245081,3.41730982953,5.69075954115e-05
245646,3.41729361533,5.69023974318e-05
246212,3.41730221396,5.68968918195e-05
246780,3.41731816515,5.68913690329e-05
247349,3.41729955496,5.68865264848e-05
247919,3.41729880664,5.68814910937e-05
248491,3.41729327404,5.68766395154e-05
249063,3.41728945672,5.68718632253e-05
249638,3.41732976075,5.68664562235e-05
250213,3.41731013314,5.68621497388e-05
250790,3.417293668,5.68578934335e-05
251368,3.417283752,5.68536306434e-05
251947,3.41732149417,5.6848677187e-05
252528,3.41731051459,5.68446361338e-05
253110,3.41730613462,5.68405868078e-05
253694,3.4173285736,5.68361926204e-05
254279,3.41728378861,5.68330173454e-05
254865,3.41730945347,5.68287709548e-05
255452,3.41731899071,5.68248930299e-05
256041,3.41728457731,5.68218458221e-05
256630,3.4173033672,5.68180135369e-05
257223,3.41732058921,5.68143066256e-05
257815,3.41729264385,5.68114495829e-05
258410,3.41729446471,5.68081962977e-05
259005,3.41733182108,5.68044506414e-05
259603,3.41731163788,5.68017594651e-05
260202,3.41730105844,5.67990063286e-05
260801,3.41729471339,5.67962801857e-05
261403,3.41731212877,5.67932562285e-05
262005,3.41731289345,5.67906057836e-05
262609,3.41730990339,5.67881142048e-05
263215,3.41729793755,5.67858679411e-05
263821,3.41732966169,5.67829915596e-05
264429,3.41730538871,5.67811412186e-05
265039,3.41732589502,5.677864211e-05
265650,3.41732390103,5.67766118334e-05
266262,3.41732089481,5.67746930562e-05
266876,3.41732288445,5.67727856725e-05
267491,3.41732946164,5.6770896185e-05
268108,3.41733593753,5.67691022061e-05
268726,3.41731678728,5.67678274616e-05
269346,3.41730083031,5.67665929101e-05
269967,3.41730582799,5.6765103239e-05
270589,3.41732433571,5.67634818572e-05
271213,3.41732418381,5.6762262848e-05
271838,3.41732663972,5.67610926681e-05
272464,3.41730787447,5.67603668379e-05
273093,3.41733466281,5.67589759895e-05
273722,3.41731493985,5.67584489994e-05
274353,3.41730648299,5.67578259598e-05
274986,3.41732234117,5.67568898888e-05
275619,3.41733938256,5.67560247286e-05
276255,3.41731923368,5.67558675332e-05
276892,3.41729489432,5.67558699764e-05
277530,3.41729028396,5.67556345433e-05
278170,3.41732349818,5.67548604553e-05
278811,3.41731530996,5.67548632813e-05
279454,3.41730598455,5.6754974046e-05
280098,3.41732909627,5.6754634905e-05
280744,3.41731338333,5.67550291358e-05
281391,3.41734408085,5.67547409187e-05
282039,3.4172944332,5.67558751841e-05
282690,3.41730689384,5.67560658183e-05
283341,3.41730661229,5.67565557259e-05
283994,3.41731887987,5.67569246306e-05
284649,3.41730437565,5.67578253799e-05
285305,3.41730514311,5.67585594673e-05
285963,3.41732073259,5.67591341355e-05
286622,3.41731059462,5.67602226695e-05
287283,3.41729234588,5.6761532272e-05
287945,3.41734298139,5.67617838389e-05
288609,3.41732604919,5.67632436325e-05
289274,3.41730937013,5.67647849639e-05
289941,3.41730119653,5.67662705529e-05
290610,3.41730330686,5.67676706483e-05
291279,3.4173086643,5.67691019427e-05
291951,3.41730278694,5.67708048254e-05
292624,3.41734295856,5.67718274654e-05
293299,3.41730503638,5.6774232063e-05
293975,3.41730286545,5.67761271289e-05
294652,3.41731808095,5.67778175502e-05
295332,3.41731686308,5.67798650513e-05
296012,3.41732687709,5.67818098052e-05
296695,3.41729307519,5.67845663302e-05
297379,3.41731114937,5.67865444024e-05
298064,3.41732632027,5.6788654083e-05
298751,3.41730546984,5.67914455929e-05
299440,3.41732140134,5.67937089065e-05
300130,3.41732926471,5.67961892059e-05
300822,3.41726880414,5.67998878768e-05
301516,3.41729840232,5.6802172307e-05
302211,3.41730104906,5.68049871744e-05
302907,3.41729221005,5.68080753052e-05
303606,3.4172722105,5.68114311877e-05
304306,3.41729858064,5.68140982425e-05
305007,3.41729491786,5.68173465176e-05
305710,3.41727764322,5.68209029279e-05
306415,3.41732885996,5.68234021472e-05
307121,3.4173417849,5.68266195802e-05
307829,3.41727258311,5.6831284198e-05
308539,3.4173127065,5.68342120423e-05
309250,3.41736453425,5.68370263449e-05
309963,3.41727349009,5.68422980465e-05
