30,0.916570872253,0.0101333490984
31,0.916126848708,0.0102092775574
31,0.915680670284,0.0102857878096
31,0.915232325624,0.0103628844181
31,0.914781800385,0.0104405720158
31,0.91432908806,0.0105188551824
31,0.913874173474,0.0105977386329
31,0.913417044716,0.0106772270818
31,0.912957690928,0.0107573252685
31,0.912496098431,0.0108380380027
31,0.912032257606,0.0109193700836
31,0.911566155836,0.0110013263838
31,0.911097778777,0.0110839118351
31,0.910627116102,0.0111671313596
32,0.910154160348,0.0112509898818
32,0.909678903584,0.0113354923693
32,0.909201118765,0.0114206465799
32,0.908721521403,0.0115064484627
32,0.908238729373,0.0115929204858
32,0.907754352727,0.0116800472177
32,0.907267465359,0.011767845495
32,0.906777887995,0.0118563228081
32,0.906285904715,0.0119454806524
32,0.905791870531,0.0120353194978
32,0.905294833802,0.0121258572002
32,0.904796249569,0.0122170795656
32,0.904294330653,0.0123090159375
32,0.903790495072,0.0124016524971
33,0.903284961263,0.0124949914322
33,0.902768679069,0.0125891641171
33,0.902261363262,0.0126839016744
33,0.901747780392,0.0127794216093
33,0.901228088442,0.0128757285069
33,0.900708134287,0.0129727450041
33,0.900188691307,0.0130704647294
33,0.899667379507,0.0131689271302
33,0.899137556214,0.0132682357095
33,0.898607587091,0.0133682739218
33,0.898073746515,0.0134691025889
33,0.897539631626,0.0135706736585
33,0.897003904328,0.0136730125829
34,0.896460667358,0.0137762155673
34,0.895923297511,0.0138800832025
34,0.895373750546,0.0139849001539
34,0.894828345327,0.0140904191771
34,0.894276217188,0.0141968162793
34,0.893743125161,0.0143036869501
34,0.893156870965,0.0144121938607
34,0.892616793042,0.0145207472021
34,0.892055925551,0.0146304321841
34,0.8914857624,0.014741072343
34,0.890892646513,0.014852904462
34,0.890340557229,0.0149648679438
35,0.889768025146,0.0150779929613
35,0.889197857262,0.0151919037367
35,0.888625579728,0.0153066817912
35,0.88803664241,0.015422586178
35,0.887433723868,0.0155395826471
35,0.886860226642,0.0156569165763
35,0.88626592228,0.0157754748583
35,0.8856693985,0.01589493864
35,0.885088389412,0.0160149936957
35,0.884482542116,0.0161363749809
35,0.883898286649,0.0162582453483
35,0.883287248111,0.0163814979201
36,0.88268084092,0.0165055633228
36,0.882057556514,0.0166308508028
36,0.881439869297,0.0167569468908
36,0.88082026805,0.0168839988837
36,0.88021109927,0.0170117750396
36,0.879580412524,0.0171408989756
36,0.878943879741,0.0172710791769
36,0.878323088831,0.0174018968824
36,0.877671436443,0.0175342814846
36,0.877046664937,0.0176670913107
36,0.87639067962,0.0178014991061
36,0.87577576055,0.0179360465118
37,0.875140485104,0.0180719873115
37,0.874479259041,0.0182094546516
37,0.873823980802,0.0183477985815
37,0.873161999057,0.0184872902531
37,0.872503774756,0.0186277163068
37,0.871851403732,0.0187690360864
37,0.871166193573,0.0189120928549
37,0.87052205639,0.019055293047
37,0.869825885486,0.0192006759147
37,0.869149368746,0.0193466811532
37,0.868475107094,0.0194936950333
37,0.86779054653,0.0196420071145
38,0.867103786115,0.019791445107
38,0.866411497537,0.0199420936504
38,0.865737631276,0.0200934068615
38,0.865015918455,0.0202469318525
38,0.864328154603,0.0204007730893
38,0.863630898714,0.0205559513433
38,0.862931294877,0.0207123077404
38,0.86219508661,0.020870679864
38,0.861487914166,0.0210294948736
38,0.860761503027,0.0211899303775
38,0.860067345745,0.0213507271478
39,0.859324597679,0.0215138960294
39,0.85858571579,0.0216781505886
39,0.857864774434,0.0218431372948
39,0.857132965092,0.0220095916154
39,0.856372467949,0.0221779893858
39,0.85561917365,0.0223474195359
39,0.854884889226,0.0225175737654
39,0.854121010289,0.0226897379353
39,0.853360730397,0.0228630502565
39,0.852605155472,0.0230374859701
39,0.851848661109,0.0232132026847
40,0.851084544273,0.0233903928431
40,0.850302045299,0.0235693676592
40,0.849532998891,0.0237492579197
40,0.848766083207,0.0239303809909
40,0.847951325068,0.0241141641312
40,0.847177291942,0.0242981098755
40,0.846383111962,0.0244839570821
40,0.845576863872,0.0246714928721
40,0.844786487173,0.0248599120891
40,0.843979727413,0.0250501680708
40,0.84315738223,0.0252422574677
41,0.842357938841,0.0254350382925
41,0.841547384278,0.0256295367536
41,0.840708323143,0.0258263040333
41,0.8398897963,0.0260238514758
41,0.839058845415,0.0262232009769
41,0.838218675848,0.026424269804
41,0.837384567278,0.0266265879874
41,0.836552542169,0.0268302864948
41,0.835691864311,0.0270363663117
41,0.834841142783,0.0272436000491
42,0.833984382471,0.0274525143284
42,0.833119348901,0.0276631970578
42,0.832248078697,0.0278755957857
42,0.831382582134,0.0280893188439
42,0.830512189315,0.0283047334748
42,0.829629908996,0.0285220930681
42,0.828745930982,0.0287410636761
42,0.827843962388,0.0289622256545
42,0.826954277802,0.029184535956
42,0.826062540395,0.0294085025647
42,0.825138800276,0.0296352119154
43,0.824240422071,0.0298626248878
43,0.823341148409,0.0300916861108
43,0.822421013584,0.0303231415477
43,0.821509677566,0.0305559172863
43,0.820544439355,0.030792366636
43,0.819612555122,0.0310292490783
43,0.818695503616,0.031267248023
43,0.817747081529,0.0315081379147
43,0.816786618984,0.0317512086052
43,0.815851893132,0.0319950004258
44,0.814881616141,0.0322419209044
44,0.813907797096,0.0324907391007
44,0.812938194802,0.0327411559015
44,0.81198410434,0.0329927174416
44,0.810999524469,0.0332473022765
44,0.81000267296,0.0335041997879
44,0.809010873554,0.033762710342
44,0.808016013213,0.0340231797121
44,0.807019722939,0.0342855518329
45,0.805999258892,0.0345508130564
45,0.805128304375,0.0348114899819
45,0.804152080428,0.035078535612
45,0.802914410733,0.0353589573845
45,0.80246252054,0.035606566655
45,0.80113675745,0.0358947903101
45,0.800100601645,0.0361721020415
45,0.79925646954,0.0364426094024
45,0.797914853501,0.0367378172686
45,0.797530242139,0.0369908214592
46,0.795816992853,0.0373074960816
46,0.794587260994,0.0376038919964
46,0.793519220915,0.037894738233
46,0.79286367214,0.0381677594156
46,0.79133998965,0.0384846662175
46,0.790726653929,0.0387593879855
46,0.789333158914,0.0390743863492
46,0.788543961634,0.0393615844397
46,0.78702871065,0.0396872120264
47,0.785784321933,0.0400015831104
47,0.785027454807,0.0402931966625
47,0.784040030784,0.0405985938412
47,0.782626721873,0.0409283103845
47,0.781222591555,0.0412600286581
47,0.780603905764,0.0415523863759
47,0.779115059055,0.0418932423797
47,0.778169531369,0.04220721671
47,0.776592247329,0.0425578520009
48,0.775348037323,0.0428927896688
48,0.774972275366,0.0431816708037
48,0.773079662207,0.0435574394459
48,0.771938334107,0.0438936089376
48,0.770662526592,0.044239810765
48,0.769656246169,0.0445728672934
48,0.768586187546,0.0449118448766
48,0.767544032502,0.045251446983
48,0.766066116361,0.0456192335204
49,0.763948092506,0.0460283057197
49,0.763358163248,0.0463480204324
49,0.762073549397,0.046712103982
49,0.760811951391,0.0470773273803
49,0.759670072269,0.0474376229932
49,0.75879088119,0.0477837921646
49,0.756834282816,0.0482006209451
49,0.755906236094,0.0485547938881
49,0.754391893971,0.0489491899591
50,0.753474455276,0.0493074223525
50,0.751677488062,0.0497259850546
50,0.7509058486,0.0500794232891
50,0.749299949094,0.0504910840427
50,0.748002511168,0.0508848647227
50,0.746371436847,0.0513042809241
50,0.745245391507,0.0516918255515
50,0.743590978215,0.0521188940549
50,0.742329659868,0.0525213849064
51,0.741223934943,0.0529154792919
51,0.739904419379,0.0533274975598
51,0.738300794045,0.0537630106141
51,0.736533244774,0.054213824663
51,0.735345603875,0.0546250369289
51,0.734024378307,0.0550489351214
51,0.731983926773,0.0555302085571
51,0.731051476488,0.0559306126026
52,0.730240177716,0.0563240271849
52,0.727997443154,0.0568311733329
52,0.72644418887,0.0572883613932
52,0.725520999665,0.0576986869639
52,0.723976274503,0.0581612713911
52,0.722661753148,0.0586084814115
52,0.720738500948,0.0591085212792
52,0.719493473269,0.0595563618665
53,0.718189745944,0.0600119727561
53,0.716184919526,0.060529746939
53,0.715012583057,0.0609806532532
53,0.71326829414,0.0614836049347
53,0.711792444597,0.0619669429076
53,0.710072332152,0.0624750670234
53,0.708679334335,0.0629578750561
53,0.706514023551,0.0635132214248
53,0.705230121832,0.0639931837611
54,0.703628784163,0.0645052585515
54,0.701864145009,0.0650360665123
54,0.700084232603,0.0655722442828
54,0.698905586159,0.066055536707
54,0.697202749711,0.0665917404326
54,0.69505340457,0.0671749395287
54,0.693561469077,0.0676987642148
54,0.692217431276,0.0682114999704
55,0.690576438921,0.0687570054186
55,0.688515469307,0.069348598583
55,0.687060278044,0.0698832810361
55,0.684867037427,0.0704973203432
55,0.68321258558,0.0710604125276
55,0.6816021796,0.0716227903701
55,0.680109332965,0.0721765247062
56,0.677839572872,0.0728172206108
56,0.676127600283,0.0734027691365
56,0.674342341399,0.0740004732125
56,0.672250385258,0.074636516797
56,0.670605400383,0.0752274782077
56,0.668542505211,0.0758698516344
56,0.666554228378,0.076508733764
56,0.664973017035,0.0771052957873
57,0.663433099484,0.07770093935
57,0.660849179849,0.078424199502
57,0.659008289665,0.0790650895732
57,0.65757510675,0.0796613492676
57,0.65530473712,0.0803639517195
57,0.653087413295,0.0810660416879
57,0.651191435836,0.0817337341098
57,0.649027907439,0.0824404525686
58,0.647346917406,0.0830910561725
58,0.64485184307,0.0838518946487
58,0.643031316282,0.0845309850566
58,0.640724774313,0.0852796604717
58,0.638567203721,0.086014748325
58,0.636438004582,0.0867520088885
58,0.63447316852,0.0874725910427
59,0.632304589684,0.0882270892397
59,0.630193315874,0.0889796907518
59,0.628249404176,0.0897144304481
59,0.625786102189,0.0905297733897
59,0.623416129481,0.0913388365122
59,0.620976066104,0.0921654140011
59,0.618984648437,0.0929320325515
60,0.616728926074,0.0937446748659
60,0.61468338109,0.0945318639285
60,0.612239026421,0.0953873219616
60,0.610050002076,0.0962102857667
60,0.607044479384,0.0971706578165
60,0.604788401973,0.0980199753796
60,0.602612789131,0.09886351893
60,0.599905997889,0.0998026280938
61,0.596980103312,0.100788522165
61,0.594750437094,0.101666447437
61,0.592267571958,0.10259652465
61,0.589786737966,0.103536081979
61,0.586883782443,0.10456112212
61,0.584440921405,0.105516106467
61,0.581635003134,0.106549065314
62,0.579106246313,0.107544787997
62,0.576032694441,0.108657067281
62,0.573315435435,0.10971931504
62,0.570396086811,0.110838504752
62,0.567918240384,0.11189127335
62,0.564711930647,0.113109886951
62,0.561670177399,0.11432190244
63,0.559126309279,0.115459557364
63,0.556083830423,0.11673015451
63,0.552393655619,0.118174072681
63,0.549819272518,0.119418817966
63,0.546395943904,0.120890507868
63,0.543043342728,0.122396346395
64,0.539674907734,0.123960066914
64,0.53663504155,0.125506244652
64,0.533122961839,0.127226546933
64,0.530228487608,0.128867635722
64,0.52635313276,0.130822430153
64,0.522896316058,0.132756416062
64,0.519779874926,0.134688145406
65,0.516145456404,0.136843918812
65,0.512910005741,0.138988565819
65,0.508876500922,0.141450573975
65,0.506226929689,0.143628529061
65,0.50241837187,0.146236663238
65,0.498884180283,0.14887337605
65,0.495758744062,0.151492088402
66,0.492682947132,0.154195497586
66,0.48963568264,0.156987344598
66,0.486252563214,0.159983772161
66,0.48327271548,0.162939930296
66,0.480155609396,0.166027596129
66,0.476813098943,0.169275738798
67,0.47434131155,0.172285073975
67,0.471780573862,0.175382456369
67,0.469227272579,0.178525187659
67,0.466227285381,0.181881394962
67,0.464256069063,0.184866010842
67,0.461305814723,0.188260895839
67,0.45940702781,0.1912376594
68,0.456998305564,0.194424032751
68,0.454631668791,0.197585831949
68,0.452641322451,0.200566283891
68,0.450524833581,0.203575854018
68,0.448497957355,0.206512568202
68,0.446091020079,0.209589559514
69,0.444064065547,0.212449247233
69,0.442135671725,0.215215673988
69,0.439927728394,0.218071532102
69,0.438013210308,0.220734003623
69,0.435790544359,0.223503668658
69,0.433637593759,0.226192052056
70,0.431642979895,0.228751651594
70,0.429453499194,0.231370631788
70,0.427246966455,0.233959297748
70,0.424773034252,0.236660564029
70,0.422688538321,0.239113440462
70,0.420313003452,0.241702398875
71,0.417874678484,0.244306127579
71,0.415817997229,0.246666695593
71,0.412964863477,0.249488208977
71,0.410255649752,0.252221826571
71,0.407952214602,0.25470368924
71,0.405034535927,0.257573314465
71,0.402530636208,0.260190154293
72,0.399978815842,0.262848198401
72,0.397058383579,0.265767222507
72,0.394271947733,0.268621653532
72,0.391324846145,0.271614576673
72,0.388552830356,0.27451821496
72,0.385536177962,0.277631129803
73,0.382805184542,0.280577313727
73,0.379876723188,0.283708950525
73,0.377038770625,0.286817900037
73,0.374028629165,0.290106656968
73,0.371006328379,0.29345903105
74,0.368194711372,0.296698575953
74,0.365181941073,0.300156411196
74,0.362300894772,0.303565674279
74,0.359328994968,0.307112561638
74,0.356463020498,0.310632577657
74,0.353304130126,0.314477376664
75,0.350566224721,0.318017293118
75,0.347552644791,0.321876987402
75,0.344433118465,0.325914220803
75,0.341457754455,0.329896576134
75,0.338712877095,0.333733221399
75,0.335977478086,0.337635445094
76,0.332723248363,0.342147765351
76,0.330011425875,0.346193636856
76,0.327346147719,0.35027209685
76,0.32457623438,0.354548214635
76,0.321883395863,0.358829603123
76,0.31915508357,0.363242422959
77,0.316327273846,0.367867142003
77,0.313859358503,0.372169574378
77,0.31112386707,0.376887010913
77,0.308620472872,0.381425587645
77,0.306176117365,0.38599005083
78,0.303550619827,0.390888854819
78,0.301177535454,0.395570839981
78,0.298834375644,0.400318322895
78,0.296442141654,0.405240894998
78,0.29418397723,0.410091324551
78,0.291974464423,0.414984061904
79,0.289603982523,0.420222900032
79,0.287617919066,0.425018978915
79,0.285672896938,0.429860839751
79,0.283546589432,0.43508901122
79,0.281520302158,0.440282502853
80,0.279741629616,0.445200156213
80,0.27789279358,0.450337728408
80,0.276107802671,0.455481730534
80,0.274380278101,0.460638264797
80,0.272659287235,0.465889656912
80,0.271090081074,0.470982637024
81,0.269509016883,0.47619205454
81,0.268080237487,0.481222562963
81,0.266581745697,0.486463703634
81,0.26503317051,0.49188261405
81,0.263692437806,0.496994485366
82,0.262410666696,0.502062578276
82,0.261099673911,0.507249483772
82,0.259930565632,0.512216914092
82,0.258714187823,0.517327588735
82,0.257594465032,0.522290761711
83,0.256384333053,0.527480496571
83,0.255226629989,0.532605044382
83,0.254041196,0.537828525337
83,0.2530208189,0.542739496268
83,0.251967002189,0.547755684422
84,0.250917112339,0.552798616168
84,0.249839847802,0.557939142035
84,0.248814467665,0.563001751363
84,0.247860080602,0.567939204132
84,0.246815046635,0.573121051417
84,0.245832317062,0.578195543967
85,0.24489799125,0.583188947158
85,0.243929457837,0.588293681683
85,0.243060193271,0.593183242941
85,0.242162244477,0.598159984884
85,0.241179453496,0.60336095151
86,0.240286535191,0.608344937069
86,0.239399944703,0.613310801221
86,0.238538995524,0.61820103957
86,0.237603235372,0.623270486975
86,0.236678017885,0.628294426014
87,0.235750064058,0.633303919923
87,0.234764915399,0.638445568877
87,0.233817604881,0.643463874083
87,0.232891940582,0.648402934185
87,0.231946940348,0.653381102947
88,0.230893355671,0.658662071947
88,0.229910908243,0.663747749935
88,0.228890412028,0.668961168958
88,0.22792843506,0.674033886761
88,0.226853259442,0.679488399224
89,0.225864182637,0.684749014445
89,0.224818905356,0.690260005801
89,0.223887347448,0.695517711007
89,0.222910204726,0.70102894229
90,0.221967843331,0.706562214344
90,0.221048692061,0.712170213815
90,0.220139010748,0.717914497193
90,0.219314707946,0.723562703764
90,0.218496968026,0.729386717625
91,0.217769991443,0.735119388284
91,0.217088143802,0.740922972656
91,0.216399137017,0.746988319414
91,0.215841777239,0.752845979924
91,0.215323554792,0.758819752547
92,0.214840821181,0.764928774371
92,0.214493108315,0.770819878333
92,0.214159229737,0.77692527568
92,0.213886909939,0.783073285734
92,0.21372753553,0.789070569139
93,0.213604436353,0.795192573778
93,0.213556838293,0.801287683151
93,0.213562898122,0.807429143438
93,0.213643655242,0.813528158595
94,0.213803582199,0.819556164053
94,0.213980800216,0.825739398681
94,0.214242288351,0.831809179597
94,0.214565919117,0.837837939315
94,0.214942597524,0.843848699847
95,0.215358851336,0.849882362854
95,0.215804685869,0.855967054857
95,0.21634268483,0.861842480872
95,0.216894695375,0.867807271185
96,0.217489262471,0.873737038602
96,0.218132772102,0.87959522544
96,0.218791480585,0.885507765698
96,0.219472971947,0.891435178755
96,0.2202085541,0.897241349288
97,0.220964139698,0.903056398683
97,0.221755254402,0.908809375128
97,0.222552900215,0.914612166691
97,0.223368890397,0.92041036415
98,0.224211974842,0.926162256953
98,0.225091892344,0.93182227145
98,0.225959031055,0.937591317226
98,0.226858596081,0.943278387912
98,0.22779058441,0.948879778324
99,0.22869887712,0.954626542614
99,0.229641762606,0.96027357089
99,0.230610986617,0.965853178602
99,0.231566351659,0.971532399429
100,0.232544595378,0.977156486829
100,0.233545761387,0.982724531268
100,0.234527323901,0.988415396577
100,0.23554260186,0.994004826794
100,0.236591715297,0.999492462037
101,0.237613434819,1.00513777132
101,0.238666602113,1.01069322726
101,0.239729486036,1.01625198689
101,0.240796350658,1.02183995064
102,0.24186222084,1.02748007944
102,0.242951152642,1.03307213605
102,0.244040887376,1.0387127646
102,0.245156801365,1.04429616742
103,0.246289878624,1.04986292657
103,0.247428983295,1.05546289382
103,0.248581646295,1.06106645624
103,0.249754886914,1.06664617694
104,0.250929359076,1.07228728627
104,0.252120639197,1.07792594478
104,0.253324578679,1.08358260749
104,0.254543439255,1.08925039439
105,0.255785617843,1.09489621594
105,0.257039356389,1.10057332159
105,0.258330119278,1.10617570466
105,0.259609072102,1.11191561947
106,0.260930005021,1.11756599103
106,0.26226056072,1.12326883916
106,0.263605465522,1.12900755912
106,0.264964655518,1.13478628971
106,0.26635893327,1.14052008123
107,0.267774968812,1.14627049173
107,0.26921391103,1.15203742876
107,0.270665841858,1.15786855537
107,0.272163552675,1.16362929973
108,0.273674154151,1.16946655739
108,0.275211729118,1.17532686916
108,0.276793453834,1.18114432503
108,0.278391292993,1.18704668346
109,0.280014228148,1.19300431133
109,0.281686259525,1.19892450168
109,0.283405254913,1.20482684674
109,0.285150260945,1.21081164733
110,0.286943594983,1.21679607904
110,0.28877021405,1.22285684229
110,0.290654222741,1.22890555117
110,0.292595391973,1.23495795798
111,0.294587967991,1.24105384409
111,0.296648409394,1.24714008063
111,0.298748788439,1.25335087888
112,0.300938196738,1.25949744417
112,0.3032033864,1.26565343521
112,0.305553080123,1.27180053352
112,0.307971533025,1.27802212012
113,0.310481437865,1.28424114812
113,0.313086978488,1.29045707564
113,0.315797310848,1.29664775357
113,0.318598137744,1.30288558473
114,0.321521398695,1.30905120059
114,0.324558240159,1.31518974372
114,0.327707310883,1.32131171898
114,0.330973030233,1.32739997432
115,0.334348298628,1.33347864132
115,0.337855984059,1.33944674598
115,0.341482123418,1.34534448683
115,0.345231292224,1.35113159602
116,0.349093161009,1.35681940383
116,0.353071081541,1.36235839626
116,0.35713225263,1.36783105969
117,0.361293676683,1.37312023724
117,0.365536675123,1.37823929973
117,0.369841039721,1.38319991039
117,0.374196179612,1.38797145216
118,0.37857744998,1.39257086717
118,0.382972821517,1.39696474247
118,0.387349358555,1.40119422679
118,0.391711045419,1.40516630262
119,0.396009070429,1.4089804432
119,0.400228358484,1.41261744555
119,0.404364605327,1.41602662761
120,0.408373534098,1.41930527384
120,0.412255295603,1.42240365511
120,0.41598065208,1.42538469256
120,0.419544202162,1.42823995619
121,0.422932086084,1.43100189207
121,0.426133995116,1.43370232017
121,0.429152673519,1.4363404055
121,0.431988087418,1.43893550968
122,0.434643541559,1.441505329
122,0.437115367703,1.44409869051
122,0.439404367602,1.4467558932
123,0.441541801646,1.44942216553
123,0.443524703925,1.45215933025
123,0.445355147478,1.45501464086
123,0.447071327587,1.4579185525
124,0.44867994672,1.46090486465
124,0.450184993446,1.46401539753
124,0.451604286642,1.46724555982
125,0.45295396665,1.47059433549
125,0.454258031559,1.47403275638
125,0.455521436341,1.47759070393
125,0.456749988505,1.4812918145
126,0.457976153162,1.48506941806
126,0.459189792491,1.48899077586
126,0.460417062722,1.49300090064
127,0.461668529398,1.49709057998
127,0.462931726751,1.50132038208
127,0.464245585578,1.50557928544
128,0.465596550547,1.50992167823
128,0.466994110374,1.51432265377
128,0.468434682098,1.51879547349
128,0.469930141913,1.52329948651
129,0.471474660548,1.52784816756
129,0.473056097392,1.53247267626
129,0.474703132663,1.53706974974
130,0.476388511017,1.54171571509
130,0.478119586036,1.54637370227
130,0.479905035519,1.55100203888
131,0.481725378664,1.55564994511
131,0.483572430625,1.56033024136
131,0.485454500315,1.56500303752
131,0.487378203319,1.56963479865
132,0.489316136249,1.5743025241
132,0.491278148101,1.57896424116
132,0.49327194448,1.5835861752
133,0.495271070936,1.58824541763
133,0.497293182144,1.59287857582
133,0.499334821465,1.59749118937
134,0.501381385706,1.60212540496
134,0.503448119288,1.60672880604
134,0.505521504627,1.61134167515
134,0.507610147905,1.61593426703
135,0.509702009424,1.62054305222
135,0.5118087448,1.62512930361
135,0.513922926078,1.62971502785
136,0.516041231649,1.63430890728
136,0.518176421172,1.63886828033
136,0.52031640574,1.6434285299
137,0.522468975794,1.6479612498
137,0.524618773701,1.65250999444
137,0.526773946519,1.65704284892
138,0.528941461675,1.66153033301
138,0.531100001827,1.66603031462
138,0.533258082683,1.67050531269
139,0.53541437783,1.67494731299
139,0.537554094377,1.67938902372
139,0.539688704409,1.68377987618
140,0.541792045574,1.68818601525
140,0.543881324294,1.69253790683
140,0.545939954078,1.69687155631
141,0.547953162405,1.70121793337
141,0.549934770894,1.70552064326
141,0.551864995747,1.70982980188
142,0.55374090374,1.714146033
142,0.555566484195,1.71845209194
142,0.557337064667,1.72276169862
142,0.559038655367,1.72712194695
143,0.560683520749,1.73150374666
143,0.562270756961,1.73592387079
143,0.563804691474,1.74038806548
144,0.565282909317,1.74492780738
144,0.566714170698,1.74954458036
144,0.568113163221,1.75422546083
145,0.569485035497,1.75899007479
145,0.570838108252,1.7638504408
145,0.572186848833,1.76880074048
146,0.573543835714,1.77384104461
146,0.574915871789,1.77898825448
146,0.576324184883,1.7842125438
147,0.577770831432,1.78954031864
147,0.579268510973,1.79496109079
148,0.580838590074,1.80043278899
148,0.582477718391,1.80598465661
148,0.584198169993,1.81159184033
149,0.586001453863,1.81725694057
149,0.587905584312,1.82292537883
149,0.589894764603,1.82864149345
150,0.591984084202,1.83434811017
150,0.594167305599,1.84004872254
150,0.596435360764,1.84575045457
151,0.598796703741,1.85140149544
151,0.601234581023,1.85702378837
151,0.60374754935,1.86258810924
152,0.606324683315,1.86809120366
152,0.60896075707,1.8735093867
152,0.611633951817,1.8788676492
153,0.614339036645,1.8841380067
153,0.617065206143,1.88930829005
153,0.619793563108,1.8943902641
154,0.622515130297,1.89936505179
154,0.625210697006,1.90424541999
154,0.62786179411,1.90904282362
155,0.630461255212,1.91373610299
155,0.632987063626,1.91835179622
156,0.635430497881,1.92287940753
156,0.637769042007,1.92735437751
156,0.639998113606,1.93176283372
157,0.642101248556,1.9361325693
157,0.644072848554,1.94046500197
157,0.645901497046,1.94478612895
158,0.647579639401,1.94911779082
158,0.64910302663,1.95347968572
158,0.65047883685,1.95786506298
159,0.651693980692,1.96233603517
159,0.652769641236,1.9668591171
160,0.65369130786,1.97151540718
160,0.654485024709,1.97627019672
160,0.65515461198,1.98116124345
161,0.655711501685,1.98620784216
161,0.656170710379,1.99142176439
161,0.656547901245,1.99681489313
162,0.656866681954,2.00237571906
162,0.657136457807,2.00813550067
163,0.657379829146,2.0140836934
163,0.657607956765,2.0202420532
163,0.65784948788,2.02657507788
164,0.65811306222,2.03310434094
164,0.658412537864,2.03983065091
164,0.658767741949,2.04673115022
165,0.659189000846,2.05380711329
165,0.659684006064,2.06106296958
166,0.660273326862,2.06845804806
166,0.660951659894,2.07602812788
166,0.661740729005,2.08372039295
167,0.66263968237,2.09154946538
167,0.663652992967,2.09951054251
168,0.664790998205,2.10757798219
168,0.666055009569,2.11575283761
168,0.667444472283,2.12404066956
169,0.668971758301,2.13240459811
169,0.670637456414,2.14084387616
169,0.672437535241,2.1493711579
170,0.674383309443,2.15794841362
170,0.676468606722,2.16659145452
171,0.67869990246,2.17527316774
171,0.681073484397,2.18399613148
171,0.683593151071,2.19273550049
172,0.686253609114,2.20149187975
172,0.689052946933,2.21025110183
173,0.691988801937,2.21899644628
173,0.69504990824,2.22773585487
173,0.698233270591,2.23644705922
174,0.70152903627,2.24511960874
174,0.70492099056,2.25376379446
175,0.708405061828,2.26235396225
175,0.711969269158,2.27088930486
175,0.715596586441,2.27938580602
176,0.719276513745,2.28784069693
176,0.723000313217,2.29624928831
177,0.726753083506,2.30463188899
177,0.730531128193,2.31298055277
177,0.73432619988,2.32131109932
178,0.738129350981,2.32965262581
178,0.74194807467,2.3379947708
179,0.745780554584,2.34636953052
179,0.749638525949,2.35477826005
180,0.753532896883,2.36323446839
180,0.757479446571,2.37174155734
180,0.761495062095,2.38029885134
181,0.765591438542,2.38891469433
181,0.769789035826,2.3975565713
182,0.774095489516,2.40621372794
182,0.778511367437,2.41487670382
182,0.783037201608,2.42351616646
183,0.787662814523,2.43211966608
183,0.792374883926,2.44067396946
184,0.797154253713,2.44918025422
184,0.801989898112,2.45761784974
185,0.806861456369,2.46600328507
185,0.811756915274,2.47433924299
185,0.816664416633,2.48264076422
186,0.821582166774,2.49090422156
186,0.82650287432,2.49915247256
187,0.831426228013,2.50739409219
187,0.836356572714,2.51562775938
188,0.841296477356,2.52385931959
188,0.846244310168,2.53210722785
188,0.851205323999,2.54036825071
189,0.856182606605,2.54864419567
189,0.861178892808,2.55693637682
190,0.866198432756,2.56524023652
190,0.87123687447,2.57357556024
191,0.87630237521,2.58192423341
191,0.881395665031,2.59028955198
192,0.886512890477,2.59868779994
192,0.891662159237,2.60709984282
192,0.896840645844,2.61553843801
193,0.90204808525,2.62400863424
193,0.907291101384,2.63249534497
194,0.912566980654,2.64101058679
194,0.917876981179,2.64955472566
195,0.923222673178,2.65812716819
195,0.928606406964,2.66672503277
196,0.934028150159,2.67535223953
196,0.939490536757,2.68400499794
196,0.944991919975,2.69269170185
197,0.950536261503,2.70140466527
197,0.956124647576,2.71014437969
198,0.961756063633,2.71891721756
198,0.967430882378,2.72772552015
199,0.973153079143,2.73656142119
199,0.978922458655,2.7454287848
200,0.984742712343,2.75432051549
200,0.990611308164,2.76324691027
201,0.996529709999,2.77220699886
201,1.00250091489,2.78119553247
201,1.00852461508,2.79021643355
202,1.01460381367,2.79926442437
202,1.02073622871,2.80834881242
203,1.02692431721,2.81746579481
203,1.03317103021,2.82661026537
204,1.03947560855,2.83578731649
204,1.04583785014,2.84500050158
205,1.0522625405,2.85423985564
205,1.05874578788,2.86351906925
206,1.06529456594,2.8728224693
206,1.07190639928,2.88216009716
207,1.07858013972,2.89153847749
207,1.08532103215,2.90094716747
208,1.09213212913,2.91038193608
208,1.09900813031,2.91986109682
209,1.10595593236,2.92937079984
209,1.11297472203,2.93891816115
210,1.12006756416,2.94850052444
210,1.12723638149,2.95811888246
211,1.13448026983,2.96778233624
211,1.14180703972,2.97747798758
211,1.14921559111,2.98721722786
212,1.15670884135,2.99700198648
212,1.16429494527,3.00682186144
213,1.1719720482,3.01669369384
213,1.17974820049,3.02661014237
214,1.18762878972,3.03657230614
214,1.19562148759,3.04657703494
215,1.20372890653,3.05663565749
215,1.21196323371,3.06673664581
216,1.2203287274,3.07689001728
216,1.22883955951,3.08708190327
217,1.23750261275,3.0973177079
217,1.24633154364,3.10758623651
218,1.25533616171,3.11788580483
218,1.26452910017,3.12820683401
219,1.27392168129,3.1385413338
219,1.28352614305,3.14887641622
220,1.29335504072,3.15919474813
220,1.30342002247,3.1694764175
221,1.31372920544,3.17970406737
221,1.32429096728,3.18985239313
222,1.33510916872,3.19989848627
223,1.34618831356,3.209808239
223,1.35752415171,3.2195578102
224,1.36911321536,3.22910992783
224,1.38094563417,3.23843040811
225,1.39300596282,3.24748573708
225,1.40527249511,3.25624456945
226,1.41771967072,3.26467242147
226,1.43031877964,3.27273086023
227,1.44302875666,3.280399682
227,1.45580906453,3.28764876149
228,1.46860985317,3.29446237367
228,1.48137979994,3.3008235332
229,1.4940640338,3.30672122355
229,1.50660399249,3.31215335486
230,1.51893658614,3.31713130683
230,1.53100199969,3.32166565907
231,1.54273799774,3.32578159252
231,1.55408749545,3.32950521008
232,1.56498995828,3.33288463494
232,1.57539600443,3.33596097869
233,1.58525811392,3.33879028624
234,1.59453425186,3.34143728324
234,1.6031957212,3.34396004172
235,1.61121269894,3.34644088447
235,1.61857326807,3.34894665916
236,1.62526765725,3.35156112585
236,1.63130354489,3.35435223671
237,1.63669019886,3.35740339289
237,1.64144947415,3.36078875899
238,1.64561450635,3.36457364364
238,1.64922396663,3.36882355175
239,1.65232066676,3.37360404108
240,1.65495860375,3.37896322653
240,1.65719347138,3.3849479958
241,1.65908671476,3.39159260169
241,1.66069827823,3.39893049919
242,1.66209361419,3.40697727265
242,1.66333361751,3.41574879226
243,1.66448038383,3.42524737451
243,1.66559020587,3.43547453279
244,1.6667199721,3.44641664279
245,1.66791841723,3.45806226643
245,1.66922827896,3.47039752867
246,1.67069110651,3.48339633223
246,1.67233931572,3.49703746446
247,1.67419909008,3.51129960508
247,1.67629543209,3.52615202084
248,1.67864253404,3.54157630532
249,1.68125151632,3.55755194121
249,1.68413195147,3.5740549217
250,1.68728598081,3.59107219722
250,1.69071235711,3.60859522571
251,1.69441327731,3.62660744083
251,1.69838087413,3.64511514423
252,1.70261209483,3.6641177721
253,1.70710323663,3.68362150619
253,1.71185148407,3.7036378839
254,1.71685250266,3.7241908562
254,1.72211104669,3.7452955576
255,1.7276315132,3.7669803668
256,1.7334217374,3.78928024619
256,1.73949810682,3.81222694782
257,1.74588117444,3.83585977881
257,1.75259869692,3.86021997494
258,1.75968526293,3.88535227283
259,1.76718476684,3.91129990939
259,1.77515193927,3.93810128584
260,1.78364620625,3.96580322632
260,1.792740908,3.99443970929
261,1.80251566115,4.02404741974
262,1.81306198978,4.05465122888
262,1.82447949083,4.08627009911
263,1.83687512896,4.1189154058
263,1.85036397779,4.15258537935
264,1.86506811567,4.18726309419
265,1.88111150928,4.22292298275
265,1.8986212347,4.25952274064
266,1.91772486486,4.29700358958
266,1.93854927498,4.33528729709
267,1.96121465585,4.37428404601
268,1.98583319307,4.41389012211
268,2.01251072434,4.45397954794
269,2.04133941708,4.49441648203
269,2.07239617678,4.53505571912
270,2.10574280727,4.57574053644
271,2.14142335371,4.61630812517
271,2.17946419965,4.6565905257
272,2.21987165204,4.69642262615
273,2.2626365371,4.73563692113
273,2.30772780377,4.77408327978
274,2.35510600953,4.81160856532
274,2.40471520698,4.84808287845
275,2.45649424491,4.88338637699
276,2.51037886776,4.91741567443
276,2.56630687414,4.95008348966
277,2.62422596792,4.98131182674
278,2.68409232215,5.01104057574
278,2.74588337686,5.03920534984
279,2.80959278363,5.06574479322
280,2.87523677567,5.09058115852
280,2.94284774043,5.11361897814
281,3.0124696731,5.13473470101
282,3.08415160007,5.15376576166
282,3.15793640115,5.17050498162
283,3.23384659485,5.18469935556
283,3.31186586174,5.19605727118
284,3.39193085616,5.20424352146
285,3.4739123321,5.20889826449
285,3.55760675517,5.20964771204
286,3.64272653802,5.20612635863
287,3.72890220128,5.19799100864
287,3.8156824163,5.18494664335
288,3.90254271446,5.16676646075
289,3.98890455031,5.14330258755
289,4.07414546196,5.11451047681
290,4.15762750577,5.08044817084
291,4.23871635526,5.04128457094
291,4.31680581386,4.99729518618
292,4.39133948363,4.94885449354
293,4.46182785527,4.89642568088
293,4.52786760507,4.84053994536
294,4.5891470377,4.78178362151
295,4.64545978846,4.72076970277
296,4.6966990837,4.65812481668
296,4.74285521115,4.59446857034
297,4.78401659558,4.5303877916
298,4.82034819336,4.46643257495
298,4.85208402083,4.40309922995
299,4.8795167538,4.34081877453
300,4.9029757712,4.27995899155
300,4.92281935791,4.22081719525
301,4.939415016,4.16362741387
302,4.95313470422,4.10855827538
302,4.96434215433,4.05572124124
303,4.97338320239,4.00517895567
304,4.98058209875,3.95695090863
305,4.98624047818,3.91101872328
305,4.9906296348,3.86733776573
306,4.99399361965,3.82584060646
307,4.9965518599,3.78644111211
307,4.99849353272,3.74904456408
308,4.99998487181,3.71354739505
309,5.00116945861,3.67984177576
309,5.00217041129,3.64781813076
310,5.00309166949,3.61736771516
311,5.0040213826,3.58838310593
312,5.00503196086,3.56076063693
312,5.00618319996,3.53440019492
313,5.00752172701,3.50920730558
314,5.00908877229,3.48508908934
315,5.01091014792,3.46196248088
315,5.01301045103,3.43974531855
316,5.01540010376,3.41836617549
317,5.01809154743,3.39775393968
317,5.02108609651,3.37784743793
318,5.02438512874,3.35858832545
319,5.02798429929,3.3399254339
320,5.03187686347,3.32181285769
320,5.03605533612,3.30420911972
321,5.04051127017,3.28707751309
322,5.04523370063,3.27038721677
323,5.05021171032,3.25411163957
323,5.05543597207,3.23822740632
324,5.06089653076,3.22271570598
325,5.06658481481,3.20756085147
326,5.07249328316,3.1927503203
326,5.07861483575,3.1782748904
327,5.08494527146,3.16412683019
328,5.09148365028,3.1502994095
329,5.09822613501,3.13679040854
329,5.10517552061,3.12359588907
330,5.11233412894,3.11071428001
331,5.11970446066,3.098145629
332,5.12729503667,3.08588775953
332,5.13510975822,3.07394243322
333,5.14315966386,3.06230800594
334,5.15145324388,3.05098505931
335,5.16000034511,3.03997390645
335,5.16881202377,3.02927463163
336,5.17789993518,3.01888750538
337,5.18727612508,3.00881329064
338,5.19694956406,2.99905559155
339,5.20693474535,2.98961641473
339,5.21724086607,2.98050320573
340,5.22788075735,2.9717247312
341,5.23886751571,2.96329434498
342,5.25021524996,2.95523114724
343,5.26194260491,2.94755982816
343,5.27407275458,2.94031267922
344,5.28663809696,2.93352899423
345,5.29967826143,2.92725802555
346,5.31325362947,2.92155288506
346,5.32743910894,2.91647460978
347,5.34233261299,2.91208686925
348,5.35806207746,2.90844991511
349,5.37478340877,2.90561746115
350,5.39269163662,2.90362405805
351,5.4120105478,2.9024816564
351,5.43299596413,2.90216636296
352,5.45593570397,2.90260504097
353,5.48113408363,2.9036688892
354,5.50890479999,2.90516224809
355,5.53955600781,2.9068165464
355,5.57337454111,2.90828697913
356,5.61060676353,2.90915443969
357,5.65144271435,2.90893008989
358,5.6960028438,2.90706341686
359,5.74431657082,2.90295914286
360,5.79632205736,2.89598731042
360,5.85185104802,2.88550412727
361,5.91062843919,2.87086740445
362,5.97227095211,2.85145376746
363,6.03628870297,2.82667530438
364,6.10208210443,2.79599927159
365,6.16895403283,2.75896193489
365,6.23611087784,2.71518972253
366,6.30267131908,2.66441916658
367,6.36768421345,2.6065154275
368,6.43014511148,2.54149326068
369,6.48902136161,2.46953448118
370,6.54328892669,2.39099873999
370,6.59195727005,2.30643383405
371,6.63412487284,2.21656679396
372,6.66900705728,2.12229507948
373,6.69598154507,2.0246596088
374,6.71461811441,1.92481124548
375,6.72470041438,1.82396837314
376,6.72624412925,1.72336672935
376,6.71948599528,1.62421149045
377,6.70488285112,1.52762465545
378,6.68307531824,1.43460357562
379,6.65486022416,1.34598310009
380,6.62114074896,1.26241194706
381,6.58288442677,1.18433865993
382,6.54107556591,1.11201131047
383,6.49666613705,1.04548960587
383,6.45054787922,0.984664308183
384,6.40351345264,0.929287258761
385,6.35624238132,0.879003165155
386,6.30928789412,0.833384086889
387,6.26308293683,0.791961024937
388,6.21793611798,0.754254190371
389,6.17405328781,0.719795438935
390,6.13154944456,0.688146595472
391,6.0904672088,0.658911234211
392,6.05079119973,0.631741542343
392,6.01247202564,0.606339535989
393,5.97542915743,0.582456864707
394,5.93957130096,0.55989012767
395,5.90480283172,0.538475979663
396,5.87102705728,0.518085609849
397,5.83815275566,0.49861864629
398,5.8061002195,0.479997338042
399,5.7747939031,0.462162334216
400,5.74417499566,0.445067398406
401,5.71418885162,0.428676862282
402,5.68479322169,0.412962035183
403,5.65595128179,0.397899409848
403,5.62763592638,0.383468538879
404,5.59982417132,0.369651077429
405,5.57249770956,0.356429736337
406,5.54564440954,0.343787488459
407,5.51925274997,0.331707455391
408,5.49331417342,0.320172453268
409,5.46782373043,0.309164801135
410,5.44277681654,0.298666451273
411,5.41816737667,0.28865908057
412,5.39399414179,0.279123800636
413,5.37025101151,0.270041754412
414,5.34693609979,0.261393734351
415,5.32404473914,0.25316065017
416,5.30157385014,0.245323415167
417,5.27951872845,0.237863205506
418,5.25787435845,0.230761490468
419,5.23663676802,0.22400006218
420,5.2157990291,0.217561287025
421,5.19535570033,0.211427977759
421,5.17530189276,0.205583495715
422,5.1556275539,0.200012021612
423,5.13632840696,0.194698153731
424,5.1173963214,0.189627317151
425,5.0988244227,0.184785579654
426,5.08060326238,0.180159802166
427,5.06272641352,0.175737436895
428,5.04518506826,0.171506718011
429,5.02797144704,0.167456529454
430,5.01107900035,0.163576387123
431,4.99449623355,0.159856621403
432,4.97821867069,0.156287963606
433,4.96223598138,0.152861939082
434,4.9465414732,0.149570535589
435,4.93112761305,0.14640631808
436,4.91598672037,0.143362376361
437,4.90110985722,0.140432326334
438,4.88649291817,0.137610105019
439,4.87212564738,0.134890256171
440,4.85800394593,0.132267550941
441,4.84411990408,0.129737239987
442,4.83046780847,0.127294858549
443,4.8170402781,0.124936304526
444,4.80383229018,0.122657706446
445,4.79083854283,0.120455470185
447,4.77805334976,0.118326257874
448,4.76547044232,0.116266970347
449,4.75308524776,0.11427467116
450,4.74089432974,0.112346584135
451,4.72889061404,0.110480189347
452,4.71707168736,0.108673009918
453,4.7054316932,0.106922789047
454,4.69396661695,0.105227352701
455,4.68267349665,0.103584617736
456,4.67154742112,0.101992647922
457,4.66058606587,0.100449543412
458,4.64978375907,0.098953561676
459,4.63913908792,0.0975029451168
460,4.62864783713,0.0960960661913
461,4.61830638687,0.0947313477331
462,4.60811184334,0.093407255516
463,4.59806151307,0.0921223047727
464,4.58815407878,0.0908750328428
465,4.57838436014,0.08966409954
466,4.56874999084,0.0884881503369
468,4.55924986379,0.0873458464712
469,4.54987936999,0.0862359540801
470,4.54063721645,0.0851572107438
471,4.5315213837,0.0841084021202
472,4.52252955961,0.0830883518049
473,4.51365751245,0.0820959494546
474,4.50490476112,0.0811300459786
475,4.49627004284,0.0801895369128
476,4.48774850187,0.0792734107268
477,4.47934058139,0.0783805896772
478,4.47104263897,0.077510096525
480,4.46285319164,0.0766609435989
481,4.45476965571,0.0758321897947
482,4.44679161889,0.0750228843422
483,4.43891613704,0.0742321469468
484,4.43114168963,0.0734591002235
485,4.42346597205,0.0727029069574
486,4.41588711352,0.0719627496047
487,4.40840358555,0.07123783204
489,4.4010145128,0.0705273747137
490,4.39371787321,0.0698306436171
491,4.38651019352,0.0691469542156
492,4.37939185356,0.0684755874783
493,4.37236098702,0.0678158867995
494,4.36541450035,0.0671672407422
495,4.3585533747,0.0665290011534
496,4.35177275688,0.0659006355058
498,4.345073623,0.0652815478865
499,4.33845380177,0.0646712160147
500,4.33191229421,0.0640691251715
501,4.32544631823,0.0634748119167
502,4.31905612524,0.0628877925664
503,4.31273811337,0.0623076640017
505,4.30649342063,0.0617339778956
506,4.30031842224,0.0611663780608
507,4.29421383466,0.0606044688295
508,4.28817722554,0.0600479218228
509,4.28220636537,0.0594964271223
510,4.27630126581,0.0589496647221
512,4.2704606729,0.0584073531333
513,4.26468413696,0.0578692200097
514,4.25896885122,0.0573350445336
515,4.25331386413,0.056804599252
516,4.24771832339,0.0562776737118
517,4.2421824076,0.0557540616018
519,4.23670177219,0.0552336330562
520,4.23127875911,0.0547161866349
521,4.22591109719,0.0542015971119
522,4.22059681933,0.053689749822
523,4.21533645098,0.0531805125354
525,4.21012767055,0.0526738028984
526,4.2049700508,0.0521695274465
527,4.1998626054,0.0516676121133
528,4.19480556122,0.0511679796578
530,4.1897965881,0.0506705952489
531,4.18483509962,0.0501754129149
532,4.17991967002,0.0496824065298
533,4.17505147901,0.0491915281636
534,4.17022714597,0.048702792521
536,4.16544711611,0.0482161769033
537,4.16071138525,0.0477316716581
538,4.15601814877,0.0472492947483
539,4.15136739726,0.0467690497628
541,4.1467568452,0.0462909717603
542,4.14218784747,0.0458150601525
543,4.13765880055,0.045341352383
544,4.13316722287,0.044869899358
546,4.1287161673,0.0444006955784
547,4.12430385245,0.0439337919776
548,4.11992796999,0.0434692475906
549,4.11558862668,0.0430070981532
551,4.11128616885,0.0425473794559
552,4.10701968575,0.0420901424432
553,4.10278828032,0.0416354393393
555,4.09859082141,0.0411833258269
556,4.09442811556,0.0407338390193
557,4.09029926847,0.0402870339763
558,4.08620326807,0.0398429671551
560,4.08214014378,0.039401684914
561,4.07810994559,0.0389632335436
562,4.07411039809,0.0385276812468
564,4.07014241574,0.0380950651834
565,4.06620632441,0.037665427836
566,4.06230002072,0.0372388334216
567,4.05842429526,0.0368153182881
569,4.05457829557,0.0363949328769
570,4.05076147994,0.0359777234622
571,4.04697364117,0.0355637319764
573,4.04321497568,0.035152995463
574,4.03948438555,0.0347455607762
575,4.03578175368,0.0343414645433
577,4.03210693512,0.0339407420382
578,4.028460144,0.0335434238878
579,4.02483923363,0.0331495585848
581,4.02124618144,0.0327591585546
582,4.01767866733,0.0323722698288
583,4.01413794761,0.0319889073588
585,4.0106220428,0.0316091102695
586,4.00713347299,0.0312328801383
587,4.00366917164,0.0308602606913
589,4.0002299723,0.0304912630809
590,3.99681646745,0.0301258987829
591,3.99342677468,0.0297641961498
593,3.9900603468,0.0294061713081
594,3.98671998259,0.0290518140922
596,3.98340269093,0.0287011552665
597,3.9801083489,0.0283542025027
598,3.97683821004,0.0280109520906
600,3.97359069697,0.0276714188208
601,3.97036648869,0.0273355998674
602,3.96716498099,0.0270034998111
604,3.96398625933,0.0266751169019
605,3.96082981476,0.0263504519097
607,3.95769433766,0.0260295092986
608,3.95458174088,0.0257122708137
609,3.95149183872,0.0253987309355
611,3.94842220634,0.0250888970313
612,3.94537442749,0.0247827493429
614,3.94234767256,0.024480282371
615,3.93934118559,0.0241814887842
617,3.93635599121,0.0238863491387
618,3.93339219657,0.0235948487346
619,3.93044830959,0.0233069813813
621,3.92752371065,0.0230227344089
622,3.92462003357,0.022742081016
624,3.92173622113,0.022465009391
625,3.91887315261,0.0221914956557
627,3.91602836247,0.021921534108
628,3.91320352142,0.0216550947885
629,3.91039803591,0.0213921598627
631,3.90761156587,0.0211327093264
632,3.90484495519,0.0208767161523
634,3.90209664767,0.0206241656363
635,3.89936691336,0.0203750326222
637,3.8966555926,0.020129293747
638,3.89396245335,0.0198869255235
640,3.89128745717,0.0196479030114
641,3.88863095107,0.019412198951
643,3.88599270422,0.0191797886575
644,3.8833720394,0.0189506492484
646,3.88076951359,0.0187247514427
647,3.87818372244,0.0185020751746
649,3.87561602952,0.0182825867832
650,3.8730651733,0.0180662649354
652,3.8705316949,0.0178530795344
653,3.86801510621,0.017643005133
655,3.86551632914,0.0174360096892
656,3.86303338417,0.0172320741753
658,3.86056663168,0.017031168756
659,3.85811774339,0.0168332578769
661,3.85568396325,0.0166383253591
662,3.85326706228,0.0164463351412
664,3.85086618045,0.016257262585
665,3.84848171295,0.0160710776474
667,3.84611271256,0.0158877559131
668,3.84376076977,0.0157072624511
670,3.84142293152,0.0155295810149
671,3.83910155413,0.0153546736559
673,3.83679497025,0.0151825188111
675,3.83450460924,0.0150130825767
676,3.83222897397,0.014846342698
678,3.82996839223,0.0146822697589
679,3.82772306688,0.0145208349578
681,3.82549290504,0.0143620107263
682,3.82327729012,0.0142057715206
684,3.82107577921,0.0140520911607
685,3.8188899811,0.0139009360311
687,3.81671750257,0.0137522872741
689,3.81456050824,0.0136061095216
690,3.81241711874,0.0134623820951
692,3.81028854566,0.0133210733357
693,3.80817378128,0.0131821595259
695,3.80607276668,0.0130456136421
697,3.80398628337,0.0129114058795
698,3.80191312168,0.0127795133018
700,3.79985431177,0.0126499054207
701,3.79780805623,0.0125225612578
703,3.79577611039,0.012397448048
705,3.79375780655,0.012274541116
706,3.79175242322,0.012153815895
708,3.78976096024,0.0120352422701
710,3.78778226821,0.0119187969966
711,3.78581634852,0.0118044530812
713,3.78386392011,0.0116921812696
715,3.78192494221,0.0115819546512
716,3.77999788244,0.0114737507526
718,3.77808390362,0.0113675387211
719,3.77618258608,0.01126329242
721,3.77429418876,0.011160983509
723,3.77241835237,0.0110605853085
724,3.7705546695,0.0109620710373
726,3.76870406123,0.0108654098112
728,3.76686524196,0.0107705768813
729,3.76503846085,0.0106775427304
731,3.76322466052,0.0105862755889
733,3.76142165339,0.010496752148
735,3.75963154107,0.0104089366347
736,3.75785358746,0.0103228008256
738,3.75608744369,0.0102383149095
740,3.75433346993,0.0101554466215
741,3.75259055736,0.0100741671239
743,3.75085966362,0.00999444139721
745,3.74913995562,0.00991623860699
746,3.74743238386,0.00983952250064
748,3.74573670622,0.00976425929413
750,3.74405176898,0.00969041678701
752,3.74237842989,0.00961795672395
753,3.74071691889,0.00954684167019
755,3.73906573875,0.00947703769587
757,3.7374267101,0.00940850148261
759,3.73579869868,0.00934119625055
760,3.73418079312,0.00927508357197
762,3.73257447227,0.0092101180039
764,3.73097943361,0.00914625746996
766,3.72939568716,0.00908345797817
767,3.72782231041,0.00902167662475
769,3.72625911633,0.00896086747988
771,3.72470755423,0.00890097946429
773,3.72316633624,0.0088419668339
775,3.72163539581,0.00878377961389
776,3.72011633874,0.00872636261788
778,3.71860685758,0.0086696685821
780,3.71710722604,0.00861364283572
782,3.71561946775,0.00855822540594
783,3.71414165608,0.00850336420383
785,3.71267307694,0.00844900302514
787,3.71121586651,0.00839507796418
789,3.70976826167,0.00834153282829
791,3.70833025378,0.00828830629258
793,3.70690316188,0.00823533303477
794,3.70548535194,0.0081825533577
796,3.70407829734,0.00812989978395
798,3.70267983477,0.00807731208445
800,3.70129208872,0.00802471997732
802,3.69991342505,0.00797206089097
804,3.6985443547,0.00791926722461
805,3.69718506575,0.00786627191318
807,3.69583497945,0.00781300952958
809,3.69449425815,0.00775941326607
811,3.69316303489,0.0077054168084
813,3.69184001733,0.00765095745821
815,3.69052647503,0.0075959680701
817,3.68922226804,0.00754038560788
819,3.68792635467,0.00748415028318
820,3.68663998439,0.00742719933541
822,3.68536120731,0.00736947846755
824,3.68409196249,0.00731092783294
826,3.68283017537,0.00725149818845
828,3.68157656265,0.00719113759084
830,3.68033131691,0.00712979833421
832,3.67909453859,0.00706743637191
834,3.67786490322,0.00700401413237
836,3.6766435272,0.00693949337621
838,3.67542899807,0.00687384495644
840,3.67422339837,0.00680703768161
841,3.6730238093,0.00673905443357
843,3.6718314558,0.00666987530285
845,3.67064731228,0.00659948603377
847,3.66946897991,0.00652788369956
849,3.66829808744,0.00645506346402
851,3.66713343438,0.00638103097175
853,3.66597551931,0.00630579431755
855,3.6648230396,0.00622937016206
857,3.66367835483,0.00615177433243
859,3.66253880331,0.00607303652046
861,3.66140607563,0.00599318429347
863,3.66027809316,0.00591225651736
865,3.6591567477,0.0058302904237
867,3.65804014205,0.00574733400728
869,3.65692983244,0.00566343412937
871,3.6558246043,0.00557864611341
873,3.65472478677,0.00549302663035
875,3.65362965703,0.00540663737787
877,3.65254069905,0.00531953985551
879,3.6514554851,0.00523180401932
881,3.65037573644,0.00514349608094
883,3.64930052592,0.00505468802831
885,3.6482304742,0.00496545121
887,3.64716507642,0.00487585970912
889,3.64610409746,0.00478598799665
891,3.6450467152,0.00469591169809
893,3.643994911,0.00460570288062
896,3.64294762145,0.00451543730448
898,3.6419041213,0.00442518962045
900,3.64086528861,0.00433503160518
902,3.63983063235,0.00424503554681
904,3.6388007017,0.00415527107426
906,3.63777454867,0.00406580789194
908,3.63675259526,0.00397671226064
910,3.63573531418,0.00388804839716
912,3.63472145763,0.00379988017948
914,3.63371181504,0.00371226697434
916,3.63270653748,0.00362526644567
918,3.63170503261,0.00353893449837
921,3.63070829496,0.00345332291315
923,3.62971528703,0.00336848284711
925,3.62872637203,0.00328446146691
927,3.62774214236,0.00320130313469
929,3.62676137176,0.00311905119929
931,3.62578443116,0.00303774494869
933,3.62481213241,0.00295742076026
936,3.62384442718,0.00287811321864
938,3.62287988527,0.00279985547029
940,3.62191996087,0.00272267592275
942,3.62096413222,0.00264660215861
944,3.62001284368,0.00257165869982
946,3.6190652216,0.00249786874776
949,3.61812147684,0.002425252507
951,3.61718307288,0.00235382725298
953,3.61624789181,0.00228361057372
955,3.61531707351,0.00221461590628
957,3.61439031076,0.00214685571078
960,3.61346807085,0.00208034012496
962,3.61255020719,0.00201507787793
964,3.61163675215,0.00195107587468
966,3.61072685511,0.00188833983498
968,3.60982135168,0.00182687298531
971,3.6089202275,0.00176667750891
973,3.60802349731,0.00170775412324
975,3.6071307252,0.00165010236626
977,3.60624265954,0.00159371990261
980,3.60535918758,0.00153860355086
982,3.60447917901,0.00148474934373
984,3.60360399635,0.00143215112117
986,3.6027333579,0.0013808023571
989,3.60186652684,0.00133069566191
991,3.60100408914,0.00128182217926
993,3.60014617611,0.00123417234337
996,3.59929220842,0.00118773599013
998,3.59844304801,0.00114250168585
1000,3.59759750509,0.00109845793923
1003,3.59675728141,0.00105559168112
1005,3.59592080567,0.00101389022679
1007,3.59508824583,0.000973339782554
1009,3.59426085845,0.000933925765785
1012,3.59343736588,0.00089563381489
1014,3.59261779365,0.000858448786549
1016,3.59180256868,0.00082235507809
1019,3.59099256764,0.000787336681586
1021,3.59018637082,0.000753377823718
1024,3.5893842523,0.000720462099578
1026,3.58858633185,0.000688572946457
1028,3.58779336937,0.000657693529267
1031,3.58700383566,0.000627807316071
1033,3.58621931914,0.000598897116093
1035,3.58543818436,0.000570946247518
1038,3.58466214666,0.000543937445923
1040,3.58388987801,0.000517853943063
1043,3.58312190677,0.000492678709837
1045,3.58235794737,0.000468394897039
1047,3.58159911471,0.000444985556348
1050,3.58084321102,0.000422434263088
1052,3.58009229493,0.00040072418685
1055,3.5793454346,0.000379839008084
1057,3.57860212422,0.00035976250365
1060,3.57786402216,0.000340478410629
1062,3.57712944642,0.000321970992855
1064,3.57639858888,0.000304224524084
1067,3.5756720523,0.000287223464871
1069,3.57495030086,0.00027095252328
1072,3.5742320549,0.000255396774315
1074,3.57351769006,0.000240541401877
1077,3.57280705314,0.000226371879015
1079,3.57210107267,0.000212873866916
1082,3.57139849467,0.000200033422079
1084,3.57070059568,0.000187836713334
1087,3.57000673887,0.000176270287285
1089,3.56931636379,0.000165320946824
1092,3.56863036401,0.000154975694924
1094,3.56794812548,0.000145221876664
1097,3.56726951085,0.000136047082889
1099,3.56659507286,0.000127439148855
1102,3.56592441916,0.00011938621598
1104,3.56525760133,0.000111876676032
1107,3.56459544563,0.000104899164444
1109,3.56393644052,9.84426509287e-05
1112,3.56328133955,9.2492531152e-05
1115,3.56263035811,8.69894627147e-05
1117,3.56198344355,8.19092182822e-05
1120,3.5613400459,7.72430752379e-05
1122,3.56070018841,7.28830069558e-05
1125,3.56006561154,6.86903335642e-05
1128,3.55943378454,6.46608167039e-05
1130,3.55880593668,6.07909320277e-05
1133,3.5581817913,5.70772546407e-05
1135,3.55756108156,5.3516428663e-05
1138,3.55694378804,5.01051642654e-05
1141,3.55633033703,4.68402363367e-05
1143,3.55572054692,4.37184992713e-05
1146,3.5551142432,4.07368769387e-05
1148,3.55451070566,3.78923682737e-05
1151,3.55391138987,3.51820178024e-05
1154,3.55331510648,3.25990519962e-05
1156,3.55272237925,3.01353355378e-05
1159,3.5521331592,2.77882759499e-05
1162,3.55154626247,2.5555385574e-05
1164,3.5509641183,2.34342105288e-05
1167,3.55038462887,2.14223895491e-05
1170,3.54980789118,1.95176032614e-05
1173,3.54923509589,1.77175851606e-05
1175,3.54866497312,1.60206319611e-05
1178,3.54809804615,1.44250168344e-05
1181,3.54753430709,1.29286088844e-05
1183,3.54697436329,1.15293308667e-05
1186,3.54641668289,1.02251670734e-05
1189,3.54586232958,9.01414629441e-06
1192,3.54531098816,7.89435396012e-06
1194,3.54476296314,6.86392480239e-06
1197,3.54421772981,5.91852300538e-06
1200,3.5436756245,5.05378556845e-06
1203,3.54313663983,4.26808774246e-06
1205,3.54260031467,3.55984927152e-06
1208,3.54206724746,2.92753119018e-06
1211,3.54153692131,2.36963714126e-06
1214,3.54100972875,1.8847103557e-06
1217,3.54048508384,1.47133403323e-06
1219,3.53996347252,1.12812911244e-06
1222,3.5394448845,8.53754171671e-07
1225,3.53892931177,6.46904109172e-07
1228,3.53841647801,5.06309213475e-07
1231,3.53790615485,4.30012415727e-07
1233,3.53739913786,3.84230532856e-07
1236,3.53689393984,3.50782804559e-07
1239,3.53639220304,3.29434146319e-07
1242,3.53589354047,3.19083945971e-07
1245,3.53539673024,3.1115412554e-07
1248,3.53490341713,3.03503335956e-07
1251,3.53441266782,2.96119878006e-07
1254,3.53392421932,2.88992539497e-07
1256,3.5334385193,2.82110572075e-07
1259,3.53295582292,2.754637423e-07
1262,3.53247543241,2.69042363147e-07
1265,3.53199754284,2.62837124652e-07
1268,3.53152194663,2.56839174186e-07
1271,3.53104999288,2.51039952791e-07
1274,3.53057945003,2.45431544684e-07
1277,3.53011148286,2.40006156157e-07
1280,3.52964665892,2.34756389475e-07
1283,3.52918384615,2.29675292805e-07
1286,3.52872388325,2.24756098391e-07
1289,3.52826580863,2.19992455995e-07
1292,3.52781046642,2.15378186333e-07
1295,3.52735733485,2.10907468662e-07
1298,3.52690688505,2.06574680874e-07
1301,3.52645847012,2.02374514306e-07
1304,3.52601280745,1.98301815833e-07
1307,3.52556900328,1.94351748476e-07
1310,3.5251281858,1.90519575459e-07
1313,3.52468921439,1.868008885e-07
1316,3.52425297752,1.83191362842e-07
1319,3.52381859552,1.79686952182e-07
1322,3.5233866225,1.76283711018e-07
1325,3.52295685237,1.72977901188e-07
1328,3.52252941464,1.69765927552e-07
1331,3.52210434289,1.66644352526e-07
1334,3.52168102564,1.63609914118e-07
1337,3.52126060927,1.60659406851e-07
1340,3.52084178873,1.57789871264e-07
1343,3.52042549827,1.54998371449e-07
1346,3.52001122135,1.52282157733e-07
1349,3.51959931381,1.49638556796e-07
1353,3.51918918268,1.47065045874e-07
1356,3.51878148856,1.44559153747e-07
1359,3.51837544539,1.42118569685e-07
1362,3.51797234503,1.3974099379e-07
1365,3.51757068938,1.37424329909e-07
1368,3.51717119753,1.35166480004e-07
1371,3.51677373474,1.32965463446e-07
1375,3.5163784626,1.30819367875e-07
1378,3.51598502974,1.28726376156e-07
1381,3.5155938843,1.26684714276e-07
1384,3.51520516282,1.24692689766e-07
1387,3.51481762244,1.2274872509e-07
1390,3.51443234782,1.20851223545e-07
1394,3.51404911203,1.18998695922e-07
1397,3.51366809409,1.17189697154e-07
1400,3.51328886436,1.15422858134e-07
1403,3.5129108819,1.13696865712e-07
1407,3.51253591889,1.12010382904e-07
1410,3.5121620825,1.1036223993e-07
1413,3.51179054323,1.08751215359e-07
1416,3.51142109455,1.07176176541e-07
1420,3.51105317618,1.05636043889e-07
1423,3.51068702307,1.04129754229e-07
1426,3.51032331441,1.0265627104e-07
1429,3.50996101165,1.01214646056e-07
1433,3.50960042864,9.9803926889e-08
1436,3.50924197245,9.84231935355e-08
1439,3.50888534986,9.70715791221e-08
1443,3.50853055281,9.5748240244e-08
1446,3.50817775416,9.44523590004e-08
1449,3.50782619848,9.31831715899e-08
1453,3.50747692121,9.19398941522e-08
1456,3.50712936631,9.07218122663e-08
1459,3.50678352945,8.95282224164e-08
1463,3.5064388527,8.83584596974e-08
1466,3.50609668517,8.721183478e-08
1469,3.50575592791,8.60877429105e-08
1473,3.50541677737,8.4985568398e-08
1476,3.50507982402,8.39047073303e-08
1480,3.50474400168,8.28446157957e-08
1483,3.50441043897,8.18047167504e-08
1487,3.50407808114,8.07845033709e-08
1490,3.50374766405,7.97834447022e-08
1493,3.50341912243,7.88010458117e-08
1497,3.50309144789,7.78368491225e-08
1500,3.50276603806,7.68903590194e-08
1504,3.50244233085,7.59611391164e-08
1507,3.50212021305,7.50487574683e-08
1511,3.50179930409,7.4152801788e-08
1514,3.50148027336,7.32728509618e-08
1518,3.50116325321,7.24085087346e-08
1521,3.50084745872,7.15594102538e-08
1525,3.50053311163,7.07251816669e-08
1528,3.5002207807,6.99054540325e-08
1532,3.49990943894,6.90999016389e-08
1535,3.4996000965,6.83081688533e-08
1539,3.49929191922,6.75299469363e-08
1542,3.49898578086,6.67649038195e-08
1546,3.4986805441,6.60127557762e-08
1549,3.49837738961,6.52731841457e-08
1553,3.49807542908,6.4545918386e-08
1557,3.49777516361,6.38306704916e-08
1560,3.49747627213,6.31271760181e-08
1564,3.49717930623,6.24351627093e-08
1567,3.49688355833,6.17543887053e-08
1571,3.49658909603,6.10846055166e-08
1575,3.49629615472,6.04255690144e-08
1578,3.49600464078,5.97770478129e-08
1582,3.49571504217,5.91388073136e-08
1586,3.49542638882,5.85106441529e-08
1589,3.49513957115,5.78923297016e-08
1593,3.49485357267,5.72836732468e-08
1597,3.49456901989,5.6684462546e-08
1600,3.49428660732,5.60944903174e-08
1604,3.49400527455,5.55135830619e-08
1608,3.49372490592,5.49415569784e-08
1611,3.49344643445,5.43782169332e-08
1615,3.49316940221,5.38233947417e-08
1619,3.49289335479,5.32769266097e-08
1622,3.49261905062,5.2738634731e-08
1626,3.49234600575,5.22083647804e-08
1630,3.49207401049,5.16859623655e-08
1634,3.49180394044,5.11712612232e-08
1637,3.4915347007,5.06641281996e-08
1641,3.49126726938,5.0164403618e-08
1645,3.49100017206,4.9671967014e-08
1649,3.49073543983,4.91866513466e-08
1653,3.49047171899,4.87083414571e-08
1656,3.4902090864,4.82369050891e-08
1660,3.48994796189,4.77722086455e-08
1664,3.48968819025,4.73141297499e-08
1668,3.48942967031,4.68625483236e-08
1672,3.48917193799,4.64173520733e-08
1676,3.48891612278,4.59784103892e-08
1680,3.48866112769,4.55456251231e-08
1683,3.4884075832,4.51188779781e-08
1687,3.48815520278,4.46980653795e-08
1691,3.48790446204,4.42830765151e-08
1695,3.48765448454,4.38738203067e-08
1699,3.4874062837,4.34701841395e-08
1703,3.48715858481,4.30720864792e-08
1707,3.48691255465,4.26794176185e-08
1711,3.48666751958,4.229209292e-08
1715,3.48642393336,4.19100160432e-08
1719,3.48618157284,4.15331010097e-08
1723,3.48593992631,4.11612671749e-08
1727,3.48570001646,4.07944177029e-08
1731,3.48546109399,4.04324786584e-08
1735,3.48522311408,4.00753695514e-08
1739,3.484986498,3.97230063849e-08
1743,3.48475093749,3.9375315327e-08
1747,3.48451662389,3.90322185405e-08
1751,3.48428351276,3.86936425429e-08
1755,3.48405195948,3.83595110592e-08
1759,3.48382063044,3.80297679496e-08
1763,3.48359105551,3.77043271189e-08
1767,3.48336236295,3.73831303021e-08
1771,3.4831348644,3.7066107773e-08
1775,3.48290878156,3.67531922749e-08
1779,3.48268342213,3.64443275706e-08
1783,3.48245922548,3.61394467717e-08
1787,3.48223590025,3.58384919635e-08
1791,3.48201412374,3.55413965182e-08
1796,3.48179304746,3.52481107104e-08
1800,3.4815734167,3.49585697387e-08
1804,3.48135468948,3.46727230352e-08
1808,3.48113706053,3.43905137208e-08
1812,3.48092006163,3.41118925902e-08
1816,3.48070515846,3.38367925744e-08
1821,3.48049005263,3.35651844206e-08
1825,3.48027677816,3.32969977459e-08
1829,3.48006412782,3.30321945641e-08
1833,3.47985296141,3.27707180356e-08
1837,3.47964276544,3.25125253682e-08
1842,3.47943337946,3.22575712764e-08
1846,3.47922483154,3.20058096055e-08
1850,3.47901777857,3.17571893593e-08
1854,3.47881136332,3.15116743083e-08
1859,3.47860614183,3.12692161292e-08
1863,3.47840154371,3.10297775227e-08
1867,3.47819846765,3.0793308841e-08
1872,3.47799612296,3.05597763061e-08
1876,3.47779492235,3.03291362059e-08
1880,3.47759463535,3.01013512546e-08
1884,3.47739502147,2.98763849306e-08
1889,3.47719676755,2.96541934567e-08
1893,3.47699929358,2.94347446584e-08
1898,3.47680280236,2.92180003207e-08
1902,3.47660713269,2.90039259874e-08
1906,3.47641239765,2.87924855445e-08
1911,3.47621919789,2.85836395387e-08
1915,3.4760262335,2.83773647998e-08
1920,3.47583471216,2.8173618138e-08
1924,3.47564351455,2.79723759722e-08
1928,3.47545404926,2.77735948482e-08
1933,3.47526461891,2.75772568526e-08
1937,3.47507685503,2.7383318019e-08
1942,3.47488952882,2.71917576751e-08
1946,3.4747035662,2.70025386705e-08
1951,3.47451817549,2.68156378366e-08
1955,3.47433358658,2.66310245203e-08
1960,3.47414977812,2.64486705351e-08
1964,3.47396752398,2.62685421687e-08
1969,3.47378554903,2.609062174e-08
1973,3.47360441876,2.59148780498e-08
1978,3.47342483183,2.574127949e-08
1982,3.47324524671,2.55698115341e-08
1987,3.4730671519,2.54004376411e-08
1992,3.47288974412,2.52331386432e-08
1996,3.47271301522,2.50678899075e-08
2001,3.47253717809,2.490466563e-08
2005,3.47236231931,2.474344136e-08
2010,3.472188276,2.4584194828e-08
2015,3.47201508387,2.44269027328e-08
2019,3.47184260499,2.42715433789e-08
2024,3.47167145799,2.41180901707e-08
2029,3.47150038835,2.39665299216e-08
2033,3.47133069426,2.38168320795e-08
2038,3.47116143272,2.36689819536e-08
2043,3.47099313776,2.35229550338e-08
2047,3.47082555442,2.33787325583e-08
2052,3.47065918296,2.32362910031e-08
2057,3.47049286213,2.30956183146e-08
2062,3.47032801297,2.2956685494e-08
2066,3.47016362703,2.28194800646e-08
2071,3.47000028431,2.26839793182e-08
2076,3.469837677,2.25501667151e-08
2081,3.46967578144,2.24180241323e-08
2085,3.46951464862,2.22875332605e-08
2090,3.46935426779,2.21586764833e-08
2095,3.46919442677,2.20314377462e-08
2100,3.46903581536,2.19057955504e-08
2105,3.46887762964,2.17817381487e-08
2110,3.4687203033,2.16592462232e-08
2115,3.46856409621,2.15383018614e-08
2119,3.46840827749,2.14188935663e-08
2124,3.46825288012,2.13010053053e-08
2129,3.46809870361,2.11846166207e-08
2134,3.46794501466,2.10697167214e-08
2139,3.46779218113,2.09562883089e-08
2144,3.46764015546,2.08443168678e-08
2149,3.46748904726,2.07337871726e-08
2154,3.46733842979,2.06246874324e-08
2159,3.46718846169,2.05170025666e-08
2164,3.46703928502,2.04107178349e-08
2169,3.46689070819,2.03058206882e-08
2174,3.4667429154,2.02022965806e-08
2179,3.46659585701,2.0100132557e-08
2184,3.46644930542,1.99993168909e-08
2189,3.46630369959,1.98998342095e-08
2194,3.46615887167,1.98016728575e-08
2199,3.46601468652,1.9704821175e-08
2204,3.46587106857,1.9609267344e-08
2209,3.46572817923,1.95149983978e-08
2214,3.46558580555,1.94220036738e-08
2219,3.46544414825,1.93302703666e-08
2224,3.46530335446,1.92397861725e-08
2230,3.46516318188,1.91505411359e-08
2235,3.46502374546,1.90625234886e-08
2240,3.46488486743,1.89757232519e-08
2245,3.46474692201,1.88901275929e-08
2250,3.46460902692,1.8805730705e-08
2255,3.46447215186,1.87225168544e-08
2261,3.46433606814,1.86404770138e-08
2266,3.46420048397,1.85596026335e-08
2271,3.46406554917,1.84798829406e-08
2276,3.46393107985,1.84013091054e-08
2281,3.46379794077,1.83238668904e-08
2287,3.46366472111,1.82475542738e-08
2292,3.46353212706,1.81723581545e-08
2297,3.46340041143,1.80982680095e-08
2303,3.46326916195,1.80252769446e-08
2308,3.46313898154,1.79533729119e-08
2313,3.46300899934,1.78825516656e-08
2319,3.46287995882,1.7812800724e-08
2324,3.46275107358,1.77441156422e-08
2329,3.46262304933,1.76764844328e-08
2335,3.4624958391,1.76098991242e-08
2340,3.46236893012,1.75443542338e-08
2345,3.46224278337,1.74798394535e-08
2351,3.46211691706,1.7416963822e-08
2356,3.461991979,1.73550951417e-08
2362,3.46186767612,1.7294223203e-08
2367,3.46174379713,1.7234341893e-08
2373,3.46162057196,1.71754430071e-08
2378,3.46149789378,1.71175201342e-08
2384,3.46137570963,1.70605667009e-08
2389,3.46125429609,1.70045746203e-08
2395,3.46113345532,1.69495382549e-08
2400,3.46101312175,1.68954514147e-08
2406,3.46089331362,1.68423076029e-08
2411,3.46077420147,1.67900996897e-08
2417,3.46065546883,1.67388230126e-08
2422,3.46053744269,1.66884698896e-08
2428,3.46042001451,1.66390348519e-08
2433,3.46030302454,1.65905127685e-08
2439,3.46018648261,1.65428977871e-08
2445,3.46007084967,1.64961820018e-08
2450,3.45995531112,1.64503636915e-08
2456,3.45984085331,1.64054326473e-08
2462,3.45972625436,1.63613892468e-08
2467,3.45961279714,1.63182220848e-08
2473,3.45949973965,1.62759294368e-08
2479,3.45938718967,1.62345056438e-08
2484,3.45927510168,1.61939458594e-08
2490,3.45916366517,1.61542442259e-08
2496,3.4590525745,1.61153972876e-08
2502,3.45894194376,1.60773997109e-08
2507,3.45883205879,1.6040245456e-08
2513,3.45872263424,1.60039312221e-08
2519,3.4586138075,1.5968451828e-08
2525,3.45850539011,1.59338036823e-08
2531,3.45839754005,1.58999816743e-08
2536,3.45829010814,1.58669821898e-08
2542,3.45818326599,1.58348002197e-08
2548,3.45807694069,1.58034319577e-08
2554,3.45797102701,1.57728738204e-08
2560,3.45786574217,1.57431208302e-08
2566,3.45776069776,1.57141708451e-08
2572,3.45765651177,1.56860172213e-08
2578,3.45755254028,1.56586591237e-08
2584,3.45744902872,1.56320917512e-08
2590,3.45734625532,1.5606310235e-08
2596,3.4572439382,1.55813123113e-08
2602,3.45714197819,1.55570949583e-08
2608,3.45704047786,1.55336543161e-08
2614,3.45693952419,1.55109866678e-08
2620,3.45683918269,1.54890884653e-08
2626,3.45673912409,1.54679579971e-08
2632,3.45663958816,1.54475910695e-08
2638,3.45654053142,1.54279848267e-08
2644,3.45644198748,1.54091361352e-08
2650,3.45634382179,1.53910426773e-08
2656,3.45624599271,1.53737017856e-08
2662,3.45614892669,1.53571087771e-08
2668,3.45605214041,1.53412630798e-08
2674,3.45595578751,1.53261613526e-08
2681,3.45585983959,1.53118011269e-08
2687,3.45576448947,1.52981790173e-08
2693,3.45566979259,1.52852923116e-08
2699,3.45557504002,1.52731417379e-08
2705,3.45548104582,1.52617213503e-08
2712,3.45538761983,1.52510297056e-08
2718,3.4552942258,1.52410669455e-08
2724,3.45520152385,1.52318279913e-08
2730,3.45510936019,1.52233114165e-08
2737,3.45501734132,1.52155169071e-08
2743,3.454926097,1.52084396999e-08
2749,3.454835101,1.52020801809e-08
2756,3.45474445635,1.51964360214e-08
2762,3.45465452124,1.51915038283e-08
2768,3.45456455584,1.5187285094e-08
2775,3.45447538941,1.51837744667e-08
2781,3.45438645579,1.51809727854e-08
2788,3.45429785249,1.51788780261e-08
2794,3.45420994533,1.51774870411e-08
2800,3.45412240605,1.51767997864e-08
2807,3.4540351047,1.51768154004e-08
2813,3.45394830638,1.51775313389e-08
2820,3.45386188777,1.51789468176e-08
2826,3.45377595189,1.51810601098e-08
2833,3.45369031191,1.51838708153e-08
2839,3.45360515685,1.51873769332e-08
2846,3.45352031,1.51915781223e-08
2853,3.45343607099,1.51964719973e-08
2859,3.45335207728,1.52020591364e-08
2866,3.45326850483,1.52083377995e-08
2872,3.45318521046,1.52153077011e-08
2879,3.45310249385,1.52229666544e-08
2886,3.45301993441,1.52313156964e-08
2892,3.45293795764,1.52403521829e-08
2899,3.45285644784,1.52500759042e-08
2906,3.45277494426,1.5260488225e-08
2912,3.45269401867,1.52715859976e-08
2919,3.45261353046,1.52833692677e-08
2926,3.45253343867,1.5295837689e-08
2932,3.45245369734,1.53089909851e-08
2939,3.4523744918,1.53228279011e-08
2946,3.45229531468,1.53373503026e-08
2953,3.4522167594,1.53525552156e-08
2960,3.45213859017,1.53684433929e-08
2966,3.45206062979,1.53850153764e-08
2973,3.45198313849,1.54022698055e-08
2980,3.45190579487,1.5420207958e-08
2987,3.45182915528,1.54388272378e-08
2994,3.45175261533,1.54581302798e-08
3001,3.45167669736,1.54781147248e-08
3008,3.45160091021,1.54987827964e-08
3015,3.45152552741,1.55201333364e-08
3022,3.45145040868,1.55421670871e-08
3029,3.45137566212,1.5564883718e-08
3036,3.45130145371,1.55882826782e-08
3043,3.45122733846,1.56123662193e-08
3050,3.45115392371,1.56371318807e-08
3057,3.45108058189,1.56625828316e-08
3064,3.45100759452,1.56887181702e-08
3071,3.4509348997,1.57155385928e-08
3078,3.45086271855,1.57430435487e-08
3085,3.45079090604,1.57712341959e-08
3092,3.45071923972,1.58001120939e-08
3099,3.45064806482,1.58296762476e-08
3106,3.45057693897,1.58599293114e-08
3113,3.4505065201,1.58908689306e-08
3121,3.45043620836,1.59224985715e-08
3128,3.45036644329,1.59548169584e-08
3135,3.4502968313,1.59878267002e-08
3142,3.45022745082,1.60215282703e-08
3150,3.45015853657,1.60559214531e-08
3157,3.45008994221,1.60910078412e-08
3164,3.45002152818,1.61267890425e-08
3171,3.44995365354,1.61632643748e-08
3179,3.44988578477,1.62004373729e-08
3186,3.44981861666,1.62383058536e-08
3193,3.44975150065,1.62768739809e-08
3201,3.44968467786,1.63161417807e-08
3208,3.44961832934,1.63561095923e-08
3215,3.44955232168,1.63967792814e-08
3223,3.44948654615,1.6438152642e-08
3230,3.44942105458,1.64802307459e-08
3238,3.44935565122,1.65230158882e-08
3245,3.44929079208,1.65665072829e-08
3253,3.44922641408,1.66107066602e-08
3260,3.44916211111,1.6655617449e-08
3268,3.44909791857,1.67012410009e-08
3275,3.44903429993,1.67475766268e-08
3283,3.44897098264,1.67946272351e-08
3290,3.44890794997,1.68423945391e-08
3298,3.44884533332,1.68908795665e-08
3306,3.44878261502,1.69400865645e-08
3313,3.4487204479,1.69900140828e-08
3321,3.44865854067,1.70406653368e-08
3328,3.44859693333,1.70920419561e-08
3336,3.44853558079,1.71441460294e-08
3344,3.44847452097,1.7196979273e-08
3352,3.44841386439,1.72505430761e-08
3359,3.44835318835,1.73048415356e-08
3367,3.44829301436,1.73598740601e-08
3375,3.44823310378,1.74156439025e-08
3383,3.44817330695,1.7472153919e-08
3390,3.44811410984,1.75294037825e-08
3398,3.44805505237,1.75873979972e-08
3406,3.44799618952,1.76461385009e-08
3414,3.44793765724,1.77056268503e-08
3422,3.44787926342,1.77658663213e-08
3430,3.44782158732,1.78268562533e-08
3438,3.4477637205,1.78886037016e-08
3445,3.44770620517,1.79511082723e-08
3453,3.44764909483,1.80143721236e-08
3461,3.44759210105,1.80783992413e-08
3469,3.44753540722,1.81431911878e-08
3477,3.44747915392,1.82087497762e-08
3485,3.44742290734,1.82750798918e-08
3493,3.4473669459,1.83421827023e-08
3501,3.44731151894,1.84100595473e-08
3510,3.44725602642,1.84787163379e-08
3518,3.44720080676,1.85481540221e-08
3526,3.44714620207,1.86183735388e-08
3534,3.44709164769,1.86893807535e-08
3542,3.4470373215,1.87611775753e-08
3550,3.44698314343,1.88337673463e-08
3558,3.44692943353,1.89071512591e-08
3567,3.44687582584,1.8981334295e-08
3575,3.44682231643,1.90563195038e-08
3583,3.44676932548,1.91321076204e-08
3591,3.44671655404,1.92087033884e-08
3600,3.44666399393,1.92861099898e-08
3608,3.4466115879,1.93643309213e-08
3616,3.4465593967,1.94433690583e-08
3625,3.44650766149,1.9523226287e-08
3633,3.44645611731,1.96039073889e-08
3641,3.44640471086,1.96854159998e-08
3650,3.44635362917,1.97677544212e-08
3658,3.44630269493,1.98509270743e-08
3666,3.44625183203,1.99349378506e-08
3675,3.44620144305,2.00197879077e-08
3683,3.44615139078,2.01054815515e-08
3692,3.44610130649,2.01920244969e-08
3700,3.44605172064,2.02794172439e-08
3709,3.44600209389,2.03676666005e-08
3718,3.44595278065,2.0456774164e-08
3726,3.44590368896,2.05467441957e-08
3735,3.44585506654,2.06375789718e-08
3743,3.44580651378,2.07292846753e-08
3752,3.44575819867,2.08218641421e-08
3761,3.44570977987,2.0915323321e-08
3769,3.4456620837,2.10096611184e-08
3778,3.44561444983,2.11048854952e-08
3787,3.44556690131,2.12010003204e-08
3795,3.44551962344,2.12980084979e-08
3804,3.44547263507,2.1395913984e-08
3813,3.44542563881,2.1494722746e-08
3822,3.44537920895,2.15944353625e-08
3830,3.44533284649,2.16950591437e-08
3839,3.44528658062,2.17965981573e-08
3848,3.44524075936,2.18990544816e-08
3857,3.4451950562,2.20024345014e-08
3866,3.44514940264,2.21067430261e-08
3875,3.44510408978,2.22119825959e-08
3884,3.44505893463,2.23181588275e-08
3893,3.44501411705,2.24252750392e-08
3902,3.44496940307,2.25333372747e-08
3911,3.44492491354,2.26423493162e-08
3920,3.4448805374,2.2752316504e-08
3929,3.44483657641,2.28632414937e-08
3938,3.44479270698,2.29751311144e-08
3947,3.44474902776,2.30879894489e-08
3956,3.44470571761,2.32018200689e-08
3965,3.44466224126,2.33166313977e-08
3974,3.44461907536,2.34324250889e-08
3983,3.44457631147,2.35492054067e-08
3993,3.44453380878,2.36669782416e-08
4002,3.44449112407,2.37857516336e-08
4011,3.444448999,2.39055255037e-08
4020,3.44440694024,2.40263083264e-08
4030,3.44436508556,2.41481042637e-08
4039,3.4443233962,2.42709187452e-08
4048,3.44428192199,2.43947566214e-08
4057,3.44424057892,2.45196237316e-08
4067,3.44419944971,2.46455247779e-08
4076,3.44415846572,2.4772465582e-08
4086,3.44411771809,2.49004508644e-08
4095,3.44407728588,2.50294854637e-08
4104,3.44403697816,2.51595762222e-08
4114,3.44399674643,2.52907290096e-08
4123,3.44395657873,2.54229494775e-08
4133,3.44391685145,2.5556240442e-08
4142,3.44387717648,2.5690610408e-08
4152,3.44383786315,2.58260627557e-08
4162,3.44379869,2.59626048624e-08
4171,3.44375952425,2.61002435137e-08
4181,3.44372056317,2.62389830468e-08
4190,3.4436820286,2.63788276241e-08
4200,3.4436433663,2.65197873941e-08
4210,3.44360512786,2.66618640794e-08
4219,3.44356698014,2.68050662447e-08
4229,3.44352872803,2.69494014751e-08
4239,3.44349110835,2.70948701025e-08
4249,3.4434533413,2.72414843779e-08
4259,3.4434157597,2.73892478819e-08
4268,3.44337869335,2.7538164209e-08
4278,3.4433414666,2.76882450274e-08
4288,3.44330445228,2.78394936937e-08
4298,3.44326781572,2.79919152328e-08
4308,3.44323114163,2.8145519433e-08
4318,3.44319455098,2.83003117975e-08
4328,3.44315844065,2.84562955745e-08
4338,3.44312220855,2.861348229e-08
4348,3.44308622073,2.87718755376e-08
4358,3.44305049683,2.89314818029e-08
4368,3.44301484757,2.9092309381e-08
4378,3.44297948896,2.92543632074e-08
4388,3.4429439871,2.94176537786e-08
4398,3.44290899515,2.95821823827e-08
4408,3.44287399751,2.97479603296e-08
4418,3.44283897974,2.9914994724e-08
4429,3.44280462789,3.00832866021e-08
4439,3.44277005702,3.02528507194e-08
4449,3.44273570849,3.04236903359e-08
4459,3.44270146573,3.05958136322e-08
4470,3.44266743455,3.07692268752e-08
4480,3.44263366147,3.09439368934e-08
4490,3.44259989628,3.11199532394e-08
4501,3.44256636246,3.12972812609e-08
4511,3.44253282291,3.1475930522e-08
4521,3.44249963454,3.16559052255e-08
4532,3.44246650178,3.18372155847e-08
4542,3.44243355469,3.20198679682e-08
4553,3.44240084562,3.22038694959e-08
4563,3.44236814689,3.23892299631e-08
4574,3.44233568484,3.25759549702e-08
4584,3.44230333033,3.27640535045e-08
4595,3.4422710694,3.29535335316e-08
4605,3.44223906706,3.31444013502e-08
4616,3.44220712789,3.33366667666e-08
4627,3.4421754698,3.35303356622e-08
4637,3.44214387204,3.37254182389e-08
4648,3.44211233218,3.39219227311e-08
4659,3.44208097936,3.41198564406e-08
4669,3.44204983407,3.43192289206e-08
4680,3.44201891193,3.45200535793e-08
4691,3.44198792649,3.47223581564e-08
4702,3.44195724537,3.49261944187e-08
4713,3.44192651009,3.51316969062e-08
4724,3.44189614239,3.53391609347e-08
4734,3.44186569403,3.55492315773e-08
4745,3.4418356326,3.57631641168e-08
4756,3.44180559766,3.59832287004e-08
4767,3.44177581889,3.62131334762e-08
4778,3.44174578481,3.64583892414e-08
4789,3.44171626742,3.67263464233e-08
4800,3.44168669961,3.70257870439e-08
4811,3.4416572551,3.73658897984e-08
4822,3.44162802113,3.77547849665e-08
4834,3.44159893143,3.81980274198e-08
4845,3.44157010339,3.86974708803e-08
4856,3.44154113359,3.92509462974e-08
4867,3.44151243213,3.98528209894e-08
4878,3.44148387221,4.04952762476e-08
4890,3.44145552593,4.11698196083e-08
4901,3.4414270983,4.18686336428e-08
4912,3.44139895764,4.25854799475e-08
4923,3.4413709202,4.33162648719e-08
4935,3.44134282505,4.40596530796e-08
4946,3.44131510759,4.48186661136e-08
4958,3.44128740894,4.56049129622e-08
4969,3.4412598168,4.64479752567e-08
4980,3.44123236044,4.74134680066e-08
4992,3.44120522828,4.86330164282e-08
5003,3.44117787817,5.03465187261e-08
5015,3.44115076402,5.29498014323e-08
5027,3.44112394273,5.70298502986e-08
5038,3.44109700906,6.33590140453e-08
5050,3.44107034126,7.28177461412e-08
5061,3.44104379429,8.62310807078e-08
5073,3.44101731966,1.04138638833e-07
5085,3.44099090546,1.26560535623e-07
5096,3.44096456686,1.5284856258e-07
5108,3.44093851581,1.81701194821e-07
5120,3.44091265599,2.11367360537e-07
5132,3.44088671417,2.39988476345e-07
5144,3.4408611,2.65969270302e-07
5155,3.4408355195,2.8825739159e-07
5167,3.44081004364,3.06453705006e-07
5179,3.44078461864,3.20746857946e-07
5191,3.44075931174,3.31727837648e-07
5203,3.44073414152,3.40167691728e-07
5215,3.44070924658,3.46829756979e-07
5227,3.44068425679,3.5235346091e-07
5239,3.44065946513,3.57210841223e-07
5251,3.44063472133,3.61715516254e-07
5263,3.44061012733,3.66057395296e-07
5276,3.44058573204,3.70342736611e-07
5288,3.44056123412,3.74628270821e-07
5300,3.44053701301,3.78946196818e-07
5312,3.44051289682,3.83322191967e-07
5324,3.44048884346,3.87789477914e-07
5337,3.44046488771,3.92402419539e-07
5349,3.44044102904,3.97251286629e-07
5361,3.44041734229,4.02477652894e-07
5374,3.4403936896,4.08287544286e-07
5386,3.44037021278,4.14957203285e-07
5398,3.44034677415,4.22826092432e-07
5411,3.44032363862,4.32273038489e-07
5423,3.44030028823,4.43676346627e-07
5436,3.44027716718,4.57363424162e-07
5448,3.44025416134,4.73561683623e-07
5461,3.44023135289,4.92362672325e-07
5474,3.44020855452,5.13709679439e-07
5486,3.44018584077,5.37411736759e-07
5499,3.4401632008,5.63179667203e-07
5512,3.44014079338,5.90673369751e-07
5524,3.44011824106,6.19547888004e-07
5537,3.44009601,6.49486980484e-07
5550,3.44007393053,6.80218729423e-07
5563,3.44005175532,7.11510874129e-07
5575,3.44002972015,7.4314845044e-07
5588,3.44000789857,7.74898719847e-07
5601,3.43998618378,8.06469705493e-07
5614,3.43996450454,8.37471422855e-07
5627,3.43994297847,8.67391599718e-07
5640,3.43992144829,8.95599261341e-07
5653,3.43990000083,9.21386764607e-07
5666,3.43987872215,9.44053717692e-07
5679,3.43985761487,9.63022365707e-07
5692,3.43983637635,9.77959822639e-07
5705,3.43981532321,9.8887277617e-07
5718,3.43979453523,9.96143318077e-07
5732,3.43977363225,1.00048780519e-06
5745,3.4397531071,1.00284432954e-06
5758,3.43973249202,1.00421878001e-06
5771,3.43971194603,1.00552890862e-06
5785,3.43969132328,1.00748717111e-06
5798,3.4396709935,1.01054479974e-06
5811,3.43965067389,1.01490094193e-06
5825,3.43963043002,1.02056056412e-06
5838,3.43961042103,1.02741812947e-06
5852,3.43959020372,1.03534358547e-06
5865,3.43957044448,1.04425361488e-06
5879,3.43955044662,1.05416238649e-06
5892,3.43953071787,1.0652074779e-06
5906,3.43951100717,1.07765506219e-06
5919,3.43949132366,1.09188369115e-06
5933,3.43947189195,1.10834961175e-06
5947,3.43945234597,1.12753663133e-06
5960,3.43943297244,1.14989560644e-06
5974,3.43941376519,1.17578417426e-06
5988,3.43939436894,1.20541687665e-06
6002,3.43937551417,1.23883552825e-06
6016,3.43935644903,1.27590769378e-06
6029,3.43933746366,1.31634983998e-06
6043,3.43931848907,1.35977192114e-06
6057,3.43929984374,1.40573075907e-06
6071,3.43928107087,1.45378243187e-06
6085,3.4392625197,1.5035227686e-06
6099,3.4392438061,1.5546134081e-06
6113,3.43922530682,1.6067903076e-06
6127,3.43920718059,1.65985970016e-06
6142,3.43918879887,1.71368440101e-06
6156,3.43917060789,1.76816317483e-06
6170,3.43915245591,1.82320849979e-06
6184,3.43913440852,1.8787206826e-06
6198,3.43911649031,1.93455980715e-06
6213,3.43909841941,1.99051469927e-06
6227,3.43908060781,2.04626897525e-06
6241,3.43906287203,2.10136924157e-06
6256,3.43904509918,2.15519878907e-06
6270,3.43902762604,2.20696598715e-06
6285,3.43900998438,2.25571686423e-06
6299,3.43899265664,2.300375456e-06
6314,3.43897523182,2.33981790259e-06
6328,3.43895781337,2.37297188795e-06
6343,3.43894057951,2.39893922209e-06
6357,3.43892356908,2.4171463724e-06
6372,3.43890617225,2.42755768021e-06
6387,3.43888906298,2.43099767512e-06
6401,3.4388720414,2.42955327637e-06
6416,3.43885520569,2.42679878533e-06
6431,3.43883806098,2.42743541695e-06
6446,3.43882138161,2.43619248935e-06
6461,3.43880453878,2.45651327878e-06
6476,3.43878763889,2.48990384688e-06
6490,3.43877091175,2.5363319679e-06
6505,3.4387541022,2.59520390997e-06
6520,3.43873740664,2.66623962706e-06
6535,3.43872076204,2.75009218247e-06
6551,3.43870416435,2.84900187078e-06
6566,3.43868748116,2.96764007472e-06
6581,3.43867096017,3.11383371533e-06
6596,3.43865443098,3.2986240697e-06
6611,3.43863770742,3.53540947216e-06
6626,3.43862132956,3.8386965309e-06
6642,3.43860481787,4.22369589738e-06
6657,3.43858811954,4.70769414972e-06
6672,3.43857164993,5.31239013833e-06
6688,3.43855510766,6.06456411245e-06
6703,3.43853846032,6.99309313534e-06
6719,3.43852207104,8.12356633793e-06
6734,3.43850560429,9.47397712373e-06
6750,3.43848952364,1.10535442886e-05
6765,3.43847339735,1.28639372984e-05
6781,3.43845757555,1.4901408777e-05
6796,3.43844231162,1.71591185467e-05
6812,3.43842707562,1.96282573956e-05
6828,3.43841227763,2.2294106911e-05
6844,3.43839775462,2.51219183228e-05
6859,3.4383841395,2.80314904655e-05
6875,3.43837128623,3.0870958333e-05
6891,3.43835881964,3.34135637439e-05
6907,3.43834729492,3.54000904656e-05
6923,3.43833597573,3.6621896269e-05
6939,3.43832480244,3.70010397991e-05
6955,3.43831349203,3.66151315566e-05
6971,3.43830190199,3.5652281089e-05
6987,3.4382896329,3.4332168555e-05
7003,3.43827696504,3.28441724489e-05
7019,3.43826392759,3.13265308089e-05
7035,3.43825052859,2.98761315665e-05
7051,3.43823687346,2.85659197408e-05
7068,3.43822278527,2.74546111158e-05
7084,3.43820856971,2.65856449081e-05
7100,3.43819439062,2.59798952713e-05
7117,3.43818027284,2.56293374152e-05
7133,3.43816621205,2.5498055182e-05
7150,3.43815225157,2.55324767976e-05
7166,3.43813842392,2.56764739769e-05
7183,3.43812477915,2.58837573512e-05
7199,3.43811137748,2.61225544764e-05
7216,3.4380979806,2.6373019007e-05
7232,3.43808484462,2.66213130216e-05
7249,3.43807169309,2.68541843002e-05
7266,3.43805877561,2.70557799964e-05
7282,3.43804587886,2.7206797097e-05
7299,3.43803309927,2.72854739485e-05
7316,3.43802040538,2.72703927393e-05
7333,3.43800770503,2.71455453527e-05
7350,3.43799495348,2.69075473325e-05
7367,3.43798220931,2.65727804659e-05
7384,3.43796930896,2.61803551709e-05
7401,3.43795631459,2.5787823639e-05
7418,3.43794309066,2.54608249155e-05
7435,3.43792999343,2.52616907835e-05
7452,3.4379166482,2.52419307363e-05
7469,3.43790316515,2.54396615975e-05
7487,3.43788975495,2.58794233008e-05
7504,3.43787655215,2.65711717562e-05
7521,3.43786334316,2.75075040821e-05
7538,3.4378504378,2.86609642746e-05
7556,3.43783785337,2.99844750964e-05
7573,3.43782546057,3.1416591213e-05
7591,3.43781355123,3.28903867028e-05
7608,3.43780179003,3.43424212634e-05
7626,3.4377903752,3.5718136905e-05
7643,3.43777921649,3.69723860406e-05
7661,3.43776851196,3.80665066631e-05
7679,3.43775776043,3.89648678501e-05
7696,3.43774751921,3.96333856417e-05
7714,3.43773708522,4.00413049813e-05
7732,3.43772676891,4.01659849947e-05
7750,3.43771663627,3.99994181201e-05
7768,3.43770635605,3.95539498093e-05
7785,3.43769616031,3.88641100641e-05
7803,3.43768554369,3.79824551862e-05
7821,3.43767474463,3.6970003124e-05
7839,3.43766402154,3.58849651262e-05
7857,3.43765295431,3.47742494568e-05
7876,3.43764169528,3.36702609888e-05
7894,3.43763030761,3.2592542704e-05
7912,3.43761889253,3.15518851679e-05
7930,3.43760740041,3.05546522504e-05
7948,3.43759566877,2.96061871616e-05
7967,3.43758421549,2.8713100281e-05
7985,3.43757240694,2.78843832153e-05
8004,3.43756057582,2.71307313234e-05
8022,3.43754863302,2.64614989306e-05
8041,3.43753679497,2.58799927098e-05
8059,3.43752468754,2.53803880336e-05
8078,3.43751277581,2.4950404719e-05
8096,3.4375008411,2.45805183416e-05
8115,3.43748878762,2.42742367935e-05
8134,3.43747663588,2.40514572728e-05
8152,3.43746453955,2.39421128972e-05
8171,3.43745212275,2.39760096688e-05
8190,3.43743968932,2.41777011534e-05
8209,3.43742753364,2.45691498441e-05
8228,3.43741510672,2.51742277818e-05
8247,3.43740272745,2.6017062402e-05
8266,3.43739042357,2.71131011043e-05
8285,3.43737805799,2.8460303082e-05
8304,3.43736626989,3.00392887152e-05
8323,3.4373540469,3.18230877571e-05
8342,3.43734252153,3.37871723848e-05
8361,3.43733109808,3.59099631645e-05
8381,3.4373197494,3.81638369931e-05
8400,3.43730897836,4.05070245077e-05
8419,3.43729833069,4.28859958363e-05
8439,3.43728783333,4.52477250887e-05
8458,3.43727755863,4.75528532438e-05
8478,3.43726776454,4.97814651143e-05
8497,3.43725780006,5.19303251422e-05
8517,3.43724800797,5.40058284197e-05
8537,3.43723841609,5.60176628455e-05
8556,3.43722881716,5.797543163e-05
8576,3.43721954954,5.98883341401e-05
8596,3.43721000281,6.17673380581e-05
8616,3.43720066067,6.36294124302e-05
8635,3.43719106544,6.55034903709e-05
8655,3.43718171028,6.74362388738e-05
8675,3.43717242906,6.94939303353e-05
8695,3.43716275686,7.17552669989e-05
8715,3.43715343814,7.42922398594e-05
8735,3.43714443037,7.71421562187e-05
8756,3.43713555337,8.02811586863e-05
8776,3.43712745779,8.36128302795e-05
8796,3.43711978064,8.69806434376e-05
8816,3.43711276721,9.02016318359e-05
8837,3.43710611587,9.31084220467e-05
8857,3.43710007474,9.5583269589e-05
8877,3.43709426383,9.75733240181e-05
8898,3.43708870208,9.90855764293e-05
8918,3.43708313311,0.00010016790162
8939,3.43707757411,0.000100885042857
8960,3.43707177276,0.000101296957283
8980,3.43706629717,0.000101443496753
9001,3.4370604599,0.0001013371688
9022,3.4370547023,0.000100964336179
9042,3.43704912037,0.000100295042168
9063,3.43704332084,9.92994879083e-05
9084,3.43703741081,9.79662767861e-05
9105,3.43703126924,9.63151373161e-05
9126,3.43702484862,9.4397512939e-05
9147,3.43701835423,9.22836356413e-05
9168,3.43701139252,9.00417200559e-05
9189,3.43700424265,8.77192950682e-05
9211,3.43699672022,8.53358252997e-05
9232,3.43698906187,8.28893545054e-05
9253,3.4369811533,8.03727412442e-05
9274,3.43697314954,7.77906940761e-05
9296,3.43696483164,7.51695901671e-05
9317,3.43695597042,7.25567834034e-05
9339,3.43694701778,7.00114503637e-05
9360,3.43693757884,6.759231581e-05
9382,3.43692808108,6.53473839833e-05
9403,3.43691825402,6.33087315848e-05
9425,3.4369083691,6.14923781002e-05
9447,3.43689819512,5.99015839726e-05
9469,3.43688794682,5.85312758132e-05
9490,3.43687769607,5.73718593961e-05
9512,3.43686719759,5.64115203975e-05
9534,3.43685683938,5.56371761663e-05
9556,3.43684639823,5.50354188247e-05
9578,3.43683578559,5.45953925836e-05
9600,3.43682540195,5.43148291459e-05
9622,3.43681476254,5.42071035665e-05
9645,3.43680390267,5.43031786933e-05
9667,3.43679318822,5.46430869495e-05
9689,3.43678246499,5.52591279616e-05
9712,3.43677171507,5.6161183557e-05
9734,3.43676098969,5.73337878537e-05
9756,3.43675032148,5.87446639144e-05
9779,3.4367398893,6.03564790602e-05
9801,3.43672960554,6.21351735345e-05
9824,3.43671931522,6.40548392811e-05
9847,3.43670922977,6.6102258362e-05
9869,3.43669924099,6.82815361842e-05
9892,3.43668932641,7.06147275228e-05
9915,3.43667942293,7.31329335931e-05
9938,3.43666965879,7.5857056149e-05
9961,3.43665974398,7.87783166725e-05
9984,3.43665059151,8.18583307293e-05
10007,3.43664085995,8.50621375253e-05
10030,3.43663162001,8.8408143393e-05
10053,3.43662225891,9.19913618842e-05
10076,3.43661294449,9.59459512369e-05
10099,3.4366038039,0.000100365048664
10123,3.43659515328,0.000105237332724
10146,3.43658703431,0.000110445467538
10169,3.43657961823,0.000115817830503
10193,3.43657303356,0.000121188904918
10216,3.43656682555,0.000126432111657
10240,3.43656109712,0.000131459486276
10263,3.43655592119,0.000136203687557
10287,3.43655121559,0.000140599740415
10311,3.43654665864,0.000144576683825
10335,3.43654297829,0.000148061879957
10358,3.43653913568,0.000150995971233
10382,3.43653566788,0.000153351421909
10406,3.43653185773,0.000155143954006
10430,3.4365279469,0.000156423797411
10454,3.43652385417,0.00015724438767
10478,3.43651954404,0.000157629343628
10502,3.43651495562,0.000157577159028
10527,3.43650992214,0.000157120906813
10551,3.43650409543,0.000156397877382
10575,3.43649744235,0.000155649691764
10600,3.4364900535,0.000155133932425
10624,3.43648212994,0.00015503271598
10649,3.4364736953,0.000155453998011
10673,3.43646509473,0.00015650275792
10698,3.43645595554,0.000158301141983
10722,3.43644719565,0.000160900399355
10747,3.43643851578,0.000164181410973
10772,3.43643034524,0.000167882729981
10797,3.43642239644,0.000171767592191
10822,3.43641482609,0.000175792768712
10847,3.43640712609,0.000180137902225
10872,3.4363992734,0.00018508029719
10897,3.43639192404,0.00019081869925
10922,3.43638502525,0.000197361203152
10947,3.43637914235,0.000204520054128
10972,3.43637443978,0.000211982435947
10997,3.43637089473,0.000219400496933
11023,3.43636834189,0.00022646156286
11048,3.43636675779,0.000232927717506
11074,3.43636600952,0.000238650771027
11099,3.43636573973,0.000243571179645
11125,3.4363656305,0.000247705879362
11150,3.43636561708,0.000251127563207
11176,3.43636561958,0.000253938140115
11202,3.43636548634,0.000256240798152
11228,3.43636534584,0.000258116005632
11254,3.43636543469,0.000259606500909
11280,3.43636529491,0.000260714962778
11306,3.4363649539,0.000261416009842
11332,3.43636484256,0.000261681606107
11358,3.43636440607,0.00026151345047
11384,3.43636385593,0.000260968607316
11410,3.4363628503,0.00026016090176
11436,3.43636178331,0.000259224374425
11463,3.43636056855,0.000258243708306
11489,3.43635921938,0.000257180755237
11516,3.43635836386,0.000255842174736
11542,3.43635782448,0.000253922340612
11569,3.43635727001,0.000251117248794
11596,3.43635633267,0.000247261870185
11622,3.43635454095,0.000242423852082
11649,3.43635168169,0.000236906808764
11676,3.4363473417,0.000231163511015
11703,3.43634170626,0.000225661617413
11730,3.43633501886,0.000220758761609
11757,3.43632774433,0.00021662732071
11784,3.43632004632,0.000213241164712
11811,3.43631204961,0.000210416078714
11838,3.43630395359,0.000207890555364
11866,3.43629576085,0.000205436301242
11893,3.43628684186,0.000202984440642
11920,3.43627692586,0.000200736262983
11948,3.4362659205,0.000199205387371
11975,3.43625338512,0.000199135325037
12003,3.43624030543,0.00020127721774
12031,3.4362271576,0.000206092903195
12059,3.43621537188,0.000213518950115
12086,3.43620597822,0.000222926078398
12114,3.43619935561,0.000233309446976
12142,3.43619532277,0.00024360731879
12170,3.4361939173,0.000252970830193
12198,3.43619463653,0.000260858245926
12226,3.43619645054,0.000266962105777
12254,3.43619909847,0.000271087078399
12283,3.4362022843,0.000273097962067
12311,3.43620501721,0.000272965703075
12339,3.43620710264,0.00027084485147
12368,3.43620762994,0.000267094863048
12396,3.43620640495,0.000262210163846
12425,3.43620305429,0.000256695827766
12454,3.4361978228,0.000250964182473
12482,3.43619013743,0.000245392639685
12511,3.43617906325,0.000240937934271
12540,3.43616459083,0.000240185995088
12569,3.43615038431,0.000245770238411
12598,3.43614089758,0.000255856010339
12627,3.43613683772,0.000265470691328
12656,3.43613555548,0.000272255190697
12685,3.43613436869,0.000276777534832
12714,3.43613309664,0.000280006696744
12744,3.43613109314,0.000282483083561
12773,3.43612904944,0.000284497115132
12802,3.43612647138,0.000286258486831
12832,3.43612364456,0.000287942859232
12862,3.43612032082,0.000289688394822
12891,3.4361170493,0.00029158668302
12921,3.43611335497,0.000293686473974
12951,3.43610987708,0.000296003318394
12981,3.43610627135,0.000298527426356
13011,3.43610280623,0.000301230461966
13041,3.43609950548,0.000304075162064
13071,3.43609626894,0.000307028091195
13101,3.43609315788,0.000310073274657
13131,3.43608983303,0.000313221862091
13161,3.43608688085,0.000316514306991
13192,3.43608368549,0.000320017289722
13222,3.43608047359,0.000323817771999
13252,3.43607737087,0.000328016466848
13283,3.43607435191,0.000332722429564
13314,3.43607148794,0.000338052416904
13344,3.43606897125,0.000344135914644
13375,3.4360668258,0.000351118591486
13406,3.43606534562,0.000359157206685
13437,3.43606537571,0.000368411685604
13468,3.43606680938,0.000379038815863
13499,3.43607099765,0.00039111590751
13530,3.43607960688,0.00040411242975
13561,3.43609452358,0.000415475624801
13592,3.43611492437,0.000420421896821
13624,3.4361356296,0.000416453366213
13655,3.43615107467,0.000406881509556
13687,3.43616203983,0.000396191639893
13718,3.43617093687,0.000385670061171
13750,3.4361786447,0.000374847199935
13781,3.43618546328,0.000363349412045
13813,3.4361913011,0.000351081492288
13845,3.43619589959,0.000338034598742
13877,3.43619987967,0.000324184470112
13909,3.4362027604,0.000309415111187
13941,3.43620456206,0.000293470212555
13973,3.43620515399,0.000275985441378
14005,3.4362038485,0.000256621200821
14038,3.43619954682,0.000235358920088
14070,3.43619058813,0.000213093692138
14102,3.43617622407,0.000192115303593
14135,3.43615744777,0.000175011989126
14168,3.43613746888,0.000162397899585
14200,3.4361174461,0.000153132618056
14233,3.43609745964,0.000146474534528
14266,3.43607779073,0.000142280858125
14299,3.43605885164,0.000140252436568
14332,3.43604069265,0.000140000290017
14365,3.43602388285,0.000141278311591
14398,3.43600810081,0.000143956360489
14431,3.43599390124,0.000147862576272
14464,3.43598156007,0.000152570264481
14498,3.43597124654,0.00015723561199
14531,3.43596305007,0.000160752565275
14565,3.43595536339,0.000162366484519
14598,3.43594754599,0.000162272739307
14632,3.43593812208,0.000161460585613
14665,3.43592779302,0.000160899206439
14699,3.43591675629,0.000160969996869
14733,3.43590559272,0.000161572752582
14767,3.43589467724,0.000162491553795
14801,3.43588377527,0.000163587821475
14835,3.43587265165,0.000164804603263
14870,3.4358617233,0.000166122761867
14904,3.43585040603,0.000167535372705
14938,3.43583899382,0.000169039639652
14973,3.43582753135,0.000170635277658
15007,3.43581591343,0.000172323862965
15042,3.43580411367,0.000174108089352
15076,3.43579183261,0.000175991107153
15111,3.43577936739,0.000177975606795
15146,3.43576673802,0.000180060991612
15181,3.43575373955,0.000182234407431
15216,3.4357405791,0.000184453090012
15251,3.43572667474,0.000186631091437
15286,3.43571238434,0.000188666059349
15321,3.43569754349,0.000190524232724
15357,3.43568153279,0.000192317893615
15392,3.4356643971,0.000194270511481
15428,3.4356460774,0.000196580150806
15463,3.43562635641,0.000199322306002
15499,3.4356053558,0.000202477458885
15535,3.43558304686,0.000206019790952
15570,3.43555880772,0.000209973651553
15606,3.43553262807,0.000214419993618
15642,3.4355037735,0.0002194834865
15678,3.43547199793,0.00022532243808
15714,3.4354364403,0.000232127155465
15751,3.43539602318,0.000240138081915
15787,3.43534926473,0.000249760315089
15823,3.43529329796,0.000262062792702
15860,3.43522344304,0.00028030720069
15896,3.43513481922,0.000312950479957
15933,3.43502777907,0.000376182535364
15970,3.43491586641,0.000490033085719
16007,3.43483200775,0.00066364079939
16043,3.43481414547,0.000878625689254
16080,3.43487897038,0.00109072063349
16117,3.43500775437,0.0012554956952
16155,3.43515956011,0.00135554551015
16192,3.43529874683,0.00140409618341
16229,3.43541275187,0.00142723262786
16267,3.43550715961,0.00144529297505
16304,3.43559424621,0.00146604277999
16342,3.4356843159,0.00148748920406
16379,3.43578107471,0.00150344472231
16417,3.43588426484,0.00150788173812
16455,3.43598931631,0.00149731361115
16493,3.43609158052,0.00147137963514
16531,3.43618801805,0.00143179057794
16569,3.4362773042,0.00138027151307
16607,3.4363587116,0.00131709384295
16646,3.4364293853,0.00124176976472
16684,3.43648509276,0.00115553659546
16722,3.43652143771,0.0010630818563
16761,3.4365371935,0.000971464987807
16800,3.43653557861,0.000887139032473
16838,3.43652143871,0.000813711617215
16877,3.43649991975,0.000751804417347
16916,3.43647449745,0.000700263932331
16955,3.43644768925,0.000657398886962
16994,3.43642073659,0.000621645588557
17033,3.43639374644,0.000591759845418
17073,3.43636733419,0.000566801294405
17112,3.43634180884,0.000546068655328
17151,3.43631702272,0.000529037618269
17191,3.43629282783,0.000515313069983
17231,3.43626968145,0.000504598135581
17270,3.43624731227,0.00049667914346
17310,3.43622619754,0.000491422375788
17350,3.43620578273,0.000488779264797
17390,3.43618665132,0.00048879105451
17430,3.43616885604,0.000491574377255
17470,3.43615280813,0.000497250600473
17511,3.4361398027,0.000505781439436
17551,3.43613018361,0.000516717158535
17591,3.43612540135,0.000528960798064
17632,3.43612575492,0.000540747727554
17673,3.43613090425,0.000550008725263
17713,3.43613926039,0.000555069324291
17754,3.43614855892,0.000555347125584
17795,3.43615640497,0.000551603232964
17836,3.43616167979,0.000545538804983
17877,3.436164318,0.000538961149435
17918,3.43616527712,0.000533028008654
17960,3.43616542682,0.000527988341094
18001,3.43616582587,0.000523463455997
18043,3.43616629964,0.000518964024288
18084,3.43616667352,0.000514260523816
18126,3.43616702695,0.000509425734644
18168,3.43616668225,0.000504641347388
18210,3.43616637322,0.000499991719699
18252,3.43616598121,0.000495401429232
18294,3.43616586187,0.000490714423327
18336,3.43616547395,0.000485815158563
18378,3.43616471651,0.00048069919215
18420,3.43616356984,0.000475469083364
18463,3.43616198506,0.000470284364545
18505,3.4361598507,0.000465306414618
18548,3.43615747913,0.000460662613743
18591,3.43615459689,0.000456434337411
18634,3.43615173475,0.000452661299363
18677,3.43614859864,0.0004493537451
18720,3.43614559152,0.000446504654736
18763,3.43614248281,0.000444098854666
18806,3.43613966233,0.000442116967036
18849,3.43613707197,0.000440535132365
18893,3.43613462368,0.00043932113036
18936,3.43613263037,0.000438428379091
18980,3.43613108539,0.00043778908067
19024,3.43612974387,0.000437307583664
19068,3.43612908203,0.000436856939235
19112,3.43612900083,0.000436285616161
19156,3.43612919734,0.000435443000457
19200,3.43612970231,0.000434226834627
19244,3.43613033218,0.000432635650575
19289,3.43613069818,0.00043078704308
19333,3.43613112406,0.000428868388407
19378,3.43613140926,0.000427033035719
19422,3.43613181988,0.000425305484389
19467,3.43613245369,0.000423561765314
19512,3.43613362564,0.000421594448264
19557,3.43613514347,0.000419212584642
19602,3.43613668219,0.000416315445288
19647,3.43613793385,0.000412913575179
19692,3.43613870357,0.000409108424795
19738,3.4361392621,0.000405055471436
19783,3.43613935145,0.000400928977866
19829,3.43613889594,0.000396894629378
19875,3.43613795308,0.000393090565716
19920,3.43613673876,0.000389615457508
19966,3.4361355236,0.000386522755685
20012,3.43613430464,0.000383820502652
20059,3.43613316046,0.000381475805876
20105,3.43613234784,0.000379422910838
20151,3.43613176888,0.000377573448386
20198,3.4361314825,0.000375827130184
20244,3.43613176437,0.00037408167597
20291,3.43613222147,0.00037224098479
20338,3.43613294143,0.00037022063757
20385,3.43613410367,0.000367951010074
20432,3.43613525046,0.000365378174272
20479,3.43613683879,0.000362462931481
20526,3.43613823226,0.000359179382797
20573,3.43613966419,0.000355513011086
20621,3.43614128232,0.000351459626275
20668,3.43614253404,0.00034702516777
20716,3.43614356966,0.000342226207237
20763,3.43614445556,0.000337091264369
20811,3.43614522643,0.000331662047793
20859,3.43614532635,0.000325994070859
20907,3.43614508302,0.000320155736798
20956,3.43614447303,0.00031422591083
21004,3.43614319122,0.000308289494818
21052,3.43614157711,0.000302431383851
21101,3.43613972471,0.000296729770054
21150,3.43613749028,0.000291249549796
21198,3.43613476882,0.000286036988171
21247,3.43613197517,0.000281116587635
21296,3.43612910701,0.000276490851554
21345,3.43612615016,0.000272142749187
21394,3.43612314831,0.000268040523101
21444,3.43611996513,0.000264143907409
21493,3.43611720862,0.000260410514002
21543,3.43611410429,0.000256801639681
21592,3.43611140052,0.0002532860897
21642,3.43610845215,0.000249842473657
21692,3.43610564282,0.000246459191719
21742,3.43610268563,0.000243133215303
21792,3.43609994312,0.000239867717301
21842,3.43609689096,0.000236669580401
21893,3.43609389067,0.000233546846225
21943,3.43609092184,0.000230506877796
21994,3.43608779691,0.00022755506059
22045,3.4360848272,0.000224694109879
22095,3.43608183243,0.000221924015741
22146,3.43607874098,0.000219242255946
22197,3.43607550456,0.000216644272869
22249,3.43607252755,0.000214124003099
22300,3.43606966503,0.000211674485927
22351,3.43606662203,0.000209288313364
22403,3.4360635813,0.000206957975795
22454,3.43606057403,0.000204676195005
22506,3.43605765636,0.000202436135277
22558,3.43605473123,0.000200231587751
22610,3.43605196153,0.000198057092361
22662,3.43604900261,0.000195908112141
22714,3.43604620662,0.000193781076533
22767,3.43604330876,0.000191673542493
22819,3.4360405071,0.000189584176331
22872,3.43603775466,0.000187512780677
22925,3.43603494781,0.000185460206754
22977,3.43603192434,0.000183428216275
23030,3.4360290485,0.000181419263705
23083,3.43602620809,0.000179436335401
23137,3.43602316934,0.000177482709701
23190,3.43602020642,0.000175561728062
23243,3.43601719322,0.000173676683588
23297,3.4360142086,0.000171830692658
23351,3.43601111708,0.000170026682909
23405,3.436008189,0.000168267389722
23459,3.43600513902,0.000166555464887
23513,3.43600195469,0.000164893492561
23567,3.43599895669,0.00016328399191
23621,3.43599571877,0.000161729387814
23676,3.43599247901,0.000160231774762
23730,3.43598954691,0.000158792727581
23785,3.43598627483,0.00015741314761
23840,3.43598303154,0.000156093054891
23895,3.43597990634,0.000154831656627
23950,3.43597683269,0.000153627469886
24005,3.4359737897,0.000152478521094
24060,3.43597066895,0.000151382584035
24116,3.43596738526,0.000150337381474
24171,3.43596434593,0.000149340719356
24227,3.4359611664,0.000148390642037
24283,3.43595801916,0.000147485427958
24339,3.43595503795,0.000146623640338
24395,3.43595192065,0.000145804147863
24451,3.4359489398,0.000145026067718
24508,3.43594577678,0.000144288782903
24564,3.43594281135,0.000143591836394
24621,3.43593983131,0.000142934917996
24678,3.43593673826,0.000142317760266
24734,3.43593369774,0.000141740074249
24791,3.43593083163,0.000141201565363
24849,3.43592775818,0.000140702084267
24906,3.43592475429,0.00014024190196
24963,3.43592176292,0.000139822250406
25021,3.4359185716,0.000139445822673
25079,3.43591569484,0.000139116928241
25136,3.43591266645,0.000138841124488
25194,3.43590961974,0.000138624072626
25252,3.4359064949,0.000138470303209
25311,3.43590345881,0.000138382473262
25369,3.4359004663,0.00013836170293
25427,3.43589740707,0.000138408852521
25486,3.43589428534,0.00013852625311
25545,3.43589112752,0.000138719508214
25604,3.43588809756,0.000138999428068
25663,3.43588495217,0.000139384451256
25722,3.43588184344,0.00013990334692
25781,3.43587848682,0.000140597162259
25841,3.43587528571,0.000141518090142
25900,3.4358720511,0.000142723014673
25960,3.4358689236,0.000144260292033
26020,3.43586612975,0.000146151317787
26080,3.43586342228,0.000148371651303
26140,3.43586140044,0.000150838853921
26200,3.43585982769,0.000153414159272
26260,3.43585893863,0.00015592070784
26321,3.43585852736,0.000158175251196
26382,3.43585852083,0.000160024053753
26442,3.43585868073,0.000161371761984
26503,3.43585914908,0.000162194461079
26565,3.43585961133,0.000162534489283
26626,3.43585967303,0.000162480952887
26687,3.43585972201,0.0001621440705
26749,3.43585934199,0.00016163177132
26810,3.4358589682,0.000161033708388
26872,3.43585823687,0.00016041450034
26934,3.43585728191,0.000159814272227
26996,3.43585616746,0.000159253632151
27058,3.43585493463,0.000158739980254
27121,3.43585387092,0.000158273152361
27183,3.43585256618,0.000157849567452
27246,3.43585150948,0.000157464640305
27309,3.43584997417,0.000157114106612
27372,3.43584859795,0.000156794334906
27435,3.43584722937,0.000156502442655
27498,3.43584586214,0.000156236110965
27561,3.43584450497,0.000155993423631
27625,3.43584315964,0.000155772732293
27689,3.4358417571,0.000155572566756
27753,3.43584026099,0.00015539157499
27817,3.43583904009,0.000155228477806
27881,3.43583766984,0.000155082112178
27945,3.43583614982,0.000154951376526
28009,3.43583481476,0.000154835242184
28074,3.43583330618,0.000154732811276
28139,3.43583208367,0.000154643261885
28203,3.43583074779,0.000154565936399
28269,3.43582934244,0.000154500292827
28334,3.43582800775,0.000154445925552
28399,3.43582642451,0.000154402589151
28464,3.43582523259,0.000154370126988
28530,3.43582374905,0.000154348560569
28596,3.43582249925,0.000154337959075
28662,3.4358211955,0.000154338512454
28728,3.4358195916,0.000154350476772
28794,3.43581834913,0.000154374122586
28860,3.43581716592,0.000154409811349
28927,3.43581564842,0.000154457954815
28994,3.43581432973,0.000154518975291
29061,3.43581300116,0.000154593395672
29127,3.43581156011,0.000154681827328
29195,3.43581022567,0.000154784998948
29262,3.43580880773,0.00015490384027
29329,3.43580764041,0.000155039498207
29397,3.43580612842,0.000155193455017
29465,3.43580482104,0.000155367457752
29533,3.43580355403,0.000155563559334
29601,3.4358022066,0.00015578393097
29669,3.43580078037,0.000156030551186
29737,3.43579963212,0.000156304710574
29806,3.43579832703,0.000156606422774
29875,3.43579696728,0.000156933654207
29944,3.43579582975,0.000157281726529
30013,3.43579462395,0.000157643058465
30082,3.43579341582,0.000158007388557
30151,3.43579247222,0.00015836276719
30221,3.43579123311,0.0001586973104
30290,3.43579018384,0.000159001321671
30360,3.4357891795,0.000159269647184
30430,3.43578794115,0.000159503452936
30500,3.43578688515,0.000159711005676
30571,3.43578578094,0.00015990729115
30641,3.43578479014,0.000160112308108
30712,3.43578329604,0.000160348636023
30782,3.43578193765,0.00016063863008
30853,3.43578065643,0.000161002221201
30925,3.43577928644,0.00016145551733
30996,3.43577779826,0.000162010586728
31067,3.43577638765,0.000162676381399
31139,3.4357749936,0.000163460537091
31211,3.43577356391,0.000164371478518
31283,3.43577215207,0.000165420122204
31355,3.43577109972,0.000166620155631
31427,3.43576973052,0.000167985806998
31500,3.43576874191,0.000169525918818
31572,3.43576798738,0.000171234711075
31645,3.43576758697,0.000173080519149
31718,3.43576727996,0.00017499642207
31791,3.43576769202,0.000176877506703
31864,3.43576833343,0.000178589261457
31938,3.43576945101,0.000179987754769
32011,3.43577070774,0.000180948084378
32085,3.43577235492,0.000181392578968
32159,3.43577376586,0.000181309465753
32233,3.43577518007,0.000180755029307
32308,3.43577616904,0.000179838942438
32382,3.43577663932,0.000178698039384
32457,3.43577678047,0.000177467787889
32531,3.43577686666,0.000176259889435
32606,3.43577639686,0.000175150744115
32682,3.43577584896,0.000174180664949
32757,3.43577512589,0.0001733608206
32832,3.43577415573,0.000172683182132
32908,3.43577330883,0.000172129950292
32984,3.43577257824,0.000171680549455
33060,3.4357717805,0.000171315680588
33136,3.43577075955,0.000171019046004
33213,3.43577014001,0.000170777588694
33289,3.43576919122,0.000170581179871
33366,3.43576838133,0.000170421876738
33443,3.43576755066,0.000170293451469
33520,3.43576680097,0.000170190920063
33597,3.43576599175,0.000170110270024
33675,3.43576519405,0.000170048234256
33752,3.43576446331,0.000170002155457
33830,3.43576363183,0.000169969880112
33908,3.43576290831,0.000169949629304
33986,3.43576231644,0.000169939939157
34065,3.43576151601,0.000169939595064
34143,3.43576080719,0.000169947522037
34222,3.43576008465,0.000169962792161
34301,3.4357594369,0.000169984565601
34380,3.43575869869,0.000170012095873
34459,3.43575811899,0.000170044688923
34539,3.43575748157,0.000170081744009
34618,3.43575684155,0.000170122716522
34698,3.43575601262,0.000170167142024
34778,3.43575541285,0.000170214590979
34858,3.43575485892,0.000170264722614
34939,3.4357541459,0.000170317248337
35019,3.43575348704,0.000170371900899
35100,3.43575290198,0.00017042845557
35181,3.43575232763,0.000170486716338
35262,3.43575162622,0.000170546508552
35343,3.43575113803,0.000170607646161
35425,3.43575048828,0.000170669987159
35506,3.43574979774,0.000170733371049
35588,3.43574927356,0.000170797637723
35670,3.43574851293,0.000170862661441
35752,3.43574804427,0.000170928274103
35835,3.43574745982,0.000170994358416
35917,3.43574696873,0.000171060771312
36000,3.43574621166,0.000171127403953
36083,3.43574585473,0.000171194103826
36166,3.43574507394,0.000171260802162
36250,3.43574480767,0.000171327355118
36333,3.43574405453,0.000171393733415
36417,3.43574335335,0.000171459857212
36501,3.4357427939,0.000171525708834
36585,3.43574226063,0.000171591341913
36669,3.43574171937,0.000171656898691
36754,3.43574116371,0.000171722656356
36839,3.43574058597,0.000171789083492
36924,3.43574006758,0.000171856896951
37009,3.4357392996,0.000171927142896
37094,3.43573875096,0.000172001174387
37180,3.4357382576,0.000172080716267
37265,3.43573766673,0.000172167765535
37351,3.43573692042,0.000172264445448
37437,3.43573643539,0.000172372772517
37524,3.43573567009,0.000172494463432
37610,3.43573511087,0.000172630559607
37697,3.43573463237,0.000172781274566
37784,3.43573408831,0.000172945821758
37871,3.43573349408,0.000173122391449
37958,3.43573276355,0.000173308288748
38046,3.43573235577,0.000173500144049
38133,3.43573178947,0.000173694303528
38221,3.43573114097,0.000173887083069
38309,3.43573078341,0.000174075069379
38398,3.43573032643,0.000174255381999
38486,3.43572975756,0.000174425730382
38575,3.43572916903,0.000174584459387
38664,3.43572874099,0.000174730526299
38753,3.43572849777,0.000174863468266
38842,3.43572795118,0.000174983385523
38932,3.43572749242,0.000175090866086
39022,3.43572703361,0.000175187087699
39112,3.43572668164,0.000175273846759
39202,3.43572609256,0.000175353666993
39292,3.43572547523,0.000175429811123
39383,3.43572505549,0.000175506328822
39473,3.43572461034,0.000175588029108
39564,3.4357239137,0.000175680307154
39656,3.435723227,0.00017578884946
39747,3.43572269077,0.000175919267289
39839,3.4357219902,0.000176076597017
39931,3.43572152285,0.000176264636307
40023,3.4357209081,0.000176485388533
40115,3.4357202105,0.000176738426652
40207,3.43571958767,0.000177020502529
40300,3.43571907748,0.000177325424238
40393,3.43571861053,0.00017764428749
40486,3.43571821619,0.000177966106589
40579,3.4357177979,0.000178278851131
40673,3.43571712044,0.00017857074865
40767,3.43571689902,0.000178831627986
40861,3.43571652748,0.000179054314522
40955,3.43571609972,0.000179235462175
41049,3.43571569958,0.000179376023865
41144,3.43571534624,0.000179481115447
41239,3.43571484616,0.000179559354166
41334,3.43571453505,0.000179621761632
41429,3.43571406994,0.000179680582887
41525,3.43571349973,0.000179748013914
41620,3.43571278445,0.000179835211993
41716,3.43571207572,0.000179951570459
41812,3.43571145755,0.000180104347875
41909,3.43571070112,0.000180298579073
42005,3.43571023377,0.000180537124846
42102,3.43570923534,0.000180820989903
42199,3.43570854168,0.000181149439796
42297,3.43570775366,0.000181520436399
42394,3.43570706608,0.000181930826832
42492,3.4357063994,0.000182376676762
42590,3.43570594815,0.000182853532675
42688,3.43570520995,0.000183356762016
42786,3.43570443737,0.00018388174602
42885,3.43570402511,0.000184424142896
42984,3.43570342784,0.000184980119042
43083,3.43570280253,0.000185546365791
43182,3.43570243457,0.00018612016646
43282,3.43570189773,0.000186699420505
43382,3.43570151995,0.000187282501586
43482,3.43570096306,0.000187868249327
43582,3.43570056757,0.000188455804792
43682,3.4357002499,0.000189044585401
43783,3.43569961279,0.000189634207236
43884,3.43569945667,0.000190224345481
43985,3.43569914459,0.000190814838757
44086,3.43569877727,0.000191405540958
44188,3.43569829508,0.000191996352276
44290,3.4356980434,0.000192587175944
44392,3.43569772157,0.000193177969725
44494,3.43569740826,0.000193768684117
44597,3.43569706801,0.000194359287024
44700,3.43569675453,0.000194949750296
44803,3.43569653495,0.000195540052465
44906,3.43569625299,0.000196130191072
45010,3.43569596013,0.00019672015722
45113,3.43569587871,0.000197309936754
45217,3.43569561598,0.000197899554792
45322,3.43569539976,0.000198489004433
45426,3.43569494502,0.000199078311607
45531,3.43569476335,0.000199667459264
45636,3.43569460322,0.000200256477568
45741,3.4356946845,0.000200845372479
45846,3.43569460686,0.000201434189569
45952,3.43569419631,0.000202022965152
46058,3.43569401239,0.000202611696754
46164,3.43569377525,0.000203200436343
46271,3.43569354844,0.000203789222089
46377,3.43569347098,0.000204378095691
46484,3.43569337268,0.000204967127592
46591,3.43569331505,0.00020555638805
46699,3.43569309769,0.000206145980725
46806,3.43569300388,0.000206736003386
46914,3.43569284663,0.000207326611627
47023,3.43569281856,0.000207917975601
47131,3.43569251803,0.000208510347486
47240,3.43569261577,0.00020910396972
47348,3.43569232032,0.000209699237634
47458,3.43569235838,0.000210296525865
47567,3.43569224334,0.00021089635977
47677,3.43569200307,0.000211499311381
47787,3.43569212276,0.000212105998657
47897,3.43569177309,0.000212717184896
48007,3.43569194404,0.000213333568767
48118,3.43569169184,0.00021395599327
48229,3.43569166556,0.000214585198289
48340,3.43569159148,0.000215221943532
48451,3.43569150878,0.000215866896495
48563,3.43569128708,0.000216520627992
48675,3.43569142683,0.000217183530653
48787,3.43569126574,0.000217855907257
48900,3.43569131962,0.000218537806714
49012,3.43569123471,0.000219229147331
49125,3.43569127464,0.000219929626839
49239,3.43569110533,0.000220638814232
49352,3.43569140391,0.000221356069853
49466,3.43569113064,0.000222080750336
49580,3.4356912054,0.000222812005597
49694,3.43569111972,0.000223549031966
49809,3.43569145643,0.0002242909426
49924,3.43569132639,0.000225036964015
50039,3.43569157746,0.000225786251475
50154,3.43569153846,0.000226538120462
50270,3.43569158198,0.000227291891197
50386,3.43569167112,0.000228046990446
50502,3.43569203761,0.000228802908132
50618,3.43569221817,0.000229559258614
50735,3.43569237693,0.00023031568698
50852,3.43569238721,0.000231071922396
50969,3.43569262494,0.000231827716254
51086,3.43569260659,0.000232582925065
51204,3.43569313498,0.000233337357372
51322,3.43569338705,0.000234090963299
51441,3.4356936176,0.000234843645093
51559,3.43569398238,0.000235595331291
51678,3.43569419037,0.000236345996434
51797,3.43569422098,0.000237095608644
51917,3.43569460224,0.000237844107425
52036,3.43569498098,0.000238591500295
52156,3.4356951546,0.000239337790269
52276,3.43569538416,0.000240082952519
52397,3.43569605227,0.000240826956769
52518,3.43569624305,0.000241569866052
52639,3.43569669374,0.000242311629054
52760,3.43569712968,0.000243052266
52882,3.43569753248,0.000243791778904
53004,3.43569792696,0.000244530165606
53126,3.43569815996,0.000245267434655
53248,3.43569886146,0.00024600353584
53371,3.43569905509,0.000246738530129
53494,3.4356994255,0.000247472355249
53617,3.43569984466,0.000248205001897
53741,3.43570055716,0.00024893642807
53865,3.43570082064,0.000249666656914
53989,3.4357012174,0.000250395608862
54114,3.43570162238,0.000251123248435
54238,3.43570208354,0.000251849520287
54363,3.43570253673,0.000252574369945
54489,3.43570310409,0.000253297722034
54614,3.43570385822,0.000254019497761
54740,3.43570421353,0.000254739660457
54866,3.4357051174,0.000255458053822
54993,3.43570532013,0.000256174679003
55120,3.43570592118,0.000256889357594
55247,3.43570674911,0.000257602001299
55374,3.43570746627,0.000258312530901
55502,3.43570788763,0.000259020853115
55630,3.43570864758,0.000259726810732
55758,3.43570914176,0.000260430338481
55886,3.43570995101,0.000261131280734
56015,3.43571042678,0.000261829574938
56144,3.43571107849,0.000262525071042
56274,3.43571196247,0.000263217654321
56404,3.43571267657,0.000263907246778
56534,3.4357133252,0.000264593733784
56664,3.43571387222,0.000265277014018
56795,3.43571468128,0.000265956958225
56925,3.43571572274,0.000266633470809
57057,3.43571634057,0.000267306508758
57188,3.43571707895,0.00026797594018
57320,3.43571771653,0.000268641697196
57452,3.43571839989,0.000269303688192
57585,3.43571942273,0.000269961815143
57717,3.43572019847,0.000270616054742
57850,3.43572113129,0.000271266311865
57984,3.43572187389,0.00027191255696
58117,3.43572270284,0.000272554718193
58251,3.43572376934,0.000273192741226
58386,3.43572469527,0.000273826622646
58520,3.43572579159,0.000274456314738
58655,3.43572649031,0.000275081852737
58790,3.4357272271,0.000275703207865
58926,3.43572808605,0.000276320400025
59062,3.43572915891,0.000276933475422
59198,3.43573030644,0.000277542534163
59334,3.4357315239,0.000278147711679
59471,3.43573202005,0.000278749267048
59608,3.43573326002,0.00027934735325
59746,3.43573406442,0.000279942435005
59883,3.43573485859,0.000280534968151
60021,3.43573628035,0.000281125539501
60160,3.43573741505,0.000281715041374
60299,3.43573844349,0.000282304486832
60438,3.43573947147,0.000282895136274
60577,3.43574072466,0.000283488509737
60716,3.43574164212,0.000284086483924
60856,3.43574288121,0.000284691138709
60997,3.43574396331,0.000285304948483
61137,3.4357452158,0.000285930598213
61278,3.43574630969,0.000286571055564
61420,3.43574752726,0.000287229385444
61561,3.43574877551,0.000287908716575
61703,3.43574990719,0.000288612060983
61845,3.43575124234,0.00028934207696
61988,3.43575189186,0.00029010097958
62131,3.43575366647,0.000290889948475
62274,3.43575499214,0.000291709355528
62418,3.43575653856,0.000292557993416
62561,3.43575805809,0.000293433052405
62706,3.4357594193,0.00029432976727
62850,3.43576152754,0.000295241117832
62995,3.4357632997,0.000296157934533
63140,3.43576504538,0.000297068540896
63286,3.43576699414,0.000297958913756
63432,3.43576915665,0.000298812843227
63578,3.43577213986,0.000299612127819
63725,3.43577437163,0.000300337197549
63871,3.43577709956,0.000300967163666
64019,3.43577973675,0.000301480795485
64166,3.43578273231,0.000301856900771
64314,3.4357857004,0.00030207515026
64462,3.43578906475,0.000302116589873
64611,3.43579166962,0.000301964469293
64760,3.43579522168,0.000301604400618
64909,3.43579849054,0.000301025321061
65059,3.43580176638,0.000300219437837
65209,3.43580544905,0.000299182561404
65359,3.43580851431,0.00029791431719
65510,3.43581205501,0.000296417790974
65661,3.43581480787,0.000294699759972
65812,3.43581804382,0.00029277002169
65964,3.43582113794,0.000290641459409
66116,3.43582341725,0.00028832952199
66268,3.43582606702,0.000285851685799
66421,3.43582855777,0.00028322737769
66574,3.43583059485,0.000280477446682
66728,3.43583264953,0.000277623783272
66882,3.43583423219,0.000274689148338
67036,3.4358360433,0.000271696708637
67190,3.4358369806,0.000268669998478
67345,3.43583814213,0.000265632325274
67500,3.43583931221,0.000262606758035
67656,3.43583987508,0.000259615738461
67812,3.43584051431,0.000256680606289
67968,3.43584065019,0.000253821414666
68125,3.435840409,0.000251056373886
68282,3.43584033932,0.000248401453745
68440,3.43583979449,0.00024587008701
68597,3.43583994347,0.000243472572273
68755,3.43583946849,0.000241216068017
68914,3.43583870597,0.000239104078666
69073,3.43583821338,0.000237136466195
69232,3.43583765259,0.000235309581679
69392,3.435836727,0.000233616413872
69552,3.43583629724,0.000232046890151
69712,3.43583545763,0.000230588601286
69873,3.43583505697,0.00022922721474
70034,3.43583440293,0.000227947439629
70195,3.43583388514,0.000226733640875
70357,3.43583315076,0.000225570750078
70519,3.43583280802,0.000224444891999
70682,3.4358318441,0.000223344197375
70845,3.43583204031,0.000222259024228
71008,3.43583146565,0.000221182729054
71172,3.43583080564,0.000220111426591
71336,3.43583022615,0.000219044186012
71500,3.43583005945,0.000217982810606
71665,3.43582968078,0.00021693158678
71830,3.43582900673,0.000215896750628
71996,3.43582813423,0.000214885994063
72162,3.43582727606,0.000213907910821
72328,3.43582696503,0.000212971422321
72495,3.43582655336,0.000212085339709
72662,3.43582524034,0.000211257827259
72829,3.43582520815,0.000210495818691
72997,3.43582369337,0.000209805207139
73166,3.435823034,0.000209190031578
73334,3.43582227243,0.000208652894253
73503,3.43582116034,0.000208194711748
73673,3.43582055825,0.000207814770929
73843,3.43581966375,0.000207511045874
74013,3.43581850182,0.00020728025024
74183,3.43581812492,0.000207118067761
74354,3.43581680706,0.000207019647685
74526,3.43581640311,0.000206979497252
74698,3.43581535511,0.000206992176831
74870,3.43581484033,0.000207052190235
75042,3.43581410386,0.000207154505283
75215,3.43581318019,0.000207294600919
75389,3.43581299944,0.000207468638154
75563,3.43581222249,0.000207673791161
75737,3.4358114048,0.000207908096099
75911,3.43581155324,0.000208170596605
76086,3.43581090641,0.00020846155572
76262,3.43581057163,0.000208782090067
76438,3.43580989217,0.000209134386176
76614,3.43580907261,0.000209521439393
76790,3.43580904484,0.000209946925416
76967,3.43580886388,0.000210415192779
77145,3.43580816696,0.000210930921249
77323,3.43580758094,0.000211498884556
77501,3.43580806672,0.000212123764427
77680,3.43580735153,0.000212810138358
77859,3.43580698594,0.000213561811301
78038,3.43580617397,0.000214381970253
78218,3.43580623591,0.000215272694775
78398,3.43580610024,0.0002162350456
78579,3.43580610566,0.00021726866158
78760,3.43580664864,0.000218371709387
78942,3.43580593171,0.000219540929214
79124,3.43580708322,0.000220771122766
79306,3.4358062333,0.000222055898512
79489,3.43580660241,0.00022338679523
79672,3.43580762733,0.000224754048822
79856,3.43580837181,0.000226146485534
80040,3.43580927846,0.000227551555605
80225,3.43581103576,0.000228955589544
80410,3.43581175746,0.000230344200252
80595,3.43581280462,0.000231702133427
80781,3.43581454829,0.000233013804535
80967,3.43581550986,0.000234263626939
81154,3.43581707498,0.000235435964314
81341,3.43581942076,0.000236515676121
81528,3.43582186058,0.000237488357035
81716,3.43582311005,0.000238340565736
81904,3.43582653629,0.00023905968542
82093,3.43582903921,0.000239634894562
82283,3.43583095924,0.000240056650089
82472,3.43583278221,0.000240317052237
82662,3.4358350808,0.000240409950817
82853,3.43583840069,0.000240331019268
83044,3.43584056385,0.000240077972855
83235,3.43584285469,0.000239650129675
83427,3.43584534567,0.00023904869779
83619,3.43584840942,0.000238276598165
83812,3.43585109936,0.000237338477102
84005,3.43585415635,0.000236240372971
84199,3.43585633755,0.000234989824629
84393,3.43585848532,0.000233595429361
84588,3.43586106528,0.000232066839603
84783,3.43586215554,0.000230414715923
84978,3.43586525279,0.000228650016956
85174,3.43586611803,0.000226784697911
85370,3.43586895282,0.000224830451566
85567,3.43587026231,0.000222799606886
85765,3.43587167559,0.000220704121779
85962,3.43587414208,0.000218555819471
86160,3.43587386827,0.000216366509051
86359,3.43587524261,0.000214147047341
86558,3.43587763393,0.000211908079139
86758,3.43587746678,0.000209659811281
86958,3.43587819166,0.000207411335246
87158,3.43587913172,0.000205171267076
87359,3.4358793601,0.000202947471828
87560,3.43588099753,0.000200746852017
87762,3.43587974122,0.000198575900267
87965,3.43588074306,0.000196439779143
88167,3.43588045663,0.000194343395796
88371,3.43588143798,0.0001922905747
88574,3.43588137896,0.000190284718505
88778,3.43588155596,0.000188328371967
88983,3.4358812109,0.000186423582845
89188,3.43588103972,0.000184571757715
89394,3.43588048983,0.000182773860402
89600,3.43588033143,0.000181030324699
89806,3.4358803792,0.000179341227843
90014,3.43587982445,0.000177706321031
90221,3.43587898145,0.000176124986776
90429,3.43587972075,0.000174596265399
90637,3.43587858968,0.000173119248024
90846,3.43587758568,0.000171692566845
91056,3.43587795426,0.000170314750598
91266,3.43587653959,0.000168984435484
91476,3.4358772203,0.000167699828342
91687,3.43587560958,0.000166459487334
91898,3.43587465261,0.000165261579872
92110,3.43587522897,0.000164104364259
92323,3.43587531021,0.000162986242916
92535,3.4358740326,0.000161905580049
92749,3.43587385792,0.000160860614227
92962,3.43587375155,0.000159849790233
93177,3.43587172844,0.0001588716436
93392,3.43587212592,0.000157924470797
93607,3.435871394,0.000157006991301
93823,3.4358704284,0.000156117779414
94039,3.43587144317,0.000155255413052
94256,3.43586977315,0.000154418844355
94473,3.43586810953,0.000153606754797
94691,3.43586849768,0.000152817919043
94909,3.43586714064,0.000152051432654
95128,3.43586723972,0.000151306138385
95347,3.43586793154,0.000150581116559
95567,3.43586760036,0.000149875533905
95787,3.43586573236,0.00014918855986
96008,3.43586563608,0.000148519247569
96229,3.43586494127,0.000147866943808
96451,3.43586404768,0.00014723091891
96674,3.43586354127,0.000146610477039
96896,3.4358639715,0.000146004963261
97120,3.4358638987,0.000145413843668
97344,3.43586252128,0.00014483659057
97568,3.4358626345,0.000144272556568
97793,3.4358616579,0.000143721350629
98018,3.43586217896,0.000143182392346
98244,3.43586060929,0.00014265538505
98471,3.43586188499,0.000142139701129
98698,3.43586088628,0.000141635152649
98925,3.43586004501,0.000141141259087
99153,3.43585924663,0.000140657664725
99382,3.43585801512,0.000140184046308
99611,3.43585910552,0.000139719965451
99841,3.43585827364,0.000139265284286
100071,3.43585685714,0.000138819651455
100302,3.43585835247,0.00013838264265
100533,3.43585832547,0.000137954166118
100765,3.43585841,0.000137533896551
100997,3.43585669317,0.000137121661777
101230,3.43585718931,0.000136717062974
101464,3.4358570565,0.000136319984687
101697,3.43585503622,0.000135930256395
101932,3.43585522341,0.000135547504196
102167,3.43585502973,0.000135171626828
102402,3.43585428919,0.000134802434317
102638,3.43585382637,0.000134439704942
102875,3.435853082,0.000134083278055
103112,3.43585555084,0.000133732841383
103350,3.43585360209,0.000133388522081
103588,3.43585161193,0.000133049985149
103827,3.43585321803,0.000132716931442
104066,3.43585272733,0.000132389428104
104306,3.43585127517,0.000132067282798
104547,3.43585186795,0.000131750236848
104788,3.43584994539,0.000131438326934
105029,3.43585304805,0.000131131130873
105271,3.43585124062,0.00013082889906
105514,3.43585222845,0.000130531212541
105757,3.43585075938,0.000130238150358
106001,3.43584893074,0.000129949515838
106245,3.43584820355,0.000129665140932
106490,3.43585000662,0.000129384863058
106736,3.43585140758,0.000129108687612
106982,3.43584721501,0.000128836707277
107228,3.43584750979,0.000128568445034
107476,3.43584935495,0.000128303916415
107723,3.43584870213,0.000128043180612
107972,3.43584855575,0.000127786036341
108221,3.43584818586,0.000127532424771
108470,3.4358489259,0.000127282213236
108720,3.43584644241,0.000127035481696
108971,3.43584666796,0.000126791932631
109222,3.43584580599,0.000126551631044
109474,3.43584583544,0.000126314430932
109726,3.43584653353,0.000126080269915
109979,3.43584601167,0.000125849148742
110233,3.43584568312,0.000125620949015
110487,3.43584562391,0.0001253956035
110741,3.43584706011,0.00012517300497
110997,3.43584583667,0.000124953244003
111253,3.43584613119,0.000124736109312
111509,3.4358452848,0.00012452164005
111766,3.43584524885,0.000124309709442
112024,3.43584318107,0.000124100365789
112282,3.43584574521,0.000123893315297
112541,3.43584383854,0.000123688834657
112800,3.43584574777,0.000123486574636
113060,3.43584221674,0.00012328681859
113321,3.43584551279,0.000123089077742
113582,3.43584228564,0.000122893783455
113844,3.4358433535,0.00012270050193
114106,3.43584362199,0.000122509370096
114369,3.43584293794,0.000122320348692
114633,3.43584187857,0.000122133373273
114897,3.43584269786,0.000121948320764
115162,3.43584169954,0.000121765280161
115428,3.43584126676,0.000121584125209
115694,3.43584274797,0.000121404767341
115960,3.4358412929,0.000121227337564
116228,3.43584058626,0.000121051665729
116496,3.43583963705,0.00012087774745
116764,3.43584267836,0.000120705395087
117033,3.43583914804,0.000120534941329
117303,3.43583998029,0.000120365964116
117574,3.43583888937,0.00012019864634
117845,3.43584163751,0.000120032749118
118116,3.43583957296,0.00011986853788
118389,3.43584187307,0.000119705655534
118662,3.43584172578,0.000119544303335
118935,3.43584015729,0.000119384409161
119209,3.43583857693,0.000119225888035
119484,3.43584039622,0.000119068586075
119759,3.43584078621,0.000118912635423
120036,3.43583913313,0.00011875802184
120312,3.43583915771,0.000118604581534
120590,3.43583802601,0.00011845237752
120868,3.43583750827,0.000118301313943
121146,3.43583894726,0.000118151310114
121425,3.43583866342,0.000118002458216
121705,3.43583720137,0.000117854705053
121986,3.43583986007,0.0001177078348
122267,3.4358374746,0.000117562127597
122549,3.43583686965,0.000117417315769
122832,3.43584004269,0.000117273297742
123115,3.43583795177,0.000117130348814
123398,3.43584078128,0.000116988088357
123683,3.43583724072,0.000116846868
123968,3.43583651773,0.000116706342207
124254,3.43583908217,0.000116566463024
124540,3.43583562852,0.000116427514173
124827,3.43583547853,0.00011628914781
125115,3.43583553507,0.000116151437876
125404,3.43583943682,0.000116014230867
125693,3.4358370518,0.000115877838856
125982,3.43583942709,0.000115741859479
126273,3.43583783991,0.000115606558018
126564,3.43583621436,0.000115471774112
126856,3.43583774957,0.000115337373205
127148,3.43583648961,0.000115203529136
127441,3.43584032606,0.000115069952071
127735,3.43583796165,0.00011493699642
128029,3.43583541144,0.00011480443758
128324,3.43583804208,0.000114672074818
128620,3.4358363466,0.000114540205469
128917,3.43583664949,0.000114408599739
129214,3.43583618383,0.000114277332794
129512,3.43583640536,0.000114146340789
129811,3.43583578382,0.000114015660999
130110,3.43583381312,0.000113885298418
130410,3.43583456059,0.000113755108551
130710,3.43583599655,0.000113625151244
131012,3.43583553184,0.000113495506706
131314,3.43583664301,0.000113366056885
131616,3.4358351131,0.000113236940165
131920,3.43583312506,0.000113108086038
132224,3.43583511848,0.000112979352606
132529,3.43583457383,0.000112850961141
132834,3.43583524585,0.000112722797455
133140,3.43583305174,0.000112595007396
133447,3.43583804161,0.000112467276243
133755,3.4358353031,0.00011234010963
134063,3.43583781855,0.000112213102629
134372,3.43583154794,0.000112086736446
134682,3.43583119396,0.000111960556257
134993,3.4358340456,0.000111834678817
135304,3.435838102,0.000111709199956
135616,3.43583491474,0.00011158442711
135928,3.43583534063,0.000111460042644
136242,3.43583398155,0.000111336259565
136556,3.43583433022,0.000111213004553
136871,3.43583407849,0.000111090394466
137186,3.43583147284,0.00011096852991
137502,3.43583335885,0.000110847235668
137819,3.43583520867,0.00011072670572
138137,3.43583399784,0.000110607086546
138455,3.43583262015,0.000110488335254
138775,3.43583305681,0.000110370439855
139094,3.4358331965,0.000110253520949
139415,3.43583447863,0.000110137585827
139737,3.43583106893,0.00011002287549
140059,3.43583226672,0.000109909146445
140382,3.43583336976,0.000109796604051
140705,3.43583106432,0.000109685408692
141029,3.43583633808,0.00010957526399
141355,3.43583545926,0.000109466662083
141680,3.43583112413,0.000109359569828
142007,3.43583568283,0.000109253646589
142334,3.43583419062,0.000109149419273
142663,3.43583067787,0.000109046809481
142991,3.43583161121,0.000108945660604
143321,3.43583298771,0.000108846146828
143651,3.4358307743,0.000108748441021
143983,3.43582818835,0.000108652484345
144314,3.43583440297,0.000108558028034
144647,3.43583244505,0.000108465647458
144981,3.43582605183,0.000108375260524
145315,3.43582962049,0.000108286447078
145650,3.43583022288,0.000108199646349
145986,3.43583266327,0.000108114735576
146322,3.43583410162,0.00010803183006
146659,3.43583114372,0.000107951059406
146997,3.43582934055,0.00010787226919
147336,3.43583503681,0.000107795277685
147676,3.43583296842,0.000107720578265
148016,3.43582861962,0.000107648009981
148358,3.43583061124,0.000107577311228
148700,3.43583043451,0.000107508754184
149042,3.43583016277,0.000107442276557
149386,3.43582879812,0.000107377909372
149730,3.43583095149,0.000107315505621
150076,3.43582567076,0.000107255401748
150421,3.43583226563,0.000107196986651
150768,3.43582938927,0.000107140915785
151116,3.43582744946,0.000107086851053
151464,3.43583437097,0.000107034530031
151813,3.43582990721,0.000106984565714
152163,3.4358261297,0.000106936561948
152514,3.43583103053,0.000106890248174
152866,3.4358279817,0.000106846117994
153218,3.43583386483,0.000106803620755
153571,3.43583230876,0.000106763238286
153925,3.43583481183,0.000106724584471
154280,3.43582881442,0.000106688019394
154636,3.43582572613,0.000106653157353
154992,3.43583074326,0.000106619804829
155350,3.43582739202,0.000106588439791
155708,3.43582716868,0.000106558671316
156067,3.43582889777,0.000106530501077
156426,3.43582670189,0.000106504075869
156787,3.43583095239,0.000106479038292
157148,3.43582630674,0.000106455827609
157511,3.43582796573,0.000106433936287
157874,3.43582362951,0.000106413708794
158238,3.43582285865,0.00010639481235
158602,3.43582563558,0.000106377211015
158968,3.4358300198,0.00010636092853
159335,3.43582859874,0.000106346158221
159702,3.43582869357,0.000106332637646
160070,3.43582325147,0.000106320549686
160439,3.4358277222,0.000106309381343
160809,3.43582941255,0.000106299491056
161180,3.43582553626,0.00010629093123
161551,3.435824222,0.000106283417263
161923,3.43583503897,0.000106276620763
162297,3.43582699073,0.000106271468846
162671,3.43582712358,0.000106267094013
163046,3.43582280776,0.000106263856815
163422,3.43581989307,0.000106261547062
163798,3.43582739389,0.000106259857561
164176,3.43583358964,0.000106259123266
164555,3.4358288828,0.000106259614333
164934,3.43582848583,0.000106260834528
165314,3.43582427652,0.000106263010182
165695,3.43582249394,0.000106265924366
166077,3.43583005417,0.000106269340088
166460,3.43582701201,0.000106273852057
166844,3.43582913855,0.000106278951172
167228,3.43582216533,0.000106285058366
167614,3.43582265752,0.000106291641657
168000,3.43582886113,0.000106298736543
168388,3.43582449252,0.000106306828918
168776,3.43582600617,0.000106315392618
169165,3.43582546551,0.000106324656911
169555,3.43582544157,0.000106334526723
169946,3.43582652851,0.000106344968884
170337,3.4358250448,0.0001063560833
170730,3.43582416784,0.000106367758286
171124,3.43582987172,0.000106379796203
171518,3.43582190871,0.000106392811954
171913,3.43583446089,0.000106405735713
172310,3.43582701834,0.000106419811202
172707,3.43582398903,0.000106434272372
173105,3.43581832038,0.000106449328044
173504,3.43582721714,0.000106464436036
173904,3.43582904803,0.000106480257943
174305,3.4358194219,0.000106496921867
174707,3.43582731911,0.00010651352192
175110,3.43583022903,0.000106530748607
175513,3.4358265542,0.000106548644761
175918,3.43581705943,0.000106567180384
176323,3.43582825585,0.00010658552714
176730,3.43582180596,0.000106604868554
177137,3.43581722783,0.000106624593906
177546,3.43582884286,0.000106644253648
177955,3.43582285467,0.000106664892008
178365,3.43582203093,0.000106685797934
178776,3.43582113065,0.000106707129958
179188,3.43582549999,0.000106728718118
179601,3.43581705162,0.00010675112063
180015,3.43582707135,0.00010677336205
180430,3.43582878738,0.000106796270939
180846,3.43582899827,0.000106819633058
181263,3.43582803195,0.000106843435387
181681,3.43581944352,0.00010686787573
182100,3.43582402467,0.000106892304872
182520,3.43582732344,0.000106917169877
182941,3.43582639452,0.000106942560206
183362,3.43583350297,0.000106968091996
183785,3.43582406774,0.000106994528549
184209,3.43581846952,0.00010702123354
184633,3.43582526048,0.000107047938656
185059,3.43582514563,0.000107075243245
185485,3.43582180423,0.000107103031196
185913,3.43582129345,0.000107131112222
186342,3.43582759947,0.000107159360506
186771,3.43582779658,0.000107188177775
187202,3.43582249221,0.000107217543944
187633,3.43582533599,0.00010724703187
188066,3.43582076741,0.000107277126029
188499,3.43582736428,0.000107307245288
188934,3.43583303117,0.000107337766162
189369,3.43583213777,0.000107368863609
189806,3.43582636601,0.000107400484265
190244,3.43583449889,0.000107432040027
190682,3.43582363551,0.000107464558676
191122,3.43581921058,0.000107497244118
191562,3.43582239384,0.000107530058738
192004,3.43582176865,0.000107563358936
192446,3.43582958328,0.000107596760491
192890,3.43582543149,0.000107630901661
193335,3.43582934952,0.000107665154231
193780,3.43582428393,0.000107700051827
194227,3.43583612502,0.000107734782228
194675,3.43582767726,0.000107770510961
195124,3.43582732054,0.00010780634755
195573,3.43582109903,0.000107842729169
196024,3.43581905521,0.000107879340093
196476,3.43582397766,0.000107916092021
196929,3.43582323035,0.000107953381187
197383,3.43582266795,0.000107991023206
197838,3.43583439596,0.000108028636915
198294,3.43582340031,0.000108067322678
198751,3.43582683591,0.000108105911691
199209,3.43582706966,0.000108144957981
199669,3.43581664316,0.000108184696011
200129,3.43582589447,0.000108224170058
200590,3.43582160012,0.000108264425857
201053,3.4358193597,0.00010830497169
201516,3.43582639826,0.000108345579199
201981,3.43582492418,0.000108386808868
202446,3.43582818198,0.000108428242599
202913,3.43582669753,0.000108470178897
203381,3.43581483741,0.000108512795443
203850,3.43581753354,0.000108555304488
204320,3.43583123809,0.000108597817231
204791,3.43582318688,0.000108641368872
205263,3.43581928609,0.000108685140366
205736,3.43583010892,0.000108728796584
206210,3.43582605117,0.000108773273812
206685,3.43581537781,0.000108818310503
207162,3.43582026983,0.000108863203762
207639,3.43582188152,0.000108908549997
208118,3.43581448121,0.000108954530753
208598,3.43581945497,0.000109000467587
209079,3.43582759836,0.000109046651803
209561,3.43583128646,0.000109093325049
210044,3.43582535743,0.000109140651155
210528,3.43582629228,0.00010918810645
211013,3.43582192923,0.000109236077003
211500,3.43581641104,0.000109284430965
211987,3.43583330373,0.000109332418184
212476,3.43582410591,0.000109381581483
212966,3.43583082486,0.000109430583766
213457,3.43582715716,0.000109480262201
213949,3.43581873993,0.00010953043726
214442,3.43581925472,0.000109580672525
214936,3.43583731738,0.00010963069242
215432,3.43582249013,0.000109682106024
215928,3.4358148956,0.000109733633116
216426,3.43582552215,0.000109784922001
216925,3.435825238,0.000109836902897
217425,3.43582711328,0.000109889158022
217926,3.43581435031,0.000109942224539
218429,3.43583147966,0.000109994677277
218932,3.43583711766,0.000110047840117
219437,3.43584034662,0.000110101422315
219943,3.43581675973,0.000110156206259
220450,3.43583028425,0.000110210142415
220958,3.4358176284,0.000110265260003
221467,3.43582463054,0.000110320088244
221978,3.43582757198,0.000110375387938
222490,3.43581907598,0.000110431396164
223003,3.43582719808,0.000110487211078
223517,3.43582458726,0.000110543711646
224032,3.43583463001,0.000110600145376
224548,3.43582619069,0.000110657514221
225066,3.43582546773,0.0001107149747
225585,3.43582788098,0.000110772673897
226105,3.43580967686,0.000110831377693
226626,3.43582968681,0.000110889188193
227149,3.43583462508,0.000110947823942
227672,3.43582019483,0.00011100742435
228197,3.43582795796,0.000111066646708
228723,3.43583895312,0.000111126102961
229250,3.43580941784,0.000111187208956
229779,3.43582826609,0.000111247087745
230308,3.43582066225,0.000111308160999
230839,3.43581805522,0.000111369410567
231372,3.43583211513,0.000111430457531
231905,3.4358159215,0.000111492823397
232439,3.43582610956,0.000111554670805
232975,3.43584268611,0.000111616647669
233512,3.43584046741,0.00011167957206
234051,3.43580757213,0.000111743831276
234590,3.43581796707,0.000111807019876
235131,3.43582668196,0.000111870599546
235673,3.4358217248,0.000111934960912
236216,3.43582277189,0.0001119994632
236761,3.43580635507,0.000112064871377
237307,3.43582655616,0.000112129421309
237854,3.43582372635,0.000112195058575
238402,3.43583230891,0.000112260658971
238952,3.43583686057,0.00011232672659
239502,3.43583949596,0.000112393192358
240055,3.43584896739,0.000112459769782
240608,3.4358325975,0.000112527528551
241163,3.43582524638,0.000112595327677
241718,3.43584468823,0.00011266258368
242276,3.43581889659,0.000112731658067
242834,3.43583030577,0.000112799847073
243394,3.43581297758,0.00011286931446
243955,3.43583239478,0.000112937909382
244517,3.43583211287,0.000113007486022
245081,3.43582693942,0.000113077558133
245646,3.43581087059,0.000113148323633
246212,3.43581929741,0.000113218616872
246780,3.43583524012,0.00011328899612
247349,3.43581685098,0.000113360841519
247919,3.43581621067,0.000113432435702
248491,3.43581064634,0.000113504526479
249063,3.43580698332,0.000113576888452
249638,3.43584686219,0.000113648144047
250213,3.43582736877,0.000113721696746
250790,3.43581095845,0.000113795481737
251368,3.43580125606,0.000113869378616
251947,3.43583878885,0.000113942042865
252528,3.43582776482,0.000114016650193
253110,3.43582344174,0.000114091368772
253694,3.4358457435,0.000114165536074
254279,3.43580137354,0.000114242252401
254865,3.43582702018,0.000114316974182
255452,3.43583622579,0.000114392575285
256041,3.43580193321,0.000114469958187
256630,3.4358209675,0.00011454589772
257223,3.43583781047,0.000114622242429
257815,3.43581004824,0.000114700408332
258410,3.43581201927,0.000114777915051
259005,3.43584919878,0.000114854577515
259603,3.43582923991,0.000114933482417
260202,3.43581848977,0.000115012412725
260801,3.43581242702,0.000115091519237
261403,3.4358296368,0.000115170178626
262005,3.43583040791,0.000115249721322
262609,3.43582756878,0.000115329717843
263215,3.43581543269,0.000115410359453
263821,3.43584703241,0.000115489864179
264429,3.43582316892,0.000115571565701
265039,3.43584344502,0.000115652115249
265650,3.43584130191,0.000115733751686
266262,3.43583845635,0.000115815744588
266876,3.43584057306,0.000115897902938
267491,3.43584716381,0.000115980242879
268108,3.43585337012,0.000116062928233
268726,3.43583429081,0.000116146800818
269346,3.43581836754,0.000116230900373
269967,3.43582341445,0.00011631462363
270589,3.43584178654,0.000116398228094
271213,3.43584185647,0.000116482785066
271838,3.43584442095,0.000116567590374
272464,3.43582559176,0.000116653454937
273093,3.43585222389,0.000116738108893
273722,3.43583280968,0.000116824660319
274353,3.43582434339,0.000116911173413
274986,3.43583996173,0.000116997200087
275619,3.43585714303,0.000117083506079
276255,3.43583721538,0.000117171410151
276892,3.43581296985,0.00011725979614
277530,3.43580849871,0.000117347841617
278170,3.43584133569,0.000117434945861
278811,3.43583309652,0.000117523787262
279454,3.43582381844,0.000117612998578
280098,3.43584681103,0.00011770143891
280744,3.43583121721,0.000117791535059
281391,3.43586183435,0.000117880380835
282039,3.43581276503,0.000117972295475
282690,3.4358249326,0.000118062443007
283341,3.43582476456,0.000118153348769
283994,3.43583684276,0.000118244167891
284649,3.43582262074,0.00011833622715
285305,3.43582317593,0.000118428112927
285963,3.43583890176,0.000118519810623
286622,3.43582869559,0.000118612738128
287283,3.43581045249,0.000118706279454
287945,3.43586108311,0.00011879777613
288609,3.43584436192,0.000118891936604
289274,3.43582747647,0.000118986439815
289941,3.43581946267,0.000119080972796
290610,3.43582156384,0.000119175491885
291279,3.4358267785,0.000119270239495
291951,3.43582122779,0.000119365697744
292624,3.43586105279,0.000119459915768
293299,3.43582335734,0.00011955716639
293975,3.43582138262,0.000119653512727
294652,3.43583623078,0.000119749610645
295332,3.43583514774,0.000119846601467
296012,3.43584539507,0.000119943535088
296695,3.43581146827,0.00012004235001
297379,3.43582966164,0.000120139683162
298064,3.43584483527,0.000120237459987
298751,3.43582383876,0.00012033684205
299440,3.43583980473,0.000120435269242
300130,3.43584763319,0.000120534320823
300822,3.43578758478,0.000120636095278
301516,3.43581688743,0.000120735073805
302211,3.43581950409,0.000120835329846
302907,3.43581054171,0.00012093633428
303606,3.43579123753,0.000121038044849
304306,3.43581722809,0.00012113850115
305007,3.43581350187,0.000121240346441
305710,3.43579645682,0.000121343004552
306415,3.43584723383,0.000121443608936
307121,3.43586004542,0.000121545896244
307829,3.43579123879,0.00012165141578
308539,3.43583125702,0.000121753426611
309250,3.43588302313,0.000121855362298
309963,3.43579233368,0.000121962695771
