30,0.916937066749,0.0110675102196
31,0.91649802418,0.0111501865213
31,0.916056884588,0.0112334903545
31,0.915613646488,0.0113174264009
31,0.915168293006,0.0114019995653
31,0.914720816693,0.0114872146721
31,0.914271202971,0.01157307667
31,0.913819444271,0.0116595904557
31,0.91336552963,0.011746761004
31,0.912909444215,0.0118345933762
31,0.912451184144,0.0119230925285
31,0.911990727953,0.0120122636824
31,0.911528071152,0.0121021118753
31,0.91106320169,0.0121926422802
32,0.910596105783,0.0122838601311
32,0.910126776415,0.0123757706087
32,0.909655198822,0.0124683790359
32,0.909180870444,0.012561697515
32,0.908705089696,0.0126557133212
32,0.90822676845,0.0127504466907
32,0.907746164277,0.012845899335
32,0.907262751363,0.0129420840588
32,0.906777390165,0.0130389940078
32,0.906289766486,0.0131366389937
32,0.90580001677,0.0132350224223
32,0.905307701477,0.0133341561529
32,0.904813061216,0.0134340421879
32,0.904315703241,0.0135346919302
33,0.903816491723,0.0136360980433
33,0.903314371707,0.0137382819951
33,0.902810473048,0.0138412323069
33,0.902303594861,0.0139449730012
33,0.901794385112,0.0140494999268
33,0.901282757645,0.0141548201752
33,0.900768694147,0.0142609398431
33,0.90025236015,0.0143678621379
33,0.899732793806,0.0144756083562
33,0.899211658558,0.0145841577506
33,0.898687340178,0.0146935423325
33,0.898160422571,0.0148037587676
33,0.897639985041,0.0149146622955
34,0.897112055167,0.0150264894268
34,0.896577178098,0.0151392390877
34,0.89603002443,0.0152530099809
34,0.895502502098,0.0153672647994
34,0.894961937537,0.0154825658292
34,0.89441563031,0.0155987964408
34,0.893868488842,0.0157158780253
34,0.893319232256,0.0158338389329
34,0.892767213094,0.0159526969587
34,0.89220432414,0.016072604691
34,0.891659366613,0.0161930492216
34,0.891094891104,0.0163147136722
35,0.890532347695,0.0164372162312
35,0.889960765583,0.0165607656425
35,0.889392641473,0.0166851370612
35,0.888833799225,0.016810224287
35,0.888255428037,0.0169365779013
35,0.88766883438,0.0170639952016
35,0.887083556856,0.0171923008147
35,0.886510254023,0.0173212915173
35,0.885925117841,0.0174514362316
35,0.885329532997,0.0175827188214
35,0.884749301886,0.0177146334619
35,0.884159932694,0.0178476727705
36,0.883549057941,0.0179820986968
36,0.882951524047,0.0181172127776
36,0.882351068085,0.0182533505879
36,0.881731286563,0.0183908615859
36,0.881128193122,0.0185290042498
36,0.88051755781,0.0186682896062
36,0.879905877015,0.018808588638
36,0.879283591186,0.0189501138733
36,0.878669857111,0.0190924606688
36,0.878053724196,0.0192358703751
36,0.877416442128,0.0193807644547
36,0.876785384673,0.019526550871
37,0.876151335229,0.0196734392858
37,0.875523631592,0.0198212260842
37,0.874878120658,0.0199704651882
37,0.874234136527,0.0201207278298
37,0.873583113509,0.0202722181381
37,0.872947667788,0.0204244172366
37,0.872289479402,0.0205782263634
37,0.87163423065,0.0207330541676
37,0.870975008926,0.0208890710329
37,0.870317623073,0.0210461451858
37,0.869656518713,0.0212044173108
37,0.868980593902,0.0213641689612
38,0.86831644246,0.021524756355
38,0.86763673661,0.0216868617498
38,0.866956865517,0.0218501133998
38,0.866277598672,0.0220144983548
38,0.865591691105,0.0221802083869
38,0.864901969587,0.0223471812198
38,0.864206434446,0.022515477966
38,0.863528008991,0.0226845067907
38,0.862820199066,0.0228554946519
38,0.862118090763,0.0230275303994
38,0.861412515983,0.0232008638334
39,0.860694292403,0.0233757533337
39,0.859990638524,0.0235514687909
39,0.859267593175,0.0237289447872
39,0.858553940332,0.0239073999102
39,0.857824879769,0.0240875307507
39,0.857104164904,0.0242686823338
39,0.856373770007,0.0244513702094
39,0.855641540881,0.0246353821999
39,0.854903618773,0.024820838487
39,0.854155054285,0.0250078949687
39,0.853414395496,0.0251960187489
40,0.852669839467,0.0253855622579
40,0.851922063064,0.0255765149642
40,0.851163227372,0.0257691235109
40,0.850401076232,0.0259631668314
40,0.849631602117,0.0261587778264
40,0.84887459617,0.0263553546972
40,0.848102927753,0.0265537441053
40,0.847326523678,0.0267536511583
40,0.846540342209,0.0269552471816
40,0.845758393002,0.0271580972311
40,0.844971489919,0.0273625023988
41,0.844188625303,0.0275681801245
41,0.843388962316,0.027775820328
41,0.842590645241,0.0279848414571
41,0.841791691673,0.0281953158751
41,0.840982407964,0.0284075786367
41,0.840175581706,0.0286212100682
41,0.839353668058,0.0288368179085
41,0.838533862807,0.0290538266557
41,0.837710454827,0.0292724411687
41,0.836888981177,0.0294924766525
42,0.836056880606,0.0297143849258
42,0.835217207553,0.0299380732441
42,0.834377852138,0.0301632704581
42,0.833536621205,0.0303900633976
42,0.832678716468,0.0306190050939
42,0.831830524772,0.0308491398116
42,0.830974587408,0.0310811185326
42,0.830110151398,0.0313149842014
42,0.829245371721,0.0315504419135
42,0.828367063366,0.0317880051242
42,0.827495290761,0.0320269177637
43,0.826622634098,0.0322674701557
43,0.825740402718,0.0325100124482
43,0.824850029973,0.0327545045079
43,0.823959817381,0.0330006292967
43,0.823059449568,0.0332488104805
43,0.822157534962,0.0334987149963
43,0.821248741869,0.0337505707086
43,0.820342369929,0.0340040065378
43,0.819425676824,0.0342595597235
43,0.818497563094,0.0345172948364
44,0.81757731403,0.0347764111116
44,0.816638797491,0.0350380281553
44,0.815708117263,0.0353010436265
44,0.814766960216,0.0355662551956
44,0.81382326078,0.0358333323495
44,0.812873594205,0.0361024370909
44,0.811916554099,0.0363736462739
44,0.810961070786,0.0366465718925
44,0.80999497845,0.0369217735935
45,0.809023528767,0.0371990293853
45,0.808056685056,0.0374778904824
45,0.807063680301,0.037759797603
45,0.806086409079,0.0380428123435
45,0.805101294813,0.0383280445852
45,0.804101882689,0.0386158207666
45,0.803101366002,0.0389055264545
45,0.802097747993,0.039197267374
45,0.801078394224,0.0394916770171
45,0.800061761963,0.0397878645247
46,0.799042456939,0.0400861036357
46,0.798013383913,0.0403867635248
46,0.79698310229,0.0406894267314
46,0.795948774886,0.0409942475124
46,0.794900796734,0.0413017368359
46,0.793852662801,0.0416112124603
46,0.792799985906,0.0419229129988
46,0.79173284258,0.0422373805019
46,0.79067024943,0.0425536182159
47,0.78959979808,0.0428722996641
47,0.788524150791,0.043193296469
47,0.787435893575,0.0435170320188
47,0.786344699708,0.0438429915792
47,0.785253320645,0.0441710308121
47,0.784147402147,0.0445019705934
47,0.783043215548,0.0448349071539
47,0.781932292654,0.0451703329312
47,0.780807904949,0.0455086562311
48,0.779683675868,0.0458491026446
48,0.778548724411,0.0461923232219
48,0.777412350229,0.0465377839141
48,0.776266774632,0.0468859624028
48,0.775119107187,0.0472364458058
48,0.773961960045,0.047589697226
48,0.77279382932,0.0479458309533
48,0.771625570493,0.0483041910723
48,0.77045553617,0.0486648871004
49,0.769265473773,0.0490290904448
49,0.768081115805,0.0493951857363
49,0.766878039056,0.0497647529433
49,0.765683324441,0.0501360565699
49,0.764469466496,0.0505109039853
49,0.763253798075,0.0508881785341
49,0.762028415477,0.051268419929
49,0.760799802568,0.0516512103068
49,0.759559911488,0.0520371114725
50,0.758316035888,0.0524256446251
50,0.757070876491,0.0528166331869
50,0.755806582604,0.0532113404929
50,0.75454152501,0.0536085022721
50,0.753267359055,0.0540087223904
50,0.751984859143,0.0544119666419
50,0.750704230583,0.0548175102219
50,0.749406950584,0.0552267180843
50,0.748106177288,0.0556386489506
51,0.746790536072,0.0560541672855
51,0.745466618548,0.0564728080094
51,0.744144472119,0.0568938237071
51,0.742807479854,0.0573184961194
51,0.741469974696,0.0577457438387
51,0.740118950675,0.0581765933093
51,0.738763899128,0.0586103239274
51,0.737398552655,0.0590474492404
52,0.736018150715,0.0594883796455
52,0.734640418849,0.0599317057159
52,0.73324822014,0.0603788349908
52,0.731848288133,0.0608292434821
52,0.730436049539,0.0612833351978
52,0.729018189495,0.0617405752022
52,0.727599490681,0.0622005701431
52,0.726161144086,0.0626649470417
53,0.724720126458,0.063132276677
53,0.723259803751,0.0636040301568
53,0.721796382773,0.0640788185246
53,0.720332034927,0.0645564566155
53,0.718848177202,0.0650386294317
53,0.717358878719,0.0655241034531
53,0.715861473182,0.0660131399719
53,0.714351009558,0.0665062223632
53,0.712832599352,0.0670029059979
54,0.711301962972,0.067503619364
54,0.709763858754,0.0680079407364
54,0.708214885094,0.0685162205452
54,0.706653728302,0.0690286180973
54,0.705088038968,0.0695444138083
54,0.70350622297,0.0700647757287
54,0.701919055247,0.070588667306
54,0.700314015552,0.0711173758731
55,0.698699623656,0.0716500810034
55,0.697079194279,0.0721864677316
55,0.695444058995,0.0727274609383
55,0.693795957451,0.0732729221139
55,0.692143219399,0.0738220032145
55,0.69047360156,0.0743760374772
55,0.688788984268,0.0749348740433
56,0.687100341288,0.0754973555546
56,0.685396086938,0.0760647806856
56,0.683679108896,0.0766368772081
56,0.681942304485,0.0772144918155
56,0.680205943813,0.0777953736536
56,0.678453034739,0.0783814840379
56,0.676679214115,0.0789733898346
56,0.674898749583,0.0795695034909
57,0.673102041466,0.0801710754676
57,0.671295905051,0.0807773532724
57,0.6694727123,0.0813892989909
57,0.667635933356,0.0820065504872
57,0.665785521192,0.0826291655588
57,0.663919837645,0.0832574026115
57,0.662039284943,0.0838912709684
57,0.660144710517,0.0845307218733
58,0.658230471661,0.0851765428807
58,0.656302938051,0.0858279826098
58,0.654361806473,0.0864851378526
58,0.652403473712,0.0871485489379
58,0.65043118481,0.0878178533495
58,0.648437473536,0.0884941330937
58,0.6464342084,0.0891758484189
59,0.644406278013,0.0898651531764
59,0.642361558228,0.0905610537413
59,0.640299838123,0.0912636636709
59,0.638216549481,0.0919737284101
59,0.636121450679,0.0926899382394
59,0.634004705004,0.0934138114671
59,0.631862235102,0.0941460771257
60,0.629704115696,0.0948853656601
60,0.627527592734,0.0956322020426
60,0.625322489128,0.096388283303
60,0.623101401271,0.0971518395359
60,0.620857235675,0.0979241318908
60,0.618585004678,0.0987061557923
60,0.616289170631,0.0994974428262
60,0.613971754293,0.100297920786
61,0.611629289181,0.101108446809
61,0.609255174711,0.101930476498
61,0.606859846815,0.102762692294
61,0.604431573671,0.103607562165
61,0.601974944347,0.104464905737
61,0.599487214966,0.105335895547
61,0.596963912876,0.106222158068
62,0.594413215758,0.107123224427
62,0.591825209723,0.108042019898
62,0.589197563371,0.108980351722
62,0.586540032603,0.109938002569
62,0.583841371526,0.110918890133
62,0.581099946861,0.111925463457
62,0.57832207772,0.112958929115
63,0.575503806145,0.114022773286
63,0.572639613992,0.11512116861
63,0.569734053771,0.116256638811
63,0.566785557031,0.117433265246
63,0.563796831662,0.118654587896
63,0.560765881812,0.119925439939
64,0.557696875831,0.121249638147
64,0.554587636817,0.122632599201
64,0.551441392933,0.124078760905
64,0.548264611615,0.12559190834
64,0.54505904773,0.127176878013
64,0.541829683398,0.128837674117
64,0.53857934332,0.130578596888
65,0.535319971051,0.132401389489
65,0.532049260683,0.134310786643
65,0.528777176219,0.136307918269
65,0.525523795284,0.138390429327
65,0.522276978642,0.140563450509
65,0.519062261116,0.142821195327
65,0.515878727514,0.145163773829
66,0.512729039014,0.147589283943
66,0.509633077857,0.150089634542
66,0.506590496738,0.152661219367
66,0.503612210509,0.155295890445
66,0.500696857721,0.157988021488
66,0.497853786023,0.160727587769
67,0.495087540115,0.163504988807
67,0.492398001927,0.166311292157
67,0.489788026443,0.169135912419
67,0.48724661699,0.171972596636
67,0.484785005326,0.17480711527
67,0.48239330085,0.177632555621
67,0.480065521135,0.180440899714
68,0.477797555123,0.183223829455
68,0.475586043197,0.185973255002
68,0.473423022169,0.188683566617
68,0.471292956111,0.191353138246
68,0.469196528334,0.193974872613
68,0.467113243815,0.19655141264
69,0.465050874879,0.199074803063
69,0.462985345669,0.201551654681
69,0.460919794029,0.203978164327
69,0.458841513991,0.206358476236
69,0.456745278023,0.208694558388
69,0.454617954765,0.210993018551
70,0.452458513662,0.213255894371
70,0.450265520084,0.215486126528
70,0.448028301412,0.217691783364
70,0.445740511226,0.219879625141
70,0.443405500544,0.222052174322
70,0.441022896934,0.22421409205
71,0.438582060954,0.226375615313
71,0.436088390687,0.228539103318
71,0.433537464698,0.230712099694
71,0.430933736817,0.232897567472
71,0.428272453215,0.235103397856
71,0.425557270157,0.237332936666
71,0.422792239728,0.239589127872
72,0.419972447049,0.24187985559
72,0.417103618838,0.244206865148
72,0.414189276698,0.246572894427
72,0.411229500252,0.248982516539
72,0.408222567517,0.251441303104
72,0.405176938685,0.253948420098
73,0.402093800624,0.256507214338
73,0.398970730077,0.259123240434
73,0.395813316004,0.261796803651
73,0.392627552842,0.264527621655
73,0.389416464129,0.267317116502
74,0.386174206438,0.270172732681
74,0.382908934912,0.27309224141
74,0.379622480955,0.276077586068
74,0.376318598965,0.279129209289
74,0.372998662624,0.282249178838
74,0.369664373338,0.285439283095
75,0.366321480404,0.288698086274
75,0.362971604136,0.292027184747
75,0.359611249475,0.295432356218
75,0.356252512834,0.29890664217
75,0.352893931632,0.302453960237
75,0.349536161107,0.306076586166
76,0.346185765846,0.309771580168
76,0.342842920914,0.3135414613
76,0.339512696422,0.317384280971
76,0.336194991847,0.321302741331
76,0.332894111315,0.325295373177
76,0.329615341616,0.329359477929
77,0.326359179544,0.333496895976
77,0.323129189576,0.33770632394
77,0.319925967788,0.341989400393
77,0.316755309571,0.346342116319
77,0.313619487331,0.350763912681
78,0.310519567698,0.355255439763
78,0.307462926549,0.359809896723
78,0.304447151108,0.364431435662
78,0.301477377843,0.369115210051
78,0.298555927536,0.373859290269
78,0.295687592962,0.378658233617
79,0.292869740833,0.383515640227
79,0.290107697003,0.388424578963
79,0.287401204316,0.393384899596
79,0.284755005436,0.398389194908
79,0.282167690338,0.403437921828
80,0.279642676085,0.408524238755
80,0.277180350176,0.413644915227
80,0.274777914328,0.418800980607
80,0.272438141503,0.423984552565
80,0.270161828922,0.429189887451
80,0.267946228024,0.434416209367
81,0.265790413866,0.439659396329
81,0.263693782096,0.444914230421
81,0.261652619082,0.450180283875
81,0.259664613135,0.455454594147
81,0.257728121104,0.460732843364
82,0.255840492375,0.466012430183
82,0.253997105601,0.471294586792
82,0.252195834318,0.476576458376
82,0.250433421833,0.481857846088
82,0.248707973357,0.487136713215
83,0.247014862657,0.492417287776
83,0.245351930711,0.497700141609
83,0.243719845505,0.502981118959
83,0.242113025013,0.508269929672
83,0.240534586271,0.51355931078
84,0.238981591494,0.518855390766
84,0.23745414411,0.524158509456
84,0.235951839508,0.529470373044
84,0.234476849117,0.534786799133
84,0.2330271608,0.540112564497
84,0.231604177754,0.545443939738
85,0.230208467144,0.550777914068
85,0.228836419421,0.556120222918
85,0.227489678166,0.56146271465
85,0.22616520899,0.566807216276
85,0.224860970209,0.572152099176
86,0.223573480768,0.577498612518
86,0.222300704245,0.5828439636
86,0.221038875208,0.588189944439
86,0.219784179272,0.59353925925
86,0.218534118589,0.59889234375
87,0.21728449381,0.604256024782
87,0.21603456934,0.60962976071
87,0.214782200986,0.615019261048
87,0.213526500125,0.620429299931
87,0.212267165161,0.625865567595
88,0.211005189389,0.631332454763
88,0.209742429445,0.636834007573
88,0.208480622043,0.642376612823
88,0.20722336751,0.647962619388
88,0.205975797906,0.653590732703
89,0.204739039922,0.659273239526
89,0.203519353196,0.665006848923
89,0.202321253879,0.670794039207
89,0.201149527687,0.676636465855
90,0.200009243175,0.682534614901
90,0.198905959505,0.688486768546
90,0.197843290582,0.694497174148
90,0.196828232103,0.700557281901
90,0.195864072757,0.706670203747
91,0.194956303328,0.712829712852
91,0.194108133859,0.719036024254
91,0.193322949912,0.725286850944
91,0.192605565648,0.731572353243
91,0.191957338059,0.7378933867
92,0.191381097584,0.744242962365
92,0.190878102782,0.750617786603
92,0.190449565347,0.757012495064
92,0.190095748461,0.76342328663
92,0.189817146737,0.769843384482
93,0.1896129587,0.776269339962
93,0.189482012422,0.78269758721
93,0.189422859781,0.789124270033
93,0.189434266478,0.795543404419
94,0.189513727178,0.801953314704
94,0.189658733146,0.808351625111
94,0.189867365604,0.814732898478
94,0.19013643962,0.821096753596
94,0.190463557609,0.827439293094
95,0.19084516534,0.833761656235
95,0.19127916015,0.840058852001
95,0.1917619488,0.846332710736
95,0.192291088189,0.852580454841
96,0.192863639117,0.85880201077
96,0.193476697868,0.864997765888
96,0.194127999584,0.871165924473
96,0.194814501953,0.877308887156
96,0.195534027561,0.883425931584
97,0.196284525022,0.889516523699
97,0.197063682739,0.895582083668
97,0.197869380373,0.901623953053
97,0.198700098305,0.907641510926
98,0.199553771898,0.913637378759
98,0.200429095561,0.919611452245
98,0.201324608359,0.925565049369
98,0.202238899725,0.931499949056
98,0.20317120189,0.937415630551
99,0.204120052394,0.943315402897
99,0.205084854643,0.949199179869
99,0.206064855739,0.955068157912
99,0.207059210602,0.960924494688
100,0.208067596221,0.966768427265
100,0.209089740892,0.972600417121
100,0.210124922033,0.978423457622
100,0.211173038606,0.984238055892
100,0.212233944655,0.990045297487
101,0.213307895206,0.995844736156
101,0.214394322867,1.00164007321
101,0.215493758351,1.00743016367
101,0.216605977882,1.01321763688
102,0.217731565084,1.01900156964
102,0.218870448565,1.02478429719
102,0.220023064914,1.03056594735
102,0.221189589282,1.03634801672
103,0.222370701395,1.04212976029
103,0.22356659187,1.04791282609
103,0.22477743009,1.05369904583
103,0.226004202883,1.05948648687
104,0.2272471718,1.06527667102
104,0.228506651284,1.07107091718
104,0.229783020506,1.07687027898
104,0.231077304511,1.08267281882
105,0.232389593726,1.08848101602
105,0.233720523262,1.09429483885
105,0.235070651938,1.10011466423
105,0.236440656023,1.1059403843
106,0.237830991699,1.11177300377
106,0.239242321092,1.11761266873
106,0.240675116018,1.12346054583
106,0.242130259275,1.12931604481
106,0.243608350434,1.13518009573
107,0.245109904003,1.1410542586
107,0.246636226511,1.14693668294
107,0.248187912978,1.15282915545
107,0.249765978217,1.15873187852
108,0.251371275046,1.16464622432
108,0.253005070769,1.17057210999
108,0.254668770066,1.17650933855
108,0.25636342387,1.18245991574
109,0.258090784846,1.18842322084
109,0.259852606984,1.19439929422
109,0.261650581253,1.2003891701
109,0.263486581352,1.2063937796
110,0.265363075078,1.21241210265
110,0.26728236513,1.21844467261
110,0.26924692695,1.22449203469
110,0.27125984185,1.23055277847
111,0.273323937068,1.23662743458
111,0.275442537375,1.2427150182
111,0.277619277407,1.24881382812
112,0.279857670334,1.25492329562
112,0.282161745956,1.26104098105
112,0.284535490766,1.26716492171
112,0.286982985337,1.27329278791
113,0.289508897911,1.27941942594
113,0.292117077891,1.28554276244
113,0.294811997545,1.29165701581
113,0.29759770511,1.29775686766
114,0.300478304756,1.30383482924
114,0.303456898662,1.3098852587
114,0.306536730632,1.31589874341
114,0.309720047491,1.32186635843
115,0.313008265947,1.3277782148
115,0.316401869215,1.33362318507
115,0.319899867141,1.33939048158
115,0.323500117514,1.3450676324
116,0.327199012241,1.3506412344
116,0.330990758088,1.35609944451
116,0.334867978254,1.36142912685
117,0.338821305932,1.36661736381
117,0.342839305362,1.37165178821
117,0.346908058071,1.37652245185
117,0.351012306972,1.38121771429
118,0.355134012741,1.38573069064
118,0.359253783898,1.39005452903
118,0.363350414249,1.39418546205
118,0.367401182821,1.39812309911
119,0.371382741206,1.40186880489
119,0.37527095134,1.40542844217
119,0.379041612379,1.4088120867
120,0.382671625813,1.41203258706
120,0.386139096628,1.41510852833
120,0.389424852928,1.41806225049
120,0.392513607485,1.42091932027
121,0.395394773091,1.42370888213
121,0.398063676718,1.42646154764
121,0.40052186181,1.42920887294
121,0.402777334849,1.43198073615
122,0.404843973318,1.43480320638
122,0.40673999329,1.43769754795
122,0.408486058205,1.44067918288
123,0.41010305257,1.44375787235
123,0.411610532075,1.44693700039
123,0.413024392537,1.45021824246
123,0.414357650167,1.45359844019
124,0.415619282246,1.45707618408
124,0.416815839203,1.46065061872
124,0.417952603768,1.46432252545
125,0.419034756078,1.46809481982
125,0.420068726979,1.47197093527
125,0.421062163047,1.47595623595
125,0.422024835259,1.4800543988
126,0.42296803581,1.4842678192
126,0.423903881923,1.488597664
126,0.424844847457,1.49304300272
127,0.425803172983,1.4976006537
127,0.426790460887,1.50226490213
127,0.427816698486,1.50702983021
128,0.428890904981,1.51188649545
128,0.430019881194,1.51682725516
128,0.43120947234,1.5218415894
128,0.432463376711,1.52692081738
129,0.433784013891,1.53205570403
129,0.435172705136,1.53723657016
129,0.43662907462,1.54245618285
130,0.438152271932,1.54770620045
130,0.4397406503,1.55297903219
130,0.441391460715,1.55826958223
131,0.443102057648,1.56357158352
131,0.444869130708,1.56888082491
131,0.446689386901,1.57419317507
131,0.448559407276,1.57950544081
132,0.45047568203,1.58481551701
132,0.452435180163,1.59012058466
132,0.454434814149,1.59541913395
133,0.456471626086,1.60071038619
133,0.458543099861,1.605993226
133,0.460646785546,1.61126750213
134,0.462780776462,1.61653230089
134,0.464943199099,1.62178764303
134,0.467132607539,1.62703298645
134,0.469347693066,1.63226809732
135,0.471587341017,1.63749268445
135,0.47385048178,1.64270672953
135,0.476136454968,1.64790901925
136,0.47844448372,1.65309875074
136,0.480773644579,1.6582753989
136,0.483123061818,1.66343780405
137,0.485491915721,1.66858390678
137,0.487878817542,1.67371266492
137,0.490282246927,1.67882232782
138,0.492700321813,1.68391103938
138,0.49513069925,1.68897702982
138,0.497570667404,1.69401821086
139,0.500016881898,1.69903305548
139,0.502465504089,1.70402018946
139,0.504912088305,1.70897893433
140,0.507351864094,1.71390861485
140,0.509779582305,1.71880945424
140,0.512189506623,1.72368307653
141,0.514576126086,1.72853067974
141,0.516933442171,1.73335609136
141,0.519255855012,1.7381634979
142,0.521538385151,1.74295744943
142,0.523776289165,1.74774488197
142,0.525965960527,1.75253279679
142,0.528104719557,1.7573295754
143,0.530191223925,1.7621441011
143,0.532225581915,1.76698571911
143,0.534209546814,1.77186374421
144,0.536146316185,1.7767880766
144,0.538040821012,1.78176797879
144,0.539899753664,1.78681151052
145,0.541731143258,1.79192626287
145,0.543544497794,1.79711804121
145,0.545350092127,1.80239223414
146,0.547159352977,1.80775145585
146,0.548984100408,1.81319691847
146,0.550836435683,1.81872766403
147,0.552728221704,1.82434118691
147,0.554671003537,1.83003269037
148,0.556675489296,1.83579591842
148,0.558751458235,1.84162272837
148,0.560907419575,1.84750365436
149,0.563150675246,1.85342731498
149,0.565486387273,1.85938137919
149,0.567915706016,1.86535227234
150,0.570439552531,1.87132976982
150,0.573058194959,1.87730145048
150,0.575770069517,1.88325535831
151,0.578572068404,1.88917942818
151,0.581459422297,1.89506228756
151,0.584426020224,1.9008926573
152,0.587464211666,1.90666045722
152,0.590565205033,1.91235597549
152,0.593718797037,1.91797121713
153,0.596913939874,1.92349854248
153,0.600138398731,1.92893226488
153,0.603379174749,1.93426779469
154,0.606622517642,1.93950214284
154,0.609854243234,1.94463348811
154,0.613059572212,1.94966232517
155,0.616223641605,1.95459051515
155,0.619331499323,1.95942203989
156,0.622368510357,1.9641624917
156,0.62532046995,1.96881952644
156,0.628173879724,1.9734028125
157,0.630916254238,1.97792387522
157,0.633536560963,1.98239548748
157,0.636025031259,1.98683296159
158,0.638374057808,1.99125193698
158,0.640577830366,1.995669984
158,0.642632888489,2.00010517757
159,0.644538165335,2.00457607563
159,0.646295004487,2.00910157545
160,0.647907333364,2.01370006901
160,0.649381348066,2.01838990271
160,0.650725851628,2.02318759985
161,0.651951609608,2.02810894983
161,0.653071383975,2.03316782949
161,0.654099469753,2.03837644661
162,0.655051652788,2.04374419029
162,0.655944380649,2.04927889708
163,0.656794731779,2.05498564305
163,0.657619923268,2.06086703261
163,0.658436859581,2.06692346585
164,0.659261743042,2.07315335768
164,0.660110073941,2.07955230687
164,0.660995787881,2.08611517697
165,0.661931562416,2.09283471515
165,0.662928466492,2.09970245505
166,0.663995764092,2.10670935408
166,0.665140939406,2.11384593544
166,0.666369902918,2.12110203888
167,0.66768678692,2.12846803679
167,0.669094236306,2.13593460864
168,0.670593742058,2.14349247135
168,0.672185377413,2.15113407648
168,0.673868574268,2.15885200463
169,0.675642054084,2.16664003704
169,0.677504225399,2.17449267291
169,0.679453186228,2.18240581099
170,0.681487219643,2.19037571229
170,0.683604763498,2.19839948468
171,0.685804591001,2.2064747071
171,0.688085820913,2.21459940915
171,0.690447970019,2.22277172828
172,0.692890936156,2.23098962326
172,0.695414850783,2.23925087393
173,0.698019882765,2.24755314917
173,0.70070611788,2.25589379476
173,0.703473479344,2.26426950912
174,0.706321385879,2.27267693823
174,0.709248597624,2.28111278624
175,0.712253339414,2.28957318925
175,0.715332810951,2.29805523554
175,0.718483534916,2.30655596674
176,0.721701280533,2.31507290673
176,0.724980898701,2.32360500494
177,0.728316666451,2.33215203767
177,0.731702287417,2.34071516264
177,0.735130987951,2.34929717526
178,0.738595600658,2.35790280276
178,0.742088600113,2.36653924526
179,0.745602213892,2.37521700548
179,0.749128823609,2.38395161136
180,0.752662619489,2.39276600469
180,0.756203884246,2.40169353514
180,0.759767629263,2.41077879689
181,0.763395885701,2.42007201612
181,0.76716806248,2.4296111552
182,0.771197421225,2.43939396799
182,0.775604020688,2.4493511211
182,0.780467546506,2.45934291154
183,0.785783250746,2.46919411342
183,0.791451850892,2.47875366661
184,0.797314221899,2.48794830294
184,0.803211794591,2.49679754129
185,0.809036803908,2.50538577833
185,0.814748177961,2.51381553537
185,0.820355773721,2.5221699056
186,0.825892396439,2.53049838844
186,0.831391530849,2.53882210034
187,0.83687743677,2.54714568532
187,0.84236430899,2.55546791015
188,0.847859497953,2.5637866004
188,0.853366643679,2.57210050073
188,0.858887616479,2.58040962779
189,0.864423580476,2.58871475325
189,0.869975375847,2.59701721307
190,0.875543785837,2.60531839509
190,0.881129466661,2.61362002144
191,0.886733154124,2.62192354819
191,0.892355543947,2.63023052352
192,0.897997316201,2.63854251178
192,0.90365921462,2.64686085681
192,0.90934190008,2.65518710837
193,0.915046107745,2.66352255635
193,0.92077257071,2.67186845114
194,0.926522051788,2.68022590735
194,0.932295249895,2.68859617139
195,0.938092857566,2.6969804503
195,0.94391566429,2.70537961313
196,0.949764391039,2.7137946667
196,0.955639757802,2.72222655974
196,0.961542444814,2.7306762933
197,0.967473210159,2.73914458717
197,0.973432704674,2.74763240752
198,0.979421635057,2.75614050564
198,0.985440672505,2.76466967965
199,0.991490488261,2.77322067691
199,0.997571741986,2.78179423042
200,1.00368502733,2.79039121393
200,1.0098310071,2.79901226925
201,1.01601029699,2.80765813578
201,1.02222348868,2.81632959054
201,1.02847115336,2.82502744389
202,1.03475390224,2.83375237965
202,1.04107227417,2.84250527118
203,1.0474268318,2.8512869246
203,1.0538181371,2.86009815482
204,1.06024672006,2.86893987947
204,1.06671311584,2.877813027
205,1.07321779683,2.88671872956
205,1.07976136842,2.89565780592
206,1.08634428278,2.90463154244
206,1.09296707002,2.91364108146
207,1.0996301903,2.92268782811
207,1.1063341875,2.9317730516
208,1.11307955305,2.94089826012
208,1.11986673698,2.95006518283
209,1.12669623843,2.95927554663
209,1.13356848576,2.96853141173
210,1.1404839171,2.97783498559
210,1.14744299471,2.98718862303
211,1.15444608599,2.99659518869
211,1.16149352432,3.00605797161
211,1.16858577564,3.01558036322
212,1.17572317361,3.02516670059
212,1.18290616902,3.03482184566
213,1.19013527957,3.04455163534
213,1.19741128229,3.05436283691
214,1.20473528265,3.06426359266
214,1.21210903101,3.07426345535
215,1.21953511096,3.08437402853
215,1.22701758797,3.09460877116
216,1.2345625501,3.10498345945
216,1.24217880654,3.11551664888
217,1.24987912137,3.1262291759
217,1.25768130198,3.13714433524
218,1.26560968948,3.14828719294
218,1.27369674122,3.15968354918
219,1.28198451224,3.17135864412
219,1.29052623665,3.18333460509
220,1.29938734106,3.1956276925
220,1.30864587954,3.20824471162
221,1.31839208487,3.22117871308
221,1.3287267419,3.23440419584
222,1.33975798765,3.24787250518
223,1.35159638646,3.26150786543
223,1.36434873474,3.27520346404
224,1.37811005791,3.28881990094
224,1.39295456238,3.30218561924
225,1.40892642145,3.31509906227
225,1.42603023717,3.3273349652
226,1.44422324677,3.33865188518
226,1.46340890678,3.34880359525
227,1.48343365004,3.35755139855
227,1.50408663589,3.36467840572
228,1.52510337026,3.37000362776
228,1.54617299385,3.37339548781
229,1.56694905319,3.3747836284
229,1.58706329912,3.37416796337
230,1.60614186324,3.37162399752
230,1.62382258464,3.36730448547
231,1.63977265738,3.36143662972
231,1.65370542802,3.35431492778
232,1.66539523802,3.34628995606
232,1.67468924157,3.33775376189
233,1.68151552396,3.32912232023
234,1.68588643118,3.32081701745
234,1.68789751825,3.31324488557
235,1.68772132905,3.30678046165
235,1.68559697616,3.30174938672
236,1.68181583244,3.29841576848
236,1.67670494624,3.29697316848
237,1.6706088425,3.29754103793
237,1.66387168963,3.300165608
238,1.65682096946,3.30482531661
238,1.64975388886,3.31143981294
239,1.64292702059,3.31988208428
240,1.63655031495,3.32999094797
240,1.6307843493,3.34158487069
241,1.62574149805,3.35447385796
241,1.62148949506,3.36847034955
242,1.61805708421,3.38339761865
242,1.61544082776,3.39909570577
243,1.61361203563,3.4154255818
243,1.61252382926,3.43227051701
244,1.61211716918,3.44953658405
245,1.61232612811,3.46715157541
245,1.61308219443,3.48506295275
246,1.61431730258,3.50323585605
246,1.6159662475,3.52165024646
247,1.61796785839,3.54029905667
247,1.62026593532,3.55918568312
248,1.6228094681,3.57832231373
249,1.62555253072,3.59772862197
249,1.62845406805,3.61743065637
250,1.63147759707,3.63746010744
250,1.63459089393,3.65785396551
251,1.63776571576,3.67865458107
251,1.64097784847,3.69990955163
252,1.6442071307,3.72167226203
253,1.64743787205,3.74400216194
253,1.65065950827,3.76696512867
254,1.65386740836,3.79063409167
254,1.6570640635,3.81508935654
255,1.66026064578,3.84041858619
256,1.66347863355,3.86671704364
256,1.66675184296,3.89408719083
257,1.67012869211,3.92263786508
257,1.67367456964,3.95248310192
258,1.67747424453,3.98374045637
259,1.68163436227,4.01652833378
259,1.68628561579,4.050962844
260,1.69158453761,4.08715379882
260,1.6977145789,4.12520012866
261,1.70488644055,4.1651843316
262,1.71333720855,4.20716669213
262,1.7233281163,4.25117956602
263,1.73514112083,4.29722136771
263,1.74907402968,4.34525124722
264,1.76543433292,4.39518465251
265,1.78453198137,4.44688993114
265,1.80667130729,4.50018635106
266,1.83214247785,4.55484348872
266,1.86121264302,4.6105824923
267,1.89411726744,4.66707884243
268,1.93105190244,4.72396670003
268,1.97216463857,4.78084481528
269,2.01754957937,4.83728354769
269,2.06724132738,4.89283321837
270,2.12121077609,4.94703309629
271,2.17936211936,4.99942110233
271,2.24153095919,5.04954425152
272,2.30748361285,5.09696930344
273,2.37691731807,5.14129409198
273,2.44946126227,5.18215970666
274,2.52467855416,5.21926385075
274,2.60206913056,5.25237701263
275,2.68107516541,5.28136156851
276,2.76109056753,5.30619660393
276,2.84147918593,5.32700826586
277,2.92160785263,5.34410511768
278,3.00090244212,5.35801326838
278,3.07893472473,5.36949905289
279,3.15554249729,5.37955828026
280,3.23097188005,5.38934562406
280,3.30601128645,5.40001746435
281,3.38206317849,5.41248007103
282,3.46108827436,5.42706931794
282,3.5453703241,5.44323588601
283,3.63709909042,5.45934641755
283,3.73784386489,5.4727093927
284,3.84805588534,5.47988011065
285,3.96675746586,5.4772045968
285,4.09152864429,5.46147325413
286,4.21880958466,5.43051225068
287,4.34443967191,5.38356319362
287,4.46429267087,5.32137075815
288,4.57485553722,5.24598389643
289,4.67363189222,5.16034716749
289,4.7593106103,5.06779850768
290,4.83170534855,4.9715926787
291,4.89152305141,4.87454218185
291,4.94004791776,4.77882042766
292,4.97882643844,4.68592359265
293,5.0094161588,4.59675068131
293,5.03322628556,4.51174589887
294,5.05144700297,4.43105159534
295,5.06504456903,4.35463719686
296,5.07479330497,4.2823896426
296,5.08131987828,4.21416652382
297,5.08514473442,4.14982090165
298,5.08671354075,4.08920910232
298,5.0864183191,4.03219002862
299,5.08460991824,3.97862205961
300,5.08160505244,3.928360047
300,5.07768993152,3.88125366784
301,5.07312238023,3.83714693043
302,5.06813314151,3.79587870009
302,5.06292702659,3.75728374644
303,5.05768394721,3.72119417382
304,5.05256005412,3.68744094673
305,5.04768893197,3.65585545664
305,5.04318285939,3.62627105754
306,5.03913415056,3.59852451128
307,5.03561659193,3.57245729614
307,5.03268687825,3.547916816
308,5.03038616766,3.52475739656
309,5.02874161737,3.50284114353
309,5.02776786258,3.48203866776
310,5.02746867895,3.46222949777
311,5.02783821381,3.44330260142
312,5.02886266156,3.42515641445
312,5.03052142452,3.40769905199
313,5.03278842582,3.39084826166
314,5.03563336753,3.37453128396
315,5.03902274095,3.35868476578
315,5.0429210585,3.34325441698
316,5.04729180503,3.32819474055
317,5.05209846481,3.31346857678
317,5.05730544044,3.29904655971
318,5.0628789112,3.28490643483
319,5.06878746058,3.27103234492
320,5.07500264556,3.25741398817
320,5.08149936806,3.24404577621
321,5.08825595558,3.23092609875
322,5.09525433205,3.2180565009
323,5.10247988588,3.20544106874
323,5.10992133832,3.19308585959
324,5.11757044642,3.18099850049
325,5.1254218936,3.16918774226
326,5.13347293079,3.15766324561
326,5.14172305741,3.14643541789
327,5.1501738404,3.13551524398
328,5.15882851478,3.12491433674
329,5.16769178527,3.11464496239
329,5.17676940909,3.10472031875
330,5.18606804661,3.09515480393
331,5.19559501096,3.08596454262
332,5.20535818826,3.07716805533
332,5.21536612334,3.06878712008
333,5.22562843324,3.06084775687
334,5.23615641734,3.0533814014
335,5.24696432258,3.04642593711
335,5.25807076388,3.0400267637
336,5.2695009067,3.03423739266
337,5.28128864858,3.02911984681
338,5.29347924685,3.02474446192
339,5.30613190419,3.02118929016
339,5.31932243698,3.01853903213
340,5.33314568232,3.01688377681
341,5.34771811928,3.01631743232
342,5.36318019291,3.01693633355
343,5.37969933286,3.01883766324
343,5.3974732957,3.02211804841
344,5.41673461004,3.02687194455
345,5.43775650229,3.03318950291
346,5.46086047004,3.04115355978
346,5.48642653735,3.05083470238
347,5.51490607605,3.06228369842
348,5.54683877214,3.07551895136
349,5.58287358326,3.09050608143
350,5.62379331837,3.10712394019
351,5.67053863588,3.12510914729
351,5.72422022221,3.14397067243
352,5.78609852049,3.16287016461
353,5.85750173048,3.18047648258
354,5.93965149264,3.1948254877
355,6.0333828594,3.20324164514
355,6.13878180241,3.20239421782
356,6.25481452142,3.18854902871
357,6.3790638299,3.15802926511
358,6.50769415883,3.10782488926
359,6.63572336764,3.03621914272
360,6.75759664082,2.94326465789
360,6.86796396065,2.83095917221
361,6.96249103273,2.70303822093
362,7.03850586441,2.56440036542
363,7.09531031543,2.42028236919
364,7.13406388436,2.27538057371
365,7.15726175307,2.13314478046
365,7.16795073313,1.99543364192
366,7.16891470463,1.86261429411
367,7.162070937,1.73404396406
368,7.14823773182,1.60874451898
369,7.12729179079,1.48603148751
370,7.09859680007,1.36590750524
370,7.06151507007,1.24914367718
371,7.01582665915,1.13709100335
372,6.96195221299,1.03133840828
373,6.90096043968,0.933349871893
374,6.8344080542,0.844183636249
375,6.76409211857,0.764346332153
376,6.69179571181,0.693785221388
376,6.61908715563,0.631986010488
377,6.54720282192,0.57812697599
378,6.47701422285,0.531241168245
379,6.40906064709,0.490351485074
380,6.34361881652,0.454561374653
381,6.28078341145,0.423099958918
382,6.2205394372,0.395330927075
383,6.1628165983,0.370738669243
383,6.10752398393,0.348904262736
384,6.05456828544,0.329480459474
385,6.0038603258,0.312170819006
386,5.95531514777,0.296714786446
387,5.90884931774,0.282878419364
388,5.86437800473,0.270449441916
389,5.82181285448,0.259235101931
390,5.78106124094,0.249061501733
391,5.74202660135,0.239773468825
392,5.70460954963,0.231234394642
392,5.66870947047,0.223325761683
393,5.63422630418,0.215946279867
394,5.6010621767,0.209010673713
395,5.56912272647,0.202448211756
396,5.53831831711,0.19620107598
397,5.5085647945,0.190222684425
398,5.47978398454,0.184476043273
399,5.45190390487,0.17893219288
400,5.42485879434,0.173568787236
401,5.39858889958,0.168368833866
402,5.37304024839,0.163319597068
403,5.34816428458,0.158411667971
403,5.32391736086,0.153638192582
404,5.30026040711,0.148994234821
405,5.27715836671,0.144476270509
406,5.25457989672,0.14008178074
407,5.23249689303,0.135808940481
408,5.21088409033,0.131656379419
409,5.18971885754,0.127622998311
410,5.16898070261,0.123707840986
411,5.14865114736,0.119909994847
412,5.12871346698,0.116228524284
413,5.10915241504,0.112662426679
414,5.08995412402,0.109210601218
415,5.07110588707,0.105871832964
416,5.05259604199,0.10264478377
417,5.03441383669,0.0995279902186
418,5.01654937128,0.0965198646898
419,4.99899339937,0.0936187024459
420,4.98173737553,0.0908226860767
421,4.96477330565,0.0881298952485
421,4.94809368398,0.0855383155858
422,4.93169148659,0.0830458470802
423,4.91556008505,0.0806503141419
424,4.89969317873,0.0783494752494
425,4.88408485773,0.076141030385
426,4.86872946224,0.0740226315762
427,4.85362158354,0.0719918908029
428,4.83875605729,0.0700463877592
429,4.82412796444,0.0681836771988
430,4.80973252791,0.0664012973923
431,4.79556516597,0.0646967759232
432,4.78162145394,0.0630676364533
433,4.76789710437,0.0615114048187
434,4.75438798421,0.0600256142653
435,4.74109000936,0.0586078118788
436,4.72799928281,0.0572555615419
437,4.71511196413,0.0559664499503
438,4.70242431046,0.0547380900993
439,4.68993266065,0.0535681251515
440,4.67763344705,0.0524542316575
441,4.66552314971,0.0513941231149
442,4.65359832573,0.0503855523642
443,4.64185559766,0.0494263141749
444,4.63029165354,0.0485142474245
445,4.61890323185,0.0476472371734
447,4.60768710827,0.046823216467
448,4.59664014604,0.0460401672548
449,4.58575923785,0.0452961222081
450,4.57504129896,0.0445891657838
451,4.56448333915,0.0439174343339
452,4.55408238313,0.0432791175281
453,4.54383548338,0.0426724586842
454,4.53373979274,0.0420957543967
455,4.52379243627,0.0415473559106
456,4.51399061243,0.0410256681975
457,4.50433158635,0.0405291499411
458,4.49481260914,0.0400563140607
459,4.48543101797,0.0396057264939
460,4.47618416799,0.0391760064046
461,4.46706945047,0.0387658255241
462,4.45808430279,0.038373907488
463,4.44922618766,0.0379990273738
464,4.44049264142,0.0376400105744
465,4.43188119108,0.0372957327374
466,4.42338944233,0.0369651181925
468,4.4150150155,0.0366471396243
469,4.40675556958,0.036340816955
470,4.39860883733,0.0360452161062
471,4.39057252483,0.0357594488429
472,4.38264443173,0.0354826707708
473,4.3748223671,0.0352140809887
474,4.36710419407,0.0349529206647
475,4.35948779665,0.0346984722251
476,4.35197110622,0.0344500580445
477,4.34455211176,0.0342070392612
478,4.33722881434,0.0339688150185
480,4.32999923636,0.0337348212598
481,4.32286147353,0.033504529191
482,4.31581366123,0.0332774444103
483,4.30885392951,0.0330531061148
484,4.30198046998,0.0328310854439
485,4.29519154183,0.0326109843016
486,4.28848540335,0.0323924347466
487,4.28186032539,0.0321750977557
489,4.27531469315,0.0319586613372
490,4.26884685412,0.0317428405629
491,4.26245522021,0.0315273756954
492,4.25613823844,0.031312031316
493,4.24989440368,0.0310965951515
494,4.24372221923,0.0308808772958
495,4.23762023797,0.0306647088563
496,4.23158705514,0.0304479409712
498,4.22562126791,0.0302304440833
499,4.21972154512,0.0300121064356
500,4.21388655904,0.029792833581
501,4.20811503341,0.0295725470779
502,4.20240571693,0.0293511837388
503,4.1967573882,0.0291286946781
505,4.19116886151,0.0289050443764
506,4.18563897147,0.0286802099162
507,4.18016659208,0.0284541800028
508,4.17475062822,0.0282269542026
509,4.16939001377,0.0279985421601
510,4.16408368169,0.0277689630266
512,4.15883065948,0.0275382440782
513,4.15362992817,0.0273064209405
514,4.14848054419,0.0270735360862
515,4.14338156627,0.0268396386566
516,4.1383320917,0.026604783587
517,4.13333122381,0.0263690312082
519,4.12837813564,0.0261324462575
520,4.12347195691,0.0258950980448
521,4.1186118988,0.0256570591307
522,4.11379716995,0.025418405359
523,4.10902700503,0.0251792152001
525,4.10430064117,0.0249395694461
526,4.09961736939,0.0246995504725
527,4.09497649316,0.0244592420955
528,4.09037732051,0.0242187292421
530,4.08581917582,0.0239780975271
531,4.0813014329,0.0237374327326
532,4.07682345231,0.0234968208727
533,4.07238462177,0.023256347672
534,4.06798436099,0.0230160982799
536,4.06362207932,0.0227761572708
537,4.05929721678,0.022536608188
538,4.05500923009,0.0222975334232
539,4.05075760092,0.0220590139876
541,4.04654178086,0.0218211296453
542,4.04236129791,0.0215839581831
543,4.03821565846,0.0213475758124
544,4.03410437864,0.0211120568765
546,4.03002699045,0.0208774737142
547,4.02598305397,0.0206438965077
548,4.02197213038,0.0204113933461
549,4.01799378738,0.0201800301296
551,4.01404760091,0.019949870506
552,4.01013316861,0.0197209757598
553,4.00625010116,0.0194934048242
555,4.00239799296,0.0192672143988
556,3.99857648625,0.0190424586215
557,3.99478519948,0.0188191894092
558,3.99102379047,0.0185974561543
560,3.98729187495,0.0183773061147
561,3.98358913386,0.0181587839256
562,3.97991523172,0.0179419319998
564,3.97626984041,0.0177267904404
565,3.97265262443,0.0175133971335
566,3.96906327783,0.0173017876175
567,3.96550149449,0.0170919952531
569,3.96196697203,0.0168840512449
570,3.95845942357,0.016677984635
571,3.95497854598,0.0164738224827
573,3.95152406572,0.016271589719
574,3.94809569917,0.0160713093633
575,3.94469318692,0.0158730024339
577,3.94131623796,0.0156766882271
578,3.93796462629,0.0154823839832
579,3.93463806312,0.0152901054519
581,3.93133630897,0.0150998665015
582,3.9280591144,0.0149116794108
583,3.92480624099,0.0147255548425
585,3.92157743688,0.0145415019921
586,3.91837247024,0.0143595285172
587,3.91519112128,0.014179640626
589,3.91203315781,0.0140018432212
590,3.90889834845,0.0138261399056
591,3.9057864816,0.0136525329681
593,3.90269733769,0.0134810235373
594,3.89963068615,0.0133116116414
596,3.89658634376,0.0131442960605
597,3.89356409715,0.0129790746438
598,3.89056373716,0.0128159442395
600,3.88758505697,0.0126549007495
601,3.88462785381,0.0124959391712
602,3.88169195913,0.0123390535474
604,3.87877714822,0.012184237301
605,3.87588325811,0.0120314829018
607,3.87301008627,0.01188078223
608,3.87015745047,0.0117321264283
609,3.86732516367,0.0115855060195
611,3.86451306521,0.0114409108516
612,3.86172095338,0.0112983303359
614,3.8589486657,0.0111577532435
615,3.85619602308,0.011019167905
617,3.85346285557,0.0108825621679
618,3.85074900756,0.0107479234151
619,3.84805428983,0.0106152387293
621,3.84537855783,0.0104844947033
622,3.84272163963,0.0103556776688
624,3.84008336415,0.010228773643
625,3.83746360047,0.0101037682508
627,3.83486216395,0.00998064699887
628,3.832278926,0.00985939500791
629,3.82971370937,0.00973999730907
631,3.82716637526,0.00962243863796
632,3.82463677976,0.00950670356799
634,3.82212476027,0.00939277656101
635,3.81963017529,0.00928064188508
637,3.81715289494,0.00917028365629
638,3.81469275979,0.00906168595286
640,3.81224963499,0.00895483269795
641,3.80982338206,0.00884970774127
643,3.80741387247,0.00874629483917
644,3.80502094905,0.00864457775436
646,3.80264450012,0.00854454009547
647,3.80028438522,0.00844616549661
649,3.79794047478,0.00834943753435
650,3.79561261891,0.00825433980381
652,3.79330071838,0.00816085576938
653,3.79100463677,0.00806896896256
655,3.78872425033,0.00797866287651
656,3.78645943268,0.00788992100252
658,3.78421006105,0.00780272681874
659,3.78197601255,0.00771706379944
661,3.77975718032,0.00763291538241
662,3.77755343326,0.00755026505034
664,3.77536466522,0.00746909622925
665,3.77319075083,0.00738939237478
667,3.77103159118,0.00731113687799
668,3.76888705885,0.00723431316876
670,3.76675705796,0.00715890459322
671,3.76464146292,0.00708489452535
673,3.7625401832,0.00701226623576
675,3.76045310006,0.0069410030029
676,3.7583801163,0.00687108800982
678,3.75632112356,0.00680250439444
679,3.75427602181,0.00673523520163
681,3.75224470474,0.00666926339685
682,3.75022708529,0.00660457180657
684,3.74822304498,0.00654114319293
685,3.74623250882,0.00647896010524
687,3.74425536142,0.00641800500962
689,3.74229152403,0.00635826013614
690,3.74034088732,0.00629970757493
692,3.7384033668,0.0062423291601
693,3.73647888653,0.00618610647617
695,3.73456733101,0.00613102091396
697,3.73266863087,0.00607705350356
698,3.73078268858,0.00602418501131
700,3.7289094191,0.00597239584555
701,3.72704874121,0.00592166604276
703,3.72520057137,0.00587197524781
705,3.72336481893,0.00582330269053
706,3.721541417,0.0057756271055
708,3.7197302647,0.00572892678944
710,3.71793130218,0.00568317945073
711,3.71614443795,0.00563836228719
713,3.71436960233,0.00559445186819
715,3.71260671205,0.00555142415257
716,3.71085569498,0.00550925441441
718,3.70911647351,0.00546791723089
719,3.70738897709,0.00542738642631
721,3.70567312915,0.00538763505413
723,3.70396886074,0.00534863533983
724,3.7022761005,0.00531035865912
726,3.70059476829,0.00527277551112
728,3.69892479391,0.00523585545685
729,3.69726612447,0.00519956707629
731,3.69561866347,0.00516387802313
733,3.69398235589,0.00512875487596
735,3.69235714105,0.00509416317929
736,3.69074293581,0.00506006744391
738,3.68913967374,0.00502643107412
740,3.68754727968,0.00499321638902
741,3.6859656897,0.00496038458678
743,3.68439484071,0.00492789575632
745,3.68283464713,0.0048957089125
746,3.68128505039,0.00486378194128
748,3.67974597751,0.00483207167492
750,3.67821734636,0.00480053391337
752,3.67669909055,0.00476912343015
753,3.67519113842,0.00473779404939
755,3.67369340127,0.00470649872138
757,3.67220582111,0.00467518953403
759,3.67072830957,0.00464381787733
760,3.66926078616,0.00461233449356
762,3.66780316868,0.00458068960333
764,3.66635537499,0.00454883303197
766,3.66491731714,0.00451671436033
767,3.66348891373,0.00448428306858
769,3.662070066,0.00445148874004
771,3.66066069045,0.00441828121107
773,3.65926068672,0.00438461081516
775,3.65786995869,0.0043504285767
776,3.65648840872,0.0043156864512
778,3.65511593295,0.00428033757674
780,3.65375242781,0.0042443365234
782,3.65239778274,0.00420763956867
783,3.65105188998,0.00417020496076
785,3.64971463184,0.00413199321342
787,3.6483859059,0.00409296736048
789,3.64706557943,0.00405309329092
791,3.64575354138,0.0040123399707
793,3.64444967744,0.00397067974578
794,3.64315384712,0.00392808863174
796,3.64186594034,0.00388454650396
798,3.64058581603,0.00384003739936
800,3.63931335859,0.00379454967062
802,3.6380484426,0.00374807621494
804,3.63679092671,0.00370061464319
805,3.63554069164,0.00365216737348
807,3.63429760698,0.00360274176475
809,3.63306154654,0.00355235016408
811,3.63183238168,0.00350100993803
813,3.63060998389,0.00344874345475
815,3.6293942425,0.00339557801112
817,3.62818503036,0.00334154576759
819,3.62698222283,0.0032866835905
820,3.62578571584,0.00323103285612
822,3.62459538972,0.00317463926464
824,3.62341113898,0.003117552557
826,3.62223286554,0.00305982623085
828,3.62106046741,0.00300151722832
830,3.61989385135,0.00294268557575
832,3.61873292549,0.00288339401716
834,3.61757760497,0.00282370761778
836,3.61642782358,0.00276369334941
838,3.61528349842,0.00270341970259
840,3.61414455199,0.00264295624879
841,3.61301093417,0.00258237320531
843,3.61188258578,0.00252174104807
845,3.61075945278,0.00246113009611
847,3.60964148881,0.00240061011878
849,3.60852866343,0.00234024995729
851,3.60742092182,0.00228011719868
853,3.60631824263,0.00222027780934
855,3.6052205929,0.00216079586227
857,3.60412795839,0.00210173324438
859,3.60304031201,0.00204314943141
861,3.60195764193,0.00198510125763
863,3.60087993408,0.00192764274374
865,3.5998071824,0.00187082493963
867,3.59873938318,0.00181469580677
869,3.59767652188,0.00175930013346
871,3.59661861127,0.00170467945315
873,3.59556564453,0.00165087203233
875,3.59451761902,0.00159791284842
877,3.59347455045,0.00154583359731
879,3.59243642979,0.00149466274769
881,3.59140327958,0.00144442557115
883,3.59037509966,0.0013951442374
885,3.58935188959,0.0013468378915
887,3.58833365259,0.0012995227527
889,3.58732041675,0.00125321221868
891,3.58631216959,0.00120791700966
893,3.58530893096,0.00116364526988
896,3.58431069529,0.00112040272074
898,3.58331748398,0.00107819278053
900,3.58232928234,0.00103701672346
902,3.58134610066,0.000996873800842
904,3.58036795102,0.000957761388685
906,3.57939483704,0.000919675128927
908,3.57842674719,0.000882609066983
910,3.57746368489,0.000846555777034
912,3.5765056543,0.000811506495421
914,3.57555266037,0.000777451245721
916,3.57460468195,0.00074437896459
918,3.5736617329,0.000712277603466
921,3.57272379949,0.00068113425168
923,3.57179088737,0.000650935230685
925,3.5708629597,0.000621666203877
927,3.56994003931,0.000593312250391
929,3.5690221087,0.000565857970003
931,3.56810915133,0.000539287556287
933,3.56720116513,0.000513584870108
936,3.56629813399,0.000488733513916
938,3.5654000471,0.000464716893312
940,3.56450688322,0.000441518278611
942,3.56361863365,0.000419120856323
944,3.56273528177,0.000397507781636
946,3.56185682112,0.000376662221579
949,3.56098321963,0.000356567399957
951,3.56011446745,0.000337206629161
953,3.55925055173,0.000318563346308
955,3.55839144378,0.000300621143947
957,3.55753713525,0.0002833637932
960,3.5566876013,0.000266775270306
962,3.55584282148,0.000250839775191
964,3.55500277258,0.000235541749804
966,3.55416744564,0.000220865892286
968,3.55333680225,0.000206797172814
971,3.55251083876,0.000193320840448
973,3.55168951578,0.000180422436365
975,3.55087283223,0.000168087796963
977,3.55006074876,0.000156303063531
980,3.54925325086,0.000145054683231
982,3.54845030875,0.000134329413893
984,3.54765191342,0.00012411432421
986,3.54685803019,0.000114396796146
989,3.54606864254,0.000105164522941
991,3.54528372475,9.64055088935e-05
993,3.54450324993,8.81080670832e-05
996,3.54372720858,8.02608163006e-05
998,3.54295556437,7.28526789115e-05
1000,3.54218830197,6.58728759348e-05
1003,3.54142539825,5.93109235293e-05
1005,3.54066683092,5.31566281941e-05
1007,3.53991257197,4.74000819369e-05
1009,3.53916260856,4.20316567739e-05
1012,3.5384169093,3.70419997542e-05
1014,3.53767546401,3.24220268319e-05
1016,3.53693823978,2.81629175688e-05
1019,3.53620522313,2.42561088054e-05
1021,3.53547639225,2.06932889453e-05
1024,3.53475172528,1.74663918228e-05
1026,3.53403120564,1.45675906043e-05
1028,3.53331481563,1.19892917431e-05
1031,3.53260254299,9.72412887671e-06
1033,3.53189436323,7.76495683063e-06
1035,3.5311902593,6.1048455438e-06
1038,3.53049024323,4.73707411073e-06
1040,3.52979428025,3.65512502475e-06
1043,3.52910240278,2.84546881583e-06
1045,3.52841459074,2.25766541822e-06
1047,3.52773083098,1.87925452082e-06
1050,3.52705114297,1.69717962891e-06
1052,3.52637553799,1.57159405783e-06
1055,3.52570388802,1.45428943041e-06
1057,3.52503612881,1.34507495766e-06
1060,3.52437220491,1.24376506679e-06
1062,3.5237120713,1.15017929539e-06
1064,3.52305569442,1.0641421837e-06
1067,3.52240306462,9.85483162017e-07
1069,3.52175408422,9.1403647039e-07
1072,3.52110873528,8.4964099737e-07
1074,3.52046702225,7.92140188076e-07
1077,3.51982890818,7.41374155322e-07
1079,3.51919435707,6.94508984217e-07
1082,3.51856333399,6.49310493287e-07
1084,3.51793581077,6.05737424973e-07
1087,3.51731176783,5.63749589859e-07
1089,3.51669117331,5.23307851183e-07
1092,3.51607400283,4.84374101651e-07
1094,3.51546021607,4.46911246495e-07
1097,3.51484981787,4.11153513623e-07
1099,3.51424275653,3.7786682165e-07
1102,3.51363902051,3.47014322874e-07
1104,3.51303857778,3.18504608445e-07
1107,3.51244142091,2.92250985627e-07
1109,3.51184751456,2.68171206633e-07
1112,3.51125684401,2.46187205689e-07
1115,3.51066937722,2.26216628335e-07
1117,3.51008509335,2.07866888195e-07
1120,3.50950397782,1.90912237339e-07
1122,3.50892600966,1.75298765836e-07
1125,3.50835116816,1.60975396983e-07
1128,3.50777942324,1.47893720519e-07
1130,3.5072107596,1.36007834958e-07
1133,3.50664515979,1.25274201783e-07
1135,3.50608260245,1.1565150803e-07
1138,3.50552306723,1.07100537288e-07
1141,3.50496652685,9.95840492023e-08
1143,3.50441297181,9.30666655458e-08
1146,3.50386238272,8.74990502642e-08
1148,3.50331473332,8.24659395937e-08
1151,3.50277000935,7.77802992701e-08
1154,3.50222819016,7.3423914965e-08
1156,3.50168926222,6.93632966993e-08
1159,3.50115320464,6.55387240869e-08
1162,3.50061999746,6.19337688482e-08
1164,3.5000896204,5.85353432445e-08
1167,3.49956205952,5.53311665453e-08
1170,3.49903729944,5.23097137876e-08
1173,3.49851531325,4.94601678967e-08
1175,3.49799609478,4.67723743379e-08
1178,3.49747961823,4.42367997656e-08
1181,3.49696586807,4.18444923885e-08
1183,3.49645483761,3.9587045367e-08
1186,3.4959464943,3.74565629368e-08
1189,3.49544083551,3.5445627712e-08
1192,3.49493783085,3.35472713455e-08
1194,3.49443747761,3.17549459038e-08
1197,3.49393975539,3.00624980908e-08
1200,3.4934446397,2.84641445416e-08
1203,3.49295212605,2.69544486526e-08
1205,3.49246219524,2.55282993736e-08
1208,3.49197483147,2.41808909213e-08
1211,3.49149001612,2.29077039801e-08
1214,3.4910077392,2.17044879808e-08
1217,3.49052797395,2.05672447379e-08
1219,3.49005071955,1.94922127078e-08
1222,3.48957596347,1.84758527286e-08
1225,3.489103667,1.75148344921e-08
1228,3.48863383835,1.66060234347e-08
1231,3.48816645549,1.57464692202e-08
1233,3.48770151042,1.49333943352e-08
1236,3.48723897254,1.41641837766e-08
1239,3.48677884064,1.34363750049e-08
1242,3.48632109627,1.27476489363e-08
1245,3.48586573003,1.20958211986e-08
1248,3.48541272231,1.14788341038e-08
1251,3.4849620626,1.08947489827e-08
1254,3.48451373197,1.03417391178e-08
1256,3.48406772269,9.81808299583e-09
1259,3.483624018,9.32215809685e-09
1262,3.48318260392,8.85243496959e-09
1265,3.48274347157,8.40747170231e-09
1268,3.48230659892,7.98590878029e-09
1271,3.48187198857,7.58646412592e-09
1274,3.48143961605,7.20792864702e-09
1277,3.48100945964,6.84916186927e-09
1280,3.4805815235,6.50908786219e-09
1283,3.48015579283,6.1866915432e-09
1286,3.47973224571,5.8810150897e-09
1289,3.47931087235,5.59115456184e-09
1292,3.47889166292,5.31625678449e-09
1295,3.47847460422,5.05551639938e-09
1298,3.47805968476,4.80817308141e-09
1301,3.47764689069,4.57350893605e-09
1304,3.47723620975,4.35084604082e-09
1307,3.4768276316,4.13954413949e-09
1310,3.47642114816,3.93899847352e-09
1313,3.47601673442,3.74863776374e-09
1316,3.47561438952,3.56792224525e-09
1319,3.47521409924,3.3963419056e-09
1322,3.47481585325,3.23341476725e-09
1325,3.47441963046,3.07868530373e-09
1328,3.47402543906,2.93172289982e-09
1331,3.47363324678,2.79212049854e-09
1334,3.47324305795,2.65949320171e-09
1337,3.47285485658,2.53347706441e-09
1340,3.47246861944,2.41372790115e-09
1343,3.47208435011,2.29992015028e-09
1346,3.47170203249,2.19174586038e-09
1349,3.47132165756,2.0889136847e-09
1353,3.4709432139,1.99114795836e-09
1356,3.47056669194,1.89818782032e-09
1359,3.47019207589,1.8097863929e-09
1362,3.4698193559,1.7257099977e-09
1365,3.46944853108,1.6457374223e-09
1368,3.46907957424,1.56965924663e-09
1371,3.46871249124,1.49727716355e-09
1375,3.46834725958,1.42840339384e-09
1378,3.46798388348,1.36286008309e-09
1381,3.46762233335,1.30047878106e-09
1384,3.46726261129,1.2410999006e-09
1387,3.46690470489,1.18457225063e-09
1390,3.46654860416,1.13075257139e-09
1394,3.46619429617,1.07950510418e-09
1397,3.46584177972,1.03070117905e-09
1400,3.46549103781,9.84218838604e-10
1403,3.46514206068,9.39942467551e-10
1407,3.46479483755,8.97762452468e-10
1410,3.4644493652,8.57574856024e-10
1413,3.46410562189,8.19281118012e-10
1416,3.46376361321,7.82787755458e-10
1420,3.46342331383,7.48006104152e-10
1423,3.46308473259,7.14852046352e-10
1426,3.4627478495,6.83245781732e-10
1429,3.46241265376,6.53111589263e-10
1433,3.46207914015,6.24377611327e-10
1436,3.46174729517,5.96975651315e-10
1439,3.46141711214,5.70840977086e-10
1443,3.46108858748,5.45912138699e-10
1446,3.46076170506,5.22130797785e-10
1449,3.46043645534,4.99441560756e-10
1453,3.46011283847,4.777918239e-10
1456,3.45979083457,4.57131631326e-10
1459,3.45947043652,4.37413531892e-10
1463,3.45915164633,4.18592449216e-10
1466,3.45883444038,4.0062556217e-10
1469,3.45851882386,3.83472181133e-10
1473,3.45820478005,3.67093643347e-10
1476,3.45789229858,3.51453204719e-10
1480,3.45758137641,3.36515940719e-10
1483,3.45727200238,3.2224865413e-10
1487,3.45696416911,3.08619784985e-10
1490,3.45665786864,2.95599326925e-10
1493,3.45635309372,2.83158747478e-10
1497,3.45604983288,2.71270913074e-10
1500,3.45574807795,2.59910017048e-10
1504,3.45544783128,2.49051511574e-10
1507,3.45514906773,2.38672046421e-10
1511,3.45485178717,2.28749404437e-10
1514,3.45455599149,2.19262445915e-10
1518,3.45426165749,2.10191055833e-10
1521,3.45396878138,2.01516089346e-10
1525,3.4536773614,1.93219324142e-10
1528,3.4533873896,1.85283414569e-10
1532,3.45309884638,1.7769184794e-10
1535,3.45281173585,1.7042890104e-10
1539,3.45252604314,1.63479602936e-10
1542,3.45224177232,1.56829695641e-10
1546,3.45195889868,1.50465600898e-10
1549,3.45167742886,1.44374383753e-10
1553,3.45139734983,1.38543722966e-10
1557,3.45111865414,1.32961879593e-10
1560,3.45084133701,1.27617668426e-10
1564,3.45056539131,1.22500430937e-10
1567,3.45029080393,1.17600009535e-10
1571,3.45001757102,1.12906722483e-10
1575,3.44974569132,1.08411340895e-10
1578,3.44947514447,1.04105067292e-10
1582,3.44920593642,9.99795131973e-11
1586,3.44893805628,9.60266805687e-11
1589,3.44867149234,9.22389423621e-11
1593,3.44840624364,8.86090242744e-11
1597,3.44814229777,8.51299882903e-11
1600,3.44787964928,8.17952159942e-11
1604,3.4476182999,7.85983932088e-11
1608,3.44735823491,7.55334959331e-11
1611,3.44709943952,7.25947760357e-11
1615,3.44684192449,6.97767475464e-11
1619,3.44658567082,6.70741752983e-11
1622,3.44633067528,6.4482062043e-11
1626,3.44607693991,6.19956373763e-11
1630,3.44582443693,5.96103475985e-11
1634,3.44557317952,5.7321844202e-11
1637,3.44532315443,5.5125975358e-11
1641,3.44507435728,5.30187760375e-11
1645,3.44482677962,5.09964594312e-11
1649,3.44458041168,4.90554085373e-11
1653,3.44433525444,4.71921680333e-11
1656,3.44409129043,4.54034371226e-11
1660,3.44384853205,4.3686061673e-11
1664,3.44360695395,4.20370282679e-11
1668,3.4433665607,4.04534568018e-11
1672,3.44312733636,3.89325949178e-11
1676,3.44288929497,3.74718115114e-11
1680,3.44265240785,3.60685919366e-11
1683,3.44241668123,3.47205317888e-11
1687,3.44218210416,3.34253323879e-11
1691,3.44194867143,3.21807956864e-11
1695,3.44171637933,3.09848197017e-11
1699,3.44148522009,2.98353941759e-11
1703,3.44125519326,2.87305962846e-11
1707,3.44102628849,2.76685868039e-11
1711,3.44079849682,2.66476062117e-11
1715,3.44057181788,2.56659710186e-11
1719,3.44034623661,2.47220705012e-11
1723,3.44012176385,2.38143631198e-11
1727,3.4398983814,2.29413737897e-11
1731,3.43967608732,2.21016905724e-11
1735,3.4394548728,2.12939619969e-11
1739,3.43923473533,2.05168942653e-11
1743,3.43901566923,1.9769248733e-11
1747,3.43879766991,1.90498394208e-11
1751,3.43858073048,1.83575306869e-11
1755,3.43836484215,1.76912349845e-11
1759,3.43815001282,1.70499106363e-11
1763,3.43793621524,1.64325600607e-11
1767,3.4377234652,1.58382274403e-11
1771,3.4375117493,1.52659972288e-11
1775,3.43730105517,1.47149922299e-11
1779,3.43709138173,1.41843718718e-11
1783,3.43688272986,1.36733306458e-11
1787,3.43667509276,1.31810966095e-11
1791,3.43646845872,1.27069299069e-11
1796,3.43626282636,1.22501213147e-11
1800,3.43605819609,1.18099909428e-11
1804,3.43585454787,1.13858870377e-11
1808,3.43565189541,1.09771845802e-11
1812,3.43545021838,1.05832843541e-11
1816,3.43524951982,1.02036116483e-11
1821,3.4350497909,9.83761531152e-12
1825,3.43485103402,9.48476667275e-12
1829,3.4346532358,9.14455865291e-12
1833,3.43445639055,8.81650477486e-12
1837,3.43426050417,8.5001382774e-12
1842,3.43406556032,8.19501135875e-12
1846,3.43387156039,7.90069427117e-12
1850,3.43367849833,7.61677461685e-12
1854,3.43348636722,7.34285659563e-12
1859,3.43329516312,7.07856029516e-12
1863,3.43310489114,6.8235210103e-12
1867,3.43291552693,6.57738867793e-12
1872,3.43272708216,6.33982713359e-12
1876,3.4325395447,6.11051364443e-12
1880,3.43235291467,5.88913827838e-12
1884,3.43216718609,5.67540340397e-12
1889,3.4319823467,5.46902317546e-12
1893,3.43179840459,5.26972300071e-12
1898,3.43161534509,5.07723914213e-12
1902,3.43143317052,4.89131820512e-12
1906,3.43125187108,4.71171675449e-12
1911,3.43107145138,4.53820086497e-12
1915,3.43089188955,4.3705457852e-12
1920,3.43071320204,4.20853547583e-12
1924,3.43053536605,4.05196235102e-12
1928,3.43035839514,3.90062683881e-12
1933,3.43018226905,3.75433713758e-12
1937,3.43000699299,3.61290883028e-12
1942,3.42983255683,3.47616463019e-12
1946,3.42965896638,3.34393405753e-12
1951,3.42948620553,3.21605320259e-12
1955,3.42931427407,3.0923644215e-12
1960,3.42914317058,2.9727161013e-12
1964,3.42897288909,2.85696241885e-12
1969,3.42880342406,2.74496310407e-12
1973,3.4286347722,2.63658321519e-12
1978,3.42846693358,2.5316929252e-12
1982,3.42829989767,2.43016732756e-12
1987,3.42813365865,2.33188622833e-12
1992,3.42796822913,2.23673395016e-12
1996,3.42780358497,2.14459918925e-12
2001,3.42763973168,2.05537479837e-12
2005,3.42747666152,1.96895765001e-12
2010,3.42731437832,1.88524846265e-12
2015,3.42715286978,1.80415166505e-12
2019,3.42699213413,1.72557523497e-12
2024,3.4268321721,1.64943056506e-12
2029,3.42667298031,1.57563233217e-12
2033,3.42651453874,1.50409837392e-12
2038,3.42635686601,1.43474954124e-12
2043,3.42619993873,1.36750961597e-12
2047,3.42604377122,1.30230516336e-12
2052,3.42588835167,1.2390654503e-12
2057,3.42573366699,1.17772233001e-12
2062,3.42557973155,1.11821013275e-12
2066,3.4254265265,1.06046559103e-12
2071,3.42527405763,1.00442772782e-12
2076,3.42512231103,9.50037782681e-13
2081,3.42497129401,8.97239114731e-13
2085,3.4248210029,8.45977130671e-13
2090,3.42467142286,7.96199206337e-13
2095,3.4245225644,7.47854602807e-13
2100,3.42437440907,7.00894407177e-13
2105,3.42422696973,6.55271450421e-13
2110,3.42408022898,6.10940253766e-13
2115,3.42393419135,5.67856954605e-13
2119,3.42378884657,5.25979252442e-13
2124,3.42364419602,4.85266345276e-13
2129,3.42350024194,4.456788756e-13
2134,3.42335696644,4.07178878502e-13
2139,3.42321437828,3.69729723749e-13
2144,3.42307246948,3.33296071147e-13
2149,3.42293124289,2.9784381955e-13
2154,3.42279068153,2.633400634e-13
2159,3.42265079392,2.29753044463e-13
2164,3.42251156664,1.97052113227e-13
2169,3.42237301121,1.65207684526e-13
2174,3.42223510954,1.34191201598e-13
2179,3.42209787039,1.03975095203e-13
2184,3.42196128068,7.4532749337e-14
2189,3.42182533814,4.5838465182e-14
2194,3.42169005079,3.55488287562e-14
2199,3.42155539975,3.48093791896e-14
2204,3.42142139752,3.40867065007e-14
2209,3.42128803023,3.33804020056e-14
2214,3.42115529407,3.26900673848e-14
2219,3.42102319018,3.20153145891e-14
2224,3.42089171616,3.13557656616e-14
2230,3.42076086307,3.0711052489e-14
2235,3.4206306383,3.00808161709e-14
2240,3.42050102893,2.9464707349e-14
2245,3.42037203714,2.88623854599e-14
2250,3.42024365691,2.82735187147e-14
2255,3.42011588519,2.76977838195e-14
2261,3.41998871851,2.71348657677e-14
2266,3.41986216352,2.65844574947e-14
2271,3.41973620178,2.60462599456e-14
2276,3.41961084097,2.55199815222e-14
2281,3.41948607653,2.50053381074e-14
2287,3.41936190621,2.45020527669e-14
2292,3.41923831972,2.40098556897e-14
2297,3.41911532178,2.35284837119e-14
2303,3.41899290759,2.30576804524e-14
2308,3.418871077,2.25971959429e-14
2313,3.41874981676,2.21467866031e-14
2319,3.41862914255,2.17062147828e-14
2324,3.41850903165,2.12752490606e-14
2329,3.41838949032,2.08536636438e-14
2335,3.41827051783,2.04412384257e-14
2340,3.41815210925,2.00377588307e-14
2345,3.4180342622,1.96430156417e-14
2351,3.41791697217,1.92568048683e-14
2356,3.41780023889,1.88789275507e-14
2362,3.41768405638,1.85091897282e-14
2367,3.41756842723,1.81474022285e-14
2373,3.41745334043,1.77933805976e-14
2378,3.41733880308,1.74469448947e-14
2384,3.41722480965,1.71079196775e-14
2389,3.41711135397,1.67761338024e-14
2395,3.41699843043,1.64514204116e-14
2400,3.41688604942,1.61336166075e-14
2406,3.41677419764,1.58225636603e-14
2411,3.41666286838,1.5518106667e-14
2417,3.41655206996,1.5220094469e-14
2422,3.41644179933,1.49283796473e-14
2428,3.41633204693,1.46428184366e-14
2433,3.41622281152,1.43632705116e-14
2439,3.41611409475,1.40895989714e-14
2445,3.41600588997,1.38216702705e-14
2450,3.41589819639,1.35593540848e-14
2456,3.41579101352,1.33025232471e-14
2462,3.41568433844,1.30510536964e-14
2467,3.41557816113,1.2804824365e-14
2473,3.4154724906,1.25637170626e-14
2479,3.41536731733,1.23276165267e-14
2484,3.41526263825,1.2096410202e-14
2490,3.41515845991,1.18699882468e-14
2496,3.41505477047,1.16482434927e-14
2502,3.41495156841,1.14310713143e-14
2507,3.41484885151,1.12183696036e-14
2513,3.41474662414,1.10100386514e-14
2519,3.41464487841,1.08059811786e-14
2525,3.41454361225,1.06061021966e-14
2531,3.41444281886,1.04103089934e-14
2536,3.41434250529,1.02185110379e-14
2542,3.41424266687,1.00306199334e-14
2548,3.41414329606,9.84654943224e-15
2554,3.41404439657,9.66621526559e-15
2560,3.41394596093,9.48953520537e-15
2566,3.41384798663,9.31642893343e-15
2572,3.41375047649,9.14681801591e-15
2578,3.41365342687,8.98062587132e-15
2584,3.41355683046,8.81777773646e-15
2590,3.41346069746,8.6582005432e-15
2596,3.41336501299,8.50182301407e-15
2602,3.4132697734,8.34857548792e-15
2608,3.41317498935,8.19838991012e-15
2614,3.41308065053,8.05119985592e-15
2620,3.4129867525,7.90694043262e-15
2626,3.41289330333,7.76554821675e-15
2632,3.41280028386,7.62696135096e-15
2638,3.41270771073,7.49111927445e-15
2644,3.41261556805,7.35796295701e-15
2650,3.41252386619,7.22743463569e-15
2656,3.41243259225,7.09947794257e-15
2662,3.4123417431,6.9740377913e-15
2668,3.41225132561,6.85106032886e-15
2674,3.41216133427,6.73049297886e-15
2681,3.41207175947,6.61228436153e-15
2687,3.41198261487,6.49638424451e-15
2693,3.41189388202,6.38274358675e-15
2699,3.41180557328,6.27131442526e-15
2705,3.41171767089,6.16204993752e-15
2712,3.41163018505,6.05490431205e-15
2718,3.41154311189,5.94983281511e-15
2724,3.41145645026,5.84679171068e-15
2730,3.41137019241,5.74573826558e-15
2737,3.41128434283,5.64663070246e-15
2743,3.41119889251,5.5494282054e-15
2749,3.41111384493,5.45409085176e-15
2756,3.41102919966,5.36057963088e-15
2762,3.41094494704,5.26885642144e-15
2768,3.41086109418,5.17888393139e-15
2775,3.4107776358,5.09062573277e-15
2781,3.41069456847,5.00404619164e-15
2788,3.41061188581,4.91911048963e-15
2794,3.41052959555,4.83578456061e-15
2800,3.41044768593,4.75403512671e-15
2807,3.4103661633,4.67382961927e-15
2813,3.41028503096,4.59513621183e-15
2820,3.4102042679,4.51792379216e-15
2826,3.41012389183,4.44216191324e-15
2833,3.41004389518,4.36782081699e-15
2839,3.40996426439,4.29487141303e-15
2846,3.40988501067,4.22328523107e-15
2853,3.4098061286,4.15303443428e-15
2859,3.40972761568,4.08409180149e-15
2866,3.40964947426,4.01643070488e-15
2872,3.40957169541,3.95002510655e-15
2879,3.40949428412,3.88484953364e-15
2886,3.40941722842,3.82087908022e-15
2892,3.4093405415,3.75808935725e-15
2899,3.40926421365,3.69645654185e-15
2906,3.40918824203,3.63595729953e-15
2912,3.40911262706,3.57656882685e-15
2919,3.40903736234,3.51826880504e-15
2926,3.4089624504,3.46103539333e-15
2932,3.40888789539,3.40484722386e-15
2939,3.40881368767,3.34968340092e-15
2946,3.40873982084,3.29552347625e-15
2953,3.40866631016,3.24234742681e-15
2960,3.40859313038,3.1901356968e-15
2966,3.40852030668,3.13886909348e-15
2973,3.40844781924,3.0885288892e-15
2980,3.40837566689,3.03909673563e-15
2987,3.40830385621,2.99055466646e-15
2994,3.40823238,2.94288511868e-15
3001,3.40816123736,2.89607089122e-15
3008,3.40809043104,2.85009514979e-15
3015,3.40801995169,2.80494142585e-15
3022,3.40794980715,2.76059358989e-15
3029,3.40787998512,2.7170358609e-15
3036,3.40781049419,2.6742527895e-15
3043,3.40774132674,2.6322292522e-15
3050,3.40767247935,2.59095044733e-15
3057,3.4076039558,2.55040188192e-15
3064,3.40753575094,2.51056936828e-15
3071,3.40746787065,2.47143901515e-15
3078,3.40740030047,2.43299722885e-15
3085,3.40733305434,2.39523068974e-15
3092,3.40726611601,2.35812637238e-15
3099,3.4071994925,2.32167150566e-15
3106,3.40713317821,2.28585359661e-15
3113,3.40706717884,2.25066040243e-15
3121,3.40700148571,2.21607994964e-15
3128,3.40693609379,2.18210050211e-15
3135,3.40687101115,2.14871056641e-15
3142,3.40680623386,2.11589888813e-15
3150,3.40674175637,2.08365445157e-15
3157,3.4066775846,2.05196645735e-15
3164,3.40661370816,2.02082434307e-15
3171,3.40655013547,1.99021774555e-15
3179,3.40648685199,1.96013653569e-15
3186,3.40642386739,1.93057077154e-15
3193,3.40636117842,1.90151072535e-15
3201,3.40629877968,1.87294686838e-15
3208,3.40623667266,1.84486986617e-15
3215,3.40617485448,1.81727056905e-15
3223,3.40611332885,1.79014002084e-15
3230,3.4060520868,1.76346944521e-15
3238,3.40599112867,1.73725024024e-15
3245,3.40593045638,1.71147398136e-15
3253,3.40587007015,1.6861324133e-15
3260,3.40580996616,1.6612174492e-15
3268,3.40575014087,1.63672116754e-15
3275,3.40569058935,1.61263580189e-15
3283,3.40563131756,1.58895374328e-15
3290,3.40557232475,1.56566753471e-15
3298,3.40551360564,1.54276987169e-15
3306,3.40545516192,1.52025359203e-15
3313,3.40539699232,1.49811168066e-15
3321,3.40533908675,1.4763372653e-15
3328,3.40528145688,1.45492359806e-15
3336,3.40522409737,1.43386407765e-15
3344,3.40516699881,1.41315223299e-15
3352,3.40511017086,1.39278171241e-15
3359,3.40505360349,1.37274630247e-15
3367,3.40499730092,1.35303990379e-15
3375,3.4049412603,1.33365653975e-15
3383,3.40488548273,1.31459035203e-15
3390,3.40482996691,1.29583559641e-15
3398,3.40477470595,1.27738664729e-15
3406,3.40471970106,1.25923798329e-15
3414,3.40466495748,1.24138419172e-15
3422,3.40461046582,1.22381997093e-15
3430,3.40455622744,1.20654011859e-15
3438,3.40450224279,1.18953953362e-15
3445,3.40444850984,1.17281321738e-15
3453,3.40439502524,1.15635626792e-15
3461,3.40434178683,1.1401638771e-15
3469,3.40428880261,1.12423132836e-15
3477,3.40423605998,1.10855400284e-15
3485,3.40418356627,1.09312736463e-15
3493,3.40413131161,1.07794697118e-15
3501,3.40407930856,1.06300845741e-15
3510,3.40402753799,1.04830755337e-15
3518,3.40397601372,1.03384006264e-15
3526,3.40392472973,1.0196018723e-15
3534,3.40387368003,1.00558895015e-15
3542,3.40382286887,9.91797337145e-16
3550,3.4037722975,9.78223153425e-16
3558,3.40372195988,9.64862590975e-16
3567,3.40367185182,9.51711919299e-16
3575,3.40362198078,9.3876747151e-16
3583,3.40357234488,9.26025654998e-16
3591,3.40352293454,9.13482945901e-16
3600,3.40347375525,9.01135885103e-16
3608,3.40342480019,8.88981080164e-16
3616,3.40337608365,8.77015200035e-16
3625,3.4033275826,8.65234982789e-16
3633,3.40327931393,8.53637221047e-16
3641,3.40323126329,8.42218773231e-16
3650,3.4031834395,8.3097655181e-16
3658,3.40313583757,8.19907532304e-16
3666,3.40308845672,8.09008741939e-16
3675,3.40304129487,7.9827726874e-16
3683,3.4029943535,7.87710250641e-16
3692,3.40294762772,7.77304882285e-16
3700,3.40290112166,7.67058407967e-16
3709,3.40285483293,7.56968123841e-16
3718,3.40280875618,7.47031378828e-16
3726,3.4027628932,7.37245567168e-16
3735,3.40271724597,7.2760813481e-16
3743,3.40267180793,7.18116572848e-16
3752,3.40262658136,7.08768419029e-16
3761,3.40258156175,6.99561257796e-16
3769,3.40253675327,6.90492714242e-16
3778,3.40249215869,6.81560462001e-16
3787,3.40244776635,6.72762215446e-16
3795,3.40240357629,6.64095731304e-16
3804,3.40235959543,6.55558804853e-16
3813,3.40231581669,6.47149274959e-16
3822,3.4022722414,6.38865018162e-16
3830,3.40222886649,6.30703950289e-16
3839,3.40218569838,6.22664023996e-16
3848,3.40214272313,6.14743232311e-16
3857,3.40209995416,6.06939599954e-16
3866,3.40205737885,5.99251191548e-16
3875,3.40201500435,5.91676104648e-16
3884,3.40197282163,5.84212471898e-16
3893,3.40193083674,5.76858458973e-16
3902,3.40188904774,5.69612264831e-16
3911,3.40184745123,5.6247212158e-16
3920,3.40180604842,5.55436292285e-16
3929,3.40176483264,5.48503072379e-16
3938,3.40172381457,5.41670784501e-16
3947,3.40168298415,5.34937785527e-16
3956,3.40164234396,5.28302459119e-16
3965,3.40160189136,5.21763218422e-16
3974,3.4015616282,5.15318504741e-16
3983,3.40152154859,5.08966787529e-16
3993,3.40148165169,5.02706563432e-16
4002,3.40144194025,4.96536354817e-16
4011,3.40140242028,4.90454709524e-16
4020,3.40136307599,4.84460204274e-16
4030,3.4013239164,4.78551437937e-16
4039,3.4012849357,4.7272703594e-16
4048,3.40124614009,4.66985645523e-16
4057,3.40120752126,4.61325940464e-16
4067,3.40116908316,4.55746615533e-16
4076,3.40113082028,4.50246391089e-16
4086,3.40109273864,4.44824005491e-16
4095,3.40105482838,4.39478224902e-16
4104,3.40101709405,4.34207831814e-16
4114,3.40097953649,4.29011632645e-16
4123,3.40094215093,4.23888454219e-16
4133,3.40090493729,4.18837143172e-16
4142,3.40086790056,4.13856566253e-16
4152,3.40083103063,4.08945610795e-16
4162,3.40079433358,4.04103181869e-16
4171,3.40075780435,3.99328205086e-16
4181,3.40072144857,3.94619622133e-16
4190,3.40068525629,3.89976396322e-16
4200,3.40064923065,3.85397506078e-16
4210,3.40061337365,3.80881948275e-16
4219,3.40057767847,3.76428737389e-16
4229,3.40054215389,3.72036903096e-16
4239,3.40050679271,3.67705494073e-16
4249,3.40047159432,3.6343357416e-16
4259,3.40043655811,3.59220222301e-16
4268,3.40040168288,3.55064534591e-16
4278,3.40036696863,3.50965621079e-16
4288,3.40033241607,3.46922608082e-16
4298,3.40029802109,3.42934636365e-16
4308,3.40026379253,3.39000859712e-16
4318,3.40022971037,3.35120450407e-16
4328,3.40019579134,3.31292589318e-16
4338,3.40016202944,3.2751647467e-16
4348,3.40012842401,3.23791316891e-16
4358,3.40009497092,3.20116340582e-16
4368,3.40006167338,3.1649078236e-16
4378,3.40002853353,3.12913891741e-16
4388,3.39999553953,3.09384931946e-16
4398,3.39996270212,3.05903176802e-16
4408,3.39993001459,3.02467913331e-16
4418,3.3998974762,2.99078440591e-16
4429,3.39986509409,2.95734067666e-16
4439,3.39983285719,2.92434117797e-16
4449,3.39980076793,2.89177923177e-16
4459,3.39976883225,2.85964827804e-16
4470,3.39973703671,2.82794187018e-16
4480,3.39970539425,2.79665365893e-16
4490,3.39967389608,2.76577740773e-16
4501,3.39964253825,2.73530698136e-16
4511,3.39961132801,2.70523633992e-16
4521,3.3995802646,2.67555955362e-16
4532,3.39954933823,2.64627087745e-16
4542,3.39951855557,2.6173653448e-16
4553,3.39948792024,2.58884368956e-16
4563,3.39945742476,2.56074778264e-16
4574,3.39942706392,2.53339302732e-16
4584,3.3993968459,2.50875302601e-16
4595,3.39936676993,2.49795371064e-16
4605,3.39933683042,2.55811129371e-16
4616,3.39930702657,2.95674569743e-16
4627,3.39927736387,4.83771875834e-16
4637,3.39924783473,1.26672895126e-15
4648,3.39921843929,4.23732255083e-15
4659,3.39918918669,1.45842192827e-14
4669,3.39916006728,4.77475200522e-14
4680,3.39913107626,1.45691876707e-13
4691,3.39910222083,4.12559222794e-13
4702,3.39907349901,1.08420340586e-12
4713,3.39904490822,2.64765971994e-12
4724,3.39901644874,6.01872724509e-12
4734,3.39898812057,1.27622971114e-11
4745,3.39895992743,2.53008951337e-11
4756,3.39893185461,4.70155201812e-11
4767,3.39890391739,8.21265903009e-11
4778,3.39887610881,1.35280373067e-10
4789,3.39884842526,2.10864583154e-10
4800,3.39882086513,3.12203247548e-10
4811,3.39879343639,4.40870737731e-10
4822,3.39876613479,5.96358025559e-10
4834,3.39873895386,7.76208901619e-10
4845,3.39871190285,9.76571951282e-10
4856,3.39868497426,1.19297198382e-09
4867,3.39865816718,1.42105999812e-09
4878,3.39863148608,1.65716604212e-09
4890,3.39860492497,1.89861825207e-09
4901,3.39857848458,2.14396246048e-09
4912,3.39855216763,2.39341843315e-09
4923,3.39852596869,2.65019047571e-09
4935,3.39849989507,2.92366557262e-09
4946,3.39847394049,3.23602300879e-09
4958,3.39844809275,3.63401399795e-09
4969,3.39842237831,4.2069496336e-09
4980,3.3983967674,5.10938466248e-09
4992,3.39837127915,6.582232957e-09
5003,3.39834590731,8.96028643038e-09
5015,3.39832065703,1.2650717773e-08
5027,3.39829551338,1.80707825854e-08
5038,3.39827048775,2.55464428222e-08
5050,3.39824557496,3.51942560512e-08
5061,3.39822078421,4.68269845201e-08
5073,3.39819610155,5.99265376438e-08
5085,3.39817153812,7.37091068622e-08
5096,3.39814708906,8.72721113169e-08
5108,3.39812275381,9.97777551495e-08
5120,3.39809853302,1.10612358335e-07
5132,3.39807442502,1.19472587802e-07
5144,3.39805042581,1.26361974381e-07
5155,3.3980265356,1.31515878704e-07
5167,3.39800275326,1.35293774142e-07
5179,3.39797908658,1.38078151988e-07
5191,3.39795552155,1.40204819361e-07
5203,3.39793206556,1.41930682605e-07
5215,3.39790870859,1.43431388498e-07
5227,3.39788546428,1.44815824541e-07
5239,3.3978623222,1.46145906547e-07
5251,3.39783928686,1.47454562734e-07
5263,3.39781636417,1.48759286675e-07
5276,3.39779353792,1.50071541877e-07
5288,3.39777081436,1.51403570896e-07
5300,3.39774819644,1.52774288849e-07
5312,3.39772568028,1.54215393593e-07
5324,3.39770326407,1.55777932249e-07
5337,3.39768095156,1.57538485376e-07
5349,3.39765874513,1.59603107678e-07
5361,3.3976366329,1.6210659228e-07
5374,3.39761462128,1.6520495291e-07
5386,3.39759271229,1.69060493912e-07
5398,3.39757090135,1.73821179061e-07
5411,3.39754918661,1.7959842064e-07
5423,3.39752757682,1.86448775912e-07
5436,3.39750606128,1.94364546469e-07
5448,3.39748464346,2.03275888533e-07
5461,3.3974633274,2.13063652726e-07
5474,3.39744210305,2.23579095174e-07
5486,3.39742098367,2.34665010647e-07
5499,3.39739995464,2.46173129015e-07
5512,3.3973790253,2.57974282134e-07
5524,3.39735818584,2.69960044912e-07
5537,3.39733744912,2.82036359923e-07
5550,3.39731680421,2.94110859817e-07
5563,3.39729625583,3.0607633662e-07
5575,3.39727579898,3.17793639161e-07
5588,3.39725543998,3.29078332057e-07
5601,3.39723516913,3.39696431995e-07
5614,3.39721499346,3.49374415852e-07
5627,3.39719491088,3.57826490618e-07
5640,3.39717492017,3.64797397154e-07
5653,3.39715501817,3.70112899368e-07
5666,3.39713520776,3.73724941693e-07
5679,3.39711548645,3.75737092335e-07
5692,3.39709584635,3.7639995392e-07
5705,3.39707630276,3.76074957719e-07
5718,3.39705683808,3.75175134899e-07
5732,3.39703746294,3.74098783555e-07
5745,3.39701817747,3.73173491274e-07
5758,3.39699897486,3.72623244998e-07
5771,3.39697985599,3.7256296321e-07
5785,3.39696082317,3.73016406283e-07
5798,3.39694187603,3.73948169636e-07
5811,3.39692301602,3.7529947171e-07
5825,3.39690423088,3.77019786312e-07
5838,3.3968855341,3.79090016345e-07
5852,3.39686692309,3.81536057552e-07
5865,3.39684839457,3.84433262371e-07
5879,3.3968299467,3.87902745266e-07
5892,3.39681158017,3.92100364336e-07
5906,3.39679329537,3.9719940421e-07
5919,3.39677508733,4.0336880288e-07
5933,3.39675696613,4.10749967639e-07
5947,3.39673892403,4.19436190453e-07
5960,3.3967209628,4.29458692359e-07
5974,3.39670307577,4.40782184857e-07
5988,3.39668527433,4.53310678574e-07
6002,3.39666754686,4.66901883979e-07
6016,3.39664990435,4.81386646301e-07
6029,3.39663233764,4.9658915575e-07
6043,3.39661484921,5.12344123476e-07
6057,3.39659743864,5.28508538443e-07
6071,3.39658010771,5.44967273793e-07
6085,3.39656284873,5.61633221933e-07
6099,3.39654566829,5.78443392956e-07
6113,3.39652856237,5.95352526209e-07
6127,3.39651153553,6.12325336902e-07
6142,3.39649458164,6.29327949079e-07
6156,3.39647769928,6.46318530652e-07
6170,3.39646089004,6.63236967566e-07
6184,3.39644415694,6.79993628675e-07
6198,3.39642749534,6.9645792413e-07
6213,3.39641090526,7.12448272171e-07
6227,3.396394389,7.27725996864e-07
6241,3.39637793783,7.41996137118e-07
6256,3.39636156409,7.54917780485e-07
6270,3.39634525469,7.66125241214e-07
6285,3.39632901653,7.75259483493e-07
6299,3.39631284339,7.82008724322e-07
6314,3.39629673255,7.86162035691e-07
6328,3.39628068757,7.876947087e-07
6343,3.3962647052,7.86920908344e-07
6357,3.39624877753,7.84727774022e-07
6372,3.39623290952,7.82796137443e-07
6387,3.3962170899,7.835680546e-07
6401,3.39620133102,7.89756382831e-07
6416,3.39618562858,8.03543873771e-07
6431,3.3961699758,8.25992081577e-07
6446,3.39615438329,8.57078151534e-07
6461,3.39613884524,8.96242598739e-07
6476,3.39612335773,9.42993962457e-07
6490,3.39610791848,9.97318614417e-07
6505,3.39609253479,1.06001417588e-06
6520,3.3960771821,1.1331279662e-06
6535,3.39606187746,1.22043438028e-06
6551,3.39604661199,1.32764894777e-06
6566,3.39603136518,1.46211591562e-06
6581,3.39601615025,1.63207289074e-06
6596,3.39600097565,1.84609220448e-06
6611,3.39598582368,2.11343635201e-06
6626,3.39597070239,2.44534639336e-06
6642,3.39595561765,2.85602943257e-06
6657,3.39594057285,3.36176743944e-06
6672,3.39592559321,3.97806167238e-06
6688,3.39591068618,4.71661244617e-06
6703,3.39589588193,5.5839248382e-06
6719,3.39588120815,6.58165037381e-06
6734,3.3958666822,7.7077370648e-06
6750,3.39585233325,8.95780640159e-06
6765,3.39583818759,1.03263156107e-05
6781,3.3958242829,1.18059248529e-05
6796,3.39581065759,1.33821492441e-05
6812,3.39579736978,1.50211663331e-05
6828,3.39578448201,1.66536373465e-05
6844,3.39577203313,1.81656270194e-05
6859,3.39575999586,1.94118291358e-05
6875,3.3957482742,2.02563101536e-05
6891,3.39573670205,2.06234596838e-05
6907,3.3957251112,2.05271269254e-05
6923,3.39571334384,2.00583757183e-05
6939,3.39570134137,1.9343051625e-05
6955,3.39568908587,1.84992678648e-05
6971,3.39567659845,1.76165061762e-05
6987,3.39566392539,1.67565749099e-05
7003,3.39565109295,1.59637784028e-05
7019,3.39563814237,1.5272922205e-05
7035,3.39562511772,1.47110340621e-05
7051,3.39561206118,1.42942244059e-05
7068,3.39559902701,1.40234747353e-05
7084,3.39558605112,1.38833776445e-05
7100,3.39557317525,1.38460837226e-05
7117,3.39556040613,1.38792776628e-05
7133,3.39554774665,1.39542058981e-05
7150,3.39553519546,1.40500367302e-05
7166,3.39552274481,1.4153679737e-05
7183,3.39551038722,1.42568410035e-05
7199,3.39549811859,1.43526976267e-05
7216,3.39548593678,1.44336209936e-05
7232,3.39547383147,1.44902453205e-05
7249,3.39546180237,1.45116323015e-05
7266,3.39544984478,1.44863564932e-05
7282,3.3954379324,1.44046838412e-05
7299,3.39542604642,1.42620205136e-05
7316,3.39541415627,1.4062954722e-05
7333,3.39540224283,1.38239470438e-05
7350,3.39539028856,1.35725350381e-05
7367,3.39537827278,1.33426961842e-05
7384,3.3953662183,1.31685134265e-05
7401,3.39535413365,1.30791644398e-05
7418,3.39534204015,1.30967325332e-05
7435,3.39532997162,1.32360250513e-05
7452,3.39531795804,1.35045389278e-05
7469,3.39530603708,1.39014684097e-05
7487,3.39529423705,1.44162172275e-05
7504,3.39528258588,1.5027930787e-05
7521,3.3952711076,1.57073497854e-05
7538,3.39525981893,1.64209448267e-05
7556,3.39524871368,1.71357839025e-05
7573,3.39523779136,1.78230636043e-05
7591,3.39522702719,1.84590967706e-05
7608,3.39521642321,1.90240798894e-05
7626,3.39520596629,1.95000554472e-05
7643,3.39519563152,1.98695858737e-05
7661,3.39518539312,2.01160371353e-05
7679,3.39517524113,2.02255935276e-05
7696,3.39516513619,2.01904825174e-05
7714,3.39515503749,2.00123262869e-05
7732,3.39514492594,1.97041005348e-05
7750,3.39513476444,1.92893135803e-05
7768,3.39512453665,1.87981198376e-05
7785,3.39511422873,1.82617092516e-05
7803,3.39510386047,1.77072565557e-05
7821,3.39509343845,1.71551937793e-05
7839,3.39508296586,1.66190831742e-05
7857,3.39507246367,1.61071393743e-05
7876,3.3950619321,1.56241917999e-05
7894,3.39505138204,1.51733604924e-05
7912,3.39504082504,1.47572853425e-05
7930,3.39503026051,1.43789379517e-05
7948,3.39501969313,1.40418372932e-05
7967,3.39500912577,1.37492470894e-05
7985,3.39499857337,1.35022728094e-05
8004,3.39498804217,1.3297902203e-05
8022,3.39497753339,1.31290494212e-05
8041,3.39496705093,1.29879392641e-05
8059,3.3949565776,1.28713546025e-05
8078,3.39494610942,1.27838983802e-05
8096,3.39493564191,1.27364543864e-05
8115,3.39492517529,1.27412534254e-05
8134,3.39491470949,1.28080199629e-05
8152,3.39490425361,1.29441933448e-05
8171,3.39489381181,1.31577619721e-05
8190,3.39488339798,1.34585025029e-05
8209,3.39487302324,1.38552167689e-05
8228,3.39486270689,1.43510264996e-05
8247,3.39485246537,1.49413215477e-05
8266,3.39484231576,1.56166873745e-05
8285,3.39483225751,1.63680328328e-05
8304,3.3948223085,1.71885818061e-05
8323,3.39481247977,1.80706122706e-05
8342,3.39480277282,1.90003686797e-05
8361,3.39479321064,1.99567602617e-05
8381,3.3947837812,2.09155675164e-05
8400,3.3947744813,2.18561090302e-05
8419,3.39476528465,2.27655891417e-05
8439,3.39475617852,2.36393267004e-05
8458,3.39474714823,2.44780963084e-05
8478,3.39473818339,2.5285053739e-05
8497,3.39472927247,2.6063761924e-05
8517,3.39472040959,2.68176193947e-05
8537,3.39471159445,2.75504207599e-05
8556,3.3947027988,2.82678456188e-05
8576,3.39469402867,2.89797541897e-05
8596,3.3946852721,2.97029581551e-05
8616,3.39467651362,3.0462813893e-05
8635,3.39466776941,3.12921189781e-05
8655,3.39465906539,3.22248377178e-05
8675,3.39465044079,3.328513757e-05
8695,3.39464195582,3.44750631847e-05
8715,3.39463367682,3.57666320826e-05
8735,3.39462564817,3.71034289162e-05
8756,3.39461787932,3.84125206163e-05
8776,3.39461035442,3.9622299493e-05
8796,3.39460303619,4.06790108308e-05
8816,3.39459586015,4.15558895303e-05
8837,3.39458877951,4.22528176592e-05
8857,3.3945817495,4.27885145075e-05
8877,3.39457474357,4.31893980541e-05
8898,3.39456775941,4.34790752097e-05
8918,3.39456081677,4.36709284032e-05
8939,3.39455391644,4.37647211935e-05
8960,3.39454706194,4.37472738961e-05
8980,3.39454025101,4.3596912084e-05
9001,3.39453347775,4.32909350968e-05
9022,3.39452669156,4.28143265223e-05
9042,3.39451986399,4.21668628065e-05
9063,3.39451295391,4.13654682009e-05
9084,3.39450593404,4.04403338606e-05
9105,3.39449879668,3.94261716573e-05
9126,3.39449153965,3.8352530402e-05
9147,3.39448417492,3.72376155718e-05
9168,3.39447671178,3.60881011418e-05
9189,3.39446915132,3.49042732303e-05
9211,3.39446148928,3.36873129376e-05
9232,3.39445371111,3.24450004741e-05
9253,3.39444580156,3.11935341857e-05
9274,3.39443776412,2.99554097128e-05
9296,3.3944295868,2.87550728263e-05
9317,3.39442128205,2.76145550889e-05
9339,3.39441286851,2.65506657176e-05
9360,3.39440435865,2.55742031494e-05
9382,3.39439576494,2.46907425496e-05
9403,3.3943871003,2.39021692941e-05
9425,3.39437837829,2.32081942619e-05
9447,3.39436959817,2.26074069418e-05
9469,3.39436076314,2.2097866664e-05
9490,3.39435187544,2.16778005295e-05
9512,3.39434292051,2.13475320151e-05
9534,3.39433388856,2.11136340611e-05
9556,3.39432477184,2.0994502586e-05
9578,3.39431555573,2.10234651273e-05
9600,3.39430624391,2.12444037386e-05
9622,3.39429687176,2.16991082549e-05
9645,3.39428748652,2.24128986086e-05
9667,3.39427814121,2.33878161625e-05
9689,3.39426888787,2.460664685e-05
9712,3.39425974197,2.60428459926e-05
9734,3.39425073308,2.76693658769e-05
9756,3.39424185458,2.94637908207e-05
9779,3.39423311587,3.14113448237e-05
9801,3.39422450162,3.35071554683e-05
9824,3.39421602873,3.575625143e-05
9847,3.39420770954,3.81678201996e-05
9869,3.39419958134,4.07419265493e-05
9892,3.39419168133,4.34533606573e-05
9915,3.39418403826,4.62457355919e-05
9938,3.39417664327,4.9049794618e-05
9961,3.39416942452,5.18236024093e-05
9984,3.3941623203,5.45868594841e-05
10007,3.39415528701,5.74151555765e-05
10030,3.39414836823,6.03897780744e-05
10053,3.39414167564,6.35394788185e-05
10076,3.39413529484,6.68182413251e-05
10099,3.3941292951,7.01296256627e-05
10123,3.3941236569,7.33714171798e-05
10146,3.39411834524,7.64681306919e-05
10169,3.39411330114,7.93786110973e-05
10193,3.39410847648,8.20857714331e-05
10216,3.39410384618,8.45814457745e-05
10240,3.39409936117,8.68553419207e-05
10263,3.39409502144,8.88915528056e-05
10287,3.39409076249,9.0672574142e-05
10311,3.39408656144,9.21883357924e-05
10335,3.39408235559,9.34448236654e-05
10358,3.39407810738,9.44640341931e-05
10382,3.39407379441,9.52692104875e-05
10406,3.39406941045,9.5862098767e-05
10430,3.39406492246,9.62164666346e-05
10454,3.39406024144,9.63106510661e-05
10478,3.39405525285,9.61850981031e-05
10502,3.39404983068,9.5969512415e-05
10527,3.39404397627,9.58395826791e-05
10551,3.39403775264,9.59390074846e-05
10575,3.39403126556,9.63485093144e-05
10600,3.3940245587,9.71261649125e-05
10624,3.39401775458,9.83468395386e-05
10649,3.39401098809,0.000100065400969
10673,3.39400446025,0.000102232902888
10698,3.39399830981,0.00010467279548
10722,3.39399250826,0.000107171624179
10747,3.39398689266,0.000109617507862
10772,3.39398126504,0.000112069518778
10797,3.39397559386,0.000114707244996
10822,3.3939699431,0.00011771057828
10847,3.39396452626,0.000121158832089
10872,3.39395954821,0.000125001449849
10897,3.39395515364,0.000129092699055
10922,3.39395140109,0.000133250832699
10947,3.39394827115,0.00013730713123
10972,3.39394569935,0.000141131652965
10997,3.39394357949,0.000144639344816
11023,3.393941836,0.000147785392904
11048,3.39394036868,0.000150556372632
11074,3.39393911603,0.000152960015568
11099,3.39393802647,0.00015501448103
11125,3.39393707974,0.000156737855145
11150,3.39393625778,0.000158139122307
11176,3.39393555738,0.000159212239935
11202,3.39393496362,0.0001599351011
11228,3.39393444407,0.000160275047648
11254,3.39393395333,0.000160201737566
11280,3.39393341157,0.00015970564759
11306,3.39393273486,0.000158815996394
11332,3.39393185752,0.000157607275148
11358,3.39393076388,0.000156183231824
11384,3.39392952023,0.000154635403252
11410,3.3939282388,0.000152989342202
11436,3.39392705579,0.000151166593125
11463,3.39392601838,0.000148991252845
11489,3.39392504759,0.000146250285754
11516,3.39392392892,0.000142785668443
11542,3.39392236639,0.000138574408244
11569,3.39392007061,0.000133756101457
11596,3.39391684617,0.000128595478792
11622,3.39391267573,0.000123400601135
11649,3.39390765417,0.000118435212081
11676,3.39390196367,0.000113858754628
11703,3.39389580913,0.000109708481136
11730,3.39388933093,0.000105919980835
11757,3.39388257505,0.000102374772936
11784,3.39387546283,9.89650436143e-05
11811,3.39386782058,9.56676044743e-05
11838,3.39385941886,9.26133234012e-05
11866,3.39385007073,9.01250207251e-05
11893,3.39383978997,8.86879676078e-05
11920,3.39382885175,8.88308060045e-05
11948,3.39381786562,9.09379707109e-05
11975,3.39380762533,9.5067970902e-05
12003,3.39379890941,0.000100873361499
12031,3.39379225087,0.000107676812707
12059,3.39378779851,0.000114669283279
12086,3.3937853853,0.000121122943019
12114,3.39378461483,0.000126512166825
12142,3.39378504628,0.000130511206457
12170,3.39378624329,0.000132924777511
12198,3.39378775905,0.000133637857382
12226,3.39378910519,0.000132627869514
12254,3.39378979009,0.000130013190072
12283,3.39378936698,0.00012607763689
12311,3.393787504,0.000121232401235
12339,3.39378405529,0.00011592645244
12368,3.39377898866,0.000110551660237
12396,3.39377223546,0.00010540891041
12425,3.39376351498,0.000100910889366
12454,3.39375251377,9.82458104264e-05
12482,3.3937404085,9.93543338586e-05
12511,3.39373035146,0.000104356193774
12540,3.39372409211,0.000110394330108
12569,3.39372030017,0.000115070602702
12598,3.39371720271,0.00011822017127
12627,3.39371410234,0.000120457665669
12656,3.39371088201,0.000122191321759
12685,3.39370752985,0.000123616804072
12714,3.39370404479,0.000124852943754
12744,3.39370041823,0.000125994288199
12773,3.3936966615,0.0001271173344
12802,3.39369282597,0.000128275664422
12832,3.3936889299,0.00012950123402
12862,3.39368500448,0.000130811781089
12891,3.39368107497,0.000132216930566
12921,3.39367716004,0.000133721351008
12951,3.39367326046,0.000135327280678
12981,3.39366939161,0.000137037896453
13011,3.39366554468,0.000138861550894
13041,3.39366172719,0.000140815308436
13071,3.39365792352,0.000142925856837
13101,3.39365415281,0.000145228051864
13131,3.39365042846,0.000147762795721
13161,3.393646776,0.000150575067237
13192,3.39364323699,0.000153712499177
13222,3.39363986695,0.000157225808912
13252,3.39363673463,0.000161172332295
13283,3.39363391559,0.000165620131936
13314,3.39363155849,0.000170647493535
13344,3.39362984654,0.000176338309435
13375,3.39362905817,0.000182778608901
13406,3.39362964637,0.000190040465486
13437,3.39363245161,0.000198020775786
13468,3.39363867701,0.000205789455718
13499,3.3936487211,0.000210865916609
13530,3.39366024577,0.000210797381208
13561,3.39366967364,0.000206325321515
13592,3.3936760236,0.000200363958777
13624,3.3936806043,0.000194439310006
13655,3.3936843935,0.000188469626908
13687,3.39368762474,0.000182161862265
13718,3.39369028715,0.000175415376268
13750,3.39369239696,0.000168216230411
13781,3.39369394685,0.000160558920311
13813,3.39369498208,0.000152401416195
13845,3.39369548633,0.000143628843738
13877,3.39369536443,0.000134052633137
13909,3.39369432999,0.000123462302687
13941,3.39369183384,0.000111747110834
13973,3.39368706583,9.91660135947e-05
14005,3.39367928076,8.6732577813e-05
14038,3.39366868271,7.60406534725e-05
14070,3.39365668605,6.79926693157e-05
14102,3.39364454367,6.21523730924e-05
14135,3.39363249948,5.78874611663e-05
14168,3.39362062583,5.50417891273e-05
14200,3.39360914469,5.3492172709e-05
14233,3.39359822342,5.30017361897e-05
14266,3.39358789737,5.33828842181e-05
14299,3.39357822512,5.45362867279e-05
14332,3.3935693345,5.6383697814e-05
14365,3.39356143146,5.87606563696e-05
14398,3.39355472092,6.1303622247e-05
14431,3.39354917528,6.34445478631e-05
14464,3.39354435039,6.4655279586e-05
14498,3.39353950999,6.48316485885e-05
14531,3.39353410111,6.43964539771e-05
14565,3.39352803341,6.39397392548e-05
14598,3.39352160893,6.3797558353e-05
14632,3.39351511578,6.39831496175e-05
14665,3.39350867802,6.43769413914e-05
14699,3.39350231991,6.48809430212e-05
14733,3.39349600894,6.54491750851e-05
14767,3.39348971467,6.60650419998e-05
14801,3.39348342182,6.67222523826e-05
14835,3.39347711593,6.74177304086e-05
14870,3.39347078075,6.81499964208e-05
14904,3.3934644078,6.89187602474e-05
14938,3.39345798581,6.97245201437e-05
14973,3.39345151272,7.0568147816e-05
15007,3.39344496555,7.14505245557e-05
15042,3.39343832441,7.23717553815e-05
15076,3.39343161585,7.33284796086e-05
15111,3.39342481456,7.4307287473e-05
15146,3.39341791777,7.5276278237e-05
15181,3.39341087647,7.61876952422e-05
15216,3.39340359269,7.7007238737e-05
15251,3.39339598355,7.77566255329e-05
15286,3.3933879368,7.85202445562e-05
15321,3.39337942425,7.93930615474e-05
15357,3.39337049443,8.04199701624e-05
15392,3.39336111646,8.15871441241e-05
15428,3.39335126103,8.28584755652e-05
15463,3.39334081705,8.42095534799e-05
15499,3.39332964066,8.56369461825e-05
15535,3.39331757094,8.71529699605e-05
15570,3.3933043994,8.8779617677e-05
15606,3.39328981834,9.05461491599e-05
15642,3.39327343477,9.24922476948e-05
15678,3.39325460144,9.46935722299e-05
15714,3.3932322422,9.73882148855e-05
15751,3.39320459511,0.000101428798128
15787,3.39316923234,0.000109375682322
15823,3.39312464096,0.000126962813458
15860,3.39307386579,0.000162938075789
15896,3.39302800366,0.00022439701879
15933,3.39300380535,0.000308752375404
15970,3.39301334475,0.000400406294477
16007,3.39305404543,0.000478819779924
16043,3.39311027697,0.00053209415332
16080,3.39316522087,0.000562860224582
16117,3.39321127231,0.000582319007795
16155,3.39325090993,0.000600389059375
16192,3.39329112107,0.000620350856946
16229,3.39333752095,0.000639346617533
16267,3.39339146945,0.000651754533485
16304,3.39345009266,0.000652635526207
16342,3.39350806339,0.000639938616438
16379,3.39355999795,0.000615071246813
16417,3.39360252608,0.000581910339851
16455,3.39363510134,0.000544834077288
16493,3.39365921434,0.000506869667765
16531,3.39367674007,0.000469081278893
16569,3.39368847246,0.000431464072882
16607,3.39369422867,0.000394354078103
16646,3.39369386687,0.000359002326805
16684,3.39368812186,0.000326988756126
16722,3.39367854303,0.000299328457312
16761,3.39366682338,0.00027613309786
16800,3.39365420277,0.000256879311324
16838,3.39364141736,0.000240839501582
16877,3.39362879808,0.000227356953428
16916,3.39361644079,0.00021593635951
16955,3.39360435686,0.000206238711808
16994,3.39359250549,0.000198047037296
17033,3.39358090234,0.000191228069524
17073,3.39356952189,0.000185698228212
17112,3.39355841707,0.000181399215032
17151,3.39354759443,0.00017828602688
17191,3.39353714137,0.000176326287202
17231,3.39352708812,0.000175507207749
17270,3.39351751162,0.000175844942431
17310,3.39350852977,0.000177387907992
17350,3.39350034334,0.00018019911503
17390,3.39349328714,0.000184297990035
17430,3.39348782656,0.000189553178343
17470,3.39348446585,0.000195556280689
17511,3.39348356078,0.000201559233743
17551,3.39348507677,0.000206574824393
17591,3.39348841019,0.000209668532225
17632,3.39349248319,0.000210327934932
17673,3.3934961631,0.000208693396695
17713,3.39349858331,0.000205484431722
17754,3.39349949025,0.000201649093851
17795,3.39349920045,0.000197949962763
17836,3.39349822844,0.000194727816886
17877,3.39349701344,0.000191939655203
17918,3.39349578032,0.000189377803955
17960,3.39349448447,0.000186885728958
18001,3.39349308609,0.000184440007208
18043,3.39349156308,0.000182096833035
18084,3.39348999266,0.000179894282872
18126,3.39348845074,0.000177800617762
18168,3.39348696062,0.000175733203567
18210,3.3934855196,0.000173612661692
18252,3.39348402389,0.000171404836604
18294,3.3934824284,0.000169128786568
18336,3.393480669,0.000166838241344
18378,3.39347874808,0.000164595445078
18420,3.39347669348,0.000162451585364
18463,3.39347452913,0.000160438293016
18505,3.39347230638,0.000158568071269
18548,3.39347006302,0.000156839437584
18591,3.39346779842,0.000155243174288
18634,3.39346555964,0.000153767502909
18677,3.39346334709,0.000152401285958
18720,3.39346117746,0.000151135201544
18763,3.39345904172,0.000149961333648
18806,3.39345695972,0.000148871736178
18849,3.39345495491,0.000147856466825
18893,3.39345302397,0.000146901476866
18936,3.39345117998,0.000145986915467
18980,3.39344942908,0.000145087112487
19024,3.39344772117,0.000144174402529
19068,3.3934460822,0.000143228513273
19112,3.39344446771,0.000142249486345
19156,3.39344280558,0.000141265903959
19200,3.39344111322,0.000140328107876
19244,3.39343940814,0.000139484425353
19289,3.39343774831,0.000138752987074
19333,3.39343623108,0.000138108185833
19378,3.39343486267,0.000137490716806
19422,3.39343364658,0.000136832787827
19467,3.39343254145,0.000136081917677
19512,3.39343149999,0.000135212481683
19557,3.39343048439,0.000134224952411
19602,3.39342943272,0.000133138740622
19647,3.39342831712,0.000131984026754
19692,3.3934271551,0.000130794967391
19738,3.39342591929,0.000129604526061
19783,3.39342462417,0.000128440559873
19829,3.39342330953,0.000127322969239
19875,3.39342200331,0.000126261932604
19920,3.3934206906,0.000125257326152
19966,3.39341944028,0.000124299364795
20012,3.39341825856,0.000123370394885
20059,3.39341714745,0.000122447585511
20105,3.39341612022,0.000121506150579
20151,3.39341517588,0.000120522618809
20198,3.39341428468,0.00011947762873
20244,3.39341346255,0.0001183577803
20291,3.3934126493,0.000117156244463
20338,3.3934118413,0.000115872044952
20385,3.39341103084,0.000114508233989
20432,3.39341022474,0.000113069408053
20479,3.39340938603,0.000111559189753
20526,3.39340853489,0.00010997831928
20573,3.3934076684,0.000108323901355
20621,3.39340675876,0.000106590080777
20668,3.39340581159,0.000104770085678
20716,3.39340480566,0.000102859233282
20763,3.39340371559,0.000100858200582
20811,3.39340250548,9.87757511202e-05
20859,3.39340117648,9.66301795686e-05
20907,3.39339968374,9.44490140525e-05
20956,3.3933980235,9.22669006754e-05
21004,3.39339619298,9.01220352639e-05
21052,3.39339421278,8.80518246696e-05
21101,3.39339208335,8.60886255259e-05
21150,3.39338987674,8.42563426651e-05
21198,3.39338756673,8.25684512937e-05
21247,3.39338524809,8.10276418272e-05
21296,3.39338290476,7.96269727549e-05
21345,3.39338061725,7.83521099756e-05
21394,3.39337834518,7.71841292843e-05
21444,3.39337611893,7.61023179462e-05
21493,3.39337394996,7.50865556523e-05
21543,3.3933718538,7.41190019585e-05
21592,3.39336982009,7.31850137966e-05
21642,3.39336781867,7.22733639469e-05
21692,3.3933658572,7.1375932523e-05
21742,3.39336394641,7.04870876459e-05
21792,3.3933620644,6.96029576248e-05
21842,3.39336020919,6.87207553595e-05
21893,3.39335835669,6.78382638825e-05
21943,3.39335654948,6.69535249556e-05
21994,3.39335474871,6.60647346309e-05
22045,3.39335297225,6.51702955821e-05
22095,3.39335119409,6.42689762004e-05
22146,3.39334940916,6.33601021922e-05
22197,3.39334763221,6.24437258543e-05
22249,3.39334586795,6.15207290178e-05
22300,3.39334407154,6.05928371079e-05
22351,3.39334227826,5.96625402662e-05
22403,3.39334047551,5.87329456134e-05
22454,3.39333865047,5.78075795411e-05
22506,3.39333680837,5.68901732799e-05
22558,3.39333495515,5.59844573715e-05
22610,3.39333308182,5.50939821253e-05
22662,3.39333117544,5.42219724588e-05
22714,3.39332925448,5.3371219225e-05
22767,3.39332733917,5.25440056244e-05
22819,3.39332541842,5.17420647655e-05
22872,3.3933234762,5.09665644921e-05
22925,3.39332154831,5.02181194358e-05
22977,3.3933195808,4.94968336595e-05
23030,3.39331765507,4.88023655233e-05
23083,3.39331571362,4.81340262171e-05
23137,3.39331376008,4.74908942043e-05
23190,3.39331179935,4.68719499638e-05
23243,3.39330987225,4.62762154159e-05
23297,3.39330796442,4.57028856407e-05
23351,3.39330602344,4.51514289231e-05
23405,3.39330411001,4.46216331131e-05
23459,3.39330220597,4.41135882847e-05
23513,3.39330030702,4.36275946557e-05
23567,3.39329840322,4.31640191828e-05
23621,3.39329650154,4.27231330548e-05
23676,3.39329461762,4.23049714409e-05
23730,3.39329273639,4.19092481807e-05
23785,3.39329086612,4.15353371486e-05
23840,3.39328904224,4.11823150033e-05
23895,3.39328720887,4.08490449064e-05
23950,3.39328536743,4.05342716283e-05
24005,3.39328353397,4.02367138674e-05
24060,3.39328175366,3.99551393099e-05
24116,3.39327996599,3.96884213077e-05
24171,3.39327819806,3.94355723822e-05
24227,3.39327645249,3.91957644206e-05
24283,3.39327470334,3.89683330353e-05
24339,3.39327298591,3.8752768546e-05
24395,3.3932712519,3.85486999072e-05
24451,3.39326955807,3.83558681924e-05
24508,3.39326784711,3.81741018422e-05
24564,3.39326616887,3.8003288628e-05
24621,3.39326449047,3.78433604566e-05
24678,3.39326281505,3.76942920489e-05
24734,3.39326116506,3.75561285755e-05
24791,3.39325950817,3.74290449113e-05
24849,3.39325786415,3.73134190985e-05
24906,3.39325620574,3.72098846291e-05
24963,3.39325457572,3.7119306198e-05
25021,3.39325293487,3.70426608273e-05
25079,3.39325132389,3.6980859701e-05
25136,3.39324968021,3.69346206635e-05
25194,3.39324806956,3.69044873714e-05
25252,3.39324645569,3.68910433845e-05
25311,3.39324483882,3.68952809453e-05
25369,3.39324319768,3.69190990381e-05
25427,3.39324159469,3.69659618232e-05
25486,3.39323995444,3.7041794512e-05
25545,3.39323826904,3.71560726368e-05
25604,3.39323659276,3.73227908925e-05
25663,3.39323491766,3.75606263473e-05
25722,3.39323324866,3.78913855129e-05
25781,3.39323158975,3.83360188717e-05
25841,3.39323000023,3.89082537371e-05
25900,3.39322850834,3.96071416614e-05
25960,3.39322717195,4.04110073801e-05
26020,3.39322600204,4.12756890451e-05
26080,3.39322509248,4.21389947816e-05
26140,3.39322441669,4.29311257943e-05
26200,3.39322389709,4.3588311214e-05
26260,3.39322348954,4.4065386623e-05
26321,3.39322318136,4.4343345342e-05
26382,3.39322283296,4.44298875043e-05
26442,3.3932224471,4.43536463521e-05
26503,3.39322200871,4.4154831563e-05
26565,3.39322145452,4.38756320588e-05
26626,3.39322079235,4.35529651803e-05
26687,3.39322007857,4.32146867795e-05
26749,3.39321925611,4.28789820687e-05
26810,3.39321844413,4.25558471112e-05
26872,3.39321750585,4.22494531982e-05
26934,3.39321662799,4.19604494423e-05
26996,3.39321566384,4.16877509328e-05
27058,3.39321473937,4.14296701812e-05
27121,3.39321378957,4.11845242518e-05
27183,3.39321283376,4.09508714475e-05
27246,3.39321182586,4.07275539699e-05
27309,3.39321087384,4.05136505442e-05
27372,3.39320990052,4.03084147934e-05
27435,3.39320890532,4.01112143652e-05
27498,3.39320793445,3.99214898722e-05
27561,3.39320695602,3.973873014e-05
27625,3.39320596175,3.95624560525e-05
27689,3.3932049725,3.93922130645e-05
27753,3.39320400868,3.92275689311e-05
27817,3.39320304211,3.90681147353e-05
27881,3.39320209392,3.89134662451e-05
27945,3.39320112367,3.87632689129e-05
28009,3.39320015405,3.86172006718e-05
28074,3.39319919674,3.84749767862e-05
28139,3.39319822513,3.83363531813e-05
28203,3.39319727337,3.82011267573e-05
28269,3.39319633219,3.80691360595e-05
28334,3.39319539354,3.79402582985e-05
28399,3.39319445005,3.78144052656e-05
28464,3.39319350889,3.76915180699e-05
28530,3.39319257945,3.75715618667e-05
28596,3.39319163463,3.74545212482e-05
28662,3.39319071059,3.73403950118e-05
28728,3.3931898094,3.72291943849e-05
28794,3.3931888651,3.71209420505e-05
28860,3.39318795408,3.70156702071e-05
28927,3.39318705488,3.69134254763e-05
28994,3.39318614729,3.68142721956e-05
29061,3.39318520683,3.67182990128e-05
29127,3.39318432761,3.6625625803e-05
29195,3.39318344244,3.65364152454e-05
29262,3.39318254114,3.64508764017e-05
29329,3.39318162866,3.63692637613e-05
29397,3.39318073735,3.62918618989e-05
29465,3.39317983613,3.62189503676e-05
29533,3.39317901128,3.61507394128e-05
29601,3.39317807974,3.60872851279e-05
29669,3.39317724515,3.60283754502e-05
29737,3.39317637576,3.5973433008e-05
29806,3.39317555768,3.59214380074e-05
29875,3.39317467647,3.58709321981e-05
29944,3.39317387639,3.58201161742e-05
30013,3.39317306501,3.57670718814e-05
30082,3.39317225852,3.5710072175e-05
30151,3.39317141881,3.56479371121e-05
30221,3.39317064648,3.55803471184e-05
30290,3.39316983722,3.55080375459e-05
30360,3.39316903423,3.54328007231e-05
30430,3.39316819528,3.53572950988e-05
30500,3.39316739078,3.52846920121e-05
30571,3.39316656667,3.5218253935e-05
30641,3.3931657268,3.51609371235e-05
30712,3.39316486504,3.51151139126e-05
30782,3.39316409521,3.50824617374e-05
30853,3.39316321815,3.50640336575e-05
30925,3.3931624413,3.50604595116e-05
30996,3.39316157701,3.507224213e-05
31067,3.39316082475,3.51000295856e-05
31139,3.39316001098,3.51447860539e-05
31211,3.39315918686,3.52077033185e-05
31283,3.39315842661,3.52897551003e-05
31355,3.39315770598,3.53908337822e-05
31427,3.39315695929,3.55085711308e-05
31500,3.39315631988,3.56371627274e-05
31572,3.39315571039,3.57667138604e-05
31645,3.39315516266,3.58836251924e-05
31718,3.3931546206,3.59723170601e-05
31791,3.39315414911,3.60180759458e-05
31864,3.393153716,3.60102819507e-05
31938,3.39315320983,3.59449546739e-05
32011,3.39315272016,3.58257037941e-05
32085,3.39315227764,3.5662748283e-05
32159,3.3931517541,3.54703816556e-05
32233,3.39315119246,3.52637973692e-05
32308,3.39315058687,3.50563010984e-05
32382,3.39314989372,3.48575987409e-05
32457,3.39314927129,3.46733396283e-05
32531,3.39314859916,3.4505656287e-05
32606,3.39314796125,3.43542018614e-05
32682,3.39314721401,3.42172516286e-05
32757,3.39314662206,3.40925651615e-05
32832,3.39314592778,3.39779417979e-05
32908,3.39314520368,3.38714732027e-05
32984,3.39314456223,3.37716154625e-05
33060,3.39314389019,3.36771607706e-05
33136,3.39314322045,3.35871676898e-05
33213,3.39314260741,3.35008966522e-05
33289,3.39314197407,3.34177595655e-05
33366,3.39314131173,3.33372812128e-05
33443,3.39314065193,3.32590746807e-05
33520,3.39314005042,3.31828240968e-05
33597,3.39313942959,3.31082728182e-05
33675,3.39313881499,3.30352098763e-05
33752,3.39313819582,3.29634614408e-05
33830,3.39313748696,3.28928825563e-05
33908,3.393136875,3.28233466516e-05
33986,3.39313635659,3.27547445637e-05
34065,3.39313566485,3.26869814419e-05
34143,3.39313507909,3.26199666227e-05
34222,3.39313446496,3.25536217013e-05
34301,3.39313388737,3.2487874149e-05
34380,3.39313323146,3.24226608101e-05
34459,3.39313272116,3.23579228197e-05
34539,3.39313214345,3.22936127227e-05
34618,3.39313157179,3.22296870062e-05
34698,3.3931309239,3.21661095229e-05
34778,3.3931303341,3.21028469982e-05
34858,3.39312981587,3.20398712361e-05
34939,3.39312924556,3.19771583186e-05
35019,3.39312868673,3.19146847359e-05
35100,3.39312806273,3.1852429842e-05
35181,3.39312756179,3.17903715874e-05
35262,3.39312693184,3.17284928337e-05
35343,3.39312642214,3.16667723444e-05
35425,3.39312575595,3.16051943123e-05
35506,3.39312525524,3.15437378336e-05
35588,3.39312473364,3.14823872587e-05
35670,3.39312409233,3.14211266938e-05
35752,3.39312364954,3.13599370644e-05
35835,3.39312312927,3.12988056303e-05
35917,3.39312260776,3.12377174386e-05
36000,3.39312196527,3.1176660739e-05
36083,3.39312149216,3.11156219788e-05
36166,3.39312094895,3.10545954145e-05
36250,3.39312049296,3.09935762393e-05
36333,3.39311992338,3.09325701728e-05
36417,3.39311935913,3.08715913826e-05
36501,3.39311881489,3.08106722839e-05
36585,3.39311835052,3.0749869975e-05
36669,3.39311781353,3.06892777682e-05
36754,3.39311721553,3.06290310621e-05
36839,3.39311675963,3.0569314215e-05
36924,3.39311620811,3.05103680793e-05
37009,3.39311569832,3.04524758775e-05
37094,3.39311516274,3.03959504937e-05
37180,3.39311473836,3.03411010334e-05
37265,3.39311414162,3.02881990636e-05
37351,3.39311363729,3.02374264023e-05
37437,3.39311314204,3.01888432586e-05
37524,3.39311265026,3.01423567776e-05
37610,3.39311215755,3.00977132717e-05
37697,3.39311163401,3.00545124227e-05
37784,3.39311119978,3.00122404395e-05
37871,3.39311069681,2.99703230211e-05
37958,3.39311015313,2.99281756725e-05
38046,3.39310976826,2.98852539351e-05
38133,3.39310920595,2.98410978553e-05
38221,3.39310874952,2.97953443973e-05
38309,3.39310836605,2.97477429368e-05
38398,3.39310787077,2.96981492799e-05
38486,3.39310742333,2.96465103281e-05
38575,3.39310690381,2.95928574354e-05
38664,3.39310641379,2.95372928717e-05
38753,3.39310605979,2.94799876522e-05
38842,3.39310565667,2.94211852155e-05
38932,3.39310510215,2.93612028395e-05
39022,3.39310473243,2.93004340681e-05
39112,3.39310432003,2.92393602855e-05
39202,3.39310377266,2.91785413798e-05
39292,3.39310337165,2.91186008767e-05
39383,3.39310285722,2.90602086312e-05
39473,3.39310247935,2.900403257e-05
39564,3.39310200086,2.89506939294e-05
39656,3.39310149801,2.89006953728e-05
39747,3.39310106618,2.88543521507e-05
39839,3.39310057485,2.88117251383e-05
39931,3.39310024241,2.87725607416e-05
40023,3.3930996552,2.87362708076e-05
40115,3.39309926181,2.8701930267e-05
40207,3.39309885615,2.86683468219e-05
40300,3.39309831664,2.86341585233e-05
40393,3.39309808807,2.8597971763e-05
40486,3.39309766973,2.85585361281e-05
40579,3.39309723136,2.85148879809e-05
40673,3.39309671768,2.84664835175e-05
40767,3.39309641778,2.8413265132e-05
40861,3.39309595423,2.83556737957e-05
40955,3.39309553516,2.82945754407e-05
41049,3.39309514693,2.82311508975e-05
41144,3.39309473055,2.81667468163e-05
41239,3.39309428388,2.81027232277e-05
41334,3.39309396039,2.80403213468e-05
41429,3.3930935807,2.79805730065e-05
41525,3.39309307587,2.79242456841e-05
41620,3.39309259756,2.78718306896e-05
41716,3.39309208775,2.78235666592e-05
41812,3.39309179712,2.77794739256e-05
41909,3.39309135906,2.77394081383e-05
42005,3.39309095358,2.77030960311e-05
42102,3.39309050337,2.76701822485e-05
42199,3.3930900928,2.76402598449e-05
42297,3.39308966263,2.76129008971e-05
42394,3.39308922812,2.7587677996e-05
42492,3.39308882548,2.75641836983e-05
42590,3.39308853689,2.75420451025e-05
42688,3.39308815045,2.75209368473e-05
42786,3.39308766903,2.75005824613e-05
42885,3.39308734486,2.74807550125e-05
42984,3.3930869285,2.74612802651e-05
43083,3.39308644237,2.74420247354e-05
43182,3.39308613831,2.74228888824e-05
43282,3.39308573658,2.7403805771e-05
43382,3.39308540852,2.7384726184e-05
43482,3.39308498313,2.7365619161e-05
43582,3.39308463989,2.73464617998e-05
43682,3.39308430372,2.7327240754e-05
43783,3.39308378548,2.73079487431e-05
43884,3.39308355219,2.72885767947e-05
43985,3.39308317665,2.72691257238e-05
44086,3.39308291811,2.72495927819e-05
44188,3.39308233397,2.72299824151e-05
44290,3.39308215226,2.72102909601e-05
44392,3.39308184018,2.7190525972e-05
44494,3.39308136917,2.71706919106e-05
44597,3.39308095766,2.71507921004e-05
44700,3.39308057434,2.71308326206e-05
44803,3.39308027982,2.71108195002e-05
44906,3.39307995011,2.70907608787e-05
45010,3.39307962648,2.70706641784e-05
45113,3.39307941173,2.70505369207e-05
45217,3.39307895705,2.70303908168e-05
45322,3.39307863323,2.70102324459e-05
45426,3.39307823623,2.69900736062e-05
45531,3.39307790726,2.69699240373e-05
45636,3.39307755304,2.69497961167e-05
45741,3.39307734095,2.6929701045e-05
45846,3.39307708055,2.69096539407e-05
45952,3.393076659,2.68896706467e-05
46058,3.39307624572,2.68697665041e-05
46164,3.39307604251,2.68499588993e-05
46271,3.39307557066,2.68302736867e-05
46377,3.39307523873,2.68107338504e-05
46484,3.39307499606,2.67913715661e-05
46591,3.39307466727,2.67722273307e-05
46699,3.39307437083,2.67533488221e-05
46806,3.39307402112,2.67347973369e-05
46914,3.39307368128,2.67166477432e-05
47023,3.39307342073,2.66989923885e-05
47131,3.39307298939,2.66819462195e-05
47240,3.3930728281,2.66656408223e-05
47348,3.39307234346,2.66502390176e-05
47458,3.39307213638,2.66359170122e-05
47567,3.39307175931,2.66228799788e-05
47677,3.39307135896,2.66113451578e-05
47787,3.39307121103,2.6601539492e-05
47897,3.39307072362,2.65936995254e-05
48007,3.39307051025,2.65880457195e-05
48118,3.39307006295,2.6584790339e-05
48229,3.39306984186,2.65841105616e-05
48340,3.39306946352,2.65861528713e-05
48451,3.39306917034,2.65910133133e-05
48563,3.39306875078,2.65987400536e-05
48675,3.39306861928,2.6609321894e-05
48787,3.3930682692,2.66227005402e-05
48900,3.39306801791,2.66387601883e-05
49012,3.39306774557,2.6657343483e-05
49125,3.39306745751,2.66782553922e-05
49239,3.39306694749,2.67012755995e-05
49352,3.39306686517,2.67261604784e-05
49466,3.3930664514,2.67526711074e-05
49580,3.39306625808,2.67805611584e-05
49694,3.39306583823,2.68096029705e-05
49809,3.39306559056,2.68395791142e-05
49924,3.39306527575,2.68702983238e-05
50039,3.39306513146,2.69015890691e-05
50154,3.39306475593,2.69333091367e-05
50270,3.3930644622,2.6965334295e-05
50386,3.39306407184,2.69975662496e-05
50502,3.39306405246,2.70299213346e-05
50618,3.3930637828,2.70623416972e-05
50735,3.39306353698,2.70947767916e-05
50852,3.39306320675,2.71271909413e-05
50969,3.39306302632,2.71595551802e-05
51086,3.3930625728,2.71918531799e-05
51204,3.39306258617,2.72240649479e-05
51322,3.39306243137,2.72561857574e-05
51441,3.39306208896,2.72882091005e-05
51559,3.39306182134,2.73201285016e-05
51678,3.39306164148,2.73519411525e-05
51797,3.39306118219,2.738364851e-05
51917,3.39306108482,2.741524475e-05
52036,3.39306090253,2.74467334289e-05
52156,3.3930605125,2.74781159091e-05
52276,3.39306042044,2.75093887303e-05
52397,3.39306033751,2.7540555015e-05
52518,3.3930599715,2.75716179773e-05
52639,3.39305978261,2.76025746877e-05
52760,3.39305961282,2.76334271207e-05
52882,3.39305941606,2.76641761551e-05
53004,3.39305919621,2.76948220038e-05
53126,3.39305889705,2.77253650442e-05
53248,3.3930588093,2.77558024304e-05
53371,3.39305853647,2.77861364911e-05
53494,3.39305827783,2.78163641955e-05
53617,3.3930580647,2.78464833557e-05
53741,3.39305805204,2.78764902101e-05
53865,3.39305761175,2.79063868574e-05
53989,3.39305738573,2.79361643797e-05
54114,3.39305711475,2.7965820687e-05
54238,3.39305700698,2.79953492794e-05
54363,3.39305667307,2.80247480484e-05
54489,3.39305661106,2.80540070593e-05
54614,3.39305668065,2.80831211829e-05
54740,3.39305625263,2.8112088933e-05
54866,3.39305638072,2.81408945269e-05
54993,3.39305585039,2.81695406728e-05
55120,3.3930556983,2.8198011163e-05
55247,3.39305560464,2.82263008476e-05
55374,3.39305561163,2.82544014379e-05
55502,3.39305536859,2.8282307837e-05
55630,3.39305514348,2.8310009769e-05
55758,3.39305497268,2.83374989045e-05
55886,3.3930549269,2.83647666938e-05
56015,3.39305453469,2.83918092362e-05
56144,3.39305455337,2.84186125115e-05
56274,3.39305444847,2.84451735046e-05
56404,3.39305421787,2.84714849895e-05
56534,3.39305401868,2.84975386807e-05
56664,3.39305375467,2.85233287328e-05
56795,3.39305369568,2.85488465732e-05
56925,3.39305372958,2.85740872211e-05
57057,3.39305348823,2.85990482717e-05
57188,3.39305335215,2.86237214586e-05
57320,3.39305303576,2.86481046004e-05
57452,3.39305271496,2.86721921239e-05
57585,3.39305286617,2.86959764397e-05
57717,3.39305260422,2.87194620375e-05
57850,3.39305269431,2.87426400688e-05
57984,3.39305237423,2.87655153015e-05
58117,3.39305225416,2.87880816725e-05
58251,3.39305223732,2.881034005e-05
58386,3.39305220646,2.88322926442e-05
58520,3.39305205974,2.88539430155e-05
58655,3.39305186842,2.88752951661e-05
58790,3.3930515952,2.88963565224e-05
58926,3.39305128533,2.89171370897e-05
59062,3.39305137103,2.89376478622e-05
59198,3.39305135187,2.89579133497e-05
59334,3.39305144892,2.89779590513e-05
59471,3.39305098142,2.89978271989e-05
59608,3.39305108065,2.90175557861e-05
59746,3.39305067274,2.90372154034e-05
59883,3.39305041784,2.90568783152e-05
60021,3.39305060674,2.90766393116e-05
60160,3.39305054787,2.9096623823e-05
60299,3.39305048351,2.91169740971e-05
60438,3.39305026571,2.91378625864e-05
60577,3.39305030962,2.9159484905e-05
60716,3.39305019578,2.91820716472e-05
60856,3.39304998751,2.92058751142e-05
60997,3.39304986155,2.92311682742e-05
61137,3.39304997758,2.92582389959e-05
61278,3.39304965636,2.92873872127e-05
61420,3.39304970401,2.93188916767e-05
61561,3.39304969308,2.93530169011e-05
61703,3.3930494685,2.93899805645e-05
61845,3.39304941652,2.94299289452e-05
61988,3.39304883763,2.9472926997e-05
62131,3.39304921725,2.95189052547e-05
62274,3.39304904281,2.95676808456e-05
62418,3.39304892929,2.96188912763e-05
62561,3.39304890961,2.96720003193e-05
62706,3.39304872353,2.97262836133e-05
62850,3.39304892712,2.97808143198e-05
62995,3.39304884976,2.98344849095e-05
63140,3.39304878558,2.98860011424e-05
63286,3.39304861558,2.99339168564e-05
63432,3.39304862895,2.99766585517e-05
63578,3.39304911686,3.00125688132e-05
63725,3.39304898977,3.00399647802e-05
63871,3.393048946,3.00571605367e-05
64019,3.39304884814,3.00625423824e-05
64166,3.3930491374,3.00546073716e-05
64314,3.39304910054,3.00320260607e-05
64462,3.39304931751,2.9993662201e-05
64611,3.39304883906,2.99386311546e-05
64760,3.39304929854,2.98662877695e-05
64909,3.3930494327,2.97762890964e-05
65059,3.39304934507,2.96685613029e-05
65209,3.39304975956,2.9543301897e-05
65359,3.39304979389,2.94009869634e-05
65510,3.3930499927,2.92423264401e-05
65661,3.39304977738,2.90682638725e-05
65812,3.3930500297,2.88799294036e-05
65964,3.39305030446,2.86786383473e-05
66116,3.3930498358,2.84658575753e-05
66268,3.39304988737,2.82431624342e-05
66421,3.39305004107,2.80122462682e-05
66574,3.39304992046,2.77748852534e-05
66728,3.39304984204,2.753291313e-05
66882,3.39304972035,2.72882096557e-05
67036,3.39305001829,2.70426704303e-05
67190,3.39304944721,2.67981997545e-05
67345,3.39304945498,2.6556645439e-05
67500,3.39304976743,2.6319800594e-05
67656,3.39304935523,2.60893577424e-05
67812,3.39304940872,2.58668449605e-05
67968,3.3930491336,2.56536160851e-05
68125,3.39304880491,2.54507858813e-05
68282,3.39304868359,2.52592009923e-05
68440,3.39304809091,2.50794162457e-05
68597,3.39304853667,2.49116508222e-05
68755,3.39304831565,2.47558200511e-05
68914,3.39304790415,2.46115016889e-05
69073,3.39304773038,2.44779738333e-05
69232,3.39304762172,2.43542551297e-05
69392,3.39304708946,2.42391523446e-05
69552,3.39304722489,2.4131307427e-05
69712,3.39304683502,2.40292930622e-05
69873,3.39304683948,2.39316524308e-05
70034,3.39304674477,2.38369941151e-05
70195,3.39304664187,2.37440420964e-05
70357,3.39304622603,2.36516973087e-05
70519,3.39304615362,2.35590701751e-05
70682,3.39304562946,2.34655247631e-05
70845,3.39304609164,2.33706649817e-05
71008,3.39304585768,2.32743681397e-05
71172,3.39304546596,2.31767306546e-05
71336,3.39304525779,2.30780558386e-05
71500,3.39304538845,2.29788161025e-05
71665,3.39304540139,2.28796126252e-05
71830,3.39304493385,2.27811251522e-05
71996,3.39304469336,2.26840609702e-05
72162,3.3930443104,2.25891283353e-05
72328,3.39304459599,2.24969858753e-05
72495,3.39304448663,2.24082343792e-05
72662,3.39304403165,2.23233760177e-05
72829,3.3930445685,2.22428002298e-05
72997,3.39304374127,2.21668106648e-05
73166,3.39304361734,2.20955727249e-05
73334,3.39304364313,2.20291660357e-05
73503,3.39304317364,2.19675783122e-05
73673,3.39304326652,2.19107072688e-05
73843,3.39304310203,2.18583991054e-05
74013,3.39304264935,2.18104472302e-05
74183,3.39304281363,2.17666072095e-05
74354,3.39304223091,2.17266322924e-05
74526,3.39304231695,2.16902545377e-05
74698,3.39304182786,2.16572314439e-05
74870,3.39304182595,2.16273239486e-05
75042,3.39304165795,2.16003298466e-05
75215,3.39304112276,2.15760755777e-05
75389,3.39304140048,2.1554413987e-05
75563,3.39304097208,2.15352520187e-05
75737,3.39304043707,2.15185201026e-05
75911,3.39304101418,2.15041801483e-05
76086,3.39304073146,2.14922467182e-05
76262,3.39304073452,2.14827428469e-05
76438,3.39304044824,2.14757254917e-05
76614,3.39303955518,2.14712669353e-05
76790,3.39304006205,2.14694350193e-05
76967,3.39304013852,2.14703249997e-05
77145,3.39303968997,2.1474016926e-05
77323,3.39303918497,2.14805756916e-05
77501,3.39303994045,2.1490042046e-05
77680,3.3930394115,2.1502455649e-05
77859,3.39303919597,2.15177982066e-05
78038,3.39303852444,2.15360293002e-05
78218,3.39303852808,2.15570548724e-05
78398,3.39303852206,2.15807474221e-05
78579,3.39303856473,2.16069275731e-05
78760,3.39303874116,2.16353676811e-05
78942,3.39303782622,2.16658007363e-05
79124,3.39303867179,2.16978876479e-05
79306,3.39303747873,2.17312887026e-05
79489,3.39303741987,2.17655806503e-05
79672,3.39303775337,2.18003315455e-05
79856,3.39303760692,2.18350828e-05
80040,3.39303775466,2.18693447454e-05
80225,3.3930384467,2.19026181875e-05
80410,3.39303801307,2.19344115056e-05
80595,3.39303761644,2.19642182333e-05
80781,3.39303788972,2.19915469897e-05
80967,3.39303724674,2.20159405298e-05
81154,3.39303691855,2.20369507736e-05
81341,3.39303739218,2.20541689489e-05
81528,3.39303778629,2.20672360267e-05
81716,3.39303701336,2.20758406551e-05
81904,3.39303799103,2.20796962338e-05
82093,3.39303817798,2.20786059185e-05
82283,3.39303754162,2.2072413107e-05
82472,3.39303696354,2.20610130113e-05
82662,3.39303658045,2.20443635517e-05
82853,3.3930374413,2.20224736168e-05
83044,3.39303698727,2.19954304306e-05
83235,3.39303658487,2.19633477528e-05
83427,3.3930363952,2.19263955254e-05
83619,3.39303687917,2.18847857448e-05
83812,3.39303707433,2.18387786586e-05
84005,3.39303745384,2.17886589787e-05
84199,3.39303730504,2.17347471714e-05
84393,3.39303692849,2.16773795674e-05
84588,3.39303730069,2.16169048368e-05
84783,3.39303620608,2.15537029745e-05
84978,3.39303729097,2.14881222225e-05
85174,3.393036217,2.14205619249e-05
85370,3.39303720894,2.13513628566e-05
85567,3.39303669559,2.12809064009e-05
85765,3.39303638503,2.12095282079e-05
85962,3.39303736212,2.11375522377e-05
86160,3.39303581227,2.1065314507e-05
86359,3.39303596787,2.09930802689e-05
86558,3.39303725531,2.09211224504e-05
86758,3.39303603476,2.08497092935e-05
86958,3.39303599285,2.07790397079e-05
87158,3.39303600835,2.07093178533e-05
87359,3.39303558343,2.06407197554e-05
87560,3.3930367947,2.05733820415e-05
87762,3.39303518208,2.05074580605e-05
87965,3.39303565856,2.04430224436e-05
88167,3.39303519137,2.03801772658e-05
88371,3.39303591838,2.03189741579e-05
88574,3.39303581145,2.025947203e-05
88778,3.39303583045,2.02016956862e-05
88983,3.39303537377,2.01456646969e-05
89188,3.39303560943,2.00913751473e-05
89394,3.39303507528,2.00388273335e-05
89600,3.39303486668,1.99879965193e-05
89806,3.39303530219,1.99388541702e-05
90014,3.39303492374,1.9891375116e-05
90221,3.39303438377,1.98455159597e-05
90429,3.39303543252,1.98012222925e-05
90637,3.3930346684,1.9758466208e-05
90846,3.39303398074,1.97171862429e-05
91056,3.39303469291,1.96773225073e-05
91266,3.39303374916,1.96388394499e-05
91476,3.39303487188,1.96016617929e-05
91687,3.39303354298,1.95657620498e-05
91898,3.39303315552,1.9531067573e-05
92110,3.39303422066,1.94975233584e-05
92323,3.3930346965,1.94650903148e-05
92535,3.39303391918,1.94337228687e-05
92749,3.39303420364,1.94033600616e-05
92962,3.39303442112,1.93739624864e-05
93177,3.39303279119,1.93454963082e-05
93392,3.39303365903,1.93178947079e-05
93607,3.39303348482,1.92911378081e-05
93823,3.39303287951,1.92651840203e-05
94039,3.39303426299,1.92399834612e-05
94256,3.39303307611,1.92155277438e-05
94473,3.39303176265,1.91917705872e-05
94691,3.39303260501,1.91686684736e-05
94909,3.39303180139,1.9146213987e-05
95128,3.39303227453,1.9124363341e-05
95347,3.3930333715,1.91030945068e-05
95567,3.39303359402,1.90823916619e-05
95787,3.39303201267,1.90622371388e-05
96008,3.39303225382,1.90425889869e-05
96229,3.39303211092,1.90234392681e-05
96451,3.39303155831,1.90047689277e-05
96674,3.39303130526,1.89865558732e-05
96896,3.39303209893,1.89687788187e-05
97120,3.39303244955,1.89514299234e-05
97344,3.39303142046,1.8934499101e-05
97568,3.39303190178,1.89179557223e-05
97793,3.39303134143,1.89018002855e-05
98018,3.39303215902,1.88860062686e-05
98244,3.39303096279,1.88705801663e-05
98471,3.3930326557,1.88554829227e-05
98698,3.39303198584,1.88407325185e-05
98925,3.39303139935,1.8826304654e-05
99153,3.3930310758,1.88121881243e-05
99382,3.39302990396,1.87983793316e-05
99611,3.39303143273,1.87848492822e-05
99841,3.39303084796,1.87716156994e-05
100071,3.39302976032,1.8758661079e-05
100302,3.39303154199,1.87459585537e-05
100533,3.3930318293,1.87335243393e-05
100765,3.39303221086,1.87213420479e-05
100997,3.3930308373,1.87094145568e-05
101230,3.39303165065,1.86977130727e-05
101464,3.39303176213,1.86862467288e-05
101697,3.39303004438,1.86750151656e-05
101932,3.39303056216,1.86639896778e-05
102167,3.39303061761,1.86531790083e-05
102402,3.39303012005,1.86425777486e-05
102638,3.3930298442,1.86321759366e-05
102875,3.39302943819,1.86219699936e-05
103112,3.39303220352,1.86119364808e-05
103350,3.39303043384,1.86021125243e-05
103588,3.3930286743,1.85924681992e-05
103827,3.39303065055,1.85829782856e-05
104066,3.39303036416,1.85736709944e-05
104306,3.39302912024,1.85645346647e-05
104547,3.39302985753,1.85555488658e-05
104788,3.39302837913,1.85467323472e-05
105029,3.39303155295,1.85380435021e-05
105271,3.39303001069,1.85295295967e-05
105514,3.3930311576,1.85211463755e-05
105757,3.39303004299,1.85129172003e-05
106001,3.39302842706,1.85048289093e-05
106245,3.39302777545,1.84968700839e-05
106490,3.39302985591,1.84890277889e-05
106736,3.39303150122,1.84813160973e-05
106982,3.39302744286,1.84737606023e-05
107228,3.39302783776,1.84663030039e-05
107476,3.39303005653,1.84589547525e-05
107723,3.39302955281,1.8451737797e-05
107972,3.39302967001,1.8444631252e-05
108221,3.39302936842,1.8437638167e-05
108470,3.39303033054,1.84307468821e-05
108720,3.39302804234,1.84239794795e-05
108971,3.39302845555,1.84173012764e-05
109222,3.39302781963,1.84107303563e-05
109474,3.39302805734,1.84042540724e-05
109726,3.39302881207,1.83978722202e-05
109979,3.39302848241,1.83915914042e-05
110233,3.39302820928,1.83854034195e-05
110487,3.39302837771,1.83793042223e-05
110741,3.39303002081,1.83732863183e-05
110997,3.39302897752,1.83673703898e-05
111253,3.39302943745,1.83615319509e-05
111509,3.39302893391,1.83557826008e-05
111766,3.39302885195,1.83501131363e-05
112024,3.39302700695,1.83445337052e-05
112282,3.39302967425,1.8339008756e-05
112541,3.39302801635,1.83335844747e-05
112800,3.39303002273,1.8328216132e-05
113060,3.39302660722,1.83229512943e-05
113321,3.39303017623,1.8317721473e-05
113582,3.3930270187,1.83125992449e-05
113844,3.39302812155,1.83075238711e-05
114106,3.39302857291,1.83025204664e-05
114369,3.39302811808,1.82975890267e-05
114633,3.39302717768,1.82927259303e-05
114897,3.39302803762,1.82879175268e-05
115162,3.39302728433,1.82831809116e-05
115428,3.39302686066,1.82785043259e-05
115694,3.39302862186,1.8273876513e-05
115960,3.3930272687,1.82693247663e-05
116228,3.39302645307,1.8264828184e-05
116496,3.39302577238,1.82603877199e-05
116764,3.39302893845,1.82559822038e-05
117033,3.3930254773,1.82516668069e-05
117303,3.39302633821,1.82473814482e-05
117574,3.39302551911,1.82431572569e-05
117845,3.39302833803,1.82389644939e-05
118116,3.3930264059,1.82348471227e-05
118389,3.39302889609,1.8230754714e-05
118662,3.3930288991,1.82267232872e-05
118935,3.39302731766,1.8222746882e-05
119209,3.39302579783,1.82188155608e-05
119484,3.39302778968,1.8214909718e-05
119759,3.39302822292,1.82110555029e-05
120036,3.39302664618,1.82072542644e-05
120312,3.3930266149,1.82034858615e-05
120590,3.39302576258,1.8199761941e-05
120868,3.39302516264,1.81960756996e-05
121146,3.39302705699,1.81924140814e-05
121425,3.39302661676,1.81888019514e-05
121705,3.39302541528,1.81852298486e-05
121986,3.39302796434,1.81816725812e-05
122267,3.3930257616,1.81781747073e-05
122549,3.39302531137,1.81747003758e-05
122832,3.39302861231,1.8171237901e-05
123115,3.39302653765,1.81678351856e-05
123398,3.39302930071,1.81644365696e-05
123683,3.39302590262,1.81610999823e-05
123968,3.39302514094,1.81577773813e-05
124254,3.39302798008,1.81544626831e-05
124540,3.39302459454,1.81512075434e-05
124827,3.39302455154,1.81479598714e-05
125115,3.39302459832,1.8144736187e-05
125404,3.39302870939,1.81415143736e-05
125693,3.39302632396,1.81383500522e-05
125982,3.39302880077,1.81351816697e-05
126273,3.39302729715,1.81320556936e-05
126564,3.39302564428,1.81289508678e-05
126856,3.39302737257,1.81258475853e-05
127148,3.39302607407,1.81227793638e-05
127441,3.39302997902,1.81197015583e-05
127735,3.39302777782,1.81166739182e-05
128029,3.39302512338,1.81136656353e-05
128324,3.39302804818,1.81106439345e-05
128620,3.39302628339,1.81076630991e-05
128917,3.39302661043,1.81046864429e-05
129214,3.39302624707,1.81017283714e-05
129512,3.39302656754,1.8098781158e-05
129811,3.39302592541,1.80958532418e-05
130110,3.39302411308,1.80929454369e-05
130410,3.39302485727,1.80900376361e-05
130710,3.39302637988,1.80871391464e-05
131012,3.3930260158,1.80842640553e-05
131314,3.39302715991,1.80813942085e-05
131616,3.39302573364,1.80785513447e-05
131920,3.39302371404,1.80757249924e-05
132224,3.39302566165,1.80728909899e-05
132529,3.39302534456,1.80700827329e-05
132834,3.3930259677,1.80672834125e-05
133140,3.39302391206,1.8064512627e-05
133447,3.39302903577,1.80617182872e-05
133755,3.39302621263,1.80589813778e-05
134063,3.39302875857,1.80562315421e-05
134372,3.3930224408,1.80535451106e-05
134682,3.39302221824,1.80508431317e-05
134993,3.39302532436,1.8048141047e-05
135304,3.39302956756,1.80454512901e-05
135616,3.3930262155,1.80428211255e-05
135928,3.39302662915,1.8040191011e-05
136242,3.39302537743,1.80375907585e-05
136556,3.39302589642,1.80350030789e-05
136871,3.39302569227,1.80324422523e-05
137186,3.39302296249,1.80299189181e-05
137502,3.39302492019,1.80273958456e-05
137819,3.39302704943,1.8024898166e-05
138137,3.3930258391,1.80224456871e-05
138455,3.39302445606,1.80200227636e-05
138775,3.39302494327,1.80176197448e-05
139094,3.39302524906,1.80152487394e-05
139415,3.39302653921,1.80129047772e-05
139737,3.39302330882,1.80106183028e-05
140059,3.39302441542,1.80083435154e-05
140382,3.39302568667,1.80061037775e-05
140705,3.39302343163,1.80039198734e-05
141029,3.39302891631,1.80017332059e-05
141355,3.39302800927,1.79996199145e-05
141680,3.39302368688,1.79975653314e-05
142007,3.39302843613,1.79955043232e-05
142334,3.39302699917,1.79935188827e-05
142663,3.39302362977,1.79915874657e-05
142991,3.39302454085,1.79896781059e-05
143321,3.39302593412,1.79878118754e-05
143651,3.3930239126,1.7986010309e-05
143983,3.39302127712,1.79842593773e-05
144314,3.39302769727,1.79825085947e-05
144647,3.39302578923,1.79808508e-05
144981,3.39301932729,1.79792666203e-05
145315,3.39302289737,1.79776793407e-05
145650,3.39302380082,1.79761567593e-05
145986,3.39302637159,1.79746763521e-05
146322,3.39302794451,1.79732526092e-05
146659,3.39302508457,1.79719040243e-05
146997,3.39302317569,1.79706023084e-05
147336,3.39302906442,1.79693113653e-05
147676,3.3930270469,1.79681144571e-05
148016,3.39302268694,1.79669821379e-05
148358,3.39302487664,1.79658672792e-05
148700,3.39302482158,1.79648163409e-05
149042,3.39302458538,1.79638182218e-05
149386,3.39302332738,1.79628771359e-05
149730,3.39302555172,1.79619689412e-05
150076,3.39302030827,1.79611512501e-05
150421,3.39302714937,1.79603201494e-05
150768,3.39302423875,1.79595907641e-05
151116,3.39302221406,1.79589062691e-05
151464,3.39302930897,1.79582225241e-05
151813,3.39302503025,1.79576473878e-05
152163,3.39302113819,1.79571179661e-05
152514,3.39302628284,1.79565877944e-05
152866,3.39302333799,1.79561467878e-05
153218,3.39302927543,1.79557043752e-05
153571,3.39302780347,1.795534599e-05
153925,3.39303043624,1.79550098922e-05
154280,3.39302439951,1.79547628491e-05
154636,3.39302149236,1.79545415739e-05
154992,3.39302653445,1.79543196983e-05
155350,3.3930233066,1.79541821691e-05
155708,3.39302311708,1.79540682595e-05
156067,3.39302485619,1.79539829462e-05
156426,3.39302277519,1.79539557485e-05
156787,3.39302709152,1.79539316995e-05
157148,3.39302247208,1.79539910324e-05
157511,3.39302420145,1.79540519716e-05
157874,3.39301985105,1.79541793899e-05
158238,3.39301897603,1.79543218412e-05
158602,3.39302215333,1.79544753962e-05
158968,3.39302650393,1.79546544245e-05
159335,3.39302514179,1.79548945128e-05
159702,3.39302523612,1.7955156887e-05
160070,3.39301997585,1.79554767686e-05
160439,3.39302444641,1.79557735232e-05
160809,3.39302615836,1.79561124568e-05
161180,3.39302243127,1.79565069886e-05
161551,3.39302105973,1.79569151224e-05
161923,3.39303206957,1.79572830705e-05
162297,3.3930239369,1.79577769654e-05
162671,3.39302404067,1.79582512239e-05
163046,3.39301985249,1.79587714931e-05
163422,3.39301698818,1.79593074129e-05
163798,3.39302456803,1.79598100927e-05
164176,3.39303100474,1.79603402709e-05
164555,3.39302607905,1.79609514745e-05
164934,3.39302575689,1.7961558645e-05
165314,3.39302169594,1.79622054195e-05
165695,3.39301966457,1.79628607611e-05
166077,3.39302744131,1.79634830087e-05
166460,3.39302440727,1.79641808648e-05
166844,3.39302668821,1.79648685205e-05
167228,3.39301973208,1.79656226091e-05
167614,3.3930201491,1.79663547904e-05
168000,3.39302644547,1.7967072596e-05
168388,3.39302226654,1.79678622743e-05
168776,3.39302376365,1.79686379636e-05
169165,3.39302315556,1.79694405527e-05
169555,3.39302324535,1.79702548984e-05
169946,3.39302439079,1.79710788234e-05
170337,3.39302302405,1.79719309597e-05
170730,3.39302191108,1.79727964087e-05
171124,3.39302772118,1.79736396076e-05
171518,3.39301977031,1.79745699056e-05
171913,3.39303261299,1.7975404047e-05
172310,3.39302493682,1.79763606976e-05
172707,3.39302200768,1.79773058295e-05
173105,3.39301622625,1.79782795381e-05
173504,3.39302529952,1.79791878438e-05
173904,3.39302720736,1.79801472789e-05
174305,3.39301760089,1.79811807632e-05
174707,3.39302554736,1.79821341348e-05
175110,3.39302840869,1.79831272476e-05
175513,3.39302481276,1.79841672743e-05
175918,3.39301514921,1.79852520596e-05
176323,3.39302666164,1.79862371039e-05
176730,3.39301980177,1.79873319632e-05
177137,3.39301539372,1.79884261808e-05
177546,3.393027103,1.79894472346e-05
177955,3.39302109894,1.79905744264e-05
178365,3.3930203294,1.79916860371e-05
178776,3.39301941911,1.79928105168e-05
179188,3.39302381298,1.79939189467e-05
179601,3.39301533286,1.79951076913e-05
180015,3.39302549962,1.7996209546e-05
180430,3.39302723871,1.79973680713e-05
180846,3.39302750851,1.79985463385e-05
181263,3.39302646005,1.79997435254e-05
181681,3.39301763832,1.800099386e-05
182100,3.39302246605,1.80021836733e-05
182520,3.39302586323,1.80033929523e-05
182941,3.39302495712,1.80046369321e-05
183362,3.39303216674,1.80058497055e-05
183785,3.39302261351,1.80071632909e-05
184209,3.39301675686,1.80084691165e-05
184633,3.39302363093,1.80097192245e-05
185059,3.39302362739,1.80110176874e-05
185485,3.39302023654,1.80123459866e-05
185913,3.39301983509,1.80136702762e-05
186342,3.39302605785,1.80149712592e-05
186771,3.39302633721,1.80163156666e-05
187202,3.39302101984,1.80177016726e-05
187633,3.393023867,1.80190562124e-05
188066,3.39301930749,1.80204619857e-05
188499,3.39302604299,1.80218196799e-05
188934,3.39303164465,1.80231953137e-05
189369,3.3930306921,1.80246176958e-05
189806,3.39302493791,1.80260775374e-05
190244,3.39303303346,1.80274757627e-05
190682,3.39302207904,1.80289871827e-05
191122,3.39301754042,1.80304765139e-05
191562,3.39302084603,1.80319361727e-05
192004,3.39302025364,1.80334285744e-05
192446,3.39302814954,1.80348879047e-05
192890,3.39302389831,1.80364238626e-05
193335,3.39302802689,1.80379273576e-05
193780,3.39302281239,1.80394926235e-05
194227,3.39303481763,1.80409784552e-05
194675,3.39302617497,1.80425862113e-05
195124,3.39302590938,1.80441615852e-05
195573,3.39301949927,1.80457818182e-05
196024,3.39301755871,1.80473904836e-05
196476,3.39302240484,1.80489752697e-05
196929,3.39302155489,1.80506025954e-05
197383,3.39302110776,1.80522400411e-05
197838,3.39303299874,1.80538241219e-05
198294,3.39302184862,1.80555431066e-05
198751,3.3930253577,1.80571964158e-05
199209,3.39302563263,1.80588792845e-05
199669,3.39301494739,1.80606328643e-05
200129,3.39302433742,1.80622919813e-05
200590,3.39301996659,1.8064036767e-05
201053,3.3930177832,1.80657823503e-05
201516,3.39302471366,1.80674918685e-05
201981,3.39302347406,1.80692573745e-05
202446,3.39302661399,1.8071012066e-05
202913,3.39302510859,1.80728040301e-05
203381,3.39301319766,1.80746639824e-05
203850,3.39301586363,1.80764588682e-05
204320,3.39302963014,1.80782072104e-05
204791,3.39302151488,1.80800847643e-05
205263,3.39301751117,1.80819530673e-05
205736,3.39302851255,1.80837540772e-05
206210,3.39302440991,1.80856482821e-05
206685,3.3930135533,1.8087591219e-05
207162,3.3930185984,1.80894621371e-05
207639,3.39302008291,1.80913648055e-05
208118,3.39301258188,1.80933281829e-05
208598,3.39301751321,1.8095238085e-05
209079,3.39302578283,1.80971430195e-05
209561,3.39302953963,1.80990848838e-05
210044,3.3930235083,1.8101091852e-05
210528,3.39302455927,1.81030739551e-05
211013,3.39302004858,1.81050986719e-05
211500,3.39301440438,1.81071424048e-05
211987,3.39303148111,1.8109077864e-05
212476,3.39302236129,1.81111661418e-05
212966,3.39302903322,1.811318316e-05
213457,3.3930253413,1.81152685564e-05
213949,3.39301680166,1.81173929191e-05
214442,3.39301715247,1.81194829148e-05
214936,3.39303548549,1.81214899919e-05
215432,3.39302041164,1.81236886306e-05
215928,3.39301281626,1.81258605033e-05
216426,3.39302360957,1.81279473266e-05
216925,3.39302318314,1.81301072953e-05
217425,3.39302513247,1.81322677974e-05
217926,3.39301216082,1.81345212937e-05
218429,3.39302946832,1.81366262257e-05
218932,3.39303525285,1.81388060261e-05
219437,3.39303839571,1.81410132518e-05
219943,3.39301443846,1.81433787124e-05
220450,3.39302810604,1.81455563377e-05
220958,3.39301533369,1.81478887266e-05
221467,3.39302238038,1.8150128499e-05
221978,3.39302530515,1.81524037153e-05
222490,3.39301674087,1.81547538195e-05
223003,3.39302490161,1.81570278702e-05
223517,3.39302228511,1.81593730409e-05
224032,3.39303237946,1.8161663646e-05
224548,3.39302385178,1.81640674103e-05
225066,3.39302299828,1.81664435968e-05
225585,3.39302548391,1.8168815417e-05
226105,3.39300701366,1.81713129895e-05
226626,3.39302736368,1.81736161999e-05
227149,3.3930323681,1.81760151402e-05
227672,3.39301765554,1.81785332758e-05
228197,3.39302559139,1.81809436537e-05
228723,3.39303666121,1.81833508161e-05
229250,3.39300651372,1.81859924806e-05
229779,3.39302571869,1.81883832465e-05
230308,3.39301793021,1.81909323273e-05
230839,3.39301530728,1.81934673554e-05
231372,3.39302945446,1.81959260964e-05
231905,3.39301303403,1.8198562418e-05
232439,3.39302333702,1.82010690734e-05
232975,3.39304013713,1.82035545255e-05
233512,3.39303781588,1.8206156229e-05
234051,3.39300435388,1.82089387386e-05
234590,3.39301503424,1.82114980635e-05
235131,3.39302371835,1.82140817853e-05
235673,3.39301882915,1.82167520701e-05
236216,3.3930198255,1.82194044677e-05
236761,3.3930029997,1.82221662909e-05
237307,3.39302362493,1.82247406993e-05
237854,3.39302068186,1.8227455408e-05
238402,3.39302930767,1.82301216902e-05
238952,3.39303404896,1.82328225625e-05
239502,3.39303659869,1.82355489387e-05
240055,3.39304619776,1.82382511549e-05
240608,3.39302953663,1.8241108269e-05
241163,3.39302209033,1.8243929604e-05
241718,3.393041725,1.82466190599e-05
242276,3.39301542224,1.8249569302e-05
242834,3.39302713912,1.82523288103e-05
243394,3.39300947678,1.82552601106e-05
243955,3.39302906997,1.82580047111e-05
244517,3.39302877868,1.82608700402e-05
245081,3.39302356934,1.82637755872e-05
245646,3.39300722421,1.82667548384e-05
246212,3.39301573405,1.82696140299e-05
246780,3.39303186194,1.82724459241e-05
247349,3.39301308186,1.8275479552e-05
247919,3.39301246427,1.82784291097e-05
248491,3.39300677604,1.82814197266e-05
249063,3.39300291017,1.82844142688e-05
249638,3.39304341433,1.82871834109e-05
250213,3.39302359013,1.82902914154e-05
250790,3.39300698811,1.82933958122e-05
251368,3.39299704982,1.82964780311e-05
251947,3.39303513067,1.82993150104e-05
252528,3.3930238027,1.83024321591e-05
253110,3.39301953811,1.83055249374e-05
253694,3.39304206076,1.8308486894e-05
254279,3.39299699583,1.83118272797e-05
254865,3.39302274288,1.83147992244e-05
255452,3.3930323703,1.831787185e-05
256041,3.39299755138,1.83211981503e-05
256630,3.39301659293,1.83242473311e-05
257223,3.39303384923,1.83273198111e-05
257815,3.39300564806,1.8330651526e-05
258410,3.393007576,1.83338341775e-05
259005,3.39304510524,1.83368381038e-05
259603,3.39302488618,1.83401677771e-05
260202,3.3930140559,1.83434604026e-05
260801,3.39300777375,1.83467421231e-05
261403,3.39302527701,1.83499088834e-05
262005,3.3930258946,1.83531806057e-05
262609,3.3930230191,1.83564848799e-05
263215,3.39301074042,1.83598536925e-05
263821,3.39304267629,1.83629968875e-05
264429,3.39301843878,1.83664577301e-05
265039,3.39303885763,1.83696904937e-05
265650,3.39303695544,1.83730577226e-05
266262,3.39303386816,1.83764450087e-05
266876,3.39303586166,1.8379818411e-05
267491,3.39304259314,1.8383179769e-05
268108,3.39304884378,1.83865573464e-05
268726,3.39302941062,1.83900877404e-05
269346,3.39301340834,1.83936131988e-05
269967,3.39301852652,1.83970377953e-05
270589,3.39303705629,1.840040327e-05
271213,3.39303697576,1.84038832681e-05
271838,3.39303946648,1.84073629346e-05
272464,3.3930204882,1.84109727056e-05
273093,3.39304738024,1.8414347188e-05
273722,3.39302759994,1.84179885758e-05
274353,3.39301903671,1.84215827222e-05
274986,3.39303500156,1.84250573093e-05
275619,3.39305212579,1.84285391851e-05
276255,3.39303194968,1.84322372726e-05
276892,3.39300729192,1.84359733768e-05
277530,3.39300269884,1.84396141151e-05
278170,3.39303589186,1.84430630985e-05
278811,3.39302757505,1.84467513159e-05
279454,3.3930181321,1.84504593079e-05
280098,3.39304151451,1.84540024258e-05
280744,3.39302562787,1.84577727537e-05
281391,3.39305653453,1.84613021616e-05
282039,3.39300672816,1.8465284399e-05
282690,3.39301909648,1.84689419741e-05
283341,3.39301876359,1.84726823354e-05
283994,3.39303092238,1.84763683455e-05
284649,3.39301643107,1.84802131568e-05
285305,3.3930171089,1.84839890501e-05
285963,3.39303296282,1.84876959454e-05
286622,3.39302261258,1.84915593175e-05
287283,3.39300411321,1.84954808472e-05
287945,3.39305525117,1.84990364702e-05
288609,3.39303836049,1.85029766869e-05
289274,3.39302116773,1.85069323352e-05
289941,3.39301292722,1.85108529405e-05
290610,3.39301506546,1.85147307001e-05
291279,3.39302031132,1.85186052761e-05
291951,3.39301451396,1.85225539209e-05
292624,3.39305503998,1.85262634578e-05
293299,3.39301679506,1.85304169156e-05
293975,3.39301448522,1.85343880097e-05
294652,3.3930296628,1.85382774205e-05
295332,3.39302858623,1.8542269495e-05
296012,3.39303871644,1.85462142066e-05
296695,3.39300443843,1.85504155909e-05
297379,3.39302273207,1.85543435011e-05
298064,3.39303804263,1.85583016311e-05
298751,3.39301683664,1.85624734636e-05
299440,3.39303301382,1.85664547743e-05
300130,3.39304080823,1.85704959344e-05
300822,3.39297983292,1.85749275786e-05
301516,3.39300958385,1.85788766372e-05
302211,3.39301216241,1.85829885188e-05
302907,3.39300314546,1.85871780134e-05
303606,3.39298336598,1.85914406246e-05
304306,3.39300965744,1.85954649367e-05
305007,3.39300585081,1.85996683484e-05
305710,3.39298852983,1.86039600679e-05
306415,3.39304003908,1.8607888575e-05
307121,3.39305290225,1.86120431996e-05
307829,3.39298314177,1.86166654024e-05
308539,3.39302361981,1.86206971031e-05
309250,3.39307607509,1.86246773018e-05
309963,3.39298402927,1.86294651063e-05
