30,0.91663318364,0.0104620014304
31,0.916190342327,0.0105403216401
31,0.915745362363,0.0106192402303
31,0.915298234194,0.0106987618379
31,0.914848942293,0.0107788912057
31,0.914397480846,0.0108596329985
31,0.913943832194,0.0109409920574
31,0.913487989546,0.0110229731311
31,0.913029939542,0.0111055810834
31,0.912569671108,0.0111888207878
31,0.91210717139,0.0112726971772
31,0.911642429098,0.0113572152031
31,0.911175432439,0.0114423798612
31,0.910706168085,0.0115281962047
32,0.910234625844,0.0116146692863
32,0.90976079276,0.0117018042321
32,0.909282910466,0.0117896288386
32,0.908805261182,0.0118780927189
32,0.908328446704,0.0119671922205
32,0.907843974613,0.0120570442369
32,0.907358159494,0.0121475710758
32,0.90687063486,0.0122387825523
32,0.906376533536,0.0123307498999
32,0.905886537219,0.012423333281
32,0.90539237985,0.0125166501386
32,0.904892388505,0.0126107297194
32,0.904393324888,0.0127054835748
32,0.903894299646,0.0128009285992
33,0.903388222164,0.012897170643
33,0.902879186215,0.0129941578885
33,0.902373045836,0.013091811138
33,0.901860377057,0.0131902719367
33,0.901344473417,0.0132894987905
33,0.900825028384,0.0133895022048
33,0.900304805228,0.0134902468771
33,0.899785115008,0.0135917181435
33,0.899258698851,0.0136940312292
33,0.898733446016,0.0137970724181
33,0.898205051332,0.0139009128515
33,0.897671927158,0.0140055834522
33,0.897132841433,0.0141111103996
34,0.896594931577,0.0142173878426
34,0.89605599428,0.0143244556292
34,0.895509037676,0.0144324319445
34,0.894969146851,0.0145410799769
34,0.89441759391,0.0146507088609
34,0.893864740808,0.0147611573324
34,0.893324463891,0.0148722001365
34,0.892777187629,0.014984165977
34,0.892186214995,0.0150976839395
34,0.891637647782,0.0152113085658
34,0.891089617803,0.0153257476957
34,0.890506819536,0.0154416186328
35,0.889927125754,0.0155582794639
35,0.889353495237,0.0156756822095
35,0.888784728539,0.0157938510784
35,0.888227310713,0.0159126732927
35,0.887629963409,0.0160330755865
35,0.887036263291,0.0161542876716
35,0.886448842103,0.016276265264
35,0.885867078829,0.0163990227068
35,0.885272487057,0.0165229081396
35,0.884662766899,0.0166479764457
35,0.884083932275,0.0167733673946
35,0.883474927112,0.0169002403083
36,0.882852947231,0.0170282835553
36,0.882268606344,0.0171565249535
36,0.881662800407,0.017286111194
36,0.881031759688,0.0174171330442
36,0.880416062387,0.0175488000071
36,0.879802897764,0.0176813680174
36,0.879171527847,0.0178152620567
36,0.878536112348,0.0179502080248
36,0.877891821856,0.0180863136066
36,0.877284007171,0.0182226474753
36,0.876642727023,0.0183606618972
36,0.876018077808,0.0184993224711
37,0.875353115051,0.0186398392467
37,0.874715532065,0.0187807864242
37,0.874069092197,0.0189229402445
37,0.873417914879,0.0190662218718
37,0.872757249347,0.0192107448258
37,0.872100594145,0.0193562211367
37,0.871437400765,0.0195028911255
37,0.870762827532,0.0196508741913
37,0.870100803464,0.0197996387692
37,0.869429038006,0.0199496957744
37,0.868754484877,0.0201008964731
37,0.868078980998,0.0202532062475
38,0.8673867583,0.0204070032765
38,0.866689774559,0.0205620204451
38,0.866021778188,0.0207174599977
38,0.86531163765,0.0208750272706
38,0.864626460418,0.021033122072
38,0.863921125404,0.021192842882
38,0.863216909346,0.0213536826549
38,0.862509884124,0.0215157456139
38,0.861799064186,0.0216790652649
38,0.861089370336,0.0218435261667
38,0.860378437123,0.022009195121
39,0.859639843576,0.0221767615314
39,0.858927858221,0.0223448387146
39,0.858186991283,0.022514872112
39,0.857470013474,0.0226854918695
39,0.856719704419,0.0228582158777
39,0.855985364631,0.0230317473423
39,0.855233459222,0.0232069926431
39,0.854493096689,0.0233831746022
39,0.853729901121,0.0235612412409
39,0.852989392052,0.0237399490287
39,0.852224106822,0.0239206215393
40,0.851468600238,0.0241023057026
40,0.850701025964,0.0242856256199
40,0.849919501702,0.0244706517375
40,0.849160522581,0.0246563421617
40,0.848363765978,0.024844454289
40,0.847589093801,0.0250332559505
40,0.84680300792,0.0252237359948
40,0.846006460262,0.0254158821545
40,0.845215119613,0.0256092354433
40,0.844412368689,0.0258043073832
40,0.8436135685,0.0260006412444
41,0.842805042139,0.0261986668681
41,0.841989716384,0.0263983080825
41,0.841182659209,0.0265991017864
41,0.840352962135,0.0268020349374
41,0.839522999288,0.0270064143206
41,0.838693982484,0.0272122088724
41,0.837875625667,0.0274191079516
41,0.837034859834,0.0276282020844
41,0.836185277458,0.0278390658548
41,0.835327637169,0.0280516895288
42,0.834489107296,0.0282651680755
42,0.833636073627,0.0284806413641
42,0.832779275097,0.0286977602906
42,0.831909849152,0.0289168444907
42,0.831046133844,0.0291372706714
42,0.830171968109,0.0293596134912
42,0.829287626187,0.0295838810819
42,0.828417309806,0.029809220401
42,0.827519257788,0.0300371425116
42,0.826631483775,0.0302662902179
42,0.825734248338,0.0304973912474
43,0.824833440768,0.0307302437715
43,0.823938045897,0.0309645221172
43,0.823027356557,0.0312010144808
43,0.822112430964,0.0314393216545
43,0.821197308595,0.031679300646
43,0.820251741625,0.0319221373881
43,0.819335154506,0.0321655387779
43,0.818396845314,0.0324114916546
43,0.817447824517,0.0326595873939
43,0.816514587222,0.0329087781782
44,0.815562304145,0.0331604721697
44,0.814613058754,0.0334137926871
44,0.81364728953,0.0336695547151
44,0.812685353884,0.0339269352979
44,0.811707461464,0.0341867725905
44,0.810739394461,0.0344479978096
44,0.809755056733,0.034711727481
44,0.808767943068,0.0349774054045
44,0.807769406838,0.0352454210368
45,0.807153927993,0.0354984390571
45,0.805810892576,0.0357853204343
45,0.804542139373,0.0360710303931
45,0.804150275512,0.0363192004283
45,0.803112822826,0.0365982150121
45,0.801316317312,0.0369140962627
45,0.800682159112,0.0371785631066
45,0.799779419503,0.0374572412422
45,0.798776711319,0.0377424929594
45,0.797620620496,0.0380369988843
46,0.796442545124,0.0383346454213
46,0.795481626993,0.0386238577905
46,0.794506424593,0.0389157025342
46,0.793549150464,0.0392086146488
46,0.792148721582,0.0395255723391
46,0.791463449785,0.0398088916679
46,0.789863077285,0.0401403963179
46,0.78960524787,0.0404056773948
46,0.787950816001,0.040744468435
47,0.786687643931,0.0410655034265
47,0.785935397922,0.0413619189893
47,0.784668730876,0.0416874695397
47,0.783736525714,0.0419974008383
47,0.78232132397,0.0423354508981
47,0.781341109709,0.0426522300722
47,0.77997254595,0.0429924636101
47,0.77912502087,0.0433061787363
47,0.777422251441,0.0436698316831
48,0.776973052433,0.0439653025447
48,0.775287571259,0.0443329644363
48,0.774558128347,0.0446483227958
48,0.773269735405,0.044998049351
48,0.771769801641,0.0453626465185
48,0.770915520337,0.0456916387397
48,0.769497571861,0.0460563467584
48,0.768566996261,0.0463942381659
48,0.767043242951,0.0467703645367
49,0.766017395238,0.0471186181704
49,0.764369457657,0.0475077146399
49,0.76316364066,0.0478720203198
49,0.761887617667,0.0482432006815
49,0.761015665033,0.0485910892276
49,0.759483530133,0.0489835927959
49,0.75841510674,0.0493487676818
49,0.756957771811,0.0497417903071
49,0.755724075126,0.0501227663797
50,0.754867327345,0.0504810404039
50,0.752822459336,0.0509216378018
50,0.751896407756,0.0512894753571
50,0.750689301025,0.051678829364
50,0.749198989449,0.0520903875848
50,0.74800799076,0.0524838424807
50,0.747055996993,0.0528628974659
50,0.745422024253,0.053292892
50,0.743949945377,0.0537143431777
51,0.742554559603,0.0541331302187
51,0.741387084731,0.0545379768363
51,0.739757386778,0.054979681765
51,0.738496710294,0.0553968896468
51,0.737290988477,0.0558126075649
51,0.735753251692,0.0562563016143
51,0.734209791817,0.0567035327162
51,0.732608595123,0.0571583851422
52,0.731378245147,0.0575872445349
52,0.730296369476,0.0580069770882
52,0.728773943587,0.0584644939571
52,0.727141228689,0.0589340776731
52,0.725365921706,0.0594186622997
52,0.723933615129,0.0598784453609
52,0.722648631839,0.0603289481076
52,0.721208303896,0.0607953397795
53,0.719602714641,0.0612788536531
53,0.717879030422,0.0617758705815
53,0.716672850931,0.0622314842439
53,0.714994801817,0.0627311723608
53,0.713617354899,0.063207733932
53,0.712046965748,0.0637045469384
53,0.710018851471,0.0642460902369
53,0.709069550223,0.0646932955042
53,0.707640392626,0.0651869994587
54,0.70565217192,0.0657358582551
54,0.704167508332,0.0662415250481
54,0.702442620105,0.0667732562617
54,0.700835637997,0.0672973724982
54,0.699074832437,0.0678399028039
54,0.697447031808,0.068373202702
54,0.695916747044,0.0689004020751
54,0.694364291873,0.0694331911327
55,0.692560735832,0.0699947744608
55,0.690893302262,0.0705464151097
55,0.689120662257,0.0711125945339
55,0.687345034013,0.0716830086004
55,0.685591143089,0.0722550766123
55,0.683765183007,0.0728387327238
55,0.681917522276,0.073428815179
56,0.680230603986,0.0740055624516
56,0.678654913938,0.074573889216
56,0.676712368795,0.0751865199395
56,0.675079180889,0.0757688477476
56,0.673030983511,0.0764019736121
56,0.671392310593,0.0769928495775
56,0.669234737036,0.0776476349433
56,0.667483810794,0.0782597934204
57,0.665590441607,0.0788929106643
57,0.663839519716,0.0795135098744
57,0.661984835226,0.0801508802429
57,0.660010780243,0.0808073662563
57,0.65783084591,0.0814941922398
57,0.656267086735,0.0821093049172
57,0.654232298022,0.0827877818165
57,0.65209850161,0.08348400962
58,0.649872253362,0.0841976084517
58,0.648069385053,0.0848614397424
58,0.64609187742,0.0855528731723
58,0.644333105069,0.0862200301112
58,0.6419289531,0.086978932005
58,0.639889582078,0.0876942317384
58,0.6377773007,0.0884249014136
59,0.635466153864,0.0891889944334
59,0.633586929259,0.0898979812537
59,0.631139039491,0.0906934463845
59,0.629029479771,0.0914464894634
59,0.6270194394,0.0921905386574
59,0.624711978466,0.0929841734353
59,0.622496802363,0.09377032297
60,0.620251735555,0.0945671629964
60,0.618057897976,0.0953623952466
60,0.615702154839,0.0961890839642
60,0.613425579338,0.0970101099904
60,0.610912326663,0.0978756819636
60,0.608291150166,0.0987664836321
60,0.60615090302,0.0995865314973
60,0.603419119686,0.100511518141
61,0.601263015489,0.10134859608
61,0.598697290547,0.102262581603
61,0.596132869375,0.103185384944
61,0.593658853475,0.104101760308
61,0.591104327784,0.105041922373
61,0.588121930784,0.106069625175
61,0.585867592287,0.106977539979
62,0.583162024266,0.107979497739
62,0.580429497855,0.10900026777
62,0.5775335749,0.110067279279
62,0.574895319774,0.11110193065
62,0.572106165137,0.112183874894
62,0.569257391553,0.113298177369
62,0.566326722475,0.114452117203
63,0.563191235286,0.115674266959
63,0.560220669803,0.116892406742
63,0.557068214025,0.118181692593
63,0.55392486665,0.119506439903
63,0.550869733694,0.120853143959
63,0.547804010071,0.122247111006
64,0.544455770119,0.12375473885
64,0.541617703524,0.125200885304
64,0.537984986164,0.12689145426
64,0.534538446636,0.128606564095
64,0.531403159357,0.130318109335
64,0.52801135959,0.132168687875
64,0.524369781481,0.13416543176
65,0.521091939451,0.136156839307
65,0.517604787191,0.138294091462
65,0.514318854739,0.140472477548
65,0.510805342546,0.142811199329
65,0.507535162618,0.145182285273
65,0.503982490526,0.147736386516
65,0.500865399884,0.150264495658
66,0.497569509249,0.152945608501
66,0.494302246684,0.155716784607
66,0.49129722773,0.158499368187
66,0.48822922028,0.161390977566
66,0.485110663837,0.164384108934
66,0.482558345384,0.167260289083
67,0.479339550166,0.170436646029
67,0.47688697121,0.173401460184
67,0.47410532743,0.176534953424
67,0.471581275449,0.17961360433
67,0.468991187173,0.182748039281
67,0.466483241371,0.18587208707
67,0.46420699099,0.188913920046
68,0.461946980272,0.191948537518
68,0.459619161994,0.195003030185
68,0.457415827839,0.197988355294
68,0.455276194611,0.200921259386
68,0.453067005766,0.203853982486
68,0.450898102525,0.20673274718
69,0.448836919931,0.209520758257
69,0.44681699355,0.212243575911
69,0.444622593807,0.21500209452
69,0.442536265319,0.217660298122
69,0.440593060261,0.220197453955
69,0.438287877596,0.222867037566
70,0.436016459089,0.225474768676
70,0.433934685915,0.227939630743
70,0.431834383028,0.230370369273
70,0.429635350834,0.232813786504
70,0.426935071388,0.235497510167
70,0.424715274821,0.237888717906
71,0.422107548551,0.240472757262
71,0.419602526362,0.242980462985
71,0.417019588485,0.245519426036
71,0.414664552894,0.247913174962
71,0.41182366875,0.250593192818
71,0.409255770715,0.253109069941
71,0.406526796667,0.255729431324
72,0.403649975046,0.258454884601
72,0.400719419564,0.261232926645
72,0.397838972799,0.264000250726
72,0.395074956538,0.266713860192
72,0.392113226894,0.269588827192
72,0.389149461646,0.272498696637
73,0.386185795989,0.275445118612
73,0.383207483752,0.278441749502
73,0.380013516001,0.281640897011
73,0.377106347082,0.284675099783
73,0.374062404718,0.287860655893
74,0.370864380601,0.291219773631
74,0.367784554661,0.294544222817
74,0.364594123203,0.298017918385
74,0.361629431168,0.301368470394
74,0.358468784988,0.30494575918
74,0.355283509243,0.308613757771
75,0.352118755782,0.312336488109
75,0.349106019663,0.315996533439
75,0.346020840127,0.319795559071
75,0.342874125959,0.323730237731
75,0.339862510019,0.327617651286
75,0.336673507571,0.331760358557
76,0.333518594904,0.335960051485
76,0.330652326326,0.339956111691
76,0.327488195285,0.344349292606
76,0.324548861415,0.348602166912
76,0.321658170625,0.352896352988
76,0.318692479929,0.357370932197
77,0.315735303163,0.361939867874
77,0.312904618348,0.366468818504
77,0.310086842761,0.37108874831
77,0.307277824144,0.375808528493
77,0.304423049202,0.380700704736
78,0.301818691364,0.385396033057
78,0.299171208943,0.390262489596
78,0.296622369614,0.395120355521
78,0.293961778513,0.400253439574
78,0.291443735848,0.405324012473
78,0.288987375856,0.410440661599
79,0.286604142002,0.415587663628
79,0.284270579396,0.420799566853
79,0.282014905367,0.426035643561
79,0.279804935957,0.431344716659
79,0.277714420197,0.436612829706
80,0.275522277128,0.442189464212
80,0.273569681392,0.44753193951
80,0.271639535662,0.4529850076
80,0.269774067247,0.458479702978
80,0.267925327,0.464097307348
80,0.266229909965,0.469599103237
81,0.264634929487,0.475068515891
81,0.263086479794,0.480596857278
81,0.261591524227,0.486168409409
81,0.260149906828,0.491779340008
81,0.258820266408,0.49731219005
82,0.257465072514,0.503024703976
82,0.256281120462,0.50852791658
82,0.255164699632,0.514013716282
82,0.25406567802,0.519576941574
82,0.253011680074,0.525157068608
83,0.252015147203,0.530722205206
83,0.251095785886,0.536223562307
83,0.250202992447,0.541762443247
83,0.249442167166,0.547103986696
83,0.248642564081,0.552615052841
84,0.247980555947,0.557900755159
84,0.247255280613,0.563405594223
84,0.246616976394,0.568786431485
84,0.24596545457,0.574267157005
84,0.245435913373,0.5795258523
84,0.244941608759,0.584754876619
85,0.244456900869,0.590006943363
85,0.244010003513,0.595204549597
85,0.243585819371,0.600372521488
85,0.2431673609,0.605540534484
85,0.242768759151,0.610660530474
86,0.242360009989,0.615794325044
86,0.241966844509,0.620863362428
86,0.241618422042,0.625777769632
86,0.241248711838,0.630694420594
86,0.240827166972,0.635684227228
87,0.240408060048,0.640596896311
87,0.239960162696,0.645508791296
87,0.239479276935,0.650428480007
87,0.238992745162,0.655281129569
87,0.238453083866,0.660198898584
88,0.23790024654,0.665077276557
88,0.237316830894,0.669971935257
88,0.236703273169,0.674892007774
88,0.236081603939,0.679786608876
88,0.235434147974,0.684719776988
89,0.234725601672,0.689811132667
89,0.234036836534,0.694841226464
89,0.233343365704,0.69989810452
89,0.232629769631,0.705046368564
90,0.231944804171,0.710156887716
90,0.231223755469,0.715446026434
90,0.230534509321,0.720724264026
90,0.229851288601,0.726089267152
90,0.229209282472,0.731447281522
91,0.228590276693,0.736871660451
91,0.228000574038,0.742357525461
91,0.227445690886,0.747900742521
91,0.226921910028,0.753525862936
91,0.226456347382,0.759153080027
92,0.226039971017,0.764819849412
92,0.225687664729,0.770481388747
92,0.22536070738,0.776273959813
92,0.225104625747,0.782043976115
92,0.224916987545,0.787798692736
93,0.224777909845,0.793605614825
93,0.224690618832,0.799450638678
93,0.22469588046,0.805183256056
93,0.224734376449,0.811008690879
94,0.224816704536,0.816882926845
94,0.224976418483,0.822675873545
94,0.225184026748,0.828485477466
94,0.225434546984,0.834320977907
94,0.22573275704,0.840155167405
95,0.226098585067,0.845903366271
95,0.226479627263,0.851751164501
95,0.226927024578,0.857496706346
95,0.22739249818,0.863311879828
96,0.227929900903,0.868982606418
96,0.228481412422,0.874719076342
96,0.229072201922,0.880416426378
96,0.229702164259,0.886066120418
96,0.230338048074,0.891788378167
97,0.231016093364,0.897435699423
97,0.231721442619,0.903058290011
97,0.232442969656,0.9086930302
97,0.233193988721,0.914282000997
98,0.2339683921,0.919843551768
98,0.234739355832,0.925478490493
98,0.235542985362,0.931040505641
98,0.236376319929,0.936537108503
98,0.237208523829,0.94208715287
99,0.238071179608,0.947562643256
99,0.23892064257,0.953134998624
99,0.239799118257,0.958634382868
99,0.240700671196,0.964082795593
100,0.241600813478,0.969577300229
100,0.242514773297,0.975056397521
100,0.243451151969,0.980485174913
100,0.244376758687,0.98599742743
100,0.245327031587,0.991450815296
101,0.246291468818,0.996888289953
101,0.247255642269,1.00236926099
101,0.248227323223,1.00786360253
101,0.249232679025,1.01326641213
102,0.250222540498,1.0187791194
102,0.251230088974,1.02426869284
102,0.25226355024,1.02970339559
102,0.253306846482,1.03515080302
103,0.254348310034,1.04066087485
103,0.255424650179,1.0460857362
103,0.256490149536,1.05161490297
103,0.257574713277,1.05712837735
104,0.258679106108,1.06262543616
104,0.259800036627,1.06812208743
104,0.260928625443,1.07365743489
104,0.262075700455,1.07918959545
105,0.263247772082,1.08469439731
105,0.26442089764,1.09027322851
105,0.265626031179,1.09580130976
105,0.26683585127,1.10139420051
106,0.268079276314,1.10693555194
106,0.269328489695,1.11254330529
106,0.270595701989,1.11817032563
106,0.271895789894,1.12375856869
106,0.273208599253,1.12939497513
107,0.274552883043,1.13500594389
107,0.275905287627,1.14069222506
107,0.277297852795,1.14632590604
107,0.278697151872,1.15205010169
108,0.280133904826,1.15774317462
108,0.281597630044,1.1634542952
108,0.283090283556,1.16918174475
108,0.284612823879,1.17492850061
109,0.286157894409,1.18073246413
109,0.287749608729,1.18650233953
109,0.289372593229,1.19231048354
109,0.291033444348,1.19813933093
110,0.292737261707,1.20397829361
110,0.294476932914,1.20986778486
110,0.29626997945,1.215747737
110,0.298110648023,1.22165454543
111,0.299997464145,1.22760766766
111,0.301943083026,1.23356942115
111,0.303950656029,1.23954176974
112,0.306027833564,1.24550890635
112,0.308161788231,1.25153874056
112,0.310377767834,1.25754452888
112,0.312667659922,1.26357517496
113,0.315035469412,1.26962997181
113,0.317495515923,1.27566613537
113,0.32005192176,1.2816812298
113,0.322703086842,1.28769423618
114,0.325452525728,1.29370153334
114,0.328311108511,1.2996678368
114,0.331266404871,1.30564707463
114,0.334337125697,1.31156614327
115,0.337520051832,1.31743433091
115,0.340820554248,1.32322214718
115,0.34423884775,1.32891474097
115,0.347761945033,1.33454177453
116,0.351386493626,1.34008840374
116,0.355121835065,1.34548456101
116,0.358937921037,1.35080253875
117,0.362854839215,1.35591750274
117,0.366833343546,1.36092058202
117,0.370871152516,1.36575686082
117,0.374958277577,1.3703944994
118,0.379064647072,1.3748696876
118,0.383176832761,1.37915303689
118,0.387278811304,1.38322224069
118,0.391342599443,1.38709679307
119,0.395345705035,1.39077709417
119,0.399256501333,1.39429856144
119,0.403063717731,1.39763063004
120,0.406746543028,1.40078459041
120,0.410278486092,1.40380140214
120,0.413645680042,1.40669072882
120,0.416835430411,1.40947235606
121,0.419836207801,1.41217695592
121,0.422641422207,1.41483339407
121,0.425257453965,1.4174413378
121,0.427686967531,1.42002567193
122,0.429921088533,1.42265954748
122,0.431980380976,1.42532570474
122,0.43388046628,1.4280280343
123,0.43562590276,1.43080854461
123,0.437232817716,1.43367049299
123,0.438714094374,1.43662563896
123,0.440088302029,1.43966409467
124,0.441365984149,1.44279906424
124,0.442552669621,1.44605726697
124,0.443671570393,1.44940545605
125,0.444720943275,1.45289047324
125,0.445721671152,1.45648433961
125,0.446687612222,1.46018137702
125,0.447620578846,1.46401454697
126,0.448541408791,1.46795345359
126,0.449452899262,1.47202486629
126,0.450379939608,1.47618057397
127,0.451323860321,1.48044603181
127,0.452294131454,1.48481588017
127,0.453302473703,1.48927264632
128,0.454350782278,1.49382610348
128,0.455453462477,1.49843982119
128,0.456608167666,1.50312750372
128,0.457816132669,1.50788651414
129,0.459085128699,1.51268857061
129,0.460417934255,1.51751828057
129,0.461804628308,1.52239921156
130,0.463253786121,1.52729170844
130,0.464759034362,1.53220375154
130,0.466315681994,1.53713671871
131,0.467917096991,1.54209784095
131,0.469573865902,1.54703751719
131,0.471273174695,1.5519835693
131,0.473005411847,1.55695383065
132,0.474778691624,1.56190860956
132,0.476592960971,1.56683615597
132,0.478430587299,1.57178362256
133,0.480302400506,1.57670575631
133,0.482195173676,1.58163752715
133,0.484115369632,1.58655040513
134,0.486051641558,1.59147534839
134,0.488012174355,1.59638028663
134,0.489995858616,1.6012644966
134,0.491989683322,1.60616681767
135,0.494008832145,1.61103451295
135,0.496041004613,1.61590494536
135,0.498089794805,1.62076373212
136,0.500145927982,1.62563829818
136,0.502228286854,1.63046421454
136,0.504314760726,1.63530973266
137,0.506419427324,1.64012479233
137,0.508531339794,1.64493951575
137,0.510655986694,1.64972956857
138,0.512790837091,1.65449523099
138,0.514929681602,1.65924712724
138,0.5170696978,1.66398335275
139,0.519210473445,1.66869270055
139,0.521348646912,1.6733720178
139,0.523473601969,1.67804014437
140,0.52558626087,1.68267790051
140,0.527682040082,1.68728322692
140,0.529751420814,1.69186975539
141,0.531791821881,1.69642943388
141,0.533794620104,1.70097467623
141,0.535752436108,1.70551577187
142,0.537666067419,1.71003958378
142,0.539526275595,1.7145682431
142,0.541330136503,1.71910774248
142,0.543079146679,1.723654577
143,0.544768464035,1.72823033392
143,0.546397093268,1.73284960925
143,0.547973399627,1.73750263483
144,0.549493824179,1.74222266062
144,0.550969811102,1.74700023541
144,0.552410278023,1.75183825783
145,0.553816289862,1.75676814727
145,0.555198857068,1.76179252982
145,0.556575758223,1.76689427558
146,0.557955194181,1.7720872744
146,0.559341750017,1.77739643468
146,0.560763952048,1.78276899187
147,0.56221851699,1.78825059194
147,0.563724631316,1.79381184325
148,0.565291301138,1.79945126248
148,0.566928143083,1.80516030194
148,0.568643010827,1.81093039804
149,0.57044184522,1.81675312243
149,0.572335759135,1.82259745993
149,0.574315831618,1.82849007637
150,0.576395262307,1.83438120836
150,0.578570263933,1.8402694451
150,0.580836695547,1.84614907449
151,0.583192637765,1.85200229592
151,0.585630196954,1.85782570379
151,0.588148118252,1.86359070185
152,0.590735592105,1.86929537039
152,0.593378407473,1.87494532973
152,0.596074480397,1.88050516388
153,0.598806889692,1.88598416629
153,0.601565677956,1.89136794219
153,0.604332629341,1.89666692195
154,0.607092310961,1.90188212459
154,0.609838158546,1.9069868327
154,0.61255214351,1.91199098605
155,0.615216045864,1.91690645249
155,0.617816588805,1.92173181877
156,0.620336995225,1.92647954218
156,0.622766493802,1.93114720438
156,0.625088832574,1.93575403323
157,0.627288752962,1.94032155379
157,0.629361570126,1.9448447539
157,0.631294158945,1.94935159725
158,0.633081545457,1.95385225182
158,0.634717699965,1.95836796276
158,0.636200725151,1.96291526263
159,0.637529717278,1.96751569741
159,0.638700821294,1.97220783889
160,0.639729482108,1.97697820237
160,0.640618818989,1.98185824865
160,0.641375581532,1.98687436359
161,0.642016156332,1.99202823285
161,0.642549490418,1.99734859617
161,0.642996274184,2.00283051948
162,0.643365603648,2.00850662978
162,0.643681021031,2.01436477543
163,0.643959906,2.02041092589
163,0.644216493653,2.02665878234
163,0.644467993909,2.03310962335
164,0.64473287034,2.03975681515
164,0.645027598037,2.04659484265
164,0.645363262673,2.05362217158
165,0.645754741358,2.06082622146
165,0.646209111025,2.068217512
166,0.646739907491,2.07578167397
166,0.647357892986,2.08350941539
166,0.648069173631,2.09140341006
167,0.648884965127,2.09944766843
167,0.649813721334,2.10763363543
168,0.650858744173,2.11596879081
168,0.652029396406,2.12444087348
168,0.653333000628,2.13304446231
169,0.654780434842,2.14176282226
169,0.656374344488,2.15060618816
169,0.658130832198,2.15954024035
170,0.660048417765,2.16858687756
170,0.662141736107,2.17771257711
171,0.664416588952,2.18690885984
171,0.666878630894,2.19616235159
171,0.669529377951,2.20546647787
172,0.672376263774,2.2147870449
172,0.675414690914,2.22412033847
173,0.678645039323,2.23343646354
173,0.682055964085,2.24273415643
173,0.685644057479,2.25197640602
174,0.689394712334,2.26115427823
174,0.693291025316,2.27025892892
175,0.697319205544,2.27926567751
175,0.701455600101,2.28817857168
175,0.705678431948,2.29699418444
176,0.709970201337,2.30569625117
176,0.714306586269,2.31429412772
177,0.718661995011,2.32280683334
177,0.723020659148,2.33122948967
177,0.727360435312,2.33958837928
178,0.731665324848,2.34790395598
178,0.735922673861,2.35620503597
179,0.740127302904,2.36452279743
179,0.74428212378,2.37289788374
180,0.748407868831,2.38135824112
180,0.752534964451,2.38994955969
180,0.756713395566,2.3986982869
181,0.76100791811,2.4076064968
181,0.765482442476,2.416665492
182,0.770201844772,2.42580528065
182,0.775200056441,2.43495490128
182,0.780473755542,2.44404129939
183,0.78599072326,2.45297249785
183,0.791684913061,2.4616921467
184,0.797473525306,2.47018233511
184,0.803283739514,2.47843545337
185,0.809046812581,2.48650922503
185,0.814733116678,2.49442929137
185,0.820319252236,2.50227784265
186,0.825820085794,2.51006934202
186,0.831244463906,2.51785785988
187,0.83661536756,2.52565365899
187,0.841951536765,2.53346671853
188,0.847266786065,2.54130472578
188,0.85257378659,2.54916318837
188,0.857878708489,2.55704532334
189,0.863188076409,2.56494549474
189,0.86850356642,2.57286786911
190,0.873830063205,2.58080453969
190,0.87916698593,2.58876246795
191,0.88452007475,2.596729309
191,0.889884201189,2.60472433721
192,0.895264582564,2.61273622036
192,0.900661915847,2.6207668015
192,0.906076318666,2.62881950776
193,0.911509383828,2.63689340324
193,0.916964013801,2.64498374089
194,0.922436942552,2.6531035327
194,0.927933619405,2.66124061267
195,0.933451215558,2.66940659636
195,0.938992621445,2.67759662843
196,0.94456010265,2.68580765676
196,0.950152658887,2.69404589552
196,0.955769132898,2.70231790458
197,0.961416505769,2.71060719734
197,0.967090952021,2.7189278285
198,0.972793379476,2.72728039961
198,0.978527075904,2.73565882816
199,0.984292015399,2.74406631608
199,0.990087587332,2.75250763585
200,0.995918058188,2.7609739695
200,1.00178068113,2.7694759731
201,1.00767889299,2.77800712737
201,1.01361338725,2.78656852249
201,1.01958315566,2.7951659017
202,1.02559050073,2.80379589804
202,1.03163480034,2.81246316577
203,1.0377188672,2.82116298606
203,1.04384338844,2.82989647863
204,1.05000754504,2.83866885353
204,1.05621570666,2.84747131348
205,1.06246420932,2.85631680496
205,1.06875612532,2.86520012958
206,1.07509220414,2.87412242686
206,1.08147387488,2.88308309659
207,1.0879019232,2.89208335791
207,1.09437632306,2.90112669186
208,1.10089816941,2.9102137284
208,1.10746996012,2.91934157895
209,1.11409007731,2.92851843905
209,1.12076070506,2.9377427398
210,1.12748398438,2.94701341458
210,1.13425943253,2.95633672198
211,1.14109134419,2.9657070402
211,1.14797626986,2.97513965669
211,1.15491778644,2.9846325151
212,1.16192015017,2.99418308233
212,1.16898311348,3.00380199869
213,1.17611132164,3.01348920181
213,1.18330680418,3.02325371602
214,1.19057426508,3.03310056243
214,1.19791867981,3.0430374926
215,1.20534949346,3.05306492622
215,1.2128745762,3.06319194669
216,1.22050203948,3.0734321996
216,1.22824712847,3.08378704034
217,1.23612647814,3.09426047352
217,1.24415606814,3.10486438272
218,1.25235959606,3.11559744174
218,1.26076088953,3.12646360918
219,1.26938794664,3.13746105331
219,1.27827191531,3.14858319833
220,1.28744574124,3.15981994754
220,1.29694674791,3.17114861501
221,1.30681038572,3.18254593209
221,1.31706986421,3.19398491997
222,1.32776217753,3.20541590969
223,1.33891439347,3.21679519264
223,1.35055225491,3.22805943493
224,1.36269117132,3.23914288288
224,1.37533825633,3.24996838464
225,1.38848706337,3.26045663021
225,1.40211906368,3.27052038933
226,1.41619757846,3.28007778455
226,1.43067436983,3.28903745195
227,1.44547973673,3.29732367907
227,1.46053196072,3.30485836814
228,1.47572917616,3.31158500967
228,1.49096181477,3.31744730637
229,1.50610253202,3.32241992066
229,1.52101928122,3.3264881293
230,1.53557439555,3.32965956674
230,1.54962430196,3.33197433193
231,1.56303555569,3.33347966856
231,1.57567684745,3.33425614672
232,1.5874302507,3.33440121482
232,1.59818913726,3.33403992807
233,1.6078694145,3.33330592883
234,1.61640842666,3.33234662113
234,1.62376652196,3.33132053719
235,1.62992550367,3.33039896039
235,1.63490099957,3.32973704999
236,1.63872525255,3.32950357955
236,1.64146072771,3.32984592318
237,1.64318986188,3.33090235838
237,1.64401352535,3.33279554151
238,1.64404654948,3.33563139434
238,1.64341749002,3.33948931096
239,1.64226175943,3.34442617494
240,1.64071475192,3.35048126391
240,1.63891045358,3.3576712515
241,1.63698141199,3.365983865
241,1.6350450696,3.37540124926
242,1.63321227417,3.38587969875
242,1.63157739122,3.39736895191
243,1.63022174254,3.40980572174
243,1.62920894391,3.42312547252
244,1.62859100174,3.43725293169
245,1.62840014896,3.45212340205
245,1.62866024464,3.46766350959
246,1.62938072671,3.48380898704
246,1.63055849979,3.50050587248
247,1.63218561987,3.51769902074
247,1.63424400346,3.53534805472
248,1.63671211551,3.55341721574
249,1.63956298973,3.57188336141
249,1.64277007902,3.59072649992
250,1.64630245469,3.60994299848
250,1.65013348564,3.62952895806
251,1.65423469624,3.64949559938
251,1.65858213318,3.6698569576
252,1.66315427012,3.6906359119
253,1.66793278661,3.71186377759
253,1.67290496526,3.73357619291
254,1.67806563053,3.75580992436
254,1.68341049744,3.77861889744
255,1.68894814119,3.80204860169
256,1.69469152202,3.82615621999
256,1.70066189942,3.85100304547
257,1.70689232002,3.87664767576
257,1.71342362923,3.90315598936
258,1.72031021867,3.93058883762
259,1.72761676384,3.95900982752
259,1.73542007527,3.98848102128
260,1.74381059818,4.01905875125
260,1.7528922228,4.05079249902
261,1.7627819805,4.08372311423
262,1.77360970602,4.11788006607
262,1.78551408239,4.15328598282
263,1.79864963407,4.18993462074
263,1.81317369412,4.22781429721
264,1.82925290666,4.26688498076
265,1.84705496721,4.30708899146
265,1.86674808613,4.34834323598
266,1.88849675807,4.39053987323
266,1.91245619442,4.43355021409
267,1.93877098295,4.47721921868
268,1.96756839079,4.52137315753
268,1.99895712657,4.56581559327
269,2.03302207072,4.61033388261
269,2.06982187014,4.65470043749
270,2.10938453212,4.69868002769
271,2.151707392,4.74202888631
271,2.19675256741,4.78450581728
272,2.24444760977,4.82587385772
273,2.29468325043,4.86591098155
273,2.34731526054,4.90441512634
274,2.40216676983,4.94121262767
274,2.4590319798,4.97616911036
275,2.51768356281,5.00919934153
276,2.5778836844,5.04027738643
276,2.63939959834,5.0694455792
277,2.70202411586,5.09682080907
278,2.76560496331,5.12258772095
278,2.83006893733,5.14699990576
279,2.89545867078,5.17034695591
280,2.96195448276,5.19292793504
280,3.0298936604,5.21499631635
281,3.0997693953,5.23669885447
282,3.17220291928,5.25801421446
282,3.24789362273,5.27868691981
283,3.32753910761,5.29818460559
283,3.41173387854,5.31568723987
284,3.50086392496,5.33010985063
285,3.59500651428,5.34017283335
285,3.69386267859,5.34449848982
286,3.79672367559,5.34174058012
287,3.90248304779,5.33072214705
287,4.00970229326,5.31055125129
288,4.11671017738,5.28071581174
289,4.22172504533,5.24114136564
289,4.32299001364,5.19219885748
290,4.41889805602,5.13467292204
291,4.5081002964,5.06968872805
291,4.5895749407,4.99862309345
292,4.66267193394,4.92298927349
293,4.72711291886,4.84433185233
293,4.78296105078,4.76413069907
294,4.83057227709,4.6837188634
295,4.87052116355,4.60423566382
296,4.90353469379,4.52659231104
296,4.93041598284,4.45147406757
297,4.95198844736,4.37935100464
298,4.96904367622,4.31051075939
298,4.98231685365,4.24508663685
299,4.99246162694,4.18309982801
300,5.00004769035,4.12448900328
300,5.00556121525,4.06913955426
301,5.00941394713,4.01690378553
302,5.01195015423,3.96761889723
302,5.01345879497,3.92111592954
303,5.01418400323,3.87722551143
304,5.01433082377,3.8357833619
305,5.01407242409,3.79663151355
305,5.01355726093,3.7596174348
306,5.01291287766,3.72459429631
307,5.01224456164,3.69142410672
307,5.01164481213,3.65997225714
308,5.01118967208,3.63011155276
309,5.01094135232,3.60172135644
309,5.01095093745,3.57468662274
310,5.01126020568,3.54889754191
311,5.01189844079,3.52425266918
312,5.01288962397,3.50065462547
312,5.01424896274,3.47801331874
313,5.01598482594,3.45624525057
314,5.01809866479,3.43527416529
315,5.0205893866,3.41502857631
315,5.02345061573,3.3954441207
316,5.0266722049,3.37646289358
317,5.03024310788,3.35803182142
317,5.03414646092,3.34010618707
318,5.03836909723,3.32264343259
319,5.04289253485,3.30560925753
320,5.04769984529,3.28897308187
320,5.05277489613,3.27270854728
321,5.05810067075,3.25679453785
322,5.06365980285,3.24121469804
323,5.06944028334,3.22595363521
323,5.07542547946,3.2110031476
324,5.08160447314,3.1963554333
325,5.08796630956,3.18200658279
326,5.09450081187,3.16795586538
326,5.10120296546,3.15420283756
327,5.10806630828,3.14075132082
328,5.11508627403,3.12760717838
329,5.12226402333,3.11477589069
329,5.1295979119,3.10226770941
330,5.13709266989,3.09009201135
331,5.14475315251,3.07826108222
332,5.1525879182,3.06678793985
332,5.16060591991,3.05568830371
333,5.1688233305,3.04497652123
334,5.17725612965,3.03466993863
335,5.18592299523,3.0247870916
335,5.19484955191,3.01534511417
336,5.20406320819,3.00636260365
337,5.21359362509,2.99785911347
338,5.22347879678,2.98985141193
339,5.23375707893,2.98235784367
339,5.2444699833,2.97539651261
340,5.25566747295,2.96898222369
341,5.267397616,2.96313252273
342,5.27971590967,2.95786290629
343,5.29268187558,2.95318972028
343,5.30635642345,2.94913314153
344,5.32080966078,2.94571495277
345,5.3361190511,2.9429623099
346,5.35237400101,2.94090832883
346,5.36968011444,2.93959289079
347,5.38816713443,2.93906081969
348,5.40799570011,2.93935921455
349,5.42936291025,2.94053277685
350,5.45251500761,2.9426113559
351,5.47775191163,2.94559680815
351,5.50542675937,2.94944648763
352,5.53594846621,2.95404878506
353,5.56976817368,2.95920164496
354,5.6073632958,2.96458842558
355,5.64920805572,2.96975992732
355,5.69574267598,2.97411989988
356,5.74732943052,2.97692441452
357,5.80421073891,2.97729089624
358,5.86646754013,2.97422057956
359,5.93398444456,2.96663226761
360,6.00642476798,2.95340540701
360,6.08320984618,2.93343328323
361,6.16352244441,2.90567365837
362,6.24631213619,2.86920478094
363,6.33031860859,2.82327603681
364,6.41410214418,2.76735605194
365,6.49608817769,2.70117300509
365,6.57461491483,2.62474987704
366,6.6479966129,2.53842663178
367,6.71459238687,2.44287076136
368,6.77287276168,2.33907522378
369,6.82149811287,2.22833475089
370,6.85938582565,2.11220628129
370,6.88577011619,1.99245006518
371,6.90025005011,1.87095360951
372,6.90281216338,1.74964533192
373,6.89382985602,1.63040200105
374,6.87404463044,1.51495595298
375,6.84451327137,1.4048141127
376,6.8065408088,1.30119189053
376,6.76159411413,1.20497038444
377,6.71121465167,1.1166781446
378,6.6569261497,1.03650067526
379,6.60015327464,0.964313699414
380,6.54216024522,0.899735065084
381,6.48400754407,0.842189427115
382,6.42652991498,0.790977566372
383,6.37033434688,0.745342877449
383,6.3158249487,0.704527786287
384,6.26322632508,0.667818996342
385,6.21262118635,0.634577290617
386,6.16399157315,0.604253239843
387,6.11724941079,0.576391920436
388,6.07227041723,0.550627864403
389,6.02891585486,0.526674863357
390,5.98704478667,0.504313096686
391,5.9465311517,0.483374671463
392,5.90726311188,0.463731206446
392,5.86914879439,0.445282361348
393,5.83211249668,0.427947130257
394,5.79609586951,0.411656806303
395,5.76105099463,0.396350449363
396,5.72694220218,0.381971313306
397,5.69373871082,0.368465185917
398,5.66141694939,0.355778997841
399,5.62995337838,0.343860718991
400,5.59932888636,0.332658939858
401,5.56952402249,0.322123301466
402,5.54051921136,0.31220474354
403,5.51229234705,0.302855957811
403,5.4848225327,0.294031493481
404,5.45808877877,0.285688122886
405,5.43206646273,0.277785257233
406,5.40673280149,0.270284825195
407,5.38206180673,0.263151641496
408,5.35803020418,0.256353157541
409,5.33461244498,0.249859707095
410,5.31178290221,0.243644345048
411,5.28951703943,0.237682707261
412,5.26779192186,0.231952875077
413,5.24658136795,0.226435449782
414,5.22586423668,0.221113029756
415,5.20561808183,0.215970326425
416,5.18582066651,0.210993922992
417,5.16645136532,0.206172044659
418,5.14749272855,0.201494331705
419,5.12892389711,0.196951938002
420,5.1107289549,0.192537045301
421,5.09289165963,0.188242927137
421,5.07539579457,0.184063796459
422,5.05822721832,0.179994605739
423,5.0413742133,0.176030926195
424,5.02482139327,0.172169060135
425,5.00855944972,0.16840560806
426,4.99257609063,0.164737704386
427,4.97686252447,0.161162725243
428,4.96140751179,0.157678424729
429,4.94620381873,0.154282671133
430,4.93124210382,0.150973598544
431,4.91651610143,0.147749404514
432,4.90201799194,0.144608460988
433,4.88774157233,0.141549189367
434,4.87368021532,0.138570098874
435,4.85982754203,0.135669746848
436,4.84617898737,0.132846680282
437,4.83273071832,0.130099456458
438,4.81947536289,0.127426747027
439,4.80641066736,0.124827096598
440,4.79353113932,0.122299141657
441,4.78083400484,0.119841449075
442,4.76831352085,0.117452658849
443,4.75596838342,0.115131296075
444,4.7437928156,0.112875990948
445,4.73178565315,0.11068525636
447,4.71994245125,0.108557678558
448,4.70826031096,0.10649180195
449,4.69673770789,0.104486136572
450,4.68537053642,0.102539248188
451,4.67415636505,0.100649663209
452,4.66309267879,0.0988159102736
453,4.65217699266,0.0970365192396
454,4.64140641859,0.0953100316443
455,4.63077965286,0.0936349614977
456,4.62029380114,0.0920098625756
457,4.60994621569,0.090433291536
458,4.5997350123,0.088903799922
459,4.5896583439,0.0874199506394
460,4.57971378565,0.0859803310593
461,4.56990004856,0.0845835219676
462,4.56021353022,0.0832281633957
463,4.55065345726,0.0819128604577
464,4.54121683313,0.0806362778895
465,4.53190319474,0.0793970551955
466,4.52271021543,0.0781938868179
468,4.51363513795,0.0770254965479
469,4.50467676125,0.075890604622
470,4.49583334679,0.074787965169
471,4.48710229461,0.0737163718044
472,4.47848272536,0.0726746156308
473,4.46997200656,0.0716615433685
474,4.46156910903,0.0706760030984
475,4.45327269217,0.0697168763574
476,4.44507974516,0.0687830993324
477,4.43698979659,0.0678735973998
478,4.42900046166,0.0669873551076
480,4.42111032276,0.0661233716949
481,4.41331803171,0.0652806754698
482,4.40562079545,0.0644583461481
483,4.39801828845,0.0636554572085
484,4.39050840989,0.0628711386443
485,4.3830888821,0.0621045529061
486,4.37575975666,0.0613548596041
487,4.36851908993,0.0606212770931
489,4.36136377247,0.0599030694545
490,4.35429456006,0.0591994770681
491,4.34730795444,0.058509828308
492,4.34040311789,0.0578334441742
493,4.33357997592,0.0571696647682
494,4.32683592693,0.0565178923485
495,4.32016894832,0.0558775490691
496,4.31357865352,0.0552480633452
498,4.30706319824,0.0546289096155
499,4.3006221566,0.0540195707406
500,4.29425315037,0.0534195802379
501,4.28795490234,0.0528284828681
502,4.28172664353,0.0522458419065
503,4.27556604277,0.051671263807
505,4.26947397,0.0511043396028
506,4.26344730821,0.0505447312811
507,4.25748674348,0.0499920773118
508,4.25158869579,0.0494460879406
509,4.24575336083,0.0489064494287
510,4.23997963442,0.0483728833255
512,4.23426607257,0.0478451341527
513,4.22861207794,0.0473229551992
514,4.22301573683,0.046806132204
515,4.21747750821,0.0462944414019
516,4.21199434271,0.04578771398
517,4.20656720062,0.0452857525399
519,4.20119370173,0.0447884108348
520,4.19587345923,0.0442955349824
521,4.19060538132,0.0438069919955
522,4.18538905083,0.0433226544256
523,4.1802232182,0.0428424154659
525,4.17510653589,0.0423661803855
526,4.17003895972,0.0418938517414
527,4.16501861551,0.0414253605494
528,4.16004688528,0.0409606146531
530,4.15512013234,0.0404995803829
531,4.15023930995,0.0400421867659
532,4.14540332317,0.039588390608
533,4.14061208245,0.0391381460633
534,4.13586344685,0.0386914331805
536,4.13115747808,0.0382482170044
537,4.1264935046,0.0378084750428
538,4.12187142838,0.0373721845865
539,4.11728956115,0.0369393419366
541,4.11274820798,0.036509929402
542,4.10824571717,0.0360839505207
543,4.10378278451,0.0356613913426
544,4.09935756502,0.0352422631725
546,4.09497105789,0.0348265552416
547,4.09062044451,0.0344142917281
548,4.08630718118,0.0340054623476
549,4.08203030608,0.0336000790983
551,4.07778832431,0.0331981595347
552,4.07358168904,0.0327997062951
553,4.06941000544,0.0324047299946
555,4.0652720637,0.0320132483596
556,4.06116837431,0.0316252659191
557,4.05709802966,0.0312407987284
558,4.05306022316,0.0308598620081
560,4.04905517981,0.0304824630215
561,4.04508112283,0.0301086239415
562,4.04113946581,0.0297383426605
564,4.03722957787,0.0293716320942
565,4.03334974798,0.0290085122742
566,4.02950021066,0.0286489882936
567,4.02568141351,0.0282930631975
569,4.02189178662,0.0279407534845
570,4.01813165913,0.0275920613265
571,4.01440111133,0.027246989855
573,4.01069862225,0.0269055520763
574,4.00702519862,0.026567742829
575,4.00337952797,0.0262335714933
577,3.99976124138,0.0259030399379
578,3.99617056471,0.0255761450948
579,3.99260781231,0.0252528823707
581,3.9890709334,0.0249332610043
582,3.98556123337,0.024617267846
583,3.98207759736,0.0243049038552
585,3.978619985,0.0239961621393
586,3.9751889358,0.0236910313028
587,3.9717827385,0.0233895123323
589,3.96840171092,0.0230915929146
590,3.9650459497,0.0227972611065
591,3.96171519391,0.0225065060531
593,3.95840821862,0.0222193212893
594,3.95512557876,0.021935689227
596,3.95186737734,0.0216555940089
597,3.94863308572,0.0213790223562
598,3.94542213319,0.0211059602394
600,3.94223466998,0.0208363888647
601,3.93907052188,0.0205702903967
602,3.93592843581,0.0203076517804
604,3.93280990584,0.0200484449356
605,3.92971315703,0.0197926579408
607,3.92663958552,0.019540262019
608,3.92358720065,0.0192912447736
609,3.92055774317,0.019045574633
611,3.91754925176,0.0188032376631
612,3.91456227955,0.0185642070421
614,3.91159712171,0.0183284568112
615,3.90865285234,0.0180959662886
617,3.90572909873,0.017866711645
618,3.90282631663,0.0176406648478
619,3.89994458614,0.0174177992949
621,3.89708296941,0.0171980925744
622,3.89424164471,0.0169815169214
624,3.89142021736,0.0167680468188
625,3.88861836739,0.0165576561191
627,3.88583628535,0.0163503162587
628,3.88307437784,0.0161459976369
629,3.88033133971,0.0159446776131
631,3.8776078045,0.0157463252916
632,3.87490268623,0.0155509166944
634,3.87221700265,0.015358419213
635,3.86955041893,0.0151688056708
637,3.86690148038,0.0149820531262
638,3.86427150686,0.0147981277295
640,3.86165967343,0.0146170039849
641,3.85906610505,0.0144386527123
643,3.85649042137,0.0142630466553
644,3.85393233245,0.0140901582101
646,3.85139273273,0.0139199555077
647,3.84886989372,0.0137524162765
649,3.84636475351,0.0135875086321
650,3.84387654686,0.013425206894
652,3.84140552504,0.0132654818635
653,3.83895164123,0.0131083055233
655,3.8365146656,0.0129536505997
656,3.83409469954,0.0128014888192
658,3.8316907605,0.0126517956508
659,3.82930383555,0.0125045401429
661,3.82693290062,0.0123596981433
662,3.82457822818,0.0122172413779
664,3.82223916228,0.0120771447141
665,3.81991647319,0.0119393786447
667,3.81760974287,0.0118039176161
668,3.81531874497,0.0116707356076
670,3.81304284043,0.0115398079939
671,3.81078283298,0.0114111059234
673,3.80853812849,0.0112846049629
675,3.80630833156,0.0111602801937
676,3.80409391526,0.0110381042982
678,3.8018944794,0.0109180526884
679,3.79971022528,0.0108000991788
681,3.7975398764,0.0106842219183
682,3.79538485885,0.0105703915304
684,3.79324480795,0.0104585838767
685,3.79111833941,0.0103487776904
687,3.78900706992,0.0102409435644
689,3.78690920886,0.0101350614939
690,3.78482597015,0.0100311034214
692,3.78275715198,0.00992904521709
693,3.78070148949,0.00982886556542
695,3.77866024266,0.00973053658084
697,3.77663229625,0.00963403660226
698,3.77461855656,0.0095393387771
700,3.77261787117,0.00944642149977
701,3.77063067564,0.00935525910571
703,3.76865690609,0.00926582716584
705,3.76669669575,0.00917810071106
706,3.76474958897,0.00909205612913
708,3.76281552085,0.00900766873252
710,3.76089401868,0.00892491467101
711,3.7589856706,0.00884376740827
713,3.75709073176,0.00876420105384
715,3.7552082188,0.00868619239374
716,3.75333849194,0.00860971481733
718,3.75148086865,0.0085347438454
719,3.74963622396,0.00846125113214
721,3.74780424725,0.00838921071555
723,3.7459843499,0.00831859685847
724,3.74417629587,0.00824938260017
726,3.74238126258,0.00818153743206
728,3.74059803745,0.00811503563009
729,3.7388260846,0.00804984941296
731,3.73706682926,0.00798594621577
733,3.73531996104,0.00792329664717
735,3.73358422015,0.00786187265384
736,3.73186043461,0.00780164105815
738,3.73014815561,0.00774257065891
740,3.72844769867,0.00768462788662
741,3.72675891651,0.00762777932869
743,3.72508166188,0.00757199071357
745,3.72341568024,0.00751722708636
746,3.72176141282,0.00746345115113
748,3.720118089,0.00741062707881
750,3.71848581725,0.00735871625133
752,3.71686488093,0.00730767866896
753,3.71525509534,0.00725747418385
755,3.71365654321,0.0072080610128
757,3.71206863038,0.00715939754854
759,3.71049204285,0.00711143854523
760,3.708925633,0.0070641411086
762,3.70737021393,0.00701745739194
764,3.7058258758,0.0069713397539
766,3.70429224442,0.00692574023216
767,3.70276922023,0.0068806091512
769,3.70125638049,0.00683589625785
771,3.69975356456,0.00679154965364
773,3.69826152175,0.006747514662
775,3.69677991875,0.00670373753719
776,3.69530879167,0.00666016284327
778,3.6938475642,0.0066167353018
780,3.69239630115,0.00657339760779
782,3.69095539473,0.00653009111488
783,3.68952400366,0.00648675870668
785,3.68810251021,0.0064433405595
787,3.68669110144,0.00639977681164
789,3.68528877868,0.00635600941515
791,3.68389659283,0.00631197669532
793,3.68251384997,0.00626762010972
794,3.68113990439,0.0062228813183
796,3.67977604656,0.00617769923134
798,3.67842111583,0.00613201766618
800,3.67707538528,0.00608577901618
802,3.67573855561,0.00603892788726
804,3.67441064,0.00599140988665
805,3.673091936,0.00594317196306
807,3.67178166842,0.00589416488631
809,3.67047971508,0.00584434071856
811,3.66918603161,0.00579365405455
813,3.66790154852,0.00574206091258
815,3.66662429024,0.00568952511116
817,3.66535572168,0.00563600858957
819,3.66409517041,0.00558148041746
820,3.66284212241,0.00552591343777
822,3.66159665556,0.00546928387141
824,3.6603591325,0.00541157203747
826,3.65912874047,0.00535276471095
828,3.65790550142,0.00529285229489
830,3.65669008411,0.00523182929777
832,3.65548101568,0.00516969844174
834,3.65427976804,0.00510646345346
836,3.6530841576,0.00504213846197
838,3.65189583764,0.00497673747556
840,3.65071373747,0.00491028350292
841,3.64953855467,0.00484280227404
843,3.64836922579,0.00477432690102
845,3.64720595202,0.0047048936572
847,3.64604829701,0.00463454431807
849,3.64489715429,0.00456332340824
851,3.64375169994,0.00449128182241
853,3.64261170411,0.0044184735615
855,3.64147741682,0.00434495560501
857,3.64034835269,0.0042707890396
859,3.63922501935,0.00419603662828
861,3.63810672939,0.00412076500934
863,3.63699373474,0.00404504181044
865,3.6358860281,0.0039689366559
867,3.63478301988,0.00389252108726
869,3.63368545566,0.00381586609272
871,3.63259233353,0.00373904502886
873,3.63150416489,0.00366212977092
875,3.63042050586,0.00358519294293
877,3.62934202775,0.00350830546845
879,3.62826813026,0.00343153861627
881,3.62719899148,0.00335496166586
883,3.62613450464,0.00327864266845
885,3.62507471984,0.00320264777142
887,3.62401954005,0.00312704126788
889,3.62296897292,0.00305188516757
891,3.62192268612,0.00297723939866
893,3.6208809296,0.00290316088639
896,3.61984395771,0.0028297039427
898,3.61881107696,0.00275692089601
900,3.61778331075,0.00268485994842
902,3.61675963535,0.00261356801585
904,3.61574050413,0.00254308802235
906,3.61472610275,0.00247346022924
908,3.61371573801,0.00240472262539
910,3.61271041793,0.00233690920189
912,3.61170944054,0.00227005229364
914,3.61071302286,0.00220418086941
916,3.60972089321,0.00213932151242
918,3.6087337257,0.00207549762342
921,3.60775035721,0.00201273113442
923,3.6067721038,0.00195104010082
925,3.60579829005,0.00189044134448
927,3.60482898771,0.00183094898849
929,3.60386412404,0.00177257505276
931,3.60290411156,0.00171532923884
933,3.60194854079,0.00165921966672
936,3.60099798694,0.00160425210317
938,3.60005118776,0.00155043134749
940,3.5991098145,0.00149775920566
942,3.59817259538,0.00144623715796
944,3.59724029051,0.0013958643101
946,3.59631223751,0.00134663891785
949,3.59538884053,0.00129855747821
951,3.59446996033,0.00125161544547
953,3.59355622132,0.00120580683892
955,3.59264648992,0.00116112518459
957,3.59174168499,0.00111756229846
960,3.59084153175,0.00107510945625
962,3.58994610486,0.00103375694937
964,3.58905472102,0.000993494480376
966,3.58816862226,0.000954310474197
968,3.58728681576,0.000916193307802
971,3.58640942897,0.000879130430456
973,3.58553701131,0.000843108645276
975,3.58466897778,0.000808114536314
977,3.58380561326,0.000774134034318
980,3.58294723678,0.000741152682355
982,3.58209315661,0.000709155892414
984,3.58124321456,0.000678128655258
986,3.58039828669,0.000648055518328
989,3.57955761319,0.000618921131846
991,3.57872181377,0.000590709724671
993,3.57788998517,0.00056340565344
996,3.57706339334,0.000536992826476
998,3.57624089673,0.00051145547118
1000,3.57542324833,0.000486777494156
1003,3.57460928538,0.00046294306977
1005,3.57380030954,0.000439936065423
1007,3.57299597416,0.0004177406269
1009,3.57219585945,0.000396340975403
1012,3.57139996364,0.00037572137659
1014,3.57060890563,0.00035586615317
1016,3.5698220342,0.000336759898446
1019,3.56903960568,0.000318387265261
1021,3.56826142929,0.000300733119325
1024,3.56748750651,0.000283782491277
1026,3.56671800197,0.000267520596177
1028,3.56595280234,0.000251932879457
1031,3.56519223761,0.000237004972817
1033,3.56443545256,0.000222722813775
1035,3.56368319058,0.000209072466728
1038,3.56293496205,0.00019604031587
1040,3.56219109463,0.000183612942281
1043,3.56145129162,0.000171777212327
1045,3.56071603944,0.00016052020746
1047,3.55998483076,0.000149829313985
1050,3.5592575082,0.000139692157467
1052,3.55853429895,0.000130096608236
1055,3.55781559878,0.00012103079448
1057,3.55710073471,0.00011248314306
1060,3.55638985476,0.000104442310862
1062,3.55568288408,9.68972218068e-05
1064,3.55498069188,8.98370334158e-05
1067,3.55428180776,8.32512205863e-05
1069,3.55358718306,7.71294486778e-05
1072,3.55289677165,7.14616607547e-05
1074,3.55221024605,6.62380527231e-05
1077,3.55152752213,6.14490591589e-05
1079,3.55084853606,5.70853552742e-05
1082,3.55017449315,5.31378347161e-05
1084,3.54950317652,4.95855909739e-05
1087,3.54883669329,4.63735510189e-05
1089,3.54817423527,4.34898762341e-05
1092,3.54751579488,4.09182876948e-05
1094,3.54686073202,3.85006571028e-05
1097,3.54621010812,3.61806303676e-05
1099,3.54556264962,3.39560748044e-05
1102,3.54491942447,3.18248773986e-05
1104,3.54428006553,2.97849838594e-05
1107,3.54364459912,2.78343801863e-05
1109,3.5430122217,2.59711027818e-05
1112,3.54238360123,2.41932205669e-05
1115,3.54175829904,2.24988548772e-05
1117,3.54113678286,2.08861646541e-05
1120,3.54051906558,1.93533555979e-05
1122,3.53990456627,1.7897262792e-05
1125,3.53929334619,1.6510393215e-05
1128,3.53868589294,1.51905920564e-05
1130,3.5380818938,1.39363858997e-05
1133,3.53748123048,1.27463366616e-05
1135,3.53688336331,1.16190434606e-05
1138,3.53628934043,1.05531354524e-05
1141,3.53569866412,9.54728205484e-06
1143,3.53511075379,8.60063205389e-06
1146,3.53452633821,7.71249184316e-06
1148,3.53394543226,6.88158434007e-06
1151,3.5333676173,6.10666495882e-06
1154,3.53279309562,5.38652216927e-06
1156,3.53222098783,4.71997958475e-06
1159,3.53165329342,4.10588955688e-06
1162,3.53108758132,3.54312301147e-06
1164,3.53052554532,3.02845937398e-06
1167,3.52996613105,2.55944480074e-06
1170,3.5294104987,2.13512379888e-06
1173,3.52885726987,1.7545694551e-06
1175,3.52830749098,1.41687936863e-06
1178,3.52776059987,1.12117740787e-06
1181,3.52721657876,8.66611784192e-07
1183,3.52667572192,6.52354644084e-07
1186,3.52613727875,4.77601664147e-07
1189,3.52560237599,3.41570879757e-07
1192,3.52507009168,2.43502657955e-07
1194,3.52454057262,1.82658612753e-07
1197,3.52401428575,1.52316190008e-07
1200,3.52349065795,1.30670786188e-07
1203,3.52297014447,1.1567752169e-07
1205,3.5224519623,1.07201439686e-07
1208,3.52193698887,1.02235234695e-07
1211,3.52142466131,9.75161527e-08
1214,3.52091484144,9.30290909928e-08
1217,3.52040832097,8.87619977244e-08
1219,3.51990413696,8.47035201881e-08
1222,3.51940259431,8.08428884991e-08
1225,3.51890408354,7.7169913778e-08
1228,3.51840793416,7.36749797527e-08
1231,3.51791447753,7.0348965476e-08
1233,3.51742359727,6.71832487534e-08
1236,3.51693549016,6.4169662978e-08
1239,3.51644989814,6.13004858965e-08
1242,3.51596685444,5.8568401256e-08
1245,3.51548653138,5.59664794151e-08
1248,3.51500836917,5.34881696273e-08
1251,3.51453319154,5.11272463688e-08
1254,3.51406011135,4.88778378503e-08
1256,3.51359001206,4.67343562774e-08
1259,3.51312171185,4.46915349288e-08
1262,3.51265650147,4.27443510445e-08
1265,3.51219348983,4.08880715786e-08
1268,3.51173295511,3.91181959438e-08
1271,3.51127446307,3.74304655163e-08
1274,3.51081877334,3.5820829824e-08
1277,3.51036551382,3.42854600093e-08
1280,3.50991455879,3.28207220868e-08
1283,3.50946584753,3.1423168428e-08
1286,3.50901989701,3.00895235354e-08
1289,3.50857577029,2.88166921735e-08
1292,3.50813401083,2.76017247613e-08
1295,3.50769476964,2.64418255899e-08
1298,3.50725794905,2.53343430669e-08
1301,3.50682293775,2.42767636051e-08
1304,3.50639037547,2.32666920329e-08
1307,3.50596011164,2.23018596261e-08
1310,3.50553202694,2.13801116139e-08
1313,3.50510596588,2.04994016017e-08
1316,3.50468258589,1.96577810845e-08
1319,3.50426146725,1.8853405163e-08
1322,3.50384199319,1.80845216699e-08
1325,3.50342477484,1.73494591602e-08
1328,3.50301018507,1.66466305903e-08
1331,3.50259717284,1.59745341542e-08
1334,3.5021866477,1.5331733031e-08
1337,3.50177819089,1.47168672141e-08
1340,3.50137155645,1.41286425679e-08
1343,3.5009674438,1.35658246072e-08
1346,3.50056524538,1.30272443421e-08
1349,3.50016514885,1.25117866582e-08
1353,3.49976695633,1.20183920473e-08
1356,3.49937102458,1.15460505078e-08
1359,3.4989766973,1.10938042241e-08
1362,3.49858472715,1.06607370841e-08
1365,3.49819472447,1.02459806522e-08
1368,3.4978069218,9.84870631322e-09
1371,3.49742101842,9.46812665081e-09
1375,3.49703686084,9.10349137396e-09
1378,3.49665444167,8.75408553709e-09
1381,3.49627455204,8.41922623335e-09
1384,3.49589646423,8.09826665217e-09
1387,3.49552022976,7.79058864158e-09
1390,3.4951458536,7.49560330653e-09
1394,3.49477315046,7.21274983822e-09
1397,3.49440265691,6.94149227577e-09
1400,3.49403408133,6.68132141739e-09
1403,3.49366738889,6.43175129744e-09
1407,3.49330240366,6.19231880876e-09
1410,3.49293949388,5.96258139267e-09
1413,3.49257836869,5.74211811797e-09
1416,3.49221900688,5.53052703216e-09
1420,3.49186117088,5.32742501509e-09
1423,3.49150553313,5.13244517716e-09
1426,3.49115176858,4.94523895942e-09
1429,3.49079940833,4.76547387343e-09
1433,3.49044913977,4.59283101526e-09
1436,3.49010069005,4.42700726704e-09
1439,3.48975370686,4.26771334569e-09
1443,3.48940883974,4.114671809e-09
1446,3.48906540132,3.96761933211e-09
1449,3.4887239615,3.82630297763e-09
1453,3.48838371233,3.69048268304e-09
1456,3.48804556053,3.55992729327e-09
1459,3.48770954315,3.43441691122e-09
1463,3.48737443798,3.31374263955e-09
1466,3.48704147002,3.19770249811e-09
1469,3.48671011504,3.08610509553e-09
1473,3.48638034804,2.9787670348e-09
1476,3.48605225849,2.87551289636e-09
1480,3.4857259278,2.7761749818e-09
1483,3.48540125982,2.68059307799e-09
1487,3.48507789621,2.58861416752e-09
1490,3.48475619666,2.50009135632e-09
1493,3.48443676199,2.41488399684e-09
1497,3.48411826433,2.33285886275e-09
1500,3.48380154839,2.25388700533e-09
1504,3.48348627861,2.17784581945e-09
1507,3.48317280437,2.10461754514e-09
1511,3.48286108851,2.03408971487e-09
1514,3.48255032169,1.96615510135e-09
1518,3.48224172031,1.90070991182e-09
1521,3.48193446526,1.83765590096e-09
1525,3.48162854521,1.77689853724e-09
1528,3.48132410767,1.71834721597e-09
1532,3.48102189001,1.66191487745e-09
1535,3.48072041968,1.60751918209e-09
1539,3.48042090054,1.5550799842e-09
1542,3.48012238496,1.50452147715e-09
1546,3.47982563931,1.4557702647e-09
1549,3.47953043302,1.40875643599e-09
1553,3.47923664582,1.36341293651e-09
1557,3.47894430409,1.3196754229e-09
1560,3.47865340897,1.2774822244e-09
1564,3.47836419404,1.23677412803e-09
1567,3.47807604779,1.19749464812e-09
1571,3.47778942326,1.15958924261e-09
1575,3.4775042417,1.12300578452e-09
1578,3.47722071185,1.08769417205e-09
1582,3.47693846203,1.05360652846e-09
1586,3.47665739582,1.02069682238e-09
1589,3.47637788291,9.88920751733e-10
1593,3.47609978472,9.58235945923e-10
1597,3.47582332152,9.28601640349e-10
1600,3.47554777844,8.99978950069e-10
1604,3.47527386012,8.72330176444e-10
1608,3.47500110467,8.45619418186e-10
1611,3.47472966414,8.19812053719e-10
1615,3.47445972506,7.94874822314e-10
1619,3.47419098289,7.70775899334e-10
1622,3.47392377876,7.47484563918e-10
1626,3.47365789544,7.24971429206e-10
1630,3.47339332875,7.03208215641e-10
1634,3.47312959028,6.8216784308e-10
1637,3.47286784366,6.61823967314e-10
1641,3.47260707541,6.42151688099e-10
1645,3.47234746827,6.23126842416e-10
1649,3.4720891731,6.04726212119e-10
1653,3.47183229325,5.86927481792e-10
1656,3.47157682172,5.69709221127e-10
1660,3.47132229181,5.53050888054e-10
1664,3.4710691431,5.36932586632e-10
1668,3.47081696287,5.2133531059e-10
1672,3.47056666902,5.06240579518e-10
1676,3.47031682637,4.91630960326e-10
1680,3.47006896632,4.77489255243e-10
1683,3.46982208205,4.6379926988e-10
1687,3.46957599234,4.50545304483e-10
1691,3.46933141909,4.37712133183e-10
1695,3.46908820366,4.25285214504e-10
1699,3.46884592321,4.13250581486e-10
1703,3.46860510732,4.01594673277e-10
1707,3.46836523454,3.90304555175e-10
1711,3.46812637963,3.79367703993e-10
1715,3.4678891581,3.68772000163e-10
1719,3.46765290673,3.58505910128e-10
1723,3.46741769615,3.48558245473e-10
1727,3.46718353508,3.38918233191e-10
1731,3.46695068548,3.29575471824e-10
1735,3.46671907759,3.20519970179e-10
1739,3.46648869,3.11742097408e-10
1743,3.46625922554,3.03232595759e-10
1747,3.46603092116,2.94982493498e-10
1751,3.46580347777,2.86983189846e-10
1755,3.46557744979,2.79226323972e-10
1759,3.46535253036,2.71703903137e-10
1763,3.46512872556,2.64408198666e-10
1767,3.46490571716,2.57331777648e-10
1771,3.46468402798,2.50467413172e-10
1775,3.46446332141,2.4380819632e-10
1779,3.46424367385,2.37347433374e-10
1783,3.4640253576,2.31078654327e-10
1787,3.46380790878,2.24995666091e-10
1791,3.46359169706,2.19092438617e-10
1796,3.46337612442,2.13363213964e-10
1800,3.46316189793,2.07802354699e-10
1804,3.46294867303,2.02404484724e-10
1808,3.46273663004,1.9716438335e-10
1812,3.46252548492,1.92077037029e-10
1816,3.46231517748,1.87137593795e-10
1821,3.462106379,1.82341328032e-10
1825,3.46189832742,1.77683754543e-10
1829,3.46169118261,1.73160492709e-10
1833,3.46148495806,1.68767319245e-10
1837,3.46127998868,1.6450014025e-10
1842,3.46107598081,1.60355030673e-10
1846,3.46087285822,1.56328189145e-10
1850,3.46067085001,1.52415928423e-10
1854,3.46046971612,1.48614706668e-10
1859,3.46026948827,1.44921090129e-10
1863,3.46007048427,1.41331747898e-10
1867,3.45987219238,1.37843495129e-10
1872,3.45967507872,1.34453214287e-10
1876,3.45947875947,1.31157924281e-10
1880,3.45928321476,1.27954730015e-10
1884,3.4590890012,1.24840810948e-10
1889,3.45889540056,1.21813485803e-10
1893,3.45870299445,1.18870116009e-10
1898,3.45851154247,1.16008178118e-10
1902,3.45832069307,1.1322523568e-10
1906,3.45813102968,1.10518900043e-10
1911,3.45794215376,1.07886893414e-10
1915,3.45775450183,1.05326985973e-10
1920,3.45756727504,1.02837057457e-10
1924,3.45738130933,1.00415007455e-10
1928,3.45719594888,9.80588479442e-11
1933,3.45701181973,9.57666177926e-11
1937,3.45682830064,9.35364535981e-11
1942,3.45664580441,9.13665238291e-11
1946,3.45646410303,8.92550726514e-11
1951,3.45628357077,8.72003849731e-11
1955,3.45610348223,8.52008274594e-11
1960,3.45592461394,8.32547820466e-11
1964,3.45574653017,8.13607109796e-11
1969,3.45556895405,7.95171217398e-11
1973,3.45539265308,7.77225439012e-11
1978,3.45521713764,7.59755828206e-11
1982,3.45504234087,7.42748776834e-11
1987,3.45486860754,7.26191012524e-11
1992,3.4546952003,7.10069905632e-11
1996,3.45452300589,6.94372889757e-11
2001,3.45435179165,6.79088010702e-11
2005,3.45418103604,6.64203743923e-11
2010,3.45401133692,6.497087006e-11
2015,3.45384247694,6.35592002772e-11
2019,3.45367430617,6.2184309285e-11
2024,3.45350694625,6.08451689946e-11
2029,3.45334039092,5.95407843578e-11
2033,3.45317481381,5.82701884306e-11
2038,3.45300963842,5.70324560229e-11
2043,3.45284586543,5.5826664132e-11
2047,3.45268230378,5.46519531308e-11
2052,3.45251982314,5.35074568154e-11
2057,3.45235808047,5.2392353723e-11
2062,3.45219716474,5.13058409007e-11
2066,3.45203691894,5.02471431903e-11
2071,3.45187741301,4.92155048962e-11
2076,3.45171850206,4.82101964385e-11
2081,3.45156093012,4.72304973031e-11
2085,3.45140339405,4.62757367831e-11
2090,3.4512471028,4.53452300742e-11
2095,3.45109135506,4.44383378543e-11
2100,3.45093662945,4.35544245899e-11
2105,3.45078222357,4.26928884845e-11
2110,3.45062882816,4.18531278271e-11
2115,3.45047630635,4.10345688994e-11
2119,3.45032430244,4.02366574915e-11
2124,3.45017279948,3.94588514388e-11
2129,3.45002230539,3.87006182305e-11
2134,3.44987231625,3.79614525946e-11
2139,3.44972359166,3.72408498823e-11
2144,3.44957512641,3.65383390494e-11
2149,3.44942749234,3.58534458301e-11
2154,3.44928035424,3.51857194801e-11
2159,3.44913431194,3.45347121354e-11
2164,3.44898885906,3.39000003526e-11
2169,3.44884354786,3.32811719494e-11
2174,3.44869955373,3.26778108435e-11
2179,3.44855618697,3.20895308976e-11
2184,3.44841320531,3.15159521567e-11
2189,3.4482711918,3.09566985836e-11
2194,3.44812965398,3.04114139715e-11
2199,3.44798887778,2.98797455957e-11
2204,3.44784899886,2.93613517917e-11
2209,3.44770951579,2.88559061511e-11
2214,3.44757060852,2.83630855803e-11
2219,3.44743263683,2.78825745906e-11
2224,3.44729507872,2.74140736767e-11
2230,3.44715834468,2.69572844623e-11
2235,3.4470221244,2.65119221061e-11
2240,3.4468866122,2.60777062451e-11
2245,3.44675182701,2.56543654308e-11
2250,3.44661747142,2.52416379918e-11
2255,3.44648396714,2.48392644978e-11
2261,3.44635122309,2.44469962187e-11
2266,3.44621892165,2.40645929945e-11
2271,3.44608734418,2.36918167788e-11
2276,3.44595625925,2.33284399535e-11
2281,3.44582576948,2.29742386399e-11
2287,3.44569597446,2.27515019137e-11
2292,3.44556667793,2.25499051663e-11
2297,3.44543832189,2.23539820376e-11
2303,3.4453102613,2.21636228933e-11
2308,3.44518289509,2.19787142411e-11
2313,3.44505616768,2.17991479255e-11
2319,3.44493006195,2.16248185659e-11
2324,3.44480470462,2.14556221457e-11
2329,3.44467964123,2.12914609068e-11
2335,3.44455519268,2.11322348128e-11
2340,3.44443144947,2.0977847665e-11
2345,3.44430817351,2.08282073426e-11
2351,3.44418578883,2.06832203285e-11
2356,3.44406356177,2.05428020339e-11
2362,3.44394224929,2.04068613606e-11
2367,3.44382147936,2.02753158543e-11
2373,3.44370105242,2.0148084191e-11
2378,3.44358147985,2.00250828037e-11
2384,3.44346244623,1.99062350932e-11
2389,3.44334385297,1.97914648277e-11
2395,3.44322587816,1.96806963471e-11
2400,3.44310825178,1.95738581634e-11
2406,3.44299156671,1.94708757182e-11
2411,3.44287522302,1.93716830877e-11
2417,3.44275938012,1.92762115372e-11
2422,3.44264406789,1.91843947799e-11
2428,3.44252942855,1.90961675999e-11
2433,3.44241528797,1.90114680486e-11
2439,3.4423017166,1.89302343882e-11
2445,3.44218857126,1.88524074655e-11
2450,3.44207618536,1.87779271113e-11
2456,3.44196422474,1.87067381904e-11
2462,3.44185260996,1.86387854838e-11
2467,3.44174170048,1.85740128644e-11
2473,3.44163127942,1.85123685628e-11
2479,3.44152147788,1.84538002818e-11
2484,3.44141207383,1.83982589301e-11
2490,3.44130327711,1.83456942367e-11
2496,3.44119476062,1.82960600752e-11
2502,3.44108695659,1.82493074375e-11
2507,3.44097963527,1.82053919882e-11
2513,3.44087285165,1.81642689574e-11
2519,3.44076660614,1.8125895043e-11
2525,3.44066088802,1.80902280318e-11
2531,3.44055537796,1.80572283819e-11
2536,3.44045056692,1.80268533391e-11
2542,3.44034643816,1.79990637835e-11
2548,3.44024258479,1.79738235933e-11
2554,3.44013902565,1.79510954747e-11
2560,3.44003642412,1.7930839595e-11
2566,3.43993402139,1.79130244617e-11
2572,3.43983210722,1.78976140409e-11
2578,3.43973066493,1.78845747738e-11
2584,3.43962975497,1.78738735697e-11
2590,3.43952937598,1.7865478406e-11
2596,3.43942944366,1.78593585787e-11
2602,3.43932996359,1.78554836436e-11
2608,3.43923094466,1.78538240188e-11
2614,3.4391324469,1.78543504837e-11
2620,3.4390342675,1.78570360412e-11
2626,3.43893662689,1.78618521348e-11
2632,3.43883932882,1.78687731483e-11
2638,3.43874273441,1.78777711802e-11
2644,3.43864654349,1.78888225533e-11
2650,3.43855079849,1.79019023888e-11
2656,3.43845526439,1.79169879016e-11
2662,3.43836038426,1.79340534896e-11
2668,3.4382658718,1.79530778799e-11
2674,3.43817221333,1.79740363928e-11
2681,3.43807852345,1.79969121303e-11
2687,3.43798514262,1.80216823752e-11
2693,3.43789246679,1.80483246601e-11
2699,3.43780044711,1.80768194075e-11
2705,3.43770853245,1.81071502516e-11
2712,3.43761715964,1.81392961251e-11
2718,3.43752629649,1.81732389849e-11
2724,3.43743580453,1.8208961798e-11
2730,3.43734572129,1.82464472004e-11
2737,3.43725586833,1.8285679345e-11
2743,3.43716650814,1.83266406727e-11
2749,3.43707779097,1.83693145041e-11
2756,3.43698935221,1.84136875076e-11
2762,3.43690154923,1.84597428774e-11
2768,3.43681390489,1.85074687395e-11
2775,3.43672654596,1.85568504157e-11
2781,3.43663986948,1.86078721536e-11
2788,3.43655357084,1.86605224411e-11
2794,3.43646754551,1.87147890814e-11
2800,3.43638200738,1.8770658559e-11
2807,3.43629701589,1.8828118529e-11
2813,3.43621211332,1.88871599008e-11
2820,3.43612781888,1.89477686354e-11
2826,3.43604386826,1.90099352998e-11
2833,3.43596025039,1.90736494443e-11
2839,3.43587727364,1.9138899234e-11
2846,3.43579425954,1.92056786253e-11
2853,3.43571206823,1.92739733516e-11
2859,3.4356299107,1.93437786723e-11
2866,3.4355484131,1.94150823026e-11
2872,3.43546731355,1.9487877181e-11
2879,3.43538624164,1.95621572613e-11
2886,3.43530584019,1.96379110137e-11
2892,3.43522580429,1.97151325824e-11
2899,3.43514601946,1.97938153895e-11
2906,3.43506678397,1.98739506936e-11
2912,3.43498765365,1.99555343799e-11
2919,3.43490917018,2.00385568958e-11
2926,3.4348308063,2.01230151412e-11
2932,3.43475314384,2.02088998459e-11
2939,3.43467560371,2.02962088166e-11
2946,3.4345982092,2.03849365331e-11
2953,3.4345216609,2.04750737746e-11
2960,3.43444538518,2.05666190738e-11
2966,3.4343692623,2.06595685669e-11
2973,3.43429349378,2.07539166819e-11
2980,3.43421811044,2.08496591156e-11
2987,3.43414321511,2.09467913645e-11
2994,3.4340685984,2.1045311024e-11
3001,3.43399416556,2.1145215251e-11
3008,3.43392007725,2.12464998613e-11
3015,3.43384655231,2.13491604972e-11
3022,3.43377353109,2.14531947411e-11
3029,3.43370046464,2.1558603454e-11
3036,3.43362779944,2.16653815096e-11
3043,3.43355572183,2.17735255441e-11
3050,3.43348381178,2.18830362605e-11
3057,3.43341218909,2.1993911168e-11
3064,3.43334088478,2.2106148499e-11
3071,3.43327001676,2.22197461199e-11
3078,3.43319946933,2.23347036011e-11
3085,3.4331293011,2.24510195595e-11
3092,3.433059281,2.25686946983e-11
3099,3.43298991221,2.26877250827e-11
3106,3.43292083156,2.28081126396e-11
3113,3.43285176901,2.29298588925e-11
3121,3.43278298189,2.30529620449e-11
3128,3.432714831,2.317741972e-11
3135,3.4326469069,2.33032349128e-11
3142,3.4325790339,2.34304092219e-11
3150,3.43251192521,2.35589383309e-11
3157,3.4324448279,2.36888281245e-11
3164,3.43237832433,2.38200754668e-11
3171,3.43231186214,2.39526852134e-11
3179,3.43224556458,2.40866577195e-11
3186,3.43218007188,2.42219898427e-11
3193,3.43211441093,2.43586899103e-11
3201,3.43204934851,2.44967541491e-11
3208,3.43198453892,2.46361868074e-11
3215,3.4319198092,2.47769910494e-11
3223,3.43185576421,2.49191646046e-11
3230,3.43179180309,2.50627140316e-11
3238,3.43172798547,2.52076412772e-11
3245,3.43166487889,2.53539446478e-11
3253,3.43160167528,2.55016327559e-11
3260,3.43153882081,2.5650705059e-11
3268,3.43147651325,2.58011629807e-11
3275,3.43141423892,2.59530133952e-11
3283,3.43135248601,2.61062557905e-11
3290,3.43129072156,2.62608975068e-11
3298,3.43122948909,2.64169378257e-11
3306,3.43116865003,2.65743813275e-11
3313,3.43110756733,2.67332366356e-11
3321,3.43104741103,2.68934984388e-11
3328,3.4309870474,2.70551795296e-11
3336,3.43092702839,2.7218279615e-11
3344,3.43086742026,2.73828023341e-11
3352,3.43080839463,2.75487505653e-11
3359,3.43074918723,2.77161348386e-11
3367,3.43069042766,2.78849546156e-11
3375,3.43063187584,2.80552164762e-11
3383,3.43057373098,2.82269235287e-11
3390,3.43051553096,2.84000844516e-11
3398,3.43045797846,2.85746984153e-11
3406,3.43040051054,2.87507751583e-11
3414,3.43034330107,2.89283184572e-11
3422,3.43028652011,2.91073321741e-11
3430,3.43022977908,2.92878250159e-11
3438,3.43017348452,2.94697990685e-11
3445,3.43011730211,2.96532628238e-11
3453,3.43006163817,2.98382185245e-11
3461,3.43000613878,3.00246750729e-11
3469,3.42995068009,3.0212639544e-11
3477,3.42989551722,3.04021157684e-11
3485,3.42984070642,3.05931094081e-11
3493,3.42978605119,3.07856284999e-11
3501,3.42973186506,3.09796765991e-11
3510,3.42967769681,3.1175264244e-11
3518,3.42962412387,3.13723927873e-11
3526,3.42957053854,3.15710744511e-11
3534,3.42951732835,3.1771312476e-11
3542,3.42946419306,3.19731165278e-11
3550,3.42941151065,3.21764900828e-11
3558,3.42935866365,3.23814460246e-11
3567,3.42930659857,3.25879826224e-11
3575,3.42925436023,3.27961162002e-11
3583,3.42920255045,3.30058484355e-11
3591,3.42915086156,3.3217189756e-11
3600,3.42909957003,3.34301450769e-11
3608,3.42904859585,3.36447228302e-11
3616,3.42899757219,3.38609344107e-11
3625,3.42894704401,3.40787823261e-11
3633,3.42889661113,3.42982785106e-11
3641,3.42884641549,3.45194296281e-11
3650,3.4287964707,3.47422437077e-11
3658,3.42874664244,3.49667303718e-11
3666,3.42869739827,3.51928932149e-11
3675,3.42864798333,3.54207484103e-11
3683,3.42859898036,3.56502985276e-11
3692,3.42855019874,3.5881554176e-11
3700,3.42850180629,3.61145223133e-11
3709,3.42845329623,3.63492171235e-11
3718,3.42840536323,3.65856401879e-11
3726,3.4283576251,3.68238045641e-11
3735,3.42830958884,3.70637246995e-11
3743,3.42826240906,3.73053973574e-11
3752,3.42821518796,3.7548841529e-11
3761,3.42816804544,3.77940653598e-11
3769,3.42812136019,3.80410741565e-11
3778,3.42807451403,3.82898843644e-11
3787,3.42802824125,3.8540497494e-11
3795,3.42798224922,3.87929265461e-11
3804,3.42793638188,3.90471831522e-11
3813,3.42789060604,3.93032776724e-11
3822,3.42784507732,3.95612183863e-11
3830,3.42779983556,3.98210149759e-11
3839,3.42775488552,4.00826776015e-11
3848,3.42770993777,4.03462199986e-11
3857,3.42766530028,4.06116489781e-11
3866,3.42762084841,4.08789765321e-11
3875,3.42757669408,4.11482119271e-11
3884,3.42753251741,4.14193697247e-11
3893,3.42748861766,4.16924571372e-11
3902,3.42744499221,4.19674850712e-11
3911,3.42740165047,4.22444643815e-11
3920,3.42735845012,4.25234078993e-11
3929,3.42731511353,4.28043302831e-11
3938,3.42727250734,4.30872319867e-11
3947,3.42722982416,4.33721344664e-11
3956,3.42718747163,4.36590440516e-11
3965,3.42714518603,4.39479756451e-11
3974,3.42710306376,4.42389396891e-11
3983,3.42706113708,4.45319475045e-11
3993,3.42701965781,4.48270076382e-11
4002,3.42697820224,4.51241375352e-11
4011,3.42693684917,4.5423348224e-11
4020,3.42689583763,4.57246486569e-11
4030,3.42685497325,4.60280536285e-11
4039,3.42681416269,4.63335767171e-11
4048,3.42677365672,4.66412269588e-11
4057,3.42673334072,4.69510183988e-11
4067,3.42669320909,4.72629637114e-11
4076,3.42665320252,4.75770764237e-11
4086,3.42661356464,4.78933659327e-11
4095,3.42657396912,4.82118496783e-11
4104,3.42653460133,4.85325380534e-11
4114,3.42649519427,4.88554479483e-11
4123,3.42645616456,4.91805866178e-11
4133,3.42641731407,4.95079701562e-11
4142,3.42637855518,4.98376132146e-11
4152,3.42634032108,5.01695229545e-11
4162,3.42630186249,5.05037238948e-11
4171,3.42626361296,5.08402233902e-11
4181,3.42622551465,5.11790360738e-11
4190,3.42618813599,5.15201672772e-11
4200,3.42615031977,5.18636483259e-11
4210,3.42611286302,5.22094813317e-11
4219,3.42607564018,5.2557682337e-11
4229,3.42603856702,5.29082669012e-11
4239,3.42600140715,5.32612530762e-11
4249,3.42596473394,5.36166464488e-11
4259,3.42592842232,5.39744634648e-11
4268,3.42589178301,5.43347296724e-11
4278,3.42585537407,5.46974511092e-11
4288,3.42581955074,5.50626369201e-11
4298,3.42578355874,5.54303141673e-11
4308,3.42574776473,5.58004920791e-11
4318,3.42571221452,5.61731850832e-11
4328,3.42567689697,5.65484086375e-11
4338,3.42564169299,5.69261801e-11
4348,3.42560643555,5.73065177892e-11
4358,3.42557137332,5.76894332026e-11
4368,3.42553687501,5.80749357949e-11
4378,3.42550212853,5.84630551123e-11
4388,3.42546774292,5.8853796759e-11
4398,3.42543351292,5.9247180255e-11
4408,3.42539921158,5.96432256941e-11
4418,3.4253652722,6.00419418145e-11
4429,3.42533148917,6.04433485297e-11
4439,3.42529772282,6.08474647885e-11
4449,3.42526416146,6.12543038454e-11
4459,3.4252308609,6.16638813687e-11
4470,3.4251976491,6.20762172269e-11
4480,3.42516472983,6.24913246361e-11
4490,3.42513172964,6.29092274106e-11
4501,3.42509884132,6.33299392017e-11
4511,3.42506630459,6.37534727999e-11
4521,3.42503385121,6.41798505027e-11
4532,3.42500139901,6.46090913479e-11
4542,3.4249694345,6.5041203723e-11
4553,3.42493742686,6.54762153372e-11
4563,3.42490551711,6.59141413467e-11
4574,3.42487373211,6.63549991702e-11
4584,3.42484230409,6.67988023544e-11
4595,3.42481086622,6.72455764245e-11
4605,3.42477943282,6.76953408452e-11
4616,3.4247482997,6.81481155362e-11
4627,3.4247175076,6.86039527163e-11
4637,3.42468659711,6.90630284711e-11
4648,3.42465577533,6.95259379768e-11
4659,3.42462540984,6.99947692984e-11
4669,3.42459504995,7.04763391273e-11
4680,3.42456452851,7.09909497074e-11
4691,3.42453455909,7.15939620905e-11
4702,3.42450467588,7.24234391309e-11
4713,3.42447442371,7.37936699543e-11
4724,3.42444492039,7.63573633491e-11
4734,3.42441512651,8.13497595195e-11
4745,3.42438570672,9.08965391681e-11
4756,3.42435648337,1.0831461669e-10
4767,3.42432724654,1.38275485386e-10
4778,3.42429817672,1.86673454982e-10
4789,3.42426941495,2.60085749608e-10
4800,3.42424050107,3.64842072765e-10
4811,3.42421184332,5.0589740488e-10
4822,3.4241833574,6.85836910426e-10
4834,3.42415502088,9.04346768114e-10
4845,3.42412677972,1.15833714926e-09
4856,3.42409854952,1.44266578415e-09
4867,3.42407058856,1.75120234676e-09
4878,3.42404266593,2.07789661865e-09
4890,3.42401489811,2.41758962348e-09
4901,3.4239871366,2.76649985667e-09
4912,3.42395971369,3.12255837997e-09
4923,3.42393221157,3.48606302219e-09
4935,3.42390497875,3.86152251581e-09
4946,3.42387779263,4.26216925259e-09
4958,3.42385092185,4.71932829098e-09
4969,3.42382390027,5.29922407663e-09
4980,3.42379723744,6.12885865904e-09
4992,3.42377070481,7.42908157743e-09
5003,3.42374417026,9.54621697861e-09
5015,3.42371772144,1.29652198272e-08
5027,3.42369140283,1.82819674465e-08
5038,3.42366530453,2.61166871162e-08
5050,3.42363907075,3.69691572811e-08
5061,3.42361311733,5.1045862406e-08
5073,3.42358763412,6.81165382593e-08
5085,3.42356181085,8.74643274617e-08
5096,3.42353616371,1.07968979145e-07
5108,3.42351059555,1.28312840378e-07
5120,3.42348538224,1.4724743612e-07
5132,3.4234602219,1.63832809047e-07
5144,3.42343520065,1.77575405521e-07
5155,3.4234102081,1.88435537969e-07
5167,3.42338521901,1.96726410432e-07
5179,3.42336052488,2.02959440605e-07
5191,3.42333603057,2.07694059615e-07
5203,3.42331142803,2.11430512088e-07
5215,3.42328685661,2.14557205595e-07
5227,3.42326268932,2.17343236606e-07
5239,3.42323838053,2.19957601451e-07
5251,3.42321429418,2.22497543124e-07
5263,3.42319032042,2.25015381767e-07
5276,3.42316640284,2.27539060105e-07
5288,3.4231425718,2.30086635943e-07
5300,3.42311915305,2.32676863174e-07
5312,3.42309541108,2.35338489191e-07
5324,3.42307198006,2.38119685521e-07
5337,3.4230488763,2.41098615871e-07
5349,3.42302552113,2.44393494174e-07
5361,3.42300229561,2.48169312363e-07
5374,3.42297927222,2.52637716688e-07
5386,3.42295650962,2.58046272812e-07
5398,3.42293364792,2.64655991626e-07
5411,3.42291095685,2.72709289185e-07
5423,3.42288819259,2.82394849027e-07
5436,3.42286575754,2.93817602965e-07
5448,3.42284334482,3.06982292906e-07
5461,3.42282114297,3.21794773217e-07
5474,3.42279880141,3.38080737991e-07
5486,3.42277680946,3.55615766097e-07
5499,3.42275480827,3.74158721271e-07
5512,3.42273273686,3.93479616447e-07
5524,3.42271106495,4.13376445888e-07
5537,3.42268931342,4.33678680275e-07
5550,3.42266789705,4.54237375794e-07
5563,3.42264618516,4.74905293431e-07
5575,3.42262467199,4.95509917651e-07
5588,3.42260351123,5.15825604434e-07
5601,3.42258236571,5.35551247375e-07
5614,3.42256118176,5.54302118724e-07
5627,3.42254015505,5.7162477601e-07
5640,3.42251912879,5.87040270161e-07
5653,3.42249824279,6.00113161179e-07
5666,3.42247766804,6.10534544197e-07
5679,3.42245683405,6.18198204802e-07
5692,3.42243618654,6.23245707208e-07
5705,3.42241598715,6.26063705452e-07
5718,3.42239555784,6.27228978036e-07
5732,3.42237528476,6.27413462876e-07
5745,3.42235502862,6.2727577445e-07
5758,3.42233505982,6.27366749435e-07
5771,3.42231494259,6.28071684992e-07
5785,3.42229494604,6.29596889639e-07
5798,3.42227523905,6.3199600836e-07
5811,3.4222551296,6.35221160751e-07
5825,3.422235893,6.3918140334e-07
5838,3.42221603745,6.43797098532e-07
5852,3.42219661749,6.4903924615e-07
5865,3.42217712907,6.54954907212e-07
5879,3.42215791837,6.61676177e-07
5892,3.42213866356,6.69415896654e-07
5906,3.4221193779,6.78450016752e-07
5919,3.42210044497,6.89088764621e-07
5933,3.42208122861,7.01639660974e-07
5947,3.42206230926,7.16366483392e-07
5960,3.42204370248,7.33452648127e-07
5974,3.42202477505,7.5297512297e-07
5988,3.42200615856,7.74894168511e-07
6002,3.4219875357,7.99062031603e-07
6016,3.42196916093,8.25246413913e-07
6029,3.42195065501,8.53164199174e-07
6043,3.42193226121,8.82516746439e-07
6057,3.42191395921,9.1302097354e-07
6071,3.42189577353,9.44430891599e-07
6085,3.42187784152,9.76548334404e-07
6099,3.4218597385,1.00922400616e-06
6113,3.42184191282,1.04235047537e-06
6127,3.42182387357,1.07585137854e-06
6142,3.42180610495,1.10966687076e-06
6156,3.42178822126,1.14373859238e-06
6170,3.4217708788,1.17799191259e-06
6184,3.42175306601,1.21231783931e-06
6198,3.42173572063,1.24655097152e-06
6213,3.42171818606,1.28044927599e-06
6227,3.42170090027,1.31367389374e-06
6241,3.42168351406,1.34577734642e-06
6256,3.42166639711,1.37620278432e-06
6270,3.42164944999,1.40430164076e-06
6285,3.4216324039,1.42937089648e-06
6299,3.42161532587,1.45070959262e-06
6314,3.42159832377,1.46769171298e-06
6328,3.421581457,1.47985591922e-06
6343,3.42156472789,1.48703039863e-06
6357,3.42154817573,1.4895335858e-06
6372,3.42153127104,1.48847202889e-06
6387,3.42151490751,1.48602690222e-06
6401,3.42149828845,1.48543897608e-06
6416,3.42148158871,1.49041088413e-06
6431,3.42146514244,1.50407527948e-06
6446,3.42144879538,1.52816877597e-06
6461,3.42143235577,1.56298503263e-06
6476,3.42141623776,1.60802322948e-06
6490,3.42139978202,1.66277055658e-06
6505,3.4213836495,1.7272580017e-06
6520,3.42136759992,1.80251287918e-06
6535,3.42135121837,1.89114197775e-06
6551,3.4213352529,1.99798278808e-06
6566,3.42131902001,2.13044044181e-06
6581,3.42130308928,2.29814052567e-06
6596,3.42128729202,2.51199467813e-06
6611,3.42127096929,2.7834251671e-06
6626,3.42125494624,3.12474006885e-06
6642,3.42123913661,3.55079732562e-06
6657,3.42122301789,4.08043666732e-06
6672,3.42120711355,4.73554916027e-06
6688,3.42119134083,5.53745650132e-06
6703,3.42117540875,6.50282290022e-06
6719,3.42115964323,7.64157087061e-06
6734,3.42114425768,8.95715169883e-06
6750,3.42112882227,1.04479966393e-05
6765,3.42111355127,1.21093139266e-05
6781,3.42109860095,1.39346719239e-05
6796,3.42108410568,1.59153817581e-05
6812,3.42107007715,1.80338418443e-05
6828,3.4210560976,2.02477569481e-05
6844,3.42104267124,2.24683640861e-05
6859,3.42102988855,2.45467176795e-05
6875,3.42101776324,2.62884489012e-05
6891,3.42100609062,2.75058233117e-05
6907,3.4209944536,2.80865084108e-05
6923,3.42098283366,2.80367678548e-05
6939,3.42097087528,2.74701683617e-05
6955,3.42095900936,2.65531158161e-05
6971,3.42094619247,2.54465525506e-05
6987,3.42093346002,2.42748552483e-05
7003,3.42092033127,2.31248892533e-05
7019,3.42090702318,2.20590453675e-05
7035,3.42089345887,2.11264482117e-05
7051,3.42087966025,2.03658582605e-05
7068,3.4208661038,1.980167413e-05
7084,3.42085221305,1.94380117053e-05
7100,3.42083848373,1.92563795726e-05
7117,3.42082495218,1.9220395631e-05
7133,3.42081151234,1.9286346005e-05
7150,3.42079822186,1.94143775972e-05
7166,3.42078502527,1.95750360513e-05
7183,3.42077185002,1.97495375574e-05
7199,3.42075906027,1.99259516297e-05
7216,3.42074592141,2.00945971268e-05
7232,3.42073361434,2.02447340345e-05
7249,3.42072064238,2.03631595388e-05
7266,3.42070809606,2.04343075546e-05
7282,3.42069563082,2.04417048321e-05
7299,3.42068319756,2.03709122369e-05
7316,3.42067069003,2.02142877296e-05
7333,3.42065845588,1.99767372969e-05
7350,3.42064587945,1.96798564808e-05
7367,3.42063318203,1.93613477359e-05
7384,3.42062050052,1.90689444492e-05
7401,3.42060754012,1.88515602205e-05
7418,3.42059476387,1.8751915517e-05
7435,3.4205820819,1.88030379205e-05
7452,3.4205690248,1.90277207141e-05
7469,3.42055626221,1.9438358919e-05
7487,3.42054385477,2.00354823375e-05
7504,3.42053093098,2.08054473795e-05
7521,3.42051876026,2.17193851708e-05
7538,3.42050677746,2.27354588988e-05
7556,3.42049488791,2.3804542019e-05
7573,3.42048320038,2.48773471502e-05
7591,3.42047189107,2.59100131757e-05
7608,3.42046065817,2.68661990143e-05
7626,3.42044986282,2.77158459034e-05
7643,3.42043891158,2.84324874398e-05
7661,3.42042836126,2.89912133895e-05
7679,3.42041794036,2.93687379605e-05
7696,3.42040760671,2.9545839194e-05
7714,3.42039727978,2.95116151402e-05
7732,3.42038683317,2.92681289723e-05
7750,3.42037680299,2.88333188297e-05
7768,3.42036613778,2.82401263247e-05
7785,3.42035577621,2.75311435546e-05
7803,3.42034479772,2.67506220722e-05
7821,3.42033400937,2.59369993384e-05
7839,3.42032327286,2.51187834974e-05
7857,3.42031205195,2.43143425459e-05
7876,3.4203009502,2.35343289185e-05
7894,3.42028995274,2.27849322741e-05
7912,3.42027876596,2.20706968062e-05
7930,3.42026759903,2.13965364858e-05
7948,3.42025644065,2.07689398325e-05
7967,3.420245067,2.01960987958e-05
7985,3.42023359196,1.9686397759e-05
8004,3.42022228719,1.92451734902e-05
8022,3.42021096094,1.88712984915e-05
8041,3.42019946023,1.85567404171e-05
8059,3.42018809896,1.82913668356e-05
8078,3.42017689042,1.80711370771e-05
8096,3.42016535132,1.79038839533e-05
8115,3.42015374055,1.78079800232e-05
8134,3.42014217951,1.78053167521e-05
8152,3.42013092058,1.79150338592e-05
8171,3.42011919635,1.81529123037e-05
8190,3.42010775769,1.8534784319e-05
8209,3.42009613973,1.90779079541e-05
8228,3.42008474509,1.97964243981e-05
8247,3.42007345852,2.06938152879e-05
8266,3.42006208019,2.17594331359e-05
8285,3.42005093232,2.29731558605e-05
8304,3.42003994368,2.43142580125e-05
8323,3.42002915922,2.57660697399e-05
8342,3.42001844879,2.73122222013e-05
8361,3.42000787379,2.89291679917e-05
8381,3.41999773071,3.05835303093e-05
8400,3.41998759346,3.22378687373e-05
8419,3.41997749816,3.38605136613e-05
8439,3.41996811258,3.54323590498e-05
8458,3.41995817635,3.69472863724e-05
8478,3.41994864743,3.84078682127e-05
8497,3.41993922469,3.98203759053e-05
8517,3.41993000634,4.11914505237e-05
8537,3.41992057394,4.25271368471e-05
8556,3.41991143555,4.3833775826e-05
8576,3.41990205728,4.51204594971e-05
8596,3.4198929444,4.64027846674e-05
8616,3.41988366973,4.77073231874e-05
8635,3.41987453417,4.90747183064e-05
8655,3.41986549875,5.05580823696e-05
8675,3.41985617859,5.22134109517e-05
8695,3.41984713479,5.4081833566e-05
8715,3.41983822811,5.61688784288e-05
8735,3.41982973196,5.84300222844e-05
8756,3.41982165011,6.07712936243e-05
8776,3.41981415465,6.30671748432e-05
8796,3.4198068145,6.51895676486e-05
8816,3.41979975653,6.70362808032e-05
8837,3.41979330754,6.85488617623e-05
8857,3.41978676937,6.97154947166e-05
8877,3.41978043172,7.05612708663e-05
8898,3.4197737682,7.11319743437e-05
8918,3.4197674069,7.14772378553e-05
8939,3.41976073819,7.16371179649e-05
8960,3.41975442881,7.16336170028e-05
8980,3.41974780286,7.14680007299e-05
9001,3.41974147942,7.11240549544e-05
9022,3.41973495858,7.05772192587e-05
9042,3.41972834588,6.98073241424e-05
9063,3.41972187222,6.88106573741e-05
9084,3.41971502186,6.76059388749e-05
9105,3.41970797916,6.62308341822e-05
9126,3.41970086287,6.47303562483e-05
9147,3.41969368971,6.31428439335e-05
9168,3.41968631538,6.14906572435e-05
9189,3.4196786197,5.97799503317e-05
9211,3.41967097648,5.80089020218e-05
9232,3.41966296452,5.61793824283e-05
9253,3.41965473172,5.43059097942e-05
9274,3.41964666839,5.2418028952e-05
9296,3.41963822914,5.05559559481e-05
9317,3.41962910212,4.87623992719e-05
9339,3.41962032213,4.70745100477e-05
9360,3.41961126716,4.55188836512e-05
9382,3.4196017564,4.41103308236e-05
9403,3.41959247888,4.2853753041e-05
9425,3.41958314191,4.17473394058e-05
9447,3.41957361158,4.07858169381e-05
9469,3.4195637278,3.99625592659e-05
9490,3.41955418481,3.92705468941e-05
9512,3.4195445847,3.87028667108e-05
9534,3.41953463812,3.82542163084e-05
9556,3.41952480853,3.79250056989e-05
9578,3.41951499413,3.77276876437e-05
9600,3.41950500659,3.7691224248e-05
9622,3.41949478041,3.78577797146e-05
9645,3.4194846937,3.82698187478e-05
9667,3.41947430775,3.8954148697e-05
9689,3.41946438763,3.99132374104e-05
9712,3.41945427794,4.11284003941e-05
9734,3.4194443373,4.256986926e-05
9756,3.4194345873,4.42061419648e-05
9779,3.41942480898,4.60096208389e-05
9801,3.41941507922,4.79605571579e-05
9824,3.41940555309,5.00511608439e-05
9847,3.41939634575,5.22880786027e-05
9869,3.41938694108,5.46885762011e-05
9892,3.4193778501,5.72671621438e-05
9915,3.41936905294,6.00168075095e-05
9938,3.41936013248,6.28991194744e-05
9961,3.41935171576,6.58605468512e-05
9984,3.41934303036,6.88747025558e-05
10007,3.4193347653,7.19810023195e-05
10030,3.41932628612,7.5279779284e-05
10053,3.41931828674,7.88751322307e-05
10076,3.41931021135,8.28054031594e-05
10099,3.4193026457,8.70135706171e-05
10123,3.41929575131,9.13737004563e-05
10146,3.41928905201,9.57445216295e-05
10169,3.41928315993,0.00010001079261
10193,3.41927737166,0.000104095211951
10216,3.41927219048,0.000107947743409
10240,3.41926730575,0.00011152841957
10263,3.41926293156,0.000114795098541
10287,3.41925829541,0.000117701170674
10311,3.41925437288,0.000120202899155
10335,3.41925043934,0.000122273221086
10358,3.4192462675,0.000123914373104
10382,3.4192421202,0.000125159077705
10406,3.41923782224,0.000126052286212
10430,3.41923339008,0.000126620531383
10454,3.4192287755,0.000126857787248
10478,3.41922381031,0.000126757560753
10502,3.41921847809,0.000126379361576
10527,3.41921257196,0.000125885858421
10551,3.41920589831,0.000125498031139
10575,3.41919887199,0.000125402862736
10600,3.41919126614,0.00012571037181
10624,3.41918344249,0.000126497646584
10649,3.41917532521,0.000127860784711
10673,3.41916747956,0.000129879191626
10698,3.41915935287,0.000132515814065
10722,3.41915204137,0.000135578659016
10747,3.41914488999,0.000138819540159
10772,3.41913820781,0.000142100328055
10797,3.41913128138,0.000145485913885
10822,3.41912450274,0.000149192142938
10847,3.41911784237,0.000153440710614
10872,3.41911129861,0.000158328822471
10897,3.41910544494,0.00016378382968
10922,3.41910043797,0.000169600461436
10947,3.41909631046,0.00017551484036
10972,3.41909325999,0.000181271597546
10997,3.41909081822,0.000186664864627
11023,3.41908910668,0.000191554607011
11048,3.41908790134,0.000195867369438
11074,3.41908702942,0.000199588174643
11099,3.41908615326,0.000202746807823
11125,3.41908578336,0.000205399996921
11150,3.41908500473,0.000207611954591
11176,3.41908453436,0.000209435978699
11202,3.4190839654,0.000210901310253
11228,3.41908342934,0.000212007762184
11254,3.41908293599,0.000212730819345
11280,3.41908262395,0.000213037758106
11306,3.41908215892,0.000212912367473
11332,3.41908155652,0.000212380105492
11358,3.41908058298,0.000211520102728
11384,3.41907942234,0.000210449282758
11410,3.4190782469,0.000209273886139
11436,3.41907679239,0.000208023170865
11463,3.41907575823,0.0002065995162
11489,3.41907481101,0.000204782068776
11516,3.41907392527,0.000202298144382
11542,3.41907313299,0.000198937991447
11569,3.4190715826,0.000194659183607
11596,3.41906930202,0.000189627966826
11622,3.41906568993,0.000184178245564
11649,3.41906123379,0.000178710183096
11676,3.41905570877,0.000173575920165
11703,3.41904900212,0.000168995659084
11730,3.41904213787,0.0001650253745
11757,3.4190349767,0.000161574668909
11784,3.4190274544,0.000158462279738
11811,3.41901968167,0.000155498290936
11838,3.41901161265,0.000152583639853
11866,3.41900246555,0.000149809556514
11893,3.41899228337,0.000147521345483
11920,3.41898113983,0.000146297973163
11948,3.41896887153,0.000146813685933
11975,3.41895665809,0.000149602402845
12003,3.41894498433,0.000154816669497
12031,3.41893512276,0.000162106101513
12059,3.41892748762,0.000170694123179
12086,3.41892256687,0.000179619218525
12114,3.41891978904,0.000188007281195
12142,3.41891914232,0.000195232791973
12170,3.41891995591,0.000200918838171
12198,3.41892172105,0.000204841728995
12226,3.41892387013,0.000206854099426
12254,3.41892604351,0.000206891176589
12283,3.41892799075,0.000205034638743
12311,3.41892834623,0.000201557122899
12339,3.41892712696,0.000196891351187
12368,3.41892413445,0.000191530808059
12396,3.41891940266,0.000185916355419
12425,3.41891261232,0.00018039011479
12454,3.41890340248,0.000175429547075
12482,3.41889132539,0.000172491235354
12511,3.41887745695,0.000174173796939
12540,3.41886600062,0.000181015327318
12569,3.41885937951,0.000189462104782
12598,3.4188560961,0.000196124888158
12627,3.41885383569,0.000200602874724
12656,3.41885156978,0.0002037244159
12685,3.41884929802,0.000206088641664
12714,3.41884658354,0.000207993363827
12744,3.41884340663,0.000209621393043
12773,3.4188400967,0.000211119028312
12802,3.41883650967,0.000212606740491
12832,3.41883285292,0.00021417128608
12862,3.41882899123,0.00021586460258
12891,3.4188251001,0.000217711691076
12921,3.41882106195,0.000219718466361
12951,3.41881732751,0.0002218768344
12981,3.41881359732,0.000224170210123
13011,3.41880978351,0.00022658102663
13041,3.41880627572,0.000229100019164
13071,3.4188025788,0.000231734536444
13101,3.4187989254,0.00023451201205
13131,3.4187954971,0.000237478714181
13161,3.41879163197,0.000240696142031
13192,3.41878813583,0.000244236514797
13222,3.41878487196,0.000248178873054
13252,3.41878145022,0.000252607444337
13283,3.41877844219,0.000257614746434
13314,3.41877561018,0.000263306819148
13344,3.41877344117,0.000269802634308
13375,3.41877196752,0.000277227754871
13406,3.41877184537,0.000285709321871
13437,3.41877350669,0.000295358205022
13468,3.41877787593,0.000306075788515
13499,3.41878700974,0.000316716519649
13530,3.41880145422,0.000324001132398
13561,3.4188184354,0.000324340000085
13592,3.41883261501,0.00031831313133
13624,3.41884273295,0.0003098975264
13655,3.41885016864,0.000301457319334
13687,3.41885606159,0.000292989243975
13718,3.41886155375,0.00028406781355
13750,3.41886604302,0.000274531912208
13781,3.41886984976,0.000264356653975
13813,3.4188729001,0.000253536711685
13845,3.41887504971,0.000242020626733
13877,3.41887642534,0.00022965513201
13909,3.4188770669,0.000216176814041
13941,3.41887625872,0.000201280347044
13973,3.41887349305,0.00018478355236
14005,3.41886797733,0.000166990734295
14038,3.41885761432,0.00014923992896
14070,3.41884335914,0.000133766711996
14102,3.41882689551,0.000121998435348
14135,3.41881020774,0.000113450293921
14168,3.41879344483,0.000107200644862
14200,3.4187769197,0.000102998051287
14233,3.41876095799,0.000100693008939
14266,3.41874555823,9.99654570801e-05
14299,3.41873098949,0.000100549535691
14332,3.41871741468,0.000102306317884
14365,3.41870457942,0.000105132025253
14398,3.41869361054,0.00010880170028
14431,3.41868425373,0.00011279767622
14464,3.41867636197,0.000116280989366
14498,3.4186696656,0.000118426527699
14531,3.4186633596,0.000119000909679
14565,3.41865608478,0.000118574621091
14598,3.41864762678,0.00011803388153
14632,3.4186386832,0.00011793016985
14665,3.41862940958,0.000118324051413
14699,3.41862018356,0.000119049095536
14733,3.41861102455,0.00011995604705
14767,3.41860194841,0.000120972507207
14801,3.41859275844,0.00012207271349
14835,3.41858352945,0.000123247827397
14870,3.41857437981,0.000124494207857
14904,3.41856500373,0.000125810624859
14938,3.41855532104,0.000127197592677
14973,3.41854564848,0.000128656805255
15007,3.4185358426,0.000130190571739
15042,3.41852597452,0.000131801242454
15076,3.41851570947,0.000133490002861
15111,3.41850538278,0.00013525249642
15146,3.41849479477,0.000137067878928
15181,3.41848389538,0.000138883720777
15216,3.41847273634,0.000140617883456
15251,3.41846115442,0.000142205971106
15286,3.41844892081,0.000143677180148
15321,3.41843565711,0.000145175730873
15357,3.41842157685,0.000146878692469
15392,3.41840674193,0.000148887370225
15428,3.41839083811,0.000151202597461
15463,3.41837387826,0.000153784070367
15499,3.41835585055,0.000156613045739
15535,3.41833656535,0.000159713248068
15570,3.41831525813,0.00016314387685
15606,3.41829204222,0.000166989110027
15642,3.41826597578,0.00017135353353
15678,3.4182370862,0.00017636630202
15714,3.41820347717,0.000182220802321
15751,3.41816388451,0.000189376770087
15787,3.41811521392,0.00019930262467
15823,3.41805345038,0.000216325866399
15860,3.41797554799,0.000250257026348
15896,3.41788663817,0.000316491267007
15933,3.41780555271,0.00042834951483
15970,3.41776290031,0.000582743131685
16007,3.41778134546,0.000752735579249
16043,3.41786026952,0.000900098193034
16080,3.41797194489,0.000999692567558
16117,3.41808334652,0.00105240299603
16155,3.41817706218,0.00107698750936
16192,3.41825196814,0.00109328641503
16229,3.41831782488,0.00111190165039
16267,3.41838422273,0.00113355251036
16304,3.41845812183,0.00115323754112
16342,3.41853915099,0.00116464368864
16379,3.41862451593,0.00116313429667
16417,3.41870916397,0.00114714224038
16455,3.41878897919,0.00111795667759
16493,3.41886166375,0.00107812552409
16531,3.41892653564,0.00102950721271
16569,3.41898292801,0.000972584746517
16607,3.41902874487,0.00090776767443
16646,3.41906063346,0.00083735336345
16684,3.419077238,0.00076592688256
16722,3.41907972393,0.000698651538986
16761,3.41907104969,0.000639125059549
16800,3.41905557511,0.000588559153478
16838,3.41903640643,0.000546389671151
16877,3.419015887,0.000511319471149
16916,3.41899469742,0.000482028986584
16955,3.41897387607,0.000457444614079
16994,3.41895322212,0.000436764121023
17033,3.41893330779,0.00041940638528
17073,3.41891358295,0.000404954400552
17112,3.41889442581,0.000393106939401
17151,3.41887590557,0.000383643721126
17191,3.41885808858,0.000376404705458
17231,3.41884068478,0.000371282437108
17270,3.41882405318,0.000368224162175
17310,3.41880834012,0.00036723921304
17350,3.41879357943,0.000368400296504
17390,3.41878017174,0.000371815335489
17430,3.41876815158,0.000377536754273
17470,3.41875886296,0.000385389313471
17511,3.4187530123,0.000394758811794
17551,3.41875126044,0.000404470683295
17591,3.41875358609,0.000412925571418
17632,3.41875904115,0.000418554515878
17673,3.41876608789,0.0004204271922
17713,3.4187726152,0.000418663091026
17754,3.41877741975,0.000414353214936
17795,3.4187802049,0.000409006356584
17836,3.41878094811,0.000403855972948
17877,3.41878087436,0.000399439129362
17918,3.41878065706,0.000395638249627
17960,3.41878063691,0.000392050396724
18001,3.41878065002,0.000388372035271
18043,3.41878052466,0.000384558230761
18084,3.41878000931,0.000380734560734
18126,3.41877941389,0.000377014404443
18168,3.41877868124,0.000373388871537
18210,3.41877831956,0.00036974596484
18252,3.41877753125,0.00036596404525
18294,3.418776929,0.000361992175575
18336,3.41877573718,0.000357872684946
18378,3.41877458276,0.000353712751233
18420,3.41877268592,0.000349638887133
18463,3.41877073429,0.000345760048524
18505,3.41876856665,0.000342150448684
18548,3.41876610913,0.000338848465975
18591,3.41876334107,0.000335864777884
18634,3.41876100038,0.000333192933228
18677,3.41875833337,0.000330818546242
18720,3.41875593131,0.000328724454552
18763,3.41875342617,0.000326892597747
18806,3.41875121157,0.000325302404654
18849,3.41874912089,0.000323927383616
18893,3.41874717161,0.000322730348843
18936,3.41874571639,0.000321658350843
18980,3.41874439996,0.000320638761469
19024,3.41874347383,0.000319579637902
19068,3.41874268452,0.000318381147699
19112,3.41874235478,0.00031696335653
19156,3.4187416259,0.000315306320362
19200,3.41874101039,0.000313478969543
19244,3.41873996236,0.000311626233519
19289,3.41873912782,0.000309903574705
19333,3.4187383248,0.000308392796304
19378,3.41873768205,0.000307054767786
19422,3.41873719799,0.000305750665341
19467,3.41873702394,0.000304311631297
19512,3.41873718597,0.000302608795079
19557,3.41873730121,0.000300588883549
19602,3.41873718635,0.00029827238102
19647,3.41873712908,0.000295731165251
19692,3.41873675238,0.000293062749604
19738,3.41873609991,0.000290369186549
19783,3.41873517631,0.000287742403095
19829,3.41873415806,0.000285254727901
19875,3.41873309731,0.000282953649189
19920,3.41873206097,0.000280860075759
19966,3.4187308737,0.000278969633209
20012,3.41872973962,0.000277256217569
20059,3.41872892747,0.000275677121643
20105,3.41872812733,0.000274178796106
20151,3.41872790917,0.000272702255911
20198,3.41872744091,0.000271188012517
20244,3.41872769397,0.000269579469676
20291,3.41872777502,0.000267825717444
20338,3.41872796867,0.000265882814163
20385,3.41872870389,0.000263714720775
20432,3.41872917515,0.00026129392403
20479,3.41872972918,0.000258601705691
20526,3.41873037549,0.00025562878755
20573,3.41873094189,0.00025237590548
20621,3.41873123121,0.000248854293134
20668,3.4187313555,0.000245085841161
20716,3.41873123722,0.000241102780282
20763,3.41873093514,0.000236946600871
20811,3.4187304478,0.0002326662431
20859,3.41872959733,0.000228315565962
20907,3.41872849475,0.000223950232296
20956,3.41872674828,0.000219624399472
21004,3.41872498348,0.000215387309654
21052,3.41872306666,0.000211280500711
21101,3.41872079457,0.000207335582864
21150,3.41871855623,0.000203572991932
21198,3.41871592114,0.000200001953369
21247,3.41871317707,0.000196621321377
21296,3.41871060032,0.000193421435449
21345,3.41870786717,0.000190386560392
21394,3.41870527604,0.000187497476195
21444,3.41870251726,0.000184734110574
21493,3.41869971874,0.000182077651107
21543,3.41869716138,0.000179512126999
21592,3.41869453216,0.000177025309127
21642,3.41869184753,0.000174608831759
21692,3.41868890345,0.000172257809157
21742,3.41868638566,0.000169969965975
21792,3.41868379112,0.000167744732099
21842,3.41868107213,0.000165582151825
21893,3.41867857931,0.000163482038588
21943,3.41867584438,0.000161443436021
21994,3.41867329648,0.000159464218158
22045,3.41867062086,0.000157541104273
22095,3.41866793024,0.000155669732612
22146,3.41866537069,0.000153844927555
22197,3.41866298222,0.000152061006881
22249,3.41866034942,0.000150312103113
22300,3.41865781997,0.0001485923952
22351,3.4186553426,0.000146896417057
22403,3.41865318269,0.00014521925394
22454,3.41865071798,0.000143556793159
22506,3.41864801858,0.000141905822772
22558,3.41864574351,0.00014026416042
22610,3.41864327333,0.000138630796236
22662,3.41864076068,0.00013700580488
22714,3.41863822176,0.000135390307831
22767,3.41863582932,0.000133786319021
22819,3.41863332684,0.000132196573599
22872,3.41863091106,0.000130624269145
22925,3.41862847124,0.000129072865278
22977,3.41862594179,0.000127545854743
23030,3.41862347019,0.000126046573249
23083,3.41862064304,0.000124578085381
23137,3.41861827168,0.000123143023778
23190,3.41861552252,0.000121743650245
23243,3.41861296429,0.000120381755099
23297,3.41861038429,0.000119058797666
23351,3.41860771189,0.000117775973992
23405,3.41860498398,0.00011653433372
23459,3.41860233425,0.000115334873998
23513,3.41859968671,0.000114178584768
23567,3.418596943,0.000113066398464
23621,3.41859427793,0.00011199906712
23676,3.41859146425,0.000110977040732
23730,3.41858890963,0.000110000311406
23785,3.4185862985,0.000109068401866
23840,3.41858366463,0.000108180357218
23895,3.41858079219,0.000107334860049
23950,3.41857834841,0.000106530324259
24005,3.41857558557,0.000105765096473
24060,3.41857308566,0.000105037474192
24116,3.41857036675,0.000104345853789
24171,3.41856754382,0.000103688727569
24227,3.41856494893,0.000103064729765
24283,3.41856236444,0.000102472685593
24339,3.41855994184,0.000101911601727
24395,3.41855730437,0.000101380699913
24451,3.41855479507,0.000100879369951
24508,3.41855235928,0.000100407174524
24564,3.4185496148,9.99638022364e-05
24621,3.41854716088,9.95489795605e-05
24678,3.41854473637,9.91624951753e-05
24734,3.41854192493,9.88042136028e-05
24791,3.41853972976,9.84741824914e-05
24849,3.41853696812,9.81730345835e-05
24906,3.4185346232,9.79022436296e-05
24963,3.41853223123,9.76645051001e-05
25021,3.4185293657,9.74636081399e-05
25079,3.41852718454,9.73038027983e-05
25136,3.41852433523,9.71889934532e-05
25194,3.41852187577,9.71218182965e-05
25252,3.41851932584,9.71036224277e-05
25311,3.41851672427,9.71350567387e-05
25369,3.41851423535,9.72172772934e-05
25427,3.41851189997,9.73532945046e-05
25486,3.4185093634,9.75493782872e-05
25545,3.41850664001,9.7816709695e-05
25604,3.41850416112,9.81734648015e-05
25663,3.41850134444,9.86468643981e-05
25722,3.41849874635,9.92736838296e-05
25781,3.41849586117,0.000100097529784
25841,3.41849334773,0.000101161038369
25900,3.41849076597,0.000102493205426
25960,3.41848866569,0.000104094064451
26020,3.41848664267,0.00010592192421
26080,3.41848517529,0.000107888854977
26140,3.41848390832,0.000109868821482
26200,3.41848330845,0.000111718120029
26260,3.41848269035,0.000113303102699
26321,3.41848309916,0.000114526343669
26382,3.41848285905,0.000115343356527
26442,3.41848330875,0.000115764817851
26503,3.41848320751,0.000115845949377
26565,3.41848295875,0.000115667633705
26626,3.41848284727,0.000115316627901
26687,3.41848236871,0.000114870139848
26749,3.4184817079,0.000114387301864
26810,3.41848071796,0.00011390736806
26872,3.41847967919,0.000113452389443
26934,3.4184787773,0.000113031958969
26996,3.41847764995,0.000112648014598
27058,3.41847665903,0.000112298571635
27121,3.41847564884,0.000111980230046
27183,3.41847428186,0.000111689498684
27246,3.41847318089,0.000111423315525
27309,3.41847175339,0.000111179236684
27372,3.41847078158,0.000110955273891
27435,3.41846944331,0.000110749859609
27498,3.41846830285,0.000110561630095
27561,3.41846709029,0.000110389410547
27625,3.41846566602,0.000110232128952
27689,3.41846436561,0.000110088774577
27753,3.41846332238,0.000109958405924
27817,3.4184620637,0.000109840160273
27881,3.41846073671,0.000109733217534
27945,3.41845949319,0.00010963682749
28009,3.41845829629,0.000109550325636
28074,3.4184570953,0.000109473137719
28139,3.41845597795,0.000109404783777
28203,3.41845469106,0.000109344899443
28269,3.41845347218,0.00010929321099
28334,3.41845234044,0.000109249554715
28399,3.4184509966,0.000109213872119
28464,3.41844997284,0.00010918616163
28530,3.41844852837,0.000109166532537
28596,3.41844761499,0.000109155097139
28662,3.41844622639,0.00010915207612
28728,3.41844512821,0.00010915767146
28794,3.41844389319,0.000109172157338
28860,3.41844262635,0.000109195826317
28927,3.41844141661,0.00010922901415
28994,3.41844040897,0.000109272112092
29061,3.41843911878,0.000109325612183
29127,3.41843802295,0.000109390089183
29195,3.41843665966,0.000109466302014
29262,3.41843556716,0.000109555174117
29329,3.41843441133,0.000109657884203
29397,3.41843319676,0.000109775824556
29465,3.41843202842,0.000109910541521
29533,3.41843094425,0.00011006357568
29601,3.41842975918,0.000110236176934
29669,3.41842848999,0.000110428872646
29737,3.41842732013,0.000110640960351
29806,3.41842625616,0.00011087001356
29875,3.41842515577,0.000111111526062
29944,3.41842423255,0.000111358867953
30013,3.41842336597,0.000111603763161
30082,3.41842219297,0.000111837291843
30151,3.41842131546,0.000112051326547
30221,3.41842036977,0.000112240293279
30290,3.41841939227,0.000112402670336
30360,3.41841828635,0.000112541989623
30430,3.41841729468,0.000112666943832
30500,3.41841651287,0.000112790578138
30571,3.41841538489,0.000112928709522
30641,3.4184142262,0.000113097893203
30712,3.41841277074,0.000113313582461
30782,3.41841165895,0.000113588718928
30853,3.41841052059,0.000113933236363
30925,3.41840941663,0.000114354320891
30996,3.4184081844,0.000114857479892
31067,3.41840695821,0.000115448015671
31139,3.41840572534,0.000116132519873
31211,3.41840445704,0.00011691970163
31283,3.41840351956,0.000117819758314
31355,3.41840245159,0.000118841551326
31427,3.41840159885,0.000119987020823
31500,3.41840106873,0.000121243575063
31572,3.41840059971,0.000122576284107
31645,3.41840049566,0.000123923112959
31718,3.41840079037,0.000125196821357
31791,3.41840111372,0.000126295519844
31864,3.4184018491,0.000127120825459
31938,3.41840259539,0.000127599146721
32011,3.41840374603,0.000127699065469
32085,3.41840455814,0.000127438881868
32159,3.41840509842,0.000126881366163
32233,3.41840556295,0.00012611802749
32308,3.418405468,0.000125248547532
32382,3.41840530952,0.000124361974794
32457,3.41840494089,0.000123524734389
32531,3.41840468362,0.000122776760198
32606,3.41840371397,0.000122134454917
32682,3.41840322933,0.000121597146726
32757,3.4184024388,0.000121154449179
32832,3.41840161186,0.000120792030559
32908,3.41840069269,0.000120495464861
32984,3.41839997037,0.000120252102251
33060,3.41839908852,0.00012005167341
33136,3.41839839755,0.000119886095915
33213,3.41839760488,0.000119749106437
33289,3.41839671049,0.000119635794303
33366,3.4183962513,0.000119542243261
33443,3.4183955469,0.000119465343181
33520,3.41839479666,0.00011940254658
33597,3.41839407983,0.000119351784964
33675,3.41839339468,0.000119311377468
33752,3.41839272073,0.000119279953711
33830,3.41839184904,0.00011925639398
33908,3.41839118961,0.000119239743786
33986,3.41839066955,0.000119229204748
34065,3.41838983137,0.000119224094577
34143,3.41838932372,0.00011922376956
34222,3.41838871829,0.00011922768501
34301,3.41838808371,0.000119235332281
34380,3.41838733832,0.000119246258196
34459,3.41838674413,0.000119260047028
34539,3.41838632111,0.000119276340428
34618,3.41838564387,0.000119294842906
34698,3.41838500221,0.000119315278006
34778,3.41838429664,0.000119337421829
34858,3.41838364777,0.000119361075628
34939,3.41838331032,0.000119386062238
35019,3.41838261792,0.00011941225668
35100,3.41838180418,0.000119439517141
35181,3.41838149342,0.000119467698426
35262,3.41838085436,0.000119496713318
35343,3.41838043061,0.000119526431541
35425,3.41837946815,0.00011955677187
35506,3.41837908751,0.00011958759054
35588,3.41837851445,0.000119618812829
35670,3.41837785269,0.000119650336198
35752,3.41837731932,0.000119682057368
35835,3.41837691279,0.00011971388455
35917,3.41837635988,0.000119745740179
36000,3.41837566316,0.000119777543
36083,3.41837510827,0.000119809209653
36166,3.41837443398,0.000119840686648
36250,3.41837428004,0.000119871904326
36333,3.41837356502,0.000119902876506
36417,3.41837300039,0.000119933589678
36501,3.41837244219,0.00011996411494
36585,3.41837204236,0.00011999459509
36669,3.41837130758,0.000120025314117
36754,3.41837068008,0.000120056685238
36839,3.41837021153,0.000120089342383
36924,3.41836976786,0.00012012416915
37009,3.41836890256,0.000120162316413
37094,3.41836833529,0.000120205124846
37180,3.41836791164,0.00012025411971
37265,3.41836738323,0.000120310850691
37351,3.418366797,0.000120376698168
37437,3.41836625967,0.000120452677501
37524,3.41836570105,0.000120539254709
37610,3.41836523386,0.000120636192138
37697,3.41836459878,0.000120742511021
37784,3.41836422264,0.000120856499245
37871,3.41836368422,0.00012097590817
37958,3.41836321335,0.000121098113634
38046,3.41836260836,0.000121220398839
38133,3.41836210915,0.000121340154866
38221,3.4183615896,0.000121455092098
38309,3.41836122275,0.000121563331852
38398,3.41836083193,0.000121663477033
38486,3.41836035919,0.000121754591096
38575,3.41835975422,0.000121836169902
38664,3.4183592375,0.0001219080977
38753,3.41835897506,0.000121970640883
38842,3.41835857141,0.000122024474991
38932,3.4183581048,0.000122070682895
39022,3.41835746913,0.000122110830098
39112,3.41835722682,0.000122146986606
39202,3.41835667112,0.000122181828848
39292,3.41835613698,0.000122218548523
39383,3.41835559529,0.000122260832175
39473,3.41835510392,0.000122312695002
39564,3.41835453138,0.000122378250342
39656,3.41835408236,0.000122461359589
39747,3.41835337394,0.000122565257219
39839,3.41835297262,0.000122692043591
39931,3.41835236778,0.000122842314375
40023,3.4183516804,0.000123014735907
40115,3.41835130014,0.000123205855009
40207,3.41835075607,0.00012341017219
40300,3.41835001067,0.000123620414414
40393,3.41834974495,0.00012382813849
40486,3.41834956696,0.000124024655383
40579,3.41834916012,0.000124201987452
40673,3.41834872484,0.000124353840217
40767,3.41834842088,0.000124476435209
40861,3.41834803503,0.000124569017214
40955,3.4183474193,0.000124633930218
41049,3.41834712377,0.000124676275413
41144,3.41834692349,0.000124703307405
41239,3.4183462261,0.000124723555573
41334,3.41834576876,0.000124745849959
41429,3.41834556307,0.000124778580687
41525,3.41834479359,0.000124829083909
41620,3.41834429054,0.000124903173914
41716,3.4183434755,0.000125005104158
41812,3.4183432587,0.000125137487399
41909,3.41834226502,0.00012530157156
42005,3.41834168203,0.000125497254537
42102,3.41834124102,0.000125723439805
42199,3.4183404059,0.00012597820086
42297,3.4183400254,0.000126258925027
42394,3.41833938717,0.000126562626116
42492,3.41833864837,0.000126886057912
42590,3.41833840372,0.000127225924446
42688,3.41833793065,0.000127579118641
42786,3.41833730918,0.000127942781924
42885,3.41833684729,0.000128314418414
42984,3.41833648061,0.000128691961943
43083,3.41833576372,0.000129073776989
43182,3.41833548476,0.000129458564042
43282,3.41833502755,0.000129845404156
43382,3.41833474022,0.000130233605783
43482,3.41833402348,0.000130622714789
43582,3.41833404905,0.000131012356019
43682,3.41833356176,0.000131402349607
43783,3.41833300241,0.000131792520432
43884,3.41833278165,0.000132182740703
43985,3.41833232135,0.000132572951679
44086,3.41833222208,0.000132963070017
44188,3.41833168674,0.000133353081449
44290,3.41833145237,0.00013374292306
44392,3.41833130193,0.000134132577624
44494,3.41833101591,0.000134522035068
44597,3.4183304385,0.000134911288681
44700,3.41833039509,0.000135300297846
44803,3.41832989409,0.000135689097815
44906,3.41832967296,0.000136077658985
45010,3.41832973727,0.000136465983691
45113,3.41832940342,0.000136854104558
45217,3.41832909117,0.000137242012673
45322,3.41832886345,0.000137629715608
45426,3.41832859573,0.000138017230719
45531,3.41832821699,0.000138404575528
45636,3.41832801444,0.000138791755442
45741,3.41832777474,0.000139178798734
45846,3.41832787653,0.000139565712563
45952,3.41832759978,0.000139952552377
46058,3.41832724673,0.000140339336195
46164,3.41832719575,0.000140726084046
46271,3.41832681746,0.000141112864155
46377,3.41832673566,0.000141499701974
46484,3.41832659073,0.000141886675065
46591,3.41832634526,0.000142273862904
46699,3.41832611759,0.000142661358175
46806,3.41832591666,0.000143049283256
46914,3.41832574915,0.000143437792105
47023,3.418325725,0.000143827072728
47131,3.41832551076,0.000144217377191
47240,3.41832539707,0.000144608983168
47348,3.4183250587,0.000145002251206
47458,3.41832496076,0.000145397567889
47567,3.41832484423,0.000145795409169
47677,3.41832460847,0.000146196297937
47787,3.41832463479,0.000146600779994
47897,3.41832425465,0.000147009474426
48007,3.41832415876,0.000147422950274
48118,3.41832383037,0.000147841812726
48229,3.41832396591,0.000148266572383
48340,3.41832360925,0.000148697742151
48451,3.41832352299,0.000149135665803
48563,3.41832337361,0.000149580618511
48675,3.41832334673,0.0001500327209
48787,3.41832313512,0.000150491974749
48900,3.41832320264,0.000150958207032
49012,3.4183231835,0.000151431147854
49125,3.41832300344,0.000151910396022
49239,3.41832288289,0.000152395439371
49352,3.41832288806,0.000152885699272
49466,3.41832278787,0.00015338056366
49580,3.41832279404,0.000153879380219
49694,3.41832237658,0.000154381533783
49809,3.41832263304,0.000154886360287
49924,3.4183224702,0.000155393335496
50039,3.41832262987,0.000155901904586
50154,3.41832263975,0.000156411627151
50270,3.41832274797,0.000156922091892
50386,3.41832246767,0.000157432982163
50502,3.41832267801,0.000157943975826
50618,3.41832270267,0.000158454874215
50735,3.41832290648,0.000158965476113
50852,3.4183227988,0.000159475658693
50969,3.41832317014,0.000159985271593
51086,3.41832298166,0.000160494275979
51204,3.4183230759,0.000161002565862
51322,3.41832341537,0.000161510092732
51441,3.41832340734,0.0001620168472
51559,3.41832341566,0.000162522784655
51678,3.41832364166,0.000163027875692
51797,3.4183235509,0.000163532131929
51917,3.41832397179,0.000164035504514
52036,3.41832391217,0.000164538035304
52156,3.41832391771,0.000165039695208
52276,3.41832445992,0.000165540460389
52397,3.41832466347,0.000166040373492
52518,3.41832455772,0.000166539434308
52639,3.41832485783,0.000167037609211
52760,3.41832519304,0.000167534916884
52882,3.41832527573,0.000168031371042
53004,3.41832549877,0.000168526950323
53126,3.41832571907,0.000169021657352
53248,3.41832586033,0.00016951548867
53371,3.41832614217,0.000170008422758
53494,3.41832624686,0.0001705004609
53617,3.41832661012,0.000170991562577
53741,3.41832710096,0.000171481710804
53865,3.41832705197,0.00017197091075
53989,3.41832730021,0.000172459086982
54114,3.41832737686,0.000172946224513
54238,3.4183279148,0.000173432247603
54363,3.41832821338,0.000173917143007
54489,3.41832853344,0.000174400844046
54614,3.41832898586,0.00017488328709
54740,3.41832916568,0.000175364430799
54866,3.41832960967,0.000175844181934
54993,3.41832981656,0.000176322497277
55120,3.41833006953,0.000176799290593
55247,3.41833071078,0.000177274470198
55374,3.41833107748,0.000177747994757
55502,3.41833146487,0.00017821977212
55630,3.41833173462,0.000178689731884
55758,3.41833245022,0.000179157766641
55886,3.41833259405,0.000179623851888
56015,3.41833292805,0.000180087870461
56144,3.41833355457,0.000180549740544
56274,3.41833410479,0.000181009406497
56404,3.4183344034,0.000181466804233
56534,3.41833477849,0.000181921844922
56664,3.41833502954,0.00018237447002
56795,3.41833577005,0.000182824580112
56925,3.41833640383,0.000183272143153
57057,3.41833678485,0.000183717106318
57188,3.41833724123,0.000184159394661
57320,3.41833749823,0.000184598969211
57452,3.41833807387,0.000185035752041
57585,3.41833869226,0.000185469712089
57717,3.41833908655,0.000185900822263
57850,3.41833995058,0.000186329007888
57984,3.41834023008,0.000186754294532
58117,3.41834110756,0.000187176591529
58251,3.41834135815,0.000187595946374
58386,3.41834212509,0.000188012284878
58520,3.41834282178,0.000188425637522
58655,3.41834322725,0.000188836027447
58790,3.41834387234,0.000189243452575
58926,3.41834435453,0.000189647983682
59062,3.41834505487,0.000190049676115
59198,3.41834573248,0.000190448656168
59334,3.41834651977,0.000190845076603
59471,3.41834693306,0.000191239184928
59608,3.41834775653,0.000191631233827
59746,3.41834825055,0.000192021655455
59883,3.41834855923,0.000192410947215
60021,3.41834967529,0.000192799695273
60160,3.41835030829,0.000193188773725
60299,3.41835114218,0.000193579126564
60438,3.41835177019,0.000193971959322
60577,3.41835248867,0.000194368651033
60716,3.41835339001,0.000194770810172
60856,3.4183539839,0.000195180288799
60997,3.41835475642,0.000195599069987
61137,3.41835561086,0.000196029312891
61278,3.41835631474,0.000196473260105
61420,3.41835704226,0.000196933112838
61561,3.41835802632,0.000197410929149
61703,3.41835874123,0.000197908521919
61845,3.4183597403,0.000198427178086
61988,3.41836010808,0.000198967611037
62131,3.41836150942,0.000199529517496
62274,3.41836225824,0.000200111712091
62418,3.41836352349,0.000200711565278
62561,3.41836433873,0.000201325118478
62706,3.41836553314,0.000201946716721
62850,3.41836691447,0.000202569090886
62995,3.41836821324,0.000203183286412
63140,3.41836964292,0.000203778690935
63286,3.41837118447,0.000204343220618
63432,3.41837256533,0.000204863549419
63578,3.4183749076,0.000205325317117
63725,3.41837648735,0.000205713758986
63871,3.41837831452,0.000206013799006
64019,3.41838020312,0.000206210746053
64166,3.41838267707,0.000206290649059
64314,3.41838463077,0.000206240892888
64462,3.41838701554,0.000206050392034
64611,3.41838880339,0.000205710190639
64760,3.41839160904,0.000205213464186
64909,3.41839371962,0.000204556071379
65059,3.41839589699,0.000203736304957
65209,3.41839835221,0.000202755082448
65359,3.41840046365,0.000201615886792
65510,3.41840273772,0.000200324502763
65661,3.41840448844,0.000198888950904
65812,3.41840654714,0.000197319086992
65964,3.41840850851,0.000195626500645
66116,3.41840974877,0.00019382418702
66268,3.41841150495,0.000191926169198
66421,3.41841291117,0.000189947479327
66574,3.41841430055,0.000187903746075
66728,3.4184152064,0.000185811099927
66882,3.41841628312,0.00018368587351
67036,3.41841715199,0.000181544530055
67190,3.41841735019,0.000179403415796
67345,3.41841817917,0.0001772784547
67500,3.41841861724,0.00017518513229
67656,3.41841859949,0.000173138065726
67812,3.41841892478,0.000171150730445
67968,3.41841881969,0.000169235284974
68125,3.41841848657,0.00016740213893
68282,3.41841827495,0.000165659706142
68440,3.41841741548,0.000164014210413
68597,3.41841785887,0.000162469302495
68755,3.41841728451,0.000161026276955
68914,3.41841664819,0.00015968369055
69073,3.41841621325,0.000158437644188
69232,3.41841568161,0.000157281983791
69392,3.41841490269,0.000156208588774
69552,3.41841483883,0.000155207751098
69712,3.41841406497,0.000154268836733
69873,3.41841378833,0.000153380609864
70034,3.41841334174,0.000152532007387
70195,3.41841325523,0.000151712551898
70357,3.41841251908,0.00015091297294
70519,3.41841242204,0.000150125452417
70682,3.41841155506,0.000149344154209
70845,3.4184118124,0.000148565146389
71008,3.41841140071,0.000147786764714
71172,3.41841105488,0.000147009273397
71336,3.41841042894,0.000146234841599
71500,3.41841040327,0.000145467169458
71665,3.41841020431,0.000144711267403
71830,3.41840926445,0.000143972989722
71996,3.41840869848,0.000143258571872
72162,3.41840807763,0.000142574376656
72328,3.41840810637,0.000141926424675
72495,3.41840760655,0.000141320214016
72662,3.41840662792,0.000140760347549
72829,3.41840651908,0.000140250357855
72997,3.41840528788,0.000139792795942
73166,3.41840465882,0.000139388907873
73334,3.41840445282,0.00013903889426
73503,3.41840360051,0.000138741949907
73673,3.4184032454,0.000138496262451
73843,3.41840240641,0.000138299345094
74013,3.41840168324,0.000138148063643
74183,3.41840148087,0.0001380388968
74354,3.41840049257,0.000137968187277
74526,3.4184001913,0.000137932144382
74698,3.41839948171,0.000137927231414
74870,3.41839895341,0.00013795014779
75042,3.4183985025,0.000137998057246
75215,3.41839773994,0.000138068679043
75389,3.41839794429,0.000138160290239
75563,3.41839721824,0.000138271974774
75737,3.4183961748,0.000138403418993
75911,3.41839669528,0.000138554958682
76086,3.41839625288,0.00013872777891
76262,3.41839617727,0.000138923523148
76438,3.418395755,0.000139144452133
76614,3.41839453652,0.00013939324861
76790,3.41839491545,0.000139672791455
76967,3.41839450695,0.000139986330939
77145,3.41839421209,0.000140337013055
77323,3.41839353098,0.000140727917088
77501,3.41839414766,0.000141161752176
77680,3.41839350261,0.000141640968223
77859,3.41839312639,0.000142167265309
78038,3.41839259838,0.000142741707273
78218,3.41839250659,0.000143364479233
78398,3.41839251492,0.000144034867707
78579,3.41839256455,0.000144751133073
78760,3.41839298988,0.000145510452279
78942,3.41839241524,0.000146308983692
79124,3.41839346283,0.000147141627198
79306,3.41839271069,0.000148002486528
79489,3.41839300466,0.000148884401239
79672,3.41839405657,0.000149779437912
79856,3.41839441648,0.000150678919087
80040,3.41839535711,0.000151573385989
80225,3.41839684225,0.00015245292635
80410,3.41839744333,0.000153307345559
80595,3.41839787507,0.000154126184454
80781,3.41839941013,0.000154898969358
80967,3.41839993802,0.000155615572463
81154,3.41840079202,0.000156266080818
81341,3.4184025944,0.000156841153046
81528,3.41840460582,0.00015733220736
81716,3.41840520526,0.000157731541929
81904,3.41840776111,0.000158032186483
82093,3.41840958225,0.000158228513512
82283,3.4184106388,0.00015831591504
82472,3.41841157543,0.000158290948713
82662,3.41841306115,0.000158151398502
82853,3.41841543458,0.000157896297689
83044,3.41841669212,0.00015752600473
83235,3.41841811036,0.000157041904682
83427,3.41841951664,0.00015644656915
83619,3.41842180702,0.000155743564133
83812,3.41842364539,0.000154937509428
84005,3.41842566312,0.000154033783047
84199,3.41842682638,0.000153038573386
84393,3.4184279702,0.000151958600384
84588,3.41842972776,0.000150801087106
84783,3.41842989862,0.00014957375141
84978,3.41843216485,0.000148284301286
85174,3.41843234093,0.000146940920048
85370,3.41843442706,0.000145551456651
85567,3.41843487355,0.000144124003052
85765,3.41843547814,0.000142666247045
85962,3.41843729584,0.000141185652363
86160,3.41843643314,0.000139689557464
86359,3.41843733137,0.000138184567662
86558,3.41843914323,0.000136677069698
86758,3.41843840449,0.000135173077412
86958,3.41843912018,0.000133677805472
87158,3.41843933133,0.000132196189356
87359,3.41843918943,0.000130732557303
87560,3.41844063945,0.000129290649124
87762,3.41843914751,0.000127873939181
87965,3.41843978195,0.000126485044416
88167,3.4184394809,0.000125126414676
88371,3.41844009481,0.000123799870336
88574,3.41844003904,0.000122506940591
88778,3.41844001508,0.000121248686012
88983,3.41843953263,0.000120025858441
89188,3.41843973174,0.000118838835011
89394,3.41843901708,0.000117687805556
89600,3.41843872564,0.000116572608503
89806,3.41843903212,0.000115492906687
90014,3.41843836836,0.000114448236069
90221,3.41843766251,0.000113437891867
90429,3.41843844426,0.000112461021975
90637,3.41843759881,0.000111516823999
90846,3.41843676544,0.000110604257706
91056,3.41843695647,0.000109722244728
91266,3.41843578976,0.000108869774043
91476,3.41843643272,0.000108045631158
91687,3.41843504758,0.000107248812577
91898,3.41843452432,0.000106478101805
92110,3.41843521823,0.000105732373495
92323,3.41843524187,0.000105010589921
92535,3.41843428952,0.000104311688716
92749,3.41843427952,0.000103634570456
92962,3.4184341203,0.0001029782626
93177,3.41843224045,0.000102341843861
93392,3.41843298441,0.000101724255603
93607,3.41843241701,0.000101124728325
93823,3.41843160776,0.000100542384264
94039,3.41843256709,9.99763606127e-05
94256,3.4184312245,9.94260140167e-05
94473,3.41842967024,9.88905607682e-05
94691,3.41843022541,9.83692512033e-05
94909,3.41842929693,9.78615443626e-05
95128,3.41842943506,9.73667586802e-05
95347,3.41843022557,9.68843329609e-05
95567,3.41843010858,9.64137712492e-05
95787,3.4184282472,9.59545878881e-05
96008,3.41842832091,9.55062003155e-05
96229,3.41842790389,9.50682256441e-05
96451,3.41842703907,9.46402376563e-05
96674,3.41842641838,9.42218168931e-05
96896,3.4184270125,9.38125596092e-05
97120,3.41842739299,9.34121495679e-05
97344,3.41842587313,9.30202969332e-05
97568,3.41842623234,9.26365816544e-05
97793,3.41842555935,9.22607833126e-05
98018,3.41842607461,9.18925584037e-05
98244,3.41842466032,9.15317223074e-05
98471,3.4184259601,9.11778960085e-05
98698,3.4184253405,9.083096183e-05
98925,3.41842437052,9.0490648034e-05
99153,3.41842392417,9.01567129936e-05
99382,3.41842239606,8.98289909292e-05
99611,3.41842373457,8.9507179656e-05
99841,3.4184231076,8.91912165085e-05
100071,3.4184218185,8.88808858502e-05
100302,3.41842342488,8.85759218902e-05
100533,3.41842355212,8.8276272188e-05
100765,3.41842366878,8.79817391669e-05
100997,3.41842206884,8.76922135555e-05
101230,3.41842278447,8.74074447592e-05
101464,3.41842258106,8.71273743439e-05
101697,3.41842063963,8.68518867322e-05
101932,3.41842106025,8.6580746505e-05
102167,3.41842113593,8.63138961462e-05
102402,3.41842032498,8.60512272774e-05
102638,3.41841987012,8.57925908513e-05
102875,3.41841924458,8.55378865522e-05
103112,3.4184218949,8.52869186723e-05
103350,3.41841994616,8.50397778775e-05
103588,3.41841804277,8.4796245598e-05
103827,3.41842001766,8.45561281119e-05
104066,3.41841958443,8.43194856767e-05
104306,3.41841814014,8.40861910069e-05
104547,3.41841863927,8.3856082085e-05
104788,3.41841699516,8.36291729166e-05
105029,3.41842022283,8.34052084367e-05
105271,3.41841854272,8.31843468692e-05
105514,3.41841952741,8.29663254676e-05
105757,3.41841827976,8.27511878814e-05
106001,3.41841632462,8.25388239871e-05
106245,3.41841544801,8.23291201931e-05
106490,3.41841752337,8.21219635987e-05
106736,3.41841894676,8.19173752788e-05
106982,3.41841488765,8.17154069617e-05
107228,3.4184153219,8.15157582952e-05
107476,3.41841728951,8.13184410182e-05
107723,3.41841675717,8.11234936142e-05
107972,3.41841669887,8.09307896455e-05
108221,3.41841628979,8.0740294891e-05
108470,3.41841699354,8.05519227664e-05
108720,3.41841477989,8.03657178391e-05
108971,3.4184148225,8.01815095227e-05
109222,3.41841420764,7.99993191417e-05
109474,3.41841426953,7.98190696752e-05
109726,3.4184150429,7.9640716055e-05
109979,3.41841458122,7.94642606078e-05
110233,3.41841406805,7.92896339266e-05
110487,3.41841414008,7.91167807125e-05
110741,3.41841588487,7.89456365289e-05
110997,3.41841440088,7.87762762581e-05
111253,3.41841499337,7.86085401374e-05
111509,3.4184141978,7.84424716636e-05
111766,3.41841406965,7.82779881846e-05
112024,3.41841229581,7.81151081478e-05
112282,3.41841465985,7.79536657527e-05
112541,3.41841317333,7.77938104813e-05
112800,3.41841501346,7.76353466347e-05
113060,3.41841145645,7.74784409348e-05
113321,3.41841485619,7.73227823959e-05
113582,3.41841161287,7.71686487811e-05
113844,3.41841272057,7.70157618925e-05
114106,3.41841294216,7.68642110082e-05
114369,3.41841258748,7.6713960507e-05
114633,3.41841141167,7.65649877299e-05
114897,3.41841231527,7.64172001147e-05
115162,3.41841154004,7.62706545916e-05
115428,3.41841075585,7.61252869645e-05
115694,3.41841263698,7.59810113695e-05
115960,3.41841115501,7.58379358086e-05
116228,3.41841037462,7.56959441039e-05
116496,3.41840944548,7.55550296906e-05
116764,3.41841258891,7.5415074257e-05
117033,3.41840915253,7.52762879719e-05
117303,3.41840979432,7.51384111096e-05
117574,3.4184089373,7.50015420917e-05
117845,3.41841173386,7.48655436753e-05
118116,3.418409746,7.47305767299e-05
118389,3.41841231281,7.45964130435e-05
118662,3.41841206427,7.44631900084e-05
118935,3.41841049658,7.43308512321e-05
119209,3.41840869979,7.41993495147e-05
119484,3.4184107718,7.40685727839e-05
119759,3.41841131921,7.39386150068e-05
120036,3.41840960423,7.38094689214e-05
120312,3.41840948291,7.36810282503e-05
120590,3.41840867437,7.35533194462e-05
120868,3.41840774511,7.34263075613e-05
121146,3.41840959805,7.32999077324e-05
121425,3.41840918669,7.31742057892e-05
121705,3.41840784001,7.30491506818e-05
121986,3.41841046922,7.29246152446e-05
122267,3.41840825054,7.28007656485e-05
122549,3.41840765585,7.26774417163e-05
122832,3.41841074391,7.25545780082e-05
123115,3.41840861796,7.24323416628e-05
123398,3.4184114701,7.23104949245e-05
123683,3.41840810019,7.21892534335e-05
123968,3.41840706237,7.2068414987e-05
124254,3.41841006545,7.19479229055e-05
124540,3.41840655044,7.18279787896e-05
124827,3.41840658674,7.17083503381e-05
125115,3.41840641328,7.15890966378e-05
125404,3.41841067199,7.14701009448e-05
125693,3.41840807713,7.13515800361e-05
125982,3.41841070611,7.12332627473e-05
126273,3.41840894752,7.11153313105e-05
126564,3.41840743313,7.0997671382e-05
126856,3.41840900037,7.08802070884e-05
127148,3.41840769665,7.07630455875e-05
127441,3.41841154053,7.06460052318e-05
127735,3.41840919901,7.05293055424e-05
128029,3.41840644254,7.04128130641e-05
128324,3.41840937499,7.02963892074e-05
128620,3.41840770913,7.01802337254e-05
128917,3.41840800397,7.00642007563e-05
129214,3.41840758727,6.99483353554e-05
129512,3.418407875,6.98325998995e-05
129811,3.41840713302,6.97170224662e-05
130110,3.41840542611,6.96015955986e-05
130410,3.41840593389,6.94862499212e-05
130710,3.41840738853,6.93710081871e-05
131012,3.41840717821,6.92559217076e-05
131314,3.41840825054,6.91409305478e-05
131616,3.41840677118,6.9026113711e-05
131920,3.41840467884,6.89114349446e-05
132224,3.4184064658,6.87968085374e-05
132529,3.4184061456,6.86823616198e-05
132834,3.41840670901,6.85680421743e-05
133140,3.41840450213,6.84539333821e-05
133447,3.41840976757,6.83398418665e-05
133755,3.41840688418,6.82260935605e-05
134063,3.41840953123,6.81124302368e-05
134372,3.41840311697,6.79991595713e-05
134682,3.41840298033,6.78859946054e-05
134993,3.41840580528,6.77730219177e-05
135304,3.41841000525,6.76602950278e-05
135616,3.4184066989,6.75480129469e-05
135928,3.41840702287,6.74359801175e-05
136242,3.41840584186,6.73243243352e-05
136556,3.41840623641,6.72130125309e-05
136871,3.41840597567,6.71021175543e-05
137186,3.41840330829,6.69917037324e-05
137502,3.41840504332,6.68816687426e-05
137819,3.41840725292,6.67721218132e-05
138137,3.41840608426,6.66631710418e-05
138455,3.41840463091,6.65547895091e-05
138775,3.41840495296,6.64469713684e-05
139094,3.4184052489,6.63397864328e-05
139415,3.41840669609,6.62332468985e-05
139737,3.41840346482,6.61275008483e-05
140059,3.4184041257,6.60224175756e-05
140382,3.41840559056,6.59180921613e-05
140705,3.41840311003,6.58146510683e-05
141029,3.41840864985,6.57118985132e-05
141355,3.4184077448,6.56101469427e-05
141680,3.4184033587,6.55093724498e-05
142007,3.41840795741,6.54093689082e-05
142334,3.41840635474,6.53104590629e-05
142663,3.41840303732,6.52125876002e-05
142991,3.41840395387,6.51156707529e-05
143321,3.41840538393,6.50198081044e-05
143651,3.41840328475,6.49251036046e-05
143983,3.41840063868,6.48315260942e-05
144314,3.41840695861,6.4738919547e-05
144647,3.41840480073,6.46476371518e-05
144981,3.4183985746,6.45576158631e-05
145315,3.41840196362,6.44686164804e-05
145650,3.41840283787,6.43808855895e-05
145986,3.41840542162,6.42943591034e-05
146322,3.41840664679,6.42091084711e-05
146659,3.4184039237,6.41251939715e-05
146997,3.41840212394,6.40425339436e-05
147336,3.41840777546,6.39610142929e-05
147676,3.41840564575,6.38809262655e-05
148016,3.4184012991,6.38021696241e-05
148358,3.41840360604,6.37245811336e-05
148700,3.41840349053,6.36483306488e-05
149042,3.41840302839,6.35733779915e-05
149386,3.41840171662,6.34997292871e-05
149730,3.4184040552,6.34272960525e-05
150076,3.41839865012,6.3356283076e-05
150421,3.41840532285,6.32863146762e-05
150768,3.41840258934,6.32177791002e-05
151116,3.41840036089,6.31504813992e-05
151464,3.41840744589,6.30842463501e-05
151813,3.41840286643,6.30194471798e-05
152163,3.41839927381,6.29558349358e-05
152514,3.41840417587,6.28932550708e-05
152866,3.41840122724,6.28319909183e-05
153218,3.41840706734,6.27717179423e-05
153571,3.41840547293,6.27127147397e-05
153925,3.41840810257,6.26547469237e-05
154280,3.41840228325,6.2598025713e-05
154636,3.41839938298,6.25423209854e-05
154992,3.4184040818,6.24875250431e-05
155350,3.41840086273,6.24338988669e-05
155708,3.41840059981,6.23812204595e-05
156067,3.41840240742,6.23294825877e-05
156426,3.41840039834,6.22787688318e-05
156787,3.41840431539,6.22288777189e-05
157148,3.41839996017,6.21800437204e-05
157511,3.41840148995,6.21319850791e-05
157874,3.41839730299,6.20848886938e-05
158238,3.41839625791,6.2038569593e-05
158602,3.41839933103,6.19929863786e-05
158968,3.41840369549,6.19481668231e-05
159335,3.41840237254,6.1904213987e-05
159702,3.41840229437,6.1860979136e-05
160070,3.41839695929,6.18185571688e-05
160439,3.41840157961,6.17766506337e-05
160809,3.41840308899,6.17354739402e-05
161180,3.41839945029,6.16950422606e-05
161551,3.4183979977,6.16552021279e-05
161923,3.41840897115,6.16157485433e-05
162297,3.41840095068,6.1577227928e-05
162671,3.41840089619,6.15391348592e-05
163046,3.41839679541,6.15016668319e-05
163422,3.41839388215,6.14647112867e-05
163798,3.41840123682,6.1428087343e-05
164176,3.41840782596,6.13919763166e-05
164555,3.41840283337,6.13565557394e-05
164934,3.41840238854,6.13215199202e-05
165314,3.41839833773,6.12869997781e-05
165695,3.41839616413,6.12528821323e-05
166077,3.41840389971,6.12190089549e-05
166460,3.41840081195,6.11857379563e-05
166844,3.41840328207,6.11527626664e-05
167228,3.41839624683,6.11203400222e-05
167614,3.41839688702,6.10881507218e-05
168000,3.41840302344,6.10562224324e-05
168388,3.41839872361,6.10248287784e-05
168776,3.41840018676,6.09936699893e-05
169165,3.41839959636,6.09628756692e-05
169555,3.4183996488,6.09323882265e-05
169946,3.41840071122,6.09021921283e-05
170337,3.41839941922,6.08723387495e-05
170730,3.41839851843,6.08427710303e-05
171124,3.41840398369,6.08133749745e-05
171518,3.41839612606,6.07844935295e-05
171913,3.41840877387,6.07555181925e-05
172310,3.41840109637,6.07271682645e-05
172707,3.41839822716,6.06989907435e-05
173105,3.41839244498,6.06711169146e-05
173504,3.41840151705,6.06432259579e-05
173904,3.41840314593,6.06157083686e-05
174305,3.41839379533,6.05886216875e-05
174707,3.41840171792,6.05614604386e-05
175110,3.41840469341,6.05346140995e-05
175513,3.41840084739,6.05081115609e-05
175918,3.41839132357,6.04819284939e-05
176323,3.41840271585,6.0455590732e-05
176730,3.41839612302,6.04297829377e-05
177137,3.41839150167,6.04041487599e-05
177546,3.4184032428,6.03784309391e-05
177955,3.41839722803,6.03532292709e-05
178365,3.41839640695,6.03281355683e-05
178776,3.41839551689,6.03032401607e-05
179188,3.41839991386,6.02784461239e-05
179601,3.41839140035,6.02540719872e-05
180015,3.4184016879,6.0229556527e-05
180430,3.41840326354,6.02053826136e-05
180846,3.41840349058,6.01814184481e-05
181263,3.4184024207,6.0157661215e-05
181681,3.41839374257,6.01342201325e-05
182100,3.41839839864,6.01107250937e-05
182520,3.41840180533,6.00874311133e-05
182941,3.41840105137,6.00643877936e-05
183362,3.41840805752,6.00413842208e-05
183785,3.41839857532,6.00188449095e-05
184209,3.41839273669,5.9996414879e-05
184633,3.41839959363,5.99739341287e-05
185059,3.4183995838,5.99517447851e-05
185485,3.4183965093,5.99297789033e-05
185913,3.41839585601,5.99079391764e-05
186342,3.41840194888,5.98861488196e-05
186771,3.41840236164,5.98646245532e-05
187202,3.4183970945,5.98433652811e-05
187633,3.41839981761,5.98221307196e-05
188066,3.41839533288,5.98011859741e-05
188499,3.41840202535,5.97802085108e-05
188934,3.41840765026,5.97594117349e-05
189369,3.41840661579,5.97388925135e-05
189806,3.41840083955,5.97186164178e-05
190244,3.41840905857,5.96982553577e-05
190682,3.4183981475,5.9678387115e-05
191122,3.41839355989,5.96585663901e-05
191562,3.41839671523,5.96387677999e-05
192004,3.4183963052,5.9619187992e-05
192446,3.41840429232,5.95996176428e-05
192890,3.4183996782,5.95804222012e-05
193335,3.41840409097,5.95612239444e-05
193780,3.41839878632,5.95423488604e-05
194227,3.41841070602,5.95233270174e-05
194675,3.41840235869,5.9504810686e-05
195124,3.41840197742,5.94863076091e-05
195573,3.41839551447,5.94680616855e-05
196024,3.4183937707,5.94498843773e-05
196476,3.41839852521,5.94317442361e-05
196929,3.41839745276,5.94138550001e-05
197383,3.41839709247,5.93961023816e-05
197838,3.41840891121,5.93782866408e-05
198294,3.41839780882,5.9361016921e-05
198751,3.41840143203,5.93436387684e-05
199209,3.41840173816,5.93264649898e-05
199669,3.41839100319,5.93096290055e-05
200129,3.41840049228,5.92925878165e-05
200590,3.4183960332,5.92759337472e-05
201053,3.41839392184,5.92593835724e-05
201516,3.41840072135,5.92428230644e-05
201981,3.41839943878,5.92265462533e-05
202446,3.41840276818,5.92103326403e-05
202913,3.41840117345,5.91943469168e-05
203381,3.41838938115,5.91786798073e-05
203850,3.41839217686,5.91629017072e-05
204320,3.41840564985,5.91470799934e-05
204791,3.41839757994,5.91317716711e-05
205263,3.41839356835,5.91165332301e-05
205736,3.41840450447,5.91011759782e-05
206210,3.41840070185,5.90862127625e-05
206685,3.4183897309,5.90715120991e-05
207162,3.41839467484,5.90566746398e-05
207639,3.41839628299,5.90420326222e-05
208118,3.41838883747,5.90276842777e-05
208598,3.41839386758,5.90132573659e-05
209079,3.41840204514,5.89989125884e-05
209561,3.41840569401,5.89847819864e-05
210044,3.418399802,5.89709515217e-05
210528,3.41840077503,5.89571376822e-05
211013,3.41839638617,5.89435509391e-05
211500,3.41839093693,5.89301166368e-05
211987,3.41840762716,5.89164344753e-05
212476,3.41839858492,5.89033291739e-05
212966,3.41840519137,5.88900871147e-05
213457,3.4184016059,5.88771531178e-05
213949,3.41839310083,5.88644358544e-05
214442,3.41839366989,5.88516939291e-05
214936,3.41841169467,5.8838782756e-05
215432,3.41839691902,5.88265669538e-05
215928,3.41838945817,5.88143555619e-05
216426,3.41839993059,5.88019655894e-05
216925,3.41839950576,5.87898926462e-05
217425,3.41840149329,5.87779073534e-05
217926,3.41838870473,5.87663048169e-05
218429,3.41840583032,5.87543163548e-05
218932,3.41841162166,5.87426506946e-05
219437,3.41841476145,5.87311581396e-05
219943,3.41839116023,5.87202520607e-05
220450,3.41840439488,5.8708839903e-05
220958,3.41839181337,5.86979974356e-05
221467,3.41839897228,5.86869418982e-05
221978,3.41840168257,5.86760882845e-05
222490,3.41839341952,5.86655481326e-05
223003,3.41840136942,5.86548544691e-05
223517,3.41839880463,5.86444655787e-05
224032,3.41840898188,5.86339820639e-05
224548,3.41840047075,5.86239426653e-05
225066,3.4183997775,5.86138923376e-05
225585,3.4184020307,5.86039142768e-05
226105,3.41838382906,5.85944092404e-05
226626,3.41840394721,5.85843693873e-05
227149,3.41840895517,5.85747101932e-05
227672,3.41839431175,5.85655089468e-05
228197,3.41840216083,5.85560431944e-05
228723,3.41841344822,5.85466390794e-05
229250,3.41838311784,5.85380678016e-05
229779,3.41840252416,5.85287645075e-05
230308,3.41839469282,5.8520046944e-05
230839,3.41839212817,5.85113581584e-05
231372,3.41840618785,5.85025034393e-05
231905,3.41838999737,5.84942846303e-05
232439,3.41840020009,5.84857320147e-05
232975,3.41841692294,5.84771853758e-05
233512,3.41841465726,5.84690806895e-05
234051,3.41838158334,5.84616195904e-05
234590,3.41839208995,5.8453529469e-05
235131,3.41840071185,5.84455875941e-05
235673,3.41839561815,5.8437995831e-05
236216,3.41839694745,5.8430409491e-05
236761,3.41838026544,5.84232458494e-05
237307,3.41840047345,5.84155662313e-05
237854,3.41839782605,5.84083913488e-05
238402,3.41840642943,5.84011380058e-05
238952,3.41841087768,5.83940690752e-05
239502,3.41841365796,5.83871416848e-05
240055,3.41842315291,5.83802123005e-05
240608,3.41840661096,5.83738398714e-05
241163,3.41839924739,5.83674226088e-05
241718,3.41841878462,5.83606576374e-05
242276,3.41839283874,5.83547803891e-05
242834,3.41840443661,5.83483730796e-05
243394,3.41838687251,5.83425740303e-05
243955,3.41840605184,5.83362580251e-05
244517,3.41840626225,5.83303755591e-05
245081,3.41840088562,5.83246978562e-05
245646,3.41838464598,5.83193145462e-05
246212,3.41839323672,5.83136163365e-05
246780,3.41840925742,5.83078997995e-05
247349,3.41839052965,5.83028839932e-05
247919,3.41838995484,5.82976662248e-05
248491,3.41838448257,5.82926392969e-05
249063,3.41838056577,5.82876928108e-05
249638,3.41842087348,5.82820989353e-05
250213,3.41840113763,5.82776350953e-05
250790,3.4183847378,5.82732202788e-05
251368,3.41837481265,5.8268800656e-05
251947,3.41841252406,5.82636743358e-05
252528,3.41840159353,5.82594820343e-05
253110,3.41839715882,5.82552835866e-05
253694,3.41841963539,5.82507307924e-05
254279,3.41837494628,5.82474264109e-05
254865,3.41840044477,5.82430296294e-05
255452,3.41841011745,5.82390057722e-05
256041,3.41837548117,5.82358396865e-05
256630,3.41839443806,5.82318631483e-05
257223,3.41841155875,5.82280201782e-05
257815,3.41838362947,5.82250464882e-05
258410,3.41838552001,5.82216664524e-05
259005,3.41842273867,5.82177860256e-05
259603,3.41840274062,5.82149810069e-05
260202,3.41839205412,5.82121180155e-05
260801,3.41838592632,5.8209277688e-05
261403,3.41840324291,5.82061381447e-05
262005,3.41840394418,5.82033812074e-05
262609,3.41840122233,5.82007819141e-05
263215,3.41838879359,5.81984469273e-05
263821,3.41842078088,5.81954545127e-05
264429,3.41839672358,5.81935146516e-05
265039,3.4184168084,5.81909214593e-05
265650,3.4184150414,5.81887980817e-05
266262,3.41841192449,5.8186795199e-05
266876,3.41841399973,5.81848011573e-05
267491,3.41842061742,5.81828267255e-05
268108,3.41842684971,5.81809554867e-05
268726,3.41840784559,5.8179610095e-05
269346,3.41839189682,5.81783087307e-05
269967,3.41839678311,5.81767485193e-05
270589,3.41841532998,5.81750512996e-05
271213,3.41841524016,5.81737664315e-05
271838,3.41841793506,5.81725290733e-05
272464,3.41839901462,5.81717541667e-05
273093,3.41842555992,5.8170299907e-05
273722,3.418406193,5.81697209951e-05
274353,3.41839770628,5.81690507281e-05
274986,3.41841327798,5.81680645987e-05
275619,3.4184306345,5.81671413639e-05
276255,3.4184104877,5.81669492702e-05
276892,3.41838601321,5.81669235432e-05
277530,3.4183814009,5.81666523125e-05
278170,3.41841435593,5.81658340622e-05
278811,3.4184063912,5.81658040452e-05
279454,3.41839693446,5.81658911219e-05
280098,3.41842007389,5.81655150171e-05
280744,3.41840453815,5.81658881979e-05
281391,3.41843520792,5.81655661411e-05
282039,3.41838569315,5.81666991909e-05
282690,3.41839807185,5.81668695775e-05
283341,3.4183977862,5.8167345713e-05
283994,3.41840979144,5.81677027292e-05
284649,3.41839558943,5.81685954846e-05
285305,3.41839623269,5.81693251999e-05
285963,3.41841182406,5.81698898922e-05
286622,3.41840165188,5.81709821191e-05
287283,3.41838333745,5.81723018211e-05
287945,3.41843416307,5.81725336309e-05
288609,3.41841734072,5.81740051126e-05
289274,3.41840047586,5.81755656071e-05
289941,3.41839228014,5.81770666483e-05
290610,3.41839437415,5.81784804413e-05
291279,3.41839952384,5.81799298951e-05
291951,3.41839388928,5.81816503672e-05
292624,3.41843414757,5.81826770071e-05
293299,3.41839630519,5.81851200468e-05
293975,3.41839391107,5.81870466492e-05
294652,3.41840927517,5.8188757691e-05
295332,3.41840802055,5.81908381539e-05
296012,3.41841813964,5.81928113638e-05
296695,3.41838419226,5.81956209431e-05
297379,3.41840230119,5.81976303373e-05
298064,3.41841764273,5.81997726773e-05
298751,3.41839651602,5.82026215972e-05
299440,3.41841266386,5.82049214023e-05
300130,3.41842032987,5.82074509772e-05
300822,3.4183600042,5.8211223559e-05
301516,3.41838948279,5.82135519723e-05
302211,3.41839202554,5.82164239791e-05
302907,3.41838307107,5.82195765587e-05
303606,3.41836342114,5.82229959463e-05
304306,3.41838962228,5.82257188607e-05
305007,3.41838587044,5.82290362949e-05
305710,3.41836878342,5.82326651144e-05
306415,3.41841985917,5.82352168272e-05
307121,3.41843284909,5.82385012603e-05
307829,3.418363759,5.82432679687e-05
308539,3.41840365328,5.82462615311e-05
309250,3.41845565503,5.82491323015e-05
309963,3.41836442698,5.82545272203e-05
