30,0.916859691172,0.010778761778
31,0.916419518756,0.0108593577381
31,0.915977239247,0.0109405672416
31,0.915532841906,0.0110223950145
31,0.915086311322,0.0111048458753
31,0.914637644871,0.0111879245231
31,0.914186825913,0.0112716358629
31,0.913733841505,0.0113559847918
31,0.91327868582,0.0114409761549
31,0.912821342811,0.0115266149611
31,0.912361803066,0.0116129061735
31,0.911900054616,0.0116998548247
31,0.911436088332,0.011787465948
31,0.910969888703,0.0118757446969
32,0.910501447274,0.0119646961717
32,0.910030749323,0.0120543255926
32,0.909557787175,0.0121446381257
32,0.909081763694,0.0122356495996
32,0.908605098122,0.0123273325838
32,0.908124911527,0.0124197310911
32,0.907643704658,0.0125128162601
32,0.907158170537,0.0126066388714
32,0.906671722921,0.0127011570633
32,0.906182786193,0.0127963979379
32,0.905690859679,0.0128923740388
32,0.905196704348,0.0129890800714
32,0.904699867534,0.0130865279837
32,0.904202514799,0.013184691792
33,0.903701468759,0.0132836230683
33,0.903197611798,0.0133833147602
33,0.902690094891,0.0134837852999
33,0.902183470039,0.0135849722397
33,0.901672550667,0.0136869587889
33,0.901158220324,0.0137897378315
33,0.90064405113,0.0138932603891
33,0.900124416693,0.0139976187873
33,0.899603337837,0.0141027569692
33,0.899081140846,0.0142086752799
33,0.898554609379,0.0143154303683
33,0.898026623984,0.0144229826528
33,0.897494375084,0.0145313832302
34,0.896953911301,0.014640703343
34,0.896415634708,0.0147507801909
34,0.895882236413,0.0148615734036
34,0.895336706015,0.0149733706487
34,0.894791323664,0.0150859750048
34,0.894254740863,0.0151992445951
34,0.893701140954,0.0153136233903
34,0.893147798563,0.0154288253443
34,0.892604637677,0.0155446828438
34,0.892039080844,0.0156617688636
34,0.891483395132,0.0157795272141
34,0.890917915998,0.0158983099579
35,0.890344250706,0.0160180978761
35,0.889789414121,0.0161384100624
35,0.889218308395,0.0162598854609
35,0.88863991411,0.0163823712798
35,0.888063286678,0.0165057080662
35,0.88748880384,0.0166298935377
35,0.886905177729,0.0167551455691
35,0.886321103294,0.0168813084246
35,0.885713377553,0.0170088335647
35,0.885134195534,0.0171367273398
35,0.88454663874,0.0172657025999
35,0.883937426245,0.0173960304569
36,0.883359716889,0.0175266724408
36,0.88274132941,0.0176590629722
36,0.882134516177,0.0177921740234
36,0.881517189415,0.0179264549524
36,0.880906101516,0.0180615734942
36,0.880288669879,0.0181977925916
36,0.879682299263,0.0183347587097
36,0.879040738747,0.0184734441278
36,0.878442935089,0.0186122004057
36,0.877816090091,0.0187525659597
36,0.877183045929,0.0188940701434
36,0.876535956991,0.0190368928048
37,0.875913519875,0.0191802003351
37,0.875263268277,0.019325143999
37,0.874623422278,0.0194708943754
37,0.873978449897,0.0196178006593
37,0.873344292724,0.0197655111995
37,0.872676750614,0.0199150348798
37,0.872013387216,0.0200655326386
37,0.87135770673,0.0202169272304
37,0.870698435976,0.0203694843974
37,0.870036261196,0.02052319648
37,0.86936183363,0.0206782940163
37,0.868702069536,0.0208341452349
38,0.868015866093,0.0209917419134
38,0.867346777726,0.0211500444775
38,0.86666579211,0.0213097625048
38,0.86597745839,0.0214707971063
38,0.865280375542,0.0216331945288
38,0.864592747785,0.0217965080279
38,0.863902732059,0.0219610394473
38,0.86320115119,0.0221270322725
38,0.862502282885,0.0222941316379
38,0.861782790919,0.0224629508576
38,0.861078208333,0.0226325763185
39,0.860361468825,0.0228037224723
39,0.859643428071,0.0229761141502
39,0.858931887139,0.0231495489107
39,0.858207225205,0.0233245625481
39,0.85747215307,0.0235010966847
39,0.856742704089,0.0236787223992
39,0.856007532519,0.0238577590497
39,0.855274636411,0.0240379929179
39,0.8545294176,0.0242198432185
39,0.853774828099,0.0244032414922
39,0.853031504528,0.0245876068462
40,0.852279737538,0.0247735111622
40,0.851517305218,0.0249610329381
40,0.850757433317,0.0251497963346
40,0.849994269156,0.0253399811753
40,0.849225442515,0.0255316684641
40,0.848451780058,0.0257248447378
40,0.847678224683,0.0259193698966
40,0.846898812052,0.0261154351141
40,0.846117621845,0.0263129254547
40,0.845330086416,0.0265119929525
40,0.844521503793,0.0267131150947
41,0.843728877248,0.0269151359069
41,0.842931357721,0.0271187206916
41,0.8421286645,0.0273238900216
41,0.841312483554,0.0275309277236
41,0.840502148866,0.0277392145222
41,0.839689786114,0.0279490151555
41,0.838861976811,0.0281607893427
41,0.83803913069,0.0283738669147
41,0.837205772256,0.0285887796449
41,0.836368846108,0.0288053051799
42,0.83553073561,0.0290233715496
42,0.834695279524,0.0292428529951
42,0.833849948867,0.0294641974998
42,0.832994132222,0.0296874434752
42,0.832145035752,0.029911989763
42,0.8312725873,0.0301389281594
42,0.830410562062,0.030367053129
42,0.829547752009,0.0305967760566
42,0.828669886825,0.030828636318
42,0.827793240353,0.0310620454926
42,0.826914507173,0.0312971353257
43,0.826018390471,0.0315344996259
43,0.82513646514,0.0317729475688
43,0.824231683483,0.0320139118039
43,0.823331099437,0.0322563632739
43,0.822427431237,0.0325005933794
43,0.821523911934,0.0327464842784
43,0.820601235056,0.0329948199291
43,0.819677719603,0.0332448852781
43,0.81875741065,0.0334965236761
43,0.817823533066,0.0337504318994
44,0.816900366003,0.0340056217572
44,0.815958935584,0.0342633061784
44,0.815019507033,0.0345226546577
44,0.814060709478,0.0347845860608
44,0.813109675317,0.0350479604964
44,0.812149033677,0.0353135324967
44,0.811181411166,0.0355812057328
44,0.810211666956,0.0358507811984
44,0.809037519856,0.0361313008704
45,0.807743991397,0.0364191930402
45,0.806566709673,0.0367038966634
45,0.806533101221,0.0369381609077
45,0.805287538177,0.0372295717437
45,0.803970502286,0.0375264067907
45,0.802897655971,0.0378139004636
45,0.802264179618,0.038082486315
45,0.801043188302,0.038380817603
45,0.79975353074,0.0386845758802
45,0.798866631932,0.0389708554092
46,0.797928254418,0.0392615028423
46,0.796852767422,0.0395608410631
46,0.795692899833,0.0398664182486
46,0.795013379058,0.0401498190287
46,0.793910959326,0.0404564483701
46,0.792510595676,0.0407804631868
46,0.791262249963,0.0410989370634
46,0.790442728471,0.0413971575575
46,0.789789486014,0.0416884291944
47,0.788149359745,0.0420339612123
47,0.78691684605,0.0423601952464
47,0.785723847435,0.0426865206708
47,0.785000784616,0.0429893033628
47,0.783746207653,0.0433232197624
47,0.78273115847,0.0436460627004
47,0.781684085738,0.0439727614655
47,0.780597705289,0.044303783634
47,0.779456722743,0.0446400715536
48,0.777849999691,0.0450054927246
48,0.77738730874,0.0453068705341
48,0.776053977739,0.0456609902905
48,0.774699079187,0.0460188254087
48,0.773280411887,0.046382954043
48,0.772454049399,0.0467137890381
48,0.771516929873,0.047053298746
48,0.770202467747,0.0474180650987
48,0.76864813597,0.0478002012248
49,0.767680980533,0.0481482404918
49,0.766132656882,0.0485351543593
49,0.764997382246,0.0488984256352
49,0.764057862186,0.0492513589622
49,0.762163425097,0.0496685142588
49,0.761494360225,0.0500083481526
49,0.760014927931,0.0504036613543
49,0.759242434961,0.0507544093188
49,0.757934896208,0.0511431395821
50,0.756396612471,0.0515501222486
50,0.755137247119,0.0519407570364
50,0.753769002137,0.0523414378435
50,0.752497879255,0.0527379464018
50,0.751257619695,0.0531347877664
50,0.750225338267,0.0535192705261
50,0.748514090578,0.0539548747608
50,0.747217181937,0.054363475261
50,0.74601716508,0.054767538818
51,0.744932094802,0.0551655416935
51,0.742879164997,0.0556382447612
51,0.74198003753,0.0560274497468
51,0.740995475538,0.0564252380759
51,0.739598268809,0.0568569170461
51,0.737851363482,0.0573185049381
51,0.736315163379,0.0577668649708
51,0.735098703036,0.0581928869377
52,0.733520393457,0.0586503415724
52,0.732530969245,0.05906334518
52,0.730941489395,0.0595273806271
52,0.729323769309,0.0599968416169
52,0.72805065729,0.0604408400345
52,0.726558245284,0.0609058349169
52,0.725414711973,0.0613442818381
52,0.723589363229,0.0618433763029
53,0.72224054068,0.0623048970545
53,0.721057890743,0.0627547059207
53,0.71948017661,0.0632417155851
53,0.717730553824,0.0637471372715
53,0.716138844163,0.064241856921
53,0.715015305224,0.064697376654
53,0.713502908858,0.0651908130363
53,0.711562347669,0.0657268337563
53,0.710182824665,0.0662143876018
54,0.70874959874,0.0667098320291
54,0.707002131554,0.0672380821273
54,0.705534411773,0.0677429925131
54,0.703354126192,0.0683200525617
54,0.702343100228,0.0687868818753
54,0.700416623221,0.0693464468641
54,0.699029189919,0.0698560474104
54,0.697109498468,0.0704222457887
55,0.69581321967,0.0709287944792
55,0.694252979973,0.0714652075539
55,0.692443496546,0.0720307514808
55,0.690654885604,0.0725978452993
55,0.688995306575,0.0731549450865
55,0.68739085384,0.0737095698204
55,0.685367179948,0.0743129458643
56,0.683472873199,0.0749064260559
56,0.682033870694,0.0754534940196
56,0.680554595818,0.0760080460973
56,0.678507591453,0.0766297327818
56,0.677028746119,0.0771909838438
56,0.674855405228,0.0778353238558
56,0.673487098026,0.0783906071024
56,0.671436674443,0.079028930883
57,0.669390862906,0.0796712499774
57,0.667656640657,0.0802806719395
57,0.665550746354,0.0809390708113
57,0.663905730283,0.0815456089108
57,0.661917501943,0.0821983413465
57,0.660147648772,0.0828281565853
57,0.658476523497,0.0834493768882
57,0.656418255345,0.084123850503
58,0.654685904996,0.0847608312338
58,0.652504337124,0.0854604406838
58,0.650520962457,0.0861389192762
58,0.648449834039,0.0868336965467
58,0.646326498704,0.0875403679493
58,0.644283215518,0.0882410752135
58,0.642594025066,0.0888975419536
59,0.640063412847,0.0896754850371
59,0.638187948242,0.0903669954598
59,0.635826232339,0.0911324484771
59,0.634057244962,0.0918178924807
59,0.631855753037,0.0925706612744
59,0.629538003831,0.0933460703982
59,0.627626741051,0.0940663644558
60,0.625136404639,0.0948789596806
60,0.623245422094,0.0956061022507
60,0.620557049026,0.0964615260508
60,0.618473030095,0.0972293535698
60,0.615890900455,0.0980817047801
60,0.613856604641,0.0988530276591
60,0.611315241309,0.0997122572118
60,0.609108251173,0.100523654285
61,0.606706236642,0.101373837427
61,0.603974811958,0.102286989135
61,0.601844709081,0.103105966967
61,0.599270434102,0.104008702517
61,0.596808454716,0.10490073075
61,0.594345901069,0.105801927754
61,0.591561368221,0.106770925401
62,0.589308082148,0.107654849227
62,0.586336051204,0.108682339717
62,0.583668155009,0.109667853458
62,0.581264031428,0.110618124508
62,0.578360812519,0.111679920507
62,0.575489103654,0.112755268463
62,0.572835773366,0.113808937213
63,0.569861234059,0.114950300338
63,0.5668443133,0.116127955176
63,0.564177256722,0.117263869492
63,0.560866046679,0.118568065241
63,0.557631079639,0.11989622062
63,0.554772667109,0.121186046402
64,0.55148009484,0.122617970447
64,0.548264832697,0.124085922884
64,0.545088837656,0.125602597335
64,0.541671549213,0.127238321695
64,0.538694974979,0.128838113317
64,0.535484428175,0.130565424099
64,0.531857470084,0.132473702521
65,0.528519397146,0.134394675487
65,0.525563076548,0.136303901613
65,0.522022032162,0.138454838252
65,0.518678956381,0.140648446509
65,0.515309612564,0.142945683357
65,0.512261179417,0.145250037318
65,0.509079857225,0.147687466533
66,0.505818245463,0.150244434931
66,0.502654402023,0.152866966941
66,0.499516076992,0.155572898457
66,0.496595128246,0.158296861808
66,0.493464307859,0.161168733241
66,0.490729235927,0.163985289465
67,0.487664986223,0.166978771972
67,0.48537214516,0.169764371877
67,0.482782428192,0.172698242836
67,0.480033106411,0.175728785202
67,0.477636091859,0.178659722536
67,0.474939158159,0.181723019465
67,0.472756077389,0.184599449079
68,0.470444221954,0.187524194138
68,0.468041123084,0.190477017336
68,0.465900719319,0.193305701903
68,0.464004102535,0.196005083502
68,0.461594481305,0.198889101183
68,0.459760366307,0.201487352861
69,0.457931412999,0.20403661091
69,0.455765865456,0.206688242333
69,0.453601276341,0.209291920519
69,0.45135590287,0.211884430913
69,0.449225609291,0.214373535973
69,0.447157075143,0.216782570849
70,0.445155391744,0.219108567568
70,0.4427734772,0.221575190455
70,0.440799579968,0.223793136453
70,0.438534802615,0.226116065843
70,0.435916341598,0.228586991287
70,0.433553848918,0.230893615976
71,0.431166672329,0.233185105944
71,0.428676693463,0.235508914522
71,0.426383878602,0.237704382538
71,0.423678735872,0.240115692325
71,0.420980375444,0.242516736467
71,0.418421754314,0.24483354611
71,0.415685922547,0.247254597659
72,0.412785398824,0.249781283146
72,0.409988646691,0.252257150563
72,0.407096606877,0.254807089407
72,0.403982395335,0.25751839632
72,0.401267399594,0.259998892912
72,0.398353533775,0.262632686241
73,0.395116997651,0.265512616827
73,0.392057996946,0.268311234321
73,0.389074954632,0.271095423459
73,0.38592138688,0.274039804414
73,0.382862748611,0.276961624412
74,0.379633840076,0.28005500445
74,0.376505782508,0.283125758168
74,0.373311385398,0.286300098106
74,0.370062047655,0.289574500739
74,0.366935470408,0.292812150054
74,0.363522238599,0.296343062458
75,0.360497433323,0.299622698578
75,0.357149591997,0.303237649852
75,0.35403692828,0.306723734338
75,0.350853669906,0.310341498622
75,0.347574528853,0.314120368156
75,0.344453588844,0.317834249425
76,0.340949290947,0.321987616074
76,0.33792571307,0.325774028826
76,0.334692710782,0.329846894377
76,0.331713895697,0.333756117741
76,0.328457784531,0.338035254189
76,0.325496037938,0.342105520305
77,0.322318616412,0.346498560636
77,0.319321620546,0.350798413449
77,0.316397583848,0.355116889898
77,0.313497924109,0.359508508213
77,0.310282269474,0.364374934673
78,0.307556239858,0.368779067561
78,0.30472349963,0.373418184751
78,0.301830429391,0.378247253761
78,0.299146142655,0.382931516617
78,0.296270389266,0.387982210067
78,0.293716409439,0.392734159877
79,0.29115822589,0.397610013812
79,0.288536362425,0.402697781666
79,0.286044862619,0.407731320165
79,0.283581977848,0.412851590409
79,0.281300077006,0.41783391422
80,0.27889399517,0.423128498675
80,0.276685327043,0.428252787806
80,0.274496167724,0.433472516423
80,0.272382852824,0.438697837593
80,0.270315565642,0.443972726764
80,0.2682937355,0.449295365819
81,0.266392627841,0.454533957859
81,0.264522391338,0.459833471939
81,0.262639401341,0.465267956233
81,0.260929910468,0.470501983228
81,0.259114183713,0.476031062625
82,0.257566572165,0.481164336154
82,0.255928114497,0.486556319989
82,0.254354550751,0.491912790296
82,0.252929555103,0.49706106596
82,0.251356339636,0.50257818953
83,0.249951389473,0.50783462395
83,0.248567571181,0.513116949364
83,0.247258452694,0.51831073452
83,0.245837115081,0.523807295214
83,0.244595162746,0.528988200303
84,0.243309121926,0.534328098139
84,0.242082985276,0.539601443006
84,0.240834359798,0.544990599004
84,0.239672100116,0.550249526577
84,0.238505525528,0.555581836972
84,0.237382320475,0.560875393029
85,0.236331934383,0.566054208043
85,0.235247429552,0.571368236235
85,0.234269984199,0.576469325089
85,0.233187998162,0.581869164082
85,0.232223796824,0.587009317026
86,0.231191607033,0.592345953
86,0.230230998195,0.597515106148
86,0.22925962539,0.602717268583
86,0.228253079189,0.608010088876
86,0.227310309297,0.613122674986
87,0.226328896415,0.618322080706
87,0.22533657699,0.623531208139
87,0.22433949147,0.628731823081
87,0.223315298955,0.633988092472
87,0.222327235149,0.639123931088
88,0.221298837946,0.644363327583
88,0.22020800462,0.649783762053
88,0.219200598336,0.654966578726
88,0.218117406493,0.660396313287
88,0.217064107594,0.665771848349
89,0.216030478388,0.671137140658
89,0.214960598106,0.676682978881
89,0.213910769074,0.682252668802
89,0.212914114335,0.687756111581
90,0.211920256681,0.693371663558
90,0.2109169279,0.699160295314
90,0.209984653455,0.704873869902
90,0.209062025787,0.710733064979
90,0.208216280141,0.716525914747
91,0.207380433757,0.722496088421
91,0.206609538615,0.72846739468
91,0.205887080108,0.734508552763
91,0.205234297316,0.740553389968
91,0.204639859351,0.746649501209
92,0.204105607313,0.752795955965
92,0.203661624718,0.758884379195
92,0.20327209605,0.765047951951
92,0.202928309081,0.771320265502
92,0.202704846344,0.777414639232
93,0.202491147211,0.783748707641
93,0.202384646532,0.789941551903
93,0.202362772605,0.796070093223
93,0.202381721362,0.80229706374
94,0.202447849958,0.808588888866
94,0.202610319585,0.814737940708
94,0.202819571629,0.820930042743
94,0.203057706614,0.827226685517
94,0.203392251208,0.833340498955
95,0.203769116556,0.839478539032
95,0.204190013935,0.845621575778
95,0.204678238393,0.851660363006
95,0.20517987936,0.857806723707
96,0.205737932825,0.863869891431
96,0.206341606346,0.869883059755
96,0.206971085965,0.875918807073
96,0.207647216323,0.881878750802
96,0.208356354996,0.887810757394
97,0.209074127534,0.893809933204
97,0.209849429236,0.899659084605
97,0.210617716917,0.905626920022
97,0.211426051952,0.911504708672
98,0.212254862921,0.917370156798
98,0.21309784208,0.923244987226
98,0.213988494467,0.92897890349
98,0.214866635573,0.934828585311
98,0.2157763636,0.940598836273
99,0.216699702268,0.946364590458
99,0.217630874277,0.952148530242
99,0.21858414296,0.957886181037
99,0.219556167948,0.963590402651
100,0.220542741504,0.969278424863
100,0.221524490715,0.975034757922
100,0.222527172391,0.980745874865
100,0.223532722486,0.986491388247
100,0.224571604113,0.992137248833
101,0.225606234881,0.997850081333
101,0.22666585663,1.00350166145
101,0.227732233693,1.00917390885
101,0.228809782547,1.01484881736
102,0.229893642396,1.02054970433
102,0.231000876785,1.0262027412
102,0.232115500986,1.03188096234
102,0.233233107525,1.03760624471
103,0.23438337697,1.04324889106
103,0.235542268751,1.04891826433
103,0.236701176573,1.0546552688
103,0.237896004664,1.06030254209
104,0.239089195681,1.06603008544
104,0.24031129714,1.07170442909
104,0.2415426786,1.07741583749
104,0.242790564624,1.08313488054
105,0.24406621851,1.08881413431
105,0.245338750912,1.09459428068
105,0.24665729586,1.10025905577
105,0.247975584365,1.10601788352
106,0.249317954432,1.11176529289
106,0.250680929987,1.1175200074
106,0.252059425655,1.12330804751
106,0.253462679638,1.12909175968
106,0.254894389174,1.1348584341
107,0.256338519195,1.14068345021
107,0.257807364103,1.14651631675
107,0.259305794688,1.15233998844
107,0.260831431712,1.15817005249
108,0.26238535632,1.16400713152
108,0.263974521172,1.16982630976
108,0.265581204854,1.17571254362
108,0.267207218458,1.18166462716
109,0.268896852485,1.18749434587
109,0.270590117893,1.19347507039
109,0.272333977411,1.19940835957
109,0.274121390186,1.20533513693
110,0.275939502005,1.21132239403
110,0.277804739903,1.21730915032
110,0.279707904765,1.22334774614
110,0.281682745415,1.22930346408
111,0.283683182405,1.23539116263
111,0.285751426801,1.24144093046
111,0.287877568784,1.2475109924
112,0.290066263327,1.25359662684
112,0.29232406704,1.25968540168
112,0.294642166357,1.26583132298
112,0.297058109754,1.27188921096
113,0.29954085287,1.27800828111
113,0.302096645203,1.28417652867
113,0.304767051221,1.2902315454
113,0.307509856445,1.29636532771
114,0.310366040025,1.3024154583
114,0.313313906882,1.30848164722
114,0.316367822166,1.31450863583
114,0.319528878137,1.32049322129
115,0.322799914141,1.32642049119
115,0.326188961181,1.3322493626
115,0.329678982509,1.33803552889
115,0.333279214462,1.34372070938
116,0.336976711593,1.34932977965
116,0.340775520963,1.35481173178
116,0.344663895565,1.36017140464
117,0.348637685194,1.36537569482
117,0.352681521778,1.37042812407
117,0.356781399913,1.37531917902
117,0.360925954463,1.38002240712
118,0.365090697963,1.38455562838
118,0.369254814735,1.38891698695
118,0.373406534818,1.39306698844
118,0.377526758322,1.39699222971
119,0.38157349634,1.40076338891
119,0.385542463823,1.40431349278
119,0.389390920172,1.40772114489
120,0.393111340053,1.41094365737
120,0.396675249087,1.4140247833
120,0.400069701972,1.41696581194
120,0.40327337773,1.41981412231
121,0.406287597696,1.42255563663
121,0.409085397315,1.42529523165
121,0.411688830929,1.42798562622
121,0.41408562729,1.43071684099
122,0.416309328504,1.43343397792
122,0.418356324989,1.43621956711
122,0.420245574848,1.43908139869
123,0.421989385258,1.44204803362
123,0.423619199148,1.44507630154
123,0.425135271083,1.44822068393
123,0.426561853402,1.45144421957
124,0.427907160506,1.45475635993
124,0.429179479808,1.45816049245
124,0.430382182386,1.46167397382
125,0.431517814139,1.46531708814
125,0.43261235316,1.46903278524
125,0.433655925744,1.4728889808
125,0.434682823161,1.47680669972
126,0.435673191921,1.48089297856
126,0.436661012235,1.48507248898
126,0.437659327296,1.48933972346
127,0.43866900166,1.49372767421
127,0.439698500354,1.49823919489
127,0.440774750643,1.50280891534
128,0.441885329144,1.50749974353
128,0.443045839871,1.51227312667
128,0.444264662808,1.51710934922
128,0.445545474254,1.52199941619
129,0.446883542661,1.52695833046
129,0.448285044231,1.53195979005
129,0.449753071433,1.53698469833
130,0.451283760745,1.54203513649
130,0.452871636744,1.54711678558
130,0.454517562039,1.55221239533
131,0.456213154984,1.55733558074
131,0.457969183973,1.56243436917
131,0.459765572992,1.56756226412
131,0.461611625734,1.57267305521
132,0.463495891113,1.57779210546
132,0.465422537282,1.58289254645
132,0.467385532844,1.58798336627
133,0.469369214387,1.59310738461
133,0.471390075402,1.59819940395
133,0.473437869074,1.60328624028
134,0.475514628601,1.60835416457
134,0.477616049072,1.61341194696
134,0.479740227694,1.61846111061
134,0.481879639844,1.62352286633
135,0.484045637555,1.62855538603
135,0.486226976078,1.63359339355
135,0.488425699517,1.63862703122
136,0.49064742856,1.64363449329
136,0.492886467867,1.64863170352
136,0.49514267191,1.65361546678
137,0.497415551612,1.65858302695
137,0.499700756953,1.66354354268
137,0.501997530754,1.66849300349
138,0.504311004011,1.67340653394
138,0.506630565117,1.67831008192
138,0.508961287968,1.68317597343
139,0.511292355566,1.68802759661
139,0.513620111212,1.692863066
139,0.515943484575,1.69767065002
140,0.518257973155,1.70244889223
140,0.520561101121,1.70718899815
140,0.522842197985,1.71190884004
141,0.525093129994,1.71661823587
141,0.527316656027,1.72129239518
141,0.529499801135,1.72595967244
142,0.531639701072,1.73061779528
142,0.533736534514,1.73525778351
142,0.535781619609,1.73990332066
142,0.537770038007,1.74457021533
143,0.53970434602,1.74925490697
143,0.541580666993,1.75397991729
143,0.543407257046,1.75873380383
144,0.545187101269,1.7635275047
144,0.546922012471,1.76838074396
144,0.548611845099,1.77332408245
145,0.550278022036,1.77832221418
145,0.55192065822,1.78341172829
145,0.553557819587,1.78857322671
146,0.555191523104,1.79384012645
146,0.55684370529,1.79918131476
146,0.558517592534,1.80462484116
147,0.560230575169,1.81015062179
147,0.561997359801,1.81574388599
148,0.563818917759,1.82143001752
148,0.56571290294,1.82717556146
148,0.567680072726,1.83299615673
149,0.569736926757,1.83885074026
149,0.571884903976,1.84474082793
149,0.574126929928,1.85065701911
150,0.576463696731,1.85659109743
150,0.578901446942,1.86251118649
150,0.581429059085,1.86843582198
151,0.584053770958,1.87431937218
151,0.586765002028,1.88016881555
151,0.589555846968,1.8859750457
152,0.592423681716,1.89171151641
152,0.595353410919,1.8973882699
152,0.598339517771,1.90298193014
153,0.601367736647,1.90849469042
153,0.604430150018,1.91390673845
153,0.607508870633,1.91922857816
154,0.610593526335,1.92444613201
154,0.613666057171,1.92956942993
154,0.616715591299,1.93458631306
155,0.619728043252,1.93949595027
155,0.622682409236,1.94432102647
156,0.625568385366,1.94905338558
156,0.628372743732,1.95369388601
156,0.631078373649,1.95825495965
157,0.633664537208,1.96277340078
157,0.636134189313,1.96721873328
157,0.638463860475,1.97164886825
158,0.640655826743,1.97604916649
158,0.642699293732,1.98045295002
158,0.644588196902,1.98488673723
159,0.646328320713,1.9893484872
159,0.647920718324,1.99385856701
160,0.649361765569,1.99845922023
160,0.650660540881,2.00316056898
160,0.651835702706,2.00794946084
161,0.652882659021,2.01288964855
161,0.653827253395,2.01795536155
161,0.654676424517,2.02318212231
162,0.655448659371,2.02857160052
162,0.656158149494,2.03413919672
163,0.656824086437,2.03988400849
163,0.657468623211,2.04579381956
163,0.658098718376,2.05190049449
164,0.658738894683,2.05817713844
164,0.659402079385,2.06462803712
164,0.660099792499,2.0712564752
165,0.660847129029,2.07804874667
165,0.661654149311,2.08500102041
166,0.662534345459,2.09209285236
166,0.663491916655,2.09932762912
166,0.664536329128,2.10668718356
167,0.665667374985,2.11417972035
167,0.666894320447,2.1217799184
168,0.668215760759,2.12949367392
168,0.669638998828,2.13729734417
168,0.671163425293,2.14519142258
169,0.672789408729,2.15317293008
169,0.674519466438,2.16123214049
169,0.676352878412,2.1693701218
170,0.678293967536,2.17757228656
170,0.680340398452,2.18584576027
171,0.682494607866,2.19418233644
171,0.684761026858,2.20256678482
171,0.687141813478,2.21098986421
172,0.68963200717,2.21946315648
172,0.692234461196,2.22797024397
173,0.694950699011,2.23649543833
173,0.697774089175,2.24504523686
173,0.700706189758,2.25359544053
174,0.703738876595,2.26214865469
174,0.706865004628,2.27070026108
175,0.710079641859,2.27923504497
175,0.713369998312,2.28776036142
175,0.716728167209,2.29626622972
176,0.720140408783,2.30476084591
176,0.723602999812,2.31322098687
177,0.727095564094,2.32167846906
177,0.73061023861,2.33012781667
177,0.734134146561,2.33858318627
178,0.737658779253,2.34704925929
178,0.741172535655,2.35554632811
179,0.744666066744,2.36409632193
179,0.748130114721,2.37273719484
180,0.751568877191,2.38149657131
180,0.754996670593,2.3904300637
180,0.758454790236,2.39960334877
181,0.762023612722,2.40907906211
181,0.76583381943,2.41886349292
182,0.77003539768,2.42891407369
182,0.774760235252,2.43910026109
182,0.780066278344,2.44921867374
183,0.785899937325,2.45904289166
183,0.792096003767,2.46841029408
184,0.798437083281,2.47724988759
184,0.804714530345,2.48562461973
185,0.810792880945,2.49366741212
185,0.816629738628,2.50151545929
185,0.822244023725,2.50930277197
186,0.827695009253,2.51709724326
186,0.833042249968,2.5249341384
187,0.838329059567,2.53283169575
187,0.843591000751,2.54076978386
188,0.848843302959,2.54874752885
188,0.854097740344,2.55675112323
188,0.859357611903,2.56478131798
189,0.864628422032,2.57282786407
189,0.86990961488,2.58089701243
190,0.875204173857,2.58898393192
190,0.880512013592,2.59709271377
191,0.885837958878,2.60521288342
191,0.891179536903,2.61335544235
192,0.896537447061,2.62152195527
192,0.901917963165,2.62969768498
192,0.907316264648,2.63790028737
193,0.912736827541,2.64612023406
193,0.918179819504,2.65436052579
194,0.923643758697,2.66262884775
194,0.929132044192,2.67091872812
195,0.934647062668,2.67922662733
195,0.940185708867,2.6875646994
196,0.945749600103,2.69593145375
196,0.951342996557,2.70431785533
196,0.956965832651,2.71272718279
197,0.962615214525,2.72117062443
197,0.968298172318,2.72963122006
198,0.974007568501,2.73813197782
198,0.979749649509,2.74665808486
199,0.985525909728,2.75520813335
199,0.991334243156,2.76379072808
200,0.997176813989,2.77240246932
200,1.00305283242,2.78104815131
201,1.00896465416,2.78972378894
201,1.01491279872,2.79843047942
201,1.02089785831,2.80716908887
202,1.02691951304,2.81594296197
202,1.03297852063,2.82475245304
203,1.03907693289,2.83359438405
203,1.04521582824,2.84246826733
204,1.05139190576,2.85138551401
204,1.05760924195,2.86033748262
205,1.06386747424,2.86932763391
205,1.07016761595,2.87835573468
206,1.07651019412,2.88742291388
206,1.08289618588,2.89652915053
207,1.08932377081,2.90568196493
207,1.09579652534,2.91487453072
208,1.10231228879,2.92411542374
208,1.10887397777,2.93339982107
209,1.11548095326,2.94273248444
209,1.12213324545,2.952116546
210,1.12883140777,2.96155395732
210,1.13557571651,2.97104766047
211,1.14236750836,2.98059816922
211,1.14920799763,2.99020679878
211,1.1560935619,2.99988805406
212,1.16302965836,3.00963366784
212,1.17001482483,3.01945451605
213,1.17704954884,3.02935795979
213,1.18413563299,3.03935009253
214,1.19127558355,3.04943806797
214,1.19847080197,3.05963565667
215,1.20572689229,3.06995083492
215,1.2130490829,3.08039893338
216,1.22044718555,3.09099167897
216,1.22792961743,3.10175426407
217,1.23551405132,3.11270041008
217,1.24322237538,3.12384728065
218,1.25108020867,3.13521858937
218,1.25912110901,3.14683552263
219,1.26738746047,3.15871535992
219,1.27593186695,3.17086777068
220,1.28481621246,3.18329547968
220,1.29410538999,3.19600623647
221,1.30388160695,3.2089717283
221,1.31422404433,3.22216994666
222,1.32522167108,3.2355433105
223,1.33696133833,3.24901576784
223,1.34951985602,3.26249824992
224,1.36296681563,3.27586725837
224,1.37735394813,3.28897652957
225,1.39270508879,3.30166826338
225,1.40901648593,3.31376215403
226,1.42625024033,3.32506478211
226,1.44432409094,3.33539190691
227,1.46312118679,3.34454941222
227,1.48247907777,3.35236835958
228,1.50219521669,3.35870686036
228,1.52203577455,3.36344982955
229,1.54173419303,3.36653566103
229,1.56101326015,3.36793351699
230,1.57957731485,3.36768763773
230,1.59713906623,3.36588572418
231,1.61342570192,3.36267109286
231,1.6281902363,3.35824006859
232,1.64122374071,3.35283318609
232,1.65235825048,3.34674007005
233,1.66148824442,3.34026027195
234,1.66855762184,3.33372783485
234,1.67358101515,3.32745972651
235,1.67662442262,3.32177996057
235,1.67781381517,3.31698223009
236,1.67732364772,3.31332856073
236,1.67536944577,3.31103711749
237,1.67219209221,3.31028548183
237,1.66805323543,3.31119281932
238,1.66322393078,3.3138178863
238,1.65796417498,3.31817917842
239,1.65251691747,3.32425159337
240,1.64710711154,3.33195850694
240,1.64192482806,3.34120165136
241,1.63712833505,3.351856377
241,1.63284068205,3.36378452126
242,1.62914865049,3.37684615181
242,1.62610974057,3.39089710025
243,1.62375131879,3.40580380766
243,1.62208058823,3.42143580899
244,1.62107781599,3.43769259779
245,1.62071563939,3.45447431694
245,1.62095069918,3.47170900843
246,1.62173860487,3.48932855576
246,1.62302344605,3.50729707744
247,1.62475656048,3.52557487386
247,1.62688458595,3.544146914
248,1.62935866168,3.56300459934
249,1.63213167564,3.58215245646
249,1.63516083426,3.60160266837
250,1.63840847156,3.62137304189
250,1.64184221661,3.64148623845
251,1.64543077946,3.66197879764
251,1.6491503323,3.68288687506
252,1.65298152607,3.7042529543
253,1.65691084519,3.7261232893
253,1.66092724689,3.74855630883
254,1.66502949709,3.77160735384
254,1.66922168083,3.79534032451
255,1.67351447706,3.81982675092
256,1.67792906562,3.84513907704
256,1.68249539021,3.87135695813
257,1.68725613008,3.89856061079
257,1.69226546256,3.92683604552
258,1.69759169959,3.95627119937
259,1.70331955861,3.98695239975
259,1.70955191704,4.01896125159
260,1.7164070426,4.05238110684
260,1.72402677911,4.08727636662
261,1.73256640574,4.12371321034
262,1.74220332575,4.16173390994
262,1.75313381805,4.2013571231
263,1.76556357432,4.24259114972
263,1.7797146708,4.28540599445
264,1.79581587858,4.32974376978
265,1.81409793597,4.3755162766
265,1.83478912936,4.42260134541
266,1.85811126629,4.47083831062
266,1.88427033738,4.52003691254
267,1.91345487921,4.56996875093
268,1.94582567534,4.62038104134
268,1.9815150507,4.67098916986
269,2.02061863472,4.72148927416
269,2.06319428419,4.77155597582
270,2.10925552683,4.82085520239
271,2.15876945002,4.86904860513
271,2.21165652977,4.91579577448
272,2.2677874783,4.96076537306
273,2.32698149828,5.00364502363
273,2.38900831674,5.0441454883
274,2.45358567661,5.0820181305
274,2.52038458098,5.11706086782
275,2.58903139127,5.1491387989
276,2.65911816215,5.17819963737
276,2.73021975544,5.20429267658
277,2.80191793437,5.22759547614
278,2.87384388856,5.24842855912
278,2.94573720166,5.26725911932
279,3.01751576069,5.28468945814
280,3.08935840546,5.30139894752
280,3.16176790185,5.31805609199
281,3.23561132184,5.33515923638
282,3.31207385168,5.35287977326
282,3.39254326819,5.37087487229
283,3.47838712999,5.38818014386
283,3.57067550439,5.40319313326
284,3.66989628557,5.41379846805
285,3.77574090207,5.41762254435
285,3.88701989007,5.41237768472
286,4.00174118805,5.39621738489
287,4.11733935723,5.36802171265
287,4.23099704319,5.32756288783
288,4.34000291584,5.27550422798
289,4.44205574345,5.21326967333
289,4.53547580112,5.1428062764
290,4.61929487289,5.06630243504
291,4.69322394322,4.98592547854
291,4.75753408939,4.90361462873
292,4.81288696809,4.82095837183
293,4.8601617285,4.73915207562
293,4.90030416145,4.65902606636
294,4.93422243038,4.58111135732
295,4.96273089817,4.5057184945
296,4.98652606965,4.43301684906
296,5.00619920041,4.36308717552
297,5.02224865386,4.29596647487
298,5.03510627557,4.23166599024
298,5.045153972,4.17018346746
299,5.05273485849,4.11150854107
300,5.05816963533,4.0556165228
300,5.06175199077,4.00247533206
301,5.06375943174,3.95203794546
302,5.064449699,3.9042459416
302,5.06406362778,3.85902787725
303,5.06282331849,3.81630157263
304,5.06093302942,3.77597454369
305,5.05858035135,3.73794452293
305,5.05593336832,3.70210317505
306,5.05314297998,3.6683361111
307,5.05034464531,3.63652352097
307,5.04765347619,3.60654566843
308,5.04517189191,3.57827931799
309,5.04298473246,3.55160319579
309,5.04116296764,3.5263972033
310,5.03976563433,3.50254286176
311,5.03883691799,3.47992702974
312,5.03841201901,3.4584393737
312,5.03851355795,3.43797629821
313,5.03915521508,3.41843973238
314,5.04034361465,3.3997370425
315,5.0420765892,3.38178326919
315,5.04434773088,3.36449898535
316,5.04714339102,3.34781311835
317,5.05044658494,3.33166100161
317,5.05423824304,3.31598410317
318,5.05849350417,3.30073286599
319,5.06318986347,3.28586162945
320,5.06830195367,3.27133221189
320,5.07380361913,3.25711257235
321,5.07966776735,3.24317682229
322,5.08587202848,3.22950145281
323,5.0923920489,3.2160694171
323,5.09920497869,3.20286762239
324,5.10628779698,3.1898876936
325,5.11362222498,3.17712260694
326,5.12118983504,3.16456949982
326,5.12897286137,3.15222891474
327,5.13695738838,3.14010266282
328,5.1451257666,3.12819837384
329,5.15346848801,3.11652222098
329,5.16197273953,3.10508601489
330,5.17062611773,3.09390512979
331,5.17942213706,3.08299557441
332,5.18835170838,3.07237962292
332,5.19740917742,3.06208286231
333,5.20658943703,3.05213672728
334,5.2158935837,3.04257612276
335,5.22532446316,3.03344310038
335,5.23489062878,3.02478563281
336,5.24460461665,3.01665969234
337,5.2544901733,3.00912606974
338,5.26458145613,3.00225169293
339,5.27491959655,2.99611216126
339,5.28556373452,2.99078570998
340,5.29658664895,2.98635561521
341,5.3080780103,2.98290784898
342,5.32014809412,2.980528129
343,5.33292804311,2.9793006382
343,5.34656841138,2.97930758582
344,5.36124136622,2.98062690036
345,5.37714780737,2.9833277974
346,5.39451046931,2.98747521356
346,5.41358203939,2.99312736034
347,5.43465087272,3.00033620211
348,5.45805131507,3.00914631436
349,5.48417713973,3.01959105619
350,5.5135013968,3.03168060527
351,5.54659989876,3.04537782823
351,5.58416926861,3.06055993442
352,5.6270338386,3.07696197145
353,5.6761404956,3.09409817364
354,5.73250196358,3.11118421793
355,5.79711314301,3.12705736535
355,5.87081841693,3.14012741182
356,5.95414293636,3.1483802722
357,6.04711392614,3.14945088422
358,6.14910783026,3.14076994009
359,6.25874895663,3.11977882711
360,6.37389164183,3.08418375719
360,6.49170104341,3.03221101183
361,6.60882316391,2.96282655715
362,6.72162751147,2.8758852141
363,6.82648522553,2.77219118494
364,6.9200553226,2.65345963965
365,6.99953765899,2.52218984275
365,7.06286616106,2.38146702622
366,7.10883279991,2.23471542924
367,7.13711665431,2.08543792516
368,7.1482362233,1.93696537017
369,7.14343244011,1.79224314875
370,7.12449377886,1.65367609265
370,7.09355563591,1.5230401111
371,7.0529006435,1.4014623709
372,7.00476960055,1.2894659132
373,6.95121629323,1.18706091343
374,6.8940083148,1.09386593991
375,6.834578037,1.00923898718
376,6.77401585824,0.932401085935
376,6.71310483438,0.862538184627
377,6.65237094428,0.798876283683
378,6.59214475265,0.740727218167
379,6.53262439564,0.68750843316
380,6.47392320609,0.638743745904
381,6.41611873976,0.594049712309
382,6.35926910682,0.553117416961
383,6.30343746748,0.515690673769
383,6.24869384175,0.481547375355
384,6.19511603377,0.45048401652
385,6.14278961737,0.422304450403
386,6.09179617861,0.396813627987
387,6.04221231056,0.373814120318
388,5.99410559869,0.353105702326
389,5.94752476855,0.334487204093
390,5.90250353064,0.317758679008
391,5.85905825483,0.302724498036
392,5.81718731456,0.289196369198
392,5.77687264667,0.276995944578
393,5.73808041504,0.26595698261
394,5.70076591801,0.255926726684
395,5.66487453402,0.246766881905
396,5.63034348952,0.238353983308
397,5.59710548832,0.230579193435
398,5.56509022387,0.223347792288
399,5.53422580194,0.216578357582
400,5.50444189885,0.210201657436
401,5.4756682407,0.204159589221
402,5.44784009025,0.198403780939
403,5.42089209251,0.192894620516
403,5.39476540072,0.187599823371
404,5.36940546588,0.182493417176
405,5.34475973646,0.177554805751
406,5.32078196886,0.17276770851
407,5.29742794137,0.16811949853
408,5.27466079125,0.163600329378
409,5.25244215209,0.159202817293
410,5.23074052462,0.15492127019
411,5.20952788636,0.150751378005
412,5.18877693073,0.146689947077
413,5.16846342102,0.142734548569
414,5.14856702507,0.138883273926
415,5.12906717359,0.135134672157
416,5.10994583528,0.131487533132
417,5.09118759593,0.12794078157
418,5.07277816732,0.124493435991
419,5.05470356886,0.121144567252
420,5.0369512083,0.117893226623
421,5.01951091232,0.114738391817
421,5.00237076627,0.111679042265
422,4.98552278539,0.108714014522
423,4.96895785095,0.105842109978
424,4.95266800587,0.103062038246
425,4.93664479284,0.100372451244
426,4.92088226039,0.0977718821992
427,4.9053719116,0.0952588511542
428,4.89011029994,0.0928317179731
429,4.87508815709,0.0904888988033
430,4.86030335241,0.0882286228728
431,4.84574769482,0.0860491860796
432,4.8314188281,0.0839487371158
433,4.81731040105,0.0819254607184
434,4.80341672789,0.079977497525
435,4.78973583701,0.0781029005489
436,4.77626325205,0.0762997455441
437,4.76299374119,0.0745661039103
438,4.74992478597,0.0728999927473
439,4.73705130529,0.0712994626529
440,4.72437133066,0.0697625141648
441,4.71187879192,0.0682872105675
442,4.69957370401,0.0668715310162
443,4.68745014966,0.0655135499
444,4.67550556428,0.0642113050312
445,4.66373718239,0.062962852832
447,4.65214160013,0.0617662767095
448,4.64071708658,0.0606196588097
449,4.62945848098,0.059521149851
450,4.61836468902,0.0584688730272
451,4.60743192621,0.0574610144148
452,4.59665684668,0.0564957838837
453,4.58603838268,0.0555713950447
454,4.57557245174,0.0546861320527
455,4.56525758419,0.0538382821934
456,4.55509099208,0.0530261850391
457,4.54506975103,0.0522482189961
458,4.53518999866,0.0515028113588
459,4.52545071897,0.0507883961357
460,4.51585046618,0.0501034530639
461,4.5063844197,0.0494465402347
462,4.49705106945,0.0488162200273
463,4.48784894477,0.0482110966626
464,4.47877428366,0.0476298412901
465,4.46982591007,0.0470711396276
466,4.46100124042,0.046533735095
468,4.45229796788,0.0460164107323
469,4.44371381219,0.0455179918604
470,4.43524655063,0.0450373456584
471,4.42689395195,0.0445733816609
472,4.41865364622,0.0441250527865
473,4.41052429303,0.0436913433789
474,4.40250347162,0.0432712899505
475,4.39458815427,0.0428639756858
476,4.38677792664,0.042468498541
477,4.3790695483,0.0420840239009
478,4.37146154748,0.041709739122
480,4.36395166371,0.0413448777235
481,4.3565389616,0.0409886985335
482,4.34922049453,0.0406405165601
483,4.34199573851,0.0402996604206
484,4.33486052799,0.0399655282105
485,4.32781567598,0.0396375066003
486,4.32085797525,0.0393150533671
487,4.31398478376,0.0389976538508
489,4.30719698078,0.0386847936775
490,4.30049181087,0.0383760227156
491,4.29386674653,0.0380709188356
492,4.2873202553,0.0377690802721
493,4.28085242529,0.0374701194703
494,4.2744593864,0.0371737110884
495,4.26814168978,0.0368795175023
496,4.26189656646,0.036587255524
498,4.25572370216,0.0362966452388
499,4.24961958315,0.0360074576151
500,4.24358586426,0.035719442199
501,4.23761889111,0.0354324151918
502,4.23171769807,0.0351461905722
503,4.22588243235,0.0348605928902
505,4.22010892404,0.0345755011189
506,4.2143990002,0.0342907625814
507,4.20874900077,0.0340062865101
508,4.20315969649,0.0337219620137
509,4.19762932711,0.0334377139014
510,4.19215650099,0.0331534781566
512,4.18673960215,0.0328692058411
513,4.18137930239,0.032584842618
514,4.17607234767,0.0323003766627
515,4.17081890002,0.0320157803693
516,4.16561866119,0.0317310401069
517,4.16046935104,0.0314461668432
519,4.15536967171,0.0311611726071
520,4.15032016144,0.0308760637305
521,4.14532027287,0.0305908622851
522,4.14036708832,0.0303056145173
523,4.13546100483,0.0300203482443
525,4.1306017318,0.02973510207
526,4.12578795353,0.0294499270178
527,4.1210181689,0.0291648797337
528,4.1162923071,0.0288800105753
530,4.11161041846,0.0285953726608
531,4.10696925193,0.0283110450332
532,4.10237158458,0.0280270674657
533,4.09781417275,0.0277435234724
534,4.09329659364,0.0274604787464
536,4.08881968898,0.0271779920033
537,4.08438208441,0.0268961379456
538,4.07998205522,0.0266149940834
539,4.07562023805,0.0263346228015
541,4.07129570207,0.0260550969515
542,4.06700856201,0.0257764825456
543,4.0627572529,0.025498855943
544,4.05854213494,0.0252222807074
546,4.05436164858,0.0249468316549
547,4.05021637516,0.0246725693426
548,4.04610571936,0.0243995605629
549,4.04202880073,0.0241278725087
551,4.03798446204,0.0238575724999
552,4.03397332826,0.0235887157388
553,4.02999496085,0.0233213622101
555,4.02604853774,0.0230555723695
556,4.02213347397,0.0227914034285
557,4.01824997085,0.0225289062772
558,4.01439720835,0.0222681356859
560,4.01057533028,0.0220091390573
561,4.00678318691,0.0217519689277
562,4.00302043971,0.0214966712522
564,3.9992882978,0.0212432817104
565,3.99558354505,0.0209918575213
566,3.9919081991,0.0207424259664
567,3.98826178615,0.0204950255966
569,3.98464318888,0.0202496961309
570,3.98105146907,0.020006474152
571,3.977488571,0.0197653797427
573,3.97395195789,0.0195264534949
574,3.97044189391,0.0192897199086
575,3.96695886324,0.0190552005971
577,3.96350211223,0.0188229213007
578,3.96007165378,0.0185929021748
579,3.95666625017,0.018365167399
581,3.95328654313,0.0181397305221
582,3.94993176765,0.0179166099109
583,3.94660178242,0.0176958193194
585,3.94329765679,0.0174773654973
586,3.94001687866,0.0172612695414
587,3.93676033759,0.0170475357904
589,3.93352848399,0.0168361691788
590,3.93031957801,0.0166271825793
591,3.92713486253,0.0164205746815
593,3.92397252433,0.0162163557319
594,3.92083373603,0.0160145221624
596,3.91771749703,0.0158150781862
597,3.9146243433,0.0156180205274
598,3.91155318405,0.0154233513057
600,3.90850410669,0.0152310667758
601,3.90547731024,0.0150411617566
602,3.90247285503,0.0148536306546
604,3.8994891705,0.0146684730916
605,3.89652718146,0.0144856782494
607,3.89358599878,0.0143052412981
608,3.89066604,0.0141271517133
609,3.88776723496,0.013951400039
611,3.88488876562,0.0137779787467
612,3.88203106746,0.0136068751059
614,3.87919292108,0.0134380815583
615,3.87637591719,0.0132715801317
617,3.87357811487,0.0131073645031
618,3.87080020855,0.0129454187045
619,3.86804156107,0.0127857307926
621,3.86530277197,0.0126282842313
622,3.86258293033,0.0124730670319
624,3.85988255009,0.0123200621295
625,3.85720051802,0.0121692573081
627,3.85453751642,0.0120206342568
628,3.85189358839,0.0118741764289
629,3.84926767589,0.0117298703598
631,3.84666042131,0.0115876970588
632,3.84407062498,0.0114476428807
634,3.84149902035,0.0113096881167
635,3.83894521619,0.0111738162462
637,3.83640929747,0.0110400091598
638,3.83389122757,0.0109082489588
640,3.83139017491,0.0107785198473
641,3.82890666133,0.0106508020477
643,3.82643947491,0.010525080522
644,3.82398959729,0.0104013340363
646,3.82155719881,0.0102795435934
647,3.81914078622,0.0101596945873
649,3.81674106971,0.010041766397
650,3.81435840521,0.00992573937638
652,3.81199134872,0.00981159853133
653,3.80964066065,0.00969932308074
655,3.80730667191,0.00958889340635
656,3.80498726761,0.00948029602197
658,3.80268458178,0.0093735067502
659,3.80039752068,0.00926850952602
661,3.79812536929,0.00916528727356
662,3.7958697032,0.00906381739596
664,3.79362864769,0.00896408563072
665,3.79140298731,0.00886607133476
667,3.78919282054,0.00876975555444
668,3.78699694863,0.00867512234025
670,3.78481634768,0.00858215072057
671,3.78265030737,0.00849082361923
673,3.78049905006,0.00840112183816
675,3.77836188513,0.00831302821892
676,3.7762396429,0.00822652223471
678,3.77413141027,0.00814158718983
679,3.77203750343,0.00805820367579
681,3.76995788398,0.0079763530431
682,3.7678917537,0.00789601820355
684,3.76583987796,0.0078171787211
685,3.76380225156,0.00773981575451
687,3.76177728313,0.00766391362946
689,3.75976596131,0.00758945126603
690,3.75776931481,0.00751640748615
692,3.75578533619,0.0074447670948
693,3.75381438307,0.00737450997967
695,3.7518579973,0.00730561360318
697,3.74991332005,0.00723806386184
698,3.74798249547,0.00717183669885
700,3.74606376988,0.00710691538606
701,3.74415844762,0.00704327709611
703,3.74226587303,0.00698090248379
705,3.74038587272,0.00691977098661
706,3.7385190558,0.00685986028474
708,3.73666412926,0.00680115121717
710,3.73482182598,0.00674362051955
711,3.73299151825,0.00668724700737
713,3.73117427576,0.00663200601149
715,3.7293689488,0.0065778763709
716,3.72757554463,0.00652483433693
718,3.72579449144,0.00647285489565
719,3.72402455627,0.00642191534918
721,3.72226774956,0.00637198677714
723,3.720522187,0.00632304633374
724,3.71878862215,0.00627506594586
726,3.71706636773,0.00622801926968
728,3.71535542426,0.00618187802461
729,3.7136570675,0.00613661102486
731,3.71196959445,0.00609219119444
733,3.7102931238,0.00604858753701
735,3.70862844501,0.00600576706479
736,3.70697515216,0.00596369780052
738,3.70533300799,0.0059223464993
740,3.70370193041,0.00588167864731
741,3.7020820573,0.00584165833817
743,3.70047312662,0.00580224922929
745,3.69887470205,0.00576341414714
746,3.69728701744,0.00572511375233
748,3.69571092114,0.00568730664328
750,3.6941454323,0.0056499531131
752,3.69259012427,0.00561301143684
753,3.69104555411,0.00557643725255
755,3.68951169959,0.00554018596462
757,3.68798816652,0.00550421242636
759,3.68647528416,0.00546846932628
760,3.68497231318,0.00543290990072
762,3.68347996433,0.00539748424331
764,3.68199745665,0.00536214371422
766,3.68052524989,0.00532683699019
767,3.6790625443,0.00529151380114
769,3.67761069874,0.00525612008622
771,3.67616800934,0.00522060561912
773,3.67473536649,0.00518491601359
775,3.67331184998,0.0051489991587
776,3.67189903462,0.00511279929716
778,3.67049511934,0.00507626543411
780,3.66910044868,0.00503934378239
782,3.66771528876,0.00500198110019
783,3.6663393851,0.00496412550394
785,3.66497261277,0.00492572580029
787,3.66361445002,0.00488673243865
789,3.6622656681,0.00484709550964
791,3.66092604056,0.00480676808561
793,3.65959509153,0.00476570546812
794,3.65827196808,0.00472386561853
796,3.65695849036,0.00468120551515
798,3.65565248078,0.00463769005143
800,3.65435445931,0.00459328367392
802,3.65306514463,0.00454795392661
804,3.65178408871,0.0045016734169
805,3.6505100708,0.00445441952144
807,3.64924445027,0.00440617052929
809,3.64798712485,0.00435691085785
811,3.6467359029,0.0043066319014
813,3.64549286736,0.0042553246347
815,3.64425689904,0.00420298867447
817,3.64302775595,0.00414962752502
819,3.6418059685,0.00409524883664
820,3.64059063096,0.00403986695626
822,3.63938251139,0.00398349942105
824,3.63818094553,0.00392617040183
826,3.63698575779,0.00386790847455
828,3.6357968558,0.0038087469663
830,3.63461394145,0.00374872410359
832,3.63343760117,0.00368788169394
834,3.63226698209,0.00362626728677
836,3.63110229769,0.00356393132744
838,3.62994345691,0.00350092826987
840,3.62879036388,0.00343731593965
841,3.62764290615,0.00337315519239
843,3.62650114619,0.00330850936491
845,3.62536483714,0.00324344433497
847,3.62423355563,0.00317802797707
849,3.62310723426,0.00311232928179
851,3.62198666184,0.00304641755717
853,3.6208713605,0.00298036384604
855,3.61976127829,0.00291423904924
857,3.61865591996,0.00284811425858
859,3.61755526858,0.00278205963354
861,3.61645991085,0.00271614399385
863,3.61536917633,0.00265043590272
865,3.61428381371,0.00258500132856
867,3.61320358445,0.00251990516449
869,3.61212712155,0.00245521097814
871,3.61105613061,0.00239097790151
873,3.60998974731,0.00232726433804
875,3.60892826196,0.00226412523026
877,3.60787184098,0.00220161279846
879,3.60681963482,0.00213977694555
881,3.60577270014,0.0020786634013
883,3.60473051263,0.00201831577508
885,3.60369257473,0.00195877451603
887,3.60266018827,0.00190007597026
889,3.60163187791,0.00184225487614
891,3.60060840408,0.00178534168783
893,3.5995898019,0.00172936422102
896,3.59857610324,0.00167434732285
898,3.59756722816,0.00162031299684
900,3.59656297578,0.00156728048658
902,3.59556343369,0.00151526619249
904,3.59456900374,0.00146428378797
906,3.59357941764,0.0014143447403
908,3.59259414293,0.00136545822694
910,3.59161390422,0.00131763068101
912,3.59063902767,0.00127086658239
914,3.58966877806,0.00122516878001
916,3.58870312058,0.00118053796906
918,3.58774185441,0.00113697313208
921,3.58678606568,0.00109447120646
923,3.58583527304,0.00105302811504
925,3.58488896525,0.00101263835604
927,3.58394788267,0.000973294766387
929,3.58301121496,0.000934989428668
931,3.58208022165,0.000897712785271
933,3.58115291753,0.000861455122615
936,3.58023139583,0.000826204813975
938,3.57931425358,0.000791950285305
940,3.57840218049,0.000758678748984
942,3.57749497514,0.000726376988693
944,3.57659212714,0.000695031282461
946,3.5756943103,0.000664627184984
949,3.57480142103,0.000635149993998
951,3.57391333169,0.000606584653563
953,3.57303057506,0.000578915702105
955,3.57215142317,0.000552127804481
957,3.57127787227,0.00052620483899
960,3.57040937519,0.000501130959278
962,3.56954475078,0.000476890293161
964,3.56868533915,0.000453466563341
966,3.56783057635,0.000430843741812
968,3.56698007639,0.000409005784932
971,3.56613508671,0.000387936513356
973,3.56529439846,0.000367620109911
975,3.56445790057,0.000348040729257
977,3.56362675,0.000329182537446
980,3.56280002059,0.000311030058439
982,3.56197778973,0.000293567886004
984,3.56116038211,0.00027678078512
986,3.56034668343,0.000260653836226
989,3.55953864086,0.000245172107024
991,3.5587342302,0.000230321185097
993,3.557934677,0.00021608666708
996,3.55714002699,0.000202454485032
998,3.55634961274,0.000189410865403
1000,3.55556333953,0.000176942258657
1003,3.5547819306,0.000165035343481
1005,3.55400437589,0.000153677154146
1007,3.55323160522,0.000142854908319
1009,3.55246296061,0.000132556170184
1012,3.55169859258,0.000122768745582
1014,3.55093884362,0.000113480713558
1016,3.55018341304,0.000104680452809
1019,3.5494321578,9.63566110008e-05
1021,3.54868478462,8.8498113051e-05
1024,3.54794200183,8.10941313661e-05
1026,3.54720344751,7.41341367941e-05
1028,3.54646923455,6.76078555497e-05
1031,3.54573917301,6.15052839293e-05
1033,3.54501306789,5.58166774573e-05
1035,3.54429140281,5.05325374259e-05
1038,3.54357362964,4.56436336767e-05
1040,3.54286018698,4.11409697427e-05
1043,3.54215005063,3.70158102435e-05
1045,3.541444778,3.32596300275e-05
1047,3.54074367307,2.98641635568e-05
1050,3.5400458071,2.6821373477e-05
1052,3.53935221636,2.41234304807e-05
1055,3.53866337479,2.17627312572e-05
1057,3.5379777097,1.97318991264e-05
1060,3.53729631242,1.80128084494e-05
1062,3.53661948279,1.65541642905e-05
1064,3.5359457867,1.53455895438e-05
1067,3.5352765039,1.43690917254e-05
1069,3.53461135053,1.3474965677e-05
1072,3.53395029514,1.26203724099e-05
1074,3.53329260125,1.18044244193e-05
1077,3.53263904202,1.10262483845e-05
1079,3.53198897586,1.02849953469e-05
1082,3.53134253812,9.57983323526e-06
1084,3.53070028278,8.9099484838e-06
1087,3.5300608424,8.27455175482e-06
1089,3.52942598221,7.67286510565e-06
1092,3.52879394799,7.10413783649e-06
1094,3.52816611817,6.56763105814e-06
1097,3.52754089797,6.05988941796e-06
1099,3.52692009469,5.57672199396e-06
1102,3.52630218173,5.11756113063e-06
1104,3.52568744414,4.68186509843e-06
1107,3.52507682825,4.26910528671e-06
1109,3.52446916263,3.87876939649e-06
1112,3.52386501456,3.5103562109e-06
1115,3.52326459494,3.16348571322e-06
1117,3.52266644159,2.83851456118e-06
1120,3.52207252815,2.53510541873e-06
1122,3.52148172105,2.25275361654e-06
1125,3.52089353431,1.99096941297e-06
1128,3.52030923755,1.74927723791e-06
1130,3.51972786636,1.52721752376e-06
1133,3.51914982801,1.32434416899e-06
1135,3.51857451077,1.13957787164e-06
1138,3.51800247118,9.7121062864e-07
1141,3.51743402754,8.18837099673e-07
1143,3.51686800576,6.82101652977e-07
1146,3.51630563279,5.60659113082e-07
1148,3.51574561597,4.54175450536e-07
1151,3.51518940889,3.62326510185e-07
1154,3.51463576749,2.84798470414e-07
1156,3.51408501971,2.21286945189e-07
1159,3.51353712605,1.71496922482e-07
1162,3.51299248181,1.35142394929e-07
1164,3.51245096665,1.11946109097e-07
1167,3.5119120068,9.94277920967e-08
1170,3.51137612845,8.98412479937e-08
1173,3.51084303378,8.24910528663e-08
1175,3.51031307744,7.73180454086e-08
1178,3.50978546068,7.32015112732e-08
1181,3.50926080497,6.93137067227e-08
1183,3.50873912487,6.56414201546e-08
1186,3.50821995912,6.21722391873e-08
1189,3.50770396899,5.88944726893e-08
1192,3.50719060771,5.57971472381e-08
1194,3.50667971931,5.28699347782e-08
1197,3.50617153084,5.01031143701e-08
1200,3.50566655289,4.74875374135e-08
1203,3.50516335525,4.501462188e-08
1205,3.50466353667,4.26762521358e-08
1208,3.50416632157,4.04648204667e-08
1211,3.50367123099,3.83731612134e-08
1214,3.5031794968,3.63945100165e-08
1217,3.50268988441,3.45225242267e-08
1219,3.50220283886,3.27512136849e-08
1222,3.50171840215,3.10749411763e-08
1225,3.50123665798,2.94883966708e-08
1228,3.50075715454,2.79865823314e-08
1231,3.50028053074,2.65647806101e-08
1233,3.49980629256,2.5218555144e-08
1236,3.49933420562,2.3943722787e-08
1239,3.49886490453,2.27363349493e-08
1242,3.49839820511,2.15926751655e-08
1245,3.49793326527,2.0509243345e-08
1248,3.4974713932,1.94827265919e-08
1251,3.49701169653,1.85100135135e-08
1254,3.49655427336,1.75881639685e-08
1256,3.49609939085,1.67144039189e-08
1259,3.49564697841,1.5886118119e-08
1262,3.49519674324,1.51008399982e-08
1265,3.49474880945,1.43562401587e-08
1268,3.49430353298,1.36501194281e-08
1271,3.49386025383,1.29804060657e-08
1274,3.49341923226,1.23451407881e-08
1277,3.4929807418,1.17424739296e-08
1280,3.49254409443,1.11706622046e-08
1283,3.49211047022,1.06280533687e-08
1286,3.49167848549,1.01130948786e-08
1289,3.49124864792,9.62431445991e-09
1292,3.49082165719,9.16032096536e-09
1295,3.4903962864,8.7198050878e-09
1298,3.48997313742,8.30152484608e-09
1301,3.48955221906,7.90430805693e-09
1304,3.48913361738,7.52704665001e-09
1307,3.48871682298,7.16869443497e-09
1310,3.48830263927,6.82825963168e-09
1313,3.48789057315,6.50480713122e-09
1316,3.48748030424,6.19745222856e-09
1319,3.48707229367,5.90535681694e-09
1322,3.48666630382,5.62772939643e-09
1325,3.48626245532,5.36382062123e-09
1328,3.48586066117,5.11292186855e-09
1331,3.48546118135,4.87436212969e-09
1334,3.48506331328,4.64750774397e-09
1337,3.48466785381,4.431756957e-09
1340,3.48427386268,4.22654241957e-09
1343,3.4838823983,4.03132457452e-09
1346,3.4834926422,3.84559481492e-09
1349,3.48310506654,3.66887006114e-09
1353,3.48271974378,3.5006933008e-09
1356,3.48233583876,3.34063256542e-09
1359,3.48195400728,3.18827720797e-09
1362,3.48157427613,3.04323883282e-09
1365,3.481196086,2.90514994116e-09
1368,3.48082011824,2.77366125114e-09
1371,3.48044632849,2.64844237647e-09
1375,3.48007425359,2.5291804763e-09
1378,3.47970378493,2.41557871517e-09
1381,3.47933531402,2.3073553462e-09
1384,3.47896912554,2.20424333756e-09
1387,3.4786044979,2.10599010894e-09
1390,3.47824140122,2.01235566823e-09
1394,3.47788061419,1.92311194293e-09
1397,3.47752142343,1.83804343217e-09
1400,3.47716412762,1.75694513354e-09
1403,3.47680840083,1.67962286262e-09
1407,3.47645476518,1.60589194542e-09
1410,3.47610267315,1.53557762623e-09
1413,3.47575240808,1.46851365856e-09
1416,3.47540433562,1.40454221773e-09
1420,3.47505754298,1.34351398656e-09
1423,3.47471267026,1.28528657677e-09
1426,3.47436961453,1.22972507554e-09
1429,3.47402813314,1.17670140287e-09
1433,3.47368835326,1.1260937816e-09
1436,3.47335043894,1.07778653155e-09
1439,3.47301402118,1.03166992208e-09
1443,3.47267924738,9.87639538124e-10
1446,3.47234633963,9.45596148941e-10
1449,3.47201492475,9.05445616964e-10
1453,3.47168582716,8.67098161222e-10
1456,3.47135745117,8.30469046304e-10
1459,3.47103141611,7.95476937283e-10
1463,3.47070631407,7.62045215759e-10
1466,3.47038350812,7.3010040946e-10
1469,3.47006199452,6.99573161706e-10
1473,3.46974217088,6.70397215573e-10
1476,3.46942394303,6.42509650393e-10
1480,3.46910738849,6.15850579697e-10
1483,3.46879219877,5.90363096578e-10
1487,3.46847889737,5.65992913768e-10
1490,3.46816698728,5.42688542671e-10
1493,3.46785636392,5.20400914274e-10
1497,3.46754798145,4.99083171593e-10
1500,3.4672404412,4.78691052766e-10
1504,3.46693457104,4.59182103353e-10
1507,3.46663023909,4.40516037668e-10
1511,3.46632765814,4.2265445186e-10
1514,3.46602634208,4.05560858532e-10
1518,3.46572701854,3.89200364147e-10
1521,3.46542854479,3.73539943474e-10
1525,3.46513176351,3.58547916766e-10
1528,3.46483657706,3.44194206012e-10
1532,3.46454276624,3.30450162984e-10
1535,3.46425054818,3.17288446034e-10
1539,3.46395947888,3.04683058627e-10
1542,3.46367001827,2.92609142329e-10
1546,3.46338212983,2.81043046389e-10
1549,3.46309552583,2.69962243359e-10
1553,3.46281038724,2.59345217579e-10
1557,3.46252670774,2.49171468465e-10
1560,3.46224454056,2.39421442184e-10
1564,3.46196356524,2.30076515096e-10
1567,3.46168389243,2.21118893784e-10
1571,3.46140560904,2.12531607104e-10
1575,3.46112905965,2.04298449665e-10
1578,3.46085343809,1.96404027259e-10
1582,3.46057920897,1.88833576083e-10
1586,3.46030687503,1.81573007712e-10
1589,3.46003527314,1.74608962907e-10
1593,3.45976518646,1.6792858927e-10
1597,3.45949677004,1.61519651336e-10
1600,3.45922930337,1.55370507888e-10
1604,3.45896318726,1.49469991915e-10
1608,3.45869834978,1.4380746159e-10
1611,3.45843479397,1.38372750684e-10
1615,3.45817293961,1.33156133455e-10
1619,3.45791219866,1.28148359013e-10
1622,3.45765237791,1.23340573646e-10
1626,3.45739427098,1.18724284082e-10
1630,3.45713694555,1.14291435116e-10
1634,3.45688154147,1.10034260139e-10
1637,3.45662677335,1.0594541501e-10
1641,3.45637375743,1.0201780534e-10
1645,3.45612159629,9.82447105991e-11
1649,3.45587087239,9.46196630123e-11
1653,3.45562128888,9.11365039146e-11
1656,3.45537313224,8.7789329041e-11
1660,3.45512589546,8.4572512683e-11
1664,3.45488014233,8.14806481641e-11
1668,3.4546353879,7.85085896047e-11
1672,3.45439221595,7.56513902698e-11
1676,3.45414964974,7.29043522563e-11
1680,3.45390829392,7.02629467167e-11
1683,3.45366860006,6.77228447152e-11
1687,3.45342987528,6.52799263613e-11
1691,3.45319227119,6.29302322427e-11
1695,3.45295586097,6.06699744971e-11
1699,3.4527205673,5.84955301241e-11
1703,3.45248659322,5.64034262363e-11
1707,3.45225351549,5.43903481571e-11
1711,3.45202197608,5.24531053975e-11
1715,3.45179098494,5.05886677923e-11
1719,3.45156143846,4.87941053841e-11
1723,3.45133294007,4.70666309655e-11
1727,3.45110561507,4.54035674792e-11
1731,3.45087949826,4.38023518208e-11
1735,3.45065459175,4.22605289362e-11
1739,3.45043048368,4.07757515629e-11
1743,3.45020734743,3.93457634025e-11
1747,3.44998561942,3.7968399577e-11
1751,3.4497648379,3.66415953675e-11
1755,3.44954521455,3.53633644094e-11
1759,3.44932671347,3.41318053309e-11
1763,3.44910921819,3.2945096137e-11
1767,3.44889263148,3.18014897248e-11
1771,3.44867713546,3.06993083644e-11
1775,3.44846257196,2.96369463458e-11
1779,3.44824934839,2.86128589641e-11
1783,3.44803703997,2.7625571709e-11
1787,3.44782579748,2.66736654759e-11
1791,3.44761543905,2.57557815502e-11
1796,3.44740641174,2.48706117822e-11
1800,3.44719809047,2.40169088519e-11
1804,3.44699097929,2.31934679005e-11
1808,3.44678434102,2.23991411129e-11
1812,3.44657920602,2.16328153592e-11
1816,3.44637531371,2.08934307234e-11
1821,3.44617190376,2.01799725741e-11
1825,3.4459696895,1.94914581298e-11
1829,3.44576843274,1.88269494538e-11
1833,3.44556836916,1.81855433619e-11
1837,3.44536880201,1.75663774588e-11
1842,3.44517058668,1.69686155886e-11
1846,3.4449732972,1.63914612038e-11
1850,3.44477678962,1.58341477335e-11
1854,3.44458111793,1.52959378869e-11
1859,3.44438693307,1.4776120838e-11
1863,3.44419308023,1.4274021413e-11
1867,3.4440005636,1.37889817754e-11
1872,3.44380869409,1.33203767354e-11
1876,3.44361807876,1.28676003767e-11
1880,3.44342801902,1.24300753025e-11
1884,3.44323928362,1.2007241155e-11
1889,3.44305130111,1.15985640772e-11
1893,3.44286394556,1.1203529198e-11
1898,3.44267769014,1.08216395864e-11
1902,3.4424924621,1.04524192418e-11
1906,3.44230816399,1.00954104906e-11
1911,3.44212460511,9.75017343352e-12
1915,3.44194181799,9.41628432513e-12
1920,3.44175970881,9.09333593268e-12
1924,3.44157931778,8.78093360069e-12
1928,3.44139921341,8.47870402637e-12
1933,3.44121981605,8.18628329661e-12
1937,3.44104156859,7.90332129659e-12
1942,3.44086415253,7.62948292736e-12
1946,3.44068731797,7.36444548589e-12
1951,3.44051185667,7.10789618875e-12
1955,3.44033696811,6.85953730873e-12
1960,3.44016286687,6.61908014835e-12
1964,3.43998976919,6.38624682289e-12
1969,3.43981724322,6.16077099363e-12
1973,3.43964565353,5.94239476738e-12
1978,3.4394752469,5.73087007418e-12
1982,3.43930515575,5.52595985367e-12
1987,3.43913596928,5.32743339397e-12
1992,3.43896777474,5.1350693242e-12
1996,3.43879985371,4.94865558642e-12
2001,3.43863340171,4.76798513385e-12
2005,3.43846752319,4.59286146621e-12
2010,3.43830233196,4.42309383034e-12
2015,3.43813837513,4.25849789931e-12
2019,3.43797503331,4.09889751499e-12
2024,3.43781218101,3.94412225376e-12
2029,3.43765022742,3.7940072549e-12
2033,3.43748899216,3.64839429101e-12
2038,3.43732831277,3.50713079189e-12
2043,3.43716911216,3.37006858617e-12
2047,3.43700992945,3.23706717881e-12
2052,3.43685225048,3.1079882624e-12
2057,3.43669448721,2.98270130616e-12
2062,3.43653825948,2.86107758424e-12
2066,3.4363822092,2.74299550036e-12
2071,3.4362274484,2.62833573634e-12
2076,3.43607306708,2.51698479368e-12
2081,3.43591925232,2.40883232406e-12
2085,3.4357664342,2.3037717185e-12
2090,3.43561431252,2.20170062769e-12
2095,3.43546273209,2.10252017696e-12
2100,3.43531239856,2.00613443304e-12
2105,3.4351620188,1.9124519899e-12
2110,3.43501310369,1.82138302629e-12
2115,3.43486415165,1.73284249297e-12
2119,3.43471660203,1.64674675528e-12
2124,3.43456965817,1.56301620761e-12
2129,3.43442308237,1.48157368871e-12
2134,3.43427732399,1.40234439891e-12
2139,3.43413235344,1.32525632622e-12
2144,3.43398812473,1.25023993223e-12
2149,3.43384433934,1.17722814456e-12
2154,3.43370135462,1.10615594694e-12
2159,3.43355892684,1.03696074231e-12
2164,3.43341787845,9.69581746608e-13
2169,3.43327656452,9.03960939857e-13
2174,3.43313640005,8.40041410058e-13
2179,3.43299693213,7.77768680452e-13
2184,3.43285772712,7.17090073966e-13
2189,3.43271965508,6.5795441086e-13
2194,3.43258226782,6.00312509076e-13
2199,3.43244519674,5.44116790447e-13
2204,3.43230877643,4.89321146542e-13
2209,3.43217326587,4.35881029764e-13
2214,3.43203817686,3.8375347292e-13
2219,3.43190377056,3.32896831257e-13
2224,3.43177000375,2.83270877495e-13
2230,3.43163704897,2.52262309036e-13
2235,3.43150454195,2.47373221849e-13
2240,3.43137272625,2.42588637208e-13
2245,3.43124150722,2.3790614187e-13
2250,3.43111108892,2.3332336288e-13
2255,3.43098109075,2.28838024266e-13
2261,3.43085165138,2.24447871782e-13
2266,3.43072314994,2.20150693286e-13
2271,3.43059528934,2.15944371624e-13
2276,3.43046760298,2.11826854939e-13
2281,3.43034087474,2.07796060941e-13
2287,3.43021469138,2.03850036279e-13
2292,3.43008855727,1.99986875198e-13
2297,3.42996348056,1.9620463212e-13
2303,3.42983935091,1.92501475263e-13
2308,3.42971513472,1.88875667573e-13
2313,3.42959201253,1.85325392054e-13
2319,3.42946919404,1.81848983985e-13
2324,3.42934723535,1.78444744845e-13
2329,3.42922547788,1.75111083288e-13
2335,3.42910455509,1.71846378822e-13
2340,3.42898429648,1.68649090505e-13
2345,3.42886439032,1.65517721952e-13
2351,3.42874507587,1.62450786488e-13
2356,3.42862646653,1.59446837423e-13
2362,3.42850830636,1.56504482134e-13
2367,3.42839060206,1.53622347848e-13
2373,3.4282735566,1.50799085889e-13
2378,3.4281571056,1.4803339286e-13
2384,3.42804127034,1.45323991261e-13
2389,3.42792586979,1.42669643673e-13
2395,3.42781112592,1.4006912419e-13
2400,3.42769669959,1.37521259901e-13
2406,3.4275830102,1.35024874357e-13
2411,3.42746989155,1.32578842953e-13
2417,3.42735717506,1.3018206752e-13
2422,3.42724503584,1.27833461612e-13
2428,3.42713345333,1.25531973389e-13
2433,3.42702223776,1.23276580488e-13
2439,3.4269118793,1.21066260698e-13
2445,3.42680187237,1.18900051111e-13
2450,3.42669221497,1.16776993771e-13
2456,3.42658347996,1.14696132941e-13
2462,3.42647480499,1.12656584469e-13
2467,3.42636680514,1.1065743404e-13
2473,3.42625945933,1.08697811503e-13
2479,3.42615260296,1.06776870151e-13
2484,3.42604603592,1.04893784685e-13
2490,3.42593994807,1.03047735871e-13
2496,3.4258346228,1.01237921956e-13
2502,3.42572963903,9.9463579246e-14
2507,3.42562539189,9.77239387956e-14
2513,3.42552156734,9.60182700961e-14
2519,3.42541785218,9.43458574111e-14
2525,3.42531519729,9.27059682082e-14
2531,3.42521243107,9.10979439622e-14
2536,3.42511034544,8.95210882365e-14
2542,3.42500895796,8.79747412452e-14
2548,3.42490818943,8.64582615712e-14
2554,3.42480719576,8.49710402443e-14
2560,3.42470733475,8.35124278537e-14
2566,3.42460787901,8.20818411848e-14
2572,3.42450843663,8.06787016235e-14
2578,3.42440987881,7.93024141413e-14
2584,3.42431164826,7.79524300123e-14
2590,3.42421373997,7.66282001544e-14
2596,3.4241164064,7.53291826804e-14
2602,3.42401982818,7.40548491696e-14
2608,3.42392331904,7.28047017744e-14
2614,3.42382733811,7.15782290515e-14
2620,3.42373204253,7.03749381684e-14
2626,3.42363690974,6.91943603437e-14
2632,3.42354228972,6.80360202163e-14
2638,3.42344842684,6.68994549363e-14
2644,3.42335440122,6.57842346039e-14
2650,3.42326120027,6.46899023332e-14
2656,3.42316833901,6.36160391078e-14
2662,3.42307625264,6.25622181376e-14
2668,3.42298409184,6.15280453184e-14
2674,3.42289284585,6.05131028391e-14
2681,3.42280139427,5.95170184271e-14
2687,3.42271109013,5.85393856781e-14
2693,3.42262075639,5.75798501201e-14
2699,3.42253125057,5.66380311293e-14
2705,3.42244150528,5.57135877934e-14
2712,3.42235261909,5.48061513932e-14
2718,3.4222640773,5.39153876416e-14
2724,3.42217625503,5.30409551046e-14
2730,3.42208830748,5.21825386399e-14
2737,3.42200093977,5.13398065919e-14
2743,3.4219144369,5.05124403083e-14
2749,3.42182791765,4.97001462329e-14
2756,3.42174176767,4.89026173613e-14
2762,3.42165596245,4.81195605137e-14
2768,3.42157084455,4.73506823335e-14
2775,3.42148588723,4.65957091466e-14
2781,3.42140137907,4.58543612289e-14
2788,3.42131744782,4.51263673332e-14
2794,3.42123360389,4.441146992e-14
2800,3.42115052678,4.37094019942e-14
2807,3.42106741042,4.30199211801e-14
2813,3.42098507573,4.23427697162e-14
2820,3.42090287235,4.16777136152e-14
2826,3.42082127084,4.10245103589e-14
2833,3.42074021507,4.03829286672e-14
2839,3.42065910173,3.97527486464e-14
2846,3.42057840069,3.91337426596e-14
2853,3.42049801253,3.85256941882e-14
2859,3.42041851723,3.79283840349e-14
2866,3.42033891044,3.73416148289e-14
2872,3.4202598257,3.67651757309e-14
2879,3.42018103301,3.61988693384e-14
2886,3.42010280865,3.56424969947e-14
2892,3.42002485305,3.50958707624e-14
2899,3.41994700544,3.45588044121e-14
2906,3.41987006762,3.40311065567e-14
2912,3.41979315316,3.35126063144e-14
2919,3.41971662802,3.30031239853e-14
2926,3.41964046952,3.25024874302e-14
2932,3.41956471757,3.20105276068e-14
2939,3.41948917676,3.15270808796e-14
2946,3.41941422079,3.10519821573e-14
2953,3.41933930805,3.05850777477e-14
2960,3.41926493886,3.0126207933e-14
2966,3.41919104096,2.96752213036e-14
2973,3.41911728693,2.92319718473e-14
2980,3.41904387235,2.87963119421e-14
2987,3.41897102679,2.83680968329e-14
2994,3.41889818984,2.79471912245e-14
3001,3.41882605327,2.75334521762e-14
3008,3.41875408847,2.71267498802e-14
3015,3.41868236361,2.67269522174e-14
3022,3.41861112725,2.6333928248e-14
3029,3.41854008073,2.59475540065e-14
3036,3.4184693725,2.55677046248e-14
3043,3.41839893999,2.51942594795e-14
3050,3.4183290374,2.48270977427e-14
3057,3.41825962386,2.44661036219e-14
3064,3.41819009708,2.41111671992e-14
3071,3.4181209836,2.37621731481e-14
3078,3.41805231284,2.3419011632e-14
3085,3.41798408426,2.308157548e-14
3092,3.41791589801,2.27497623282e-14
3099,3.41784821135,2.24234659637e-14
3106,3.41778080977,2.21025869238e-14
3113,3.4177137915,2.17870256336e-14
3121,3.41764711206,2.14766852707e-14
3128,3.41758043552,2.11714729438e-14
3135,3.4175144627,2.08712911207e-14
3142,3.41744844811,2.05760530775e-14
3150,3.41738267947,2.02856674649e-14
3157,3.41731774355,2.00000430802e-14
3164,3.41725289424,1.97190983184e-14
3171,3.41718825583,1.94427482137e-14
3179,3.4171237603,1.9170910293e-14
3186,3.41705961438,1.89035024538e-14
3193,3.41699603709,1.86404440031e-14
3201,3.4169324204,1.83816603669e-14
3208,3.41686941775,1.81270716875e-14
3215,3.41680669469,1.78766048514e-14
3223,3.41674421977,1.76301866163e-14
3230,3.41668187437,1.73877456052e-14
3238,3.41661985147,1.71492100835e-14
3245,3.41655808482,1.69145113864e-14
3253,3.41649690645,1.66835798837e-14
3260,3.41643565354,1.64563522565e-14
3268,3.41637467362,1.62327615255e-14
3275,3.41631432681,1.60127419515e-14
3283,3.41625408683,1.57962332968e-14
3290,3.41619412126,1.55831731408e-14
3298,3.41613428524,1.53735017596e-14
3306,3.41607474874,1.5167159091e-14
3313,3.41601593727,1.49640852477e-14
3321,3.4159570062,1.4764226868e-14
3328,3.41589840495,1.45675261605e-14
3336,3.41583999061,1.43739288597e-14
3344,3.4157818045,1.41833809865e-14
3352,3.41572420624,1.3995828268e-14
3359,3.41566663815,1.38112213006e-14
3367,3.41560963292,1.36295070489e-14
3375,3.41555246068,1.34506386835e-14
3383,3.41549555823,1.32745655346e-14
3390,3.41543932032,1.31012381016e-14
3398,3.41538326653,1.29306111905e-14
3406,3.41532745054,1.27626385099e-14
3414,3.41527156908,1.2597275773e-14
3422,3.41521614362,1.24344766443e-14
3430,3.41516107858,1.2274197819e-14
3438,3.4151064132,1.21163964394e-14
3445,3.41505156737,1.19610324904e-14
3453,3.41499726442,1.18080622043e-14
3461,3.41494301464,1.1657446918e-14
3469,3.41488929189,1.15091451622e-14
3477,3.41483562961,1.13631196157e-14
3485,3.41478243657,1.12193307453e-14
3493,3.41472914865,1.10777428159e-14
3501,3.41467598172,1.09383182075e-14
3510,3.41462360868,1.08010187599e-14
3518,3.41457125098,1.06658113388e-14
3526,3.41451879739,1.05326615008e-14
3534,3.41446734943,1.04015316206e-14
3542,3.41441552618,1.02723924189e-14
3550,3.41436430465,1.01452079328e-14
3558,3.41431295418,1.00199479522e-14
3567,3.41426204165,9.89657911422e-15
3575,3.4142114749,9.77507050821e-15
3583,3.41416089212,9.65539254839e-15
3591,3.41411091013,9.53751342224e-15
3600,3.41406081045,9.42140565402e-15
3608,3.41401116736,9.30703868976e-15
3616,3.41396128048,9.19438596802e-15
3625,3.41391219198,9.08341675879e-15
3633,3.413862918,8.97410627339e-15
3641,3.41381408937,8.86642587427e-15
3650,3.41376556459,8.76034954544e-15
3658,3.41371712922,8.65585187671e-15
3666,3.41366931705,8.55290596306e-15
3675,3.41362101289,8.45148959268e-15
3683,3.41357332875,8.35157541951e-15
3692,3.41352594722,8.25314001926e-15
3700,3.41347859156,8.15616039633e-15
3709,3.4134313749,8.06061293069e-15
3718,3.41338454637,7.9664741827e-15
3726,3.41333823629,7.87372136561e-15
3735,3.41329162294,7.78233432574e-15
3743,3.41324536034,7.69228985937e-15
3752,3.41319933242,7.60356690908e-15
3761,3.4131537616,7.51614410018e-15
3769,3.41310800945,7.43000224554e-15
3778,3.41306270879,7.34511981916e-15
3787,3.41301762734,7.26147746212e-15
3795,3.41297286333,7.17905547577e-15
3804,3.41292812089,7.09783539872e-15
3813,3.41288359388,7.01779794367e-15
3822,3.41283930258,6.93892463564e-15
3830,3.41279504201,6.8611977447e-15
3839,3.41275133167,6.78459835941e-15
3848,3.41270763152,6.70911009585e-15
3857,3.41266432576,6.63471489831e-15
3866,3.41262077081,6.56139717503e-15
3875,3.4125776463,6.48913894955e-15
3884,3.41253466402,6.41792442968e-15
3893,3.41249220757,6.34773689588e-15
3902,3.41244978635,6.27856145882e-15
3911,3.41240747862,6.21038246117e-15
3920,3.41236529851,6.14318468025e-15
3929,3.41232363603,6.07695244288e-15
3938,3.41228201051,6.01167186055e-15
3947,3.41224015324,5.94732898473e-15
3956,3.41219871348,5.88390845264e-15
3965,3.41215773864,5.82139623269e-15
3974,3.41211680557,5.75977930554e-15
3983,3.41207605948,5.69904399482e-15
3993,3.41203558452,5.63917681212e-15
4002,3.41199520189,5.5801651099e-15
4011,3.41195475135,5.52199628604e-15
4020,3.41191478177,5.46465687454e-15
4030,3.41187511746,5.40813477439e-15
4039,3.41183541694,5.35241838808e-15
4048,3.41179622427,5.29749487171e-15
4057,3.41175682305,5.24335361882e-15
4067,3.41171776823,5.18998218147e-15
4076,3.41167886641,5.13736951221e-15
4086,3.41164036653,5.08550407221e-15
4095,3.41160150625,5.03437600548e-15
4104,3.41156337063,4.98397292642e-15
4114,3.41152497513,4.93428564335e-15
4123,3.41148692036,4.88530284847e-15
4133,3.41144923725,4.83701425673e-15
4142,3.41141151359,4.78941038271e-15
4152,3.41137407466,4.74248080514e-15
4162,3.41133680346,4.69621596531e-15
4171,3.41129940303,4.65060667774e-15
4181,3.41126278939,4.60564226294e-15
4190,3.41122593481,4.56131484301e-15
4200,3.41118932479,4.51761463531e-15
4210,3.41115278816,4.47453292127e-15
4219,3.41111639466,4.43206077358e-15
4229,3.41108028572,4.39018935634e-15
4239,3.41104459245,4.34890996584e-15
4249,3.41100846411,4.30821531004e-15
4259,3.41097296003,4.26809579826e-15
4268,3.41093770917,4.22854379176e-15
4278,3.4109021802,4.18955197611e-15
4288,3.41086708635,4.15111162758e-15
4298,3.41083216128,4.11321534457e-15
4308,3.41079736285,4.07585561072e-15
4318,3.41076283541,4.03902478294e-15
4328,3.41072840834,4.00271573172e-15
4338,3.41069386362,3.96692148269e-15
4348,3.4106599033,3.93163412264e-15
4358,3.41062595851,3.89684732868e-15
4368,3.4105920733,3.86255418085e-15
4378,3.41055839331,3.82874775996e-15
4388,3.41052479649,3.79542152935e-15
4398,3.41049131112,3.7625689565e-15
4408,3.41045804834,3.73018345855e-15
4418,3.41042483773,3.69825892136e-15
4429,3.41039211352,3.66678863099e-15
4439,3.41035927381,3.63576711653e-15
4449,3.41032641261,3.6051882509e-15
4459,3.41029430999,3.57504530199e-15
4470,3.41026174699,3.54533370966e-15
4480,3.41022957836,3.51604684423e-15
4490,3.41019746592,3.48717941852e-15
4501,3.41016575656,3.45872553289e-15
4511,3.41013391211,3.4306802647e-15
4521,3.41010248742,3.40303769474e-15
4532,3.41007080892,3.37579320184e-15
4542,3.41003959424,3.3489409507e-15
4553,3.41000861509,3.32247651148e-15
4563,3.40997760725,3.29639863746e-15
4574,3.40994668515,3.2707266727e-15
4584,3.40991582423,3.24560878772e-15
4595,3.40988526563,3.2219159763e-15
4605,3.40985484634,3.20421846887e-15
4616,3.40982484234,3.21431546959e-15
4627,3.40979444292,3.34708039678e-15
4637,3.40976454291,3.97951997331e-15
4648,3.40973441915,6.48001911523e-15
4659,3.40970483722,1.53856942358e-14
4669,3.40967516703,4.44395613362e-14
4680,3.40964554398,1.31666981233e-13
4691,3.40961620989,3.73149784994e-13
4702,3.40958728269,9.90491705002e-13
4713,3.40955794753,2.44985863375e-12
4724,3.40952896975,5.64456111737e-12
4734,3.40950034053,1.21311422791e-11
4745,3.40947157406,2.43687958691e-11
4756,3.40944310648,4.58649558843e-11
4767,3.40941462097,8.11036005108e-11
4778,3.40938628737,1.35160107735e-10
4789,3.40935841121,2.13002176385e-10
4800,3.40933018604,3.18613874978e-10
4811,3.40930234355,4.54192535995e-10
4822,3.40927458959,6.19686725524e-10
4834,3.40924674093,8.12837828595e-10
4845,3.40921939455,1.02970511604e-09
4856,3.40919196587,1.26548469087e-09
4867,3.40916489375,1.51535592544e-09
4878,3.40913773553,1.77514206392e-09
4890,3.40911054197,2.04170811431e-09
4901,3.40908391186,2.31320736687e-09
4912,3.40905692691,2.58950317241e-09
4923,3.40903019729,2.8733784043e-09
4935,3.40900389938,3.17359101966e-09
4946,3.40897748737,3.51137321244e-09
4958,3.40895120655,3.93234105012e-09
4969,3.40892486084,4.52526840424e-09
4980,3.4088989524,5.44678665908e-09
4992,3.40887303727,6.94622717185e-09
5003,3.40884714336,9.37837667742e-09
5015,3.40882144681,1.31872232449e-08
5027,3.40879586478,1.88458949543e-08
5038,3.40877049326,2.6750878997e-08
5050,3.40874507725,3.70906837657e-08
5061,3.40871998411,4.97309560245e-08
5073,3.40869493687,6.41659097666e-08
5085,3.40866988624,7.95698268267e-08
5096,3.40864493141,9.49456336594e-08
5108,3.40862014123,1.09326816733e-07
5120,3.40859571534,1.21965923295e-07
5132,3.40857102703,1.32450202458e-07
5144,3.40854691816,1.40717506524e-07
5155,3.40852224057,1.46985968456e-07
5167,3.40849828476,1.51637360049e-07
5179,3.40847394209,1.55100200437e-07
5191,3.40845011954,1.57763512173e-07
5203,3.40842634126,1.59932805072e-07
5215,3.4084026008,1.61821613517e-07
5227,3.40837880833,1.63564961529e-07
5239,3.40835538386,1.65240964415e-07
5251,3.40833192769,1.66891715768e-07
5263,3.4083085775,1.68539403704e-07
5276,3.4082855477,1.70197689245e-07
5288,3.40826220834,1.71879865317e-07
5300,3.40823932838,1.73605540795e-07
5312,3.40821631758,1.75407697071e-07
5324,3.40819350342,1.77340098589e-07
5337,3.40817091887,1.79484762459e-07
5349,3.40814817175,1.81957314124e-07
5361,3.40812581119,1.84907450972e-07
5374,3.40810341698,1.88512149727e-07
5386,3.408081104,1.92960074347e-07
5398,3.40805890964,1.98428854786e-07
5411,3.40803670274,2.05059341539e-07
5423,3.40801473656,2.12932988692e-07
5436,3.40799286459,2.22058555905e-07
5448,3.40797096287,2.32371699549e-07
5461,3.40794938136,2.43747429334e-07
5474,3.40792793436,2.56021705448e-07
5486,3.40790623117,2.69015903652e-07
5499,3.40788492092,2.8255795595e-07
5512,3.40786363328,2.96496002871e-07
5524,3.40784231421,3.10702017103e-07
5537,3.40782136683,3.25065961672e-07
5550,3.40780036546,3.39482279297e-07
5563,3.40777947709,3.53831019035e-07
5575,3.40775867275,3.67957658974e-07
5588,3.40773791457,3.81656163048e-07
5601,3.40771719484,3.9466144264e-07
5614,3.40769669253,4.06657496754e-07
5627,3.40767628155,4.17305568871e-07
5640,3.40765578457,4.26291420633e-07
5653,3.40763577271,4.33383942171e-07
5666,3.40761540763,4.38491206174e-07
5679,3.40759547335,4.4169589012e-07
5692,3.40757531427,4.43257930246e-07
5705,3.40755573195,4.43578690664e-07
5718,3.40753578088,4.43135998112e-07
5732,3.40751590872,4.42405878131e-07
5745,3.40749632187,4.41793159619e-07
5758,3.40747678862,4.41586675427e-07
5771,3.4074575438,4.41946318129e-07
5785,3.40743779076,4.42919448825e-07
5798,3.40741876849,4.444757243e-07
5811,3.40739958018,4.46549694167e-07
5825,3.40738030735,4.4907920892e-07
5838,3.4073613032,4.52035160388e-07
5852,3.40734244365,4.55440040854e-07
5865,3.40732355834,4.59375446608e-07
5879,3.40730485939,4.63979668201e-07
5892,3.40728631091,4.69436422976e-07
5906,3.40726753916,4.75955559319e-07
5919,3.40724884603,4.83747563423e-07
5933,3.40723029594,4.92995655072e-07
5947,3.4072122073,5.03829697784e-07
5960,3.4071938662,5.1630740837e-07
5974,3.40717538876,5.304060693e-07
5988,3.40715732154,5.46027043708e-07
6002,3.40713954111,5.63011471754e-07
6016,3.40712154125,5.81162909759e-07
6029,3.40710355587,6.00271821962e-07
6043,3.40708573845,6.20137555244e-07
6057,3.40706798044,6.40584062611e-07
6071,3.40705040529,6.61468050138e-07
6085,3.40703278643,6.82680390859e-07
6099,3.40701553225,7.04141936716e-07
6113,3.40699794365,7.25796474915e-07
6127,3.40698066173,7.47600938458e-07
6142,3.40696325648,7.69515519733e-07
6156,3.40694611266,7.91491900297e-07
6170,3.4069290645,8.13460993756e-07
6184,3.40691188802,8.35319056497e-07
6198,3.40689497843,8.56913172117e-07
6213,3.40687821904,8.78028384189e-07
6227,3.40686121032,8.98378651055e-07
6241,3.40684433803,9.17605377833e-07
6256,3.40682775884,9.3528778785e-07
6270,3.40681134264,9.5096644596e-07
6285,3.40679462934,9.64179918511e-07
6299,3.40677818805,9.74512332073e-07
6314,3.40676190389,9.81654479248e-07
6328,3.40674545791,9.85491880565e-07
6343,3.40672925764,9.86254852775e-07
6357,3.40671284889,9.84756622442e-07
6372,3.40669671744,9.8264684776e-07
6387,3.40668061727,9.82451059321e-07
6401,3.40666460514,9.87141457907e-07
6416,3.40664852848,9.99304572683e-07
6431,3.40663271653,1.02040928919e-06
6446,3.40661664969,1.05069625869e-06
6461,3.40660100217,1.08968432077e-06
6476,3.4065851817,1.1368383362e-06
6490,3.40656923087,1.19205054172e-06
6505,3.40655363282,1.25600115001e-06
6520,3.40653789172,1.3306113284e-06
6535,3.40652215803,1.4195768158e-06
6551,3.40650680845,1.52868884687e-06
6566,3.4064911041,1.66561965632e-06
6581,3.40647567514,1.8391828916e-06
6596,3.40646013756,2.05862740257e-06
6611,3.40644487728,2.3337921955e-06
6626,3.40642929531,2.67637682582e-06
6642,3.40641375618,3.10123337172e-06
6657,3.40639838973,3.62589096571e-06
6672,3.40638318799,4.26777698377e-06
6688,3.40636785019,5.04078560958e-06
6703,3.4063526686,5.95333773819e-06
6719,3.40633784643,7.00844057716e-06
6734,3.40632293341,8.20482592156e-06
6750,3.40630800751,9.53840999338e-06
6765,3.40629370154,1.10036725942e-05
6781,3.40627946655,1.25935618539e-05
6796,3.40626553395,1.42949121801e-05
6812,3.4062520285,1.60765910079e-05
6828,3.40623888069,1.78720156828e-05
6844,3.40622597657,1.95663495688e-05
6859,3.40621380788,2.10049991129e-05
6875,3.40620201723,2.20327279489e-05
6891,3.40619018933,2.25496263677e-05
6907,3.40617860576,2.25502680512e-05
6923,3.4061666964,2.21196142251e-05
6939,3.40615478091,2.13910504708e-05
6955,3.40614231441,2.04975821444e-05
6971,3.40612962078,1.95435768482e-05
6987,3.40611690865,1.86019030253e-05
7003,3.40610387996,1.77241575563e-05
7019,3.40609067281,1.6950428406e-05
7035,3.40607721994,1.63125056673e-05
7051,3.4060640401,1.58311618079e-05
7068,3.40605076818,1.55113584842e-05
7084,3.40603752702,1.53398806678e-05
7100,3.40602422126,1.52884775002e-05
7117,3.40601130289,1.53220107448e-05
7133,3.40599820714,1.54076607888e-05
7150,3.40598546095,1.55207162902e-05
7166,3.40597265478,1.56453007786e-05
7183,3.40595994203,1.5771517951e-05
7199,3.40594759622,1.58917086035e-05
7216,3.40593524026,1.59976580483e-05
7232,3.40592278659,1.60792853787e-05
7249,3.40591052749,1.6124614754e-05
7266,3.40589824658,1.61207827758e-05
7282,3.40588625277,1.60561933435e-05
7299,3.4058740199,1.59241076296e-05
7316,3.40586189765,1.57271544796e-05
7333,3.40584976334,1.54808696282e-05
7350,3.40583756558,1.52137300463e-05
7367,3.40582539402,1.49627540194e-05
7384,3.40581309415,1.47665597986e-05
7401,3.405800792,1.46592681056e-05
7418,3.40578841239,1.46674144098e-05
7435,3.40577584044,1.48094141434e-05
7452,3.40576370856,1.50955686993e-05
7469,3.40575141731,1.55271080713e-05
7487,3.40573948618,1.60944184106e-05
7504,3.40572756291,1.67760707797e-05
7521,3.40571564511,1.75402748464e-05
7538,3.40570403335,1.83491303443e-05
7556,3.40569272443,1.91642500197e-05
7573,3.40568172501,1.99514027433e-05
7591,3.4056705699,2.06824757708e-05
7608,3.40565982849,2.13346662202e-05
7626,3.40564901597,2.18882712496e-05
7643,3.40563861254,2.23247594983e-05
7661,3.4056284434,2.26263965662e-05
7679,3.40561809427,2.27778033244e-05
7696,3.40560771416,2.27691301711e-05
7714,3.40559769429,2.25998420656e-05
7732,3.40558740204,2.22814656228e-05
7750,3.40557691904,2.18375204715e-05
7768,3.40556648067,2.12999247352e-05
7785,3.40555632946,2.07029616993e-05
7803,3.40554575029,2.00773140651e-05
7821,3.40553501008,1.94464336254e-05
7839,3.40552431615,1.88260077464e-05
7857,3.40551346344,1.82256332526e-05
7876,3.40550267464,1.76512479556e-05
7894,3.40549181535,1.71072815551e-05
7912,3.40548128067,1.65981348863e-05
7930,3.40547044946,1.61290065568e-05
7948,3.40545947109,1.57059416245e-05
7967,3.40544851509,1.53347830231e-05
7985,3.40543769286,1.50188885231e-05
8004,3.4054266526,1.47566161384e-05
8022,3.40541597879,1.45408401144e-05
8041,3.40540504036,1.43623955675e-05
8059,3.40539431215,1.42163611595e-05
8078,3.40538357584,1.4106949409e-05
8096,3.40537279586,1.4047034589e-05
8115,3.40536161856,1.40528380494e-05
8134,3.40535100125,1.41385370822e-05
8152,3.40534013331,1.43150769397e-05
8171,3.40532920598,1.45925881639e-05
8190,3.40531840299,1.49820097522e-05
8209,3.40530772425,1.54925021307e-05
8228,3.40529717399,1.61261768355e-05
8247,3.40528652857,1.68753024152e-05
8266,3.40527585705,1.7725460788e-05
8285,3.40526555013,1.86622931995e-05
8304,3.40525513967,1.96754749786e-05
8323,3.40524493273,2.07560772619e-05
8342,3.40523510013,2.18903051129e-05
8361,3.40522529411,2.30562810317e-05
8381,3.40521539557,2.42274136742e-05
8400,3.40520604464,2.5379685768e-05
8419,3.40519640179,2.64974162781e-05
8439,3.40518713609,2.75743643695e-05
8458,3.40517796941,2.861109442e-05
8478,3.40516894348,2.96113342038e-05
8497,3.40515975896,3.05794436451e-05
8517,3.40515067326,3.15194984329e-05
8537,3.40514169755,3.24357903742e-05
8556,3.40513286279,3.33344328026e-05
8576,3.40512376621,3.42259657945e-05
8596,3.40511464893,3.51285634977e-05
8616,3.40510563502,3.60705416562e-05
8635,3.40509681942,3.70897299105e-05
8655,3.40508781928,3.82272784219e-05
8675,3.40507914306,3.95152242169e-05
8695,3.40507057128,4.09613675582e-05
8715,3.40506223306,4.25378215859e-05
8735,3.40505406973,4.41801014457e-05
8756,3.4050464151,4.57990294481e-05
8776,3.40503871149,4.73015920543e-05
8796,3.4050316116,4.86123944824e-05
8816,3.4050244531,4.96879471375e-05
8837,3.40501761547,5.05198873014e-05
8857,3.40501053751,5.11284465847e-05
8877,3.4050035012,5.15502386085e-05
8898,3.40499652247,5.18249947497e-05
8918,3.40498963993,5.19843835894e-05
8939,3.40498280269,5.20446170077e-05
8960,3.40497602088,5.2003659337e-05
8980,3.404969043,5.18435499202e-05
9001,3.40496232208,5.15377056961e-05
9022,3.40495549981,5.10616855658e-05
9042,3.40494883587,5.04038567785e-05
9063,3.40494156413,4.95716628913e-05
9084,3.40493469427,4.859035676e-05
9105,3.40492761538,4.74947926351e-05
9126,3.40492043717,4.63181773915e-05
9147,3.40491294554,4.5083465185e-05
9168,3.40490508246,4.3801208215e-05
9189,3.40489781438,4.24740641633e-05
9211,3.4048899736,4.1104775821e-05
9232,3.40488206605,3.9703004862e-05
9253,3.4048740282,3.8287976026e-05
9274,3.40486591723,3.68863043892e-05
9296,3.40485736469,3.5526869339e-05
9317,3.404849004,3.42354314754e-05
9339,3.40484024391,3.30311439964e-05
9360,3.40483168959,3.19255969668e-05
9382,3.40482274774,3.09239756197e-05
9403,3.404813866,3.00271397168e-05
9425,3.40480486383,2.9233659924e-05
9447,3.40479597579,2.8541127641e-05
9469,3.40478696534,2.79467206584e-05
9490,3.40477776836,2.74475808485e-05
9512,3.40476853148,2.70422452302e-05
9534,3.40475901034,2.6734419189e-05
9556,3.40474977356,2.65388192151e-05
9578,3.40474022457,2.64856708724e-05
9600,3.40473077566,2.66183217601e-05
9622,3.40472123644,2.69817168649e-05
9645,3.40471136189,2.76069633753e-05
9667,3.40470175847,2.85017380231e-05
9689,3.40469214675,2.96518493068e-05
9712,3.40468262139,3.10303686327e-05
9734,3.40467334506,3.26071136793e-05
9756,3.40466411382,3.43548579799e-05
9779,3.40465488309,3.62533969983e-05
9801,3.4046463285,3.82931469608e-05
9824,3.404637447,4.04770627894e-05
9847,3.40462888194,4.28169772728e-05
9869,3.40462009666,4.53215953928e-05
9892,3.40461178659,4.79790726506e-05
9915,3.40460371022,5.07465456203e-05
9938,3.40459580947,5.3562394486e-05
9961,3.40458821451,5.63839154047e-05
9984,3.40458046816,5.92263526596e-05
10007,3.40457292265,6.21660370155e-05
10030,3.40456549288,6.52946586748e-05
10053,3.40455822334,6.86557630236e-05
10076,3.40455139298,7.22119548949e-05
10099,3.40454510875,7.58625323014e-05
10123,3.40453877065,7.94896106215e-05
10146,3.40453319441,8.29969977701e-05
10169,3.40452797005,8.63236944811e-05
10193,3.40452274387,8.9436180713e-05
10216,3.40451801284,9.23131858971e-05
10240,3.4045133761,9.49336871536e-05
10263,3.40450896772,9.72726099291e-05
10287,3.40450480595,9.93047376591e-05
10311,3.40450058486,0.000101014404782
10335,3.40449639222,0.000102405622446
10358,3.40449212796,0.000103504199312
10382,3.40448772069,0.000104344199368
10406,3.40448325794,0.000104942612763
10430,3.40447855621,0.000105285260736
10454,3.40447376697,0.000105351538965
10478,3.40446867201,0.000105173336302
10502,3.40446291175,0.000104875182287
10527,3.4044570072,0.000104643365991
10551,3.40445044541,0.000104644493715
10575,3.40444343369,0.000104977791493
10600,3.40443638656,0.000105706605967
10624,3.40442916344,0.000106908781301
10649,3.40442178547,0.000108655412533
10673,3.40441483283,0.000110923840667
10698,3.40440788393,0.000113551789093
10722,3.40440183849,0.000116311379946
10747,3.4043955257,0.000119056148217
10772,3.40438956884,0.000121816425154
10797,3.40438366158,0.00012476892264
10822,3.40437734334,0.000128115024973
10847,3.40437149042,0.000131961924712
10872,3.40436598781,0.000136274569811
10897,3.40436122904,0.000140901860531
10922,3.4043571786,0.000145638836612
10947,3.40435385579,0.00015028457977
10972,3.40435125394,0.000154677016591
10997,3.40434900717,0.000158705365225
11023,3.40434722145,0.00016230878442
11048,3.40434574972,0.000165468542278
11074,3.40434482219,0.000168196970912
11099,3.40434349716,0.000170524622172
11125,3.4043423403,0.000172486454966
11150,3.40434174551,0.000174109301409
11176,3.40434124987,0.000175402622111
11202,3.40434029886,0.000176354798253
11228,3.40433976576,0.000176936968923
11254,3.4043392059,0.000177115739937
11280,3.40433849506,0.000176872958697
11306,3.4043378269,0.000176226967898
11332,3.40433685013,0.000175244180619
11358,3.40433575349,0.000174028042815
11384,3.40433431972,0.000172679781811
11410,3.40433309241,0.000171241169385
11436,3.40433195887,0.000169647527304
11463,3.40433074307,0.000167723583812
11489,3.4043297818,0.000165238049957
11516,3.40432885526,0.000161999986953
11542,3.40432737368,0.000157952138832
11569,3.40432494086,0.00015321432509
11596,3.40432178779,0.000148055952512
11622,3.4043174646,0.000142813501264
11649,3.40431256124,0.000137792467787
11676,3.40430640871,0.000133193127642
11703,3.40430009611,0.000129080075184
11730,3.40429351831,0.000125395632468
11757,3.40428665473,0.000122005708239
11784,3.40427933877,0.000118767543112
11811,3.40427154318,0.000115611024917
11838,3.40426315383,0.00011262055717
11866,3.40425361336,0.000110090229445
11893,3.40424311906,0.000108512407984
11920,3.40423197562,0.000108468881577
11948,3.40422040577,0.000110435949514
11975,3.40420947972,0.000114574042195
12003,3.40419988357,0.000120609338342
12031,3.40419251253,0.000127880969105
12059,3.40418755136,0.000135537980767
12086,3.40418464606,0.000142778587172
12114,3.40418335128,0.000149006407187
12142,3.40418371639,0.000153848919322
12170,3.40418490331,0.000157084574545
12198,3.40418656047,0.000158574542686
12226,3.40418823965,0.000158261587421
12254,3.40418917969,0.000156221536843
12283,3.40418914967,0.000152703201578
12311,3.40418782281,0.000148105107982
12339,3.4041847852,0.000142889413121
12368,3.40418018528,0.00013747789993
12396,3.40417368693,0.000132195924527
12425,3.40416518148,0.000127420177158
12454,3.404154122,0.000124231976185
12482,3.40414113055,0.000124769002836
12511,3.40413004415,0.000129850229799
12540,3.40412307346,0.000136770476636
12569,3.40411887143,0.000142452754776
12598,3.40411622275,0.000146308008847
12627,3.4041132001,0.000148992688819
12656,3.40411015405,0.000151032581782
12685,3.40410700688,0.000152685087483
12714,3.40410368703,0.00015409899175
12744,3.40409999677,0.000155389864171
12773,3.40409640587,0.000156653041464
12802,3.40409258877,0.000157958141201
12832,3.40408880793,0.000159347801026
12862,3.40408485862,0.000160844658686
12891,3.4040806985,0.000162458493152
12921,3.40407653023,0.000164190383852
12951,3.40407272497,0.000166036175206
12981,3.40406886883,0.000167991160491
13011,3.40406498019,0.000170055979699
13041,3.40406104288,0.000172242192706
13071,3.40405756281,0.000174574719351
13101,3.40405373868,0.000177090893999
13131,3.40404968447,0.000179837738107
13161,3.40404617547,0.000182869123362
13192,3.40404254446,0.000186243361254
13222,3.40403882787,0.000190022314827
13252,3.40403562209,0.000194274257862
13283,3.4040326076,0.000199078708257
13314,3.40403014339,0.000204526922683
13344,3.40402841094,0.000210717038477
13375,3.40402738685,0.00021774971719
13406,3.40402796913,0.000225717503581
13437,3.40403098473,0.000234580245932
13468,3.40403720381,0.00024355889083
13499,3.40404832258,0.000250166966153
13530,3.40406138987,0.000251292117534
13561,3.40407316579,0.000246922955481
13592,3.40408094159,0.000240232566159
13624,3.40408681571,0.000233432485946
13655,3.40409151036,0.00022665343037
13687,3.40409528907,0.000219533351627
13718,3.40409888767,0.00021191936156
13750,3.40410130889,0.000203785532079
13781,3.40410356928,0.000195128708079
13813,3.40410481113,0.000185914251733
13845,3.4041058352,0.000176029297747
13877,3.40410567968,0.000165270184109
13909,3.40410507133,0.000153389767063
13941,3.40410252197,0.000140218639702
13973,3.40409791046,0.000125934260518
14005,3.40408969098,0.000111507829476
14038,3.40407803428,9.87232243113e-05
14070,3.40406443149,8.89018784495e-05
14102,3.40405057302,8.17911519046e-05
14135,3.40403680412,7.6596425166e-05
14168,3.40402285751,7.3060860685e-05
14200,3.40400938118,7.10770839548e-05
14233,3.40399682248,7.03896494809e-05
14266,3.40398471771,7.07678843643e-05
14299,3.40397314224,7.20871205525e-05
14332,3.40396260564,7.42646123255e-05
14365,3.40395313874,7.71392141251e-05
14398,3.40394533399,8.03314577059e-05
14431,3.40393855297,8.31960718088e-05
14464,3.40393294825,8.50510543676e-05
14498,3.40392720809,8.56380750229e-05
14531,3.40392137955,8.53521223953e-05
14565,3.40391441969,8.49040150803e-05
14598,3.40390675263,8.47793399434e-05
14632,3.40389929791,8.50606253213e-05
14665,3.40389172745,8.5620798526e-05
14699,3.40388412803,8.63333524169e-05
14733,3.40387657294,8.71339903221e-05
14767,3.40386896933,8.79991878541e-05
14801,3.40386168399,8.89207620584e-05
14835,3.40385400087,8.98952418612e-05
14870,3.40384646951,9.09211545839e-05
14904,3.40383866047,9.19985146479e-05
14938,3.40383099227,9.31283337255e-05
14973,3.40382301856,9.43121758759e-05
15007,3.40381507499,9.55516805293e-05
15042,3.40380707095,9.68477811494e-05
15076,3.40379858571,9.81978352862e-05
15111,3.40379016481,9.95878895985e-05
15146,3.40378168524,0.000100981029533
15181,3.40377282038,0.000102315824024
15216,3.40376384951,0.000103537864833
15251,3.40375417157,0.000104657768074
15286,3.40374418139,0.000105775485688
15321,3.40373318625,0.000107024876706
15357,3.40372184507,0.000108487251802
15392,3.40370982722,0.000110163136516
15428,3.40369698793,0.000112013229801
15463,3.40368356668,0.000114008569472
15499,3.40366910296,0.000116149679011
15535,3.40365322689,0.000118462069076
15570,3.40363604232,0.000120987768041
15606,3.40361708149,0.000123781180094
15642,3.40359570114,0.000126911162511
15678,3.40357092755,0.000130485007553
15714,3.4035421012,0.000134775698676
15751,3.40350648443,0.000140710028029
15787,3.40346118903,0.000151155350281
15823,3.40340379554,0.00017292473572
15860,3.40333676622,0.000217326649604
15896,3.40327254904,0.000295215228206
15933,3.40323421915,0.000406358787009
15970,3.40324015271,0.000532514048116
16007,3.40329215186,0.000645179219387
16043,3.40337046906,0.000723950545182
16080,3.40345110613,0.000767929486103
16117,3.40351926356,0.000790812734388
16155,3.40357422521,0.000807888044767
16192,3.40362423462,0.000827204041047
16229,3.4036767304,0.000848536727613
16267,3.40373712824,0.000866783988299
16304,3.40380451249,0.000875972625422
16342,3.40387475807,0.000872134298994
16379,3.40394263388,0.000854612097193
16417,3.40400361634,0.000825725911141
16455,3.40405626063,0.000789086057529
16493,3.40410060651,0.000747543031459
16531,3.40413726308,0.000702203892491
16569,3.40416607311,0.000653258123066
16607,3.40418573487,0.000601695837379
16646,3.40419509843,0.000550086804822
16684,3.40419451795,0.000501679393139
16722,3.40418684392,0.000458882161355
16761,3.40417413466,0.000422530287652
16800,3.40415956269,0.000392203986986
16838,3.40414364139,0.000366944712242
16877,3.40412775484,0.000345776801766
16916,3.40411178216,0.00032791503774
16955,3.40409617454,0.000312787157491
16994,3.40408090704,0.000299995692484
17033,3.40406587926,0.000289270725475
17073,3.40405153031,0.000280427726892
17112,3.40403710356,0.000273335848309
17151,3.40402330053,0.00026789898353
17191,3.40400982793,0.0002640499655
17231,3.40399662766,0.000261754091172
17270,3.40398448511,0.000261017578677
17310,3.40397291362,0.000261892503213
17350,3.40396193369,0.000264460664195
17390,3.40395243243,0.000268771638436
17430,3.40394492312,0.000274717955002
17470,3.40393988465,0.0002818719747
17511,3.40393786317,0.000289377197475
17551,3.40393933724,0.000296024307761
17591,3.40394289106,0.000300576934897
17632,3.4039481722,0.000302240371967
17673,3.40395300099,0.000301012306938
17713,3.40395648671,0.00029767147368
17754,3.4039582808,0.000293383153123
17795,3.40395860038,0.000289158960089
17836,3.40395805813,0.000285494854997
17877,3.40395776029,0.000282361168207
17918,3.40395667512,0.000279466987352
17960,3.40395615073,0.000276564285394
18001,3.40395548012,0.000273594369562
18043,3.40395460512,0.000270638904809
18084,3.40395359075,0.000267783434356
18126,3.40395246236,0.000265024954815
18168,3.40395156129,0.000262277576355
18210,3.40395043516,0.000259440879458
18252,3.40394955178,0.000256464142119
18294,3.40394834038,0.000253367875266
18336,3.40394695751,0.000250224925877
18378,3.4039451634,0.00024712594256
18420,3.40394310585,0.00024415037024
18463,3.40394123524,0.000241351936059
18505,3.40393872794,0.000238757195592
18548,3.40393687684,0.000236371223871
18591,3.40393421494,0.000234186221234
18634,3.4039320211,0.00023218837785
18677,3.40393005604,0.000230362852151
18720,3.40392790464,0.00022869552424
18763,3.40392570264,0.000227172439094
18806,3.40392366333,0.000225777730779
18849,3.40392164116,0.000224490640434
18893,3.40392001815,0.000223282107636
18936,3.40391826045,0.00022211200514
18980,3.40391683877,0.000220928697414
19024,3.40391562467,0.000219675382929
19068,3.40391438702,0.000218306985774
19112,3.40391312671,0.000216815909428
19156,3.40391148022,0.000215252776502
19200,3.40391003062,0.000213720655518
19244,3.40390865835,0.000212333684486
19289,3.40390700416,0.000211158923777
19333,3.4039055279,0.000210179447287
19378,3.40390424191,0.000209303328792
19422,3.40390316386,0.000208408486066
19467,3.40390244096,0.000207391655262
19512,3.40390156838,0.00020619609899
19557,3.40390100214,0.000204813689771
19602,3.40390035674,0.000203272288058
19647,3.40389949034,0.000201619805363
19692,3.40389857643,0.000199911237378
19738,3.40389744314,0.000198199695925
19783,3.40389654829,0.000196530435492
19829,3.40389530682,0.00019493724145
19875,3.40389422699,0.000193440320964
19920,3.40389265539,0.000192045909914
19966,3.40389168132,0.000190746816326
20012,3.4038907646,0.000189524284254
20059,3.40388980367,0.000188350228994
20105,3.40388889,0.000187190021383
20151,3.40388847838,0.000186005448443
20198,3.40388770931,0.00018475779889
20244,3.40388727182,0.000183410567756
20291,3.40388696434,0.000181932154188
20338,3.40388671393,0.000180297887237
20385,3.40388641334,0.000178491440638
20432,3.40388662263,0.000176505368934
20479,3.40388638609,0.00017434089555
20526,3.40388607015,0.000172006616187
20573,3.40388556129,0.000169516855077
20621,3.40388513732,0.000166889651775
20668,3.4038843709,0.000164145024677
20716,3.40388384792,0.000161303630406
20763,3.40388301685,0.000158386351046
20811,3.4038817091,0.000155414428162
20859,3.40388042035,0.000152410143917
20907,3.40387915179,0.00014939764035
20956,3.40387732958,0.000146403296146
21004,3.40387569768,0.000143455257272
21052,3.40387360371,0.000140582250966
21101,3.40387147054,0.000137811391364
21150,3.40386929675,0.000135165767601
21198,3.40386677789,0.000132662129715
21247,3.40386445704,0.00013030925428
21296,3.40386179833,0.000128107534085
21345,3.40385941606,0.000126049617
21394,3.4038566512,0.000124122247661
21444,3.40385439259,0.000122308526652
21493,3.40385193679,0.000120590493256
21543,3.40384948507,0.000118951146293
21592,3.40384701073,0.000117375931466
21642,3.40384477872,0.00011585339704
21692,3.4038423562,0.000114375205984
21742,3.40384014941,0.000112935566209
21792,3.40383792761,0.000111530512716
21842,3.40383573966,0.000110157079545
21893,3.40383362157,0.000108812640412
21943,3.40383128278,0.00010749445745
21994,3.40382914395,0.000106199410271
22045,3.40382689167,0.000104923999598
22095,3.40382492189,0.000103664408081
22146,3.40382276663,0.000102416753115
22197,3.40382064832,0.000101177295641
22249,3.40381850892,9.99427398153e-05
22300,3.40381662662,9.87104642008e-05
22351,3.40381452894,9.74787538241e-05
22403,3.40381260335,9.62468813976e-05
22454,3.40381028658,9.5015201042e-05
22506,3.40380844681,9.37850330613e-05
22558,3.40380620839,9.25586247319e-05
22610,3.40380421964,9.13388707132e-05
22662,3.40380207884,9.01291604147e-05
22714,3.40380001197,8.89331007403e-05
22767,3.40379775831,8.77543289387e-05
22819,3.40379552875,8.65963003758e-05
22872,3.40379339365,8.54621552733e-05
22925,3.40379130868,8.43546073694e-05
22977,3.40378901681,8.32758728592e-05
23030,3.40378682228,8.22276134797e-05
23083,3.40378457641,8.12109593573e-05
23137,3.40378233571,8.02265290801e-05
23190,3.40377989644,7.92745187382e-05
23243,3.40377774965,7.83547982271e-05
23297,3.40377556332,7.746709589e-05
23351,3.40377330317,7.66111290042e-05
23405,3.40377118883,7.57867361013e-05
23459,3.40376871557,7.4993969281e-05
23513,3.40376663353,7.42330383891e-05
23567,3.40376419077,7.35042808248e-05
23621,3.40376213945,7.28079544783e-05
23676,3.40375982421,7.2144155881e-05
23730,3.40375754282,7.15126623263e-05
23785,3.40375539608,7.09129133191e-05
23840,3.40375315713,7.03440326584e-05
23895,3.40375089097,6.98048794963e-05
23950,3.40374876441,6.92941363897e-05
24005,3.40374645209,6.88104056172e-05
24060,3.40374428534,6.83522602989e-05
24116,3.40374206377,6.79183317788e-05
24171,3.4037400112,6.75073437784e-05
24227,3.40373776312,6.71181767985e-05
24283,3.40373576473,6.67498728859e-05
24339,3.40373378857,6.64016820877e-05
24395,3.40373170545,6.60730451558e-05
24451,3.40372941758,6.57635744653e-05
24508,3.40372734828,6.54730082272e-05
24564,3.40372541874,6.52011869434e-05
24621,3.40372312541,6.49480174998e-05
24678,3.40372120142,6.47134434109e-05
24734,3.40371919724,6.44975630821e-05
24791,3.40371701053,6.43007632283e-05
24849,3.40371521207,6.4123937768e-05
24906,3.40371285146,6.39687108937e-05
24963,3.40371116592,6.38373495411e-05
25021,3.40370876572,6.37325346633e-05
25079,3.40370693523,6.36567175088e-05
25136,3.40370456267,6.36117209691e-05
25194,3.40370279003,6.35985260075e-05
25252,3.4037008694,6.36177211983e-05
25311,3.40369872251,6.36701960795e-05
25369,3.40369670973,6.37580351783e-05
25427,3.40369445647,6.3885511952e-05
25486,3.40369233248,6.40602522678e-05
25545,3.40369037283,6.42947624373e-05
25604,3.4036881656,6.46079508252e-05
25663,3.40368623214,6.50257209626e-05
25722,3.40368386602,6.55793737719e-05
25781,3.40368169299,6.63004379979e-05
25841,3.40367980942,6.72118770576e-05
25900,3.40367796128,6.83170898652e-05
25960,3.40367632939,6.95901464927e-05
26020,3.40367490323,7.09716139007e-05
26080,3.40367376125,7.23732358771e-05
26140,3.4036729926,7.36918453765e-05
26200,3.40367260168,7.48291062094e-05
26260,3.40367241357,7.57110101904e-05
26321,3.40367218824,7.63009209668e-05
26382,3.4036721265,7.66025005942e-05
26442,3.4036718537,7.66528071219e-05
26503,3.40367175008,7.65090595731e-05
26565,3.40367129485,7.62341507483e-05
26626,3.40367071148,7.58849510703e-05
26687,3.40366988365,7.55056504126e-05
26749,3.40366918028,7.51259802625e-05
26810,3.40366836183,7.47629553576e-05
26872,3.40366737748,7.44242147115e-05
26934,3.40366633405,7.4111535409e-05
26996,3.40366509216,7.38236645714e-05
27058,3.40366431376,7.35581710286e-05
27121,3.40366332329,7.33125246387e-05
27183,3.4036621232,7.30844961909e-05
27246,3.40366116604,7.28722673922e-05
27309,3.40366015179,7.26744068639e-05
27372,3.40365900545,7.24897538318e-05
27435,3.40365803169,7.23173259615e-05
27498,3.40365685833,7.21562762408e-05
27561,3.40365564794,7.20058251882e-05
27625,3.40365453858,7.18652489519e-05
27689,3.40365358763,7.17338689839e-05
27753,3.40365244359,7.16110553357e-05
27817,3.40365127297,7.14962085411e-05
27881,3.40365011304,7.13887778571e-05
27945,3.40364913087,7.1288262211e-05
28009,3.40364818803,7.11942263474e-05
28074,3.40364692269,7.11063055106e-05
28139,3.40364577824,7.10241886122e-05
28203,3.40364476299,7.09476460508e-05
28269,3.40364394886,7.08765177923e-05
28334,3.40364269569,7.08107247333e-05
28399,3.40364175025,7.07502175923e-05
28464,3.40364054766,7.06950241704e-05
28530,3.40363958427,7.06451908776e-05
28596,3.40363863733,7.06008116347e-05
28662,3.40363741648,7.05620081699e-05
28728,3.40363643472,7.05289084623e-05
28794,3.40363547333,7.05016782426e-05
28860,3.40363440319,7.04805073767e-05
28927,3.40363341517,7.04656130249e-05
28994,3.40363227733,7.04572683008e-05
29061,3.40363122756,7.04558029304e-05
29127,3.40363026272,7.04616422656e-05
29195,3.4036293419,7.04753292149e-05
29262,3.40362814037,7.04975498499e-05
29329,3.4036270279,7.05291151627e-05
29397,3.40362596975,7.05709492134e-05
29465,3.40362503851,7.06239864491e-05
29533,3.40362434676,7.06890059719e-05
29601,3.40362310041,7.07664042688e-05
29669,3.40362201676,7.08558375449e-05
29737,3.40362128252,7.09559487285e-05
29806,3.40362025334,7.10641373197e-05
29875,3.40361917918,7.1176473809e-05
29944,3.40361823357,7.12879568561e-05
30013,3.4036177753,7.13930823864e-05
30082,3.40361669725,7.14867542713e-05
30151,3.40361582941,7.1565250039e-05
30221,3.40361474712,7.16272606105e-05
30290,3.40361414886,7.16744967093e-05
30360,3.4036130504,7.17118895986e-05
30430,3.40361228034,7.17470731551e-05
30500,3.4036113517,7.17895083957e-05
30571,3.40361019809,7.18492356127e-05
30641,3.40360932473,7.19356848228e-05
30712,3.40360820528,7.20568220635e-05
30782,3.40360734421,7.22186972416e-05
30853,3.40360632603,7.24256090233e-05
30925,3.40360533197,7.26806598052e-05
30996,3.4036042474,7.29866553853e-05
31067,3.40360332869,7.33470043745e-05
31139,3.40360235639,7.37663227939e-05
31211,3.40360134785,7.42502216559e-05
31283,3.40360054573,7.48038514824e-05
31355,3.40359968933,7.54289204451e-05
31427,3.40359921124,7.61193569338e-05
31500,3.40359868777,7.68567440784e-05
31572,3.40359817623,7.76072109677e-05
31645,3.40359798916,7.83219546885e-05
31718,3.40359792824,7.89427399036e-05
31791,3.40359797465,7.94119839464e-05
31864,3.40359820967,7.96850261153e-05
31938,3.40359834803,7.97406893426e-05
32011,3.40359865157,7.95863665281e-05
32085,3.40359860435,7.92558648868e-05
32159,3.40359889671,7.88007751471e-05
32233,3.40359838322,7.82787263476e-05
32308,3.40359796419,7.7742162628e-05
32382,3.40359757747,7.72309508885e-05
32457,3.40359704198,7.67696697289e-05
32531,3.40359631961,7.63689643188e-05
32606,3.40359584206,7.60292200038e-05
32682,3.40359505538,7.5744802553e-05
32757,3.40359418419,7.55075284473e-05
32832,3.40359355703,7.53089979926e-05
32908,3.40359296719,7.51417964833e-05
32984,3.40359232475,7.4999863518e-05
33060,3.40359125276,7.4878441622e-05
33136,3.40359065115,7.47738071556e-05
33213,3.40359017797,7.46830718432e-05
33289,3.40358946324,7.46039482175e-05
33366,3.40358878882,7.45345855434e-05
33443,3.40358800976,7.44734919385e-05
33520,3.40358726937,7.44194483508e-05
33597,3.40358667451,7.43714628771e-05
33675,3.40358594743,7.4328734676e-05
33752,3.40358540181,7.42905943539e-05
33830,3.40358486594,7.42564939728e-05
33908,3.40358428286,7.42259658976e-05
33986,3.40358345961,7.41986064875e-05
34065,3.40358280977,7.41740445346e-05
34143,3.403582221,7.41519563603e-05
34222,3.40358150656,7.41320509061e-05
34301,3.40358108082,7.4114052983e-05
34380,3.4035805296,7.40977338875e-05
34459,3.40357987576,7.40828835782e-05
34539,3.40357945923,7.40693124674e-05
34618,3.4035786109,7.40568784753e-05
34698,3.40357811771,7.40454305964e-05
34778,3.40357774395,7.40348593533e-05
34858,3.40357695974,7.40250771655e-05
34939,3.4035766364,7.4015977844e-05
35019,3.40357596262,7.40075004856e-05
35100,3.4035752976,7.39995648701e-05
35181,3.40357461561,7.39921034077e-05
35262,3.40357438023,7.39850408544e-05
35343,3.40357351847,7.39783375643e-05
35425,3.40357301243,7.39719110014e-05
35506,3.40357251199,7.39657092211e-05
35588,3.40357174263,7.39596803111e-05
35670,3.40357112277,7.39537591712e-05
35752,3.40357081803,7.39478884004e-05
35835,3.40357037381,7.39420267612e-05
35917,3.40356973254,7.39361277748e-05
36000,3.40356923042,7.39301408305e-05
36083,3.4035687548,7.39240311151e-05
36166,3.40356818565,7.3917772677e-05
36250,3.4035675766,7.39113488919e-05
36333,3.40356716682,7.39047593494e-05
36417,3.4035665007,7.38980500661e-05
36501,3.40356598062,7.38912959498e-05
36585,3.40356563418,7.38846493264e-05
36669,3.40356493697,7.38783701968e-05
36754,3.40356428824,7.38728220999e-05
36839,3.40356396867,7.38685181478e-05
36924,3.40356334712,7.38661486199e-05
37009,3.40356282622,7.38665263488e-05
37094,3.40356233449,7.38705759641e-05
37180,3.40356184202,7.38792445561e-05
37265,3.4035612523,7.38933954718e-05
37351,3.40356061796,7.39136781254e-05
37437,3.40356012542,7.39404071449e-05
37524,3.40355959639,7.3973481056e-05
37610,3.4035591682,7.4012326118e-05
37697,3.40355847812,7.40559357023e-05
37784,3.40355808955,7.41029226492e-05
37871,3.4035575916,7.41516906581e-05
37958,3.4035571856,7.420055173e-05
38046,3.40355677622,7.42478922492e-05
38133,3.40355625652,7.42922843689e-05
38221,3.4035556651,7.43325583269e-05
38309,3.40355561583,7.43678256372e-05
38398,3.40355511271,7.43975250941e-05
38486,3.40355445386,7.44213380592e-05
38575,3.40355401082,7.44391900788e-05
38664,3.40355362316,7.44512479759e-05
38753,3.40355322162,7.44579058972e-05
38842,3.40355268121,7.44598046298e-05
38932,3.40355221683,7.44578504713e-05
39022,3.40355192115,7.44532551111e-05
39112,3.40355154133,7.44475608298e-05
39202,3.4035508413,7.44426307069e-05
39292,3.40355068992,7.44405884302e-05
39383,3.40354994689,7.44438049138e-05
39473,3.40354941208,7.44546782855e-05
39564,3.40354906582,7.44755071355e-05
39656,3.40354860195,7.4508245204e-05
39747,3.40354796321,7.45542270444e-05
39839,3.40354726048,7.46139077184e-05
39931,3.40354704896,7.46866357057e-05
40023,3.40354639659,7.47705623464e-05
40115,3.40354606056,7.48625727017e-05
40207,3.40354568193,7.49585137877e-05
40300,3.4035449998,7.50535091006e-05
40393,3.40354475589,7.51424297667e-05
40486,3.40354455169,7.52205238468e-05
40579,3.40354405218,7.52839765415e-05
40673,3.40354373384,7.53303875568e-05
40767,3.40354325307,7.53591214156e-05
40861,3.40354274501,7.53713577669e-05
40955,3.40354272032,7.53699275092e-05
41049,3.40354218178,7.53589811611e-05
41144,3.40354179828,7.53434137496e-05
41239,3.40354134172,7.53283789522e-05
41334,3.4035410291,7.53187675234e-05
41429,3.40354045747,7.53188538821e-05
41525,3.40353975249,7.53320379746e-05
41620,3.40353929692,7.53607582133e-05
41716,3.40353883174,7.54065289492e-05
41812,3.40353846052,7.54700070889e-05
41909,3.40353782986,7.55511336837e-05
42005,3.40353709412,7.56492448077e-05
42102,3.40353689333,7.57632002989e-05
42199,3.40353646653,7.58915472216e-05
42297,3.40353593729,7.6032585281e-05
42394,3.40353531978,7.61845007378e-05
42492,3.40353501719,7.63454603621e-05
42590,3.40353466863,7.65137301123e-05
42688,3.40353430642,7.66877231843e-05
42786,3.40353360354,7.68660667732e-05
42885,3.40353327941,7.70475943363e-05
42984,3.40353292351,7.72313949314e-05
43083,3.40353234681,7.74167644879e-05
43182,3.40353200743,7.76031660394e-05
43282,3.40353179869,7.77902222919e-05
43382,3.40353118984,7.79776781171e-05
43482,3.40353076257,7.81653350656e-05
43582,3.40353060612,7.83530635353e-05
43682,3.40353028039,7.85407853832e-05
43783,3.40352994063,7.87284350864e-05
43884,3.40352957738,7.89159685245e-05
43985,3.40352894476,7.91033591231e-05
44086,3.40352880161,7.92905655318e-05
44188,3.40352833976,7.94775892465e-05
44290,3.4035281766,7.96644036179e-05
44392,3.40352796286,7.98510086561e-05
44494,3.40352763399,8.00374011909e-05
44597,3.40352709767,8.02235816307e-05
44700,3.40352693072,8.04095370812e-05
44803,3.40352657855,8.05952834552e-05
44906,3.40352622503,8.07808211315e-05
45010,3.40352589808,8.09661558252e-05
45113,3.40352576169,8.11512915277e-05
45217,3.40352532473,8.13362492943e-05
45322,3.40352519957,8.15210252689e-05
45426,3.4035248522,8.17056444184e-05
45531,3.40352466106,8.18901113824e-05
45636,3.40352431963,8.20744488847e-05
45741,3.40352422504,8.22586645732e-05
45846,3.40352394467,8.2442788296e-05
45952,3.40352371666,8.26268363698e-05
46058,3.40352366962,8.28108310601e-05
46164,3.40352324197,8.29948157329e-05
46271,3.40352281687,8.31788164167e-05
46377,3.40352258679,8.33628711676e-05
46484,3.4035223416,8.35470376969e-05
46591,3.40352208897,8.3731381238e-05
46699,3.40352170842,8.39159867001e-05
46806,3.40352154787,8.41009482548e-05
46914,3.40352133515,8.42864008991e-05
47023,3.40352132464,8.44724970379e-05
47131,3.40352089063,8.46594458971e-05
47240,3.40352068385,8.48474636848e-05
47348,3.40352041806,8.50368306602e-05
47458,3.40352035653,8.52278540263e-05
47567,3.40351996346,8.54208985719e-05
47677,3.40351968585,8.56163356541e-05
47787,3.40351987579,8.58145600986e-05
47897,3.40351928392,8.60160149038e-05
48007,3.40351913947,8.6221072135e-05
48118,3.40351860931,8.64301294036e-05
48229,3.40351855878,8.66434961055e-05
48340,3.40351844475,8.68614544601e-05
48451,3.40351832557,8.70841932828e-05
48563,3.40351802027,8.73118179626e-05
48675,3.40351801883,8.7544320647e-05
48787,3.403517637,8.77816266275e-05
48900,3.40351766183,8.80235309347e-05
49012,3.40351741007,8.82697838123e-05
49125,3.4035172518,8.85200394852e-05
49239,3.40351666577,8.87739232591e-05
49352,3.40351674225,8.90309845819e-05
49466,3.40351663857,8.92908076122e-05
49580,3.40351638603,8.95529549816e-05
49694,3.40351596428,8.98170064496e-05
49809,3.40351591012,9.00825543712e-05
49924,3.40351577788,9.03492526094e-05
50039,3.40351595777,9.06167734882e-05
50154,3.40351580353,9.08848594631e-05
50270,3.40351548024,9.11532735478e-05
50386,3.40351532884,9.14218136658e-05
50502,3.40351573519,9.16903124087e-05
50618,3.40351510897,9.19586871925e-05
50735,3.40351520376,9.22267921838e-05
50852,3.40351508696,9.24945762766e-05
50969,3.40351493972,9.27619763659e-05
51086,3.40351475224,9.30289488725e-05
51204,3.40351499049,9.32954484167e-05
51322,3.40351497348,9.35614696911e-05
51441,3.40351469588,9.382699564e-05
51559,3.40351485031,9.40919950047e-05
51678,3.4035146897,9.4356480113e-05
51797,3.40351467777,9.46204328344e-05
51917,3.40351466968,9.48838541227e-05
52036,3.40351476835,9.51467397537e-05
52156,3.40351442299,9.54091050395e-05
52276,3.40351450154,9.5670926423e-05
52397,3.40351459485,9.59322165493e-05
52518,3.4035145682,9.61929805565e-05
52639,3.40351459595,9.64532146445e-05
52760,3.40351470741,9.6712918521e-05
52882,3.40351474432,9.69720963331e-05
53004,3.40351452292,9.72307517778e-05
53126,3.4035144824,9.74888692202e-05
53248,3.4035147585,9.7746439766e-05
53371,3.40351451829,9.80034802567e-05
53494,3.40351471663,9.8259953819e-05
53617,3.40351455756,9.85158714179e-05
53741,3.4035146514,9.87712007442e-05
53865,3.40351458043,9.90259364139e-05
53989,3.40351469263,9.92800479852e-05
54114,3.40351481838,9.95335172098e-05
54238,3.40351495807,9.97863181331e-05
54363,3.40351490236,0.000100038428305
54489,3.40351488142,0.00010028980989
54614,3.40351519834,0.00010054042053
54740,3.40351524189,0.00010079024279
54866,3.40351565611,0.000101039220338
54993,3.40351536444,0.000101287346317
55120,3.40351534169,0.000101534551722
55247,3.40351547071,0.000101780798935
55374,3.40351588923,0.00010202604202
55502,3.40351562751,0.000102270267833
55630,3.40351589051,0.000102513397812
55758,3.40351586762,0.000102755413952
55886,3.40351631467,0.000102996251346
56015,3.40351632493,0.000103235895796
56144,3.40351630367,0.000103474294161
56274,3.4035167037,0.000103711392622
56404,3.40351670459,0.000103947177189
56534,3.40351681847,0.000104181594554
56664,3.40351676724,0.000104414616918
56795,3.40351701721,0.000104646195235
56925,3.40351751849,0.000104876297958
57057,3.40351779692,0.00010510490851
57188,3.40351785188,0.000105331997776
57320,3.40351772484,0.000105557537452
57452,3.40351787918,0.000105781488354
57585,3.40351850028,0.000106003822221
57717,3.40351852624,0.000106224552233
57850,3.40351885964,0.000106443633189
57984,3.40351908491,0.000106661064074
58117,3.40351894578,0.000106876842556
58251,3.40351928435,0.000107090936072
58386,3.40351978582,0.000107303353587
58520,3.4035198164,0.00010751412089
58655,3.40352019378,0.000107723226623
58790,3.40352031334,0.000107930715622
58926,3.40352019026,0.000108136627998
59062,3.40352091779,0.000108340988923
59198,3.40352115204,0.000108543926192
59334,3.40352156691,0.000108745535726
59471,3.40352158528,0.000108945994161
59608,3.40352199488,0.000109145485331
59746,3.40352210046,0.000109344302661
59883,3.40352214785,0.000109542783921
60021,3.40352274769,0.00010974134238
60160,3.40352316424,0.000109940534556
60299,3.4035235645,0.000110140999084
60438,3.40352360083,0.000110343510931
60577,3.40352409669,0.000110548930906
60716,3.40352416451,0.000110758296813
60856,3.40352461755,0.000110972701901
60997,3.40352498638,0.000111193370232
61137,3.40352523404,0.000111421566581
61278,3.40352554585,0.000111658554341
61420,3.40352603545,0.000111905540734
61561,3.40352645411,0.000112163606392
61703,3.40352667134,0.000112433594985
61845,3.40352714479,0.000112715990821
61988,3.4035271206,0.000113010863321
62131,3.40352817213,0.000113317631901
62274,3.40352844121,0.000113635143337
62418,3.40352897763,0.000113961359063
62561,3.40352933553,0.000114293419779
62706,3.4035298994,0.00011462751437
62850,3.40353062684,0.000114958904464
62995,3.40353135792,0.000115281938569
63140,3.40353209696,0.000115590112697
63286,3.4035327469,0.000115876196214
63432,3.40353370286,0.000116132373169
63578,3.40353477821,0.000116350479747
63725,3.40353566657,0.000116522220595
63871,3.40353655,0.000116639400127
64019,3.4035376613,0.000116694197168
64166,3.40353886497,0.000116679433213
64314,3.4035401168,0.000116588791444
64462,3.40354138913,0.000116417023001
64611,3.40354187459,0.00011616013711
64760,3.40354343858,0.000115815398638
64909,3.40354470399,0.000115381594719
65059,3.40354576011,0.000114858887862
65209,3.40354713783,0.000114248818342
65359,3.40354832535,0.000113554280697
65510,3.40354917008,0.000112779370698
65661,3.40354988971,0.000111929257416
65812,3.4035511672,0.000111010040059
65964,3.40355235945,0.000110028662307
66116,3.40355260632,0.00010899273401
66268,3.40355330506,0.000107910319637
66421,3.40355412303,0.000106789944774
66574,3.40355457134,0.000105640432149
66728,3.40355512008,0.000104470761784
66882,3.40355552693,0.000103290020394
67036,3.40355621105,0.000102107252784
67190,3.40355591743,0.000100931417362
67345,3.40355608728,9.97711270941e-05
67500,3.40355664368,9.86346325524e-05
67656,3.40355621603,9.75296539853e-05
67812,3.40355659714,9.64630823577e-05
67968,3.40355604476,9.54409966737e-05
68125,3.40355561756,9.4468312394e-05
68282,3.4035556706,9.35487284417e-05
68440,3.40355491685,9.26846285769e-05
68597,3.40355539017,9.18768654899e-05
68755,3.40355489833,9.1124941303e-05
68914,3.40355428238,9.04268473126e-05
69073,3.40355402845,8.97792605583e-05
69232,3.4035538964,8.91777227537e-05
69392,3.40355296573,8.86168673967e-05
69552,3.4035530698,8.80906072693e-05
69712,3.40355277845,8.75926004976e-05
69873,3.40355276438,8.71164334198e-05
70034,3.40355231095,8.66560270526e-05
70195,3.40355210678,8.62058550164e-05
70357,3.40355173913,8.57612531231e-05
70519,3.40355145198,8.53185616919e-05
70682,3.40355107249,8.48752719024e-05
70845,3.40355127979,8.44300409729e-05
71008,3.40355117784,8.39827284445e-05
71172,3.40355064547,8.35342483705e-05
71336,3.40355037569,8.30864251798e-05
71500,3.40355033144,8.26418468208e-05
71665,3.40355032892,8.2203639206e-05
71830,3.40354969272,8.17752527957e-05
71996,3.40354939638,8.13601935176e-05
72162,3.40354890006,8.09618981001e-05
72328,3.40354878003,8.05834968998e-05
72495,3.40354866583,8.02277231051e-05
72662,3.40354784708,7.98967959647e-05
72829,3.40354806015,7.95922925735e-05
72997,3.40354700054,7.93152748527e-05
73166,3.40354684829,7.90660988174e-05
73334,3.4035469169,7.88446247502e-05
73503,3.4035461837,7.8650219516e-05
73673,3.4035459262,7.84817749826e-05
73843,3.4035454956,7.83378965767e-05
74013,3.40354485106,7.82169412459e-05
74183,3.40354502725,7.81171044976e-05
74354,3.40354427871,7.80366034067e-05
74526,3.40354397094,7.79736292789e-05
74698,3.40354350288,7.79265429739e-05
74870,3.40354337658,7.78938721442e-05
75042,3.403542931,7.78744183172e-05
75215,3.40354215756,7.78672571622e-05
75389,3.40354258852,7.78717462411e-05
75563,3.40354195941,7.78876613014e-05
75737,3.40354124656,7.79150357949e-05
75911,3.40354168989,7.79542162927e-05
76086,3.40354129168,7.8005917558e-05
76262,3.40354118784,7.80710400584e-05
76438,3.40354093533,7.81507310058e-05
76614,3.40354001532,7.82462942391e-05
76790,3.40354039883,7.83590682494e-05
76967,3.40354049699,7.84904969254e-05
77145,3.40353992752,7.86419483897e-05
77323,3.40353918704,7.88146493741e-05
77501,3.40354005995,7.90096033792e-05
77680,3.40353959732,7.92276613057e-05
77859,3.40353922992,7.94692463063e-05
78038,3.40353847087,7.97344430293e-05
78218,3.40353846007,8.00228671656e-05
78398,3.40353853763,8.03337082896e-05
78579,3.40353863272,8.06656484944e-05
78760,3.40353872807,8.1016862012e-05
78942,3.4035379444,8.13850374636e-05
79124,3.40353900358,8.17672849085e-05
79306,3.4035380629,8.21604061492e-05
79489,3.40353802372,8.25606152071e-05
79672,3.40353887268,8.29638209037e-05
79856,3.40353877972,8.33656630082e-05
80040,3.40353945441,8.37614514693e-05
80225,3.4035406384,8.41463773314e-05
80410,3.40354046101,8.45155866459e-05
80595,3.40354060367,8.48641368241e-05
80781,3.40354138993,8.51872025533e-05
80967,3.40354125484,8.54801730962e-05
81154,3.40354159839,8.57386104181e-05
81341,3.4035427242,8.59584247611e-05
81528,3.40354369651,8.61359456541e-05
81716,3.40354370003,8.62679460431e-05
81904,3.40354533922,8.63516069721e-05
82093,3.40354624373,8.63847682388e-05
82283,3.40354623787,8.63657734253e-05
82472,3.40354669797,8.62935013528e-05
82662,3.40354694757,8.6167461573e-05
82853,3.40354864704,8.59876761616e-05
83044,3.4035488022,8.57548392714e-05
83235,3.40354910629,8.54700541019e-05
83427,3.40354959927,8.51349582354e-05
83619,3.40355083996,8.47516265594e-05
83812,3.40355166531,8.4322578946e-05
84005,3.40355282019,8.38506370492e-05
84199,3.40355326941,8.33389601557e-05
84393,3.40355340041,8.27909084697e-05
84588,3.4035545065,8.22099988438e-05
84783,3.40355375554,8.15999692173e-05
84978,3.40355540276,8.09644530275e-05
85174,3.4035548098,8.03073107329e-05
85370,3.40355623876,7.96321564381e-05
85567,3.40355604777,7.89427123671e-05
85765,3.40355641059,7.82424462947e-05
85962,3.40355743424,7.75347230771e-05
86160,3.40355643462,7.68227903105e-05
86359,3.40355683219,7.61095533537e-05
86558,3.403558345,7.53977812016e-05
86758,3.40355705964,7.46900884484e-05
86958,3.40355742513,7.39886630676e-05
87158,3.40355771972,7.32955847353e-05
87359,3.40355700301,7.2612671009e-05
87560,3.40355855101,7.19414099391e-05
87762,3.40355691692,7.12832426625e-05
87965,3.40355745818,7.06391598241e-05
88167,3.40355717025,7.00101182079e-05
88371,3.40355789433,6.93967774521e-05
88574,3.40355753066,6.8799697003e-05
88778,3.40355759378,6.82191969245e-05
88983,3.40355713064,6.76554979539e-05
89188,3.40355723537,6.71086465234e-05
89394,3.40355657321,6.65786198068e-05
89600,3.40355631932,6.60652433232e-05
89806,3.40355655288,6.55682769671e-05
90014,3.40355661012,6.50874212521e-05
90221,3.4035557697,6.46223166613e-05
90429,3.40355674293,6.4172489677e-05
90637,3.40355568014,6.37375529266e-05
90846,3.40355487082,6.33169744362e-05
91056,3.403555542,6.29102231791e-05
91266,3.40355439427,6.25168395571e-05
91476,3.40355551614,6.21362218676e-05
91687,3.40355405271,6.17679324173e-05
91898,3.40355323063,6.14113902367e-05
92110,3.40355435447,6.10660587493e-05
92323,3.40355478007,6.07314840718e-05
92535,3.40355387411,6.04071898514e-05
92749,3.40355426095,6.00926582034e-05
92962,3.40355400163,5.97874700049e-05
93177,3.40355230105,5.94912040688e-05
93392,3.40355302641,5.92033770822e-05
93607,3.40355289675,5.89236502913e-05
93823,3.4035520309,5.86516448057e-05
94039,3.40355355372,5.83869495438e-05
94256,3.40355200549,5.8129319943e-05
94473,3.40355054731,5.78783816291e-05
94691,3.40355138805,5.7633795095e-05
94909,3.40355044572,5.73953446286e-05
95128,3.40355087985,5.71627080887e-05
95347,3.40355193546,5.69356452137e-05
95567,3.40355206742,5.6713943421e-05
95787,3.40355024607,5.64973950776e-05
96008,3.40355043119,5.62857228844e-05
96229,3.40355017271,5.60787684319e-05
96451,3.40354944792,5.58763443865e-05
96674,3.40354900657,5.56782615556e-05
96896,3.40354973888,5.5484338696e-05
97120,3.40355016811,5.52944425986e-05
97344,3.40354868443,5.51084506174e-05
97568,3.40354927856,5.49261575115e-05
97793,3.40354859512,5.47474846116e-05
98018,3.40354927033,5.45722634956e-05
98244,3.40354804306,5.44004270593e-05
98471,3.4035497078,5.42317852392e-05
98698,3.40354874609,5.40663183569e-05
98925,3.40354835238,5.39038728904e-05
99153,3.40354785174,5.37443618773e-05
99382,3.40354663887,5.35877016356e-05
99611,3.4035480378,5.3433750877e-05
99841,3.403547192,5.3282500876e-05
100071,3.40354611026,5.31338385075e-05
100302,3.40354772795,5.29876399736e-05
100533,3.40354805935,5.28438926075e-05
100765,3.40354829951,5.27025058231e-05
100997,3.40354693069,5.25634339244e-05
101230,3.40354741359,5.24265569146e-05
101464,3.40354779387,5.22918410253e-05
101697,3.40354584264,5.21592587262e-05
101932,3.40354609246,5.20286810033e-05
102167,3.4035462727,5.19000853833e-05
102402,3.40354580356,5.17734253317e-05
102638,3.40354551459,5.16486347544e-05
102875,3.40354503826,5.15256676301e-05
103112,3.40354753018,5.14044264256e-05
103350,3.40354576479,5.12849721571e-05
103588,3.40354403782,5.11671932432e-05
103827,3.4035458403,5.10509923288e-05
104066,3.40354562609,5.09364092777e-05
104306,3.40354422707,5.08233894177e-05
104547,3.40354482653,5.07118445568e-05
104788,3.40354335215,5.06017961445e-05
105029,3.40354638208,5.04931084119e-05
105271,3.40354485779,5.03858791775e-05
105514,3.40354581302,5.02799686211e-05
105757,3.40354474951,5.01754089915e-05
106001,3.4035430116,5.00721471808e-05
106245,3.40354219265,4.9970127702e-05
106490,3.40354445884,4.98692879393e-05
106736,3.40354589929,4.97696554305e-05
106982,3.40354174514,4.96712707762e-05
107228,3.40354222917,4.95739564944e-05
107476,3.40354422864,4.94777313508e-05
107723,3.40354371464,4.93826277954e-05
107972,3.40354369874,4.92885767316e-05
108221,3.4035437158,4.91955604759e-05
108470,3.40354434204,4.91035470595e-05
108720,3.40354214821,4.90125630142e-05
108971,3.40354244978,4.89225095353e-05
109222,3.40354176723,4.88334152611e-05
109474,3.40354179497,4.87452350254e-05
109726,3.40354256961,4.86579481674e-05
109979,3.40354235409,4.85715599409e-05
110233,3.40354223264,4.84860358026e-05
110487,3.40354215844,4.84013579456e-05
110741,3.4035437361,4.83174856291e-05
110997,3.40354265871,4.82344625334e-05
111253,3.40354305089,4.81522130964e-05
111509,3.40354245593,4.80707555456e-05
111766,3.4035421937,4.79900550374e-05
112024,3.40354057042,4.79101196669e-05
112282,3.40354321387,4.78308548494e-05
112541,3.4035414632,4.77523673418e-05
112800,3.40354338396,4.76745291417e-05
113060,3.40353985992,4.75974535744e-05
113321,3.40354345164,4.75209507783e-05
113582,3.40354012524,4.74452030181e-05
113844,3.40354159907,4.73700331535e-05
114106,3.40354161502,4.72955151228e-05
114369,3.40354132913,4.72216196788e-05
114633,3.40354029017,4.7148340156e-05
114897,3.40354110704,4.70756277275e-05
115162,3.40354026436,4.70035185548e-05
115428,3.40353977136,4.69319725009e-05
115694,3.40354180153,4.68609475029e-05
115960,3.40354008727,4.67905178787e-05
116228,3.40353953122,4.672060424e-05
116496,3.40353855212,4.66512166112e-05
116764,3.40354181315,4.65822795511e-05
117033,3.40353815029,4.65139344119e-05
117303,3.40353926837,4.64460096853e-05
117574,3.40353828549,4.63785881723e-05
117845,3.40354099532,4.63115797495e-05
118116,3.40353911288,4.62450861284e-05
118389,3.40354157909,4.61789747373e-05
118662,3.40354172011,4.61133253336e-05
118935,3.40353979683,4.60481234082e-05
119209,3.40353840286,4.59833230242e-05
119484,3.40354047586,4.59188738634e-05
119759,3.40354102136,4.58548327542e-05
120036,3.40353895946,4.57912035384e-05
120312,3.40353925516,4.5727908816e-05
120590,3.40353823482,4.56649875116e-05
120868,3.4035377788,4.56024039133e-05
121146,3.40353946727,4.55401265146e-05
121425,3.40353899288,4.54782026449e-05
121705,3.40353763085,4.54166048796e-05
121986,3.40354030992,4.53552572571e-05
122267,3.40353814047,4.52942681239e-05
122549,3.40353775944,4.5233538904e-05
122832,3.40354098663,4.51730355021e-05
123115,3.40353867536,4.51128693857e-05
123398,3.40354152234,4.50528887951e-05
123683,3.40353801061,4.49932364755e-05
123968,3.40353752992,4.49337784618e-05
124254,3.40354004695,4.48745058073e-05
124540,3.40353687816,4.48155235983e-05
124827,3.40353676533,4.4756707328e-05
125115,3.4035366859,4.46980877628e-05
125404,3.40354069026,4.46396028827e-05
125693,3.40353855216,4.4581378157e-05
125982,3.4035408918,4.45232658842e-05
126273,3.40353932123,4.44653676725e-05
126564,3.40353771692,4.44076248176e-05
126856,3.40353929799,4.43499877485e-05
127148,3.40353798785,4.42925284129e-05
127441,3.40354189524,4.42351343422e-05
127735,3.40353962671,4.41779471382e-05
128029,3.40353708212,4.41208838754e-05
128324,3.40354000192,4.40638645328e-05
128620,3.40353817214,4.40070162346e-05
128917,3.40353863054,4.39502431527e-05
129214,3.40353809256,4.38935835837e-05
129512,3.40353845804,4.38370093927e-05
129811,3.40353774757,4.37805430622e-05
130110,3.40353595171,4.37241822532e-05
130410,3.40353667913,4.36678788496e-05
130710,3.40353822764,4.3611653694e-05
131012,3.40353784037,4.3555541705e-05
131314,3.40353876601,4.34995015767e-05
131616,3.40353745334,4.34435797442e-05
131920,3.40353555119,4.33877568676e-05
132224,3.40353746897,4.33319793293e-05
132529,3.40353706707,4.32763287036e-05
132834,3.40353764544,4.32207670704e-05
133140,3.40353541685,4.31653473904e-05
133447,3.40354060631,4.31099456772e-05
133755,3.40353795682,4.30547617354e-05
134063,3.40354037913,4.29996392847e-05
134372,3.40353389481,4.29447629201e-05
134682,3.40353396028,4.28899461535e-05
134993,3.40353698514,4.28352439322e-05
135304,3.4035411552,4.27806893479e-05
135616,3.40353778486,4.27264023105e-05
135928,3.40353805938,4.26722536879e-05
136242,3.40353692616,4.26183189953e-05
136556,3.40353741829,4.25645728781e-05
136871,3.40353716262,4.25110582264e-05
137186,3.4035344618,4.24578098339e-05
137502,3.40353636355,4.24047538676e-05
137819,3.40353849833,4.23519593868e-05
138137,3.40353733088,4.22994851393e-05
138455,3.40353552772,4.22473129484e-05
138775,3.40353626771,4.21954186644e-05
139094,3.40353672043,4.21438528958e-05
139415,3.40353792675,4.20926182962e-05
139737,3.40353438369,4.20417984477e-05
140059,3.40353562594,4.19912910483e-05
140382,3.40353692812,4.19411699945e-05
140705,3.40353490819,4.18914922168e-05
141029,3.40354019642,4.18421419729e-05
141355,3.40353931215,4.17932999267e-05
141680,3.40353484473,4.17449485367e-05
142007,3.40353974091,4.16969431339e-05
142334,3.40353819129,4.16494912238e-05
142663,3.40353469174,4.16025507376e-05
142991,3.40353557207,4.155605692e-05
143321,3.40353708778,4.15100676363e-05
143651,3.40353521478,4.14646433183e-05
143983,3.40353223936,4.14197667152e-05
144314,3.40353877576,4.13753187483e-05
144647,3.40353708014,4.13315245147e-05
144981,3.40353054417,4.12883510341e-05
145315,3.40353404951,4.12456254662e-05
145650,3.40353480074,4.12035099576e-05
145986,3.40353736002,4.11619552661e-05
146322,3.40353881171,4.1121001873e-05
146659,3.40353600794,4.10806920698e-05
146997,3.40353398124,4.10409685039e-05
147336,3.40354003488,4.10017458471e-05
147676,3.4035378111,4.09632230216e-05
148016,3.40353362614,4.09253247271e-05
148358,3.40353564914,4.08879528571e-05
148700,3.40353555711,4.08512067903e-05
149042,3.40353536821,4.08150607351e-05
149386,3.40353406695,4.07795245557e-05
149730,3.40353617993,4.07445409747e-05
150076,3.40353082442,4.07102364847e-05
150421,3.40353798711,4.06763675165e-05
150768,3.4035349527,4.06432005455e-05
151116,3.40353293048,4.0610595745e-05
151464,3.40354012443,4.05784489516e-05
151813,3.40353564206,4.05470023728e-05
152163,3.40353167785,4.05161030502e-05
152514,3.40353686529,4.04856403411e-05
152866,3.40353378624,4.04558131162e-05
153218,3.40353982656,4.04264058306e-05
153571,3.40353843926,4.03976059233e-05
153925,3.40354086064,4.03692704041e-05
154280,3.40353484315,4.03415347113e-05
154636,3.40353205055,4.03142504063e-05
154992,3.40353718044,4.02873516639e-05
155350,3.40353357569,4.02610252291e-05
155708,3.40353347671,4.02351155726e-05
156067,3.40353522054,4.02096316827e-05
156426,3.40353303257,4.01846309629e-05
156787,3.40353722514,4.01599807851e-05
157148,3.40353291584,4.01358459078e-05
157511,3.4035346094,4.01120443443e-05
157874,3.40353011544,4.00887089837e-05
158238,3.40352940095,4.00657116169e-05
158602,3.40353247048,4.00430416058e-05
158968,3.40353672236,4.00207190707e-05
159335,3.40353559184,3.99988107723e-05
159702,3.40353556746,3.99772301381e-05
160070,3.40353020614,3.99560427449e-05
160439,3.40353459563,3.99350615685e-05
160809,3.40353618012,3.99144243419e-05
161180,3.40353267047,3.98941483687e-05
161551,3.40353123625,3.98741403128e-05
161923,3.40354227607,3.98542694319e-05
162297,3.40353406785,3.98348984437e-05
162671,3.4035342813,3.98156948099e-05
163046,3.40352979646,3.97968038173e-05
163422,3.40352688375,3.97781440989e-05
163798,3.40353472065,3.97596007289e-05
164176,3.40354127597,3.97413068851e-05
164555,3.4035361615,3.97233765749e-05
164934,3.40353587398,3.97056102149e-05
165314,3.40353156847,3.96881043347e-05
165695,3.4035296255,3.96707780787e-05
166077,3.40353740595,3.96535395574e-05
166460,3.40353445281,3.96366212415e-05
166844,3.40353659016,3.9619833105e-05
167228,3.40352965517,3.96033346045e-05
167614,3.40352995818,3.95869307256e-05
168000,3.40353654827,3.95706276877e-05
168388,3.40353208106,3.95546224373e-05
168776,3.40353356043,3.95387127949e-05
169165,3.40353321794,3.95229847786e-05
169555,3.40353319614,3.95074094263e-05
169946,3.40353440479,3.94919723221e-05
170337,3.40353308636,3.94767133949e-05
170730,3.40353192416,3.94615980165e-05
171124,3.40353772805,3.94465439608e-05
171518,3.4035296244,3.94317900209e-05
171913,3.40354250164,3.94169290011e-05
172310,3.4035350027,3.94024371524e-05
172707,3.4035319064,3.93880248021e-05
173105,3.40352616895,3.93737709817e-05
173504,3.40353526878,3.93594711586e-05
173904,3.40353711091,3.93453786971e-05
174305,3.40352758928,3.93315388381e-05
174707,3.40353543218,3.93176175728e-05
175110,3.40353815629,3.93038728604e-05
175513,3.40353465838,3.92903155908e-05
175918,3.40352490279,3.92769444184e-05
176323,3.40353644699,3.92634397744e-05
176730,3.40352961432,3.92502579685e-05
177137,3.40352540544,3.92371552677e-05
177546,3.40353710008,3.92239773225e-05
177955,3.40353111549,3.92111099488e-05
178365,3.40353004306,3.91982915686e-05
178776,3.40352911706,3.91855759778e-05
179188,3.40353367952,3.91729006272e-05
179601,3.40352541241,3.91604753319e-05
180015,3.40353530882,3.91479425071e-05
180430,3.40353705019,3.91356040705e-05
180846,3.40353739415,3.91233813957e-05
181263,3.40353609814,3.911127644e-05
181681,3.40352755311,3.90993528476e-05
182100,3.40353236715,3.90873731355e-05
182520,3.40353557832,3.90755085193e-05
182941,3.40353486474,3.90637849634e-05
183362,3.40354196117,3.90520671453e-05
183785,3.40353232295,3.9040636078e-05
184209,3.40352650996,3.90292552452e-05
184633,3.40353369251,3.90178190003e-05
185059,3.4035335559,3.90065597576e-05
185485,3.40353013802,3.89954306673e-05
185913,3.40352970131,3.89843594733e-05
186342,3.40353590205,3.89733038622e-05
186771,3.40353605956,3.89624086029e-05
187202,3.40353101682,3.89516635477e-05
187633,3.40353370004,3.89409203263e-05
188066,3.40352913099,3.89303499211e-05
188499,3.40353598523,3.89197383056e-05
188934,3.40354147298,3.89092314087e-05
189369,3.40354057013,3.88988862579e-05
189806,3.40353476898,3.88886853751e-05
190244,3.40354283174,3.88784140366e-05
190682,3.40353205389,3.88684455003e-05
191122,3.40352735438,3.88584947556e-05
191562,3.4035306899,3.88485391866e-05
192004,3.40353008556,3.8838715184e-05
192446,3.40353792432,3.88288811218e-05
192890,3.40353376394,3.8819269912e-05
193335,3.4035380612,3.88096478793e-05
193780,3.40353292314,3.88002187696e-05
194227,3.4035449302,3.87906792626e-05
194675,3.40353603818,3.87814626976e-05
195124,3.40353588347,3.87722310044e-05
195573,3.40352937352,3.87631558582e-05
196024,3.40352751768,3.87541115699e-05
196476,3.40353226789,3.87450756784e-05
196929,3.40353136047,3.87361875368e-05
197383,3.40353107689,3.87273753562e-05
197838,3.40354293118,3.87185078908e-05
198294,3.40353180279,3.87099844107e-05
198751,3.40353526881,3.87013771942e-05
199209,3.40353570834,3.86928864155e-05
199669,3.4035249824,3.86846043042e-05
200129,3.40353421592,3.8676176836e-05
200590,3.40352987187,3.86679849254e-05
201053,3.40352772111,3.86598490897e-05
201516,3.40353465763,3.86516908091e-05
201981,3.40353332135,3.86437070117e-05
202446,3.4035364231,3.86357531097e-05
202913,3.4035351238,3.86279292132e-05
203381,3.40352310105,3.86203067974e-05
203850,3.40352600078,3.86125946058e-05
204320,3.40353978091,3.86048383557e-05
204791,3.4035316337,3.85974099411e-05
205263,3.40352762035,3.85900135021e-05
205736,3.40353861949,3.85825255186e-05
206210,3.4035343188,3.85752894198e-05
206685,3.40352357264,3.85682045492e-05
207162,3.4035287214,3.85610175349e-05
207639,3.40353006291,3.85539514361e-05
208118,3.40352258904,3.85470627308e-05
208598,3.40352761665,3.85401097656e-05
209079,3.40353565785,3.85331998191e-05
209561,3.40353938582,3.85264156315e-05
210044,3.40353346796,3.85198173162e-05
210528,3.40353463248,3.85132153156e-05
211013,3.40353033151,3.8506751424e-05
211500,3.40352445976,3.85003813456e-05
211987,3.40354150038,3.84938279598e-05
212476,3.40353233028,3.84876466784e-05
212966,3.40353894165,3.84813623752e-05
213457,3.4035354094,3.84752680018e-05
213949,3.40352714648,3.84693021197e-05
214442,3.40352727613,3.8463316196e-05
214936,3.40354563884,3.84571988842e-05
215432,3.40353054842,3.84515340022e-05
215928,3.40352289304,3.84458593149e-05
216426,3.40353380825,3.84400488937e-05
216925,3.40353325755,3.84344418209e-05
217425,3.40353531115,3.84288789771e-05
217926,3.4035225681,3.84235566227e-05
218429,3.40353943584,3.84179732322e-05
218932,3.40354537334,3.84125863023e-05
219437,3.40354845117,3.84073045127e-05
219943,3.40352484402,3.84023964772e-05
220450,3.40353823894,3.83971433928e-05
220958,3.40352571865,3.83922549442e-05
221467,3.40353261509,3.83872195412e-05
221978,3.40353556186,3.83823005833e-05
222490,3.40352685558,3.83775847229e-05
223003,3.40353513072,3.83727488822e-05
223517,3.40353234022,3.83681091157e-05
224032,3.40354263265,3.8363392992e-05
224548,3.40353400222,3.83589610879e-05
225066,3.40353318136,3.83545118897e-05
225585,3.4035357957,3.83500945268e-05
226105,3.40351740408,3.83459841885e-05
226626,3.40353774934,3.8341507587e-05
227149,3.40354260336,3.83372755044e-05
227672,3.40352783624,3.83333342063e-05
228197,3.40353595426,3.8329204745e-05
228723,3.40354702009,3.83251115158e-05
229250,3.40351682493,3.83215520978e-05
229779,3.40353601793,3.83175056185e-05
230308,3.4035280891,3.83138333342e-05
230839,3.40352590534,3.8310165017e-05
231372,3.40353999268,3.83063820277e-05
231905,3.40352349114,3.83030115852e-05
232439,3.40353365769,3.82994091026e-05
232975,3.40355044485,3.82958000458e-05
233512,3.40354828739,3.8292471874e-05
234051,3.40351476018,3.82895641269e-05
234590,3.40352557151,3.82862248883e-05
235131,3.40353419742,3.82829774e-05
235673,3.40352936079,3.82799483027e-05
236216,3.40353019462,3.8276922199e-05
236761,3.40351370739,3.82741574661e-05
237307,3.40353414647,3.82710438846e-05
237854,3.403531197,3.82682595255e-05
238402,3.40353972274,3.82654121745e-05
238952,3.40354459976,3.82626716977e-05
239502,3.40354704723,3.82600241946e-05
240055,3.40355679087,3.82573601528e-05
240608,3.40353996087,3.82550600896e-05
241163,3.4035328747,3.82527155906e-05
241718,3.40355213325,3.82501399242e-05
242276,3.40352617691,3.8248137125e-05
242834,3.40353760101,3.82457787903e-05
243394,3.40352019061,3.82438088299e-05
243955,3.4035397649,3.82414874706e-05
244517,3.40353958253,3.82394521008e-05
245081,3.40353410241,3.82375400603e-05
245646,3.40351784972,3.82358126634e-05
246212,3.40352656188,3.82338682496e-05
246780,3.40354270706,3.82319036154e-05
247349,3.40352377621,3.8230396073e-05
247919,3.40352332372,3.82287438643e-05
248491,3.40351753429,3.82272143195e-05
249063,3.40351383057,3.8225723886e-05
249638,3.40355393662,3.82238037967e-05
250213,3.40353414329,3.82226186084e-05
250790,3.40351783409,3.82214562836e-05
251368,3.40350799832,3.8220283079e-05
251947,3.40354574831,3.82186371652e-05
252528,3.40353467412,3.82176009866e-05
253110,3.40353051096,3.82165484953e-05
253694,3.40355266756,3.82152615982e-05
254279,3.40350806365,3.82147852365e-05
254865,3.40353337147,3.82135846738e-05
255452,3.40354307981,3.82126198627e-05
256041,3.40350862772,3.82122112743e-05
256630,3.40352758261,3.82112633205e-05
257223,3.40354468038,3.82103963037e-05
257815,3.40351653033,3.82100971763e-05
258410,3.40351851031,3.82095195238e-05
259005,3.403555949,3.82086033724e-05
259603,3.40353568918,3.82083943558e-05
260202,3.40352483912,3.82081389329e-05
260801,3.40351875487,3.8207889071e-05
261403,3.40353636111,3.82074321595e-05
262005,3.40353694902,3.82072250272e-05
262609,3.40353420154,3.82071139053e-05
263215,3.40352181396,3.82071694058e-05
263821,3.40355380317,3.82067849893e-05
264429,3.40352960231,3.82070894248e-05
265039,3.40354995831,3.82069516019e-05
265650,3.40354810442,3.8207120862e-05
266262,3.40354484908,3.8207363459e-05
266876,3.40354688223,3.82076041363e-05
267491,3.40355365928,3.82078488505e-05
268108,3.40356005055,3.82081550314e-05
268726,3.40354079854,3.82088060687e-05
269346,3.40352463012,3.82094793277e-05
269967,3.40352963538,3.82099715648e-05
270589,3.40354809813,3.82103692487e-05
271213,3.40354809403,3.82110306334e-05
271838,3.40355048909,3.8211721318e-05
272464,3.40353169631,3.82127059731e-05
273093,3.40355856788,3.82132338844e-05
273722,3.40353876393,3.82143416461e-05
274353,3.4035302927,3.82153778355e-05
274986,3.40354609871,3.82161969553e-05
275619,3.40356324245,3.82170564277e-05
276255,3.40354330054,3.82183875651e-05
276892,3.40351863521,3.82198268682e-05
277530,3.40351405386,3.82210956243e-05
278170,3.40354701527,3.82219976138e-05
278811,3.4035386895,3.82234179646e-05
279454,3.40352954583,3.82249020884e-05
280098,3.4035527723,3.82260771126e-05
280744,3.40353701853,3.82277442577e-05
281391,3.40356777011,3.82289432629e-05
282039,3.40351824059,3.82310980845e-05
282690,3.40353048613,3.82326129803e-05
283341,3.40353038901,3.82343203547e-05
283994,3.40354241509,3.82359452526e-05
284649,3.40352808314,3.82379198646e-05
285305,3.40352889297,3.82397778566e-05
285963,3.40354460935,3.82415217338e-05
286622,3.40353412936,3.82436132086e-05
287283,3.40351571747,3.82458469812e-05
287945,3.40356686928,3.82473520904e-05
288609,3.40355004224,3.82496740351e-05
289274,3.40353283567,3.82520531033e-05
289941,3.40352449445,3.82543852852e-05
290610,3.40352667273,3.82566518684e-05
291279,3.40353213278,3.82589340923e-05
291951,3.40352628584,3.82613958548e-05
292624,3.40356666129,3.82633903222e-05
293299,3.40352825647,3.82663227062e-05
293975,3.40352613663,3.82688993255e-05
294652,3.40354132454,3.8271333397e-05
295332,3.40354038095,3.82740008302e-05
296012,3.40355047017,3.8276596083e-05
296695,3.40351617317,3.82797423411e-05
297379,3.4035345875,3.82823474952e-05
298064,3.40354991091,3.82850390374e-05
298751,3.40352859728,3.82881942709e-05
299440,3.40354492391,3.82909775681e-05
300130,3.40355266319,3.82939088744e-05
300822,3.40349205993,3.82976605192e-05
301516,3.40352155174,3.83004496912e-05
302211,3.40352400742,3.83035942853e-05
302907,3.40351512589,3.83069176145e-05
303606,3.40349530077,3.83104152175e-05
304306,3.40352169168,3.83134436106e-05
305007,3.40351799778,3.83168615964e-05
305710,3.40350062218,3.83204845209e-05
306415,3.40355220871,3.83233817954e-05
307121,3.40356492476,3.83267674605e-05
307829,3.40349551195,3.83311287537e-05
308539,3.40353583733,3.83343048612e-05
309250,3.40358813352,3.8337396669e-05
309963,3.40349630383,3.83421625291e-05
