30,0.916868569296,0.0109300589233
31,0.916428707275,0.011011749902
31,0.915986740533,0.0110940618898
31,0.915542662413,0.0111769996025
31,0.915096459206,0.0112605678761
31,0.914648124205,0.0113447714965
31,0.914197641105,0.0114296154038
31,0.913745000613,0.0115151044878
31,0.913290193242,0.0116012436763
31,0.912833205351,0.0116880379862
31,0.912374029231,0.0117754923956
31,0.911912647588,0.0118636120427
31,0.911449056925,0.0119524019248
31,0.910983238557,0.012041867274
32,0.910515184679,0.0121320132182
32,0.910044881311,0.0122228450048
32,0.909572317396,0.012314367881
32,0.909097111566,0.0124065921858
32,0.90862065012,0.0124995041418
32,0.908140725079,0.0125931392373
32,0.907659558079,0.0126874720534
32,0.907175021624,0.012782537496
32,0.906688392673,0.0128783231071
32,0.906200120534,0.012974827736
32,0.905709168625,0.0130720715046
32,0.905216136555,0.0131700512418
32,0.904719577799,0.0132687935417
32,0.904221706743,0.0133682715915
33,0.903721179124,0.0134685106016
33,0.903217703201,0.013569520645
33,0.902712592978,0.0136712876548
33,0.902204679096,0.0137738348748
33,0.901694474596,0.0138771602636
33,0.901181205647,0.0139812815288
33,0.900665888624,0.0140861888033
33,0.900148254913,0.0141918920058
33,0.899628035901,0.014298401226
33,0.899105562649,0.0144057171199
33,0.898579547193,0.01451386636
33,0.89805168574,0.0146228277375
33,0.897519434776,0.0147326487873
34,0.896984907502,0.0148433013726
34,0.896441773681,0.0149548971285
34,0.895898772153,0.0150672977272
34,0.895374027157,0.0151802010218
34,0.894817062189,0.0152944674308
34,0.894278718877,0.0154092395007
34,0.893728846298,0.0155250384632
34,0.893172289709,0.0156417896118
34,0.89263579408,0.0157590289433
34,0.892060745487,0.0158777964163
34,0.891508552545,0.0159970122158
34,0.890950173848,0.0161171971447
35,0.890375786377,0.0162385384935
35,0.8898213006,0.0163603885925
35,0.889240131234,0.0164836075374
35,0.888665321991,0.0166075954019
35,0.888091560194,0.0167324549582
35,0.887511238602,0.0168583358094
35,0.886919698285,0.0169853358389
35,0.886348054864,0.0171128652056
35,0.885759711477,0.0172416325595
35,0.885174126678,0.0173712696651
35,0.884562138667,0.0175023579173
35,0.883982298742,0.0176337479108
36,0.883374318408,0.0177666422521
36,0.882751063394,0.0179007997663
36,0.882160581905,0.0180352516423
36,0.881570555231,0.0181706535124
36,0.880949125437,0.0183076730371
36,0.880344154137,0.0184453293611
36,0.879723681792,0.0185842951266
36,0.879097962267,0.0187243659847
36,0.878487217095,0.0188651164834
36,0.877852174735,0.0190073950514
36,0.877226001319,0.0191504967008
36,0.87659161413,0.0192947987955
37,0.875943088043,0.0194404434446
37,0.875319382161,0.019586572826
37,0.874679623039,0.0197341016036
37,0.874029720044,0.0198829104909
37,0.873376607486,0.020032852417
37,0.872731988422,0.0201836648599
37,0.872068836722,0.0203359794908
37,0.871430099633,0.0204888035812
37,0.870756825359,0.0206435268401
37,0.870098396477,0.0207989955147
37,0.869429389143,0.0209558200324
37,0.86875372238,0.0211139179288
38,0.868083341038,0.0212730070111
38,0.867393663448,0.0214336979871
38,0.86672063656,0.0215951136317
38,0.866040872273,0.0217578377934
38,0.865342721981,0.021922176343
38,0.864651368722,0.0220875042387
38,0.863962077857,0.0222539457814
38,0.863268940523,0.0224216597796
38,0.862568589846,0.0225907435774
38,0.861852702602,0.0227614284162
38,0.861150938664,0.0229329414735
39,0.860432559781,0.0231061055675
39,0.859719907728,0.0232803336764
39,0.858997180105,0.0234560602551
39,0.858281307917,0.0236328328517
39,0.857546469515,0.023811370575
39,0.856821712847,0.023990880206
39,0.856093913652,0.0241717321593
39,0.855353843921,0.0243541982485
39,0.854610228422,0.0245380437097
39,0.853867206124,0.024723158272
39,0.853120660669,0.0249096687118
40,0.852367975788,0.0250976616802
40,0.851610056252,0.0252871219221
40,0.850853043717,0.0254778765401
40,0.85007542116,0.0256705817036
40,0.849324754891,0.0258638117631
40,0.848550109065,0.0260591173688
40,0.847768949167,0.0262559833455
40,0.84699832496,0.0264538894983
40,0.846214839787,0.0266535716251
40,0.845425087767,0.0268548377184
40,0.844625426676,0.0270578167549
41,0.843845646617,0.027261561655
41,0.843039811438,0.02746756003
41,0.842233583817,0.0276749974659
41,0.841425872735,0.0278839177854
41,0.84062670657,0.0280939944182
41,0.83980833564,0.028306162706
41,0.83898860613,0.0285198398078
41,0.838160675256,0.0287352688724
41,0.837329582957,0.0289522902079
41,0.836498108725,0.0291708170977
42,0.83566737455,0.0293908178363
42,0.834835720221,0.0296123580442
42,0.833976115213,0.0298364129459
42,0.833130933028,0.0300614866788
42,0.832279092579,0.0302883405844
42,0.831420795254,0.0305169809164
42,0.830557489445,0.030747367598
42,0.829696825428,0.030979227223
42,0.828824578094,0.0312131004282
42,0.82794865895,0.0314487053893
42,0.827066166442,0.0316861643596
43,0.826179148569,0.0319254122003
43,0.825291304834,0.0321663167548
43,0.824396816214,0.0324091151272
43,0.823508081592,0.0326533299293
43,0.822597861952,0.0329000521633
43,0.821693252926,0.0331482184782
43,0.820782784596,0.0333982972762
43,0.819862575722,0.0336504615245
43,0.818943745701,0.0339042687626
43,0.818008373407,0.0341604734096
44,0.817077648634,0.0344182083594
44,0.816146669432,0.0346776843582
44,0.815206689681,0.0349392840171
44,0.814256287096,0.0352030863289
44,0.813298131187,0.035468994126
44,0.812357567633,0.0357359087767
44,0.811391204611,0.0360057430619
44,0.810429964386,0.0362771501045
44,0.809444699206,0.036551447546
45,0.808485905065,0.0368263711274
45,0.807467968824,0.0371058306831
45,0.806503293904,0.037384694551
45,0.805513223856,0.0376665836263
45,0.804522254128,0.0379503808061
45,0.803526076028,0.0382362995816
45,0.802512374157,0.0385249449589
45,0.801487000944,0.0388160630149
45,0.800471946742,0.0391086016992
45,0.799449946824,0.039403406034
46,0.79843629354,0.0396997319304
46,0.797401655104,0.0399990469433
46,0.796343528144,0.0403015127353
46,0.795304069565,0.0406050157446
46,0.794254130236,0.0409110394352
46,0.793181521622,0.0412202386394
46,0.792131468611,0.0415302807508
46,0.791058106807,0.041843567518
46,0.789990164286,0.0421586056288
47,0.788913111445,0.0424761767338
47,0.787824119133,0.0427964545352
47,0.786729717509,0.0431191054145
47,0.785634163718,0.0434439088641
47,0.784540854204,0.0437706840138
47,0.783428017104,0.0441006598794
47,0.782308830116,0.0444331242287
47,0.781169126534,0.044768905459
47,0.780059234693,0.0451051318515
48,0.778916625239,0.0454454120423
48,0.777778208203,0.0457876310798
48,0.776621957524,0.0461330973667
48,0.77547145168,0.0464804328536
48,0.774315392843,0.0468303181325
48,0.773154580886,0.0471827199017
48,0.771983296192,0.0475380045829
48,0.770792296635,0.0478967702664
48,0.769611874435,0.0482571571747
49,0.768420113715,0.0486205403436
49,0.767217688997,0.0489869023792
49,0.766007066294,0.0493561091218
49,0.764798334394,0.0497275251716
49,0.763584518748,0.0501016108843
49,0.762362259253,0.0504786037729
49,0.761125296713,0.0508589432151
49,0.759874421614,0.0512426086962
49,0.758622483161,0.0516287574531
50,0.757371294565,0.0520172728266
50,0.756115338556,0.0524085415351
50,0.754847988563,0.0528030417552
50,0.75356013436,0.0532014441129
50,0.752288306443,0.0536011912886
50,0.750978644184,0.0540061303765
50,0.749694473392,0.054411745953
50,0.74838388434,0.0548217946559
50,0.747063870363,0.0552350789092
51,0.745752513746,0.055650273966
51,0.744416618875,0.0560698671707
51,0.743079806762,0.0564921192562
51,0.741723910131,0.0569184312575
51,0.740373433803,0.0573469510579
51,0.739006583513,0.0577793757351
51,0.737637758428,0.0582146095725
51,0.736274324392,0.0586520748735
52,0.734876383941,0.0590949722282
52,0.733469518692,0.0595413078141
52,0.732081232676,0.0599888529752
52,0.730662102867,0.0604416572961
52,0.729250038767,0.0608966315532
52,0.72780577702,0.0613570731515
52,0.726360962785,0.0618203703397
52,0.724915801318,0.0622865111315
53,0.7234497091,0.0627572859502
53,0.721985632383,0.0632307411764
53,0.720524797324,0.0637067673131
53,0.719018777902,0.0641896827061
53,0.717535299951,0.0646735029624
53,0.716034525727,0.0651617987435
53,0.714510095697,0.0656552032765
53,0.712999301978,0.0661503232476
53,0.711459747134,0.0666510972687
54,0.709921130736,0.0671547975986
54,0.708351154421,0.0676645102173
54,0.706785046019,0.0681769281951
54,0.705215166916,0.0686927882211
54,0.703640940603,0.0692121610116
54,0.702028844407,0.0697383920721
54,0.70042951041,0.0702665162993
54,0.698796025854,0.0708012521167
55,0.697174967154,0.0713379395037
55,0.695534897267,0.0718797927848
55,0.693888396556,0.0724255603501
55,0.692218212479,0.072977084077
55,0.690548879019,0.0735318294537
55,0.688857925223,0.074092213807
55,0.687164650675,0.0746562135104
56,0.685451826573,0.0752257300979
56,0.683734086077,0.0757992094438
56,0.681989401339,0.0763791382179
56,0.680235981031,0.0769635517025
56,0.678476504444,0.0775521775274
56,0.67671110708,0.0781450248388
56,0.674913379469,0.0787451993784
56,0.673114308646,0.0793491803472
57,0.671301283987,0.0799585640966
57,0.669469919662,0.0805739521712
57,0.667635386694,0.0811935737975
57,0.66578111729,0.081819481839
57,0.663885705653,0.0824544154483
57,0.662014994853,0.0830902773573
57,0.660113048794,0.0837340700727
57,0.658200759591,0.0843832462157
58,0.656270551113,0.085038835487
58,0.65431206326,0.0857022752366
58,0.652348458094,0.086370625021
58,0.650368668746,0.0870453951306
58,0.648368342045,0.0877272523662
58,0.646371854297,0.0884129612065
58,0.644331025994,0.0891091755636
59,0.642283218497,0.0898108827719
59,0.640217929878,0.090519610796
59,0.638125639074,0.0912368149129
59,0.636022055128,0.0919603667474
59,0.633897117141,0.0926918080929
59,0.631758058192,0.0934301931538
59,0.629588490441,0.0941780659253
60,0.627410313473,0.0949322955019
60,0.625204733451,0.0956958356881
60,0.622978130562,0.0964678839288
60,0.620741173571,0.0972469329576
60,0.618460327514,0.0980384189866
60,0.61616182017,0.0988384623233
60,0.613843626172,0.0996475969551
60,0.611502788066,0.100466555659
61,0.609120156871,0.101298825136
61,0.606725373441,0.102139882489
61,0.604295931935,0.102993907864
61,0.601846469965,0.103858931716
61,0.599360902319,0.104738314516
61,0.596850808607,0.105630765741
61,0.594302551983,0.106539534992
62,0.591723903173,0.107464254656
62,0.589100978933,0.108408637529
62,0.586447102896,0.109371651773
62,0.583759036491,0.11035548382
62,0.581027726244,0.111363711513
62,0.578259931685,0.112397206235
62,0.575457753586,0.113457979483
63,0.572605201791,0.11455195159
63,0.569704677973,0.115681828715
63,0.566766666363,0.116848970395
63,0.563797179353,0.118055889058
63,0.560776486934,0.119310832482
63,0.557709304352,0.120617357007
64,0.554609857922,0.121977167329
64,0.551468458491,0.123397368826
64,0.548296183013,0.124880693792
64,0.545088777626,0.126433392402
64,0.541849227403,0.128060136773
64,0.538597958326,0.129761316785
64,0.535306884174,0.131548723217
65,0.53201466447,0.133417713139
65,0.528713887619,0.135374290341
65,0.525421601224,0.137417721876
65,0.522139112291,0.139550485661
65,0.518869471018,0.141773815588
65,0.515615924651,0.144087979525
65,0.512397791777,0.146487645029
66,0.509240209671,0.148964271591
66,0.506114509599,0.151523678229
66,0.503047679545,0.154154330529
66,0.500045182579,0.156849601759
66,0.497118350755,0.159599765533
66,0.494262835123,0.162398916139
67,0.491469459409,0.165242000629
67,0.488763218158,0.168111719061
67,0.486143311957,0.170998433273
67,0.483588954972,0.173899237208
67,0.481118523929,0.176797184264
67,0.478716117928,0.179687493737
67,0.476379864645,0.182560568866
68,0.474107365435,0.185407311975
68,0.471887952126,0.188222397625
68,0.469713122921,0.191000497993
68,0.467581522494,0.193734259851
68,0.465473772931,0.196424753651
68,0.46339033358,0.199065974521
69,0.461322970975,0.201656610361
69,0.459260121303,0.204198013664
69,0.457189079694,0.206693337888
69,0.455118862923,0.209137053119
69,0.453020368656,0.211542043522
69,0.450891329339,0.213910156679
70,0.448733958946,0.216241910278
70,0.446537492792,0.218544793309
70,0.444303874524,0.220820906854
70,0.442026417645,0.223077166208
70,0.439690507648,0.225325186754
70,0.437311814156,0.227561634889
71,0.434878893816,0.229797277798
71,0.432393605238,0.232036310317
71,0.429846811205,0.234288991334
71,0.427251423616,0.236553759163
71,0.424603926926,0.238837870405
71,0.42190426055,0.241146710703
71,0.419151180573,0.243486304268
72,0.416343249504,0.245862763272
72,0.413485534403,0.248278264514
72,0.410597978891,0.250725601863
72,0.407662179188,0.253220448732
72,0.404680259535,0.255766167351
72,0.401660524485,0.258361959374
73,0.398601933316,0.261012681031
73,0.395509587867,0.26371906123
73,0.392395164287,0.266477052408
73,0.389240353567,0.269302706571
73,0.386071487755,0.272181509037
74,0.382866163863,0.275132546038
74,0.379646403655,0.278143579634
74,0.376411701424,0.281217974614
74,0.373163416592,0.284357714961
74,0.369893967702,0.287571684027
74,0.366622924216,0.290847756167
75,0.363332379333,0.294202958635
75,0.360044798531,0.297622207288
75,0.35675915536,0.301108804123
75,0.353470242606,0.304669798202
75,0.350178035813,0.308308147997
75,0.346898935661,0.312012159542
76,0.343626143444,0.315790308419
76,0.340367102863,0.319638332817
76,0.337127896117,0.323552786658
76,0.333896343693,0.327547730854
76,0.330685792423,0.331612788243
76,0.32749996884,0.335746395479
77,0.324336595694,0.339953046118
77,0.321203647317,0.344226559133
77,0.318095674346,0.348574801335
77,0.315030458016,0.352980227482
77,0.311992422085,0.357461809968
78,0.30900203912,0.36199792484
78,0.30604477882,0.366606789306
78,0.303132805431,0.371275477437
78,0.300273221008,0.375996084126
78,0.297460282995,0.380776307251
78,0.294693374667,0.385617692825
79,0.291984485126,0.390504883746
79,0.289328552864,0.395444264366
79,0.286729724996,0.400429727086
79,0.284190879313,0.40545620126
79,0.281709806582,0.410525337703
80,0.279289627506,0.415630723082
80,0.276929585309,0.42077098472
80,0.274632565418,0.42593867101
80,0.272396186712,0.431133721168
80,0.270222710988,0.436348255427
80,0.268105299084,0.441588437039
81,0.266047929251,0.446842478019
81,0.264052499477,0.45210097736
81,0.262112565268,0.457368217829
81,0.260219628375,0.46265242037
81,0.258381068298,0.467933714715
82,0.256593618108,0.473210554167
82,0.254847213512,0.478494406032
82,0.253144337147,0.483774098017
82,0.251481340528,0.489050228786
82,0.249852486531,0.4943283845
83,0.248255484565,0.499608527255
83,0.246692788612,0.504881896331
83,0.245158989205,0.510156524737
83,0.243650417628,0.515438304312
83,0.242169818441,0.520720606272
84,0.240716761005,0.526004002993
84,0.239287649756,0.531296604878
84,0.237888733162,0.536585017117
84,0.236510607917,0.541890702724
84,0.235162891401,0.547191749246
84,0.233839183887,0.552501922753
85,0.232541967328,0.557813509253
85,0.231270810762,0.563124202402
85,0.230021419505,0.568439839738
85,0.228795163639,0.573751193191
85,0.227586268064,0.579065642506
86,0.226396102936,0.584371844961
86,0.225218328485,0.589677679649
86,0.224049186914,0.594984807227
86,0.222887249278,0.60028939833
86,0.221727944411,0.605597180108
87,0.220567692224,0.610913107445
87,0.21940525213,0.61623785106
87,0.218238920757,0.621575691383
87,0.217066628126,0.626934585616
87,0.215890222946,0.632313829738
88,0.21470830142,0.637724580166
88,0.213524604972,0.643165153554
88,0.212338602302,0.64864856271
88,0.211156562186,0.654168920141
88,0.209979829427,0.659736569091
89,0.208811878689,0.66535644176
89,0.207659627747,0.671023109879
89,0.206525404811,0.676746092241
89,0.205414890902,0.682524275524
90,0.204335916263,0.68834897046
90,0.203289152002,0.694234957605
90,0.202281209321,0.700176545862
90,0.201317460789,0.706171105855
90,0.200404078962,0.712211825568
91,0.199543435437,0.718303799256
91,0.198739894296,0.724443493353
91,0.197997694148,0.730625837006
91,0.197320900748,0.736844189041
91,0.196711617312,0.743096941739
92,0.196171378507,0.749382469561
92,0.195703189293,0.755691270634
92,0.195307526444,0.762021220108
92,0.194985224774,0.768366713423
92,0.194736186013,0.774723782607
93,0.194560033653,0.781087736223
93,0.194455656046,0.787455185477
93,0.19442186028,0.793821653261
93,0.1944573274,0.800181941083
94,0.194560045425,0.806532683969
94,0.194726879634,0.812874437954
94,0.194956372422,0.819200256183
94,0.195245808084,0.82550804861
94,0.195591859792,0.831798171996
95,0.195992452586,0.838065693211
95,0.196444335234,0.844310825601
95,0.196944574094,0.850532739108
95,0.197490083601,0.856731675407
96,0.198079534163,0.862900747474
96,0.198708377372,0.869047625754
96,0.19937446355,0.875170220845
96,0.200075847508,0.881266201
96,0.200810388203,0.887334790844
97,0.201574576291,0.893382013109
97,0.202368164743,0.899400211648
97,0.203187555832,0.905397326898
97,0.204031480168,0.911371723898
98,0.204897976171,0.917325577647
98,0.205786394152,0.923255905588
98,0.206694494838,0.929167533313
98,0.207621253433,0.935060516192
98,0.20856563161,0.940935603774
99,0.209526711995,0.946793608099
99,0.210503449107,0.952636499904
99,0.211494638257,0.958467525801
99,0.212500429122,0.964284315089
100,0.213519578646,0.97009129229
100,0.214552592146,0.975885399496
100,0.215598799368,0.981669335966
100,0.216657808718,0.987444930258
100,0.217728798278,0.993216338318
101,0.218812622161,0.998980405665
101,0.2199090416,1.00473925881
101,0.221018054129,1.01049422012
101,0.222139692373,1.0162466967
102,0.22327523662,1.02199260274
102,0.224423162937,1.0277408752
102,0.22558438358,1.03348947069
102,0.226759932242,1.0392359259
103,0.227948984055,1.0449864139
103,0.22915348066,1.05073452857
103,0.230372397518,1.0564875438
103,0.23160674768,1.06224345983
104,0.232857165073,1.06800206976
104,0.234123986443,1.07376457585
104,0.235407555364,1.07953218917
104,0.236708456687,1.08530505188
105,0.238027463404,1.09108248303
105,0.239364877208,1.0968660073
105,0.24072072707,1.10265845154
105,0.242096979106,1.10845383683
106,0.243492887019,1.11425869519
106,0.244909541338,1.12007125376
106,0.246347637015,1.12589168784
106,0.24780797735,1.13171984488
106,0.249290844886,1.13755815176
107,0.250797273004,1.14340584496
107,0.252327887247,1.14926430397
107,0.253883604988,1.15513390249
107,0.255466144335,1.16101174778
108,0.25707527426,1.16690423172
108,0.258712836735,1.17280878996
108,0.260380357978,1.17872482312
108,0.262078741725,1.18465512128
109,0.263809924771,1.19059841507
109,0.265575253545,1.19655676774
109,0.267377084935,1.2025283898
109,0.26921676875,1.20851676769
110,0.271097122177,1.21451955848
110,0.273020331593,1.22053805009
110,0.274989232244,1.22657142706
110,0.277006465641,1.23262054129
111,0.279075579548,1.23868299057
111,0.281199375929,1.24476043344
111,0.283381764394,1.25085028797
112,0.285626428041,1.25695156649
112,0.287937059343,1.26306368546
112,0.290318209833,1.26918256785
112,0.292773990472,1.27530614042
113,0.2953091656,1.28142927356
113,0.297927187484,1.28755199675
113,0.300633297674,1.29366564384
113,0.303431332768,1.29976625377
114,0.306325535577,1.30584621289
114,0.309319128253,1.31189979849
114,0.312415310481,1.31791826995
114,0.315616758455,1.3238913564
115,0.318924981436,1.32980926519
115,0.322339878292,1.33566377927
115,0.325861825661,1.34143889705
115,0.329487804619,1.34712625829
116,0.333214597338,1.35271131883
116,0.337037036058,1.35818013743
116,0.340947153904,1.36352240972
117,0.344936153361,1.36872334296
117,0.348992730027,1.37377044903
117,0.353103210782,1.37865315919
117,0.357252124592,1.38336101714
118,0.361421390688,1.38788752469
118,0.365592212391,1.39222376165
118,0.369742977527,1.39636768214
118,0.373851810564,1.40031582637
119,0.377894825119,1.40407173101
119,0.381848153814,1.40764036801
119,0.38568804947,1.41103029522
120,0.389390883534,1.41425649705
120,0.3929352684,1.41733583327
120,0.396302236507,1.42028990046
120,0.399476759087,1.42314299182
121,0.40244770415,1.42592520461
121,0.405210475399,1.42866497031
121,0.407765817761,1.43139363073
121,0.41012118335,1.43413883619
122,0.412288470468,1.43692850648
122,0.414285267711,1.43978062757
122,0.416129787504,1.44271401639
123,0.417842238107,1.44573672937
123,0.419440739001,1.44885478502
123,0.420941153092,1.45206955576
123,0.422356054957,1.45538086963
124,0.423694599904,1.45878947326
124,0.42496462733,1.4622935104
124,0.426172329303,1.46589402782
125,0.427323097798,1.46959599595
125,0.428424601329,1.47340047474
125,0.429484598935,1.47731332846
125,0.430513092936,1.48133752144
126,0.43152101451,1.48547619893
126,0.432520691636,1.48972899114
126,0.43352416096,1.49409557811
127,0.434543789602,1.49857151881
127,0.435590321405,1.50315339792
127,0.436674068245,1.50783366536
128,0.437803727491,1.51260417533
128,0.43898614605,1.51745690722
128,0.440226978308,1.52238193724
128,0.441529790498,1.52737101947
129,0.442897005784,1.53241495803
129,0.44433025249,1.53750312303
129,0.445828836346,1.54262948935
130,0.447392057825,1.54778536088
130,0.449018034896,1.55296414809
130,0.450704518975,1.55815919228
131,0.452448294731,1.56336641781
131,0.454246571312,1.56858002248
131,0.456095923938,1.57379655767
131,0.457993014139,1.57901278093
132,0.459934402194,1.5842265698
132,0.461916874173,1.58943598975
132,0.463937558402,1.59463902727
133,0.465993500533,1.59983512687
133,0.468082295021,1.60502304428
133,0.470201690717,1.61020218455
134,0.472349597124,1.61537252185
134,0.474524170875,1.62053421261
134,0.476724256272,1.62568597545
134,0.478948472561,1.63082806799
135,0.481195651563,1.63596062352
135,0.483464926328,1.64108316643
135,0.485755743595,1.64619437242
136,0.488067217596,1.6512940441
136,0.490398875909,1.65638035293
136,0.492749411357,1.66145382436
137,0.495118057295,1.66651245015
137,0.497503921301,1.67155371752
137,0.499905159055,1.67657716975
138,0.502320313852,1.68157971679
138,0.504746809812,1.68656054943
138,0.507182105881,1.69151718059
139,0.509622793545,1.69644844603
139,0.512065232981,1.70135244359
139,0.514504839852,1.70622906582
140,0.516936969681,1.71107731954
140,0.519356383453,1.71589747015
140,0.521757494435,1.72069069071
141,0.52413454891,1.725459029
141,0.526481703264,1.73020579671
141,0.528793568343,1.73493448
142,0.531064755106,1.73965096214
142,0.533290875913,1.74436095975
142,0.535467939306,1.74907268811
142,0.53759348639,1.7537937424
143,0.539666318171,1.75853247629
143,0.541686186094,1.76329933689
143,0.543654928237,1.76810331057
144,0.545575710183,1.77295434739
144,0.547453659128,1.7778610383
144,0.549295178248,1.78283237696
145,0.551108230755,1.78787617362
145,0.552902576783,1.79299745548
145,0.554688201719,1.79820259472
146,0.556476731133,1.80349365223
146,0.558280068154,1.80887168003
146,0.560109980464,1.81433693887
147,0.561978598769,1.81988620761
147,0.563897491343,1.82551479291
148,0.565877153799,1.83121731343
148,0.567927501389,1.83698538756
148,0.57005707614,1.84280964792
149,0.572272744275,1.84868033861
149,0.574580275984,1.85458523088
149,0.576983416161,1.8605125742
150,0.579484387011,1.86644956002
150,0.582083479297,1.87238384524
150,0.584779507882,1.87830238231
151,0.587569516424,1.88419273731
151,0.590448992806,1.89004280915
151,0.593411989632,1.89584088453
152,0.596451127114,1.90157608402
152,0.599558023145,1.90723730574
152,0.602720568617,1.91281454691
153,0.605925948527,1.91830116319
153,0.609161792661,1.92369188741
153,0.612414796209,1.92898306498
154,0.615671442785,1.93417091135
154,0.618917233805,1.93925452062
154,0.622137367863,1.94423434625
155,0.625316992219,1.94911209302
155,0.628441129501,1.95389167296
156,0.631495110518,1.95857862243
156,0.634464484217,1.9631811782
156,0.637335735371,1.96770885884
157,0.640096615563,1.97217224669
157,0.642735472048,1.97658581457
157,0.645243147285,1.9809627603
158,0.647611365733,1.9853205608
158,0.649834517327,1.98967594322
158,0.651908945543,1.99404736808
159,0.653833543158,1.99845331311
159,0.655609604982,2.00291263345
160,0.657241055215,2.00744356413
160,0.658733810344,2.01206515217
160,0.660096831123,2.0167933269
161,0.661340663515,2.0216444558
161,0.662478123569,2.02663219463
161,0.663523517169,2.03176869193
162,0.664492407902,2.03706404008
162,0.66540121839,2.04252620221
163,0.666267163927,2.0481599323
163,0.667107291098,2.05396850306
163,0.667938848837,2.05995144642
164,0.668777710976,2.06610843588
164,0.669639532954,2.07243492374
164,0.670538410518,2.0789256772
165,0.671487079058,2.08557378143
165,0.672496561891,2.0923715666
166,0.673576446525,2.09930980308
166,0.6747345719,2.10637893029
166,0.675976901763,2.11356989801
167,0.677307977182,2.12087335524
167,0.67873126618,2.12827927279
168,0.680248326283,2.13578036927
168,0.681860484014,2.1433676858
168,0.683567778621,2.15103472555
169,0.685370122441,2.15877458034
169,0.687266741559,2.16658235777
169,0.689257053473,2.17445294459
170,0.691340563849,2.18238168171
170,0.693516576026,2.19036543988
171,0.695785055488,2.19839984825
171,0.698145937098,2.20648124758
171,0.700599187487,2.21460609652
172,0.703144751539,2.22277062057
172,0.705782647122,2.23096992372
173,0.708512219709,2.2391997497
173,0.711332417696,2.24745507436
173,0.714241406015,2.25573090652
174,0.717236583838,2.26402197738
174,0.720314217879,2.27232384133
175,0.72346961917,2.28063247017
175,0.726697292492,2.28894413693
175,0.729990728613,2.29725659923
176,0.733342800217,2.30556850875
176,0.736745758797,2.31388015255
177,0.740191421154,2.32219361129
177,0.743671445476,2.33051259603
177,0.747177411425,2.33884282167
178,0.750700754309,2.3471927725
178,0.754233123389,2.35557327032
179,0.757766026264,2.36400010944
179,0.761292020614,2.37249457259
180,0.764806968362,2.38108714582
180,0.76831595036,2.38982138617
180,0.771844764082,2.39875362341
181,0.775455488272,2.40794188342
181,0.779256175482,2.41742302968
182,0.783391642471,2.42717657925
182,0.788004523536,2.43709402316
182,0.793173998427,2.44698341877
183,0.798864854078,2.4566203014
183,0.80492319613,2.46582656313
184,0.811128940721,2.47453354343
184,0.817275858491,2.48279469888
185,0.823234165396,2.49074330842
185,0.828966727167,2.49852838249
185,0.83450442915,2.50626506371
186,0.839906246061,2.51401879276
186,0.845228785534,2.52181338296
187,0.850512676984,2.52964949787
187,0.85578228007,2.53751922692
188,0.861050677228,2.54541391025
188,0.866324334688,2.55332787075
188,0.871606958201,2.56125684177
189,0.87690051012,2.5691993554
189,0.882206648407,2.57715413206
190,0.887526429326,2.58512146306
190,0.892861024694,2.59310124889
191,0.89821134138,2.60109414257
191,0.903578369269,2.60910054182
192,0.90896294145,2.61712128352
192,0.914365895399,2.62515717225
192,0.919788131447,2.63320880979
193,0.92523019918,2.64127777425
193,0.930693242468,2.64936391144
194,0.936177896667,2.65746848497
194,0.941685021831,2.66559207645
195,0.947215355109,2.67373557234
195,0.952769571963,2.68189998401
196,0.958348539875,2.69008573133
196,0.963953054813,2.69829338672
196,0.969583750428,2.70652392544
197,0.975241405595,2.71477786356
197,0.980926656623,2.72305606352
198,0.986640362772,2.73135871837
198,0.992383065193,2.73968685624
199,0.998155519633,2.74804086425
199,1.00395826789,2.75642167641
200,1.00979207487,2.76482957248
200,1.01565756559,2.77326518154
201,1.02155523558,2.78172945291
201,1.02748577214,2.79022278391
201,1.03344977059,2.798745801
202,1.03944774655,2.80729932908
202,1.04548024011,2.81588411479
203,1.05154786711,2.82450069656
203,1.05765110559,2.83314998733
204,1.06379047494,2.84183279903
204,1.0699665014,2.85054994465
205,1.07617962292,2.8593025002
205,1.08243041981,2.86809119969
206,1.08871921487,2.87691750647
206,1.0950466334,2.88578213777
207,1.10141301075,2.89468664278
207,1.10781878267,2.90363237977
208,1.11426446714,2.91262057881
208,1.12075029775,2.92165331414
209,1.12727683392,2.93073192445
209,1.13384429142,2.93985878208
210,1.14045305815,2.94903597759
210,1.14710343577,2.95826603426
211,1.15379570505,2.96755179786
211,1.1605300832,2.97689663283
211,1.16730677092,2.98630442571
212,1.17412605931,2.99577949215
212,1.18098820797,3.00532714644
213,1.18789371443,3.01495337567
213,1.19484326581,3.024665467
214,1.20183790145,3.0344722782
214,1.20887949026,3.04438394642
215,1.21597089873,3.05441266435
215,1.22311660383,3.06457266192
216,1.23032325039,3.0748806925
216,1.23760056257,3.0853560001
217,1.24496247821,3.09602006517
217,1.25242826401,3.10689663241
218,1.26002387229,3.1180111861
218,1.26778369888,3.12938920617
219,1.2757517654,3.14105524077
219,1.28398324348,3.15303003748
220,1.29254512787,3.16532812269
220,1.30151656497,3.17795398948
221,1.31098818452,3.19089795583
221,1.32106027431,3.20413167253
222,1.33183949344,3.21760384408
223,1.34343397822,3.23123666224
223,1.35594726003,3.24492248871
224,1.36947077848,3.25852229591
224,1.38407528627,3.27186651644
225,1.39980212355,3.2847576329
225,1.41665477823,3.29697534813
226,1.43459118601,3.30828501465
226,1.45351849363,3.31844680518
227,1.47328953781,3.32722844602
227,1.49370294542,3.33441759804
228,1.51450624754,3.33983517473
228,1.53540244299,3.34334782414
229,1.55605963408,3.34487908388
229,1.57612357104,3.34441779082
230,1.59523228113,3.3420234737
230,1.61303186419,3.33782846005
231,1.62919254436,3.33203638307
231,1.64342466175,3.32491570857
232,1.65549252768,3.31679079206
232,1.66522606275,3.30802918668
233,1.67252938643,3.29902599566
234,1.67738510192,3.2901874149
234,1.6798548261,3.28191262786
235,1.68007511603,3.27457664937
235,1.67824939523,3.26851446287
236,1.67463617053,3.26400797836
236,1.66953460982,3.26127623193
237,1.66326841305,3.26046971948
237,1.65616890058,3.26166971519
238,1.64855974204,3.26489013321
238,1.64074222305,3.27008579649
239,1.63298489059,3.27716046149
240,1.62551518027,3.2859793706
240,1.61851534701,3.2963809896
241,1.61212138023,3.30818915941
241,1.60642500781,3.32122367413
242,1.60147763268,3.33530971678
242,1.59729605811,3.35028462764
243,1.59386874049,3.3660030603
243,1.59116224458,3.38234004909
244,1.5891275828,3.39919189132
245,1.5877055098,3.41647644389
245,1.58683126211,3.43413175935
246,1.58643817593,3.45211446663
246,1.58646050617,3.47039756651
247,1.58683528714,3.48896843121
247,1.58750377125,3.50782630626
248,1.58841184592,3.52698107832
249,1.58951039668,3.54645159105
249,1.59075561888,3.56626381941
250,1.59210852488,3.58645085908
250,1.59353492729,3.60705209428
251,1.59500551008,3.62811254215
251,1.59649558774,3.64968338944
252,1.59798552371,3.67182158915
253,1.59946083972,3.69459074485
253,1.60091314472,3.71806070766
254,1.60234088373,3.74230814667
254,1.60375043,3.76741685285
255,1.60515761296,3.79347747824
256,1.60658921162,3.82058770904
256,1.60808502956,3.84885129346
257,1.60969972738,3.8783776977
257,1.61150517075,3.90928037251
258,1.61359252545,3.94167517367
259,1.61607456875,3.9756774497
259,1.61908741708,4.01139930151
260,1.62279207782,4.04894554079
260,1.6273753568,4.088408985
261,1.6330497728,4.12986552081
262,1.64005244771,4.17336871915
262,1.64864286454,4.21894417094
263,1.65909918546,4.26658447684
263,1.67171368563,4.31624387352
264,1.68678649767,4.36783517439
265,1.70461913923,4.42122600591
265,1.72550671871,4.47623802295
266,1.74973024091,4.53264628049
266,1.77754859962,4.59018062346
267,1.80919068331,4.64852869556
268,1.84484821498,4.70733953749
268,1.88466892387,4.76622925063
269,1.92875077039,4.82478714238
269,1.97713689223,4.88258332189
270,2.0298118795,4.93917619167
271,2.08669858295,4.99412168414
271,2.14765635289,5.04698180535
272,2.21247964555,5.09733487679
273,2.28089778389,5.14478546346
273,2.35257519989,5.18897580533
274,2.42711243926,5.22959885232
274,2.50404860308,5.26641325453
275,2.58286588887,5.29926238546
276,2.66299870893,5.32809788679
276,2.74385113873,5.35300831675
277,2.82482844101,5.37425130958
278,2.90538901611,5.39228526302
278,2.98512369318,5.40778817064
279,3.06386316249,5.42164667172
280,3.14180380118,5.43489236885
280,3.21962554062,5.44856372313
281,3.29855668638,5.46348669395
282,3.38033082395,5.4799958255
282,3.4669916953,5.49765576988
283,3.56054073185,5.51507483298
283,3.6624822178,5.52990396173
284,3.77337844654,5.53907221708
285,3.89254743665,5.53923649724
285,4.01800547819,5.52734500308
286,4.14668286632,5.50117303583
287,4.2748599919,5.45969755362
287,4.39871180054,5.40323017418
288,4.51483057723,5.33329904812
289,4.62061850685,5.252332906
289,4.71448768461,5.16324053842
290,4.79585957811,5.06898871721
291,4.86500498326,4.97226142177
291,4.92279152564,4.87524985553
292,4.97041335895,4.77957886558
293,5.00916032203,4.68634420982
293,5.04025893957,4.59621558842
294,5.06478875804,4.50956150757
295,5.0836601916,4.42656189765
296,5.09762966992,4.34729278547
296,5.10733185274,4.27177903736
297,5.11331268872,4.20002197057
298,5.11605643697,4.13200982541
298,5.11600402977,4.06771945602
299,5.11356429324,4.0071143279
300,5.10911973846,3.95014218779
300,5.10302900361,3.89673360097
301,5.09562793752,3.84680122321
302,5.08722948156,3.80024025419
302,5.07812325318,3.75692952791
303,5.06857498932,3.71673313522
304,5.05882634945,3.67950218665
305,5.0490944092,3.64507717677
305,5.03957175071,3.61329023872
306,5.03042660918,3.58396763023
307,5.02180331114,3.55693220581
307,5.01382332489,3.53200557134
308,5.00658588603,3.50901057902
309,5.00016953643,3.48777314109
309,4.99463346305,3.46812409369
310,4.99001901492,3.44990079428
311,4.98635147474,3.43294836768
312,4.98364148682,3.41712099212
312,4.98188718899,3.40228248876
313,4.98107546192,3.38830730075
314,4.98118410088,3.3750806196
315,4.9821831826,3.36249884155
315,4.9840368331,3.35046952728
316,4.9867046183,3.33891139138
317,4.99014317794,3.32775389812
317,4.99430742001,3.31693692057
318,4.99915195362,3.30641001082
319,5.00463188854,3.29613187258
320,5.01070389624,3.28606945946
320,5.01732682439,3.27619719923
321,5.02446241642,3.266496016
322,5.0320754448,3.25695264379
323,5.04013412986,3.24755870013
323,5.04861008757,3.23831004962
324,5.05747855646,3.22920600098
325,5.06671794468,3.22024897824
326,5.07630999598,3.21144385074
326,5.08623936426,3.20279771294
327,5.09649350511,3.19431954769
328,5.10706237177,3.18602011557
329,5.11793819681,3.17791191106
329,5.12911511028,3.17000936496
330,5.14058914618,3.16232897808
331,5.15235792157,3.15488986202
332,5.16442088347,3.14771416224
332,5.17677930042,3.14082789303
333,5.18943683389,3.13426167806
334,5.20240028941,3.12805162821
335,5.2156806337,3.12224026191
335,5.2292945323,3.11687724722
336,5.24326620417,3.11202000143
337,5.25762951536,3.10773409385
338,5.2724306181,3.10409317237
339,5.28773071599,3.10117857933
339,5.30360917598,3.09907846323
340,5.32016643923,3.09788666747
341,5.33752798805,3.09770063886
342,5.35584761504,3.09861936351
343,5.37531172098,3.10074028748
343,5.39614357927,3.10415576636
344,5.41860844316,3.10894838507
345,5.44301925466,3.1151850112
346,5.46974318479,3.12290895777
346,5.49920926297,3.13212924991
347,5.53191647821,3.14280589116
348,5.56844186814,3.15482906026
349,5.60944669462,3.16798987455
350,5.65567645307,3.18194071028
351,5.70794856365,3.19614401526
351,5.76711945504,3.20981156882
352,5.83402065559,3.22184214492
353,5.90935767577,3.23077137366
354,5.99357085799,3.2347548369
355,6.08667005672,3.23160732764
355,6.18806829356,3.21891676644
356,6.29645162074,3.19423744855
357,6.4097240752,3.15534828345
358,6.52505985802,3.10054019501
359,6.63907392274,3.02888324626
360,6.74809863707,2.94042008788
360,6.84852857585,2.83624284894
361,6.93717934598,2.71843069264
362,7.01160028921,2.58985175942
363,7.07028757593,2.45385957501
364,7.11276263802,2.31393462402
365,7.13950590904,2.1733328828
365,7.15176499386,2.0348008554
366,7.15128092457,1.90040164264
367,7.13999030635,1.77147127283
368,7.11976299221,1.64869445553
369,7.09221884915,1.53226382161
370,7.05864349312,1.4220724851
370,7.01999496004,1.31789139427
371,6.97697325033,1.21949742709
372,6.93011639781,1.12673925266
373,6.8798904889,1.0395475506
374,6.82675288844,0.957908435386
375,6.77118272064,0.881822008835
376,6.71368289533,0.8112640676
376,6.65476454777,0.746161195188
377,6.59492542978,0.686381725838
378,6.53463068579,0.63173959508
379,6.4743003996,0.582005597621
380,6.41430468855,0.536920683447
381,6.354964377,0.496207609764
382,6.29655485466,0.459579288838
383,6.23931065121,0.426743889452
383,6.18342880724,0.397407715211
384,6.12907169615,0.37127701096
385,6.07636802963,0.348059792421
386,6.02541391186,0.327468150896
387,5.97627361225,0.309221195421
388,5.92898091038,0.293048396221
389,5.88354150805,0.278692961389
390,5.83993576137,0.26591491847
391,5.79812233088,0.254493572468
392,5.7580420453,0.244229190583
392,5.71962199287,0.234943844157
393,5.68277945822,0.226481454265
394,5.64742551397,0.218707146607
395,5.61346802887,0.211506062
396,5.5808147429,0.204781749483
397,5.54937492735,0.198454346548
398,5.51906144061,0.192458608799
399,5.48979161525,0.186741957007
400,5.46148812578,0.181262583045
401,5.43407946599,0.175987689131
402,5.4075000565,0.170891897878
403,5.38169007052,0.165955850347
403,5.3565954085,0.161164985035
404,5.33216728635,0.156508510737
405,5.30836186365,0.151978548037
406,5.28513972775,0.147569429015
407,5.26246572596,0.143277122918
408,5.24030824548,0.139098794505
409,5.21863898479,0.135032447007
410,5.19743261829,0.131076650095
411,5.17666627044,0.127230339066
412,5.15631950552,0.123492654181
413,5.136373717,0.119862837136
414,5.1168121244,0.11634014518
415,5.09761950559,0.112923797091
416,5.07878194227,0.109612937701
417,5.06028679669,0.106406611568
418,5.04212244481,0.103303752607
419,5.02427808498,0.100303179443
420,5.00674391726,0.0974035888103
421,4.98951072521,0.0946035650028
421,4.97257007157,0.0919015796379
422,4.9559139635,0.0892960035314
423,4.9395350086,0.0867851103334
424,4.92342622672,0.0843670873086
425,4.90758114926,0.0820400412998
426,4.89199345687,0.0798020126907
427,4.87665738704,0.0776509762881
428,4.86156737573,0.0755848550103
429,4.84671811213,0.0736015263124
430,4.83210455383,0.0716988291215
431,4.81772186016,0.0698745717327
432,4.80356536217,0.0681265387741
433,4.78963063992,0.0664524963312
434,4.77591334189,0.0648502004072
435,4.76240930367,0.0633174007712
436,4.74911451602,0.0618518466701
437,4.73602512081,0.0604512918106
438,4.72313723579,0.0591135011717
439,4.71044716231,0.0578362525541
440,4.69795133857,0.056617341209
441,4.68564619838,0.0554545852199
442,4.67352835458,0.0543458266499
443,4.6615943605,0.0532889374699
444,4.64984095295,0.0522818195274
445,4.63826490649,0.0513224088446
447,4.62686299906,0.0504086782949
448,4.61563210571,0.0495386386443
449,4.60456917064,0.0487103407502
450,4.59367114767,0.0479218778484
451,4.58293506717,0.0471713862856
452,4.57235799458,0.0464570472213
453,4.56193702892,0.0457770877122
454,4.55166936307,0.0451297810113
455,4.5415521173,0.0445134489744
456,4.53158258751,0.0439264601782
457,4.5217580462,0.0433672323507
458,4.51207575242,0.0428342325561
459,4.50253311029,0.0423259758681
460,4.49312741577,0.0418410278476
461,4.48385619562,0.0413780013153
462,4.47471687161,0.0409355593632
463,4.46570691731,0.0405124136415
464,4.45682386256,0.0401073240058
465,4.44806524828,0.0397190985257
466,4.43942874552,0.0393465919475
468,4.430911953,0.0389887069621
469,4.42251251631,0.0386443925227
470,4.4142281687,0.0383126428302
471,4.40605662453,0.0379924975509
472,4.39799570292,0.0376830399773
473,4.39004321623,0.0373833971873
474,4.38219695105,0.0370927393458
475,4.374454809,0.0368102776219
476,4.36681474086,0.0365352638432
477,4.35927470332,0.0362669899152
478,4.35183263574,0.0360047870363
480,4.34448659878,0.0357480235534
481,4.33723465887,0.035496104916
482,4.33007486886,0.0352484727987
483,4.3230053612,0.0350046032945
484,4.31602435229,0.0347640058357
485,4.30913003012,0.0345262230432
486,4.30232059699,0.0342908293024
487,4.29559431048,0.0340574293604
489,4.28894954077,0.0338256568028
490,4.28238455574,0.0335951746779
491,4.27589780219,0.0333656722001
492,4.26948764449,0.0331368657354
493,4.26315252412,0.0329084964794
494,4.25689095099,0.0326803294738
495,4.25070142105,0.0324521531905
496,4.24458247587,0.0322237780298
498,4.23853268832,0.031995035401
499,4.2325506883,0.0317657765143
500,4.2266350808,0.0315358719952
501,4.22078459187,0.0313052098052
502,4.21499790457,0.031073695503
503,4.20927376634,0.030841250492
505,4.20361093629,0.0306078114819
506,4.1980082259,0.0303733292816
507,4.1924644533,0.0301377682451
508,4.18697852653,0.0299011048075
509,4.18154928017,0.029663327817
510,4.17617566483,0.0294244363581
512,4.17085661508,0.0291844399049
513,4.16559113174,0.0289433569713
514,4.16037816429,0.0287012151911
515,4.15521678469,0.028458049393
516,4.15010606948,0.0282139017375
517,4.14504504665,0.0279688214088
519,4.14003287822,0.0277228627383
520,4.13506866167,0.0274760859441
521,4.13015155219,0.0272285557214
522,4.12528074425,0.0269803408172
523,4.12045541903,0.0267315138489
525,4.11567482864,0.0264821502509
526,4.11093820929,0.0262323283675
527,4.10624480418,0.0259821288483
528,4.10159396858,0.0257316335619
530,4.09698491453,0.0254809268093
531,4.09241705206,0.0252300928015
532,4.08788965936,0.024979217373
533,4.08340215705,0.024728385952
534,4.07895390283,0.0244776845218
536,4.07454429842,0.02422719868
537,4.07017276123,0.0239770135504
538,4.06583871607,0.0237272135904
539,4.06154163773,0.0234778821204
541,4.057280964,0.0232291016286
542,4.05305614946,0.0229809532675
543,4.04886675188,0.0227335162022
544,4.04471224784,0.0224868685096
546,4.04059213894,0.022241086434
547,4.03650594588,0.021996244302
548,4.0324532742,0.0217524140662
549,4.02843362711,0.0215096662321
551,4.02444658494,0.0212680688005
552,4.0204917393,0.0210276875633
553,4.01656866589,0.0207885861895
555,4.01267697394,0.0205508259202
556,4.00881627329,0.0203144657076
557,4.00498615988,0.0200795622601
558,4.0011863095,0.0198461695549
560,3.99741629928,0.0196143397246
561,3.99367583954,0.0193841219019
562,3.98996452495,0.0191555634539
564,3.98628206239,0.0189287088795
565,3.98262811677,0.018703600579
566,3.97900233076,0.0184802787727
567,3.97540444481,0.0182587809703
569,3.97183413106,0.0180391427808
570,3.9682910234,0.0178213977946
571,3.96477493179,0.0176055766601
573,3.96128547813,0.0173917087679
574,3.95782242224,0.0171798208327
575,3.9543854936,0.0169699376955
577,3.95097441623,0.0167620822594
578,3.94758890317,0.0165562755609
579,3.94422868071,0.0163525367187
581,3.9408935244,0.0161508828419
582,3.93758315657,0.0159513295101
583,3.93429737432,0.0157538903032
585,3.93103590209,0.0155585774569
586,3.92779848398,0.0153654015393
587,3.92458491685,0.0151743713836
589,3.92139495278,0.0149854945268
590,3.91822834757,0.0147987770723
591,3.91508491907,0.0146142235266
593,3.91196442217,0.0144318373288
594,3.9088666612,0.0142516204803
596,3.9057913835,0.0140735739912
597,3.90273841005,0.0138976974554
598,3.89970752775,0.013723989496
600,3.89669854514,0.0135524476142
601,3.89371124167,0.0133830684177
602,3.89074541419,0.0132158475041
604,3.88780090619,0.0130507794136
605,3.88487746798,0.0128878581475
607,3.88197496015,0.0127270765273
608,3.87909317882,0.0125684268256
609,3.87623195792,0.0124119004683
611,3.87339108167,0.0122574883589
612,3.87057037907,0.0121051806136
614,3.86776969967,0.0119549666826
615,3.86498884502,0.0118068355995
617,3.86222764432,0.0116607757807
618,3.85948595469,0.0115167750628
619,3.85676354809,0.0113748210744
621,3.85406030682,0.0112349006834
622,3.85137607605,0.0110970004705
624,3.84871066144,0.0109611067594
625,3.84606392666,0.0108272053632
627,3.84343567539,0.0106952819488
628,3.84082581583,0.0105653216007
629,3.83823413745,0.0104373094683
631,3.8356605162,0.0103112302188
632,3.83310478761,0.0101870684096
634,3.83056679192,0.0100648083846
635,3.82804641535,0.00994443418661
637,3.82554351771,0.00982592976904
638,3.82305791696,0.00970927904816
640,3.82058950418,0.00959446562464
641,3.81813810441,0.00948147315472
643,3.81570358514,0.00937028508848
644,3.81328586215,0.00926088467467
646,3.81088474809,0.00915325534274
647,3.80850011935,0.00904738030362
649,3.80613184692,0.00894324273057
650,3.80377979738,0.00884082576507
652,3.80144384926,0.00874011248657
653,3.79912387242,0.00864108596789
655,3.79681977054,0.00854372918446
656,3.79453134989,0.00844802531554
658,3.79225852226,0.00835395728972
659,3.7900012121,0.00826150800284
661,3.78775921285,0.0081706606313
662,3.78553249218,0.00808139796689
664,3.78332085264,0.00799370315331
665,3.78112424885,0.00790755900401
667,3.7789425061,0.00782294859927
668,3.7767755538,0.00773985479151
670,3.77462326706,0.00765826053371
671,3.77248551341,0.00757814877536
673,3.77036223891,0.00749950228464
675,3.76825329092,0.0074223039986
676,3.76615856956,0.00734653671028
678,3.76407797792,0.00727218316121
679,3.76201142391,0.00719922602831
681,3.75995879119,0.0071276479684
682,3.75791994833,0.0070574315868
684,3.75589484827,0.00698855923794
685,3.75388336055,0.0069210133276
687,3.75188541258,0.00685477603238
689,3.74990088068,0.00678982948512
690,3.74792968663,0.00672615557988
692,3.74597172866,0.00666373607936
693,3.74402696056,0.00660255245339
695,3.74209519975,0.00654258619742
697,3.74017644718,0.00648381824507
698,3.73827054131,0.00642622955292
700,3.73637744314,0.00636980057754
701,3.73449705006,0.00631451157291
703,3.73262929004,0.00626034240039
705,3.73077406286,0.00620727260006
706,3.7289313093,0.00615528124467
708,3.72710088937,0.00610434711085
710,3.72528281281,0.00605444826729
711,3.72347691089,0.00600556258026
713,3.72168315972,0.0059576671511
715,3.71990148912,0.00591073859362
716,3.71813176006,0.00586475303108
718,3.71637397932,0.00581968571977
719,3.71462800758,0.00577551147403
721,3.71289378903,0.00573220426629
723,3.71117128012,0.0056897373033
724,3.70946036571,0.00564808311694
726,3.7077609904,0.00560721332442
728,3.70607309928,0.00556709868369
729,3.70439659959,0.00552770911464
731,3.70273143485,0.00548901355248
733,3.70107751615,0.00545098001741
735,3.69943480495,0.00541357546053
736,3.69780319747,0.00537676590527
738,3.69618265005,0.00534051623707
740,3.69457310574,0.00530479028878
741,3.6929744537,0.00526955087915
743,3.69138665384,0.00523475961936
745,3.68980964423,0.00520037703775
746,3.68824335563,0.00516636255515
748,3.68668768195,0.00513267452925
750,3.6851425913,0.0050992701102
752,3.6836079865,0.00506610545451
753,3.68208381843,0.00503313559529
755,3.68056999664,0.00500031460327
757,3.67906645104,0.00496759555
759,3.67757312942,0.00493493057149
760,3.67608994206,0.00490227101445
762,3.67461678048,0.0048695674942
764,3.6731536217,0.00483676985463
766,3.67170032819,0.00480382754554
767,3.67025686996,0.00477068945572
769,3.66882313834,0.00473730429967
771,3.66739902722,0.00470362066702
773,3.66598446015,0.00466958716036
775,3.66457935891,0.00463515262397
776,3.66318363324,0.00460026635925
778,3.66179717821,0.00456487834464
780,3.66041986407,0.00452893947839
782,3.65905163983,0.00449240169395
783,3.6576923796,0.00445521840592
785,3.6563419415,0.00441734470036
787,3.65500027684,0.00437873747616
789,3.65366723774,0.00433935595717
791,3.65234272006,0.00429916180111
793,3.65102660811,0.0042581194494
794,3.64971876259,0.00421619642114
796,3.64841910509,0.00417336349045
798,3.64712746048,0.00412959513485
800,3.64584377038,0.00408486954459
802,3.64456783387,0.00403916915525
804,3.64329956599,0.00399248057453
805,3.64203882845,0.00394479496862
807,3.64078550118,0.00389610815149
809,3.63953946049,0.00384642074886
811,3.63830053909,0.00379573834668
813,3.63706865711,0.00374407142502
815,3.63584364254,0.00369143558076
817,3.63462541503,0.0036378513323
819,3.63341383155,0.00358334423313
820,3.63220876569,0.00352794470418
822,3.63101009537,0.00347168791957
824,3.6298177154,0.0034146136277
826,3.62863150955,0.00335676597187
828,3.62745136032,0.00329819323688
830,3.62627718728,0.00323894753617
832,3.62510885591,0.00317908458478
834,3.62394629097,0.00311866325909
836,3.62278939804,0.00305774530549
838,3.62163807851,0.00299639494413
840,3.62049229635,0.00293467841676
841,3.61935192026,0.00287266370914
843,3.61821690722,0.0028104199863
845,3.61708717153,0.00274801728455
847,3.61596268904,0.00268552601899
849,3.61484338875,0.00262301666423
851,3.61372921141,0.00256055931781
853,3.61262013464,0.0024982233091
855,3.61151609417,0.00243607690026
857,3.61041706609,0.00237418689603
859,3.60932302137,0.00231261836869
861,3.60823394766,0.00225143436368
863,3.60714980844,0.002190695674
865,3.60607058864,0.00213046058919
867,3.6049962702,0.00207078471932
869,3.60392684063,0.00201172082835
871,3.60286232076,0.00195331868812
873,3.60180268418,0.00189562502101
875,3.60074790622,0.00183868339727
877,3.59969803393,0.00178253415336
879,3.59865302954,0.0017272144509
881,3.59761290973,0.00167275820723
883,3.59657768486,0.00161919615042
885,3.5955473444,0.00156655586831
887,3.59452192189,0.00151486184048
889,3.59350139205,0.00146413555964
891,3.5924857934,0.00141439556914
893,3.59147510328,0.00136565761624
896,3.59046932438,0.00131793472719
898,3.58946849373,0.00127123732435
900,3.58847259373,0.00122557338346
902,3.58748167256,0.00118094851946
904,3.58649566631,0.00113736617895
906,3.58551465175,0.00109482768959
908,3.584538568,0.00105333248407
910,3.58356746251,0.00101287815563
912,3.58260131282,0.000973460643989
914,3.58164014443,0.00093507432961
916,3.58068394597,0.000897712183191
918,3.57973270886,0.000861365876141
921,3.57878644118,0.000826025895258
923,3.57784513696,0.000791681663414
925,3.57690879386,0.000758321643349
927,3.57597741381,0.000725933440812
929,3.57505097302,0.000694503908437
931,3.5741294995,0.000664019222793
933,3.57321295347,0.000634464995041
936,3.57230131664,0.000605826334927
938,3.57139461132,0.000578087925324
940,3.57049282923,0.000551234106328
942,3.56959593107,0.000525248940743
944,3.56870393013,0.000500116262998
946,3.56781680893,0.000475819749183
949,3.56693453084,0.000452342967086
951,3.56605710291,0.000429669416305
953,3.56518450133,0.000407782582343
955,3.56431670923,0.000386665971832
957,3.56345373478,0.000366303147499
960,3.56259554243,0.000346677768665
962,3.5617421064,0.000327773614956
964,3.56089341481,0.000309574612996
966,3.56004944446,0.000292064862715
968,3.55921020445,0.000275228654877
971,3.55837564328,0.00025905049726
973,3.55754574741,0.000243515122884
975,3.55672049332,0.000228607508104
977,3.55589986936,0.00021431288326
980,3.55508386137,0.000200616744036
982,3.55427244209,0.000187504860568
984,3.55346558796,0.000174963283426
986,3.55266327287,0.000162978349581
989,3.55186548402,0.000151536685991
991,3.55107219023,0.00014062521417
993,3.55028337974,0.000130231150532
996,3.54949902359,0.000120342008947
998,3.54871911007,0.000110945599561
1000,3.54794361829,0.000102030029115
1003,3.54717248947,9.35837002004e-05
1005,3.5464057517,8.55953057947e-05
1007,3.54564336355,7.80538310715e-05
1009,3.54488529288,7.09485479668e-05
1012,3.54413150001,6.42690120442e-05
1014,3.54338203489,5.80050569155e-05
1016,3.5426367987,5.2146794233e-05
1019,3.54189581089,4.66846043817e-05
1021,3.54115904522,4.16091345254e-05
1024,3.54042648869,3.69112926281e-05
1026,3.53969808755,3.25822428492e-05
1028,3.5389738373,2.86133992529e-05
1031,3.5382537517,2.49964208783e-05
1033,3.53753779499,2.17232067092e-05
1035,3.53682591513,1.87858896899e-05
1038,3.53611814181,1.61768306277e-05
1040,3.53541442943,1.3888613485e-05
1043,3.53471477814,1.19140391027e-05
1045,3.53401917581,1.02461199055e-05
1047,3.53332763209,8.87807421463e-06
1050,3.53264014745,7.79034639705e-06
1052,3.53195669738,6.93377806941e-06
1055,3.53127728423,6.2999147209e-06
1057,3.53060196492,5.86480004835e-06
1060,3.52993067747,5.47977290072e-06
1062,3.52926329376,5.11395492593e-06
1064,3.52859977934,4.76690868468e-06
1067,3.52794008966,4.43820717138e-06
1069,3.52728415548,4.12743374951e-06
1072,3.52663198493,3.83418193592e-06
1074,3.52598344518,3.55805554202e-06
1077,3.52533861328,3.29866816692e-06
1079,3.5246973916,3.05564347048e-06
1082,3.52405976686,2.82861475634e-06
1084,3.52342571625,2.61717937359e-06
1087,3.52279522432,2.41759857287e-06
1089,3.52216823239,2.22750811184e-06
1092,3.52154472057,2.04668981799e-06
1094,3.52092467134,1.87493109109e-06
1097,3.52030803892,1.71202483357e-06
1099,3.5196948203,1.5577693227e-06
1102,3.51908496327,1.41196816257e-06
1104,3.51847846293,1.2747156779e-06
1107,3.51787532249,1.14661258612e-06
1109,3.51727545691,1.02746832611e-06
1112,3.51667885712,9.17049503999e-07
1115,3.51608553159,8.15131232921e-07
1117,3.51549543795,7.21496796172e-07
1120,3.51490855653,6.35937290261e-07
1122,3.51432487697,5.58237652721e-07
1125,3.51374437307,4.87449155569e-07
1128,3.51316699494,4.22968383377e-07
1130,3.51259276049,3.6463794433e-07
1133,3.51202162203,3.12306132677e-07
1135,3.5114535864,2.6582667924e-07
1138,3.51088859364,2.2505853826e-07
1141,3.51032666796,1.89865661237e-07
1143,3.50976776656,1.60116803586e-07
1146,3.50921184979,1.35685323809e-07
1148,3.50865893109,1.16448995995e-07
1151,3.50810897993,1.02289836149e-07
1154,3.50756197562,9.30659409346e-08
1156,3.50701789836,8.63197636079e-08
1159,3.50647674079,8.04907281623e-08
1162,3.50593846222,7.55495579306e-08
1164,3.50540307785,7.13673193136e-08
1167,3.50487052722,6.7474043392e-08
1170,3.50434082602,6.38020816443e-08
1173,3.50381392636,6.03383723873e-08
1175,3.50328983297,5.70706510693e-08
1178,3.50276852132,5.39874014223e-08
1181,3.50224998155,5.10778076032e-08
1183,3.50173418212,4.83317107292e-08
1186,3.50122109203,4.57395673269e-08
1189,3.50071074051,4.32924100859e-08
1192,3.50020308891,4.09818135317e-08
1194,3.49969810524,3.87998592597e-08
1197,3.49919576721,3.67391043839e-08
1200,3.49869609907,3.4792551681e-08
1203,3.49819903498,3.29536233665e-08
1205,3.49770461306,3.12161332589e-08
1208,3.49721276845,2.95742645673e-08
1211,3.49672350991,2.80225455544e-08
1214,3.49623682739,2.65558291651e-08
1217,3.49575267853,2.51692731869e-08
1219,3.49527107598,2.38583209567e-08
1222,3.49479198656,2.26186846561e-08
1225,3.49431540757,2.14463284008e-08
1228,3.49384130846,2.03374532998e-08
1231,3.49336969222,1.92884827028e-08
1233,3.49290052553,1.82960491454e-08
1236,3.4924338201,1.7356981265e-08
1239,3.49196953021,1.64682925025e-08
1242,3.49150766347,1.56271694297e-08
1245,3.49104819882,1.48309617479e-08
1248,3.49059111616,1.40771723657e-08
1251,3.49013640966,1.33634481854e-08
1254,3.48968405923,1.26875716219e-08
1256,3.48923405585,1.20474524332e-08
1259,3.48878638565,1.14411202092e-08
1262,3.48834103031,1.08667172586e-08
1265,3.48789796785,1.03224919304e-08
1268,3.48745721985,9.80679221418e-09
1271,3.487018732,9.31806020798e-09
1274,3.48658250543,8.85482620757e-09
1277,3.48614853786,8.41570369764e-09
1280,3.48571680924,7.99938450793e-09
1283,3.48528730996,7.60463416198e-09
1286,3.4848600012,7.23028766329e-09
1289,3.4844349148,6.87524524028e-09
1292,3.48401199925,6.53846887103e-09
1295,3.4835912727,6.21897839833e-09
1298,3.48317268678,5.91584843562e-09
1301,3.48275624955,5.62820498299e-09
1304,3.48234197156,5.35522256532e-09
1307,3.48192980076,5.09612153647e-09
1310,3.48151974258,4.85016526353e-09
1313,3.48111179237,4.61665776762e-09
1316,3.48070592281,4.39494141249e-09
1319,3.48030212054,4.18439466756e-09
1322,3.4799003917,3.98443004876e-09
1325,3.47950072875,3.79449222421e-09
1328,3.47910309395,3.61405620512e-09
1331,3.47870748146,3.44262556135e-09
1334,3.47831389008,3.27973084034e-09
1337,3.47792231713,3.12492805277e-09
1340,3.47753272138,2.9777972717e-09
1343,3.47714511807,2.83794119852e-09
1346,3.47675948539,2.70498397655e-09
1349,3.47637580988,2.57856995343e-09
1353,3.47599409337,2.45836255022e-09
1356,3.47561430564,2.34404323341e-09
1359,3.47523646015,2.23531045972e-09
1362,3.47486052743,2.13187879229e-09
1365,3.47448648819,2.03347797352e-09
1368,3.47411436627,1.93985206981e-09
1371,3.47374411829,1.85075874512e-09
1375,3.47337574918,1.7659684481e-09
1378,3.47300923821,1.6852637508e-09
1381,3.4726445732,1.60843866652e-09
1384,3.47228176922,1.53529801704e-09
1387,3.47192079634,1.46565687559e-09
1390,3.47156164398,1.3993399795e-09
1394,3.47120430035,1.33618121459e-09
1397,3.47084875985,1.27602311638e-09
1400,3.47049501769,1.21871640447e-09
1403,3.4701430605,1.16411954383e-09
1407,3.46979287449,1.11209832432e-09
1410,3.46944445208,1.06252546485e-09
1413,3.46909777928,1.01528024558e-09
1416,3.46875285409,9.70248151043e-10
1420,3.46840966579,9.27320544756e-10
1423,3.46806820296,8.8639435317e-10
1426,3.46772845186,8.4737176998e-10
1429,3.46739041149,8.10159972744e-10
1433,3.46705406662,7.74670865244e-10
1436,3.46671941271,7.4082082158e-10
1439,3.46638642708,7.08530456524e-10
1443,3.46605513143,6.77724389181e-10
1446,3.46572547157,6.48331056486e-10
1449,3.46539747795,6.20282481742e-10
1453,3.46507111823,5.9351411464e-10
1456,3.46474639461,5.6796463445e-10
1459,3.46442330346,5.435757889e-10
1463,3.46410181581,5.20292237249e-10
1466,3.46378193399,4.98061390318e-10
1469,3.46346365674,4.76833273428e-10
1473,3.46314697445,4.56560391714e-10
1476,3.46283185703,4.37197603451e-10
1480,3.46251832819,4.18701989462e-10
1483,3.46220634759,4.01032753562e-10
1487,3.46189593514,3.84151098642e-10
1490,3.46158705359,3.68020137884e-10
1493,3.46127972881,3.52604783923e-10
1497,3.46097393022,3.37871669826e-10
1500,3.4606696448,3.23789053676e-10
1504,3.46036688058,3.10326736063e-10
1507,3.46006562046,2.97455986152e-10
1511,3.45976585419,2.85149464434e-10
1514,3.45946758961,2.73381151709e-10
1518,3.45917079495,2.62126287168e-10
1521,3.45887547758,2.51361298958e-10
1525,3.45858161541,2.4106374975e-10
1528,3.45828922837,2.31212274862e-10
1532,3.45799828108,2.2178653533e-10
1535,3.45770878583,2.12767159879e-10
1539,3.45742070447,2.04135703036e-10
1542,3.45713501879,1.9587453803e-10
1546,3.45684980977,1.87967038234e-10
1549,3.45656599984,1.80397203573e-10
1553,3.45628359296,1.73149841361e-10
1557,3.45600258067,1.66210475552e-10
1560,3.45572296166,1.5956531053e-10
1564,3.45544473344,1.53201198142e-10
1567,3.45516786491,1.47105607168e-10
1571,3.45489237927,1.41266589591e-10
1575,3.45461823445,1.35672757219e-10
1578,3.45434546329,1.30313248755e-10
1582,3.45407403034,1.25177709833e-10
1586,3.45380393857,1.20256264366e-10
1589,3.45353516511,1.15539493763e-10
1593,3.45326772273,1.11018412755e-10
1597,3.45300160248,1.06684450456e-10
1600,3.45273678535,1.02529430005e-10
1604,3.4524732816,9.85455485015e-11
1608,3.45221107986,9.47253606159e-11
1611,3.45195014205,9.10617615614e-11
1615,3.45169051783,8.75479678471e-11
1619,3.45143215163,8.41775070324e-11
1622,3.451175063,8.09441983367e-11
1626,3.45091923405,7.78421416306e-11
1630,3.4506646615,7.48657029088e-11
1634,3.45041134527,7.20095020047e-11
1637,3.45015927054,6.92684010158e-11
1641,3.44990842311,6.66374925735e-11
1645,3.44965881688,6.41120885201e-11
1649,3.44941042369,6.16877109795e-11
1653,3.44916326801,5.93600807944e-11
1656,3.44891730882,5.7125110346e-11
1660,3.44867255159,5.49788927049e-11
1664,3.44842900522,5.29176940072e-11
1668,3.44818664371,5.09379460087e-11
1672,3.44794546728,4.90362374819e-11
1676,3.44770548235,4.72093072995e-11
1680,3.44746665862,4.54540380948e-11
1683,3.44722804142,4.37674608598e-11
1687,3.44699156805,4.21466998456e-11
1691,3.44675622134,4.05890421399e-11
1695,3.44652203589,3.90918797825e-11
1699,3.44628899517,3.76527187804e-11
1703,3.44605709352,3.62691731783e-11
1707,3.44582631738,3.49389603704e-11
1711,3.4455966749,3.36598961083e-11
1715,3.44536815523,3.24298904701e-11
1719,3.44514073889,3.12469434847e-11
1723,3.44491443956,3.0109140701e-11
1727,3.44468923904,2.90146499348e-11
1731,3.4444651243,2.79617172402e-11
1735,3.44424213887,2.69486630082e-11
1739,3.4440202133,2.59738799889e-11
1743,3.44379936955,2.50358284599e-11
1747,3.44357959699,2.41330341811e-11
1751,3.44336089105,2.32640851974e-11
1755,3.44314326441,2.24276290096e-11
1759,3.44292669598,2.16223702805e-11
1763,3.44271116123,2.0847068098e-11
1767,3.44249668973,2.01005332423e-11
1771,3.44228326053,1.93816265437e-11
1775,3.44207086544,1.86892563038e-11
1779,3.44185949555,1.80223762994e-11
1783,3.44164915204,1.73799837378e-11
1787,3.44143983934,1.67611174072e-11
1791,3.44123154223,1.61648559719e-11
1796,3.44102425014,1.55903161233e-11
1800,3.44081796065,1.50366509147e-11
1804,3.44061267699,1.45030482063e-11
1808,3.44040839032,1.39887292395e-11
1812,3.44020508641,1.34929471619e-11
1816,3.44000276742,1.30149855747e-11
1821,3.43980142857,1.25541573167e-11
1825,3.43960106148,1.21098031995e-11
1829,3.43940168295,1.16812907096e-11
1833,3.43920325357,1.12680131534e-11
1837,3.43900578795,1.08693881808e-11
1842,3.43880927603,1.04848570174e-11
1846,3.4386137178,1.01138833513e-11
1850,3.43841910091,9.75595245148e-12
1854,3.43822542725,9.41057017749e-12
1859,3.4380326995,9.07726215499e-12
1863,3.43784088709,8.75557303023e-12
1867,3.43765000856,8.44506545827e-12
1872,3.43746004543,8.14531956999e-12
1876,3.43727100629,7.85593208316e-12
1880,3.43708287634,7.5765157292e-12
1884,3.43689565563,7.30669849937e-12
1889,3.43670933392,7.04612306766e-12
1893,3.4365239303,6.79444609864e-12
1898,3.4363394005,6.55133785473e-12
1902,3.43615576155,6.3164813887e-12
1906,3.43597302036,6.08957215879e-12
1911,3.43579114315,5.87031756854e-12
1915,3.43561014689,5.65843631569e-12
1920,3.43543003211,5.45365804922e-12
1924,3.43525078978,5.25572290528e-12
1928,3.43507239148,5.06438109432e-12
1933,3.4348948639,4.87939237934e-12
1937,3.43471819855,4.70052582353e-12
1942,3.43454236335,4.52755939034e-12
1946,3.43436738311,4.3602794764e-12
1951,3.43419324867,4.19848069471e-12
1955,3.43401993709,4.0419655105e-12
1960,3.43384746996,3.89054385884e-12
1964,3.43367583436,3.74403293822e-12
1969,3.43350502296,3.60225687191e-12
1973,3.43333502568,3.46504644015e-12
1978,3.43316584974,3.33223879448e-12
1982,3.43299747485,3.20367724935e-12
1987,3.43282991744,3.07921097435e-12
1992,3.43266317676,2.95869481501e-12
1996,3.43249721056,2.84198908458e-12
2001,3.43233205435,2.7289592485e-12
2005,3.4321677028,2.61947582198e-12
2010,3.43200411928,2.51341415871e-12
2015,3.43184131997,2.4106541984e-12
2019,3.43167930904,2.31108033665e-12
2024,3.4315180812,2.21458124795e-12
2029,3.43135761926,2.12104971899e-12
2033,3.43119793426,2.03038246371e-12
2038,3.43103898935,1.94248001625e-12
2043,3.43088083512,1.85724650489e-12
2047,3.4307234243,1.7745896175e-12
2052,3.43056677684,1.69442037296e-12
2057,3.43041085885,1.61665305598e-12
2062,3.43025569746,1.54120503502e-12
2066,3.4301012843,1.4679966904e-12
2071,3.42994760546,1.3969512838e-12
2076,3.42979466089,1.32799484016e-12
2081,3.42964244723,1.26105604909e-12
2085,3.42949096513,1.19606616122e-12
2090,3.42934020143,1.13295889638e-12
2095,3.42919016364,1.07167033868e-12
2100,3.42904084517,1.01213885834e-12
2105,3.42889222595,9.54305024173e-13
2110,3.42874433315,8.98111503936e-13
2115,3.42859713161,8.43503015466e-13
2119,3.42845064866,7.90426216296e-13
2124,3.42830485509,7.38829661688e-13
2129,3.42815975822,6.88663709934e-13
2134,3.4280153507,6.39880468092e-13
2139,3.4278716451,5.92433719125e-13
2144,3.42772861142,5.46278871148e-13
2149,3.42758626754,5.01372880882e-13
2154,3.42744459442,4.57674211175e-13
2159,3.42730360583,4.15142763959e-13
2164,3.42716328597,3.73739836138e-13
2169,3.4270236308,3.33428062586e-13
2174,3.42688464202,2.94171367958e-13
2179,3.42674632132,2.55934920254e-13
2184,3.42660865261,2.18685086519e-13
2189,3.42647164007,1.82389385766e-13
2194,3.42633529037,1.47016448926e-13
2199,3.42619957472,1.1253597994e-13
2204,3.42606452151,7.89187125104e-14
2209,3.42593009644,6.71963105845e-14
2214,3.42579632571,6.5842819432e-14
2219,3.4256631714,6.45191595644e-14
2224,3.42553066637,6.32246225157e-14
2230,3.42539879359,6.19585186495e-14
2235,3.42526753941,6.07201754369e-14
2240,3.42513690115,5.95089374417e-14
2245,3.42500689716,5.83241651491e-14
2250,3.42487751456,5.71652357247e-14
2255,3.42474873559,5.60315418682e-14
2261,3.42462058677,5.49224911054e-14
2266,3.42449301899,5.38375066166e-14
2271,3.42436607319,5.27760247953e-14
2276,3.42423972339,5.17374971433e-14
2281,3.42411397921,5.0721388155e-14
2287,3.42398883404,4.97271759284e-14
2292,3.42386428128,4.8754351596e-14
2297,3.4237403219,4.7802418623e-14
2303,3.42361694198,4.68708932344e-14
2308,3.42349415022,4.595930302e-14
2313,3.42337195216,4.5067187499e-14
2319,3.42325032112,4.41940978512e-14
2324,3.42312926403,4.33395958948e-14
2329,3.42300879372,4.25032541137e-14
2335,3.42288889658,4.16846558815e-14
2340,3.42276955489,4.08833947574e-14
2345,3.4226507919,4.00990738134e-14
2351,3.42253257389,3.93313064124e-14
2356,3.42241493074,3.85797146709e-14
2362,3.42229783221,3.78439306249e-14
2367,3.42218130178,3.71235945365e-14
2373,3.42206531876,3.64183560451e-14
2378,3.42194988962,3.57278728941e-14
2384,3.42183499442,3.50518113863e-14
2389,3.42172064754,3.43898455984e-14
2395,3.42160685134,3.37416575651e-14
2400,3.42149358651,3.31069372071e-14
2406,3.42138085538,3.24853816997e-14
2411,3.4212686625,3.18766954248e-14
2417,3.42115700162,3.12805900868e-14
2422,3.42104586625,3.06967841383e-14
2428,3.42093525652,3.01250028863e-14
2433,3.42082516451,2.95649781069e-14
2439,3.42071560059,2.90164479056e-14
2445,3.42060654543,2.84791569017e-14
2450,3.42049801802,2.79528553555e-14
2456,3.42039000062,2.74372999268e-14
2462,3.42028248576,2.69322528571e-14
2467,3.42017548803,2.64374818372e-14
2473,3.4200689849,2.59527603736e-14
2479,3.4199630016,2.54778669426e-14
2484,3.41985750874,2.50125856785e-14
2490,3.41975251204,2.45567054935e-14
2496,3.4196480097,2.41100203893e-14
2502,3.41954400206,2.36723291169e-14
2507,3.41944048669,2.32434351593e-14
2513,3.41933747168,2.28231466526e-14
2519,3.4192349271,2.24112762677e-14
2525,3.41913286332,2.20076409859e-14
2531,3.41903130131,2.16120617895e-14
2536,3.41893020303,2.12243643764e-14
2542,3.41882957092,2.08443781684e-14
2548,3.41872943671,2.04719363118e-14
2554,3.41862975687,2.01068763825e-14
2560,3.41853056411,1.97490391542e-14
2566,3.41843183103,1.93982694861e-14
2572,3.41833355449,1.90544156936e-14
2578,3.41823574986,1.87173294469e-14
2584,3.41813840745,1.83868659335e-14
2590,3.41804151882,1.80628837435e-14
2596,3.41794508957,1.77452445595e-14
2602,3.41784911826,1.74338132918e-14
2608,3.41775359643,1.71284580031e-14
2614,3.41765852399,1.68290496983e-14
2620,3.41756388897,1.6535462372e-14
2626,3.4174697137,1.62475727229e-14
2632,3.4173759846,1.59652604549e-14
2638,3.41728267745,1.56884080017e-14
2644,3.41718982951,1.54169002119e-14
2650,3.4170974086,1.515062484e-14
2656,3.41700541448,1.48894720714e-14
2662,3.41691387084,1.46333343682e-14
2668,3.41682275495,1.43821069295e-14
2674,3.41673205623,1.41356871816e-14
2681,3.41664179031,1.38939747849e-14
2687,3.41655194521,1.36568717343e-14
2693,3.41646253236,1.34242821348e-14
2699,3.41637353013,1.31961123892e-14
2705,3.41628494276,1.29722708617e-14
2712,3.41619679067,1.27526678971e-14
2718,3.41610904605,1.253721603e-14
2724,3.41602170734,1.2325829632e-14
2730,3.41593477783,1.21184249684e-14
2737,3.41584825138,1.19149201745e-14
2743,3.41576215337,1.17152351101e-14
2749,3.4156764424,1.15192916234e-14
2756,3.41559113705,1.13270130819e-14
2762,3.41550623073,1.11383246386e-14
2768,3.41542173122,1.09531530084e-14
2775,3.41533761422,1.07714266578e-14
2781,3.41525390631,1.05930754596e-14
2788,3.41517058418,1.04180309505e-14
2794,3.41508765858,1.02462260755e-14
2800,3.41500511697,1.00775953367e-14
2807,3.41492296535,9.912074561e-15
2813,3.41484119663,9.74960104019e-15
2820,3.41475982,9.59011338409e-15
2826,3.41467881627,9.43355159126e-15
2833,3.41459819011,9.27985693774e-15
2839,3.41451794623,9.12897193329e-15
2846,3.41443808154,8.98084035573e-15
2853,3.41435859383,8.83540719994e-15
2859,3.41427947154,8.69261867658e-15
2866,3.41420072556,8.55242208073e-15
2872,3.41412234148,8.41476592192e-15
2879,3.41404433068,8.27959973483e-15
2886,3.41396667821,8.1468741961e-15
2892,3.41388939858,8.01654098697e-15
2899,3.41381248111,7.88855285236e-15
2906,3.41373592461,7.76286356004e-15
2912,3.41365971336,7.63942784851e-15
2919,3.4135838715,7.51820137729e-15
2926,3.41350838385,7.39914078883e-15
2932,3.4134332466,7.28220365798e-15
2939,3.41335846263,7.16734840853e-15
2946,3.41328402782,7.05453438611e-15
2953,3.41320994906,6.94372176069e-15
2960,3.41313620874,6.83487159563e-15
2966,3.41306282108,6.72794569557e-15
2973,3.41298976246,6.6229067644e-15
2980,3.412917061,6.5197181608e-15
2987,3.41284470021,6.41834412424e-15
2994,3.41277265789,6.31874963429e-15
3001,3.41270097455,6.22090028389e-15
3008,3.41262962155,6.12476252645e-15
3015,3.41255859364,6.0303034596e-15
3022,3.41248790174,5.9374908484e-15
3029,3.41241754673,5.84629312617e-15
3036,3.41234751343,5.75667941316e-15
3043,3.41227781149,5.66861943132e-15
3050,3.41220843725,5.58208356567e-15
3057,3.41213938496,5.49704278864e-15
3064,3.41207065497,5.41346867643e-15
3071,3.41200224432,5.33133339122e-15
3078,3.41193415567,5.25060966016e-15
3085,3.41186638871,5.17127077687e-15
3092,3.41179893276,5.09329058634e-15
3099,3.41173179185,5.01664346293e-15
3106,3.41166496138,4.94130430374e-15
3113,3.41159845517,4.86724849702e-15
3121,3.41153224852,4.79445199385e-15
3128,3.41146636205,4.72289116476e-15
3135,3.41140078079,4.65254289373e-15
3142,3.41133550428,4.58338454582e-15
3150,3.41127053523,4.51539390693e-15
3157,3.41120585869,4.44854926509e-15
3164,3.41114149417,4.38282927622e-15
3171,3.41107742547,4.31821309433e-15
3179,3.41101365396,4.25468025304e-15
3186,3.41095018441,4.19221070319e-15
3193,3.41088700933,4.13078481222e-15
3201,3.41082412833,4.07038332435e-15
3208,3.41076153963,4.01098738091e-15
3215,3.41069925118,3.95257848814e-15
3223,3.4106372437,3.89513854161e-15
3230,3.4105755395,3.8386497622e-15
3238,3.41051409843,3.78309478767e-15
3245,3.41045296545,3.72845651328e-15
3253,3.41039211136,3.67471824553e-15
3260,3.41033153354,3.62186359871e-15
3268,3.41027124461,3.56987649547e-15
3275,3.41021123953,3.51874118564e-15
3283,3.41015151239,3.46844224858e-15
3290,3.41009207709,3.41896452742e-15
3298,3.41003289379,3.37029323431e-15
3306,3.40997399889,3.32241377294e-15
3313,3.40991537273,3.27531191499e-15
3321,3.40985703396,3.228973654e-15
3328,3.4097989498,3.18338532213e-15
3336,3.40974115143,3.13853344514e-15
3344,3.40968361284,3.09440486194e-15
3352,3.4096263435,3.0509866495e-15
3359,3.40956934467,3.00826613467e-15
3367,3.40951259848,2.96623090823e-15
3375,3.40945613166,2.9248687617e-15
3383,3.40939992243,2.88416775575e-15
3390,3.40934398085,2.8441161782e-15
3398,3.40928829765,2.8047025379e-15
3406,3.40923286623,2.76591557028e-15
3414,3.40917770093,2.7277442113e-15
3422,3.40912279047,2.69017762407e-15
3430,3.4090681289,2.6532051821e-15
3438,3.40901373179,2.61681644615e-15
3445,3.40895957554,2.58100119594e-15
3453,3.40890568407,2.54574938134e-15
3461,3.40885203817,2.51105117311e-15
3469,3.40879864286,2.47689690853e-15
3477,3.40874550047,2.44327711455e-15
3485,3.40869258832,2.41018251458e-15
3493,3.4086399413,2.37760396379e-15
3501,3.40858752471,2.34553254259e-15
3510,3.408535367,2.31395945071e-15
3518,3.4084834329,2.28287610856e-15
3526,3.40843176157,2.25227403831e-15
3534,3.40838031905,2.22214497325e-15
3542,3.40832911937,2.19248077158e-15
3550,3.40827815251,2.16327345562e-15
3558,3.40822742568,2.13451519339e-15
3567,3.40817693365,2.10619829898e-15
3575,3.40812667152,2.07831523473e-15
3583,3.40807664643,2.05085859671e-15
3591,3.40802686592,2.02382111521e-15
3600,3.4079773126,1.99719567342e-15
3608,3.40792797684,1.97097528003e-15
3616,3.40787887166,1.94515306425e-15
3625,3.40783000561,1.91972227803e-15
3633,3.40778136066,1.89467631851e-15
3641,3.40773294436,1.87000868996e-15
3650,3.40768474649,1.8457130239e-15
3658,3.40763678417,1.82178305314e-15
3666,3.40758903414,1.79821265721e-15
3675,3.40754151078,1.77499579014e-15
3683,3.40749420722,1.75212654669e-15
3692,3.40744712079,1.7295991126e-15
3700,3.40740025592,1.70740778547e-15
3709,3.40735361149,1.68554696767e-15
3718,3.40730716659,1.66401117431e-15
3726,3.40726095816,1.64279498275e-15
3735,3.40721496642,1.62189310914e-15
3743,3.4071691754,1.60130035624e-15
3752,3.40712358785,1.58101161499e-15
3761,3.4070782303,1.56102185548e-15
3769,3.40703308118,1.5413261591e-15
3778,3.40698813221,1.52191970072e-15
3787,3.40694339649,1.50279771663e-15
3795,3.4068988703,1.4839555479e-15
3804,3.40685454633,1.46538861337e-15
3813,3.406810428,1.447092415e-15
3822,3.40676652383,1.42906253192e-15
3830,3.40672281105,1.41129463371e-15
3839,3.40667930011,1.39378445285e-15
3848,3.40663600773,1.37652779887e-15
3857,3.40659289885,1.35952057155e-15
3866,3.40654999654,1.34275872716e-15
3875,3.40650728821,1.32623830108e-15
3884,3.40646479404,1.3099553894e-15
3893,3.40642247625,1.29390617887e-15
3902,3.40638036223,1.27808690119e-15
3911,3.40633844125,1.26249386567e-15
3920,3.40629673205,1.24712343691e-15
3929,3.40625519277,1.23197206439e-15
3938,3.4062138614,1.21703623291e-15
3947,3.40617270993,1.20231251508e-15
3956,3.40613175563,1.18779751899e-15
3965,3.40609098685,1.17348793086e-15
3974,3.40605040461,1.15938048525e-15
3983,3.40601002865,1.14547197292e-15
3993,3.40596980891,1.13175925424e-15
4002,3.40592980537,1.11823921766e-15
4011,3.40588997156,1.10490883517e-15
4020,3.40585032421,1.09176511251e-15
4030,3.40581086235,1.07880511168e-15
4039,3.40577158026,1.0660259478e-15
4048,3.40573248687,1.05342478214e-15
4057,3.40569357493,1.04099882783e-15
4067,3.40565483317,1.02874534914e-15
4076,3.40561626785,1.01666165003e-15
4086,3.40557789406,1.00474507913e-15
4095,3.4055396954,9.92993040586e-16
4104,3.40550166816,9.81402978097e-16
4114,3.40546381623,9.69972378728e-16
4123,3.40542614695,9.58698768697e-16
4133,3.40538864846,9.47579723026e-16
4142,3.40535131176,9.36612857001e-16
4152,3.40531416023,9.2579581901e-16
4162,3.40527718625,9.15126302207e-16
4171,3.40524037088,9.04602048791e-16
4181,3.40520372912,8.94220821168e-16
4190,3.40516726167,8.83980427814e-16
4200,3.405130953,8.73878720137e-16
4210,3.40509482418,8.63913573658e-16
4219,3.40505885211,8.54082910606e-16
4229,3.40502304088,8.44384684453e-16
4239,3.40498740574,8.34816877078e-16
4249,3.40495194039,8.25377509869e-16
4259,3.4049166371,8.16064637651e-16
4268,3.40488148429,8.0687635012e-16
4278,3.40484650067,7.97810761364e-16
4288,3.40481167847,7.88866019878e-16
4298,3.40477702052,7.80040307991e-16
4308,3.40474252165,7.71331834633e-16
4318,3.40470817339,7.62738842551e-16
4328,3.40467399619,7.54259597716e-16
4338,3.4046399757,7.45892396755e-16
4348,3.40460610837,7.37635569745e-16
4358,3.40457239467,7.29487469422e-16
4368,3.40453883174,7.21446475717e-16
4378,3.40450543523,7.135109919e-16
4388,3.4044721893,7.0567945687e-16
4398,3.40443909995,6.9795032484e-16
4408,3.40440615677,6.90322084768e-16
4418,3.40437336909,6.8279324223e-16
4429,3.40434073032,6.75362331066e-16
4439,3.40430824017,6.68027909659e-16
4449,3.40427589514,6.60788559053e-16
4459,3.40424371695,6.53642877474e-16
4470,3.40421167389,6.46589498618e-16
4480,3.40417978267,6.3962706712e-16
4490,3.40414803203,6.32754254515e-16
4501,3.40411643875,6.25969751037e-16
4511,3.40408498239,6.19272273122e-16
4521,3.40405367659,6.1266055216e-16
4532,3.40402250576,6.06133353272e-16
4542,3.40399148855,5.99689521603e-16
4553,3.40396060951,5.93328460427e-16
4563,3.40392987976,5.87053498803e-16
4574,3.40389927483,5.80894155195e-16
4584,3.40386883233,5.75039133194e-16
4595,3.40383851734,5.70558798098e-16
4605,3.40380833948,5.72968982455e-16
4616,3.40377830831,6.08193620828e-16
4627,3.40374840606,7.87452552155e-16
4637,3.40371865166,1.54647103293e-15
4648,3.40368902941,4.44439252172e-15
4659,3.40365954265,1.45775057349e-14
4669,3.40363019165,4.71625807396e-14
4680,3.40360098216,1.43698820923e-13
4691,3.40357189849,4.07528701627e-13
4702,3.40354295519,1.07351351821e-12
4713,3.40351413295,2.62836219499e-12
4724,3.40348545102,5.99058641258e-12
4734,3.40345690618,1.27356007322e-11
4745,3.40342848527,2.53117953987e-11
4756,3.40340018973,4.71506055475e-11
4767,3.40337203878,8.25553059337e-11
4778,3.40334400975,1.36289269441e-10
4789,3.40331611143,2.12883138536e-10
4800,3.40328833612,3.1580997621e-10
4811,3.40326069476,4.46772328425e-10
4822,3.40323316523,6.05342642061e-10
4834,3.40320578258,7.89083938448e-10
4845,3.40317851894,9.94102084558e-10
4856,3.40315137862,1.21583239085e-09
4867,3.40312435232,1.44981318543e-09
4878,3.40309747066,1.69226199765e-09
4890,3.40307069031,1.94041086769e-09
4901,3.4030440456,2.19273219362e-09
4912,3.40301752262,2.44939307542e-09
4923,3.40299111724,2.71356225999e-09
4935,3.40296483558,2.99461797813e-09
4946,3.40293867486,3.31481238115e-09
4958,3.40291262751,3.72121046107e-09
4969,3.4028867044,4.30403008964e-09
4980,3.40286089271,5.21995939811e-09
4992,3.40283521109,6.71419992327e-09
5003,3.40280963665,9.12902750643e-09
5015,3.40278417816,1.28829915461e-08
5027,3.40275883931,1.84082819949e-08
5038,3.4027336058,2.60473567208e-08
5050,3.40270850717,3.593105817e-08
5061,3.40268351336,4.78794574293e-08
5073,3.40265863363,6.13706761334e-08
5085,3.40263388283,7.56044295006e-08
5096,3.40260923717,8.96510597324e-08
5108,3.40258471627,1.02640536046e-07
5120,3.4025603002,1.13928790166e-07
5132,3.40253599642,1.23190054192e-07
5144,3.40251180757,1.30416652649e-07
5155,3.40248773137,1.35843800077e-07
5167,3.40246375891,1.39839046297e-07
5179,3.40243989543,1.42797212477e-07
5191,3.40241614933,1.45067070433e-07
5203,3.40239250517,1.46916731956e-07
5215,3.40236896089,1.48530262181e-07
5227,3.40234553742,1.5002219344e-07
5239,3.40232220031,1.5145787169e-07
5251,3.40229898464,1.52872131945e-07
5263,3.40227588759,1.54283458843e-07
5276,3.40225286943,1.55703832232e-07
5288,3.40222996158,1.57145842032e-07
5300,3.40220716683,1.58628827933e-07
5312,3.40218447374,1.60185233054e-07
5324,3.40216187825,1.61867459209e-07
5337,3.40213938204,1.63754388055e-07
5349,3.40211699351,1.6595565467e-07
5361,3.40209471275,1.68611137946e-07
5374,3.40207252877,1.71883430479e-07
5386,3.40205044004,1.75942540739e-07
5398,3.40202845282,1.80944515305e-07
5411,3.40200656161,1.87008201133e-07
5423,3.40198476236,1.94195854647e-07
5436,3.40196308414,2.02502874953e-07
5448,3.40194149627,2.1185952461e-07
5461,3.40191999839,2.22143937899e-07
5474,3.40189862212,2.33202503422e-07
5486,3.40187732539,2.44871961569e-07
5499,3.40185611686,2.56997750587e-07
5512,3.40183501915,2.69444905464e-07
5524,3.40181401992,2.8210004633e-07
5537,3.40179310738,2.94864930557e-07
5550,3.40177229487,3.07643316056e-07
5563,3.40175157843,3.20323691654e-07
5575,3.40173095838,3.32761258351e-07
5588,3.40171043979,3.44763689751e-07
5601,3.40169000996,3.56086230639e-07
5614,3.40166966009,3.66441639728e-07
5627,3.40164941757,3.75528244216e-07
5640,3.401629264,3.83074528335e-07
5653,3.40160919771,3.88892201492e-07
5666,3.40158922699,3.92924223006e-07
5679,3.40156934378,3.95272603831e-07
5692,3.40154955232,3.96194871179e-07
5705,3.40152984232,3.96067154626e-07
5718,3.40151022307,3.95322535845e-07
5732,3.40149068184,3.94381251481e-07
5745,3.40147123092,3.93591128798e-07
5758,3.40145188077,3.93191952711e-07
5771,3.40143260335,3.93308667229e-07
5785,3.40141341104,3.93969431081e-07
5798,3.40139430645,3.95138919562e-07
5811,3.40137529212,3.96756008816e-07
5825,3.40135635479,3.98767364789e-07
5838,3.40133751132,4.0115226575e-07
5852,3.40131874411,4.03937340822e-07
5865,3.40130005586,4.07201686615e-07
5879,3.40128145446,4.11073331735e-07
5892,3.40126292869,4.15717890609e-07
5906,3.40124449983,4.21320433292e-07
5919,3.40122614302,4.28062493601e-07
5933,3.40120786813,4.36097370209e-07
5947,3.40118967743,4.45527996277e-07
5960,3.40117156537,4.56391698056e-07
5974,3.40115352674,4.68654995486e-07
5988,3.40113557852,4.82219346043e-07
6002,3.40111769841,4.96936168525e-07
6016,3.401099916,5.12627402485e-07
6029,3.40108219788,5.29107092156e-07
6043,3.401064567,5.46199846182e-07
6057,3.40104700918,5.63753607036e-07
6071,3.40102952828,5.81645836218e-07
6085,3.40101212252,5.99783822046e-07
6099,3.40099480286,6.18100612811e-07
6113,3.40097755701,6.36548237858e-07
6127,3.40096037875,6.55089428494e-07
6142,3.40094327525,6.73688446901e-07
6156,3.40092625637,6.92301063069e-07
6170,3.40090931366,7.10863490289e-07
6184,3.40089243059,7.29280308476e-07
6198,3.40087562815,7.47412092517e-07
6213,3.40085889779,7.65064481735e-07
6227,3.40084223625,7.81981324841e-07
6241,3.40082565079,7.97845140693e-07
6256,3.4008091445,8.12287772509e-07
6270,3.40079268959,8.24912718843e-07
6285,3.4007763154,8.35328574123e-07
6299,3.40076000341,8.43192293288e-07
6314,3.40074375826,8.48265419613e-07
6328,3.40072757072,8.50501290415e-07
6343,3.40071144337,8.50198651118e-07
6357,3.4006953877,8.48238053177e-07
6372,3.40067938219,8.46310078691e-07
6387,3.40066343526,8.46895271787e-07
6401,3.40064753545,8.52780547513e-07
6416,3.40063169101,8.66245533775e-07
6431,3.40061589834,8.88440920514e-07
6446,3.40060017678,9.19398813555e-07
6461,3.40058448741,9.58577265915e-07
6476,3.40056886438,1.00547993674e-06
6490,3.40055330012,1.06008099824e-06
6505,3.40053777229,1.12316580629e-06
6520,3.4005222957,1.19677619084e-06
6535,3.40050684027,1.28470316362e-06
6551,3.40049143845,1.39272253092e-06
6566,3.4004760613,1.52829712135e-06
6581,3.40046071541,1.69983372679e-06
6596,3.40044538656,1.91609267504e-06
6611,3.40043009872,2.18651242625e-06
6626,3.40041484172,2.52251042838e-06
6642,3.400399611,2.93853825963e-06
6657,3.40038442364,3.45125666121e-06
6672,3.40036929876,4.07666445556e-06
6688,3.40035424847,4.82697596083e-06
6703,3.40033931227,5.70911983138e-06
6719,3.40032449103,6.72503674924e-06
6734,3.40030982163,7.87283700404e-06
6750,3.40029532808,9.14820344015e-06
6765,3.40028104669,1.0545604063e-05
6781,3.40026700399,1.20577515763e-05
6796,3.40025325353,1.36703424803e-05
6812,3.40023983299,1.53497976317e-05
6828,3.40022682725,1.70266675584e-05
6844,3.40021427157,1.85857664025e-05
6859,3.40020212561,1.9878671971e-05
6875,3.40019033111,2.07646096871e-05
6891,3.40017867143,2.11628566692e-05
6907,3.40016700279,2.10839712424e-05
6923,3.40015517107,2.06188359666e-05
6939,3.40014309399,1.98958338008e-05
6955,3.40013075244,1.9036782124e-05
6971,3.40011817582,1.81345646463e-05
6987,3.40010540001,1.7253473043e-05
7003,3.40009245285,1.6439511769e-05
7019,3.40007939265,1.57287885734e-05
7035,3.400066253,1.51494943175e-05
7051,3.40005307265,1.47187825819e-05
7068,3.40003991692,1.4438390714e-05
7084,3.40002681769,1.42931616773e-05
7100,3.40001380863,1.4254891625e-05
7117,3.40000091514,1.42904332087e-05
7133,3.39998814136,1.43700255645e-05
7150,3.3999754665,1.44719546627e-05
7166,3.39996289318,1.45825203498e-05
7183,3.39995041994,1.46930680512e-05
7199,3.3999380437,1.47965491301e-05
7216,3.39992573819,1.4885128499e-05
7232,3.39991352663,1.49491793653e-05
7249,3.39990139298,1.49774191032e-05
7266,3.39988932622,1.49579947342e-05
7282,3.39987728929,1.48806876569e-05
7299,3.39986530054,1.47404359417e-05
7316,3.39985330656,1.45415233954e-05
7333,3.39984128135,1.43004632823e-05
7350,3.39982921593,1.40453418393e-05
7367,3.39981709513,1.38111554542e-05
7384,3.39980491688,1.36332758774e-05
7401,3.39979270496,1.35421766006e-05
7418,3.39978048977,1.35610545214e-05
7435,3.39976829887,1.37055775189e-05
7452,3.39975616324,1.39838382858e-05
7469,3.39974411223,1.4395321792e-05
7487,3.39973218628,1.4929314785e-05
7504,3.39972041974,1.55643237119e-05
7521,3.3997088268,1.62699042288e-05
7538,3.39969743086,1.70109428338e-05
7556,3.3996862177,1.7752833688e-05
7573,3.3996751914,1.84653677491e-05
7591,3.39966434024,1.91239715284e-05
7608,3.39965364764,1.97085127227e-05
7626,3.39964309272,2.02010873683e-05
7643,3.39963267459,2.05844018886e-05
7661,3.39962234512,2.08417850274e-05
7679,3.39961211866,2.09590641001e-05
7696,3.39960193098,2.09278388046e-05
7714,3.39959175244,2.07490412548e-05
7732,3.39958156091,2.04351668729e-05
7750,3.39957130763,2.00096511576e-05
7768,3.39956099689,1.95029995639e-05
7785,3.39955061277,1.89470103718e-05
7803,3.39954015254,1.83694876838e-05
7821,3.39952963292,1.77913615857e-05
7839,3.39951905515,1.7226577777e-05
7857,3.39950845052,1.66837705453e-05
7876,3.3994978104,1.61683974059e-05
7894,3.399487142,1.56844968794e-05
7912,3.39947645942,1.52358632723e-05
7930,3.39946577257,1.48266996538e-05
7948,3.39945507453,1.44616424954e-05
7967,3.39944436757,1.41448020887e-05
7985,3.39943366563,1.3877755028e-05
8004,3.39942298518,1.36575368638e-05
8022,3.39941233082,1.34767449677e-05
8041,3.39940170342,1.33271617392e-05
8059,3.39939107337,1.32054267948e-05
8078,3.39938044965,1.31166861206e-05
8096,3.39936981707,1.3073144585e-05
8115,3.39935918323,1.30887917446e-05
8134,3.39934854117,1.31749614615e-05
8152,3.39933792638,1.33400863377e-05
8171,3.3993273277,1.35923399372e-05
8190,3.39931674777,1.39409241972e-05
8209,3.39930621662,1.43934165622e-05
8228,3.39929574306,1.4951139396e-05
8247,3.39928536363,1.56073082396e-05
8266,3.39927507709,1.63503965876e-05
8285,3.39926488987,1.71698210535e-05
8304,3.39925481673,1.80582883611e-05
8323,3.3992448692,1.90083119729e-05
8342,3.39923505497,2.00065708769e-05
8361,3.39922537553,2.10320114121e-05
8381,3.39921584514,2.20599790517e-05
8400,3.39920644216,2.30690813714e-05
8419,3.39919714067,2.40459664808e-05
8439,3.39918794434,2.49857090678e-05
8458,3.3991788264,2.58891417098e-05
8478,3.39916976481,2.67596155637e-05
8497,3.39916076523,2.76009192078e-05
8517,3.39915182043,2.84166439764e-05
8537,3.39914290271,2.92107610616e-05
8556,3.3991340312,2.99891785115e-05
8576,3.39912517348,3.0762177784e-05
8596,3.39911631968,3.15472723106e-05
8616,3.39910748732,3.23711450002e-05
8635,3.39909866741,3.32684236747e-05
8655,3.39908987275,3.42752303883e-05
8675,3.39908116679,3.54175312072e-05
8695,3.39907261075,3.66977972453e-05
8715,3.39906426402,3.80861399385e-05
8735,3.39905620322,3.95215026578e-05
8756,3.39904841234,4.092405884e-05
8776,3.39904088742,4.22144300777e-05
8796,3.39903357921,4.33320659155e-05
8816,3.3990264256,4.42461154114e-05
8837,3.39901935347,4.4956185698e-05
8857,3.39901232449,4.54847082162e-05
8877,3.39900532507,4.58650245125e-05
8898,3.3989983051,4.61293420343e-05
8918,3.39899130759,4.62993822676e-05
8939,3.39898433467,4.63811248779e-05
8960,3.39897742077,4.63641762617e-05
8980,3.39897054539,4.62258339962e-05
9001,3.39896371095,4.59391996135e-05
9022,3.39895689165,4.54833741636e-05
9042,3.39895002383,4.48523394232e-05
9063,3.39894307396,4.40588192329e-05
9084,3.39893604446,4.31311281688e-05
9105,3.39892887326,4.21042698922e-05
9126,3.39892158245,4.10094549235e-05
9147,3.398914181,3.98669686114e-05
9168,3.39890667099,3.86853117122e-05
9189,3.39889906218,3.7466125646e-05
9211,3.39889134612,3.62116079429e-05
9232,3.39888350651,3.49304574958e-05
9253,3.39887554249,3.36398098199e-05
9274,3.39886741924,3.23630482855e-05
9296,3.39885916097,3.11252837413e-05
9317,3.39885078626,2.99488534044e-05
9339,3.39884229365,2.88505057901e-05
9360,3.39883369295,2.78407316718e-05
9382,3.39882501533,2.69247242508e-05
9403,3.3988162674,2.61040510932e-05
9425,3.39880745482,2.53782208634e-05
9447,3.39879857673,2.47457039953e-05
9469,3.39878965318,2.42044444561e-05
9490,3.39878066883,2.3752475347e-05
9512,3.39877162196,2.33897990894e-05
9534,3.39876248772,2.31225748397e-05
9556,3.39875326526,2.29688690975e-05
9578,3.39874394165,2.29620928661e-05
9600,3.39873452219,2.31469403159e-05
9622,3.39872502932,2.35667293961e-05
9645,3.39871552412,2.42485422924e-05
9667,3.39870605865,2.51956276163e-05
9689,3.39869667512,2.63908487066e-05
9712,3.39868740303,2.78065133386e-05
9734,3.39867826556,2.94135399048e-05
9756,3.39866925773,3.11871257655e-05
9779,3.39866039216,3.31103427804e-05
9801,3.3986516518,3.51769896202e-05
9824,3.39864305125,3.73921139875e-05
9847,3.39863458433,3.97666587233e-05
9869,3.39862629387,4.23041844863e-05
9892,3.39861822204,4.4984139652e-05
9915,3.3986103944,4.77547872665e-05
9938,3.39860279812,5.05502302837e-05
9961,3.39859538921,5.33301696157e-05
9984,3.39858807245,5.61151199894e-05
10007,3.3985808205,5.89821124736e-05
10030,3.39857369515,6.20148795527e-05
10053,3.39856678703,6.52442677795e-05
10076,3.39856022071,6.86240260709e-05
10099,3.39855404301,7.2054242637e-05
10123,3.39854824647,7.54266983745e-05
10146,3.39854280507,7.86588925801e-05
10169,3.39853766651,8.17029344609e-05
10193,3.39853275394,8.45359213778e-05
10216,3.39852804906,8.71449478561e-05
10240,3.39852353045,8.95160467909e-05
10263,3.3985191417,9.16307046216e-05
10287,3.39851485454,9.34699415935e-05
10311,3.39851061419,9.50234796207e-05
10335,3.39850637078,9.62985477034e-05
10358,3.39850206613,9.73199920921e-05
10382,3.39849770155,9.81153318772e-05
10406,3.39849322605,9.86910783773e-05
10430,3.3984886425,9.90245927133e-05
10454,3.39848385752,9.90954215866e-05
10478,3.39847874936,9.8943641161e-05
10502,3.39847320528,9.86997035198e-05
10527,3.3984672009,9.8543067802e-05
10551,3.39846081844,9.86228888999e-05
10575,3.3984541389,9.90238236559e-05
10600,3.39844724822,9.98052937417e-05
10624,3.39844022536,0.000101043355623
10649,3.39843325665,0.000102796320742
10673,3.39842651288,0.000105019510015
10698,3.39842014344,0.000107537321747
10722,3.39841413419,0.000110131971595
10747,3.39840833047,0.000112684858765
10772,3.39840251509,0.000115251105154
10797,3.39839664857,0.000118011864032
10822,3.39839081556,0.000121152388133
10847,3.39838521183,0.000124756843506
10872,3.39838006954,0.000128775374499
10897,3.39837553144,0.000133057745022
10922,3.39837167845,0.000137413796959
10947,3.39836845674,0.000141664861787
10972,3.39836584,0.000145671775876
10997,3.39836367996,0.000149342634109
11023,3.39836191512,0.000152629042055
11048,3.39836042453,0.000155517503308
11074,3.3983591341,0.000158018810014
11099,3.39835801896,0.000160156433806
11125,3.3983570227,0.000161954832419
11150,3.39835614017,0.000163429154637
11176,3.39835535927,0.000164578242304
11202,3.39835468439,0.000165382878046
11228,3.3983540948,0.000165811040672
11254,3.39835353729,0.000165830996497
11280,3.39835291596,0.000165430501936
11306,3.39835217311,0.000164635824438
11332,3.39835123366,0.000163519527537
11358,3.39835007862,0.000162185368164
11384,3.39834876207,0.000160726815037
11410,3.39834742701,0.000159172007862
11436,3.39834618232,0.000157443599965
11463,3.39834508892,0.000155363442062
11489,3.39834409611,0.000152712626423
11516,3.39834294215,0.000149325559772
11542,3.39834135699,0.000145173368305
11569,3.39833901306,0.000140394590076
11596,3.39833574717,0.000135258904285
11622,3.39833150472,0.000130083990102
11649,3.39832638205,0.000125144716238
11676,3.39832057906,0.000120609601765
11703,3.39831431372,0.000116520223512
11730,3.39830772227,0.000112810493533
11757,3.39830088173,0.000109354478827
11784,3.39829368824,0.000106032726268
11811,3.39828598946,0.000102809057492
11838,3.39827751204,9.98040086787e-05
11866,3.39826810653,9.73372191895e-05
11893,3.39825771991,9.59013854782e-05
11920,3.39824663072,9.60433917559e-05
11948,3.39823545543,9.81722289713e-05
11975,3.39822498982,0.000102368908947
12003,3.39821603846,0.000108297891498
12031,3.39820916084,0.000115279158387
12059,3.39820452838,0.000122489359064
12086,3.39820197542,0.000129182613283
12114,3.39820110063,0.000134818978408
12142,3.39820147114,0.000139064619779
12170,3.39820263017,0.000141719520032
12198,3.39820414655,0.000142662647173
12226,3.39820552857,0.000141862054014
12254,3.39820627591,0.000139425326817
12283,3.3982059178,0.000135628091341
12311,3.39820413545,0.000130878830244
12339,3.39820075866,0.000125629267071
12368,3.3981957342,0.000120277015414
12396,3.39818900212,0.000115127493925
12425,3.39818025314,0.000110590163317
12454,3.39816914296,0.000107855131721
12482,3.39815680845,0.000108942627846
12511,3.39814646934,0.000114103937236
12540,3.3981400472,0.000120446055594
12569,3.39813625271,0.00012540538593
12598,3.39813322086,0.000128748736038
12627,3.39813017678,0.000131114377011
12656,3.398127014,0.000132939762887
12685,3.39812368134,0.000134435866004
12714,3.3981201991,0.000135730204449
12744,3.39811656177,0.00013692409475
12773,3.39811277942,0.000138099973046
12802,3.39810889738,0.000139316131395
12832,3.39810495431,0.000140607439185
12862,3.39810097826,0.000141992700353
12891,3.39809700526,0.000143481011808
12921,3.39809303622,0.000145075218405
12951,3.39808908251,0.00014677483067
12981,3.39808517509,0.000148579955294
13011,3.39808130152,0.00015049622962
13041,3.39807744464,0.000152539045927
13071,3.39807360729,0.000154734888255
13101,3.39806979081,0.000157119924967
13131,3.39806601833,0.000159737664588
13161,3.39806231898,0.00016263664578
13192,3.39805871725,0.000165868622891
13222,3.39805527077,0.000169488648256
13252,3.39805206959,0.000173558489369
13283,3.39804917855,0.000178150921227
13314,3.39804674395,0.000183349359846
13344,3.39804497472,0.000189243038615
13375,3.3980441573,0.000195923328681
13406,3.39804474104,0.000203468523657
13437,3.39804760053,0.000211786032939
13468,3.39805400123,0.000219951812095
13499,3.39806441838,0.000225418570784
13530,3.39807652828,0.000225547200526
13561,3.39808653601,0.000220970227774
13592,3.39809331652,0.000214730641291
13624,3.39809817303,0.000208508931937
13655,3.39810218838,0.000202251653315
13687,3.3981056007,0.000195645192075
13718,3.39810842343,0.000188577838559
13750,3.39811064588,0.000181033637148
13781,3.39811228732,0.000173007937749
13813,3.39811336913,0.000164459524178
13845,3.39811389577,0.000155270958947
13877,3.39811377004,0.000145245317708
13909,3.39811268574,0.00013415896207
13941,3.39811009509,0.000121886902412
13973,3.39810512598,0.000108680501624
14005,3.39809700081,9.55753297534e-05
14038,3.39808585152,8.42467211203e-05
14070,3.39807317258,7.56963283023e-05
14102,3.39806029056,6.95033847437e-05
14135,3.39804751155,6.49895077854e-05
14168,3.39803488709,6.19808245683e-05
14200,3.39802265206,6.03554891545e-05
14233,3.39801099881,5.98679589826e-05
14266,3.39799996183,6.03199907452e-05
14299,3.39798960746,6.16072655401e-05
14332,3.3979800686,6.36497269242e-05
14365,3.39797157094,6.62774514434e-05
14398,3.39796435288,6.91079562071e-05
14431,3.39795839116,7.15331150733e-05
14464,3.39795322092,7.29724898418e-05
14498,3.39794806292,7.32892028114e-05
14531,3.39794229105,7.2920046523e-05
14565,3.39793580175,7.25026192062e-05
14598,3.39792890781,7.24138806266e-05
14632,3.39792190609,7.26798600024e-05
14665,3.39791495913,7.31751018987e-05
14699,3.39790808518,7.3793244382e-05
14733,3.3979012411,7.44838002437e-05
14767,3.39789440399,7.52286831471e-05
14801,3.39788755431,7.60213031272e-05
14835,3.3978806835,7.68586278526e-05
14870,3.39787376212,7.7739343906e-05
14904,3.39786679086,7.86634124116e-05
14938,3.39785975194,7.96316503198e-05
14973,3.39785262408,8.06452884842e-05
15007,3.3978454178,8.17055756697e-05
15042,3.39783809145,8.2812920602e-05
15076,3.39783066829,8.39639078538e-05
15111,3.39782313015,8.51438649971e-05
15146,3.39781547,8.63169844106e-05
15181,3.39780763113,8.74284260833e-05
15216,3.39779951378,8.84368909016e-05
15251,3.39779100731,8.93641494226e-05
15286,3.39778198015,9.03055975386e-05
15321,3.39777240639,9.13725916645e-05
15357,3.39776232466,9.26215006435e-05
15392,3.39775170737,9.40408812761e-05
15428,3.3977405086,9.55922344482e-05
15463,3.39772862492,9.72499872108e-05
15499,3.39771587984,9.90133234151e-05
15535,3.39770206794,0.000100900617596
15570,3.3976869741,0.000102942438223
15606,3.39767025178,0.000105178646221
15642,3.39765143511,0.00010766165517
15678,3.397629798,0.000110484095389
15714,3.39760413402,0.000113917701948
15751,3.39757243565,0.000118916805805
15787,3.39753192629,0.00012835663983
15823,3.39748075688,0.000148745141228
15860,3.397422215,0.000190172215686
15896,3.39736888601,0.000261106753969
15933,3.3973402413,0.000359066153775
15970,3.39735086111,0.000466302374244
16007,3.39739852316,0.000558651914575
16043,3.39746534695,0.000621368948579
16080,3.39753122067,0.000656622390092
16117,3.39758618458,0.000677186084377
16155,3.39763213218,0.000695123112781
16192,3.39767665124,0.000715310684231
16229,3.39772646164,0.000735631155444
16267,3.3977839408,0.000750496255358
16304,3.39784698358,0.000754536034918
16342,3.39791063168,0.00074503801755
16379,3.3979694665,0.000722745550364
16417,3.39801985007,0.000691038796231
16455,3.39806085985,0.000653998029712
16493,3.39809359062,0.000614462087011
16531,3.39811946943,0.000573357435315
16569,3.39813869716,0.000530691846617
16607,3.3981504542,0.000487135656724
16646,3.39815420104,0.000444606096637
16684,3.39815067925,0.000405449047066
16722,3.3981418056,0.000371255999569
16761,3.39812977094,0.000342399625187
16800,3.39811622569,0.000318366230063
16838,3.39810221139,0.000298318343856
16877,3.39808819441,0.000281465833084
16916,3.39807439361,0.000267196426402
16955,3.39806083966,0.000255078124402
16994,3.39804755029,0.000244822075849
17033,3.39803451553,0.000236240219919
17073,3.39802174792,0.000229207847635
17112,3.39800927575,0.000223636414848
17151,3.39799713297,0.000219459330479
17191,3.39798538376,0.000216629679274
17231,3.39797407767,0.00021512623646
17270,3.39796328461,0.000214962576214
17310,3.39795313297,0.000216190456624
17350,3.39794384869,0.000218881183026
17390,3.39793578745,0.000223062931991
17430,3.39792945153,0.000228603122386
17470,3.39792544326,0.000235066655576
17511,3.3979241486,0.000241640120287
17551,3.3979255757,0.000247233951141
17591,3.39792907359,0.000250799482566
17632,3.39793348685,0.000251740612709
17673,3.39793756516,0.000250180492528
17713,3.39794031734,0.000246892287386
17754,3.39794148768,0.000242915056826
17795,3.39794138472,0.000239088734086
17836,3.3979405819,0.00023578181991
17877,3.3979396153,0.00023292868684
17918,3.39793867412,0.000230277444611
17960,3.39793770636,0.000227639497982
18001,3.39793664044,0.000224987469449
18043,3.39793542595,0.000222394533053
18084,3.39793414407,0.000219918357096
18126,3.39793288042,0.000217536053807
18168,3.397931656,0.000215162130945
18210,3.39793046615,0.000212710343963
18252,3.39792920755,0.000210143843206
18294,3.39792782571,0.000207486515883
18336,3.39792621838,0.000204802817835
18378,3.39792443213,0.000202167753458
18420,3.39792246541,0.000199643886875
18463,3.39792035219,0.000197271016596
18505,3.39791817201,0.000195066313163
18548,3.39791595328,0.000193030083833
18591,3.39791370715,0.000191152940316
18634,3.39791147853,0.000189421788979
18677,3.39790927938,0.000187823544044
18720,3.39790713546,0.000186346467498
18763,3.39790504204,0.000184979626796
18806,3.39790301348,0.000183711114042
18849,3.39790107617,0.000182525603335
18893,3.3978992595,0.000181401704152
18936,3.39789753247,0.000180309844833
18980,3.39789593646,0.000179212445213
19024,3.39789437647,0.000178069597628
19068,3.39789288327,0.000176852953975
19112,3.39789139206,0.000175565192441
19156,3.39788979397,0.000174253085264
19200,3.39788809619,0.000172998484119
19244,3.3978863412,0.000171883285756
19289,3.39788462738,0.000170946313982
19333,3.39788305334,0.000170160789644
19378,3.39788167596,0.000169446969436
19422,3.39788049818,0.000168708535712
19467,3.39787948445,0.000167868093138
19512,3.39787856305,0.000166884992952
19557,3.39787768274,0.000165754835444
19602,3.39787675644,0.000164499365276
19647,3.39787576861,0.000163154982151
19692,3.39787471362,0.000161763583091
19738,3.39787357036,0.000160366063274
19783,3.39787234839,0.000158997755297
19829,3.39787109413,0.000157685256015
19875,3.39786984197,0.000156444431655
19920,3.39786857299,0.000155279557952
19966,3.39786737018,0.000154183558381
20012,3.39786624347,0.000153139282695
20059,3.39786520588,0.00015212165159
20105,3.39786429177,0.000151100471437
20151,3.39786349022,0.000150043645614
20198,3.39786277306,0.000148920437735
20244,3.39786216935,0.000147704408271
20291,3.39786160516,0.00014637565594
20338,3.39786107919,0.000144922026538
20385,3.39786055058,0.000143339150232
20432,3.39786003025,0.000141629327443
20479,3.39785946326,0.000139799552332
20526,3.3978588521,0.000137859120831
20573,3.39785817521,0.000135817415157
20621,3.39785742925,0.000133682400419
20668,3.39785659357,0.00013146023294
20716,3.39785566778,0.000129156093633
20763,3.39785463483,0.000126776041517
20811,3.39785346516,0.000124329376252
20859,3.39785217704,0.000121830811592
20907,3.3978507104,0.000119301762864
20956,3.39784909515,0.000116770212062
21004,3.39784729522,0.00011426900075
21052,3.39784533093,0.000111832769683
21101,3.3978432147,0.000109494162241
21150,3.39784099145,0.000107280080969
21198,3.39783864705,0.000105208788498
21247,3.39783626271,0.000103288398374
21296,3.3978338284,0.000101516980854
21345,3.39783144048,9.9884094004e-05
21394,3.39782904578,9.83733044126e-05
21444,3.39782668428,9.69650751134e-05
21493,3.3978243656,9.5639472347e-05
21543,3.39782212629,9.43782560073e-05
21592,3.39781993088,9.31661579524e-05
21642,3.39781777188,9.19913423075e-05
21692,3.39781565286,9.08452150552e-05
21742,3.39781356268,8.97218156334e-05
21792,3.39781150542,8.86170302283e-05
21842,3.3978094846,8.75278263172e-05
21893,3.39780746002,8.64516371021e-05
21943,3.39780549062,8.53859518983e-05
21994,3.39780353127,8.43281333408e-05
22045,3.39780159849,8.32754142048e-05
22095,3.39779966997,8.22250412038e-05
22146,3.39779774935,8.11744982237e-05
22197,3.39779583972,8.01217589194e-05
22249,3.39779395548,7.90655155828e-05
22300,3.39779204049,7.80053472882e-05
22351,3.39779015544,7.69417944486e-05
22403,3.39778824583,7.58763468773e-05
22454,3.39778632512,7.48113336708e-05
22506,3.39778438462,7.37497511241e-05
22558,3.39778244482,7.26950468863e-05
22610,3.39778048069,7.16508950243e-05
22662,3.39777848173,7.06209805591e-05
22714,3.39777646462,6.96088139463e-05
22767,3.39777444187,6.86175833678e-05
22819,3.39777241828,6.76500444967e-05
22872,3.39777035765,6.67084464562e-05
22925,3.39776830623,6.57944868138e-05
22977,3.39776622072,6.49093026921e-05
23030,3.3977641645,6.40534851741e-05
23083,3.39776207994,6.32271343085e-05
23137,3.39775999124,6.24299403966e-05
23190,3.39775789176,6.16613051906e-05
23243,3.39775581069,6.092048711e-05
23297,3.3977537495,6.02067607036e-05
23351,3.39775165716,5.95195620283e-05
23405,3.39774958042,5.88585868181e-05
23459,3.39774751878,5.82238227092e-05
23513,3.39774545883,5.76154951889e-05
23567,3.39774340125,5.70339431595e-05
23621,3.39774132089,5.64794586023e-05
23676,3.39773927954,5.59521323637e-05
23730,3.39773722232,5.54517523666e-05
23785,3.39773518663,5.49777613605e-05
23840,3.39773319083,5.45292836105e-05
23895,3.39773118171,5.41051947128e-05
23950,3.39772916733,5.3704208598e-05
24005,3.3977271673,5.33249681755e-05
24060,3.39772521375,5.29661246466e-05
24116,3.39772324337,5.26264043669e-05
24171,3.39772130429,5.23046562068e-05
24227,3.39771938286,5.19998903874e-05
24283,3.39771745845,5.17112984154e-05
24339,3.3977155716,5.14382565147e-05
24395,3.39771365231,5.11803165388e-05
24451,3.39771178085,5.09371763694e-05
24508,3.39770989037,5.07086493155e-05
24564,3.39770803456,5.04946230842e-05
24621,3.39770617787,5.02950365057e-05
24678,3.39770432096,5.01098808633e-05
24734,3.39770248733,4.99392547701e-05
24791,3.3977006481,4.97834810615e-05
24849,3.39769881849,4.96432554181e-05
24906,3.39769696437,4.95197540704e-05
24963,3.39769514821,4.9414590996e-05
25021,3.39769332321,4.93295802543e-05
25079,3.39769150495,4.92663679077e-05
25136,3.39768966968,4.922614118e-05
25194,3.39768785869,4.9209610061e-05
25252,3.39768605041,4.92173316809e-05
25311,3.39768422918,4.92502754723e-05
25369,3.39768238002,4.93105107703e-05
25427,3.39768057662,4.94020151683e-05
25486,3.39767873271,4.95317220387e-05
25545,3.39767684271,4.9710810838e-05
25604,3.39767495238,4.99559058127e-05
25663,3.39767306559,5.02893550796e-05
25722,3.39767118483,5.07374598868e-05
25781,3.3976693169,5.13257400036e-05
25841,3.39766753434,5.20712484146e-05
25900,3.39766586963,5.29734655769e-05
25960,3.39766438435,5.40067745361e-05
26020,3.39766311485,5.51180591208e-05
26080,3.39766216098,5.62318501966e-05
26140,3.3976614824,5.72628266796e-05
26200,3.39766100333,5.81324060065e-05
26260,3.39766066921,5.87842471188e-05
26321,3.39766044897,5.91937615786e-05
26382,3.3976602029,5.93691076308e-05
26442,3.39765990163,5.93443816899e-05
26503,3.39765953333,5.91682848153e-05
26565,3.39765902227,5.88923524937e-05
26626,3.39765838952,5.85619580983e-05
26687,3.39765768884,5.82115247333e-05
26749,3.39765685828,5.78636540408e-05
26810,3.39765602636,5.75308629607e-05
26872,3.39765505889,5.72184516491e-05
26934,3.39765415159,5.6927326819e-05
26996,3.39765314961,5.66562132146e-05
27058,3.39765218932,5.6403060159e-05
27121,3.39765118928,5.61658045097e-05
27183,3.39765018094,5.59426706973e-05
27246,3.39764912533,5.57322299073e-05
27309,3.39764813104,5.55333442751e-05
27372,3.39764710756,5.53450927974e-05
27435,3.39764606193,5.5166695733e-05
27498,3.39764503176,5.49974648472e-05
27561,3.39764400069,5.48367727182e-05
27625,3.39764295956,5.46840337271e-05
27689,3.39764191038,5.45386953834e-05
27753,3.39764089585,5.44002352499e-05
27817,3.39763987084,5.42681642247e-05
27881,3.39763886946,5.41420275129e-05
27945,3.39763784888,5.4021412183e-05
28009,3.39763681946,5.39059506135e-05
28074,3.39763582193,5.37953258929e-05
28139,3.39763478984,5.36892775861e-05
28203,3.39763378025,5.3587599458e-05
28269,3.39763278801,5.34901411735e-05
28334,3.39763180323,5.33968035848e-05
28399,3.39763078914,5.33075332653e-05
28464,3.39762980075,5.32223136917e-05
28530,3.39762881775,5.31411607644e-05
28596,3.39762781851,5.30641153059e-05
28662,3.39762683339,5.29912373657e-05
28728,3.39762587399,5.29226044439e-05
28794,3.39762487393,5.28583118866e-05
28860,3.3976239026,5.27984717945e-05
28927,3.39762295867,5.27432217264e-05
28994,3.39762198451,5.26927337315e-05
29061,3.39762098708,5.26472257357e-05
29127,3.39762004696,5.26069779562e-05
29195,3.39761910722,5.25723533946e-05
29262,3.39761814671,5.25438074908e-05
29329,3.39761717217,5.25218864852e-05
29397,3.39761622743,5.2507198802e-05
29465,3.39761525912,5.25003479819e-05
29533,3.3976143778,5.25018079437e-05
29601,3.39761339741,5.25117566827e-05
29669,3.3976125032,5.25298559786e-05
29737,3.39761159504,5.25550540583e-05
29806,3.397610742,5.25854348795e-05
29875,3.39760980518,5.26182171787e-05
29944,3.39760897705,5.26499398562e-05
30013,3.3976081325,5.26768926373e-05
30082,3.39760730891,5.26957209241e-05
30151,3.39760643285,5.27041290072e-05
30221,3.39760564047,5.27015033561e-05
30290,3.39760480013,5.26893102383e-05
30360,3.39760395972,5.26711187032e-05
30430,3.39760307851,5.2652243274e-05
30500,3.39760222032,5.26390650278e-05
30571,3.39760132951,5.26382085509e-05
30641,3.39760040542,5.26557619528e-05
30712,3.39759946804,5.26967253372e-05
30782,3.39759860869,5.27647899758e-05
30853,3.39759764851,5.28624756212e-05
30925,3.39759678527,5.2991544934e-05
30996,3.39759584395,5.31536086897e-05
31067,3.39759500459,5.3350697206e-05
31139,3.39759412319,5.35856026949e-05
31211,3.3975932458,5.38616585907e-05
31283,3.39759243912,5.41816982002e-05
31355,3.39759171026,5.45460432412e-05
31427,3.39759097831,5.49497387114e-05
31500,3.39759041564,5.53797552305e-05
31572,3.39758992819,5.58133632268e-05
31645,3.39758956353,5.62189162528e-05
31718,3.39758928364,5.65597829393e-05
31791,3.39758911207,5.68009820196e-05
31864,3.39758900552,5.69168117653e-05
31938,3.39758883986,5.68969892845e-05
32011,3.39758866751,5.67491042564e-05
32085,3.39758849678,5.64965137487e-05
32159,3.397588203,5.61725027362e-05
32233,3.39758780727,5.58128305818e-05
32308,3.39758730681,5.5449083941e-05
32382,3.39758668738,5.51045149308e-05
32457,3.39758609497,5.47928418212e-05
32531,3.39758543322,5.45194289878e-05
32606,3.39758479043,5.42836995503e-05
32682,3.39758403527,5.40817304687e-05
32757,3.39758342482,5.39083141625e-05
32832,3.39758270403,5.37582884951e-05
32908,3.39758196425,5.36271617293e-05
32984,3.39758130871,5.3511295373e-05
33060,3.3975806177,5.34078419962e-05
33136,3.39757992508,5.33145859496e-05
33213,3.39757930796,5.32297900235e-05
33289,3.3975786505,5.31520758812e-05
33366,3.39757797975,5.30803315297e-05
33443,3.39757731715,5.30136544055e-05
33520,3.39757670103,5.29513095937e-05
33597,3.39757607494,5.28926999466e-05
33675,3.39757543917,5.28373371928e-05
33752,3.39757482613,5.27848189787e-05
33830,3.39757411272,5.27348114321e-05
33908,3.39757349885,5.26870248786e-05
33986,3.39757297384,5.26412092141e-05
34065,3.39757229102,5.2597145322e-05
34143,3.3975716919,5.25546283817e-05
34222,3.39757108375,5.25134778154e-05
34301,3.39757050577,5.24735289905e-05
34380,3.39756984567,5.24346373287e-05
34459,3.39756932847,5.2396670554e-05
34539,3.39756876325,5.23595196996e-05
34618,3.39756819416,5.23230878236e-05
34698,3.39756755067,5.22872935779e-05
34778,3.39756695906,5.22520641946e-05
34858,3.39756643915,5.22173378098e-05
34939,3.39756586998,5.21830617624e-05
35019,3.39756531843,5.21491856294e-05
35100,3.39756470109,5.21156649085e-05
35181,3.39756419543,5.20824536072e-05
35262,3.3975635737,5.2049513726e-05
35343,3.39756306321,5.20168016264e-05
35425,3.39756240881,5.19842821745e-05
35506,3.39756190358,5.19519128924e-05
35588,3.39756139544,5.19196592113e-05
35670,3.39756075663,5.18874874208e-05
35752,3.39756032015,5.18553582323e-05
35835,3.39755979046,5.18232437439e-05
35917,3.39755928843,5.1791111954e-05
36000,3.39755864798,5.17589382155e-05
36083,3.39755818607,5.17266946509e-05
36166,3.39755764577,5.16943681689e-05
36250,3.39755718768,5.16619485495e-05
36333,3.39755662432,5.16294452667e-05
36417,3.39755605881,5.15968857438e-05
36501,3.39755551547,5.15643324684e-05
36585,3.3975550605,5.15318963784e-05
36669,3.39755451496,5.14997593233e-05
36754,3.39755392012,5.14681855493e-05
36839,3.3975534655,5.14375374375e-05
36924,3.39755291599,5.14082889165e-05
37009,3.39755239138,5.1381001949e-05
37094,3.39755186265,5.13563007722e-05
37180,3.39755142458,5.13348110892e-05
37265,3.39755082848,5.13170910735e-05
37351,3.39755032408,5.13035333675e-05
37437,3.39754982377,5.12942982662e-05
37524,3.39754932967,5.12892503734e-05
37610,3.39754882153,5.12879398454e-05
37697,3.39754829481,5.12896246674e-05
37784,3.39754786338,5.12933326675e-05
37871,3.39754736425,5.12979601284e-05
37958,3.39754682706,5.13023688976e-05
38046,3.39754645239,5.13054838946e-05
38133,3.39754589746,5.13063793103e-05
38221,3.39754545328,5.1304306838e-05
38309,3.39754507525,5.12987272484e-05
38398,3.39754458177,5.12893020767e-05
38486,3.39754415437,5.12758688209e-05
38575,3.39754364639,5.12584326771e-05
38664,3.3975431704,5.12371455412e-05
38753,3.39754282693,5.12123086374e-05
38842,3.39754242681,5.11843858285e-05
38932,3.397541878,5.11540138611e-05
39022,3.39754151272,5.11220143236e-05
39112,3.39754110417,5.10894185021e-05
39202,3.39754055706,5.10574520962e-05
39292,3.39754014074,5.10275041925e-05
39383,3.39753961876,5.10010837427e-05
39473,3.39753922717,5.09797151919e-05
39564,3.39753874298,5.09648295703e-05
39656,3.3975382174,5.0957602685e-05
39747,3.39753776711,5.0958791785e-05
39839,3.39753725941,5.09685779602e-05
39931,3.39753692242,5.09864252638e-05
40023,3.39753632778,5.10110247866e-05
40115,3.39753592146,5.10402888865e-05
40207,3.3975355257,5.10714978625e-05
40300,3.39753499154,5.11015234757e-05
40393,3.39753477147,5.11271435784e-05
40486,3.39753436244,5.1145437976e-05
40579,3.39753395139,5.11541286343e-05
40673,3.39753346525,5.11518898246e-05
40767,3.39753318276,5.11385129916e-05
40861,3.39753273129,5.11149433108e-05
40955,3.397532325,5.10831287834e-05
41049,3.39753193753,5.10457755748e-05
41144,3.39753151992,5.10060139602e-05
41239,3.39753106206,5.09670532996e-05
41334,3.39753072792,5.09318774474e-05
41429,3.39753032469,5.09030294953e-05
41525,3.39752979168,5.08824758001e-05
41620,3.39752928138,5.08715647396e-05
41716,3.39752874578,5.08710609427e-05
41812,3.3975284113,5.08812081985e-05
41909,3.39752794738,5.09018303169e-05
42005,3.3975275061,5.09324060691e-05
42102,3.39752701534,5.09721643808e-05
42199,3.39752657223,5.10201553716e-05
42297,3.39752612234,5.10753255308e-05
42394,3.39752567281,5.11365792543e-05
42492,3.39752522913,5.12028381215e-05
42590,3.39752493342,5.12730882736e-05
42688,3.39752453472,5.13464260019e-05
42786,3.39752404099,5.14220714909e-05
42885,3.39752371096,5.14993781043e-05
42984,3.3975232842,5.15778405288e-05
43083,3.39752279891,5.16570693848e-05
43182,3.39752249566,5.17367740227e-05
43282,3.39752210443,5.18167527992e-05
43382,3.39752178219,5.18968591711e-05
43482,3.39752136581,5.19769961498e-05
43582,3.39752103165,5.20570927972e-05
43682,3.39752070648,5.21371032705e-05
43783,3.39752020288,5.22169978211e-05
43884,3.39751999508,5.22967462539e-05
43985,3.39751962674,5.2376339448e-05
44086,3.39751939209,5.24557616724e-05
44188,3.39751882481,5.25350127091e-05
44290,3.39751867262,5.2614076616e-05
44392,3.39751837796,5.26929601389e-05
44494,3.39751793143,5.27716636877e-05
44597,3.39751754796,5.28501860043e-05
44700,3.39751719168,5.29285312932e-05
44803,3.39751693683,5.30067034207e-05
44906,3.39751662717,5.30847110712e-05
45010,3.39751633354,5.31625605035e-05
45113,3.39751615276,5.32402586015e-05
45217,3.39751572673,5.33178203825e-05
45322,3.39751542717,5.33952504258e-05
45426,3.39751507984,5.34725628988e-05
45531,3.39751479116,5.35497686579e-05
45636,3.39751446137,5.36268830145e-05
45741,3.39751429035,5.37039179357e-05
45846,3.39751406799,5.37808935027e-05
45952,3.39751368696,5.38578302068e-05
46058,3.39751331734,5.39347467135e-05
46164,3.39751315781,5.40116645643e-05
46271,3.39751272402,5.40886205826e-05
46377,3.39751243422,5.41656431371e-05
46484,3.39751222565,5.4242776048e-05
46591,3.39751195492,5.43200746686e-05
46699,3.3975116897,5.4397604172e-05
46806,3.39751138501,5.44754481288e-05
46914,3.39751109228,5.45537088922e-05
47023,3.39751088082,5.46325126451e-05
47131,3.39751049184,5.47120184653e-05
47240,3.39751037567,5.47924043664e-05
47348,3.39750994094,5.4873896923e-05
47458,3.3975097749,5.49567350649e-05
47567,3.3975094554,5.50412026382e-05
47677,3.39750909302,5.51275980968e-05
47787,3.39750899151,5.52162317663e-05
47897,3.39750856701,5.53074326231e-05
48007,3.39750839702,5.540150211e-05
48118,3.39750799234,5.54987361747e-05
48229,3.39750783294,5.55993776493e-05
48340,3.39750750105,5.57036331796e-05
48451,3.39750726296,5.58116359517e-05
48563,3.39750689748,5.5923456593e-05
48675,3.39750681539,5.60390804388e-05
48787,3.39750652722,5.61584327249e-05
48900,3.39750633212,5.62813550495e-05
49012,3.39750610482,5.64076335188e-05
49125,3.3975058969,5.65370000577e-05
49239,3.39750543377,5.66691540634e-05
49352,3.3975054238,5.6803754804e-05
49466,3.3975050685,5.69404769775e-05
49580,3.39750494234,5.70789754904e-05
49694,3.39750459071,5.72189365713e-05
49809,3.39750441136,5.73600547602e-05
49924,3.39750417197,5.750206378e-05
50039,3.39750409948,5.76447216154e-05
50154,3.3975037941,5.77878300565e-05
50270,3.39750357998,5.79312111023e-05
50386,3.39750326601,5.80747258901e-05
50502,3.3975033225,5.82182516092e-05
50618,3.39750315031,5.83617075604e-05
50735,3.397502978,5.85050190359e-05
50852,3.39750273668,5.86481330171e-05
50969,3.39750263489,5.87910050518e-05
51086,3.3975022698,5.89336117902e-05
51204,3.39750237043,5.90759184354e-05
51322,3.39750230807,5.92179199776e-05
51441,3.3975020524,5.93596057842e-05
51559,3.39750187817,5.95009634424e-05
51678,3.3975017857,5.96419879791e-05
51797,3.39750143237,5.97826824544e-05
51917,3.39750142226,5.99230347773e-05
52036,3.39750134529,6.00630517846e-05
52156,3.3975010511,6.02027365606e-05
52276,3.39750106323,6.03420807614e-05
52397,3.39750108352,6.04810908671e-05
52518,3.39750081186,6.0619773503e-05
52639,3.39750072679,6.0758121271e-05
52760,3.39750067192,6.08961377236e-05
52882,3.39750058115,6.10338242642e-05
53004,3.3975004704,6.11711800847e-05
53126,3.39750027519,6.13082048942e-05
53248,3.39750029818,6.14448906681e-05
53371,3.39750014281,6.15812407462e-05
53494,3.39750000032,6.17172464585e-05
53617,3.39749990049,6.1852900536e-05
53741,3.39750000083,6.19881917838e-05
53865,3.39749968831,6.21231214272e-05
53989,3.39749957804,6.22576666189e-05
54114,3.39749942357,6.23918185819e-05
54238,3.39749944347,6.25255584094e-05
54363,3.39749922862,6.26588771969e-05
54489,3.39749928718,6.27917477095e-05
54614,3.3974994859,6.29241531908e-05
54740,3.39749918807,6.30560850653e-05
54866,3.39749944716,6.31875023878e-05
54993,3.39749904231,6.33184055617e-05
55120,3.39749902645,6.34487520022e-05
55247,3.39749906373,6.35785244013e-05
55374,3.39749921332,6.3707697704e-05
55502,3.39749910281,6.38362547189e-05
55630,3.39749902462,6.39641657046e-05
55758,3.3974989876,6.4091406275e-05
55886,3.39749908764,6.42179505815e-05
56015,3.39749883619,6.43437841388e-05
56144,3.39749900667,6.44688690157e-05
56274,3.39749904725,6.45931929044e-05
56404,3.39749895598,6.47167337549e-05
56534,3.39749891045,6.48394668441e-05
56664,3.39749880171,6.49613737548e-05
56795,3.39749889036,6.50824299527e-05
56925,3.39749908632,6.5202618631e-05
57057,3.39749900115,6.53219298499e-05
57188,3.39749901833,6.54403400524e-05
57320,3.39749887091,6.55578394502e-05
57452,3.39749870759,6.56744116056e-05
57585,3.39749901993,6.57900348544e-05
57717,3.39749892382,6.59047156876e-05
57850,3.39749917382,6.60184305507e-05
57984,3.39749902236,6.61311869012e-05
58117,3.39749907693,6.62429680416e-05
58251,3.39749923702,6.63537736139e-05
58386,3.39749937273,6.64636070549e-05
58520,3.39749940471,6.65724749054e-05
58655,3.39749939056,6.66803863135e-05
58790,3.39749929249,6.67873592134e-05
58926,3.39749916685,6.68934187697e-05
59062,3.39749942683,6.69985949744e-05
59198,3.39749960695,6.71029505157e-05
59334,3.39749987235,6.7206555388e-05
59471,3.39749959837,6.73095201315e-05
59608,3.39749987718,6.74119522672e-05
59746,3.39749966545,6.75140394218e-05
59883,3.39749959912,6.7615981159e-05
60021,3.39749998075,6.77180365551e-05
60160,3.39750011504,6.78205450408e-05
60299,3.39750024142,6.7923894606e-05
60438,3.3975002193,6.80285530044e-05
60577,3.39750045997,6.81350514523e-05
60716,3.39750054119,6.82440108341e-05
60856,3.39750053399,6.83561084662e-05
60997,3.39750062577,6.84720725039e-05
61137,3.39750094533,6.85926647076e-05
61278,3.39750082847,6.87186659601e-05
61420,3.39750109217,6.88507918081e-05
61561,3.39750129717,6.8989700036e-05
61703,3.39750129333,6.91359032305e-05
61845,3.39750147444,6.92897002713e-05
61988,3.39750113934,6.94511418229e-05
62131,3.39750176501,6.96198942811e-05
62274,3.39750186153,6.97952783478e-05
62418,3.39750201714,6.99761066018e-05
62561,3.39750228509,7.01606898275e-05
62706,3.39750240998,7.03468023839e-05
62850,3.39750293542,7.05316505402e-05
62995,3.39750321541,7.07119296177e-05
63140,3.39750350705,7.08838233974e-05
63286,3.39750372495,7.1043099913e-05
63432,3.39750415109,7.11851924577e-05
63578,3.3975050649,7.13053256314e-05
63725,3.39750538218,7.13986798723e-05
63871,3.39750579709,7.14604725597e-05
64019,3.39750618046,7.14861633361e-05
64166,3.39750696945,7.14715715939e-05
64314,3.39750744379,7.14130476962e-05
64462,3.39750817418,7.13075379133e-05
64611,3.3975082147,7.11527358977e-05
64760,3.39750919843,7.09470616209e-05
64909,3.39750983821,7.06898121452e-05
65059,3.39751026048,7.03810773501e-05
65209,3.39751117804,7.00217374905e-05
65359,3.39751170216,6.96134656187e-05
65510,3.39751236054,6.91586046815e-05
65661,3.39751258895,6.86601465082e-05
65812,3.39751327326,6.81216008399e-05
65964,3.39751394434,6.75469714517e-05
66116,3.39751384066,6.69406555721e-05
66268,3.39751423046,6.6307324499e-05
66421,3.39751469007,6.56519293757e-05
66574,3.3975148489,6.49796032301e-05
66728,3.39751501225,6.42955893222e-05
66882,3.39751510346,6.36052018867e-05
67036,3.39751557574,6.29137459041e-05
67190,3.39751515485,6.22264895645e-05
67345,3.39751527768,6.15485037698e-05
67500,3.39751567629,6.0884655484e-05
67656,3.39751532134,6.02394912488e-05
67812,3.39751541803,5.96170787612e-05
67968,3.39751516501,5.90209747955e-05
68125,3.39751482229,5.84540664382e-05
68282,3.39751468108,5.79184963841e-05
68440,3.39751405109,5.7415605949e-05
68597,3.39751444038,5.69458338206e-05
68755,3.39751417921,5.65087932312e-05
68914,3.39751371426,5.61032070025e-05
69073,3.39751348113,5.57270086012e-05
69232,3.39751331474,5.53774559059e-05
69392,3.39751273023,5.50512657461e-05
69552,3.39751282379,5.47447506051e-05
69712,3.39751238507,5.44540675034e-05
69873,3.39751235737,5.41753388377e-05
70034,3.39751223176,5.39048984378e-05
70195,3.3975121012,5.36394297638e-05
70357,3.39751166499,5.33761258535e-05
70519,3.39751156493,5.31127770033e-05
70682,3.39751102832,5.28478758219e-05
70845,3.39751145374,5.25805863369e-05
71008,3.39751120734,5.23108082952e-05
71172,3.39751079426,5.20390422163e-05
71336,3.39751055192,5.1766339376e-05
71500,3.39751064571,5.14941923987e-05
71665,3.39751061746,5.12244181786e-05
71830,3.39751009333,5.09590178874e-05
71996,3.39750979356,5.07000359928e-05
72162,3.39750934307,5.04494776963e-05
72328,3.39750955307,5.02091754902e-05
72495,3.39750936665,4.99807552408e-05
72662,3.39750883364,4.97655348483e-05
72829,3.39750926821,4.95644876523e-05
72997,3.3975083596,4.93783005521e-05
73166,3.39750813729,4.920726355e-05
73334,3.39750806874,4.90513925344e-05
73503,3.39750750603,4.89104281993e-05
73673,3.39750751719,4.87838536858e-05
73843,3.39750726306,4.86709964746e-05
74013,3.39750672108,4.85710414209e-05
74183,3.39750680775,4.84830813567e-05
74354,3.39750614101,4.84062132313e-05
74526,3.39750614805,4.83395110344e-05
74698,3.39750558184,4.8282144504e-05
74870,3.39750551502,4.82333422634e-05
75042,3.39750528778,4.81924769352e-05
75215,3.39750468829,4.81590545069e-05
75389,3.39750490723,4.81327140757e-05
75563,3.39750442408,4.81132923463e-05
75737,3.39750382568,4.81007547409e-05
75911,3.39750434761,4.80952090721e-05
76086,3.39750401566,4.80969471645e-05
76262,3.39750397693,4.81063368373e-05
76438,3.39750364203,4.81238675351e-05
76614,3.39750270028,4.81500946532e-05
76790,3.39750316407,4.81855801944e-05
76967,3.39750320294,4.82309475054e-05
77145,3.39750271414,4.82867683603e-05
77323,3.39750217874,4.83535447694e-05
77501,3.39750290891,4.84316716879e-05
77680,3.39750234343,4.85214720317e-05
77859,3.39750211258,4.86230523774e-05
78038,3.39750143772,4.8736371155e-05
78218,3.39750142858,4.88611557094e-05
78398,3.39750143527,4.8996938086e-05
78579,3.39750149851,4.91430090665e-05
78760,3.39750171878,4.92984223244e-05
78942,3.39750084589,4.94620163072e-05
79124,3.39750175601,4.96323421939e-05
79306,3.39750064302,4.98078350614e-05
79489,3.39750067287,4.99866342726e-05
79672,3.39750111776,5.0166766969e-05
79856,3.3975011035,5.03461231079e-05
80040,3.39750139185,5.05224624459e-05
80225,3.3975022403,5.06934825288e-05
80410,3.39750199874,5.08568783917e-05
80595,3.39750179001,5.10103123678e-05
80781,3.3975022933,5.11515016037e-05
80967,3.39750187138,5.12782852526e-05
81154,3.39750178769,5.13885829192e-05
81341,3.39750252268,5.1480484217e-05
81528,3.39750318902,5.1552288513e-05
81716,3.39750270428,5.16025138142e-05
81904,3.39750396259,5.16298552157e-05
82093,3.3975044474,5.16333443048e-05
82283,3.39750411482,5.16122409995e-05
82472,3.39750383783,5.1566063342e-05
82662,3.39750377486,5.14946132108e-05
82853,3.39750494669,5.13979482201e-05
83044,3.39750479192,5.12764399668e-05
83235,3.39750468583,5.11306468236e-05
83427,3.3975048108,5.09613744706e-05
83619,3.39750557624,5.07696339538e-05
83812,3.39750604815,5.05566420034e-05
84005,3.39750669938,5.03237547299e-05
84199,3.39750681582,5.00724798459e-05
84393,3.39750667891,4.9804417055e-05
84588,3.39750730522,4.95212349702e-05
84783,3.39750642143,4.92247029863e-05
84978,3.39750771605,4.89165308354e-05
85174,3.39750683216,4.85985473236e-05
85370,3.39750800431,4.82724376551e-05
85567,3.39750765436,4.79399585925e-05
85765,3.39750749378,4.76027329891e-05
85962,3.3975086011,4.72623191818e-05
86160,3.39750717799,4.69202562518e-05
86359,3.39750743673,4.65778744094e-05
86558,3.39750881782,4.6236465014e-05
86758,3.39750767616,4.58972498443e-05
86958,3.39750770185,4.556123654e-05
87158,3.39750777315,4.52293827338e-05
87359,3.3975073967,4.49025224665e-05
87560,3.3975086402,4.4581343471e-05
87762,3.39750704448,4.42665105267e-05
87965,3.39750754534,4.39584613896e-05
88167,3.39750708703,4.36576403411e-05
88371,3.39750781369,4.33643328706e-05
88574,3.39750769796,4.30787938749e-05
88778,3.39750771329,4.28011629919e-05
88983,3.39750723,4.25315310626e-05
89188,3.39750744438,4.22699044088e-05
89394,3.39750688398,4.20162685586e-05
89600,3.39750664424,4.17705300658e-05
89806,3.39750704403,4.15325651833e-05
90014,3.39750662005,4.13022382495e-05
90221,3.39750604514,4.10793597145e-05
90429,3.39750705334,4.08637052818e-05
90637,3.39750623858,4.06550954216e-05
90846,3.39750551693,4.0453273722e-05
91056,3.39750617661,4.02579829656e-05
91266,3.3975051812,4.00690120014e-05
91476,3.39750624926,3.98860675026e-05
91687,3.39750488271,3.97089533382e-05
91898,3.39750444589,3.9537383487e-05
92110,3.39750545395,3.93711099511e-05
92323,3.39750587317,3.92099200114e-05
92535,3.39750504558,3.90535916657e-05
92749,3.39750528635,3.89018765479e-05
92962,3.39750544534,3.87545746605e-05
93177,3.39750377677,3.86115014351e-05
93392,3.39750458192,3.84724126639e-05
93607,3.39750435982,3.83371621065e-05
93823,3.39750371288,3.82055660406e-05
94039,3.39750504344,3.80774297751e-05
94256,3.397503805,3.79526455131e-05
94473,3.39750244969,3.78310355249e-05
94691,3.39750325417,3.77124327402e-05
94909,3.39750239715,3.75967458957e-05
95128,3.3975028257,3.74838161893e-05
95347,3.39750387014,3.73735322708e-05
95567,3.39750405573,3.72657984205e-05
95787,3.39750242434,3.7160519588e-05
96008,3.39750262193,3.70575565154e-05
96229,3.39750243807,3.69568398372e-05
96451,3.39750184665,3.68582816132e-05
96674,3.39750154627,3.67617910967e-05
96896,3.39750230622,3.66672815587e-05
97120,3.39750261258,3.6574695315e-05
97344,3.3975015472,3.64839722e-05
97568,3.39750198333,3.63950151344e-05
97793,3.39750138571,3.63077886664e-05
98018,3.39750216107,3.62222076734e-05
98244,3.39750092512,3.61382519156e-05
98471,3.39750258765,3.60558156272e-05
98698,3.39750188297,3.59749038852e-05
98925,3.39750126922,3.58954420999e-05
99153,3.39750090182,3.58173824551e-05
99382,3.39749969306,3.57406923321e-05
99611,3.3975011856,3.56652923679e-05
99841,3.39750056703,3.55911928625e-05
100071,3.39749944654,3.55183382677e-05
100302,3.39750120157,3.54466563189e-05
100533,3.39750145275,3.53761572897e-05
100765,3.39750179922,3.53067903583e-05
100997,3.39750040991,3.52385417245e-05
101230,3.39750118737,3.51713393236e-05
101464,3.39750125389,3.51051826217e-05
101697,3.39749950815,3.50400536432e-05
101932,3.39750000158,3.49758823302e-05
102167,3.39750002526,3.49126693929e-05
102402,3.3974995015,3.48503892959e-05
102638,3.39749920506,3.4789008675e-05
102875,3.39749876671,3.47285067804e-05
103112,3.39750150115,3.46688260753e-05
103350,3.39749971422,3.46100221959e-05
103588,3.39749792541,3.45520268055e-05
103827,3.39749987011,3.44947805794e-05
104066,3.39749955932,3.44383237252e-05
104306,3.39749829875,3.43826229206e-05
104547,3.3974990022,3.43276293506e-05
104788,3.39749750085,3.42733664818e-05
105029,3.39750064774,3.42197471273e-05
105271,3.39749908955,3.41668481145e-05
105514,3.39750020796,3.41145782381e-05
105757,3.39749907007,3.40629707787e-05
106001,3.3974974299,3.40119923252e-05
106245,3.39749676197,3.39616128974e-05
106490,3.39749880808,3.39118004476e-05
106736,3.39750044682,3.3862571995e-05
106982,3.39749636128,3.38139667061e-05
107228,3.39749674309,3.37658697771e-05
107476,3.39749893556,3.3718294937e-05
107723,3.39749841192,3.36712747237e-05
107972,3.39749850714,3.36247640294e-05
108221,3.39749818568,3.35787615182e-05
108470,3.39749913265,3.35332393227e-05
108720,3.39749682466,3.34882312223e-05
108971,3.39749722258,3.34436679007e-05
109222,3.39749656198,3.33995762894e-05
109474,3.39749678182,3.33559274446e-05
109726,3.39749752319,3.33127153528e-05
109979,3.397497163,3.32699466467e-05
110233,3.39749688223,3.32276007256e-05
110487,3.39749703045,3.31856654268e-05
110741,3.3974986653,3.3144121942e-05
110997,3.3974975894,3.31030029474e-05
111253,3.39749804202,3.30622590368e-05
111509,3.39749751756,3.30219067718e-05
111766,3.39749742465,3.29819247941e-05
112024,3.39749557602,3.2942326864e-05
112282,3.39749822258,3.29030450963e-05
112541,3.39749655692,3.28641577196e-05
112800,3.39749853504,3.28255807534e-05
113060,3.39749511587,3.27873947548e-05
113321,3.39749866733,3.27494736475e-05
113582,3.39749549994,3.27119429232e-05
113844,3.39749658326,3.26746904404e-05
114106,3.39749701785,3.26377570989e-05
114369,3.39749654688,3.26011391456e-05
114633,3.39749559183,3.25648264186e-05
114897,3.39749644752,3.25287909353e-05
115162,3.3974956794,3.24930596956e-05
115428,3.39749524267,3.24576081508e-05
115694,3.39749698595,3.24224129314e-05
115960,3.39749562968,3.23875187702e-05
116228,3.39749479792,3.23528854698e-05
116496,3.39749410849,3.23185111561e-05
116764,3.39749725493,3.22843552727e-05
117033,3.39749379257,3.22505116746e-05
117303,3.39749463813,3.2216871296e-05
117574,3.39749381114,3.21834856162e-05
117845,3.39749661692,3.21502991303e-05
118116,3.397494682,3.21173858931e-05
118389,3.39749715611,3.20846541948e-05
118662,3.39749714156,3.20521641088e-05
118935,3.39749555869,3.20199017996e-05
119209,3.39749403066,3.19878468848e-05
119484,3.39749601039,3.19559618653e-05
119759,3.39749643634,3.1924289407e-05
120036,3.39749484201,3.18928288819e-05
120312,3.39749480584,3.18615417401e-05
120590,3.39749394617,3.18304454298e-05
120868,3.39749334934,3.17995248794e-05
121146,3.39749522638,3.17687545672e-05
121425,3.39749477291,3.17381746133e-05
121705,3.39749356774,3.17077654212e-05
121986,3.39749610475,3.16774803004e-05
122267,3.39749390272,3.1647393613e-05
122549,3.39749344149,3.16174402249e-05
122832,3.39749673385,3.1587596798e-05
123115,3.39749465122,3.1557943591e-05
123398,3.39749740701,3.15283810955e-05
123683,3.39749400548,3.14990068407e-05
123968,3.39749323186,3.1469734805e-05
124254,3.39749606303,3.14405515869e-05
124540,3.39749267396,3.1411543752e-05
124827,3.39749262859,3.13826185072e-05
125115,3.3974926683,3.1353801798e-05
125404,3.39749676541,3.13250528784e-05
125693,3.39749438113,3.12964649041e-05
125982,3.39749684734,3.12679295032e-05
126273,3.39749533198,3.12395242063e-05
126564,3.39749367264,3.12112099873e-05
126856,3.39749539921,3.11829509119e-05
127148,3.39749408888,3.11548025807e-05
127441,3.39749798532,3.11266861757e-05
127735,3.39749578367,3.10987022643e-05
128029,3.39749312766,3.10707962324e-05
128324,3.39749604936,3.10429103061e-05
128620,3.39749427147,3.10151360103e-05
128917,3.39749460342,3.09874089201e-05
129214,3.39749423236,3.09597527585e-05
129512,3.39749453952,3.09321532268e-05
129811,3.39749389916,3.09046236908e-05
130110,3.39749208128,3.08771650583e-05
130410,3.39749282251,3.08497425031e-05
130710,3.39749433627,3.08223717282e-05
131012,3.39749396052,3.07950766262e-05
131314,3.39749510306,3.0767826356e-05
131616,3.39749367446,3.07406583502e-05
131920,3.39749165107,3.07135554115e-05
132224,3.39749359338,3.06864774075e-05
132529,3.39749326514,3.06594821278e-05
132834,3.3974938947,3.06325421781e-05
133140,3.39749182989,3.06056925986e-05
133447,3.39749693764,3.05788469863e-05
133755,3.39749411481,3.05521441421e-05
134063,3.39749665221,3.05254676253e-05
134372,3.39749034094,3.04989486132e-05
134682,3.39749011471,3.0472456788e-05
134993,3.39749321175,3.04460211961e-05
135304,3.39749744345,3.04196659776e-05
135616,3.39749408826,3.03934739475e-05
135928,3.39749449715,3.0367348526e-05
136242,3.39749324201,3.03413435985e-05
136556,3.39749375736,3.03154340558e-05
136871,3.39749354284,3.02896480378e-05
137186,3.3974908174,3.0264007414e-05
137502,3.39749275948,3.02384544494e-05
137819,3.39749487573,3.02130355865e-05
138137,3.3974936635,3.01877884736e-05
138455,3.39749227279,3.01626917122e-05
138775,3.39749275803,3.01377338074e-05
139094,3.39749305603,3.01129398859e-05
139415,3.39749434356,3.0088306359e-05
139737,3.39749110817,3.00638888745e-05
140059,3.39749220677,3.00396158562e-05
140382,3.3974934695,3.00155310221e-05
140705,3.39749120981,2.99916736331e-05
141029,3.39749668412,2.99679509418e-05
141355,3.39749576622,2.99444941019e-05
141680,3.39749145127,2.99212829403e-05
142007,3.39749618124,2.98982140571e-05
142334,3.39749473748,2.98754274169e-05
142663,3.39749137146,2.98528912729e-05
142991,3.39749227892,2.98305566749e-05
143321,3.39749366149,2.98084622529e-05
143651,3.39749163352,2.97866470161e-05
143983,3.3974889933,2.97650910143e-05
144314,3.39749540105,2.97437139759e-05
144647,3.39749349497,2.97226719357e-05
144981,3.39748702033,2.9701935629e-05
145315,3.39749058272,2.96813806499e-05
145650,3.39749147659,2.96611210129e-05
145986,3.39749404072,2.96411213546e-05
146322,3.39749559849,2.9621407201e-05
146659,3.39749273999,2.96020100248e-05
146997,3.39749081928,2.95828845309e-05
147336,3.39749670082,2.95639720208e-05
147676,3.39749466725,2.95454099442e-05
148016,3.39749031571,2.95271497912e-05
148358,3.39749249355,2.95091145758e-05
148700,3.39749242721,2.949138009e-05
149042,3.39749219516,2.94739274449e-05
149386,3.39749091998,2.94567630779e-05
149730,3.39749314136,2.94398461355e-05
150076,3.39748789214,2.94232698257e-05
150421,3.39749472157,2.94068627017e-05
150768,3.39749180811,2.93908112842e-05
151116,3.39748978214,2.93750208205e-05
151464,3.39749686058,2.93594173495e-05
151813,3.39749258204,2.9344174505e-05
152163,3.3974886819,2.93291873825e-05
152514,3.39749381937,2.93143776147e-05
152866,3.39749086564,2.9299889181e-05
153218,3.39749679699,2.92855716119e-05
153571,3.3974953166,2.92715612289e-05
153925,3.39749793923,2.925775444e-05
154280,3.39749190891,2.9244256625e-05
154636,3.39748899199,2.92309618707e-05
154992,3.39749402319,2.92178239658e-05
155350,3.39749078576,2.9204977654e-05
155708,3.39749060466,2.9192320726e-05
156067,3.39749232791,2.91798582568e-05
156426,3.3974902398,2.91676344525e-05
156787,3.39749455735,2.91555566947e-05
157148,3.39748993665,2.91437517679e-05
157511,3.39749166162,2.91320836332e-05
157874,3.39748730321,2.91206540174e-05
158238,3.39748643003,2.91093760403e-05
158602,3.39748959991,2.9098240167e-05
158968,3.3974939445,2.90872662566e-05
159335,3.39749257804,2.90765085761e-05
159702,3.39749266925,2.90659011407e-05
160070,3.39748740601,2.90554977003e-05
160439,3.39749187154,2.90451648248e-05
160809,3.39749357412,2.9035005015e-05
161180,3.39748985313,2.90250367327e-05
161551,3.39748846628,2.90151895382e-05
161923,3.39749946604,2.90053735988e-05
162297,3.39749133997,2.89958540398e-05
162671,3.39749144261,2.89863935119e-05
163046,3.39748725071,2.89770952016e-05
163422,3.3974843946,2.89679074937e-05
163798,3.39749196014,2.89587494991e-05
164176,3.39749838016,2.89497165275e-05
164555,3.3974934606,2.89408921874e-05
164934,3.39749314748,2.89321375005e-05
165314,3.39748907183,2.89235207695e-05
165695,3.39748704961,2.89149896055e-05
166077,3.39749481239,2.89064754964e-05
166460,3.39749178439,2.88981508945e-05
166844,3.39749405836,2.88898763595e-05
167228,3.39748710022,2.88817730731e-05
167614,3.39748752664,2.88736974501e-05
168000,3.39749380909,2.88656603334e-05
168388,3.39748963453,2.88577982299e-05
168776,3.39749113285,2.88499721044e-05
169165,3.39749052323,2.88422461508e-05
169555,3.39749060417,2.8834594799e-05
169946,3.39749175038,2.8827013159e-05
170337,3.39749037822,2.88195300083e-05
170730,3.39748926937,2.88121201961e-05
171124,3.39749506967,2.88047259152e-05
171518,3.39748713703,2.87975207873e-05
171913,3.39749995953,2.87902111605e-05
172310,3.39749229222,2.87831453454e-05
172707,3.39748936161,2.87761083755e-05
173105,3.39748358855,2.8769163348e-05
173504,3.39749265305,2.87621595222e-05
173904,3.3974945604,2.87552821542e-05
174305,3.39748495826,2.87485670926e-05
174707,3.39749289462,2.87417676482e-05
175110,3.39749575744,2.87350743383e-05
175513,3.3974921629,2.87284980477e-05
175918,3.39748251344,2.87220345949e-05
176323,3.39749401602,2.87154532929e-05
176730,3.39748716332,2.87090874419e-05
177137,3.39748276282,2.87027605295e-05
177546,3.39749444666,2.86963568392e-05
177955,3.39748846491,2.86901609071e-05
178365,3.39748769225,2.86839789882e-05
178776,3.39748679282,2.86778556553e-05
179188,3.39749116887,2.86717448497e-05
179601,3.39748270262,2.86657990231e-05
180015,3.39749285323,2.86597523129e-05
180430,3.39749459168,2.86538323788e-05
180846,3.39749485502,2.86479803076e-05
181263,3.39749381865,2.8642194257e-05
181681,3.39748500324,2.86365284949e-05
182100,3.397489833,2.86308021187e-05
182520,3.39749322081,2.86251420062e-05
182941,3.39749232398,2.86195718056e-05
183362,3.39749952963,2.8613986893e-05
183785,3.39748998461,2.86085963191e-05
184209,3.39748413522,2.86032276156e-05
184633,3.39749100631,2.8597804593e-05
185059,3.39749099879,2.85924920217e-05
185485,3.39748762152,2.85872601224e-05
185913,3.39748721369,2.85820553368e-05
186342,3.39749342725,2.85768467558e-05
186771,3.39749371737,2.85717397092e-05
187202,3.39748840095,2.85667313149e-05
187633,3.3974912524,2.8561705566e-05
188066,3.39748669596,2.85567932383e-05
188499,3.39749343608,2.85518369379e-05
188934,3.39749902293,2.85469411541e-05
189369,3.39749806664,2.85421509983e-05
189806,3.39749232994,2.85374514782e-05
190244,3.39750041577,2.85326861891e-05
190682,3.39748946772,2.8528130926e-05
191122,3.39748494665,2.85235717091e-05
191562,3.39748825667,2.85189966343e-05
192004,3.39748766132,2.85145040947e-05
192446,3.39749555463,2.85099899323e-05
192890,3.39749129737,2.85056272127e-05
193335,3.3974954329,2.85012434201e-05
193780,3.39749022168,2.84969872494e-05
194227,3.39750221603,2.84926358599e-05
194675,3.3974935989,2.84885062915e-05
195124,3.39749332653,2.84843555778e-05
195573,3.39748692817,2.84803049321e-05
196024,3.39748500202,2.84762653836e-05
196476,3.39748983716,2.84722176468e-05
196929,3.39748899319,2.84682658696e-05
197383,3.39748854758,2.8464359e-05
197838,3.3975004261,2.84603970252e-05
198294,3.39748929391,2.84566758312e-05
198751,3.39749280258,2.84528799111e-05
199209,3.39749308501,2.84491588157e-05
199669,3.39748240887,2.84455771655e-05
200129,3.39749178492,2.84418752134e-05
200590,3.39748743154,2.84383356831e-05
201053,3.39748525221,2.84348253251e-05
201516,3.39749217573,2.84312860602e-05
201981,3.39749094713,2.84278621916e-05
202446,3.39749407825,2.8424448915e-05
202913,3.39749258077,2.84211213331e-05
203381,3.39748068664,2.84179275793e-05
203850,3.39748336396,2.84146587061e-05
204320,3.39749711441,2.84113439126e-05
204791,3.39748900683,2.84082584875e-05
205263,3.39748502151,2.84051850629e-05
205736,3.3974960032,2.84020328958e-05
206210,3.39749191612,2.83990529957e-05
206685,3.39748106309,2.83961758345e-05
207162,3.3974861115,2.83932118675e-05
207639,3.39748759878,2.83903236778e-05
208118,3.39748011039,2.83875564053e-05
208598,3.39748505202,2.83847310998e-05
209079,3.39749331527,2.83819237914e-05
209561,3.39749705644,2.83791999162e-05
210044,3.39749105267,2.83766029958e-05
210528,3.39749209603,2.83739926806e-05
211013,3.39748759649,2.83714740336e-05
211500,3.39748195806,2.83690101809e-05
211987,3.39749901915,2.83664019998e-05
212476,3.39748991513,2.8364057399e-05
212966,3.39749659199,2.83616260785e-05
213457,3.39749290222,2.8359326241e-05
213949,3.39748437922,2.83571115946e-05
214442,3.39748474311,2.83548675379e-05
214936,3.39750304453,2.83525184739e-05
215432,3.3974879995,2.83504922906e-05
215928,3.39748042159,2.83484482962e-05
216426,3.39749119982,2.83462955678e-05
216925,3.39749078291,2.83442805917e-05
217425,3.39749273221,2.83422901319e-05
217926,3.39747978462,2.83404681089e-05
218429,3.39749706595,2.83384380173e-05
218932,3.39750285612,2.83365477876e-05
219437,3.39750599864,2.83347235609e-05
219943,3.39748206898,2.83331689339e-05
220450,3.3974957343,2.83313445273e-05
220958,3.39748297749,2.83297841143e-05
221467,3.3974900215,2.83281021663e-05
221978,3.3974929438,2.83264980803e-05
222490,3.39748439044,2.83250330754e-05
223003,3.39749255729,2.8323471993e-05
223517,3.39748994829,2.83220439814e-05
224032,3.3975000312,2.83205533201e-05
224548,3.39749152391,2.83192606855e-05
225066,3.39749067426,2.83179471954e-05
225585,3.39749315632,2.83166488274e-05
226105,3.39747472436,2.83155675687e-05
226626,3.39749505073,2.83142060076e-05
227149,3.39750004855,2.83130148341e-05
227672,3.39748535987,2.83120302603e-05
228197,3.39749328866,2.83108996666e-05
228723,3.39750435471,2.83097853077e-05
229250,3.3974742506,2.8309056281e-05
229779,3.39749343928,2.83079587239e-05
230308,3.39748566575,2.83071279291e-05
230839,3.39748306474,2.83062960558e-05
231372,3.39749718961,2.83053667656e-05
231905,3.39748078927,2.8304733633e-05
232439,3.39749108752,2.83039198266e-05
232975,3.39750785914,2.8303093765e-05
233512,3.3975055612,2.83024681441e-05
234051,3.39747214537,2.83021432313e-05
234590,3.39748282566,2.83014923803e-05
235131,3.39749149784,2.83008995705e-05
235673,3.39748661967,2.8300460855e-05
236216,3.39748762112,2.83000142928e-05
236761,3.3974708213,2.82997570485e-05
237307,3.39749142952,2.829922916e-05
237854,3.39748849023,2.82989382717e-05
238402,3.39749711158,2.829859186e-05
238952,3.39750185164,2.82983184562e-05
239502,3.39750440516,2.82981038523e-05
240055,3.39751400292,2.82978710737e-05
240608,3.39749737317,2.82978971502e-05
241163,3.39748994693,2.8297886885e-05
241718,3.39750955331,2.82976916882e-05
242276,3.39748328448,2.8297918719e-05
242834,3.39749499888,2.82978694275e-05
243394,3.39747736532,2.82981045275e-05
243955,3.39749692821,2.82980696728e-05
244517,3.39749665413,2.82982398094e-05
245081,3.39749145017,2.82984906837e-05
245646,3.39747514148,2.82988736387e-05
246212,3.39748364104,2.82990894508e-05
246780,3.39749975644,2.82992812279e-05
247349,3.39748100505,2.82998027382e-05
247919,3.39748039694,2.8300212344e-05
248491,3.39747472564,2.83007032541e-05
249063,3.39747086962,2.83012180819e-05
249638,3.39751132063,2.83014027733e-05
250213,3.39749152705,2.83021281616e-05
250790,3.39747495489,2.83028654871e-05
251368,3.39746504183,2.83035860185e-05
251947,3.39750307333,2.83039457159e-05
252528,3.39749176708,2.83047549286e-05
253110,3.39748751733,2.83055437604e-05
253694,3.39751001396,2.83061480705e-05
254279,3.39746502819,2.8307352842e-05
254865,3.3974907368,2.83080067409e-05
255452,3.39750036448,2.83088326653e-05
256041,3.39746560829,2.83100663746e-05
256630,3.39748462152,2.83108899162e-05
257223,3.397501859,2.83117660266e-05
257815,3.39747369894,2.83130581384e-05
258410,3.39747562673,2.83141371268e-05
259005,3.39751310975,2.8314957311e-05
259603,3.397492928,2.83162955046e-05
260202,3.39748213384,2.83175928149e-05
260801,3.39747586352,2.83188896852e-05
261403,3.39749335371,2.83200256757e-05
262005,3.39749396278,2.83213394624e-05
262609,3.39749110569,2.8322719148e-05
263215,3.39747884391,2.83242141612e-05
263821,3.39751074979,2.83253777875e-05
264429,3.39748655822,2.83270458582e-05
265039,3.39750695203,2.8328378867e-05
265650,3.39750505393,2.8329934328e-05
266262,3.39750198431,2.83315360682e-05
266876,3.39750397501,2.8333132039e-05
267491,3.39751071019,2.83347247873e-05
268108,3.39751695707,2.83363578703e-05
268726,3.39749756391,2.83382409967e-05
269346,3.39748158459,2.83401317802e-05
269967,3.39748669921,2.83418826496e-05
270589,3.397505218,2.83435576478e-05
271213,3.39750515053,2.83454235747e-05
271838,3.39750764103,2.83473039665e-05
272464,3.39748868806,2.8349399017e-05
273093,3.39751555468,2.83511473967e-05
273722,3.39749580929,2.83533203245e-05
274353,3.39748726913,2.83554352746e-05
274986,3.39750321417,2.83573813126e-05
275619,3.39752033131,2.83593529237e-05
276255,3.39750018708,2.83616708681e-05
276892,3.39747556308,2.83640614777e-05
277530,3.39747099534,2.83663198379e-05
278170,3.3975041454,2.83682983716e-05
278811,3.39749583928,2.83706580798e-05
279454,3.39748641556,2.83730621081e-05
280098,3.39750978214,2.83752272023e-05
280744,3.39749392651,2.83777547178e-05
281391,3.39752480237,2.83799266866e-05
282039,3.39747506363,2.83828067892e-05
282690,3.39748742851,2.83852027757e-05
283341,3.39748709879,2.83877394252e-05
283994,3.39749924881,2.8390206346e-05
284649,3.3974847792,2.83929302071e-05
285305,3.39748547252,2.83955618058e-05
285963,3.39750130812,2.83981012259e-05
286622,3.39749098937,2.84008935919e-05
287283,3.39747251531,2.84037884417e-05
287945,3.39752360322,2.84061359514e-05
288609,3.39750673388,2.84090858066e-05
289274,3.39748956919,2.84120723001e-05
289941,3.39748134245,2.84150181633e-05
290610,3.39748349219,2.84179112947e-05
291279,3.39748873377,2.84208125613e-05
291951,3.3974829582,2.84238399492e-05
292624,3.39752344079,2.84265142256e-05
293299,3.39748525686,2.84298805744e-05
293975,3.39748295913,2.84329805079e-05
294652,3.3974981164,2.84359681515e-05
295332,3.39749705519,2.84391252883e-05
296012,3.39750718727,2.84422224485e-05
296695,3.39747294586,2.84457247989e-05
297379,3.39749123766,2.84488209863e-05
298064,3.39750653498,2.84519758432e-05
298751,3.39748536623,2.84554696832e-05
299440,3.39750151273,2.84586845633e-05
300130,3.39750932442,2.84620027728e-05
300822,3.39744843137,2.84659301158e-05
301516,3.39747815191,2.84691317685e-05
302211,3.39748073914,2.84725942128e-05
302907,3.39747172563,2.84761873195e-05
303606,3.39745199677,2.84799036818e-05
304306,3.39747826588,2.84832678435e-05
305007,3.39747446446,2.84869174556e-05
305710,3.39745718207,2.84907134785e-05
306415,3.39750861704,2.84939665502e-05
307121,3.39752148586,2.84975763213e-05
307829,3.39745181639,2.85019117814e-05
308539,3.39749225495,2.85053568604e-05
309250,3.39754465282,2.85087347825e-05
309963,3.39745273439,2.85133569967e-05
