30,0.916695560862,0.0102974210023
31,0.916252989346,0.0103745342659
31,0.915808280196,0.0104522373653
31,0.915361419722,0.0105305349341
31,0.914912396944,0.0106094316107
31,0.914461201474,0.010688932063
31,0.914007821627,0.0107690410095
31,0.9135522457,0.010849763206
31,0.913094460767,0.0109311034596
31,0.912634454166,0.011013066612
31,0.912172220036,0.0110956574598
31,0.911707739379,0.0111788809963
31,0.911241004531,0.0112627421154
31,0.910772001118,0.0113472458312
32,0.910300718492,0.0114323971506
32,0.90982714368,0.0115182011485
32,0.90935302732,0.0116046404328
32,0.908871704381,0.0116918051871
32,0.908393142269,0.0117795726979
32,0.907909588315,0.0118680477861
32,0.907425140456,0.011957182388
32,0.906932948526,0.0120470721758
32,0.9064470781,0.012137535715
32,0.905953254884,0.0122287681009
32,0.905457135171,0.012320699436
32,0.904961227187,0.0124133005872
32,0.904462674562,0.0125066155263
32,0.903960759348,0.0126006597152
33,0.903457906603,0.012695404812
33,0.902947924149,0.0127909434842
33,0.90244161588,0.0128871285578
33,0.901925864339,0.0129841522983
33,0.901413339598,0.0130818388481
33,0.900895864517,0.0131803114678
33,0.900377918702,0.0132795106297
33,0.89985396452,0.0133795236571
33,0.899328684891,0.0134802873755
33,0.898802976831,0.0135817935992
33,0.898272858278,0.0136841080608
33,0.897739583848,0.0137872180691
33,0.897206408222,0.0138910793915
34,0.896666581106,0.0139958023628
34,0.896124424076,0.014101326549
34,0.895582773315,0.0142076129306
34,0.895027304913,0.0143148955111
34,0.8944920183,0.014422636621
34,0.893935880343,0.0145315005143
34,0.893383416237,0.0146410987243
34,0.892833138565,0.0147514596025
34,0.892276396716,0.0148627316214
34,0.891707863312,0.0149750121667
34,0.891158538005,0.0150877865744
34,0.890578845378,0.0152018984718
35,0.889994434823,0.0153169245455
35,0.889430025871,0.0154324433563
35,0.888859685133,0.0155489055465
35,0.888254624974,0.0156668268723
35,0.887707953237,0.015784572292
35,0.887109307236,0.015904100468
35,0.886531099464,0.0160241309775
35,0.885931305003,0.0161454262554
35,0.885331946002,0.0162675970217
35,0.884750560255,0.016390323921
35,0.884155762427,0.0165141907156
35,0.883528196904,0.0166395738356
36,0.882932247882,0.0167652718281
36,0.882323509691,0.0168921259162
36,0.881698502548,0.0170202151893
36,0.881096312194,0.017148792624
36,0.880469846613,0.0172787773564
36,0.879859675305,0.0174093844174
36,0.879238825581,0.0175411499826
36,0.878624714354,0.0176737350118
36,0.877984975378,0.0178077986797
36,0.877344271447,0.0179428556385
36,0.876703883522,0.0180788861756
36,0.876055440238,0.0182160704324
37,0.87544129554,0.0183535308667
37,0.87477151596,0.018493157044
37,0.874129811322,0.0186332001634
37,0.873485320967,0.0187743150409
37,0.872822520534,0.0189168459833
37,0.872162120404,0.0190603567093
37,0.871516763473,0.019204573798
37,0.870837052695,0.0193505930639
37,0.870168282621,0.0194974252301
37,0.869510136701,0.0196450779362
37,0.868824560781,0.0197944187391
37,0.868137873443,0.0199448652893
38,0.867450301738,0.0200964196992
38,0.866773957025,0.0202488063022
38,0.866084315156,0.0204026030032
38,0.865375214407,0.0205579708189
38,0.864698139481,0.0207136949044
38,0.863994764357,0.020871171827
38,0.863280450215,0.0210300502341
38,0.86259182668,0.021189443998
38,0.861860984894,0.0213510264722
38,0.861162974267,0.0215129561888
38,0.860433713389,0.0216768339213
39,0.859719717257,0.0218415048892
39,0.858981558221,0.0220079766057
39,0.858257062236,0.0221752945859
39,0.85751687007,0.0223442221413
39,0.856781908037,0.0225142269972
39,0.85605413843,0.0226852609857
39,0.855292713699,0.0228584182219
39,0.854544940095,0.0230324538966
39,0.853827488377,0.0232069130125
39,0.853043107049,0.0233844478393
39,0.85230618438,0.0235619501676
40,0.851521241126,0.0237420562257
40,0.850761558397,0.0239227470711
40,0.849980943201,0.0241053222428
40,0.849210083149,0.0242889268037
40,0.848434922782,0.024473966771
40,0.847650252789,0.024660604549
40,0.846854251666,0.0248489084004
40,0.84606803526,0.0250382697572
40,0.845274029255,0.0252292135929
40,0.844472562546,0.0254217438033
40,0.843677559075,0.0256154512919
41,0.842864482482,0.025811090311
41,0.842042976064,0.0260083852007
41,0.841236645848,0.0262066153256
41,0.840420617949,0.0264065581417
41,0.8395801781,0.0266086958545
41,0.83875204953,0.0268118826878
41,0.837927838056,0.0270163873543
41,0.837076519569,0.0272232236936
41,0.83623028834,0.0274313666881
41,0.835382227238,0.02764104923
42,0.834540909289,0.0278519951022
42,0.833688608441,0.0280648035223
42,0.832825509548,0.0282794861313
42,0.831969651334,0.0284954430254
42,0.83110073193,0.0287133776083
42,0.830217448191,0.0289333554895
42,0.82935090258,0.0291543049073
42,0.828445853226,0.029378178004
42,0.827568338265,0.0296026568165
42,0.826677964428,0.0298291818676
42,0.825773333031,0.0300578248132
43,0.824872602531,0.0302879412235
43,0.823961155659,0.0305200775594
43,0.823057154803,0.0307535743818
43,0.822140695347,0.0309891834847
43,0.821221732004,0.0312265474945
43,0.820302197245,0.0314656036746
43,0.819361845341,0.0317071449359
43,0.818423943151,0.0319502931742
43,0.817488462411,0.0321950560377
43,0.81654263781,0.0324419472114
44,0.815597630897,0.032690539211
44,0.814639532828,0.0329414026754
44,0.813680093355,0.0331940813985
44,0.812710264865,0.0334489583802
44,0.811728697334,0.0337061102403
44,0.810762800496,0.0339644109691
44,0.809775764808,0.0342254081645
44,0.808780868332,0.0344885686736
44,0.807796777361,0.0347531077626
45,0.806552877028,0.0350307720527
45,0.805734353753,0.0352918564678
45,0.80444110756,0.0355756608256
45,0.803614880113,0.0358407505171
45,0.802242900561,0.0361321643797
45,0.801303773549,0.0364061203401
45,0.80028357581,0.0366856585017
45,0.799440874639,0.0369589297777
45,0.798139447771,0.0372554080501
45,0.797272443787,0.0375336270262
46,0.795822823845,0.0378413724568
46,0.795167858909,0.0381133567791
46,0.794351679025,0.0383948243685
46,0.792866516875,0.0387107530209
46,0.791626677112,0.0390170248134
46,0.790649026804,0.0393124720551
46,0.78964645179,0.0396111591107
46,0.788326324344,0.0399279437964
46,0.787287458025,0.0402326776763
47,0.786130234281,0.0405455875562
47,0.785122259448,0.0408529228863
47,0.784081624272,0.0411640356296
47,0.782946845986,0.0414822378693
47,0.781635768705,0.041812070504
47,0.780744592545,0.042121626502
47,0.779450592157,0.0424551021109
47,0.778411855308,0.0427769400725
47,0.77741880365,0.0430983925666
48,0.776376473528,0.043424712492
48,0.774725431792,0.0437875782134
48,0.773859435568,0.0441084970597
48,0.772661388178,0.0444505240723
48,0.771170648039,0.0448119120043
48,0.770247238016,0.0451427247952
48,0.769172201534,0.0454845960008
48,0.767762461785,0.0458487041576
48,0.766467494083,0.0462085348117
49,0.765405810724,0.0465566936681
49,0.763863240469,0.0469366546278
49,0.762850905305,0.0472865699336
49,0.761535968984,0.0476576511949
49,0.760235626734,0.0480304018663
49,0.758918880137,0.0484067845017
49,0.757644704888,0.0487830430869
49,0.756267781738,0.0491685575973
49,0.754980207507,0.0495509230961
50,0.753784880302,0.0499297932418
50,0.752511609295,0.0503163868193
50,0.751456482285,0.0506908798311
50,0.749838645619,0.0511060565352
50,0.748752711568,0.0514877346612
50,0.746917491845,0.0519238637634
50,0.745892775183,0.0523065492845
50,0.744557638449,0.0527135599414
50,0.74334717029,0.0531144268005
51,0.741618116918,0.0535553257454
51,0.740516142356,0.0539538591097
51,0.738875973966,0.0543944701133
51,0.737732598134,0.0548014105301
51,0.736094613973,0.0552480062963
51,0.734666561027,0.0556819710943
51,0.733316938504,0.0561129140124
51,0.732122669671,0.0565347339053
52,0.730704046592,0.0569767040661
52,0.728897323518,0.0574522481198
52,0.72756915541,0.0578933297076
52,0.726272213466,0.0583347900728
52,0.724693940239,0.0588019179273
52,0.722855041336,0.0592937217536
52,0.721391789453,0.0597581634303
52,0.720036657824,0.0602167074599
53,0.718595037473,0.0606855365699
53,0.717162385149,0.0611567336106
53,0.715710948005,0.0616326770811
53,0.713970135135,0.0621369660523
53,0.71227074465,0.0626413091645
53,0.711043245249,0.0631073813738
53,0.709293047704,0.0636231355752
53,0.707783634575,0.0641208339564
53,0.706302330044,0.0646192942846
54,0.704408013728,0.0651592310662
54,0.703004889605,0.0656573657051
54,0.701274894054,0.0661895144155
54,0.699601886954,0.066720037139
54,0.698041948453,0.0672433786607
54,0.696353587785,0.0677827231842
54,0.694703393589,0.0683220876807
54,0.692942738732,0.0688761412754
55,0.691382254663,0.0694140487357
55,0.689557103699,0.069982364052
55,0.687742294798,0.0705537492953
55,0.68621132568,0.0710998409338
55,0.684373858665,0.0716815559898
55,0.682665615535,0.0722538060328
55,0.680834149416,0.072843179609
56,0.679080389323,0.0734283891001
56,0.67730672275,0.074019852111
56,0.675591385996,0.0746090140336
56,0.67349484708,0.0752447625852
56,0.671653196232,0.0758566937712
56,0.66976701712,0.0764780705972
56,0.668095853439,0.0770791253167
56,0.665949877232,0.0777395503981
57,0.66405170471,0.0783759537514
57,0.662355614476,0.0789929515016
57,0.660178709399,0.0796721665323
57,0.658451787753,0.0803020287149
57,0.656484264604,0.0809659227513
57,0.654797270307,0.0815998735316
57,0.65264808721,0.0822963592126
57,0.650536884697,0.0829936053243
58,0.648262399879,0.083717458555
58,0.646382334975,0.0843958470445
58,0.644683525021,0.0850552204384
58,0.642241069989,0.0858182582724
58,0.640238862111,0.0865284900408
58,0.638137037431,0.0872576847403
58,0.636014180174,0.0879954757293
59,0.633712226471,0.0887641336945
59,0.631868198139,0.0894743318562
59,0.629466159624,0.0902694433382
59,0.627199774445,0.0910517346632
59,0.625125726171,0.0918122093943
59,0.622772620359,0.092619979149
59,0.620562154587,0.0934131336753
60,0.618299024383,0.0942207055774
60,0.615882953891,0.0950585259584
60,0.613596491412,0.0958834036878
60,0.611427800788,0.0966965472993
60,0.608746005092,0.0975984206941
60,0.60642271066,0.0984508241764
60,0.60432139179,0.099274149397
60,0.601648847397,0.100199192033
61,0.599146160487,0.101104871192
61,0.596687033789,0.102011919765
61,0.593753076813,0.103010228872
61,0.591439271492,0.103911115679
61,0.588839139972,0.104872150935
61,0.586124784451,0.105864912454
61,0.583596445559,0.106836012342
62,0.580674544921,0.10789252936
62,0.578004717925,0.108916994073
62,0.575221411722,0.109978508442
62,0.572517775675,0.111042018312
62,0.569740656963,0.112138712082
62,0.566593885001,0.113330425972
62,0.563866536345,0.114462672202
63,0.56067335251,0.115716711085
63,0.557653749653,0.116966047035
63,0.554647791604,0.118246330373
63,0.55159943129,0.119573209713
63,0.548397819217,0.120975567236
63,0.545214770263,0.122420908615
64,0.541939861361,0.123938865795
64,0.538688510899,0.125508560956
64,0.535241876127,0.127186703376
64,0.532133764698,0.128851860839
64,0.528790398401,0.130646115665
64,0.525203332038,0.132580191801
64,0.521805415635,0.134551404672
65,0.518526186028,0.136579897857
65,0.514893011956,0.138795141514
65,0.511543876511,0.141031477838
65,0.508316709146,0.143332384259
65,0.504992849344,0.145760808189
65,0.501431082747,0.148361834383
65,0.498036249295,0.151018435438
66,0.494763420703,0.153740401697
66,0.491704766273,0.156494010588
66,0.488274317793,0.159462690335
66,0.485456649864,0.162322272946
66,0.482308288729,0.165376251266
66,0.479379464965,0.168433790683
67,0.476467640527,0.171555474251
67,0.473808554319,0.174646475251
67,0.47120294264,0.177767295419
67,0.468560078193,0.180942984417
67,0.466216166194,0.184032935431
67,0.463516909422,0.187284493977
67,0.461336327251,0.190337604739
68,0.459181506208,0.193377794383
68,0.456601930834,0.196590046285
68,0.454520625574,0.199572807457
68,0.452493670016,0.202504992416
68,0.450272787441,0.205492460025
68,0.448157849997,0.208395706175
69,0.446153979629,0.211205384267
69,0.443942569015,0.214069011141
69,0.442046584336,0.216733099175
69,0.439851809904,0.219494778493
69,0.437833801031,0.222119930861
69,0.435712251143,0.224749082202
70,0.433500072521,0.227379289181
70,0.431212753865,0.230006525441
70,0.428929302872,0.232592409933
70,0.42673932242,0.235090444828
70,0.424492458511,0.23758572179
70,0.421966053262,0.240210142124
71,0.419525959403,0.242763841357
71,0.417118907311,0.245279843135
71,0.414570032358,0.24786594074
71,0.412040573849,0.250432568023
71,0.409332759927,0.253105616656
71,0.406831407162,0.255652919451
71,0.404017993359,0.258403488949
72,0.401311207654,0.261099155085
72,0.398249363696,0.264045956635
72,0.395658940018,0.266702736046
72,0.392651973987,0.26966572843
72,0.389789687593,0.272561344953
72,0.38692690909,0.275490713507
73,0.384039657972,0.27847429431
73,0.381045043615,0.281577213971
73,0.378119409744,0.284673999765
73,0.374972221424,0.287987444254
73,0.372152455613,0.291100440148
74,0.368850491355,0.294646810473
74,0.365887589231,0.29798324488
74,0.362872314234,0.301421170578
74,0.359772684295,0.304992768274
74,0.356771479268,0.308546847073
74,0.35373991528,0.312194497777
75,0.350806435997,0.315824261087
75,0.347620394072,0.319755648617
75,0.344652645132,0.323563852106
75,0.34167161745,0.327460972279
75,0.338623680206,0.331503141197
75,0.335703371436,0.335503057778
76,0.332739199488,0.339630867433
76,0.329766039083,0.343856257891
76,0.326752965113,0.348216221064
76,0.324003718558,0.352386573293
76,0.321113312637,0.35680280539
76,0.31831639727,0.361212321361
77,0.31544750973,0.365804193387
77,0.312622387716,0.370450926919
77,0.309984561648,0.374979975168
77,0.307357715326,0.379599415523
77,0.304562148169,0.384539714764
78,0.30199010088,0.389313766146
78,0.299531963068,0.394052863177
78,0.296957491099,0.399062077711
78,0.294566621789,0.403945026573
78,0.292147801244,0.408987742623
78,0.289877688256,0.413945695232
79,0.287528924554,0.419142799009
79,0.285281677421,0.424323532875
79,0.283125522638,0.429500084074
79,0.281061255687,0.434668299227
79,0.279012907885,0.439944658574
80,0.277006760345,0.445290163476
80,0.275128005612,0.450565749504
80,0.273267480368,0.455945720862
80,0.271525541468,0.461261199654
80,0.269835722703,0.466618942346
80,0.268115446004,0.472161556683
81,0.266588910371,0.477491599906
81,0.265097085963,0.482881625608
81,0.263603247645,0.488396391847
81,0.262262462388,0.493743367593
81,0.260958838639,0.499129002349
82,0.259729323993,0.50447632065
82,0.258502629794,0.509917070749
82,0.257285473658,0.515435177665
82,0.256226514974,0.520725124524
82,0.255174078511,0.526083260055
83,0.254152580404,0.531455790353
83,0.253211001868,0.536734330943
83,0.252259861549,0.542102769418
83,0.25137622539,0.547393058552
83,0.250510146296,0.55270885014
84,0.249675494526,0.558017112219
84,0.248912433152,0.563223742029
84,0.248155526586,0.568471840975
84,0.247453822127,0.573645890066
84,0.246738629681,0.578900372444
84,0.246068711269,0.584093803456
85,0.245468742748,0.589158840793
85,0.244849132245,0.594301519259
85,0.244216131182,0.599500912169
85,0.243666258538,0.604510105803
85,0.24310196061,0.609557491724
86,0.242548528082,0.614569749858
86,0.241979877282,0.619602069168
86,0.241400997063,0.624632165417
86,0.240844179187,0.629566499208
86,0.240246660116,0.634560272101
87,0.239705692454,0.639350151636
87,0.239052318384,0.644381719181
87,0.238406451663,0.649334889204
87,0.237762132058,0.654225011915
87,0.237081901619,0.6591581861
88,0.236390165012,0.664073506422
88,0.235635744571,0.66912418209
88,0.234906559662,0.67407264601
88,0.234132637471,0.679130582113
88,0.233360035239,0.684179897188
89,0.232585853455,0.689243361004
89,0.23179659615,0.694377145698
89,0.230994236259,0.699593434034
89,0.230196659218,0.704856360028
90,0.229400140004,0.710195263338
90,0.228627603807,0.715557039548
90,0.227881080649,0.72095178816
90,0.227151327254,0.726425329833
90,0.226473595208,0.731880623718
91,0.22581140901,0.737449492653
91,0.225191370284,0.743059724553
91,0.224607423205,0.748743258521
91,0.224090431319,0.754407219865
91,0.223623398706,0.760115850762
92,0.223176671205,0.7659774281
92,0.222819541464,0.771759550205
92,0.222514524526,0.777592433448
92,0.222265677639,0.783462758431
92,0.222088129578,0.7893156098
93,0.221987384046,0.795127163998
93,0.221913624348,0.801071184456
93,0.221912877247,0.806976902491
93,0.221968550992,0.81289667987
94,0.222093940213,0.818773312368
94,0.222253294949,0.824729371156
94,0.222489558963,0.830596205153
94,0.222778957776,0.836451234989
94,0.223091028975,0.842398796797
95,0.223467130455,0.848272771492
95,0.223908489171,0.854056682886
95,0.224374005592,0.859896258268
95,0.224877063975,0.865730488985
96,0.225419318965,0.871542931988
96,0.226005525121,0.877305262706
96,0.226624845515,0.883049977427
96,0.22728137909,0.88875220985
96,0.22794887095,0.894506422846
97,0.228648614393,0.900221741884
97,0.229373647976,0.905918266557
97,0.230134536356,0.911547540171
97,0.230905977347,0.917203637343
98,0.231699060447,0.92283733747
98,0.232523366298,0.928405490097
98,0.233345312331,0.93403786485
98,0.234188686056,0.939635858213
98,0.235047550334,0.945219982859
99,0.235937980484,0.950722741373
99,0.23682554975,0.956280496379
99,0.237725261838,0.961831184099
99,0.238645793194,0.967338318767
100,0.239565624669,0.972888177913
100,0.240496876283,0.978431196404
100,0.241450465299,0.983922705996
100,0.242410108244,0.989429108116
100,0.243381425392,0.994927997447
101,0.24437407889,1.00038056372
101,0.245356896701,1.00591543913
101,0.246358386476,1.01141720729
101,0.247371633711,1.01691563242
102,0.248392815539,1.02242810264
102,0.249431081218,1.02791879619
102,0.25048098954,1.03341206355
102,0.251539631581,1.03892203433
103,0.25260776787,1.04444783244
103,0.253690431982,1.04997098
103,0.254790582372,1.05548159966
103,0.25589627756,1.06103162727
104,0.257022947693,1.06655965059
104,0.258161179263,1.07210728267
104,0.259315739376,1.0776573831
104,0.260480349626,1.08323874758
105,0.261665831568,1.08880914606
105,0.26286919552,1.09438381574
105,0.264083791886,1.09999335358
105,0.265326406363,1.1055708515
106,0.266570203773,1.11123124654
106,0.267851157856,1.11682787687
106,0.269145712261,1.12246237188
106,0.270452683745,1.12814333637
106,0.271783775241,1.13382585852
107,0.273145035904,1.1394888784
107,0.274526317335,1.14517924625
107,0.275931251504,1.15088670127
107,0.277350649236,1.15665487812
108,0.278806700286,1.16239701742
108,0.280288000468,1.16816699487
108,0.28180429532,1.17393108379
108,0.283346387904,1.17973511999
109,0.284909422269,1.18560745171
109,0.286518723026,1.19145155569
109,0.288166127783,1.19731108493
109,0.289853293864,1.20318959375
110,0.291580425244,1.20909747182
110,0.293337921911,1.21508650899
110,0.295167345859,1.22099741986
110,0.297032160497,1.22699522448
111,0.298956632898,1.23299401953
111,0.30093468332,1.23903413218
111,0.30297759627,1.24508492102
112,0.305085953481,1.25116043065
112,0.307273000229,1.25722318717
112,0.309527156273,1.2633376251
112,0.311859513854,1.26947521279
113,0.314294165119,1.27555461457
113,0.3168026511,1.28170743605
113,0.319420125964,1.28780600205
113,0.32212723806,1.29394176791
114,0.324948194485,1.300028419
114,0.32787602948,1.30610248404
114,0.33091255115,1.31216171013
114,0.334073009589,1.31814676233
115,0.337342666167,1.32411245449
115,0.340734101076,1.33000035704
115,0.344241856468,1.33581721577
115,0.347863204941,1.34155238644
116,0.35160309552,1.34715884714
116,0.355442997021,1.35267257871
116,0.359386270626,1.35803803999
117,0.363421918048,1.36324727143
117,0.367530760568,1.36831537481
117,0.371696370599,1.37323962487
117,0.375921397857,1.37794093507
118,0.380167790132,1.38248522393
118,0.384426747246,1.38682662147
118,0.388672335758,1.39097940599
118,0.392883815968,1.39493818591
119,0.397042865914,1.3986904871
119,0.401122597205,1.40225761733
119,0.405100269461,1.405651533
120,0.408957099275,1.40887807155
120,0.412681656777,1.41192758343
120,0.416241250108,1.41487440449
120,0.419641429027,1.4176744474
121,0.422855819684,1.42040519293
121,0.425885375025,1.42306436384
121,0.428722174263,1.42569193341
121,0.431379586575,1.42826814114
122,0.433841084884,1.43088199527
122,0.436131307987,1.43349379996
122,0.438253015441,1.43614199287
123,0.440210669764,1.43886289105
123,0.442026705559,1.44163602934
123,0.443707640874,1.44449368394
123,0.445267611102,1.44744283415
124,0.446722342441,1.45048426786
124,0.448080362519,1.45364072289
124,0.449360876908,1.45689864483
125,0.45057322579,1.46027476493
125,0.451736703107,1.46375169684
125,0.45285769316,1.46735185901
125,0.453943696845,1.47109172195
126,0.455025521298,1.47490950658
126,0.45609351646,1.47887135199
126,0.457171654189,1.48293073732
127,0.458273535981,1.48707058355
127,0.459396036326,1.49132357529
127,0.460554557882,1.49565753572
128,0.461752590061,1.50007412035
128,0.463000994078,1.50454629531
128,0.464298837565,1.50908083483
128,0.465646342181,1.51367664432
129,0.467046833635,1.51831888543
129,0.468504456345,1.52298694888
129,0.470008298681,1.52770664748
130,0.471573406288,1.53241748984
130,0.473178242138,1.53717652485
130,0.474835838525,1.54192763421
131,0.476531465367,1.54670454231
131,0.478278013028,1.55145136357
131,0.480058548475,1.55620942871
131,0.481864725099,1.56099282561
132,0.483710161279,1.56574538256
132,0.485578369561,1.57050951076
132,0.487475940697,1.57525403279
133,0.489388745492,1.58001594402
133,0.491329432478,1.58474689691
133,0.49328738539,1.58947481718
134,0.495255481102,1.59421732283
134,0.497246094804,1.59893019925
134,0.499248901845,1.60364314206
134,0.501261592458,1.60836065841
135,0.503291930677,1.61305542834
135,0.505334309826,1.6177433477
135,0.507382402583,1.62244262491
136,0.509444240109,1.62712538231
136,0.511516396638,1.63180005041
136,0.513599457678,1.63646163392
137,0.515691007279,1.64111387782
137,0.517793753984,1.64574316638
137,0.519898030407,1.65037398706
138,0.522010521779,1.65497744728
138,0.524125902957,1.65956130359
138,0.526238655263,1.66413230846
139,0.528346418786,1.66868565187
139,0.530446179914,1.6732171719
139,0.53253623141,1.67771738477
140,0.534608222789,1.6821968439
140,0.536657529668,1.68665384586
140,0.538677789974,1.69109217183
141,0.540662357377,1.69551710108
141,0.542612630241,1.69990998097
141,0.544511301826,1.7043127767
142,0.546363002471,1.70870141953
142,0.548158004975,1.7131002045
142,0.549899111842,1.71749827131
142,0.55157745351,1.72192579722
143,0.553196873914,1.72637820053
143,0.554756392543,1.7308711586
143,0.55626059267,1.7354082155
144,0.557710864728,1.74000794676
144,0.559112773849,1.74468060621
144,0.56047887592,1.74941876723
145,0.561807538194,1.75426267318
145,0.563128122023,1.75915828394
145,0.564431379187,1.76417358653
146,0.565738269113,1.76928260784
146,0.567059695282,1.77449003909
146,0.56841323407,1.77977785129
147,0.569804211031,1.78516349279
147,0.571246399424,1.79063419052
148,0.572749326129,1.79618589646
148,0.574322196446,1.80181037194
148,0.575977572839,1.80748317948
149,0.577716597147,1.81320976718
149,0.579545073029,1.81897489237
149,0.581467483711,1.82476141395
150,0.583482455118,1.83056468915
150,0.58559297947,1.83636075319
150,0.587795542829,1.84214077978
151,0.590083070444,1.84790221472
151,0.5924553508,1.85361656169
151,0.594900553026,1.8592877271
152,0.597414397301,1.86489247374
152,0.599981727355,1.87043850236
152,0.602596764089,1.87590167654
153,0.605245418004,1.88128171933
153,0.607914727538,1.88657325981
153,0.610591623928,1.89177023995
154,0.61326100951,1.8968724467
154,0.615907111247,1.90188191352
154,0.618515826665,1.90679635167
155,0.621072993955,1.91161524507
155,0.623560749454,1.91635181146
156,0.625964607362,1.92101199299
156,0.628271648934,1.92560090062
156,0.63046987697,1.93012562957
157,0.632545357378,1.93460479106
157,0.634485363403,1.93905959525
157,0.63628346333,1.94349896644
158,0.637933875076,1.9479373416
158,0.639430151423,1.95239903595
158,0.640771744094,1.95689838695
159,0.641953068287,1.96147314569
159,0.642985783866,1.96611619527
160,0.64386948392,1.97086464707
160,0.644616580341,1.97572313255
160,0.645232839849,1.98072250279
161,0.645734337439,1.98586688663
161,0.646129781036,1.99118678234
161,0.646441160298,1.99667433256
162,0.646679031848,2.00235815147
162,0.646867713905,2.00822431263
163,0.647018135584,2.01429913694
163,0.647152139356,2.02057281752
163,0.647286133836,2.02704919844
164,0.647437811823,2.03372417518
164,0.647619298564,2.04060668933
164,0.647850892524,2.04767526304
165,0.64814164664,2.05493909103
165,0.648504131307,2.0623917838
166,0.648955852662,2.0700070101
166,0.64949855684,2.07780496926
166,0.650146878159,2.0857618142
167,0.650909996841,2.09386871436
167,0.651793712403,2.10212603913
168,0.652806866899,2.11052326434
168,0.653958590299,2.11904816105
168,0.655251960345,2.12770755867
169,0.656700130686,2.13647389624
169,0.658305597827,2.14534518394
169,0.660076382977,2.15430709138
170,0.662014404512,2.16336490677
170,0.664131336964,2.17248871588
171,0.666429284377,2.18167538686
171,0.66891348307,2.19090594655
171,0.671586658037,2.20016296748
172,0.674445741892,2.20944044391
172,0.677492167548,2.21870944973
173,0.680719318807,2.22795896662
173,0.684118712852,2.23717572585
173,0.687684578784,2.24632976499
174,0.69139857908,2.25542529443
174,0.695247322513,2.26444471378
175,0.69921635035,2.27336991941
175,0.703285697517,2.28219856234
175,0.707433191553,2.29093521403
176,0.711642664198,2.29956685475
176,0.715889433484,2.30811206837
177,0.720158084422,2.31656583261
177,0.724427380786,2.32495080459
177,0.728686384037,2.33326839442
178,0.732916893622,2.34155861034
178,0.737117345344,2.34982734813
179,0.741282928802,2.35811383619
179,0.745423427933,2.36643642342
180,0.749551090757,2.37483155344
180,0.753696671081,2.38329922512
180,0.757884826722,2.39187237697
181,0.762156008965,2.40053417802
181,0.766541662145,2.40928000027
182,0.771071936277,2.41807690512
182,0.775760683674,2.42689899635
182,0.780613637083,2.43569762366
183,0.785615659997,2.44444637029
183,0.790745894169,2.45310689178
184,0.795971878399,2.46166515218
184,0.80126129564,2.47011292797
185,0.806582176249,2.47846127234
185,0.811911915513,2.48672038013
185,0.817234725674,2.49490843654
186,0.822542895326,2.50304342978
186,0.827832474815,2.51114913503
187,0.833109474238,2.51922869304
187,0.838374560357,2.52730471389
188,0.843634339256,2.53538075952
188,0.848894724631,2.54345924439
188,0.854161178729,2.55154005293
189,0.859434671377,2.55963290002
189,0.864719697595,2.5677340951
190,0.870017799631,2.5758467062
190,0.875330135324,2.58397354738
191,0.880659615226,2.59211138468
191,0.886006819796,2.60026333464
192,0.891371192765,2.60843548348
192,0.896757339775,2.61661858538
192,0.902163647855,2.6248214625
193,0.907590856452,2.63304591843
193,0.913043393947,2.64128299385
194,0.918518486897,2.6495445477
194,0.924019315688,2.65782512759
195,0.929543486404,2.6661352845
195,0.935097506607,2.67445994644
196,0.94067819562,2.68281179938
196,0.946288145169,2.69118692706
196,0.95192877166,2.69958474794
197,0.957598205829,2.70801393638
197,0.963301165871,2.71646445062
198,0.969036671706,2.72494234388
198,0.97480378719,2.73345343748
199,0.980607919226,2.74198571126
199,0.986447992034,2.75054531833
200,0.992322009132,2.75914086736
200,0.998235718906,2.76775936361
201,1.00418684508,2.77641011606
201,1.01017614191,2.7850939485
201,1.0162067371,2.79380512929
202,1.0222786947,2.80254637509
202,1.02839156268,2.81132177355
203,1.0345473817,2.8201285687
203,1.04074490795,2.82897296912
204,1.04698819772,2.83784676171
204,1.05327720028,2.84675295219
205,1.05961059255,2.85569797897
205,1.06599159111,2.86467606011
206,1.0724209222,2.87368822322
206,1.0788983647,2.88273810829
207,1.08542356579,2.89182978413
207,1.0919995848,2.90095836165
208,1.09862731636,2.91012493804
208,1.10530715729,2.91933216186
209,1.11204007107,2.92858147459
209,1.11882476496,2.93788062398
210,1.12566606373,2.94722175157
210,1.13256475809,2.9566082481
211,1.13952017396,2.96604805647
211,1.14653589007,2.97553895039
211,1.15361311591,2.98508603555
212,1.16075378986,2.99469390063
212,1.16796280529,3.00436118396
213,1.17524210933,3.01409611337
213,1.18259601333,3.02390312776
214,1.19003074016,3.03378444491
214,1.19755260492,3.04374507794
215,1.20516873454,3.05379130999
215,1.21288899295,3.06392610634
216,1.22072292375,3.0741570838
216,1.2286831073,3.08448811721
217,1.23678737158,3.09491381785
217,1.24504771588,3.10544706743
218,1.25348673255,3.11607741385
218,1.26212276366,3.1268074692
219,1.27097897786,3.13762920501
219,1.28007770641,3.14853665705
220,1.28944589945,3.15951076046
220,1.29910720905,3.17053683121
221,1.30908703836,3.1815898171
221,1.31940788605,3.19264313851
222,1.33009063916,3.20366280351
223,1.34115605568,3.2146011561
223,1.35261368809,3.22542082718
224,1.36447274676,3.23606610561
224,1.37673137593,3.24648646467
225,1.38938332295,3.25661902839
225,1.40240993337,3.26640646551
226,1.41578459921,3.27578616223
226,1.42946831074,3.28470110109
227,1.44341536796,3.29308803567
227,1.45756352429,3.30090236819
228,1.47184545957,3.30809492522
228,1.48618115258,3.31463322889
229,1.50048649881,3.32048662869
229,1.51466837897,3.32564249997
230,1.52862838661,3.33010329696
230,1.54226898609,3.33387876001
231,1.55548962321,3.33700010247
231,1.56819348706,3.33951072696
232,1.58028921599,3.34146768163
232,1.59169231549,3.34294308681
233,1.60232655067,3.34402480547
234,1.61213065205,3.34480516432
234,1.62105375708,3.34539227286
235,1.62906296634,3.34589496979
235,1.63613812945,3.34643316091
236,1.64227625482,3.34712711486
236,1.64749453661,3.34808871089
237,1.65182232908,3.34943419388
237,1.65530356693,3.35127471627
238,1.65800069048,3.3537032673
238,1.65998207967,3.35681448767
239,1.66133309401,3.36067641064
240,1.66213767844,3.36536171476
240,1.66249328083,3.37091177377
241,1.66249459449,3.37736416876
241,1.66223792544,3.3847390648
242,1.66181844837,3.39304070046
242,1.66132322674,3.40226841847
243,1.66083897957,3.41239852649
243,1.6604381954,3.42341138387
244,1.66019009947,3.43526852664
245,1.66014964187,3.44793579243
245,1.66036625075,3.46136648674
246,1.66087734059,3.47551668728
246,1.66171082232,3.49034246485
247,1.66288590784,3.50580097798
247,1.6644144946,3.52185057457
248,1.66630084526,3.53845460806
249,1.66854377557,3.55557998277
249,1.67113547255,3.57320278437
250,1.67406499199,3.59130383758
250,1.67731880392,3.60987034051
251,1.68088385888,3.62889188273
251,1.68474343685,3.64837180984
252,1.6888827932,3.66831731525
253,1.69328952949,3.68874065363
253,1.69795262013,3.70966314781
254,1.70286533678,3.73111057863
254,1.70802528668,3.75311470571
255,1.71343440241,3.77571480212
256,1.71910315705,3.7989497585
256,1.72504718568,3.8228667495
257,1.7312912002,3.84751368386
257,1.73786664628,3.87294527365
258,1.7448180865,3.89920944988
259,1.75219729612,3.92636075938
259,1.76006723262,3.95445138784
260,1.768502817,3.98352871563
260,1.7775903592,4.01363530534
261,1.78742627692,4.04480980968
262,1.7981195057,4.07707876827
262,1.80978827648,4.11046030304
263,1.82255975081,4.14496054742
263,1.83656902802,4.18057068752
264,1.85195795063,4.21726373427
265,1.86887104933,4.25499721355
265,1.88745364312,4.29371051517
266,1.90785026375,4.33332125779
266,1.93020040083,4.37372773754
267,1.95463451827,4.41481095114
268,1.98127416054,4.45642781787
268,2.01022427502,4.49842269733
269,2.04157325018,4.54062235296
269,2.07538800247,4.58284318646
270,2.11171503006,4.62488653576
271,2.15057400621,4.66655210721
271,2.19195896028,4.70763640968
272,2.23583700884,4.74793880945
273,2.28214708184,4.78726995168
273,2.33080470083,4.82545017756
274,2.38170110837,4.86232312328
274,2.43470938542,4.89775794633
275,2.48969092595,4.93165441929
276,2.54650158216,4.96395160661
276,2.60500674628,4.99462099272
277,2.66508797624,5.02367690791
278,2.72666035092,5.0511642033
278,2.78968471924,5.07715128212
279,2.85417781941,5.10171864837
280,2.9202219004,5.12493656015
280,2.9879652951,5.14684431851
281,3.05761870991,5.16742074264
282,3.12943862318,5.18656119508
282,3.20370382121,5.20405327879
283,3.28067832142,5.2195678791
283,3.36057667857,5.23264687799
284,3.44351951759,5.24271656589
285,3.52949041815,5.24911663467
285,3.6183092483,5.25112895833
286,3.70960917127,5.24802994396
287,3.80283074389,5.23914574163
287,3.8972382174,5.22390027187
288,3.99194267627,5.20187108499
289,4.08594849493,5.1728216431
289,4.1782012871,5.13673081622
290,4.26764564741,5.0937997748
291,4.353279747,5.04444635718
291,4.43420761173,4.989281273
292,4.50967867351,4.92907652386
293,4.57911823116,4.86472193953
293,4.6421456448,4.79717624215
294,4.69857549928,4.72742152412
295,4.74840968976,4.6564173795
296,4.79181645361,4.58506407957
296,4.8291070511,4.51416897288
297,4.86070221431,4.44442800742
298,4.88709634223,4.37641718058
298,4.90883388783,4.31058282954
299,4.92647243009,4.2472544997
300,4.94056400236,4.18665109985
300,4.95163418175,4.12889758633
301,4.96017241508,4.07403849827
302,4.96662135042,4.02205681242
302,4.97137615215,3.97288698458
303,4.97478132739,3.92643091541
304,4.97713684821,3.88256606088
305,4.9786989809,3.84115663952
305,4.97968592575,3.80205939253
306,4.98028376558,3.76512743738
307,4.98064674384,3.73021677364
307,4.98090744417,3.69718382243
308,4.98117230366,3.66589282512
309,4.98153327834,3.63621022374
309,4.98206313448,3.60801052909
310,4.98282155115,3.58117366615
311,4.98385579555,3.55558597756
312,4.98520103299,3.53114120275
312,4.98688375326,3.50773905485
313,4.98892182664,3.48528608622
314,4.99132515771,3.46369600373
315,4.99409863027,3.4428883067
315,4.99723920404,3.42279090413
316,5.00074187685,3.40333652007
317,5.00459678224,3.38446515331
317,5.0087903543,3.36612363253
318,5.01330846733,3.34826379057
319,5.01813211917,3.33084557737
320,5.0232461759,3.31383136483
320,5.02863017544,3.297192149
321,5.0342679032,3.28090122197
322,5.04013950327,3.26493931889
323,5.04622965795,3.24928917208
323,5.05252269374,3.23393857188
324,5.05900364795,3.21887947649
325,5.06566078283,3.20410619428
326,5.07248383663,3.18961627349
326,5.07946601682,3.17540899028
327,5.08660086075,3.16148705365
328,5.09388381763,3.14785531316
329,5.10131637104,3.13451793346
329,5.1088988808,3.12148254369
330,5.11663558305,3.1087568496
331,5.12453344049,3.09634906604
332,5.13260207698,3.08426767647
332,5.14085251933,3.07252190758
333,5.14929876929,3.06112050315
334,5.1579572749,3.05007178
335,5.16684572349,3.03938408858
335,5.17598481022,3.02906453652
336,5.18539536291,3.01912049117
337,5.19510005843,3.00955843819
338,5.20512378997,3.00038374962
339,5.21549134925,2.99160214414
339,5.22622830433,2.98321948522
340,5.23736102499,2.97524234529
341,5.2489144676,2.96768017296
342,5.26091656157,2.96054411101
343,5.27339638755,2.95384980954
343,5.2863856831,2.94761881238
344,5.29991926988,2.94188097053
345,5.31404255589,2.93667321608
346,5.32880975183,2.93204356041
346,5.34429416449,2.92804805707
347,5.36058870134,2.92475231487
348,5.377817208,2.92222552126
349,5.39613764731,2.92053666349
350,5.41575132368,2.91974439831
351,5.43690206954,2.91988864931
351,5.45988555768,2.9209726116
352,5.48504023762,2.92295053178
353,5.51274553835,2.92570796812
354,5.54340634143,2.92904693765
355,5.57743863919,2.93266968356
355,5.6152439942,2.93616979566
356,5.65718383856,2.93902712941
357,5.70354949914,2.94061085006
358,5.75453703769,2.94018751962
359,5.81021456007,2.93694150869
360,5.87050722997,2.92999482651
360,5.93517236463,2.91843990412
361,6.00379209153,2.90137023709
362,6.07577006331,2.87791468569
363,6.15032935455,2.84727563076
364,6.22652466759,2.8087638058
365,6.30325717358,2.76183481583
365,6.37929687281,2.70612406413
366,6.45331404697,2.64147813429
367,6.52392219525,2.56797982725
368,6.58971996878,2.48596926492
369,6.64934954237,2.39605060837
370,6.70155155928,2.29908904169
370,6.74522404582,2.19619188067
371,6.77947986865,2.08867396526
372,6.80368822498,1.97801133111
373,6.81751440152,1.86577946281
374,6.82093024453,1.75358730527
375,6.81422326855,1.64300296992
376,6.79797091216,1.53548581829
376,6.77300765142,1.43232290916
377,6.74037292073,1.33457869568
378,6.70125009034,1.24306015478
379,6.65689776562,1.15830043144
380,6.60858400531,1.08056048398
381,6.55752476451,1.00984825489
382,6.50483199134,0.945952193265
383,6.45147262705,0.888485207235
383,6.39825246077,0.83693249561
384,6.34579850047,0.790702155719
385,6.29457138609,0.749169633428
386,6.24487544366,0.71171691366
387,6.1968840825,0.677761764725
388,6.15066205186,0.646778339573
389,6.10619662015,0.618307937535
390,6.06341810308,0.591963175123
391,6.02222250862,0.56742573607
392,5.98248897577,0.544440286926
392,5.94409170137,0.522806233135
393,5.90691102498,0.502368301132
394,5.87083704219,0.483007619328
395,5.83577179615,0.46463345108
396,5.80163271279,0.447175814645
397,5.76835035567,0.430579739288
398,5.73586919809,0.414800462105
399,5.70414298697,0.39980012579
400,5.67313586058,0.385544992329
401,5.64281850808,0.372003802057
402,5.61316779944,0.359146502042
403,5.58416560337,0.346943511042
403,5.55579629675,0.335365412335
404,5.52804676725,0.324382732767
405,5.50090416427,0.313966028225
406,5.47435797076,0.304085822988
407,5.44839714967,0.294712903778
408,5.42301078803,0.28581843959
409,5.39818777782,0.277374169384
410,5.37391717889,0.26935254947
411,5.35018670509,0.261726981667
412,5.32698316005,0.254471917701
413,5.30429588139,0.247562803761
414,5.28210907836,0.240976529691
415,5.26041084572,0.234691062084
416,5.23918695651,0.228685774456
417,5.21842361982,0.222941336481
418,5.19810571707,0.217439789894
419,5.17822103398,0.212164352864
420,5.15875412793,0.207099648478
421,5.13969085437,0.202231471431
421,5.12101946606,0.197546700152
422,5.10272413474,0.193033492836
423,5.08479373115,0.188680883193
424,5.06721478521,0.184478986943
425,5.04997478107,0.18041880696
426,5.03306197654,0.17649217349
427,5.01646480181,0.172691698358
428,5.00017385604,0.169010640326
429,4.98417639967,0.165443029047
430,4.96846378994,0.161983349702
431,4.95302531853,0.158626692874
432,4.93785375334,0.155368518045
433,4.92293891284,0.152204809478
434,4.90827356777,0.149131840128
435,4.89384893782,0.146146269264
436,4.87965836782,0.143244989438
437,4.86569462151,0.140425172773
438,4.85195202144,0.137684174999
439,4.83842340337,0.135019593892
440,4.8251028862,0.13242916265
441,4.81198494736,0.129910753809
442,4.79906543473,0.12746233188
443,4.78633829292,0.12508202316
444,4.7737989762,0.122768007581
445,4.76144319284,0.120518539465
447,4.74926670974,0.118331940709
448,4.7372643556,0.11620661481
449,4.72543412594,0.114140937047
450,4.71377178578,0.112133381249
451,4.70227272674,0.110182465821
452,4.6909347292,0.108286684162
453,4.67975489656,0.106444574259
454,4.66872967955,0.104654713478
455,4.65785520979,0.102915707364
456,4.6471299606,0.101226129102
457,4.63655092263,0.0995846036852
458,4.62611441252,0.0979897873321
459,4.61581972156,0.096440289513
460,4.60566272016,0.0949348085721
461,4.59564101444,0.0934720218284
462,4.58575362348,0.0920505945127
463,4.57599743121,0.0906692520641
464,4.56637009967,0.0893267207072
465,4.55686963137,0.0880217373376
466,4.54749430811,0.0867530516442
468,4.53824147787,0.0855194498507
469,4.52910904852,0.0843197264561
470,4.52009512647,0.0831526921791
471,4.51119818219,0.0820171718422
472,4.50241616396,0.0809120213131
473,4.49374655246,0.0798361266396
474,4.48518808817,0.0787883738716
475,4.47673843013,0.0777676915973
476,4.4683962099,0.0767730151615
477,4.46015993847,0.0758033067157
478,4.45202761067,0.0748575622221
480,4.44399689112,0.0739348083512
481,4.43606667482,0.0730340769187
482,4.42823527993,0.0721544357459
483,4.42050069487,0.0712949844949
484,4.41286160171,0.0704548383045
485,4.40531591784,0.0696331516275
486,4.3978621956,0.0688290958517
487,4.39049949386,0.0680418619167
489,4.38322559019,0.0672706881658
490,4.37603955143,0.0665148203239
491,4.36893869914,0.0657735580722
492,4.36192279202,0.065046191346
493,4.35498952311,0.0643320684272
494,4.34813762581,0.0636305488525
495,4.34136522659,0.0629410277915
496,4.33467261003,0.0622628956338
498,4.32805579858,0.0615956304911
499,4.32151586897,0.0609386636379
500,4.31505019611,0.060291504781
501,4.30865714088,0.0596536743114
502,4.30233617964,0.0590247017145
503,4.29608582239,0.0584041540774
505,4.28990433679,0.0577916252003
506,4.28379114265,0.057186716285
507,4.27774437126,0.0565890683528
508,4.27176263741,0.0559983376336
509,4.26584610215,0.0554141814427
510,4.25999245401,0.0548363101817
512,4.2542000663,0.0542644449675
513,4.24846909014,0.0536983035528
514,4.24279795931,0.0531376444636
515,4.23718569294,0.0525822367387
516,4.23163014087,0.052031881165
517,4.22613126754,0.0514863688999
519,4.22068853246,0.0509455136057
520,4.21530022697,0.0504091583917
521,4.20996524072,0.0498771535392
522,4.20468272661,0.0493493600822
523,4.19945221175,0.0488256479779
525,4.1942724943,0.0483059083373
526,4.18914247822,0.0477900428384
527,4.18406150301,0.0472779593944
528,4.1790284079,0.0467695822187
530,4.17404265661,0.0462648384534
531,4.16910384917,0.0457636632398
532,4.16421068728,0.0452660104321
533,4.15936253991,0.0447718346734
534,4.15455800514,0.0442811065056
536,4.14979738459,0.0437937852904
537,4.14507948135,0.043309853024
538,4.14040348635,0.0428292935143
539,4.13576894655,0.0423520924058
541,4.13117522595,0.0418782423488
542,4.12662134002,0.0414077440944
543,4.12210737264,0.040940591805
544,4.117631817,0.0404767993078
546,4.1131953766,0.0400163619022
547,4.10879503865,0.0395593141536
548,4.10443317864,0.03910564091
549,4.10010746524,0.0386553748307
551,4.09581790882,0.0382085279536
552,4.09156335084,0.0377651249526
553,4.0873440301,0.0373251788323
555,4.08315958403,0.0368887094006
556,4.07900937636,0.0364557397856
557,4.07489243496,0.0360262966118
558,4.07080825055,0.0356004026367
560,4.06675716424,0.0351780734118
561,4.06273798664,0.0347593378654
562,4.05875142328,0.034344208419
564,4.05479593433,0.0339327163612
565,4.0508711352,0.033524882511
566,4.04697686497,0.0331207252454
567,4.04311349899,0.0327202579526
569,4.03927958037,0.0323235081143
570,4.03547576802,0.0319304851428
571,4.0317008389,0.0315412125226
573,4.02795421048,0.0311557073811
574,4.02423659009,0.0307739757454
575,4.02054716125,0.0303960343213
577,4.01688604658,0.0300218913698
578,4.01325173495,0.0296515660848
579,4.00964521033,0.0292850577069
581,4.00606544098,0.0289223791246
582,4.00251249392,0.02856353378
583,3.99898587391,0.0282085278312
585,3.99548563989,0.0278573621317
586,3.99201090533,0.027510042789
587,3.9885614588,0.0271665697484
589,3.98513794164,0.0268269358796
590,3.98173954665,0.0264911426342
591,3.97836551385,0.0261591896562
593,3.97501584483,0.0258310701833
594,3.97169123786,0.0255067717789
596,3.96839056501,0.0251862926316
597,3.96511359079,0.0248696238435
598,3.96186009373,0.0245567552385
600,3.95862981416,0.0242476757224
601,3.95542340428,0.0239423675503
602,3.95223958611,0.0236408236868
604,3.94907852182,0.0233430272334
605,3.94594049638,0.0230489596691
607,3.94282391316,0.0227586124996
608,3.93973038736,0.0224719575956
609,3.93665833238,0.0221889844759
611,3.93360805214,0.0219096709023
612,3.9305799635,0.0216339933355
614,3.92757247369,0.0213619385509
615,3.92458671292,0.0210934775908
617,3.92162102643,0.0208285959325
618,3.91867740861,0.0205672588726
619,3.91575372841,0.0203094530306
621,3.91285061364,0.0200551498219
622,3.90996806752,0.0198043234797
624,3.90710529875,0.0195569517498
625,3.90426307214,0.0193130040623
627,3.90144039421,0.0190724582251
628,3.89863687579,0.0188352885321
629,3.89585343197,0.0186014626312
631,3.89308879042,0.0183709583982
632,3.89034401938,0.0181437422389
634,3.88761792558,0.0179197909777
635,3.88490995042,0.0176990780745
637,3.88222134628,0.0174815685325
638,3.87955101493,0.0172672379222
640,3.87689946727,0.0170560543712
641,3.87426575278,0.0168479923576
643,3.87165064396,0.0166430186742
644,3.86905294018,0.0164411085873
646,3.86647362793,0.0162422278968
647,3.86391146396,0.0160463518299
649,3.86136677313,0.015853448934
650,3.85883982854,0.0156634880422
652,3.85633024361,0.0154764407161
653,3.85383756312,0.015292278764
655,3.85136165283,0.0151109727147
656,3.84890277269,0.0149324916197
658,3.84646069438,0.0147568065371
659,3.8440350971,0.0145838889359
661,3.84162605598,0.0144137088561
662,3.83923338634,0.0142462374346
664,3.83685690294,0.0140814459094
665,3.83449678275,0.0139193043107
667,3.83215236548,0.013759785847
668,3.82982364237,0.0136028614595
670,3.82751051959,0.0134485025424
671,3.82521321664,0.0132966795467
673,3.82293186462,0.0131473634223
675,3.82066591061,0.0130005276294
676,3.81841432047,0.0128561473326
678,3.81617886482,0.0127141883726
679,3.81395774798,0.0125746287614
681,3.81175195653,0.0124374373479
682,3.80956059416,0.0123025893571
684,3.80738419759,0.012170055471
685,3.80522276166,0.0120398083095
687,3.80307574777,0.0119118223087
689,3.80094265013,0.0117860718749
690,3.79882426591,0.0116625274854
692,3.79671981828,0.011541164624
693,3.79463005898,0.0114219541947
695,3.79255332734,0.0113048744852
697,3.79049153128,0.0111898931483
698,3.78844284387,0.0110769890548
700,3.78640837227,0.010966132438
701,3.78438723276,0.0108572994167
703,3.78237953322,0.0107504632298
705,3.78038537935,0.010645597152
706,3.77840485506,0.0105426745291
708,3.77643701391,0.0104416715434
710,3.77448301106,0.0103425584824
711,3.77254195988,0.0102453112296
713,3.77061319412,0.0101499049019
715,3.76869824376,0.0100563085826
716,3.76679581761,0.009964498824
718,3.76490630446,0.00987444748944
719,3.76302889592,0.00978612939852
721,3.76116439052,0.00969951493444
723,3.75931300277,0.00961457579096
724,3.75747338195,0.00953128736454
726,3.75564627251,0.00944961934953
728,3.75383094226,0.0093695448346
729,3.75202845975,0.00929103200256
731,3.75023800542,0.00921405333326
733,3.74845973478,0.00913857840195
735,3.74669339052,0.00906457729147
736,3.74493892018,0.00899201903067
738,3.74319612122,0.0089208724182
740,3.74146540029,0.00885110417167
741,3.7397466627,0.00878268154588
743,3.73803877677,0.00871557349528
745,3.73634280396,0.00864974306701
746,3.73465873279,0.00858515504719
748,3.73298591772,0.0085217748268
750,3.73132442139,0.00845956526588
752,3.72967384989,0.00839848933025
753,3.72803527099,0.00833850572473
755,3.72640771289,0.00827957674172
757,3.72479096212,0.00822166189548
759,3.72318568991,0.00816471766531
760,3.72159118666,0.00810870246063
762,3.72000787211,0.00805357105847
764,3.71843551767,0.00799927847902
766,3.71687365718,0.00794577903968
767,3.71532275318,0.00789302384375
769,3.71378258064,0.0078409642414
771,3.71225243321,0.00778955134462
773,3.71073373694,0.00773873054555
775,3.7092249327,0.0076884522678
776,3.70772735934,0.00763865967206
778,3.70623923063,0.0075893011968
780,3.7047619389,0.00754031756808
782,3.70329523828,0.00749165178626
783,3.70183806602,0.00744324742988
785,3.70039150595,0.00739504275237
787,3.69895435974,0.00734697969178
789,3.69752787579,0.00729899449193
791,3.69611087318,0.00725102752729
793,3.6947039227,0.00720301512781
794,3.69330648116,0.00715489537735
796,3.69191838057,0.00710660533379
798,3.69054039432,0.0070580801398
800,3.68917195488,0.00700925760439
802,3.68781247114,0.00696007583445
804,3.68646225217,0.00691047171803
805,3.6851217671,0.00686038259067
807,3.6837900005,0.00680974953157
809,3.68246722951,0.00675851242656
811,3.68115329192,0.00670661347712
813,3.67984811875,0.00665399648602
815,3.6785517492,0.00660060712234
817,3.67726359068,0.00654639453751
819,3.67598432254,0.00649130825252
820,3.67471330344,0.00643530308427
822,3.67344984397,0.00637833713125
824,3.67219513262,0.00632036873981
826,3.67094784284,0.00626136441774
828,3.66970860072,0.00620129135492
830,3.66847689958,0.00614012299048
832,3.66725310141,0.0060778358353
834,3.66603643947,0.0060144130286
836,3.66482723615,0.0059498408248
838,3.66362460044,0.0058841125382
840,3.66242948772,0.00581722369928
841,3.66124120229,0.00574917779966
843,3.66005935275,0.00567998316211
845,3.65888429566,0.00560965230217
847,3.6577157329,0.00553820409897
849,3.65655331992,0.0054656627615
851,3.65539719466,0.00539205694126
853,3.65424677152,0.00531742139391
855,3.65310294749,0.00524179356251
857,3.65196457349,0.00516521850455
859,3.65083152394,0.00508774415554
861,3.6497047402,0.0050094210946
863,3.64858316735,0.00493030648902
865,3.64746707136,0.00485045913853
867,3.64635595417,0.00476994199048
869,3.64525036154,0.00468881936186
871,3.64414963395,0.00460715951481
873,3.64305376706,0.00452503182313
875,3.64196370235,0.00444250609637
877,3.64087761831,0.00435965673398
879,3.63979688457,0.00427655503194
881,3.6387201923,0.00419327592601
883,3.6376485013,0.0041098917339
885,3.63658160986,0.0040264758579
887,3.63551930225,0.00394310107635
889,3.63446162535,0.00385983893633
891,3.63340817045,0.00377676024071
893,3.63235913729,0.00369393365017
896,3.63131491369,0.00361142593046
898,3.63027489169,0.00352930291113
900,3.62923907165,0.00344762766382
902,3.62820798987,0.00336646047657
904,3.6271812682,0.00328586009172
906,3.62615859222,0.00320588263022
908,3.62514017132,0.00312658111585
910,3.62412663732,0.00304800555294
912,3.62311681919,0.00297020475187
914,3.62211155775,0.00289322306695
916,3.62111074974,0.00281710290129
918,3.62011401108,0.00274188411462
921,3.61912195263,0.00266760307782
923,3.61813397589,0.00259429438962
925,3.61715061529,0.00252198916819
927,3.61617135637,0.00245071669697
929,3.6151962264,0.00238050333734
931,3.61422560999,0.00231137276789
933,3.61325957743,0.00224334650806
936,3.61229800192,0.0021764438946
938,3.61134046898,0.00211068219624
940,3.61038740415,0.00204607603102
942,3.60943878047,0.00198263823341
944,3.60849475171,0.00192037956027
946,3.60755475024,0.00185930925405
949,3.60661972475,0.00179943394885
951,3.60568853378,0.00174075961732
953,3.60476205284,0.00168328956488
955,3.60384005282,0.00162702607807
957,3.60292253475,0.00157196983322
960,3.60200929474,0.00151812017373
962,3.60110060533,0.00146547489245
964,3.60019636533,0.00141403067282
966,3.59929666897,0.00136378291767
968,3.59840109626,0.00131472609148
971,3.59751044,0.00126685314586
973,3.59662415653,0.00122015653007
975,3.59574225467,0.00117462755197
977,3.594864894,0.00113025660283
980,3.59399202783,0.0010870333356
982,3.59312324006,0.00104494675951
984,3.59225948343,0.00100398479148
986,3.59140000132,0.000964135215596
989,3.59054525638,0.000925384888441
991,3.58969440266,0.000887720483084
993,3.58884831916,0.000851127753218
996,3.58800659905,0.000815592354479
998,3.58716977325,0.000781099344
1000,3.58633672295,0.000747633810458
1003,3.58550856564,0.000715180067341
1005,3.58468446604,0.000683722594929
1007,3.58386528175,0.000653245330589
1009,3.58305013295,0.000623732376082
1012,3.58223949762,0.000595167448812
1014,3.58143327549,0.00056753427785
1016,3.58063134871,0.000540816529478
1019,3.57983387176,0.000514997796191
1021,3.57904037683,0.000490061758137
1024,3.57825168803,0.000465991940032
1026,3.57746753048,0.000442772075514
1028,3.57668721418,0.000420386014465
1031,3.57591108667,0.000398817571278
1033,3.57513976027,0.000378050658579
1035,3.57437266584,0.000358069457501
1038,3.5736096452,0.000338858250998
1040,3.57285073314,0.000320401470877
1043,3.5720960933,0.000302683722582
1045,3.57134583027,0.000285689816034
1047,3.57059992933,0.000269404780016
1050,3.56985780163,0.000253813901926
1052,3.56911990368,0.000238902616463
1055,3.56838647876,0.000224656614595
1057,3.56765697398,0.000211061879912
1060,3.56693158707,0.000198104593604
1062,3.56621021774,0.000185771207755
1064,3.56549307665,0.000174048414247
1067,3.5647803004,0.000162923170372
1069,3.56407112078,0.000152382735138
1072,3.56336640871,0.00014241455626
1074,3.56266512295,0.000133006426353
1077,3.5619684076,0.000124146315257
1079,3.56127516558,0.000115822540659
1082,3.56058607164,0.000108023619274
1084,3.55990128465,0.000100738349874
1087,3.55922016201,9.39558131482e-05
1089,3.55854318857,8.76653146966e-05
1092,3.55787004662,8.18564369271e-05
1094,3.55720101881,7.65189993447e-05
1097,3.55653587065,7.16428090224e-05
1099,3.55587431909,6.71799664428e-05
1102,3.55521726585,6.30948739944e-05
1104,3.55456365919,5.93796512552e-05
1107,3.55391446758,5.59673188811e-05
1109,3.55326914316,5.2696026555e-05
1112,3.55262740612,4.95544519055e-05
1115,3.55198957269,4.65397715286e-05
1117,3.55135550502,4.3649225719e-05
1120,3.55072491153,4.08801134708e-05
1122,3.55009822741,3.82297826405e-05
1125,3.54947495837,3.56956493055e-05
1128,3.54885506979,3.32751813258e-05
1130,3.54823898855,3.09658997389e-05
1133,3.54762648432,2.87653889246e-05
1135,3.5470173204,2.66712892042e-05
1138,3.54641147381,2.46779570518e-05
1141,3.54580929401,2.27779909132e-05
1143,3.54521031696,2.09693003873e-05
1146,3.54461465094,1.92499045227e-05
1148,3.54402246692,1.76178708318e-05
1151,3.54343367392,1.6071316175e-05
1154,3.54284783679,1.46084057803e-05
1156,3.54226570202,1.32273508666e-05
1159,3.54168635906,1.19269963004e-05
1162,3.5411106572,1.07060131863e-05
1164,3.54053782231,9.56270454304e-06
1167,3.53996820834,8.49541511135e-06
1170,3.53940160937,7.50253565827e-06
1173,3.53883865054,6.58249857029e-06
1175,3.53827823273,5.73378201475e-06
1178,3.53772107108,4.95483562908e-06
1181,3.53716716746,4.24138772535e-06
1183,3.53661646406,3.59059462983e-06
1186,3.53606851946,3.00117345534e-06
1189,3.53552351219,2.47187573816e-06
1192,3.53498146972,2.00148745936e-06
1194,3.53444274534,1.58882782258e-06
1197,3.53390680291,1.23274896143e-06
1200,3.53337363053,9.32134270604e-07
1203,3.53284327372,6.85897914891e-07
1205,3.53231609041,4.92983978494e-07
1208,3.53179172024,3.52365806361e-07
1211,3.53127039578,2.63044962921e-07
1214,3.53075148019,2.18261202973e-07
1217,3.53023602855,1.87369746122e-07
1219,3.5297230579,1.6585795107e-07
1222,3.52921281888,1.53542312411e-07
1225,3.52870547658,1.47355077127e-07
1228,3.52820050597,1.41580224557e-07
1231,3.5276987017,1.36058535053e-07
1233,3.52719954788,1.30778015606e-07
1236,3.52670339041,1.25727245407e-07
1239,3.52620931268,1.20895422751e-07
1242,3.52571800404,1.16272231572e-07
1245,3.52522963697,1.11847890736e-07
1248,3.52474380989,1.076131252e-07
1251,3.52426036597,1.03559113007e-07
1254,3.52377957083,9.9677457451e-08
1256,3.52330128741,9.59601891556e-08
1259,3.52282569339,9.23997233356e-08
1262,3.52235255269,8.89888593638e-08
1265,3.52188213424,8.57207370583e-08
1268,3.52141368593,8.25888565461e-08
1271,3.52094802389,7.95869979754e-08
1274,3.52048506564,7.67092654941e-08
1277,3.52002395302,7.39500654647e-08
1280,3.51956569257,7.13040353843e-08
1283,3.51910982918,6.87661020084e-08
1286,3.51865632701,6.63314273741e-08
1289,3.51820505187,6.3995407333e-08
1292,3.51775674995,6.17536423138e-08
1295,3.51730994331,5.96019815005e-08
1298,3.5168661506,5.75364201104e-08
1301,3.51642443673,5.55531842765e-08
1304,3.51598479433,5.36486631718e-08
1307,3.51554804186,5.18194039804e-08
1310,3.51511300515,5.00621455899e-08
1313,3.51468049764,4.83737509022e-08
1316,3.51425017792,4.67512458542e-08
1319,3.51382219472,4.51917881688e-08
1322,3.51339644407,4.36926709156e-08
1325,3.5129726188,4.2251314891e-08
1328,3.51255117352,4.08652508413e-08
1331,3.51213213895,3.95321283476e-08
1334,3.51171491621,3.8249711818e-08
1337,3.51130017513,3.7015854016e-08
1340,3.51088751124,3.5828517232e-08
1343,3.5104766893,3.46857544021e-08
1346,3.51006830345,3.35856987055e-08
1349,3.50966185021,3.25265782886e-08
1353,3.50925781017,3.15066919693e-08
1356,3.50885554837,3.0524425009e-08
1359,3.50845546974,2.95782258805e-08
1362,3.50805719529,2.86666189232e-08
1365,3.50766160007,2.77881840971e-08
1368,3.50726738545,2.69415814714e-08
1371,3.50687596449,2.61255095498e-08
1375,3.50648573463,2.5338746781e-08
1378,3.50609786756,2.45801050013e-08
1381,3.50571188558,2.38484599475e-08
1384,3.50532791609,2.31427322439e-08
1387,3.50494588923,2.24618908365e-08
1390,3.50456606484,2.18049473664e-08
1394,3.50418781576,2.11709616891e-08
1397,3.503811768,2.0559026613e-08
1400,3.5034374463,1.99682804906e-08
1403,3.50306552848,1.93978920015e-08
1407,3.50269484078,1.88470755949e-08
1410,3.50232640555,1.83150672128e-08
1413,3.50195982483,1.78011428633e-08
1416,3.50159475359,1.73046087343e-08
1420,3.50123224638,1.68247934705e-08
1423,3.5008712073,1.63610643003e-08
1426,3.50051187266,1.59128085712e-08
1429,3.50015450156,1.54794391827e-08
1433,3.49979872966,1.50603962247e-08
1436,3.49944499522,1.46551395565e-08
1439,3.49909325634,1.42631534417e-08
1443,3.49874312984,1.38839447328e-08
1446,3.49839477977,1.35170383354e-08
1449,3.49804782444,1.31619806816e-08
1453,3.49770301765,1.28183324748e-08
1456,3.49736003208,1.24856762969e-08
1459,3.49701852537,1.21636116392e-08
1463,3.49667895061,1.18517513742e-08
1466,3.49634087456,1.15497270124e-08
1469,3.49600470975,1.1257182001e-08
1473,3.49567005143,1.0973776723e-08
1476,3.49533730278,1.06991825126e-08
1480,3.49500630035,1.04330855292e-08
1483,3.4946766756,1.01751849367e-08
1487,3.49434889569,9.92518930096e-09
1490,3.49402249353,9.68282132294e-09
1493,3.49369810041,9.44781151576e-09
1497,3.49337503924,9.21990446358e-09
1500,3.49305363549,8.9988519979e-09
1504,3.49273405937,8.78441600688e-09
1507,3.49241592704,8.57636897664e-09
1511,3.49209955384,8.37449039795e-09
1514,3.49178454385,8.17856994735e-09
1518,3.4914714617,7.98840307691e-09
1521,3.49115927432,7.80379668962e-09
1525,3.49084938084,7.62455957088e-09
1528,3.49054057036,7.45051347636e-09
1532,3.49023368194,7.28148247119e-09
1535,3.48992791988,7.11730064089e-09
1539,3.48962415748,6.95780489394e-09
1542,3.4893217095,6.8028413203e-09
1546,3.48902055448,6.65226042129e-09
1549,3.48872127291,6.50591709789e-09
1553,3.48842298323,6.36367433013e-09
1557,3.48812647204,6.22539708156e-09
1560,3.48783153825,6.09095706155e-09
1564,3.48753790667,5.96023075656e-09
1567,3.48724585074,5.83309822255e-09
1571,3.48695515404,5.70944469052e-09
1575,3.48666601745,5.58915883916e-09
1578,3.48637818175,5.4721340955e-09
1582,3.48609189669,5.35826691054e-09
1586,3.48580711972,5.24745788983e-09
1589,3.48552368133,5.1396113704e-09
1593,3.48524144324,5.03463501263e-09
1597,3.48496104288,4.9324386497e-09
1600,3.48468165495,4.83293735261e-09
1604,3.48440376184,4.73604734304e-09
1608,3.48412730119,4.64168853539e-09
1611,3.48385200591,4.54978388791e-09
1615,3.48357841829,4.46025799519e-09
1619,3.48330597807,4.37303945942e-09
1622,3.48303497515,4.28805827902e-09
1626,3.4827652156,4.20524745244e-09
1630,3.4824966126,4.12454213103e-09
1634,3.48222981608,4.04587882319e-09
1637,3.48196399447,3.96919791324e-09
1641,3.48169968738,3.89444021917e-09
1645,3.48143636706,3.82154976868e-09
1649,3.48117456439,3.75047129801e-09
1653,3.48091415317,3.68115210965e-09
1656,3.4806548437,3.61354143078e-09
1660,3.48039682348,3.54758967928e-09
1664,3.48014026643,3.48324893653e-09
1668,3.47988489009,3.42047331612e-09
1672,3.47963070015,3.35921815237e-09
1676,3.47937747726,3.29944046266e-09
1680,3.47912599818,3.241097722e-09
1683,3.47887576308,3.18414999402e-09
1687,3.47862640983,3.12855848903e-09
1691,3.47837845323,3.07428487777e-09
1695,3.4781315714,3.02129282129e-09
1699,3.47788617469,2.96954649374e-09
1703,3.47764185217,2.91901193224e-09
1707,3.47739866142,2.86965583803e-09
1711,3.47715688032,2.82144580099e-09
1715,3.47691602867,2.77435104971e-09
1719,3.47667645537,2.72834110929e-09
1723,3.47643814569,2.6833867553e-09
1727,3.47620090233,2.63945981344e-09
1731,3.47596474838,2.59653281538e-09
1735,3.47572982695,2.55457905869e-09
1739,3.4754959065,2.51357294102e-09
1743,3.47526373489,2.473488944e-09
1747,3.47503207063,2.43430374584e-09
1751,3.47480188361,2.39599317874e-09
1755,3.47457264262,2.35853485866e-09
1759,3.47434456651,2.32190656201e-09
1763,3.47411754752,2.28608695898e-09
1767,3.47389182664,2.25105513756e-09
1771,3.47366700118,2.21679122022e-09
1775,3.47344330652,2.18327552608e-09
1779,3.47322082276,2.15048905244e-09
1783,3.47299912908,2.11841367416e-09
1787,3.4727787307,2.08703123224e-09
1791,3.47255951195,2.05632448466e-09
1796,3.47234128344,2.02627673344e-09
1800,3.47212419914,1.99687157112e-09
1804,3.47190795223,1.96809333313e-09
1808,3.47169311737,1.93992630875e-09
1812,3.47147891259,1.91235600172e-09
1816,3.47126597453,1.88536755018e-09
1821,3.47105392604,1.85894707397e-09
1825,3.4708430543,1.83308073047e-09
1829,3.4706332915,1.80775526526e-09
1833,3.47042439005,1.78295789147e-09
1837,3.47021650167,1.75867597703e-09
1842,3.47000978443,1.73489724681e-09
1846,3.46980385693,1.71161003856e-09
1850,3.46959900674,1.68880268965e-09
1854,3.46939539715,1.6664639218e-09
1859,3.46919232301,1.6445831896e-09
1863,3.4689904777,1.62314957258e-09
1867,3.46878968628,1.60215286571e-09
1872,3.46858969444,1.58158317714e-09
1876,3.46839083633,1.56143062155e-09
1880,3.46819269983,1.54168591482e-09
1884,3.46799596168,1.52233954772e-09
1889,3.46779966153,1.50338298577e-09
1893,3.4676046664,1.48480713261e-09
1898,3.4674104165,1.46660374826e-09
1902,3.46721724421,1.44876444079e-09
1906,3.46702508932,1.43128120336e-09
1911,3.46683365662,1.41414634155e-09
1915,3.46664325225,1.39735211975e-09
1920,3.46645364108,1.38089122706e-09
1924,3.46626525099,1.36475628094e-09
1928,3.46607741176,1.34894052757e-09
1933,3.465890727,1.33343689165e-09
1937,3.46570475308,1.31823888835e-09
1942,3.46551983272,1.30333990332e-09
1946,3.46533569416,1.28873372449e-09
1951,3.46515250724,1.27441413647e-09
1955,3.46497037782,1.26037511084e-09
1960,3.46478912414,1.24661087657e-09
1964,3.46460825043,1.2331159216e-09
1969,3.46442880225,1.2198843316e-09
1973,3.46425003657,1.20691096859e-09
1978,3.46407207497,1.19419052791e-09
1982,3.46389501356,1.18171784472e-09
1987,3.46371875802,1.16948795085e-09
1992,3.46354322841,1.15749599997e-09
1996,3.4633689586,1.14573706144e-09
2001,3.46319491713,1.13420684518e-09
2005,3.46302210734,1.1229005029e-09
2010,3.46285019433,1.11181373966e-09
2015,3.46267893269,1.10094234068e-09
2019,3.46250863549,1.09028201669e-09
2024,3.4623390881,1.07982874934e-09
2029,3.4621704065,1.06957851777e-09
2033,3.46200263005,1.05952742336e-09
2038,3.46183530977,1.04967180953e-09
2043,3.46166904714,1.04000779328e-09
2047,3.46150355808,1.0305318526e-09
2052,3.46133901682,1.02124041233e-09
2057,3.46117470385,1.0121302473e-09
2062,3.46101153874,1.00319773213e-09
2066,3.46084946978,9.94439610706e-10
2071,3.46068783382,9.85852879128e-10
2076,3.46052690036,9.7743434051e-10
2081,3.4603671846,9.69180805675e-10
2085,3.46020768001,9.61089584455e-10
2090,3.4600493178,9.53157516001e-10
2095,3.45989165981,9.4538188978e-10
2100,3.45973461451,9.37759963827e-10
2105,3.45957830864,9.30289002818e-10
2110,3.45942297301,9.22966307478e-10
2115,3.45926825329,9.15789397549e-10
2119,3.45911420619,9.08755741929e-10
2124,3.45896088147,9.01862871105e-10
2129,3.45880835168,8.95108365684e-10
2134,3.45865669189,8.88489863814e-10
2139,3.45850545966,8.82005188392e-10
2144,3.45835528755,8.75651941989e-10
2149,3.45820557188,8.69428092456e-10
2154,3.45805664934,8.63331420118e-10
2159,3.45790864309,8.57359807901e-10
2164,3.45776103943,8.51511346315e-10
2169,3.45761427656,8.45783934844e-10
2174,3.45746820979,8.40175662709e-10
2179,3.45732262559,8.34684680542e-10
2184,3.45717820292,8.29308965303e-10
2189,3.45703412039,8.2404689869e-10
2194,3.45689089317,8.18896582126e-10
2199,3.45674813491,8.13856371711e-10
2204,3.45660629457,8.08924465896e-10
2209,3.45646509964,8.04099271122e-10
2214,3.45632460186,7.99379155209e-10
2219,3.45618455731,7.94762589806e-10
2224,3.4560454578,7.90247913014e-10
2230,3.45590683793,7.85833718273e-10
2235,3.45576877369,7.81518507912e-10
2240,3.45563156705,7.77300765805e-10
2245,3.45549481701,7.73179168605e-10
2250,3.45535899016,7.69152227862e-10
2255,3.45522361145,7.65218697482e-10
2261,3.45508915379,7.6137715067e-10
2266,3.45495489795,7.57626452556e-10
2271,3.45482161539,7.53965169352e-10
2276,3.4546889593,7.50392141337e-10
2281,3.45455673991,7.46906200367e-10
2287,3.4544253033,7.43506089411e-10
2292,3.4542944992,7.40190685457e-10
2297,3.45416424291,7.36958875744e-10
2303,3.45403447602,7.33809566983e-10
2308,3.4539057421,7.30741563187e-10
2313,3.45377713862,7.27773393064e-10
2319,3.45364946158,7.25152525227e-10
2324,3.45352217279,7.22604313596e-10
2329,3.45339575211,7.20127831575e-10
2335,3.45326981068,7.17722350469e-10
2340,3.45314443054,7.15387060358e-10
2345,3.4530195407,7.13121199261e-10
2351,3.45289543407,7.1092394652e-10
2356,3.45277193709,7.087945937e-10
2362,3.45264881296,7.06732460388e-10
2367,3.45252645874,7.0473675168e-10
2373,3.45240460423,7.02806823958e-10
2378,3.45228337837,7.00941966882e-10
2384,3.45216278926,6.99141509273e-10
2389,3.45204268562,6.97404826102e-10
2395,3.45192302743,6.95731283887e-10
2400,3.45180421005,6.94120174912e-10
2406,3.45168561896,6.92571007388e-10
2411,3.45156798857,6.91083032901e-10
2417,3.45145049706,6.89655826942e-10
2422,3.45133379992,6.88288681979e-10
2428,3.45121760649,6.86981092638e-10
2433,3.45110198355,6.85732494181e-10
2439,3.45098713891,6.84542304972e-10
2445,3.45087232822,6.83410145258e-10
2450,3.45075846968,6.82335316242e-10
2456,3.4506450545,6.81317413878e-10
2462,3.4505321319,6.80355933949e-10
2467,3.45041964545,6.79450404905e-10
2473,3.45030769216,6.7860033472e-10
2479,3.45019656936,6.77805203439e-10
2484,3.45008570136,6.77064672747e-10
2490,3.44997561064,6.76378198439e-10
2496,3.44986585703,6.7574543593e-10
2502,3.44975654959,6.75165941778e-10
2507,3.4496477332,6.74639295599e-10
2513,3.44953956608,6.74165064301e-10
2519,3.44943194501,6.73742874626e-10
2525,3.44932496695,6.73372324062e-10
2531,3.44921804849,6.73053151555e-10
2536,3.44911202521,6.72784828018e-10
2542,3.44900618423,6.72567135456e-10
2548,3.44890104119,6.72399624335e-10
2554,3.44879659083,6.72281955593e-10
2560,3.44869235965,6.72213889633e-10
2566,3.44858864167,6.72195045209e-10
2572,3.44848539362,6.72225115213e-10
2578,3.44838270288,6.72303774689e-10
2584,3.44828070323,6.72430697269e-10
2590,3.4481787873,6.7260570928e-10
2596,3.44807765976,6.72828388244e-10
2602,3.44797668578,6.73098580452e-10
2608,3.44787658891,6.73415874748e-10
2614,3.44777680769,6.73780117521e-10
2620,3.44767749581,6.74191022837e-10
2626,3.44757863976,6.74648344481e-10
2632,3.44748007942,6.75151871631e-10
2638,3.44738222113,6.75701289462e-10
2644,3.44728475098,6.76296430699e-10
2650,3.44718766297,6.76937074507e-10
2656,3.44709095693,6.77623005298e-10
2662,3.44699480863,6.78353979056e-10
2668,3.44689932296,6.7912977216e-10
2674,3.44680388958,6.7995030789e-10
2681,3.44670927772,6.80815243868e-10
2687,3.44661494962,6.81724501557e-10
2693,3.44652118514,6.82677846483e-10
2699,3.44642769821,6.83675162659e-10
2705,3.44633475979,6.84716228723e-10
2712,3.44624216734,6.85800923642e-10
2718,3.4461501136,6.86929052897e-10
2724,3.44605826051,6.88100533417e-10
2730,3.4459669618,6.89315149741e-10
2737,3.44587629247,6.9057274695e-10
2743,3.4457859339,6.91873254625e-10
2749,3.44569591172,6.93216538308e-10
2756,3.44560634101,6.94602451292e-10
2762,3.44551720361,6.96030877998e-10
2768,3.44542857855,6.97501688864e-10
2775,3.44534004719,6.99014859615e-10
2781,3.44525238225,7.00570129653e-10
2788,3.44516488678,7.02167541324e-10
2794,3.44507785114,7.03806941257e-10
2800,3.44499113203,7.05488268945e-10
2807,3.4449049149,7.07211401829e-10
2813,3.44481905698,7.08976288457e-10
2820,3.44473379633,7.10782804175e-10
2826,3.44464862527,7.12630982315e-10
2833,3.4445641044,7.14520640324e-10
2839,3.44447986011,7.1645179297e-10
2846,3.44439602022,7.18424355618e-10
2853,3.44431261315,7.20438268669e-10
2859,3.44422960398,7.22493489761e-10
2866,3.44414683546,7.24590006573e-10
2872,3.44406460718,7.26727714958e-10
2879,3.44398274257,7.28906614938e-10
2886,3.44390123538,7.31126674937e-10
2892,3.44382022346,7.33387836531e-10
2899,3.44373922439,7.35690177666e-10
2906,3.44365905626,7.38033502617e-10
2912,3.44357905786,7.40417935446e-10
2919,3.44349934763,7.42843437718e-10
2926,3.44342034516,7.45309909512e-10
2932,3.4433413643,7.47817493279e-10
2939,3.44326280453,7.50366100808e-10
2946,3.44318473567,7.52955718518e-10
2953,3.44310699168,7.55586388135e-10
2960,3.44302964785,7.58258102126e-10
2966,3.44295268779,7.6097087693e-10
2973,3.44287584565,7.63724787643e-10
2980,3.44279943902,7.66519784141e-10
2987,3.44272362125,7.69355855233e-10
2994,3.4426479395,7.72233128863e-10
3001,3.44257286005,7.75151530945e-10
3008,3.44249796519,7.78111189038e-10
3015,3.44242344312,7.81112098012e-10
3022,3.44234932455,7.84154291317e-10
3029,3.44227535422,7.87237871232e-10
3036,3.4422019342,7.90362793053e-10
3043,3.44212873801,7.93529182113e-10
3050,3.4420558754,7.96737067112e-10
3057,3.44198346287,7.9998647802e-10
3064,3.441911305,8.03277520408e-10
3071,3.44183968828,8.06610190936e-10
3078,3.44176808175,8.09984680538e-10
3085,3.44169719855,8.13400891522e-10
3092,3.44162610304,8.16859117695e-10
3099,3.44155583059,8.20359190052e-10
3106,3.44148560437,8.23901372226e-10
3113,3.44141575609,8.27485667538e-10
3121,3.44134645363,8.3111212071e-10
3128,3.44127729121,8.34780917729e-10
3135,3.44120838957,8.38492121187e-10
3142,3.44113996918,8.42245771797e-10
3150,3.4410715804,8.46042076824e-10
3157,3.441003794,8.49880996755e-10
3164,3.44093635527,8.53762697046e-10
3171,3.44086904603,8.576873382e-10
3179,3.44080215826,8.61654957016e-10
3186,3.44073562768,8.65665681345e-10
3193,3.44066910439,8.69719714429e-10
3201,3.4406033717,8.73816976324e-10
3208,3.44053769129,8.77957774499e-10
3215,3.44047232099,8.82142167227e-10
3223,3.44040730172,8.86370270574e-10
3230,3.44034244521,8.90642262287e-10
3238,3.44027800043,8.94958210261e-10
3245,3.44021369807,8.99318319336e-10
3253,3.44014977559,9.0372266564e-10
3260,3.44008631808,9.08171366677e-10
3268,3.44002292418,9.12664671704e-10
3275,3.43996005706,9.17202604221e-10
3283,3.43989747034,9.21785378108e-10
3290,3.43983524615,9.26413122848e-10
3298,3.43977305197,9.31086082481e-10
3306,3.43971129872,9.35804303374e-10
3313,3.4396498339,9.40567986315e-10
3321,3.43958858374,9.45377314143e-10
3328,3.43952749282,9.50232467616e-10
3336,3.43946693803,9.55133510609e-10
3344,3.43940648453,9.6008073401e-10
3352,3.43934633678,9.6507425451e-10
3359,3.43928664789,9.7011420486e-10
3367,3.43922709767,9.75200853774e-10
3375,3.4391677455,9.80334366193e-10
3383,3.43910878821,9.85514870187e-10
3390,3.43905007015,9.90742596743e-10
3398,3.43899171602,9.96017699251e-10
3406,3.43893374516,1.00134036369e-09
3414,3.4388757999,1.00671088888e-09
3422,3.43881811005,1.01212940574e-09
3430,3.4387607923,1.01759607966e-09
3438,3.4387037707,1.02311113544e-09
3445,3.43864676092,1.02867486323e-09
3453,3.43859018458,1.03428734534e-09
3461,3.43853397444,1.03994881187e-09
3469,3.43847797781,1.04565952181e-09
3477,3.43842218114,1.05141969542e-09
3485,3.43836669266,1.05722951815e-09
3493,3.4383114315,1.06308923582e-09
3501,3.43825650395,1.06899903922e-09
3510,3.43820166327,1.07495923143e-09
3518,3.43814708904,1.08096998587e-09
3526,3.43809300131,1.08703146443e-09
3534,3.43803900093,1.09314402704e-09
3542,3.43798527372,1.09930785197e-09
3550,3.43793183127,1.10552317488e-09
3558,3.43787856047,1.11179027423e-09
3567,3.437825622,1.11810934293e-09
3575,3.43777285284,1.12448068123e-09
3583,3.43772039359,1.13090449324e-09
3591,3.43766799783,1.13738111276e-09
3600,3.4376160706,1.14391066135e-09
3608,3.4375642485,1.15049351727e-09
3616,3.43751286792,1.15712982857e-09
3625,3.43746142469,1.16382002796e-09
3633,3.43741070761,1.17056411447e-09
3641,3.43735967614,1.17736271008e-09
3650,3.43730910608,1.18421582195e-09
3658,3.43725873529,1.19112381339e-09
3666,3.43720868565,1.19808691852e-09
3675,3.43715893827,1.20510542258e-09
3683,3.43710925461,1.21217969104e-09
3692,3.43705986622,1.21930992723e-09
3700,3.43701067439,1.2264964531e-09
3709,3.43696161984,1.23373957995e-09
3718,3.43691318266,1.24103942747e-09
3726,3.43686455719,1.24839658096e-09
3735,3.43681622614,1.25581116458e-09
3743,3.4367682823,1.2632834443e-09
3752,3.43672032102,1.27081387197e-09
3761,3.43667280384,1.27840258347e-09
3769,3.43662541543,1.28605000394e-09
3778,3.4365783492,1.29375637261e-09
3787,3.4365312555,1.30152213536e-09
3795,3.43648459918,1.30934743355e-09
3804,3.43643801107,1.3172327268e-09
3813,3.43639180569,1.32517821714e-09
3822,3.43634563879,1.33318436205e-09
3830,3.43629986022,1.34125135405e-09
3839,3.43625422967,1.34937961689e-09
3848,3.43620880785,1.35756946036e-09
3857,3.4361635731,1.36582122924e-09
3866,3.43611860996,1.37413522882e-09
3875,3.43607374597,1.38251186976e-09
3884,3.43602912792,1.39095143793e-09
3893,3.43598462266,1.39945433461e-09
3902,3.43594039317,1.40802084387e-09
3911,3.43589657257,1.41665126321e-09
3920,3.43585274171,1.42534612076e-09
3929,3.43580928229,1.43410561746e-09
3938,3.43576562993,1.4429303505e-09
3947,3.43572251549,1.45182037844e-09
3956,3.43567971344,1.46077616172e-09
3965,3.43563697583,1.4697981756e-09
3974,3.43559429082,1.47888679916e-09
3983,3.43555191534,1.48804229813e-09
3993,3.43550958799,1.49726516427e-09
4002,3.43546782338,1.50655555476e-09
4011,3.43542598042,1.51591413404e-09
4020,3.43538438974,1.525341145e-09
4030,3.43534292763,1.53483703293e-09
4039,3.43530172739,1.54440213177e-09
4048,3.43526063764,1.55403690575e-09
4057,3.43521983225,1.56374167572e-09
4067,3.43517913739,1.5735169228e-09
4076,3.4351388099,1.58336293453e-09
4086,3.4350984576,1.59328029955e-09
4095,3.43505843018,1.60326926777e-09
4104,3.4350183518,1.6133304288e-09
4114,3.43497866709,1.62346399196e-09
4123,3.43493929763,1.63367041302e-09
4133,3.43489987267,1.64395029172e-09
4142,3.4348605684,1.65430397184e-09
4152,3.4348217508,1.66473170615e-09
4162,3.4347828451,1.67523420486e-09
4171,3.4347441315,1.68581176866e-09
4181,3.43470558691,1.69646484776e-09
4190,3.43466756906,1.70719370643e-09
4200,3.43462927767,1.71799918683e-09
4210,3.43459134291,1.72888142433e-09
4219,3.43455360699,1.73984094855e-09
4229,3.43451612444,1.75087818613e-09
4239,3.43447877259,1.76199365704e-09
4249,3.43444148732,1.77318785579e-09
4259,3.43440450691,1.78446112385e-09
4268,3.43436762488,1.79581403531e-09
4278,3.43433088251,1.80724703984e-09
4288,3.43429438567,1.81876055563e-09
4298,3.43425785988,1.83035520538e-09
4308,3.4342216502,1.8420312865e-09
4318,3.43418575459,1.85378928229e-09
4328,3.43414996335,1.86562979227e-09
4338,3.43411405151,1.87755343041e-09
4348,3.43407850742,1.88956042471e-09
4358,3.43404317147,1.90165135846e-09
4368,3.43400798312,1.91382676537e-09
4378,3.43397305365,1.92608708691e-09
4388,3.43393788492,1.93843311044e-09
4398,3.43390318725,1.95086494729e-09
4408,3.43386858854,1.96338332084e-09
4418,3.43383422269,1.9759886721e-09
4429,3.43379993481,1.98868161081e-09
4439,3.43376588593,2.0014625683e-09
4449,3.43373198105,2.01433212716e-09
4459,3.43369828313,2.02729078164e-09
4470,3.43366447165,2.04033925638e-09
4480,3.43363106622,2.05347778198e-09
4490,3.43359767357,2.06670713407e-09
4501,3.43356461132,2.08002766724e-09
4511,3.43353156203,2.0934401219e-09
4521,3.43349862371,2.10694499204e-09
4532,3.43346597822,2.1205427219e-09
4542,3.43343319511,2.13423413708e-09
4553,3.43340103159,2.14801933065e-09
4563,3.4333685754,2.16189943829e-09
4574,3.43333653697,2.17587458579e-09
4584,3.43330454824,2.18994557892e-09
4595,3.43327267248,2.20411295633e-09
4605,3.43324099261,2.21837724709e-09
4616,3.4332094534,2.23273907481e-09
4627,3.43317807857,2.24719902754e-09
4637,3.43314692349,2.26175772703e-09
4648,3.43311586518,2.27641612267e-09
4659,3.4330848522,2.29117588293e-09
4669,3.43305390559,2.30604118318e-09
4680,3.43302325247,2.32102384468e-09
4691,3.43299281138,2.33615747928e-09
4702,3.43296234403,2.35153015005e-09
4713,3.43293215697,2.3673535382e-09
4724,3.43290188319,2.3840954498e-09
4734,3.43287202955,2.40269755403e-09
4745,3.43284201445,2.42488981356e-09
4756,3.43281261209,2.4535585125e-09
4767,3.43278299247,2.49306980052e-09
4778,3.43275341606,2.54937330735e-09
4789,3.43272415359,2.62971396063e-09
4800,3.43269487243,2.74185371825e-09
4811,3.43266594085,2.89288273972e-09
4822,3.43263693663,3.08790695156e-09
4834,3.43260835295,3.32901064025e-09
4845,3.43257950452,3.61485493916e-09
4856,3.43255122728,3.94104421039e-09
4867,3.43252267547,4.30112923731e-09
4878,3.43249449082,4.68788675363e-09
4890,3.43246645811,5.0945043265e-09
4901,3.43243830492,5.51541485493e-09
4912,3.43241035017,5.94678555208e-09
4923,3.43238281115,6.3869686934e-09
4935,3.43235507959,6.83759645597e-09
4946,3.43232770926,7.30654569948e-09
4958,3.43230028308,7.81479343077e-09
4969,3.43227302447,8.40996090458e-09
4980,3.43224591526,9.18947932591e-09
4992,3.43221894589,1.03343744576e-08
5003,3.43219216692,1.2149329711e-08
5015,3.43216516628,1.50957898156e-08
5027,3.43213865704,1.97953400548e-08
5038,3.43211215385,2.69770708362e-08
5050,3.43208577938,3.73526975519e-08
5061,3.43205953373,5.14300971884e-08
5073,3.43203324389,6.93118746815e-08
5085,3.43200728303,9.05523260916e-08
5096,3.43198138701,1.14143523626e-07
5108,3.43195569061,1.386612744e-07
5120,3.43192993921,1.6253914613e-07
5132,3.43190450851,1.84384002833e-07
5144,3.43187903433,2.03229816349e-07
5155,3.43185372835,2.18655485334e-07
5167,3.43182841879,2.30751218397e-07
5179,3.43180338233,2.39973681084e-07
5191,3.43177863209,2.4695905794e-07
5203,3.43175359029,2.52357563807e-07
5215,3.43172893366,2.56725485381e-07
5227,3.43170425995,2.60480440541e-07
5239,3.4316797211,2.63903652346e-07
5251,3.43165536179,2.67167399477e-07
5263,3.43163109878,2.70368890733e-07
5276,3.43160689514,2.73559960191e-07
5288,3.43158273897,2.76769196209e-07
5300,3.43155869213,2.80017548114e-07
5312,3.43153508675,2.83330258928e-07
5324,3.43151123691,2.86748067669e-07
5337,3.4314874397,2.90338977258e-07
5349,3.43146397667,2.94211046859e-07
5361,3.4314404955,2.98523841664e-07
5374,3.43141715689,3.03494513161e-07
5386,3.43139401067,3.09394139633e-07
5398,3.43137096045,3.1653054347e-07
5411,3.43134787254,3.25217259022e-07
5423,3.43132483198,3.35732914558e-07
5436,3.43130212243,3.48279637062e-07
5448,3.43127934745,3.62951048942e-07
5461,3.43125663195,3.79718339279e-07
5474,3.43123425764,3.98438475561e-07
5486,3.43121175095,4.18881688461e-07
5499,3.43118953903,4.40769688841e-07
5512,3.43116722224,4.63814820403e-07
5524,3.43114503854,4.87750016351e-07
5537,3.43112306353,5.12344359332e-07
5550,3.43110130441,5.37402063504e-07
5563,3.43107949441,5.62746505972e-07
5575,3.43105788848,5.88192700392e-07
5588,3.4310361067,6.13513857001e-07
5601,3.43101454075,6.38408284142e-07
5614,3.43099318251,6.62476722582e-07
5627,3.43097185194,6.8522025037e-07
5640,3.43095070473,7.06068609854e-07
5653,3.43092957877,7.24443288158e-07
5666,3.43090851567,7.39848655061e-07
5679,3.43088766233,7.51973141141e-07
5692,3.43086679966,7.60773197158e-07
5705,3.43084616421,7.66512103138e-07
5718,3.43082544804,7.69737190924e-07
5732,3.43080478323,7.71196011932e-07
5745,3.43078426529,7.71713041044e-07
5758,3.43076401914,7.72059618209e-07
5771,3.43074380153,7.728507068e-07
5785,3.43072346941,7.74490276782e-07
5798,3.43070334644,7.77170552282e-07
5811,3.4306832317,7.80914865756e-07
5825,3.43066340085,7.85644145737e-07
5838,3.43064345155,7.91248276269e-07
5852,3.43062369667,7.97646860197e-07
5865,3.4306040258,8.0483323048e-07
5879,3.43058433148,8.12898996846e-07
5892,3.43056483507,8.22040413664e-07
5906,3.43054544752,8.32548182014e-07
5919,3.4305259461,8.44781625392e-07
5933,3.43050678075,8.59129481093e-07
5947,3.43048760773,8.75962403329e-07
5960,3.43046855192,8.95583041624e-07
5974,3.430449511,9.18183755098e-07
5988,3.43043051932,9.4381973619e-07
6002,3.43041148757,9.72403497117e-07
6016,3.43039281909,1.00372097224e-06
6029,3.43037412897,1.03746554501e-06
6043,3.430355646,1.07328055081e-06
6057,3.4303371104,1.11080248226e-06
6071,3.43031856478,1.1496958352e-06
6085,3.43030021123,1.18967587058e-06
6099,3.43028195077,1.23051818703e-06
6113,3.43026367329,1.27205659273e-06
6127,3.4302455106,1.31417275675e-06
6142,3.43022745661,1.35678107694e-06
6156,3.43020952932,1.39981053159e-06
6170,3.43019162137,1.44318470647e-06
6184,3.43017380281,1.48679957709e-06
6198,3.43015605896,1.53049911552e-06
6213,3.43013848808,1.57404870845e-06
6227,3.43012089082,1.61710891605e-06
6241,3.43010322813,1.65921314336e-06
6256,3.43008563586,1.69975597172e-06
6270,3.43006852391,1.73799886688e-06
6285,3.43005115629,1.77309979206e-06
6299,3.43003381046,1.80416634979e-06
6314,3.43001652202,1.83033353807e-06
6328,3.42999962421,1.85085918456e-06
6343,3.42998272751,1.86524264223e-06
6357,3.42996559969,1.87339221293e-06
6372,3.42994872501,1.87588861291e-06
6387,3.42993191599,1.87433863728e-06
6401,3.42991497863,1.87163109563e-06
6416,3.42989817157,1.87173424792e-06
6431,3.42988170559,1.87882571728e-06
6446,3.42986491856,1.89611016918e-06
6461,3.42984826007,1.92510628093e-06
6476,3.42983175341,1.96586721779e-06
6490,3.42981528446,2.0178153211e-06
6505,3.42979873515,2.08055855978e-06
6520,3.42978226102,2.15445527003e-06
6535,3.42976590549,2.24115812211e-06
6551,3.42974955149,2.34433094294e-06
6566,3.42973317618,2.47033488649e-06
6581,3.42971669239,2.62840600719e-06
6596,3.42970050442,2.83002184046e-06
6611,3.42968419652,3.08778846147e-06
6626,3.42966786374,3.41486447684e-06
6642,3.42965168557,3.82589650288e-06
6657,3.42963544198,4.33907466712e-06
6672,3.42961916027,4.97715225579e-06
6688,3.42960295455,5.7653702903e-06
6703,3.429586768,6.72686502777e-06
6719,3.42957061995,7.87851898338e-06
6734,3.42955485739,9.22947158532e-06
6750,3.42953902815,1.07819635259e-05
6765,3.42952330228,1.25331422356e-05
6781,3.42950813163,1.44771224048e-05
6796,3.42949295657,1.66063538029e-05
6812,3.42947821623,1.89093004822e-05
6828,3.42946403636,2.13598856427e-05
6844,3.42945026196,2.38966140884e-05
6859,3.42943701953,2.63984183307e-05
6875,3.42942467377,2.86765949025e-05
6891,3.42941270599,3.05045999028e-05
6907,3.42940112877,3.16868346874e-05
6923,3.42938960364,3.21330711531e-05
6939,3.42937803134,3.18905285782e-05
6955,3.42936647535,3.11131227467e-05
6971,3.42935418903,2.99935983687e-05
6987,3.42934147986,2.87043225598e-05
7003,3.42932865151,2.73731899259e-05
7019,3.42931532883,2.60893658141e-05
7035,3.42930153618,2.49188017194e-05
7051,3.42928782116,2.39143488023e-05
7068,3.42927396771,2.31162675204e-05
7084,3.42926009047,2.25463284819e-05
7100,3.42924604206,2.22016816295e-05
7117,3.42923218579,2.20544030469e-05
7133,3.42921841572,2.2059248047e-05
7150,3.42920478791,2.21666070215e-05
7166,3.42919124074,2.23341603576e-05
7183,3.42917792105,2.25321626958e-05
7199,3.42916475632,2.27420036577e-05
7216,3.42915168535,2.29512378029e-05
7232,3.4291387518,2.31486125134e-05
7249,3.42912579355,2.33209451932e-05
7266,3.42911293521,2.34520682966e-05
7282,3.42910024554,2.35234437231e-05
7299,3.42908769824,2.35162944542e-05
7316,3.42907522795,2.3415627681e-05
7333,3.42906246394,2.32162501172e-05
7350,3.42904987352,2.2929201219e-05
7367,3.42903731015,2.25851995186e-05
7384,3.42902451879,2.22320060228e-05
7401,3.42901152538,2.19260310614e-05
7418,3.42899843424,2.17222229019e-05
7435,3.42898538059,2.16668156214e-05
7452,3.42897228583,2.17945340663e-05
7469,3.42895917587,2.21283634846e-05
7487,3.42894617284,2.2678967648e-05
7504,3.42893308579,2.34425045594e-05
7521,3.42892042089,2.43980979467e-05
7538,3.42890800613,2.55076037323e-05
7556,3.42889579982,2.6719461394e-05
7573,3.42888384008,2.79760631749e-05
7591,3.42887222597,2.92217602208e-05
7608,3.4288608393,3.04082116674e-05
7626,3.42884966146,3.14955017972e-05
7643,3.4288388451,3.24499417989e-05
7661,3.42882809975,3.32409755602e-05
7679,3.42881757654,3.3839497647e-05
7696,3.42880719257,3.42188585787e-05
7714,3.42879668007,3.43585655185e-05
7732,3.42878651957,3.42496721638e-05
7750,3.42877621688,3.38999285886e-05
7768,3.42876597979,3.33360179666e-05
7785,3.42875546244,3.26008628021e-05
7803,3.42874472669,3.17460422698e-05
7821,3.42873403695,3.08221405995e-05
7839,3.42872298965,2.98709361503e-05
7857,3.42871196123,2.89219598903e-05
7876,3.42870088168,2.79934109066e-05
7894,3.4286894788,2.70955026795e-05
7912,3.4286781341,2.62342111059e-05
7930,3.42866673572,2.54143261389e-05
7948,3.42865532666,2.46415425861e-05
7967,3.42864378003,2.39235798831e-05
7985,3.42863225565,2.32698954689e-05
8004,3.42862060933,2.26893708302e-05
8022,3.42860896222,2.21862801918e-05
8041,3.42859726315,2.17570190943e-05
8059,3.42858565262,2.13913137668e-05
8078,3.42857393451,2.10793849065e-05
8096,3.42856229017,2.0821233387e-05
8115,3.42855044232,2.06310346319e-05
8134,3.4285386843,2.05329874196e-05
8152,3.42852675503,2.05525864332e-05
8171,3.42851483798,2.07111054546e-05
8190,3.42850292871,2.10269596332e-05
8209,3.42849094324,2.15198206583e-05
8228,3.42847901284,2.22103465037e-05
8247,3.42846704752,2.31131563746e-05
8266,3.42845523344,2.42285451129e-05
8285,3.42844360677,2.5541037951e-05
8304,3.42843216645,2.70268968829e-05
8323,3.42842076586,2.86636777425e-05
8342,3.42840970896,3.0432537869e-05
8361,3.42839872263,3.23115641491e-05
8381,3.42838797986,3.42679598218e-05
8400,3.42837756521,3.62582412384e-05
8419,3.42836741935,3.82376010764e-05
8439,3.42835740981,4.01714107524e-05
8458,3.42834748399,4.20412047595e-05
8478,3.42833779947,4.38431275666e-05
8497,3.42832809789,4.55821456719e-05
8517,3.42831858044,4.72663676274e-05
8537,3.42830909652,4.89038481943e-05
8556,3.4282996943,5.05020362627e-05
8576,3.4282904497,5.20693902344e-05
8596,3.42828097544,5.361875087e-05
8616,3.42827169763,5.51721898563e-05
8635,3.42826239326,5.67661725084e-05
8655,3.42825314113,5.84539826963e-05
8675,3.42824375525,6.03012669229e-05
8695,3.42823451179,6.23715262003e-05
8715,3.42822536658,6.47031632608e-05
8735,3.42821660976,6.72859422424e-05
8756,3.4282082089,7.00484490615e-05
8776,3.42820035063,7.28650950199e-05
8796,3.42819301101,7.5582333901e-05
8816,3.42818602196,7.80541583561e-05
8837,3.42817958936,8.0172966944e-05
8857,3.42817333463,8.18854444459e-05
8877,3.42816714542,8.31908988421e-05
8898,3.42816119224,8.41266191752e-05
8918,3.42815503531,8.47478301984e-05
8939,3.42814896134,8.5108718254e-05
8960,3.42814279226,8.52484621214e-05
8980,3.42813667945,8.51836859531e-05
9001,3.42813048236,8.49079610198e-05
9022,3.4281243524,8.4398425253e-05
9042,3.42811807659,8.36285309709e-05
9063,3.42811183363,8.25833639705e-05
9084,3.42810550224,8.12717207063e-05
9105,3.42809890432,7.97290009701e-05
9126,3.42809207936,7.80087248731e-05
9147,3.42808504295,7.61662676424e-05
9168,3.42807778026,7.42428141275e-05
9189,3.4280702188,7.22574949538e-05
9211,3.42806267533,7.0211103928e-05
9232,3.4280548146,6.80985913492e-05
9253,3.4280468456,6.59233483645e-05
9274,3.42803853353,6.37062982891e-05
9296,3.4280299888,6.14863296003e-05
9317,3.42802119116,5.93132632445e-05
9339,3.42801215967,5.72375233022e-05
9360,3.4280027999,5.53010945689e-05
9382,3.42799338339,5.35325571814e-05
9403,3.42798379298,5.19466128404e-05
9425,3.42797408603,5.05467563645e-05
9447,3.42796419612,4.93291731379e-05
9469,3.42795425724,4.82862241558e-05
9490,3.42794426427,4.74086554539e-05
9512,3.42793421613,4.66865433735e-05
9534,3.42792423466,4.61100093231e-05
9556,3.42791400626,4.56715127204e-05
9578,3.42790386511,4.53710460489e-05
9600,3.42789364876,4.52228704172e-05
9622,3.42788331666,4.52584603701e-05
9645,3.42787288627,4.5519983191e-05
9667,3.42786237265,4.60448866632e-05
9689,3.42785182885,4.68506075901e-05
9712,3.42784137377,4.79294445528e-05
9734,3.42783109388,4.92551379001e-05
9756,3.42782085405,5.07940408921e-05
9779,3.42781088938,5.25137073422e-05
9801,3.4278008868,5.43878544735e-05
9824,3.42779108588,5.64004455997e-05
9847,3.42778137779,5.85500153254e-05
9869,3.42777164562,6.08510265292e-05
9892,3.42776206199,6.33271042031e-05
9915,3.42775256933,6.5994367875e-05
9938,3.42774330758,6.88420772582e-05
9961,3.42773418964,7.18289066544e-05
9984,3.42772517728,7.49093786102e-05
10007,3.42771630755,7.8081485483e-05
10030,3.4277074318,8.14167104056e-05
10053,3.42769864483,8.50355960898e-05
10076,3.42769002124,8.903622515e-05
10099,3.42768168657,9.34279876061e-05
10123,3.42767395735,9.81191420836e-05
10146,3.42766678399,0.000102958933421
10169,3.42766012369,0.000107795218216
10193,3.42765403337,0.000112510165709
10216,3.42764838456,0.000117024266732
10240,3.42764326997,0.000121281024483
10263,3.42763848882,0.000125229101708
10287,3.42763408041,0.00012881237643
10311,3.42762992118,0.000131971438
10335,3.4276259936,0.000134655139886
10358,3.42762218406,0.000136837065345
10382,3.42761833052,0.000138527458437
10406,3.42761418294,0.000139768835292
10430,3.42761011079,0.000140610042317
10454,3.42760569675,0.000141074022511
10478,3.42760095697,0.000141154552511
10502,3.42759598209,0.000140865266058
10527,3.42759024887,0.000140309197219
10551,3.42758401503,0.00013969419135
10575,3.42757705599,0.000139260842527
10600,3.42756950766,0.00013918919833
10624,3.42756143474,0.000139582872521
10649,3.42755323905,0.000140531800542
10673,3.42754464371,0.000142146499165
10698,3.42753616809,0.000144489591818
10722,3.42752802633,0.000147473871872
10747,3.42752020047,0.000150863430371
10772,3.42751290897,0.000154414862724
10797,3.42750565109,0.000158046512886
10822,3.42749833769,0.000161892708674
10847,3.42749103019,0.00016620669846
10872,3.42748398512,0.000171196701923
10897,3.42747735927,0.00017690777606
10922,3.42747156123,0.000183202138005
10947,3.42746670727,0.000189816979655
10972,3.42746289291,0.000196447191637
10997,3.42746010399,0.000202812371723
11023,3.42745817974,0.000208695234425
11048,3.42745685831,0.000213955811526
11074,3.42745613937,0.000218530554394
11099,3.42745560774,0.000222422124442
11125,3.42745523055,0.000225682168113
11150,3.42745490359,0.000228389363757
11176,3.4274545973,0.000230625887287
11202,3.42745425934,0.000232456640347
11228,3.42745392356,0.000233915446346
11254,3.42745361561,0.000235001633264
11280,3.42745332001,0.000235689053837
11306,3.42745294209,0.000235947304467
11332,3.4274525812,0.000235770496398
11358,3.42745180502,0.00023520265209
11384,3.42745101013,0.00023434333375
11410,3.42744976786,0.00023331994265
11436,3.42744864231,0.000232226716813
11463,3.42744732054,0.000231054287284
11489,3.42744632072,0.000229649882688
11516,3.42744560729,0.000227744020308
11542,3.42744489278,0.000225046862361
11569,3.42744394237,0.00022137600046
11596,3.4274423877,0.000216753904882
11622,3.42743971619,0.000211426138168
11649,3.42743574863,0.000205792898792
11676,3.42743072946,0.000200288835476
11703,3.42742445065,0.00019526392533
11730,3.42741746336,0.000190906467332
11757,3.4274100781,0.000187223521761
11784,3.42740239292,0.000184072437815
11811,3.42739464377,0.000181230427768
11838,3.4273866281,0.000178491650302
11866,3.42737808598,0.000175780275063
11893,3.42736850697,0.000173254988909
11920,3.42735782724,0.000171359449892
11948,3.42734592072,0.000170765785063
11975,3.42733314725,0.000172187804645
12003,3.42732048906,0.000176110234049
12031,3.42730881795,0.000182551742357
12059,3.42729921201,0.000190992445934
12086,3.42729223318,0.000200519192996
12114,3.42728799815,0.000210113507992
12142,3.42728602609,0.000218922034521
12170,3.42728608262,0.000226375877032
12198,3.42728740971,0.000232145493539
12226,3.42728976624,0.000236028435981
12254,3.42729242077,0.000237888031746
12283,3.42729492528,0.000237684638687
12311,3.42729677423,0.000235548359255
12339,3.42729713912,0.000231808937631
12368,3.42729579228,0.000226940160506
12396,3.42729260311,0.000221444323832
12425,3.42728741709,0.000215743523438
12454,3.42727996479,0.000210187047124
12482,3.42726971756,0.000205492874288
12511,3.427256234,0.000203756425842
12540,3.4272420054,0.000207666070606
12569,3.42723157679,0.000216369603959
12598,3.42722661766,0.000225385310748
12627,3.42722442411,0.000231965848302
12656,3.42722269978,0.000236357046696
12685,3.42722095052,0.000239475309026
12714,3.42721866918,0.000241865423827
12744,3.4272162219,0.000243807765267
12773,3.42721336849,0.000245493794256
12802,3.42721021763,0.000247082338273
12832,3.42720682257,0.000248700699063
12862,3.42720315474,0.000250435943822
12891,3.42719935677,0.000252336807416
12921,3.42719567441,0.000254422890562
12951,3.42719193718,0.000256692171288
12981,3.42718824181,0.000259126723144
13011,3.42718452499,0.000261700135843
13041,3.42718107812,0.000264387615299
13071,3.42717759118,0.000267177514641
13101,3.42717428735,0.00027008001247
13131,3.42717078858,0.000273129864993
13161,3.42716746329,0.000276383855375
13192,3.42716406953,0.000279916209405
13222,3.42716073144,0.000283813101211
13252,3.42715733785,0.000288168046714
13283,3.42715433406,0.000293080941456
13314,3.42715141939,0.000298662611937
13344,3.42714902782,0.000305038988646
13375,3.42714724095,0.000312347988055
13406,3.42714649516,0.000320732038166
13437,3.42714713622,0.000330333049444
13468,3.42715003544,0.000341247422224
13499,3.42715686149,0.000353158689306
13530,3.4271689823,0.000364155422874
13561,3.42718674581,0.000370059063291
13592,3.4272054088,0.000367859190026
13624,3.42722008369,0.000359813354763
13655,3.42723040038,0.000350255514903
13687,3.42723837898,0.000340839020627
13718,3.42724522676,0.000331232372423
13750,3.42725124059,0.000321044059064
13781,3.42725626602,0.000310160457883
13813,3.42726046194,0.000298569061186
13845,3.42726373301,0.000286255586691
13877,3.42726624873,0.000273133749174
13909,3.42726785546,0.000258993526373
13941,3.42726840168,0.000243516039829
13973,3.42726734263,0.000226377045135
14005,3.42726369729,0.000207480727101
14038,3.42725616534,0.000187451328773
14070,3.42724368775,0.000168166449519
14102,3.42722718984,0.000152082419707
14135,3.42720886532,0.000140134990322
14168,3.42719044301,0.000131404839838
14200,3.42717217409,0.000125081312644
14233,3.42715404857,0.000121006463932
14266,3.42713662986,0.000118946504948
14299,3.42712002897,0.000118540689173
14332,3.42710440399,0.000119540482769
14365,3.42708969642,0.000121818674875
14398,3.42707639647,0.000125239501511
14431,3.42706465751,0.000129471164457
14464,3.42705503258,0.000133816874274
14498,3.42704710419,0.000137286886499
14531,3.42704017387,0.000139096761022
14565,3.42703294947,0.000139266733077
14598,3.42702454909,0.000138618618899
14632,3.42701510073,0.000138085111325
14665,3.42700508567,0.0001381057116
14699,3.42699501888,0.000138636270104
14733,3.42698498082,0.000139479546824
14767,3.42697487961,0.000140495494756
14801,3.42696485837,0.000141623462491
14835,3.42695484526,0.000142842814376
14870,3.42694464886,0.000144146218517
14904,3.42693435398,0.000145530647172
14938,3.42692396136,0.000146995452982
14973,3.42691332783,0.000148541771721
15007,3.42690267365,0.000150171847297
15042,3.4268917199,0.000151888436938
15076,3.42688048016,0.000153694085175
15111,3.42686916362,0.000155589071959
15146,3.4268574771,0.000157564645142
15181,3.42684556653,0.000159588212536
15216,3.42683333733,0.000161588723031
15251,3.42682070785,0.000163472000062
15286,3.42680735216,0.000165189914488
15321,3.42679330236,0.000166818473216
15357,3.42677812738,0.000168546967821
15392,3.42676187972,0.000170562491695
15428,3.42674468731,0.00017294725437
15463,3.42672638167,0.000175685807443
15499,3.42670678218,0.000178742624696
15535,3.42668583604,0.000182120424443
15570,3.42666301311,0.000185871480552
15606,3.42663805415,0.000190086615949
15642,3.42661062885,0.0001948851397
15678,3.42657991244,0.000200411939344
15714,3.42654525788,0.000206848490787
15751,3.42650513188,0.000214489330231
15787,3.42645726478,0.000224095467821
15823,3.42639776504,0.000238053889901
15860,3.42632220229,0.000262877044698
15896,3.42622903356,0.00031186341398
15933,3.42612812918,0.000403071319171
15970,3.42604614942,0.000547623880227
16007,3.42601783201,0.00073382685462
16043,3.42606250868,0.000924802133713
16080,3.42616884515,0.00107885622986
16117,3.42630128779,0.00117570285113
16155,3.42642591965,0.00122379956248
16192,3.42652805899,0.00124628192824
16229,3.42661120508,0.00126308739294
16267,3.42668664285,0.00128288603086
16304,3.42676438847,0.00130461915714
16342,3.42684935299,0.00132249781244
16379,3.42694110625,0.0013303320857
16417,3.42703609013,0.00132413310474
16455,3.42712913584,0.0013030380261
16493,3.42721688961,0.00126861679467
16531,3.42729745727,0.00122299549641
16569,3.42737026624,0.00116715047712
16607,3.42743347052,0.00110099598284
16646,3.42748387525,0.00102538025318
16684,3.42751759111,0.000943932694348
16722,3.42753316559,0.000862607526958
16761,3.42753289256,0.000787227909668
16800,3.4275210582,0.000721300274698
16838,3.42750242693,0.000665621989258
16877,3.42748029746,0.000619259365524
16916,3.42745663107,0.000580695762136
16955,3.42743255461,0.000548496377164
16994,3.42740876331,0.00052151792155
17033,3.42738551869,0.00049890428448
17073,3.42736265863,0.000480026740068
17112,3.42734066413,0.000464424026503
17151,3.42731925484,0.00045175511317
17191,3.42729837062,0.000441766765556
17231,3.42727847971,0.000434276197049
17270,3.42725921728,0.000429166390471
17310,3.42724090683,0.000426389888392
17350,3.42722339577,0.000425975412227
17390,3.42720721951,0.00042802103307
17430,3.42719252829,0.000432643865676
17470,3.42718013513,0.000439849315577
17511,3.42717084994,0.000449314663429
17551,3.42716573385,0.00046016307023
17591,3.42716521256,0.000470897475986
17632,3.42716923135,0.000479664198063
17673,3.42717624848,0.00048484743991
17713,3.42718441701,0.000485728443419
17754,3.42719154802,0.000482803274269
17795,3.42719644757,0.000477514106491
17836,3.42719894127,0.000471531904166
17877,3.42719980272,0.000466029271524
17918,3.42719988305,0.000461359028289
17960,3.42720003865,0.00045724071738
18001,3.42720011952,0.000453218156382
18043,3.42720038498,0.00044903373573
18084,3.42720034098,0.000444715442811
18126,3.42720007096,0.000440423647735
18168,3.42719963635,0.00043625434755
18210,3.42719924079,0.000432158248849
18252,3.42719879432,0.000427996892468
18294,3.42719820299,0.000423652357698
18336,3.42719763073,0.00041910116088
18378,3.42719650164,0.000414420123148
18420,3.42719499759,0.00040974489664
18463,3.4271931664,0.000405219231215
18505,3.42719089738,0.000400959584405
18548,3.42718850352,0.000397041315985
18591,3.42718572018,0.000393501344334
18634,3.42718289046,0.000390348441448
18677,3.42718017514,0.00038757492598
18720,3.42717735926,0.000385165548784
18763,3.42717468877,0.000383102021395
18806,3.4271722478,0.000381363563581
18849,3.427169998,0.000379924164675
18893,3.42716787629,0.000378747780973
18936,3.42716613883,0.000377782451568
18980,3.42716485601,0.000376954489817
19024,3.42716384797,0.000376164798752
19068,3.42716322371,0.000375292408356
19112,3.4271628993,0.000374213358961
19156,3.42716285303,0.000372839176308
19200,3.42716287489,0.000371163749769
19244,3.42716273888,0.000369286496803
19289,3.42716234981,0.000367378874454
19333,3.42716187709,0.000365596829322
19378,3.42716161784,0.00036399024526
19422,3.42716164995,0.000362471575042
19467,3.42716192865,0.000360862400707
19512,3.42716254884,0.000358980327222
19557,3.4271633027,0.000356710650486
19602,3.42716388941,0.000354033005419
19647,3.42716433744,0.000351008793928
19692,3.42716447834,0.000347751116268
19738,3.42716422482,0.000344394314875
19783,3.4271636628,0.000341070252782
19829,3.42716287266,0.000337891880536
19875,3.4271618138,0.000334942839887
19920,3.42716063311,0.000332272113107
19966,3.42715946908,0.000329893199916
20012,3.42715836617,0.000327787100042
20059,3.42715737991,0.000325908168885
20105,3.42715670944,0.000324191708478
20151,3.42715627918,0.000322562135349
20198,3.42715606162,0.00032094052201
20244,3.4271562305,0.000319250801035
20291,3.42715675328,0.000317424234071
20338,3.42715722817,0.000315402013622
20385,3.42715805865,0.000313136167442
20432,3.42715898341,0.000310589623995
20479,3.42715987392,0.000307735565663
20526,3.42716104673,0.000304556860256
20573,3.42716201017,0.000301046035059
20621,3.42716285861,0.000297205552424
20668,3.42716350455,0.000293048702218
20716,3.42716398217,0.000288600494675
20763,3.42716438941,0.000283898228719
20811,3.42716431619,0.000278991278992
20859,3.42716371554,0.000273939574193
20907,3.42716300132,0.000268810788076
20956,3.42716177243,0.000263676373076
21004,3.42716018593,0.00025860648548
21052,3.42715840281,0.000253664768965
21101,3.42715616976,0.000248903562536
21150,3.4271536886,0.000244360187016
21198,3.42715114284,0.00024005508111
21247,3.42714843951,0.00023599195149
21296,3.42714559275,0.000232159833451
21345,3.42714277636,0.000228536707773
21394,3.4271398811,0.000225094008575
21444,3.42713704991,0.000221801156173
21493,3.42713420222,0.000218629552322
21543,3.42713150617,0.000215555416273
21592,3.42712863491,0.000212561380731
21642,3.42712589958,0.000209636696041
21692,3.42712324249,0.000206776546257
21742,3.42712039758,0.000203980630254
21792,3.42711757556,0.000201251429149
21842,3.42711474769,0.000198592603079
21893,3.42711191454,0.00019600760145
21943,3.42710906533,0.000193498688956
21994,3.42710618878,0.000191066392381
22045,3.42710334706,0.000188709323326
22095,3.42710054937,0.000186424304033
22146,3.42709771601,0.000184206676439
22197,3.42709483444,0.000182050692134
22249,3.4270921535,0.000179949915277
22300,3.42708935474,0.000177897644204
22351,3.42708659167,0.000175887177026
22403,3.42708394925,0.000173912103284
22454,3.42708129027,0.00017196652752
22506,3.42707861598,0.000170045234726
22558,3.42707594459,0.000168143856125
22610,3.42707334157,0.000166259002253
22662,3.4270707088,0.000164388373028
22714,3.4270680973,0.000162530793514
22767,3.42706543645,0.000160686216522
22819,3.42706279269,0.000158855632328
22872,3.42706016614,0.000157040936815
22925,3.42705747646,0.000155244740525
22977,3.42705462272,0.000153470145169
23030,3.42705205261,0.00015172049196
23083,3.42704926753,0.000149999218323
23137,3.42704664564,0.000148309601116
23190,3.42704362973,0.000146654709271
23243,3.42704092555,0.00014503723895
23297,3.4270381128,0.000143459608147
23351,3.42703529002,0.000141923932861
23405,3.42703236599,0.000140432141015
23459,3.4270294702,0.000138986042114
23513,3.42702658674,0.000137587390819
23567,3.42702376826,0.000136237853582
23621,3.4270208188,0.000134938914079
23676,3.42701790574,0.000133691684251
23730,3.42701501038,0.000132496757846
23785,3.4270120356,0.000131354093972
23840,3.42700915705,0.000130262988203
23895,3.427006268,0.00012922217946
23950,3.42700332225,0.00012822999328
24005,3.42700038459,0.000127284521887
24060,3.42699764623,0.000126383788723
24116,3.42699474586,0.00012552589767
24171,3.42699189669,0.000124709071807
24227,3.42698907095,0.00012393173022
24283,3.42698616901,0.00012319250703
24339,3.42698350252,0.000122490246832
24395,3.42698051351,0.000121824052132
24451,3.42697773857,0.000121193200505
24508,3.42697499557,0.000120597179819
24564,3.42697220463,0.000120035612065
24621,3.42696939149,0.00011950819515
24678,3.42696664413,0.000119014651583
24734,3.42696395506,0.00011855472185
24791,3.42696111721,0.000118128253639
24849,3.42695838936,0.00011773542157
24906,3.42695561115,0.000117377163936
24963,3.4269528151,0.000117055612455
25021,3.42695000625,0.000116774331812
25079,3.42694721768,0.000116538040311
25136,3.4269445479,0.000116351748054
25194,3.42694173262,0.000116219655977
25252,3.42693893975,0.000116144378636
25311,3.42693612927,0.000116127084483
25369,3.42693331809,0.000116168493504
25427,3.42693050825,0.000116270364253
25486,3.4269276525,0.000116437067208
25545,3.42692489649,0.000116677244548
25604,3.42692206036,0.000117005881242
25663,3.42691899272,0.00011744673486
25722,3.42691622709,0.000118034289492
25781,3.42691313906,0.000118813513433
25841,3.42691026794,0.000119834986273
25900,3.42690736923,0.00012114426912
25960,3.42690458743,0.00012276601841
26020,3.42690229588,0.000124686764588
26080,3.42690025044,0.000126842578257
26140,3.4268986973,0.000129118000285
26200,3.42689769973,0.000131359865384
26260,3.42689711742,0.000133403983335
26321,3.42689701575,0.00013510724789
26382,3.42689723812,0.000136375106977
26442,3.42689739053,0.000137175882533
26503,3.42689772205,0.000137538630164
26565,3.4268978471,0.000137537436205
26626,3.42689769955,0.000137268869598
26687,3.42689745969,0.000136830329538
26749,3.42689685525,0.000136304651115
26810,3.42689612406,0.000135752760466
26872,3.42689532445,0.000135213391911
26934,3.42689442006,0.000134707101305
26996,3.42689322695,0.000134241857465
27058,3.4268920598,0.000133818222326
27121,3.42689092613,0.000133433263666
27183,3.42688969893,0.000133082960198
27246,3.42688844752,0.000132763418999
27309,3.426887186,0.00013247134609
27372,3.42688593261,0.000132204094307
27435,3.42688467438,0.00013195954751
27498,3.42688335843,0.000131735970297
27561,3.42688203723,0.000131531875799
27625,3.42688074142,0.00013134594254
27689,3.42687941511,0.000131176963328
27753,3.42687811339,0.000131023809271
27817,3.42687672626,0.000130885428654
27881,3.42687550266,0.000130760825833
27945,3.42687425089,0.000130649097398
28009,3.42687280234,0.000130549424067
28074,3.42687160447,0.000130461059707
28139,3.42687024443,0.000130383399083
28203,3.42686891557,0.000130315931395
28269,3.42686770153,0.000130258272964
28334,3.42686638521,0.000130210174538
28399,3.42686505143,0.000130171492678
28464,3.42686379918,0.000130142189888
28530,3.4268623772,0.000130122334162
28596,3.42686115854,0.000130112046365
28662,3.42685981003,0.000130111536074
28728,3.42685866185,0.000130121037681
28794,3.42685739945,0.000130140852367
28860,3.42685607146,0.000130171307397
28927,3.42685482618,0.000130212769942
28994,3.42685356616,0.000130265671584
29061,3.42685232381,0.000130330514614
29127,3.4268510798,0.00013040791025
29195,3.42684977344,0.000130498620526
29262,3.42684848052,0.000130603601485
29329,3.42684720049,0.000130724059251
29397,3.42684590513,0.000130861475254
29465,3.42684465509,0.000131017578332
29533,3.42684345987,0.000131194237933
29601,3.42684221131,0.000131393226861
29669,3.42684097458,0.000131615817545
29737,3.42683973991,0.000131862255335
29806,3.42683866905,0.000132131133663
29875,3.42683742704,0.000132418856784
29944,3.42683642919,0.000132719270579
30013,3.42683523789,0.000133023853696
30082,3.42683428596,0.00013332239017
30151,3.42683318642,0.000133604415889
30221,3.4268321068,0.000133861031908
30290,3.42683119453,0.000134086931061
30360,3.42683020399,0.000134282084746
30430,3.42682913895,0.000134452600837
30500,3.42682810294,0.000134610533987
30571,3.42682691819,0.00013477261746
30641,3.42682564455,0.000134958163267
30712,3.42682442692,0.000135186699242
30782,3.42682324144,0.000135475888153
30853,3.42682190077,0.000135840179946
30925,3.42682067458,0.000136290436192
30996,3.42681926956,0.000136834624732
31067,3.42681804209,0.000137479217675
31139,3.42681664613,0.000138231075953
31211,3.42681542505,0.000139099000549
31283,3.42681426838,0.000140094330959
31355,3.42681310992,0.000141229429766
31427,3.42681209956,0.000142513251424
31500,3.42681132331,0.000143943789994
31572,3.42681073131,0.000145498519626
31645,3.4268105497,0.000147125691216
31718,3.42681057425,0.000148740716873
31791,3.42681108854,0.000150231449725
31864,3.42681183493,0.000151474023487
31938,3.42681291465,0.000152356501903
32011,3.42681399195,0.000152803894648
32085,3.42681529129,0.000152796064897
32159,3.42681641377,0.000152372274063
32233,3.4268172478,0.000151620640442
32308,3.42681771825,0.000150656694941
32382,3.42681775252,0.000149598557986
32457,3.42681759421,0.000148546378005
32531,3.4268173279,0.000147570788495
32606,3.42681659556,0.000146710988951
32682,3.42681590988,0.000145979848447
32757,3.42681529217,0.000145372393244
32832,3.42681441068,0.000144874164644
32908,3.42681353812,0.000144467545681
32984,3.42681276292,0.000144135649171
33060,3.42681189673,0.000143864064797
33136,3.42681106507,0.000143641208574
33213,3.42681029279,0.000143458032163
33289,3.42680956174,0.000143307495889
33366,3.42680875623,0.000143184072973
33443,3.42680797446,0.000143083351312
33520,3.42680726367,0.000143001774678
33597,3.42680657641,0.000142936460419
33675,3.42680584783,0.000142885065152
33752,3.42680506535,0.000142845679575
33830,3.42680429593,0.000142816740435
33908,3.42680370873,0.000142796953225
33986,3.42680302614,0.000142785249272
34065,3.42680223648,0.000142780702536
34143,3.42680168231,0.000142782485839
34222,3.42680103137,0.000142789886682
34301,3.42680027045,0.000142802249903
34380,3.4267995713,0.000142818975558
34459,3.42679899913,0.00014283952837
34539,3.42679841096,0.000142863441303
34618,3.42679780529,0.000142890300077
34698,3.42679709447,0.000142919750115
34778,3.42679635953,0.000142951481256
34858,3.42679584095,0.000142985221607
34939,3.42679529109,0.000143020756912
35019,3.4267946957,0.00014305789259
35100,3.42679400528,0.000143096457638
35181,3.42679344717,0.000143136285441
35262,3.42679272792,0.000143177242287
35343,3.42679226229,0.000143219172606
35425,3.42679157956,0.000143261963299
35506,3.42679112451,0.000143305467151
35588,3.42679046093,0.000143349577286
35670,3.42678979358,0.000143394163379
35752,3.42678932139,0.000143439098908
35835,3.4267887507,0.000143484282051
35917,3.42678832078,0.000143529593578
36000,3.42678760764,0.000143574948113
36083,3.42678707983,0.00014362023066
36166,3.42678652166,0.000143665365207
36250,3.42678596074,0.000143710279891
36333,3.42678536891,0.0001437549261
36417,3.42678482838,0.000143799282216
36501,3.42678423736,0.000143843382947
36585,3.42678374082,0.000143887326832
36669,3.42678310544,0.000143931338399
36754,3.42678260754,0.000143975777067
36839,3.42678206109,0.000144021230907
36924,3.42678142224,0.000144068542613
37009,3.42678094758,0.000144118838926
37094,3.4267802243,0.000144173574581
37180,3.42677979563,0.000144234416151
37265,3.42677906735,0.000144303218733
37351,3.42677850498,0.000144381757573
37437,3.42677796024,0.000144471573505
37524,3.4267773624,0.000144573702211
37610,3.42677688551,0.00014468845306
37697,3.42677618303,0.000144815300794
37784,3.42677565159,0.000144952799889
37871,3.42677514693,0.000145098728023
37958,3.42677454515,0.000145250259663
38046,3.42677416745,0.000145404216299
38133,3.42677351456,0.000145557408969
38221,3.42677307485,0.000145706821168
38309,3.42677267619,0.000145849872535
38398,3.42677210094,0.000145984505014
38486,3.42677174964,0.000146109191266
38575,3.42677116122,0.000146222981225
38664,3.42677075564,0.000146325387973
38753,3.42677030849,0.000146416417759
38842,3.42676994984,0.000146496516959
38932,3.42676937931,0.00014656662772
39022,3.42676887451,0.000146628195425
39112,3.42676857375,0.000146683264275
39202,3.4267680079,0.000146734555562
39292,3.42676754757,0.000146785432275
39383,3.42676691561,0.000146839931788
39473,3.42676649503,0.000146902597408
39564,3.42676582919,0.000146978329927
39656,3.42676525599,0.00014707199496
39747,3.42676470028,0.000147188046499
39839,3.42676405128,0.000147330000446
39931,3.42676358886,0.0001474998706
40023,3.42676296723,0.000147697701935
40115,3.42676230608,0.000147921138148
40207,3.42676187283,0.00014816527084
40300,3.4267612663,0.000148422814876
40393,3.42676096498,0.000148684533095
40486,3.42676055616,0.00014894014558
40579,3.42676018989,0.000149179360208
40673,3.42675960553,0.000149393123887
40767,3.42675937009,0.000149574705135
40861,3.42675890536,0.000149720651733
40955,3.42675860529,0.000149831152499
41049,3.42675825251,0.000149910067395
41144,3.42675780765,0.000149964381429
41239,3.4267572717,0.000150003336879
41334,3.42675688894,0.000150037359293
41429,3.42675646812,0.000150077018189
41525,3.42675573127,0.000150132098505
41620,3.42675519172,0.000150210904789
41716,3.42675437874,0.000150319967305
41812,3.42675386787,0.00015046383617
41909,3.42675322994,0.000150645241893
42005,3.42675258099,0.00015086520991
42102,3.42675182409,0.000151123326736
42199,3.42675119113,0.000151417962434
42297,3.42675050699,0.000151746549147
42394,3.42674978856,0.000152105800517
42492,3.42674930846,0.000152491956562
42590,3.42674878318,0.000152901065882
42688,3.42674816453,0.000153329183166
42786,3.42674768918,0.000153772568835
42885,3.42674713599,0.000154227877239
42984,3.42674651771,0.000154692223334
43083,3.42674608158,0.000155163221478
43182,3.42674557466,0.000155639006558
43282,3.42674517273,0.000156118142529
43382,3.42674471434,0.000156599586075
43482,3.42674436353,0.000157082578471
43582,3.42674392146,0.000157566603053
43682,3.42674361275,0.000158051285998
43783,3.42674309312,0.000158536392121
43884,3.42674288782,0.000159021721886
43985,3.42674251651,0.000159507172675
44086,3.42674225696,0.000159992640396
44188,3.4267417468,0.000160478073811
44290,3.42674152584,0.00016096339595
44392,3.42674127159,0.000161448582514
44494,3.42674091298,0.000161933607231
44597,3.42674054846,0.000162418443755
44700,3.42674025206,0.000162903073441
44803,3.4267399937,0.000163387488118
44906,3.42673971232,0.000163871685826
45010,3.42673953395,0.000164355659706
45113,3.42673934944,0.000164839417649
45217,3.42673898024,0.000165322974076
45322,3.42673886734,0.000165806316385
45426,3.42673854293,0.000166289478532
45531,3.42673829154,0.000166772460785
45636,3.42673824297,0.000167255273531
45741,3.42673802604,0.000167737954508
45846,3.42673793167,0.000168220512359
45952,3.42673768725,0.00016870298697
46058,3.4267374839,0.000169185399825
46164,3.42673728557,0.000169667788862
46271,3.42673700859,0.000170150201099
46377,3.4267368776,0.000170632676868
46484,3.42673678994,0.000171115283961
46591,3.42673653004,0.000171598110613
46699,3.42673643063,0.000172081236876
46806,3.42673630327,0.000172564793676
46914,3.4267361411,0.000173048934346
47023,3.42673604583,0.000173533845756
47131,3.42673576405,0.000174019779838
47240,3.42673579114,0.000174507005586
47348,3.42673552363,0.00017499590989
47458,3.42673552379,0.000175486887355
47567,3.42673532308,0.000175980454135
47677,3.42673507417,0.000176477161163
47787,3.42673514315,0.000176977607095
47897,3.42673486551,0.000177482489086
48007,3.42673488329,0.000177992462752
48118,3.42673460688,0.000178508248709
48229,3.42673466431,0.000179030476742
48340,3.42673448677,0.000179559780408
48451,3.42673434366,0.000180096660129
48563,3.42673418661,0.000180641515293
48675,3.42673431449,0.000181194586301
48787,3.42673421146,0.000181756000136
48900,3.42673406129,0.000182325683392
49012,3.42673400298,0.000182903403702
49125,3.4267341161,0.000183488781901
49239,3.42673368036,0.000184081351161
49352,3.42673399082,0.000184680431398
49466,3.42673386275,0.000185285399872
49580,3.42673393973,0.000185895490406
49694,3.42673367028,0.000186509986146
49809,3.42673379627,0.000187128111693
49924,3.42673390992,0.000187749188351
50039,3.42673403611,0.000188372565507
50154,3.42673400084,0.000188997666847
50270,3.42673405284,0.000189623962596
50386,3.42673392737,0.00019025102287
50502,3.42673432049,0.000190878433997
50618,3.42673437761,0.000191505933134
50735,3.42673447265,0.000192133247216
50852,3.42673447053,0.000192760181982
50969,3.426734751,0.000193386556888
51086,3.42673465953,0.00019401228492
51204,3.42673509763,0.000194637219691
51322,3.42673537072,0.000195261327823
51441,3.42673544166,0.000195884556721
51559,3.42673563136,0.000196506847218
51678,3.42673586631,0.000197128173423
51797,3.4267358211,0.000197748532445
51917,3.42673617649,0.000198367869924
52036,3.42673640422,0.000198986206305
52156,3.42673656536,0.000199603532019
52276,3.42673677128,0.000200219837493
52397,3.42673728613,0.000200835106258
52518,3.42673737548,0.000201449381731
52639,3.42673762842,0.000202062630446
52760,3.42673800579,0.000202674855574
52882,3.42673838697,0.000203286064321
53004,3.42673860889,0.000203896264954
53126,3.4267389029,0.000204505440032
53248,3.42673938827,0.000205113575673
53371,3.42673961261,0.000205720688559
53494,3.42673990236,0.000206326744505
53617,3.42674024097,0.00020693172494
53741,3.42674080487,0.000207535594261
53865,3.42674082711,0.000208138368299
53989,3.42674122262,0.000208739954935
54114,3.42674156752,0.000209340336992
54238,3.42674197724,0.000209939458299
54363,3.42674234895,0.000210537269827
54489,3.42674288159,0.000211133698032
54614,3.42674352087,0.00021172867918
54740,3.42674361917,0.000212322181024
54866,3.42674442391,0.000212914049182
54993,3.42674461369,0.00021350428415
55120,3.42674512127,0.000214092742768
55247,3.42674565622,0.000214679354729
55374,3.42674623644,0.000215264028038
55502,3.42674672581,0.000215846678473
55630,3.42674721134,0.000216427206491
55758,3.42674778765,0.000217005511261
55886,3.42674840395,0.000217581500915
56015,3.42674868811,0.000218155104384
56144,3.42674936036,0.00021872618192
56274,3.42675006461,0.000219294663426
56404,3.42675045955,0.000219860479779
56534,3.42675112715,0.000220423504786
56664,3.42675157828,0.00022098368343
56795,3.42675219453,0.000221540907575
56925,3.42675313005,0.000222095086785
57057,3.4267536481,0.000222646191948
57188,3.42675429332,0.000223194114822
57320,3.42675481248,0.000223738803063
57452,3.42675521773,0.000224280191555
57585,3.42675616563,0.000224818177619
57717,3.42675675123,0.000225352765874
57850,3.42675780393,0.000225883852545
57984,3.42675820843,0.000226411467644
58117,3.4267590289,0.000226935503946
58251,3.42675976688,0.00022745596459
58386,3.42676060393,0.00022797281633
58520,3.42676135428,0.000228486060703
58655,3.42676212117,0.000228995693054
58790,3.42676271763,0.000229501744787
58926,3.42676333769,0.000230004243535
59062,3.42676426586,0.000230503239131
59198,3.42676524598,0.000230998854857
59334,3.42676616686,0.000231491252694
59471,3.42676665571,0.000231980674668
59608,3.42676780456,0.000232467342832
59746,3.42676824828,0.000232951744827
59883,3.42676901639,0.000233434328015
60021,3.42677021994,0.000233915749322
60160,3.4267711006,0.000234396899449
60299,3.42677198817,0.000234878796396
60438,3.42677289706,0.000235362706293
60577,3.42677384294,0.00023585014246
60716,3.42677479048,0.000236342881708
60856,3.4267755378,0.000236842973119
60997,3.42677647712,0.000237352669846
61137,3.42677763751,0.000237874458365
61278,3.42677843822,0.000238411013456
61420,3.42677957974,0.000238964974657
61561,3.4267806348,0.00023953898884
61703,3.42678157575,0.000240135445524
61845,3.42678265505,0.000240756293627
61988,3.42678324456,0.000241402902796
62131,3.42678480513,0.000242075612476
62274,3.42678597667,0.000242773824103
62418,3.42678717777,0.000243495425375
62561,3.42678856457,0.000244236699842
62706,3.42678975849,0.000244992147946
62850,3.42679163442,0.00024575421415
62995,3.42679313346,0.000246513440283
63140,3.42679480088,0.000247258223195
63286,3.42679645567,0.000247975088459
63432,3.42679853094,0.00024864880191
63578,3.42680088549,0.000249262763601
63725,3.42680306641,0.000249799389283
63871,3.4268051989,0.000250240522772
64019,3.42680753981,0.000250568001519
64166,3.42681020944,0.000250764240027
64314,3.42681279765,0.000250812824514
64462,3.4268156544,0.00025069895681
64611,3.4268177413,0.000250410094727
64760,3.42682100468,0.000249936036591
64909,3.42682384384,0.00024926970563
65059,3.42682638871,0.000248406962362
65209,3.42682946927,0.000247346766734
65359,3.42683231279,0.000246091322449
65510,3.42683502217,0.000244645777077
65661,3.42683734445,0.00024301810961
65812,3.42683999964,0.000241218773049
65964,3.42684261635,0.000239260538008
66116,3.42684419722,0.000237158134733
66268,3.42684633067,0.00023492770647
66421,3.42684834649,0.000232586834712
66574,3.42684997134,0.000230154061833
66728,3.42685135881,0.000227648622048
66882,3.42685261089,0.00022509022637
67036,3.42685414629,0.000222498803311
67190,3.42685465912,0.000219894398174
67345,3.42685548034,0.000217296647708
67500,3.42685642023,0.000214724788415
67656,3.42685645282,0.00021219731883
67812,3.42685697861,0.000209731477262
67968,3.42685691578,0.000207343201631
68125,3.42685662635,0.000205046524363
68282,3.42685651973,0.000202853299961
68440,3.42685577839,0.000200772943926
68597,3.42685607227,0.000198811928395
68755,3.42685559345,0.00019697392471
68914,3.42685482788,0.000195259361362
69073,3.42685423532,0.000193665581148
69232,3.42685380081,0.000192187023009
69392,3.4268528595,0.000190815527608
69552,3.42685266436,0.00018954062331
69712,3.42685179539,0.000188350324723
69873,3.42685146562,0.000187231465703
70034,3.42685100127,0.000186170625144
70195,3.42685061559,0.00018515465707
70357,3.42685000994,0.000184171414581
70519,3.4268496001,0.000183210255243
70682,3.42684876235,0.000182262596979
70845,3.42684908774,0.000181322070245
71008,3.42684855654,0.00018038500258
71172,3.42684786269,0.000179450102681
71336,3.42684744314,0.000178518491888
71500,3.42684720182,0.000177593461398
71665,3.42684701983,0.000176680084076
71830,3.42684616305,0.000175784809795
71996,3.42684564692,0.000174914868155
72162,3.42684470479,0.000174077966202
72328,3.42684460832,0.000173281631084
72495,3.42684395781,0.000172533034693
72662,3.42684297563,0.000171838427218
72829,3.42684298883,0.000171202895847
72997,3.42684163075,0.000170630421348
73166,3.42684095702,0.000170123374941
73334,3.42684034116,0.000169682857353
73503,3.42683933698,0.000169308612118
73673,3.42683880004,0.000168999088267
73843,3.42683810715,0.000168751743983
74013,3.42683719469,0.000168563147004
74183,3.42683672206,0.000168429190099
74354,3.4268357309,0.000168345439517
74526,3.42683530203,0.000168307187978
74698,3.42683436185,0.000168309883844
74870,3.42683403592,0.000168349123131
75042,3.42683347183,0.000168421037387
75215,3.426832624,0.000168522311842
75389,3.42683247251,0.000168650298334
75563,3.42683177528,0.000168803265418
75737,3.42683085766,0.000168980267631
75911,3.42683127181,0.000169181182393
76086,3.42683065824,0.000169406949237
76262,3.42683045503,0.000169659141367
76438,3.42682989643,0.000169940181964
76614,3.42682888294,0.00017025309322
76790,3.42682911193,0.000170601304514
76967,3.42682897829,0.000170988748473
77145,3.42682833896,0.000171419449576
77323,3.42682767713,0.000171897377828
77501,3.42682820085,0.000172426248903
77680,3.42682748262,0.000173009547868
77859,3.42682722266,0.00017364994788
78038,3.42682654466,0.000174349466804
78218,3.42682652634,0.000175109073616
78398,3.42682655848,0.000175928729722
78579,3.42682664305,0.000176807154789
78760,3.4268270279,0.000177741757142
78942,3.42682631408,0.000178728677077
79124,3.42682751529,0.000179762451282
79306,3.42682669791,0.000180836621303
79489,3.42682709784,0.000181943046603
79672,3.42682804265,0.000183072571374
79856,3.42682867861,0.000184214949786
80040,3.42682968795,0.000185358902439
80225,3.42683137891,0.000186492392604
80410,3.42683200535,0.000187602914992
80595,3.42683283012,0.000188677432499
80781,3.42683438809,0.000189702801229
80967,3.42683530483,0.000190666065203
81154,3.42683642524,0.000191554455047
81341,3.42683851601,0.000192355734424
81528,3.42684074727,0.00019305849446
81716,3.42684186199,0.000193652281239
81904,3.42684477648,0.00019412750628
82093,3.42684687467,0.000194476141376
82283,3.42684836377,0.000194691366138
82472,3.42684991514,0.00019476779097
82662,3.42685174565,0.000194701569353
82853,3.42685472316,0.000194490364683
83044,3.42685646866,0.000194133570957
83235,3.42685825411,0.000193631891733
83427,3.42686025004,0.000192987554169
83619,3.42686279633,0.000192204156753
83812,3.42686506576,0.000191286642694
84005,3.42686747766,0.00019024104489
84199,3.42686930547,0.000189074486046
84393,3.42687087808,0.000187794911759
84588,3.42687306108,0.00018641096945
84783,3.42687369217,0.000184932047535
84978,3.4268763849,0.00018336764334
85174,3.42687696102,0.00018172794491
85370,3.42687934425,0.000180022832541
85567,3.42688018746,0.000178262562228
85765,3.42688116113,0.000176456988646
85962,3.42688328271,0.000174615753703
86160,3.42688268855,0.000172748397993
86359,3.42688381441,0.000170863604307
86558,3.42688591268,0.000168969813803
86758,3.42688545317,0.000167075037758
86958,3.42688606166,0.000165186328007
87158,3.42688663254,0.00016331033386
87359,3.42688666734,0.000161453020993
87560,3.4268882095,0.000159619578004
87762,3.42688688911,0.00015781484097
87965,3.42688765783,0.000156042574757
88167,3.42688737144,0.000154306303731
88371,3.42688815286,0.000152608724951
88574,3.4268880476,0.000150952166926
88778,3.42688809303,0.000149338309656
88983,3.42688763923,0.000147768434214
89188,3.42688779391,0.000146243314232
89394,3.42688710389,0.000144763445298
89600,3.42688661918,0.000143328870592
89806,3.42688692505,0.000141939351155
90014,3.42688641927,0.000140594476113
90221,3.42688563162,0.00013929352151
90429,3.4268862159,0.000138035531325
90637,3.42688521418,0.00013681958209
90846,3.42688431655,0.000135644439174
91056,3.42688462032,0.000134508798566
91266,3.42688341499,0.000133411436037
91476,3.4268841511,0.000132350838399
91687,3.42688245879,0.000131325768313
91898,3.42688170343,0.000130334677886
92110,3.42688251382,0.000129376129648
92323,3.42688257623,0.000128448812347
92535,3.42688151893,0.00012755136523
92749,3.426881412,0.0001266823703
92962,3.42688119901,0.000125840566188
93177,3.42687924347,0.000125024756228
93392,3.42687975363,0.00012423357848
93607,3.42687914347,0.000123466006171
93823,3.42687822581,0.000122720903699
94039,3.42687913966,0.00012199714148
94256,3.42687775916,0.000121293865839
94473,3.42687608427,0.000120610055881
94691,3.42687650206,0.000119944729413
94909,3.42687536122,0.000119297165418
95128,3.42687553488,0.000118666461623
95347,3.4268763233,0.000118051886432
95567,3.42687609134,0.000117452783212
95787,3.42687426224,0.000116868499383
96008,3.42687419085,0.000116298287674
96229,3.42687369285,0.000115741627019
96451,3.42687288603,0.000115197952267
96674,3.42687222863,0.000114666719569
96896,3.42687275453,0.000114147396738
97120,3.42687280518,0.000113639570044
97344,3.42687145004,0.000113142827406
97568,3.42687159964,0.000112656654806
97793,3.42687088921,0.000112180735708
98018,3.42687124955,0.000111714633757
98244,3.42686985586,0.000111258088052
98471,3.42687127719,0.000110810615706
98698,3.42687029264,0.000110372068775
98925,3.42686948109,0.000109942062446
99153,3.42686889218,0.00010952030893
99382,3.42686744026,0.000109106570429
99611,3.4268686785,0.000108700474325
99841,3.42686785018,0.000108301924232
100071,3.4268665355,0.000107910633125
100302,3.42686814478,0.000107526267637
100533,3.42686814117,0.00010714875405
100765,3.42686816708,0.000106777833129
100997,3.42686660327,0.000106413356074
101230,3.426867234,0.000106055014087
101464,3.42686710473,0.000105702715229
101697,3.42686516194,0.000105356314889
101932,3.42686540757,0.000105015519711
102167,3.42686526119,0.000104680245224
102402,3.42686458518,0.000104350337463
102638,3.42686408706,0.000104025622366
102875,3.42686349931,0.000103705960982
103112,3.42686594003,0.000103391117208
103350,3.42686398983,0.000103081177908
103588,3.42686209021,0.000102775876217
103827,3.42686383923,0.000102474976565
104066,3.426863317,0.000102178532723
104306,3.42686182931,0.000101886385729
104547,3.42686240231,0.000101598330065
104788,3.42686081055,0.000101314379472
105029,3.42686373116,0.000101034228576
105271,3.4268619967,0.000100758043639
105514,3.42686297485,0.000100485506599
105757,3.42686165077,0.000100216667224
106001,3.42685992013,9.99513754088e-05
106245,3.42685909984,9.96895016247e-05
106490,3.42686101663,9.94309049974e-05
106736,3.42686245134,9.91755941643e-05
106982,3.42685828824,9.89236343901e-05
107228,3.42685840502,9.86746604722e-05
107476,3.42686051335,9.8428662159e-05
107723,3.42685982519,9.8185702698e-05
107972,3.42685980415,9.79456105918e-05
108221,3.4268593807,9.7708346928e-05
108470,3.42686022955,9.74737967069e-05
108720,3.42685781706,9.72420237308e-05
108971,3.42685802574,9.70127977912e-05
109222,3.42685723886,9.6786160538e-05
109474,3.42685735336,9.6561999208e-05
109726,3.42685798642,9.63402674486e-05
109979,3.42685737502,9.61209592582e-05
110233,3.42685701171,9.59039787353e-05
110487,3.42685709011,9.56892682065e-05
110741,3.42685853898,9.54767510639e-05
110997,3.42685739302,9.52664884078e-05
111253,3.4268577521,9.5058318002e-05
111509,3.42685711398,9.48522626288e-05
111766,3.42685696149,9.46482356204e-05
112024,3.42685498958,9.44462562084e-05
112282,3.42685737745,9.42461108369e-05
112541,3.42685575754,9.40479876401e-05
112800,3.42685752947,9.38516419747e-05
113060,3.42685408435,9.36572693228e-05
113321,3.42685738097,9.34645031179e-05
113582,3.42685418187,9.32736660898e-05
113844,3.42685511151,9.30844306239e-05
114106,3.4268556162,9.28968836265e-05
114369,3.42685497346,9.2711008031e-05
114633,3.42685399829,9.25267457394e-05
114897,3.42685462622,9.23440092325e-05
115162,3.42685380926,9.2162845989e-05
115428,3.42685333566,9.19831735549e-05
115694,3.42685495488,9.1804911382e-05
115960,3.42685353535,9.16281637287e-05
116228,3.42685259674,9.14528033492e-05
116496,3.42685187931,9.12788047908e-05
116764,3.42685488024,9.11060430383e-05
117033,3.42685134911,9.09347589277e-05
117303,3.4268521555,9.07646321841e-05
117574,3.42685122873,9.05957928392e-05
117845,3.42685390615,9.04280689674e-05
118116,3.4268519654,9.02616470975e-05
118389,3.426854257,9.00962635351e-05
118662,3.42685424806,8.99320602212e-05
118935,3.42685260734,8.97689893964e-05
119209,3.42685100628,8.96069774004e-05
119484,3.4268528812,8.94459049976e-05
119759,3.42685325844,8.9285872875e-05
120036,3.42685152398,8.9126867554e-05
120312,3.42685140724,8.89687628207e-05
120590,3.4268505468,8.88115911353e-05
120868,3.42684989616,8.86552988939e-05
121146,3.42685162827,8.84998013001e-05
121425,3.42685115395,8.8345188403e-05
121705,3.42684994393,8.81913935971e-05
121986,3.42685238042,8.80382758763e-05
122267,3.42685016872,8.78860202664e-05
122549,3.4268496251,8.77344364004e-05
122832,3.42685273804,8.75834457987e-05
123115,3.42685060529,8.74332483761e-05
123398,3.42685332882,8.72835586388e-05
123683,3.42684989718,8.71346299296e-05
123968,3.42684904532,8.69862126923e-05
124254,3.4268518143,8.68382541327e-05
124540,3.42684847648,8.66909743725e-05
124827,3.42684831971,8.65441119898e-05
125115,3.4268482546,8.63977196109e-05
125404,3.42685223216,8.62516725802e-05
125693,3.42684989869,8.6106206848e-05
125982,3.42685224584,8.59610217285e-05
126273,3.42685063946,8.58163104911e-05
126564,3.42684902018,8.56719512599e-05
126856,3.42685064173,8.55278407186e-05
127148,3.42684928614,8.53841129192e-05
127441,3.42685306447,8.52405453435e-05
127735,3.42685094091,8.50973932716e-05
128029,3.42684816048,8.4954507579e-05
128324,3.42685105148,8.48117143453e-05
128620,3.42684922869,8.46692548729e-05
128917,3.42684955036,8.45269447132e-05
129214,3.42684912052,8.4384842139e-05
129512,3.42684937433,8.42428999423e-05
129811,3.42684864757,8.41011487728e-05
130110,3.42684687376,8.39595814975e-05
130410,3.42684747424,8.38181073783e-05
130710,3.42684906453,8.36767553835e-05
131012,3.42684860705,8.35355964138e-05
131314,3.42684963648,8.33945428605e-05
131616,3.42684824103,8.32536906002e-05
131920,3.42684618148,8.3112999336e-05
132224,3.42684812331,8.29723608297e-05
132529,3.42684773085,8.28319356628e-05
132834,3.42684823258,8.26916547639e-05
133140,3.42684612932,8.25516138567e-05
133447,3.42685120989,8.24115907458e-05
133755,3.42684832083,8.22719658683e-05
134063,3.42685080573,8.21324364071e-05
134372,3.42684450315,8.19933620215e-05
134682,3.42684419745,8.18544108394e-05
134993,3.42684724397,8.17156711281e-05
135304,3.4268514482,8.15772220953e-05
135616,3.42684807801,8.14392999852e-05
135928,3.42684830799,8.13016693073e-05
136242,3.4268472167,8.116447947e-05
136556,3.4268475049,8.1027700644e-05
136871,3.4268473272,8.08914124168e-05
137186,3.42684450747,8.07557034361e-05
137502,3.42684649322,8.06204370341e-05
137819,3.42684845429,8.04857673829e-05
138137,3.42684714579,8.03518118833e-05
138455,3.42684576419,8.0218537659e-05
138775,3.42684623748,8.00859428345e-05
139094,3.4268465545,7.99541184331e-05
139415,3.42684776167,7.9823084476e-05
139737,3.42684444155,7.96930118232e-05
140059,3.42684544974,7.95637393141e-05
140382,3.42684677308,7.94354054354e-05
140705,3.42684426745,7.93081509372e-05
141029,3.42684974959,7.91817468215e-05
141355,3.42684876009,7.90565714962e-05
141680,3.42684447347,7.89325944027e-05
142007,3.42684903509,7.88095782887e-05
142334,3.42684765107,7.86879052023e-05
142663,3.42684418817,7.8567526084e-05
142991,3.42684505261,7.84483329659e-05
143321,3.4268463448,7.83304528634e-05
143651,3.42684422913,7.82140091844e-05
143983,3.42684165707,7.80989684048e-05
144314,3.42684793327,7.7985150967e-05
144647,3.42684589832,7.78729779512e-05
144981,3.42683948893,7.77623874213e-05
145315,3.42684296018,7.76530820008e-05
145650,3.42684382375,7.75453690656e-05
145986,3.4268463518,7.74391733794e-05
146322,3.42684773086,7.73345777974e-05
146659,3.4268449395,7.72316671385e-05
146997,3.42684298906,7.71303426567e-05
147336,3.42684868177,7.7030463517e-05
147676,3.42684656535,7.69323868383e-05
148016,3.42684229462,7.68359922887e-05
148358,3.42684435209,7.67410944464e-05
148700,3.4268442028,7.66478870592e-05
149042,3.42684391905,7.65563236234e-05
149386,3.42684263789,7.64664210496e-05
149730,3.42684463654,7.63780793432e-05
150076,3.4268394819,7.62915242495e-05
150421,3.4268461635,7.62063240474e-05
150768,3.42684325028,7.61229447369e-05
151116,3.4268411271,7.60411422906e-05
151464,3.42684811463,7.59607175684e-05
151813,3.42684377019,7.58821073406e-05
152163,3.42683987366,7.58050320454e-05
152514,3.42684490194,7.57292846123e-05
152866,3.42684195002,7.56552176007e-05
153218,3.42684773299,7.55824392296e-05
153571,3.42684620854,7.55112796968e-05
153925,3.42684873821,7.54414634413e-05
154280,3.42684267242,7.5373242921e-05
154636,3.42683982851,7.53063310077e-05
154992,3.42684470694,7.52406013403e-05
155350,3.42684156144,7.51763713488e-05
155708,3.42684119342,7.51133747901e-05
156067,3.4268428561,7.50515986421e-05
156426,3.42684076886,7.49911395891e-05
156787,3.42684491998,7.49317488102e-05
157148,3.42684031984,7.48737237141e-05
157511,3.42684195704,7.4816706087e-05
157874,3.42683769812,7.47609303842e-05
158238,3.42683674845,7.4706165135e-05
158602,3.42683984792,7.46523640057e-05
158968,3.42684410087,7.45995600482e-05
159335,3.42684261445,7.45478733591e-05
159702,3.42684273371,7.44971144367e-05
160070,3.42683752206,7.44474048724e-05
160439,3.42684190564,7.43983916538e-05
160809,3.42684337768,7.43503183043e-05
161180,3.42683986489,7.43032019551e-05
161551,3.42683831069,7.42568648209e-05
161923,3.42684926241,7.42110520587e-05
162297,3.42684113382,7.41664219013e-05
162671,3.42684119154,7.41223586269e-05
163046,3.42683697458,7.40791074084e-05
163422,3.42683419525,7.40365208636e-05
163798,3.42684162136,7.39943866401e-05
164176,3.42684797117,7.39529262195e-05
164555,3.42684314221,7.39123358389e-05
164934,3.4268427357,7.38722579152e-05
165314,3.42683861948,7.38328476857e-05
165695,3.42683662077,7.37939601551e-05
166077,3.4268442945,7.37554141465e-05
166460,3.42684120691,7.37176316353e-05
166844,3.4268433867,7.36802504456e-05
167228,3.42683642733,7.36435638729e-05
167614,3.42683685087,7.3607200965e-05
168000,3.42684304168,7.35711815581e-05
168388,3.42683894868,7.35358358568e-05
168776,3.42684037174,7.35008109043e-05
169165,3.42683977671,7.34662552764e-05
169555,3.42683979088,7.34321001203e-05
169946,3.42684097388,7.33983215794e-05
170337,3.42683945615,7.33649912257e-05
170730,3.42683844531,7.33320295992e-05
171124,3.4268441804,7.32992930667e-05
171518,3.42683631215,7.32672072209e-05
171913,3.42684888608,7.32350349225e-05
172310,3.42684136345,7.3203634034e-05
172707,3.42683846008,7.31724680302e-05
173105,3.4268326465,7.31416899646e-05
173504,3.42684162365,7.31109147565e-05
173904,3.42684348012,7.30806031285e-05
174305,3.42683400413,7.30508381056e-05
174707,3.42684181077,7.30210034426e-05
175110,3.42684459119,7.29915689095e-05
175513,3.42684099285,7.29625576466e-05
175918,3.42683143582,7.29339553384e-05
176323,3.42684290075,7.29051829098e-05
176730,3.42683604758,7.28770728717e-05
177137,3.42683168203,7.28491781014e-05
177546,3.42684324748,7.28212088577e-05
177955,3.42683726692,7.27938727604e-05
178365,3.42683654482,7.27666814802e-05
178776,3.4268356127,7.27397477546e-05
179188,3.42683991777,7.27129527265e-05
179601,3.42683155247,7.26866732681e-05
180015,3.42684156883,7.26602477657e-05
180430,3.42684324819,7.26342402068e-05
180846,3.42684356645,7.26084999895e-05
181263,3.42684250717,7.25830249676e-05
181681,3.42683376655,7.25579462503e-05
182100,3.4268385147,7.25328133704e-05
182520,3.42684180086,7.2507940868e-05
182941,3.42684097095,7.24833828588e-05
183362,3.42684807992,7.24588824677e-05
183785,3.42683862827,7.24349559223e-05
184209,3.42683278895,7.24111748982e-05
184633,3.42683963369,7.23873462105e-05
185059,3.42683962377,7.23638811589e-05
185485,3.42683625881,7.23407042367e-05
185913,3.42683588012,7.23176801281e-05
186342,3.42684203152,7.22947327656e-05
186771,3.42684223978,7.22721240291e-05
187202,3.42683709205,7.22498401627e-05
187633,3.42683985949,7.22276001341e-05
188066,3.42683542599,7.2205721435e-05
188499,3.4268420464,7.21838182761e-05
188934,3.42684756666,7.21621457186e-05
189369,3.42684664093,7.21408152257e-05
189806,3.42684099672,7.21197893003e-05
190244,3.42684882069,7.20986842289e-05
190682,3.42683802482,7.20781742141e-05
191122,3.42683369036,7.20577305915e-05
191562,3.42683681826,7.20373315238e-05
192004,3.42683627697,7.20172101915e-05
192446,3.4268441271,7.19971122711e-05
192890,3.42683982248,7.19774686118e-05
193335,3.42684394819,7.19578459233e-05
193780,3.42683892106,7.19386126538e-05
194227,3.42685074409,7.19192221265e-05
194675,3.42684213102,7.19004561625e-05
195124,3.42684191554,7.18817088411e-05
195573,3.42683553631,7.18632849074e-05
196024,3.42683359559,7.18449612409e-05
196476,3.42683835256,7.18266898308e-05
196929,3.42683768774,7.18087240267e-05
197383,3.42683707021,7.17909484604e-05
197838,3.42684889123,7.17731029073e-05
198294,3.42683787402,7.17559255413e-05
198751,3.42684134195,7.1738633998e-05
199209,3.42684162593,7.17215976277e-05
199669,3.42683113646,7.17049745273e-05
200129,3.42684035793,7.16881261629e-05
200590,3.42683609345,7.16717464815e-05
201053,3.42683399024,7.16555074653e-05
201516,3.42684078836,7.16392676098e-05
201981,3.42683957766,7.1623379848e-05
202446,3.42684264277,7.16075867489e-05
202913,3.42684119406,7.1592071387e-05
203381,3.42682942491,7.15769543786e-05
203850,3.42683204887,7.15617189e-05
204320,3.42684577016,7.15464333579e-05
204791,3.42683770486,7.15317837245e-05
205263,3.42683368858,7.15172299534e-05
205736,3.4268446367,7.1502543763e-05
206210,3.4268406037,7.14883494702e-05
206685,3.42682991976,7.14744725762e-05
207162,3.42683476672,7.14604498737e-05
207639,3.42683634364,7.14466729768e-05
208118,3.42682891902,7.14332607653e-05
208598,3.42683380954,7.14197683146e-05
209079,3.42684195328,7.14063840508e-05
209561,3.42684582116,7.13932643263e-05
210044,3.42683985384,7.1380524353e-05
210528,3.42684084044,7.13678138353e-05
211013,3.42683635273,7.13553911069e-05
211500,3.42683088805,7.1343161953e-05
211987,3.42684770335,7.13306417389e-05
212476,3.42683864143,7.13188324203e-05
212966,3.4268452679,7.13068682985e-05
213457,3.42684163548,7.12952888549e-05
213949,3.42683317187,7.12839805714e-05
214442,3.42683368469,7.12726557189e-05
214936,3.4268518512,7.12611334399e-05
215432,3.42683687419,7.12504695708e-05
215928,3.42682934794,7.12398193982e-05
216426,3.42684010706,7.12289572923e-05
216925,3.42683967249,7.12184955826e-05
217425,3.42684158726,7.12081522584e-05
217926,3.4268288284,7.11982805343e-05
218429,3.42684592327,7.11879547983e-05
218932,3.426851697,7.1178030065e-05
219437,3.42685474449,7.11683272564e-05
219943,3.42683107037,7.11593441405e-05
220450,3.42684468774,7.11497509518e-05
220958,3.42683201318,7.1140867502e-05
221467,3.42683903066,7.11317386099e-05
221978,3.42684190573,7.1122858637e-05
222490,3.4268335147,7.11143749152e-05
223003,3.42684151478,7.11057130163e-05
223517,3.42683895581,7.10974317392e-05
224032,3.42684896888,7.10890506944e-05
224548,3.42684054314,7.1081212751e-05
225066,3.42683980282,7.10733755019e-05
225585,3.4268422999,7.10656307848e-05
226105,3.42682392743,7.10584780431e-05
226626,3.42684407393,7.10506853443e-05
227149,3.42684905692,7.10433654049e-05
227672,3.42683455865,7.10366071791e-05
228197,3.42684252207,7.10295407295e-05
228723,3.42685347831,7.10225692444e-05
229250,3.42682366933,7.10165991127e-05
229779,3.42684264892,7.10097739518e-05
230308,3.42683489562,7.10036583848e-05
230839,3.42683239595,7.09975891228e-05
231372,3.42684643134,7.09913320419e-05
231905,3.42683020915,7.09858560772e-05
232439,3.42684042389,7.09799863251e-05
232975,3.4268569371,7.09741395741e-05
233512,3.42685476028,7.09688329173e-05
234051,3.42682171212,7.09643180882e-05
234590,3.42683219475,7.0959053882e-05
235131,3.42684079212,7.09539804158e-05
235673,3.42683603824,7.0949334638e-05
236216,3.4268370625,7.09447200332e-05
236761,3.42682046641,7.09406205766e-05
237307,3.42684087395,7.09359050443e-05
237854,3.42683793877,7.09318222537e-05
238402,3.42684652684,7.09276500458e-05
238952,3.42685131918,7.09237050847e-05
239502,3.42685385568,7.09199550637e-05
240055,3.42686335548,7.09162087684e-05
240608,3.42684678278,7.09131494168e-05
241163,3.42683958519,7.09100430193e-05
241718,3.42685900215,7.09065324717e-05
242276,3.42683299993,7.09041078528e-05
242834,3.42684461838,7.09010505471e-05
243394,3.42682715448,7.08987402597e-05
243955,3.42684662471,7.08958107309e-05
244517,3.42684633235,7.0893434556e-05
245081,3.42684115611,7.08913034849e-05
245646,3.42682504188,7.08895423384e-05
246212,3.42683339312,7.08874183337e-05
246780,3.42684941626,7.08852784895e-05
247349,3.4268309481,7.08839945498e-05
247919,3.42683028871,7.08824842652e-05
248491,3.42682479083,7.08812156945e-05
249063,3.42682092093,7.08800546803e-05
249638,3.42686098108,7.08781258765e-05
250213,3.42684149043,7.08775692223e-05
250790,3.42682512388,7.08770879859e-05
251368,3.42681528837,7.087661131e-05
251947,3.42685300676,7.08752903462e-05
252528,3.42684187096,7.08751186754e-05
253110,3.42683759852,7.08749435252e-05
253694,3.42685993376,7.08743561543e-05
254279,3.42681538997,7.08752896904e-05
254865,3.42684078851,7.08749139712e-05
255452,3.42685052061,7.08749992053e-05
256041,3.42681602079,7.08761358187e-05
256630,3.42683483509,7.08763059332e-05
257223,3.42685193122,7.08766473803e-05
257815,3.42682413512,7.08780527547e-05
258410,3.42682607448,7.08789781656e-05
259005,3.42686330799,7.08793082465e-05
259603,3.42684324998,7.08809576325e-05
260202,3.4268325904,7.08825465845e-05
260801,3.42682629877,7.08841787809e-05
261403,3.42684363059,7.08854555459e-05
262005,3.42684437345,7.08872083173e-05
262609,3.42684159785,7.08891663811e-05
263215,3.42682943838,7.08914507275e-05
263821,3.42686100521,7.08929622971e-05
264429,3.42683717709,7.08957513038e-05
265039,3.42685735116,7.08977610894e-05
265650,3.42685548125,7.09003576905e-05
266262,3.42685244396,7.09031088671e-05
266876,3.42685444985,7.09058857787e-05
267491,3.42686115726,7.09086951461e-05
268108,3.426867348,7.09116446022e-05
268726,3.42684814748,7.0915248568e-05
269346,3.42683241925,7.09189094646e-05
269967,3.42683753179,7.09222674939e-05
270589,3.426855831,7.09254806892e-05
271213,3.42685577345,7.09292015769e-05
271838,3.4268582958,7.09329965263e-05
272464,3.4268395408,7.09373590686e-05
273093,3.42686618878,7.09409085804e-05
273722,3.42684671189,7.09455394695e-05
274353,3.42683813871,7.09500708834e-05
274986,3.42685393047,7.09542237552e-05
275619,3.42687092776,7.09584772501e-05
276255,3.42685112502,7.09636180808e-05
276892,3.42682671172,7.09689794915e-05
277530,3.42682222432,7.09740530331e-05
278170,3.42685514901,7.09784761465e-05
278811,3.42684685852,7.09838770754e-05
279454,3.42683759825,7.09894220198e-05
280098,3.42686073036,7.0994419538e-05
280744,3.42684511055,7.10003432256e-05
281391,3.42687573661,7.10054318153e-05
282039,3.42682652629,7.10122974973e-05
282690,3.42683876236,7.10180124925e-05
283341,3.42683845901,7.10241096329e-05
283994,3.42685055085,7.10300718943e-05
284649,3.4268362732,7.10367025272e-05
285305,3.42683688912,7.10431459935e-05
285963,3.42685270894,7.10493955316e-05
286622,3.4268423775,7.10563083182e-05
287283,3.42682421314,7.10635044042e-05
287945,3.42687491973,7.1069392826e-05
288609,3.426858086,7.10768022642e-05
289274,3.42684116538,7.10843337137e-05
289941,3.42683305578,7.10918023615e-05
290610,3.42683518212,7.10991783681e-05
291279,3.42684050053,7.11066076127e-05
291951,3.42683469195,7.11143870151e-05
292624,3.42687488351,7.1121330811e-05
293299,3.42683712867,7.11300111816e-05
293975,3.42683483448,7.11380742699e-05
294652,3.42684996964,7.11458939807e-05
295332,3.42684882148,7.1154170001e-05
296012,3.42685885797,7.11623318558e-05
296695,3.42682501639,7.11715228588e-05
297379,3.42684310949,7.11797530098e-05
298064,3.42685830965,7.1188160722e-05
298751,3.42683744556,7.11974350174e-05
299440,3.42685356597,7.12060581353e-05
300130,3.42686127446,7.12149730305e-05
300822,3.42680105659,7.12254165809e-05
301516,3.4268304039,7.12341153774e-05
302211,3.42683307834,7.12434851242e-05
302907,3.42682417454,7.12532120289e-05
303606,3.4268046823,7.12632754637e-05
304306,3.4268306723,7.12725091879e-05
305007,3.42682701513,7.12824754708e-05
305710,3.4268098431,7.12928388144e-05
306415,3.42686088637,7.13018986353e-05
307121,3.42687361578,7.13118710851e-05
307829,3.42680466921,7.1323658869e-05
308539,3.42684473313,7.13332932648e-05
309250,3.42689662029,7.13427965468e-05
309963,3.42680566661,7.13553888909e-05
