30,0.916581643785,0.00979912098418
31,0.916137053745,0.0098726002544
31,0.915690301321,0.0099466439326
31,0.915241365969,0.0100212565746
31,0.91479023933,0.0100964426405
31,0.914336911197,0.0101722066456
31,0.91388136908,0.0102485531664
31,0.913423600552,0.0103254868158
31,0.912963593328,0.0104030122415
31,0.912501336574,0.0104811341122
31,0.912036816899,0.010559857163
31,0.911570021945,0.0106391861553
31,0.911100940107,0.0107191258794
31,0.910629558588,0.0107996811782
32,0.910155865807,0.010880856919
32,0.909679880001,0.0109626576481
32,0.909201597855,0.0110450882013
32,0.908720850671,0.0111281554755
32,0.908237774745,0.011211862704
32,0.907752298001,0.0112962156948
32,0.907264470425,0.0113812187888
32,0.906774962963,0.0114668684903
32,0.906279452568,0.0115532247283
32,0.905785565645,0.0116401956841
32,0.905289590461,0.0117278333089
32,0.904788005736,0.0118161886377
32,0.904287168475,0.011905184179
32,0.903780649014,0.0119949094883
33,0.903271992727,0.0120853234467
33,0.902762308908,0.0121764163103
33,0.902249765115,0.0122682178861
33,0.901736218364,0.012360708246
33,0.901218496396,0.0124539361758
33,0.900695300412,0.0125479258164
33,0.900171920807,0.0126426094039
33,0.899651837153,0.0127379424525
33,0.899123006076,0.0128341004744
33,0.898593949524,0.0129309686451
33,0.898057234952,0.0130286596816
33,0.89752107321,0.0131270610463
33,0.896985293882,0.0132261799378
34,0.896440220743,0.0133261649681
34,0.895896650423,0.0134268626448
34,0.895352486655,0.0135283090752
34,0.894800445675,0.0136306204401
34,0.894249909929,0.0137336606257
34,0.893696054627,0.0138375088536
34,0.893140360276,0.0139421483813
34,0.892578640258,0.0140476509466
34,0.892009167835,0.0141540514565
34,0.891417578203,0.0142615879785
34,0.890872566334,0.0143691664683
34,0.890305490008,0.01447789006
35,0.889710589842,0.0145878672653
35,0.889176345563,0.0146976520713
35,0.888590776047,0.014809091506
35,0.887979999366,0.0149217731099
35,0.887430502039,0.0150342475755
35,0.886800169185,0.0151489223972
35,0.886183892383,0.0152642029003
35,0.885636443279,0.0153791375965
35,0.885038987645,0.0154957832961
35,0.884447286272,0.0156131827817
35,0.883785852895,0.015732682878
35,0.883224508628,0.0158512722086
36,0.882593158363,0.0159719902395
36,0.88199385378,0.0160930120186
36,0.881407578713,0.016214678795
36,0.880768885865,0.0163382044332
36,0.880143469758,0.016462390233
36,0.879519019814,0.0165874681996
36,0.878862314552,0.0167140756632
36,0.878245198594,0.0168408563088
36,0.87758079981,0.0169694770854
36,0.876958337303,0.0170982273865
36,0.876318595889,0.0172282572012
36,0.875674187709,0.0173593311335
37,0.875017485796,0.0174916101895
37,0.874382060761,0.0176244301271
37,0.873715635488,0.0177588490913
37,0.873112869967,0.0178929491354
37,0.87237782325,0.0180307533339
37,0.871731412997,0.018167732702
37,0.871077525236,0.0183058674342
37,0.870418227105,0.0184451241099
37,0.869714555474,0.0185863447397
37,0.869047110137,0.0187278228973
37,0.868363895195,0.0188706755933
37,0.86771049766,0.0190139191361
38,0.866994066254,0.0191595955915
38,0.866282205991,0.0193062402946
38,0.865584313382,0.0194536464153
38,0.864920352236,0.0196013605105
38,0.864182125215,0.019751842859
38,0.863480648511,0.01990258454
38,0.862767691727,0.02005469228
38,0.862071421349,0.0202075196123
38,0.861333754409,0.0203624367598
38,0.860606239652,0.0205182467176
38,0.8598842567,0.0206750616747
39,0.859159021757,0.0208330984811
39,0.858437643943,0.0209921925436
39,0.857690666071,0.0211530752227
39,0.856961968784,0.0213146785151
39,0.856193272056,0.0214784601991
39,0.855465099367,0.021642416149
39,0.854716639689,0.0218080793572
39,0.853964801166,0.0219750354021
39,0.853182840383,0.0221439881672
39,0.852435032101,0.0223132828746
39,0.85163227219,0.0224852567838
40,0.850860275886,0.0226576724471
40,0.850109592158,0.0228307705643
40,0.849332564793,0.0230058351024
40,0.848551019302,0.0231822958823
40,0.847751410108,0.0233605372393
40,0.846981891456,0.0235392416447
40,0.846151676316,0.0237209405367
40,0.845360657863,0.0239028614284
40,0.844553043646,0.0240865750978
40,0.843747404719,0.0242715676884
40,0.842939281754,0.0244579753393
41,0.842099697078,0.0246466562468
41,0.841314333433,0.0248351132013
41,0.840460609066,0.0250269631443
41,0.839622213226,0.0252197536307
41,0.838809353478,0.0254131720105
41,0.837966867105,0.0256088924836
41,0.837124602891,0.0258060269445
41,0.836267136161,0.0260050634896
41,0.835410198837,0.0262055296729
41,0.834558595533,0.0264072818036
42,0.833686441283,0.0266111504741
42,0.83282667506,0.026816101081
42,0.831966015843,0.0270225634712
42,0.831063497799,0.027231889559
42,0.830198833639,0.0274414895212
42,0.829316408143,0.0276531940972
42,0.828420896625,0.0278668705849
42,0.827524515979,0.0280821251467
42,0.826617487207,0.0282993025705
42,0.825710991042,0.0285180356117
42,0.824811007691,0.02873812477
43,0.823879200476,0.028960920954
43,0.822971440911,0.0291844818586
43,0.822060732161,0.0294097602942
43,0.821104738195,0.0296382965462
43,0.820184700634,0.0298671851977
43,0.819249699485,0.0300982719545
43,0.818305417939,0.0303313703787
43,0.817343427371,0.0305668145705
43,0.816366763705,0.0308045175408
43,0.8154329261,0.0310423151029
44,0.814449921989,0.0312837070832
44,0.813489867687,0.0315259591115
44,0.812527780242,0.0317700343549
44,0.811537314497,0.032016984278
44,0.810536369874,0.032266136567
44,0.809563236818,0.0325159748012
44,0.808548460454,0.032769294043
44,0.807551255729,0.0330237285796
44,0.806548002318,0.0332802441527
45,0.805524894919,0.0335394327024
45,0.804524773774,0.0337995272739
45,0.803392128762,0.0340671054238
45,0.802365825763,0.0343321111636
45,0.801333972773,0.0345992630378
45,0.800360385807,0.0348657980669
45,0.799036420874,0.0351496261156
45,0.798035348924,0.0354213019822
45,0.797220823028,0.035686555428
45,0.795837285691,0.0359793094671
46,0.794849303486,0.0362562892639
46,0.793981830657,0.0365296751824
46,0.792570168339,0.0368301960726
46,0.791474154715,0.0371182525929
46,0.790357880431,0.0374093433969
46,0.789460906243,0.0376920655525
46,0.788177472021,0.0379953366808
46,0.787001101742,0.0382956770786
46,0.785971332477,0.0385910121457
47,0.785089804764,0.0388810780872
47,0.783871620777,0.0391899228383
47,0.782575115343,0.0395049900534
47,0.781716750915,0.0398000954642
47,0.780486845605,0.0401162528356
47,0.779044770145,0.040445740813
47,0.778101899087,0.0407516145356
47,0.776659940542,0.0410859438031
47,0.775515363617,0.0414069661901
48,0.774611769281,0.0417172921232
48,0.773648829143,0.0420329068293
48,0.772097205788,0.0423829417196
48,0.771028699851,0.0427089574164
48,0.76936839149,0.0430703338442
48,0.768303644085,0.0434009612728
48,0.766992663798,0.0437479056288
48,0.7659784004,0.0440803191844
48,0.764504268881,0.0444416965555
49,0.763137320405,0.0447995474273
49,0.762037175388,0.0451442446487
49,0.760838841575,0.0454971852336
49,0.759771031553,0.0458447411444
49,0.758249561315,0.0462222949651
49,0.757174136039,0.0465752992467
49,0.755785204712,0.0469501621055
49,0.754435902568,0.0473253098726
49,0.75313108968,0.0477003772618
50,0.751538914891,0.0480965256103
50,0.750438111781,0.0484640011851
50,0.749129761754,0.0488474860826
50,0.747663337594,0.0492441247684
50,0.746736774013,0.049607837376
50,0.745176422101,0.050016363115
50,0.743485054367,0.050436898706
50,0.742394702638,0.0508195886983
50,0.741169944733,0.0512141017983
51,0.739340225372,0.0516535648096
51,0.737976279067,0.0520637442699
51,0.736444044623,0.0524888514327
51,0.735432169299,0.0528797081069
51,0.733949821642,0.0533072085713
51,0.732240692183,0.0537545023742
51,0.730682634977,0.0541941035547
51,0.729399736925,0.054616394411
52,0.728006525757,0.0550499355356
52,0.726514835241,0.0554940827072
52,0.724889876864,0.055951764804
52,0.72328138848,0.0564116421752
52,0.722148560519,0.0568375308733
52,0.720654002265,0.0572949239531
52,0.718812779472,0.0577834939477
52,0.717261264912,0.0582524576201
53,0.715722340237,0.0587238427833
53,0.713973705629,0.059216067711
53,0.712575646231,0.0596827523135
53,0.711017779143,0.0601662093912
53,0.709560401689,0.06064461643
53,0.707862867199,0.0611471456634
53,0.705965816795,0.06167092851
53,0.704550473461,0.0621564204025
53,0.703051028023,0.0626527695575
54,0.70128645155,0.0631765225482
54,0.699810373826,0.0636780602197
54,0.697777519468,0.0642343325086
54,0.696419828368,0.0647324376623
54,0.694257147458,0.0653095218272
54,0.693102527116,0.0657957723216
54,0.691202731528,0.0663564933687
54,0.689300620453,0.0669219149291
55,0.687548361359,0.067477136886
55,0.686160545427,0.0680004361193
55,0.684324995024,0.0685720624144
55,0.682442303742,0.0691529067485
55,0.680597438355,0.0697344508721
55,0.678730651241,0.0703227842301
55,0.677130470202,0.0708877925538
56,0.675172693491,0.0714946682576
56,0.673278122091,0.0720996439402
56,0.671413078634,0.0727061693148
56,0.669398352688,0.0733337943249
56,0.667911412013,0.0739080801974
56,0.665857242076,0.074549692973
56,0.663829405557,0.0751935987305
56,0.661840762094,0.0758382566546
57,0.660053121138,0.0764647974322
57,0.657758055127,0.0771555176768
57,0.655941573812,0.0777956889347
57,0.654043773297,0.0784506031961
57,0.652205629151,0.0791035548663
57,0.649953612248,0.0798124465268
57,0.647632075403,0.0805363618676
57,0.645797204172,0.0812056837953
58,0.643789479321,0.0819022313611
58,0.64143294349,0.0826494731144
58,0.639452217541,0.0833546141481
58,0.63720508098,0.0841006764677
58,0.63524064845,0.0848156374705
58,0.63310775385,0.0855591615026
58,0.630725904461,0.0863431343569
59,0.628532930686,0.0871082100509
59,0.626217665238,0.0878971355127
59,0.624199308061,0.0886510473596
59,0.621661387133,0.0894858843714
59,0.619581757135,0.0902620502669
59,0.617447171062,0.0910528371556
59,0.614943018287,0.0919055950594
60,0.612615880502,0.0927398063296
60,0.610241306041,0.0935889432335
60,0.607896331507,0.0944414174676
60,0.605376140082,0.0953294028514
60,0.602949670891,0.0962112183816
60,0.600306346463,0.097136656004
60,0.597830170966,0.0980443593687
60,0.595239329106,0.0989802874251
61,0.592987137039,0.0998690924244
61,0.59026515327,0.10084683246
61,0.587620416932,0.10182246424
61,0.584705412066,0.102856992884
61,0.582301888327,0.103813600704
61,0.579686350227,0.104819968564
61,0.576791351661,0.105890906022
62,0.574052456489,0.106948534911
62,0.571141032729,0.108054889637
62,0.568519576889,0.109124025965
62,0.565270641066,0.110333922514
62,0.562653812823,0.111442630875
62,0.559546122123,0.112672495394
62,0.556555137254,0.113906436062
63,0.553176941741,0.115251022536
63,0.550184355189,0.116549880069
63,0.547132999024,0.117898156293
63,0.543664043706,0.119379099817
63,0.540545859533,0.120830204
63,0.537468289371,0.12232237027
64,0.534057941169,0.123946453801
64,0.530584672507,0.125648131164
64,0.527392443744,0.127350493143
64,0.523831238855,0.12921497418
64,0.52032588856,0.131145605748
64,0.516860285245,0.133150914348
64,0.513362706379,0.135254152447
65,0.509882876927,0.137447179084
65,0.50628704302,0.139770808546
65,0.502775994543,0.142174244467
65,0.49959367607,0.144588112926
65,0.495779855112,0.147292467843
65,0.492442272244,0.149965354443
65,0.489092787653,0.152748576481
66,0.485987803629,0.155559405671
66,0.4827245235,0.158522123004
66,0.479326143812,0.161629758581
66,0.476409326302,0.164668470067
66,0.473294761481,0.167861245711
66,0.470517223878,0.171012714631
67,0.467420962644,0.174351060796
67,0.464729695176,0.17760082007
67,0.462185748692,0.180843258886
67,0.45937807039,0.184230241802
67,0.457237633097,0.187378389548
67,0.454547301115,0.190770560468
67,0.452273769548,0.193998870031
68,0.4496839415,0.197364537556
68,0.447727247067,0.200443208837
68,0.445327298608,0.203702060288
68,0.443361473173,0.206737620366
68,0.441188847826,0.209837064877
68,0.439045821384,0.212886751377
69,0.437071158888,0.215813542744
69,0.435075964441,0.218705078775
69,0.432847432042,0.221669020449
69,0.430707750215,0.224542997171
69,0.428915562067,0.227187478749
69,0.426885260908,0.229909600101
70,0.424364015138,0.232855955323
70,0.422326176043,0.235499188953
70,0.420043729682,0.23824141353
70,0.417625705727,0.241029997586
70,0.415559398335,0.243586715158
70,0.41308327266,0.246359336219
71,0.410827663696,0.248982060456
71,0.408267304839,0.251776303737
71,0.405767381567,0.254526963157
71,0.403159295314,0.257344104092
71,0.400475611425,0.260214553036
71,0.39798379505,0.262968407255
71,0.39532546858,0.265844245856
72,0.392441481925,0.268892504453
72,0.389736174012,0.271843517227
72,0.387093548839,0.274776730574
72,0.384458004062,0.277733494389
72,0.381549848275,0.280922637075
72,0.378774588925,0.284054462919
73,0.375828719029,0.287358495711
73,0.372925135854,0.290679334672
73,0.370304532694,0.293826939734
73,0.367397498895,0.297251951115
73,0.364351490466,0.300848744581
74,0.36163259487,0.304234513132
74,0.358553144875,0.307985950989
74,0.355885571245,0.311447623504
74,0.352911881782,0.315241911927
74,0.350064402333,0.318993742308
74,0.347263492584,0.322772844432
75,0.344459316131,0.326626417153
75,0.341435336636,0.330766832877
75,0.338666513515,0.334740525523
75,0.336030930212,0.338657928062
75,0.333128043444,0.342925625537
75,0.330338940579,0.347163084337
76,0.327642942408,0.351388129734
76,0.325066929187,0.355568289314
76,0.322350862441,0.359988905703
76,0.319734423722,0.364389529837
76,0.317124368316,0.368874969421
76,0.314519763765,0.373449247746
77,0.311983742908,0.378038972818
77,0.309686330141,0.38243259124
77,0.307102317967,0.387277931362
77,0.304804309748,0.391863967881
77,0.302449455399,0.396622246189
78,0.300251391082,0.401275194556
78,0.297858424019,0.406293712807
78,0.295711592825,0.411084013836
78,0.293653455428,0.415853285434
78,0.291438795085,0.42095196455
78,0.289358153176,0.425969026614
79,0.287394808292,0.430921893429
79,0.285476512877,0.435914408685
79,0.283627208844,0.440908546144
79,0.281732573601,0.446082119307
79,0.279988612516,0.451125453469
80,0.278254097476,0.456259198404
80,0.276575546164,0.461406321461
80,0.274989880713,0.466500225366
80,0.273507651449,0.471515047652
80,0.271892189914,0.476856411077
80,0.270460787223,0.481969363002
81,0.269040998927,0.487148667931
81,0.267721562396,0.492227862781
81,0.266434627153,0.497322275806
81,0.26522532295,0.502340365495
81,0.26396419244,0.507520829683
82,0.262750852188,0.512669942118
82,0.261558150322,0.517833594684
82,0.260410560894,0.522957265525
82,0.259338837568,0.527971223573
82,0.258303586386,0.532947632494
83,0.257273904251,0.537945924222
83,0.256209629943,0.543049337038
83,0.255186332,0.548097922182
83,0.254185792845,0.553128024312
83,0.25321423041,0.558124857561
84,0.252274618484,0.563080688322
84,0.251329493065,0.568079128229
84,0.250356703053,0.573173002372
84,0.249480737392,0.578077538939
84,0.248557338861,0.583123679292
84,0.247627886141,0.588217194103
85,0.246775518625,0.593157644591
85,0.245881838902,0.59822412162
85,0.245044128553,0.603177265868
85,0.24419205355,0.608182844758
85,0.243349045417,0.613177651596
86,0.242515035182,0.618155115438
86,0.241702375837,0.623076514996
86,0.240823919214,0.628161463099
86,0.239979410259,0.63314778322
86,0.239110333395,0.638184864915
87,0.238303241245,0.643039277752
87,0.237404061928,0.6481257687
87,0.236497358668,0.653221473378
87,0.235621978091,0.658222847785
87,0.234720998115,0.663294212178
88,0.233803203583,0.668421526882
88,0.232852385846,0.673663905147
88,0.231941975468,0.678822104051
88,0.231024375545,0.684046777322
88,0.230089023573,0.689385453622
89,0.229192429363,0.694684963003
89,0.228285908956,0.700107632791
89,0.227413914201,0.705534438109
89,0.226558341748,0.711036793212
90,0.225709973277,0.716660781335
90,0.224932837952,0.72221867185
90,0.22415723179,0.727947546211
90,0.223451585982,0.733640589337
90,0.222787563554,0.739401646732
91,0.222162127233,0.745252828766
91,0.221622011559,0.751046808137
91,0.221122662663,0.756940955935
91,0.220688571926,0.762858515896
91,0.220301709526,0.768866156048
92,0.219999187451,0.774836916456
92,0.219763549581,0.780831215331
92,0.219572877801,0.786925895514
92,0.219482878003,0.792918194125
92,0.219453167713,0.798947148952
93,0.219494844658,0.80496602901
93,0.219570770822,0.811103693143
93,0.21974967182,0.817097854294
93,0.219962950685,0.823192344062
94,0.220256162912,0.829206816782
94,0.22060282569,0.835228892186
94,0.220997202329,0.841268978792
94,0.221464063641,0.847220821675
94,0.221979626699,0.853162747909
95,0.222530366444,0.859135151946
95,0.223134007491,0.865058203062
95,0.223778731731,0.870966072231
95,0.224459725138,0.876866558014
96,0.225189451178,0.882700334406
96,0.225943470001,0.888552971246
96,0.226746446956,0.894318035574
96,0.227572367908,0.900088927686
96,0.228428117691,0.905830276348
97,0.229300188766,0.911588048856
97,0.230211163562,0.91726549237
97,0.231121504527,0.923013686581
97,0.2320683218,0.928678924435
98,0.233052517503,0.934252034073
98,0.234021655715,0.939938642645
98,0.235032269778,0.945508004973
98,0.236043853317,0.951119393295
98,0.237074144119,0.956698579019
99,0.238115359512,0.962274516119
99,0.23917048659,0.967833216723
99,0.240244560865,0.97335276622
99,0.241327414487,0.978873240695
100,0.242419151534,0.984393585417
100,0.243535284324,0.989850472946
100,0.24463942228,0.99539184183
100,0.245768792502,1.00086670604
100,0.246905628944,1.00634796262
101,0.248058604734,1.01180117638
101,0.249205641847,1.01731757082
101,0.250383278084,1.02274940357
101,0.251550945916,1.02826389128
102,0.252755763289,1.0336702106
102,0.25395159486,1.03915884612
102,0.255174792621,1.04458310873
102,0.256388046842,1.05009782516
103,0.257632692569,1.0555359496
103,0.258874215555,1.06104112887
103,0.260143879609,1.06648758561
103,0.261425342392,1.07194467297
104,0.262714200526,1.07743288411
104,0.264011080759,1.08295212618
104,0.265332967345,1.08843523013
104,0.266679078292,1.09388793043
105,0.268023834666,1.0994177258
105,0.269388173441,1.10494135103
105,0.270778974723,1.11043326997
105,0.272184905351,1.11594272597
106,0.273599931678,1.12149729453
106,0.27504208208,1.12702603493
106,0.276504848477,1.13255875135
106,0.277978901597,1.138136935
106,0.279481684308,1.14369265063
107,0.28101233026,1.14923323584
107,0.282557218512,1.15481843905
107,0.284118164895,1.16044513443
107,0.28571219813,1.16604848081
108,0.287330564283,1.17166939558
108,0.288982059233,1.17727762879
108,0.290650077412,1.18294693982
108,0.292347619142,1.1886309743
109,0.294088093201,1.19428250085
109,0.295852713186,1.19998574062
109,0.297656002656,1.20569023546
109,0.299493720276,1.21142239225
110,0.301380234042,1.21713402703
110,0.303299882227,1.22289907414
110,0.305271599852,1.22865245498
110,0.307288640993,1.23443343347
111,0.309351198336,1.2402538374
111,0.311471722762,1.24607696104
111,0.313651761634,1.25191046167
112,0.315901182727,1.25772920993
112,0.318213087427,1.26357516605
112,0.320596832086,1.26942551438
112,0.323058672545,1.27526970896
113,0.325597408159,1.28112614074
113,0.328217683864,1.28698912073
113,0.330929420438,1.29283106104
113,0.333737330772,1.29864320473
114,0.336636509268,1.30445182672
114,0.3396431101,1.31019851263
114,0.342742031141,1.31594228762
114,0.34595374312,1.32160086711
115,0.349269733672,1.32719883771
115,0.352687199433,1.33273317542
115,0.356205539925,1.33818653832
115,0.359825448404,1.34353058096
116,0.363532064535,1.3487884548
116,0.367329775719,1.35390467078
116,0.371201887996,1.35889527648
117,0.375144148553,1.36372378054
117,0.379141703495,1.36838653767
117,0.383175600875,1.37288895057
117,0.387232672271,1.37721087104
118,0.391287151009,1.38137354722
118,0.39532879063,1.38534090874
118,0.399331951228,1.38913071359
118,0.403288647392,1.39270011332
119,0.407156978401,1.3961263623
119,0.410927264245,1.3993791352
119,0.414581011793,1.40246470589
120,0.418104759721,1.40537972726
120,0.4214593915,1.40821540743
120,0.424663279922,1.41087968166
120,0.427682830666,1.41346488116
121,0.43050806043,1.4159948275
121,0.433133574209,1.41848912595
121,0.435571752094,1.42092012682
121,0.437803772677,1.42337252449
122,0.439846498315,1.42582396057
122,0.441695332214,1.42833046414
122,0.443366801723,1.43088690678
123,0.444864315379,1.43353670046
123,0.446215458537,1.43625001363
123,0.447416479723,1.43910129884
123,0.448490826147,1.44207933808
124,0.449458215658,1.44518556435
124,0.450339318722,1.44841768407
124,0.451147053003,1.45179650688
125,0.451896340521,1.45533356541
125,0.452608341843,1.45901657103
125,0.453303223534,1.46283189926
125,0.453982967083,1.46681952635
126,0.454679906032,1.47091591652
126,0.455403542295,1.47512537367
126,0.456150736389,1.47948729988
127,0.456943035216,1.48395522436
127,0.457786810477,1.48852602286
127,0.458692211936,1.49317876338
128,0.459654215009,1.49793674401
128,0.460689199804,1.50274885784
128,0.461795388164,1.50761892381
128,0.462965250166,1.51256596697
129,0.464213585321,1.51753303681
129,0.46552548772,1.52255776734
129,0.466907635172,1.52760537375
130,0.468358360214,1.53266700269
130,0.469870654046,1.53775045232
130,0.47144574666,1.54283618254
131,0.473077097992,1.54793009735
131,0.47475355237,1.55305354313
131,0.476490529048,1.55814154757
131,0.478269019924,1.56324259514
132,0.480092636673,1.56833216841
132,0.481953059836,1.57342583362
132,0.48385387947,1.57850139318
133,0.485783354889,1.5835878285
133,0.487749093734,1.58865211745
133,0.489745248645,1.59370618022
134,0.491772783738,1.59874070413
134,0.493821637612,1.60378305457
134,0.49590005668,1.60880177766
134,0.497998020534,1.61382527408
135,0.500123759237,1.6188230825
135,0.502269655622,1.62381625604
135,0.5044366537,1.62879802648
136,0.506623821486,1.6337674055
136,0.508832497213,1.6387155645
136,0.511064104367,1.6436326851
137,0.513300107469,1.64857212353
137,0.515562238221,1.65345661348
137,0.517838477923,1.65831606752
138,0.520120305144,1.66316757916
138,0.522409656559,1.66799322684
138,0.524702689388,1.67279211704
139,0.526992932657,1.67757032971
139,0.529288776228,1.68228547827
139,0.531564135327,1.68700395276
140,0.533828233068,1.69167937858
140,0.536070872101,1.69632713833
140,0.53828242672,1.70096134572
141,0.540462033492,1.7055696787
141,0.542605519548,1.71015231177
141,0.544702653437,1.71473120807
142,0.546748049691,1.71931640643
142,0.548747277316,1.72388754656
142,0.550689358829,1.72848086733
142,0.552579632415,1.73308630031
143,0.55441046193,1.73773969836
143,0.556188055666,1.74243873133
143,0.557923085791,1.74717221741
144,0.55961676332,1.75196335817
144,0.56127051374,1.75683884012
144,0.562899657308,1.76178528914
145,0.564513993963,1.76680915637
145,0.56612186688,1.77192297675
145,0.567735462222,1.7771276976
146,0.569369741085,1.78241490636
146,0.571036848695,1.78778323797
146,0.572743881811,1.79324434322
147,0.574503948224,1.79878734182
147,0.576328298067,1.80440266889
148,0.578229044158,1.81007293233
148,0.580211329216,1.81579697832
148,0.582280534596,1.82156702979
149,0.584441652187,1.82737053045
149,0.586700448258,1.83318654161
149,0.589056801265,1.83900672747
150,0.591509370749,1.84482099936
150,0.594054082087,1.85062257433
150,0.596692733498,1.85638156367
151,0.599418860588,1.86208947558
151,0.60221546419,1.86776656576
151,0.605091075759,1.87335038209
152,0.608024528038,1.87886763965
152,0.611005075823,1.88431013591
152,0.614025111013,1.88965798333
153,0.617068559993,1.89491587312
153,0.620127577537,1.90006219669
153,0.623182030497,1.9051126317
154,0.626217530259,1.91006534224
154,0.629223732212,1.91490702212
154,0.632180383102,1.91965611446
155,0.635075678578,1.92430760978
155,0.637893102407,1.92887389966
156,0.640616845139,1.93336907002
156,0.643241534029,1.93778040187
156,0.645745632132,1.94214939529
157,0.64812490266,1.94647156314
157,0.650368607995,1.95076880128
157,0.652471634054,1.95505339769
158,0.654424945569,1.9593570202
158,0.656230538518,1.96368608875
158,0.657888345301,1.96806100164
159,0.659402688138,1.97249656935
159,0.660773354521,1.97702827351
160,0.662014986806,1.98165361774
160,0.663131620549,1.98640746902
160,0.664144245908,1.99127854795
161,0.665059423468,1.99630228043
161,0.665893323925,2.00148758093
161,0.666662838461,2.00684218825
162,0.66738976994,2.01235874965
162,0.668086891473,2.01805558041
163,0.668771894685,2.02393355563
163,0.669465804382,2.02997976607
163,0.670178988606,2.03620905324
164,0.670935348231,2.04258999579
164,0.671739166382,2.04914512242
164,0.672611564876,2.0558397724
165,0.673554747252,2.06269098134
165,0.674582702557,2.06967390191
166,0.675705608105,2.0767696343
166,0.676923426986,2.08398541431
166,0.678241850951,2.0913061816
167,0.679666300616,2.09871350464
167,0.681197065517,2.10620120417
168,0.682833532059,2.11376296601
168,0.684577995727,2.12138111701
168,0.686427187391,2.12905340168
169,0.688375671753,2.13678299443
169,0.69042652903,2.14454574826
169,0.692573144222,2.15234704437
170,0.694816136597,2.16016950447
170,0.697147350849,2.16802292425
171,0.699566185439,2.17589365589
171,0.702066494387,2.18378541262
171,0.704648601301,2.19168195845
172,0.707303988162,2.19959476647
172,0.710032277206,2.20751023377
173,0.712825930286,2.21543731649
173,0.715682660696,2.22336901626
173,0.718598116142,2.23130526201
174,0.721567945029,2.23924667096
174,0.724588480573,2.24719267909
175,0.727655688994,2.25514512757
175,0.73076619424,2.26310546635
175,0.733916776372,2.27107673992
176,0.737102615965,2.27906946078
176,0.74032619238,2.28707451946
177,0.743583133884,2.29510730316
177,0.746877301403,2.30316130294
177,0.750206061269,2.31125362444
178,0.753576212956,2.31937564912
178,0.756987393515,2.32754370354
179,0.760448587388,2.33574745492
179,0.763960557512,2.34400292831
180,0.767534958949,2.35229256433
180,0.771171054366,2.36063537181
180,0.774881728361,2.36900589035
181,0.778668654062,2.37740916641
181,0.78253335555,2.38584598459
182,0.786481368037,2.39429976009
182,0.790508525059,2.40277831029
182,0.794620882526,2.41125358777
183,0.798810848794,2.4197350474
183,0.803076611327,2.42821162402
184,0.807412833913,2.43668119116
184,0.811816165789,2.44513462397
185,0.816276601632,2.45357658877
185,0.820790961705,2.46199768328
185,0.825350577949,2.47040973625
186,0.829952094302,2.47881130573
186,0.834591853786,2.48720472543
187,0.839268337335,2.49558876418
187,0.8439758963,2.50397704009
188,0.84871704389,2.51236113455
188,0.853487839561,2.52075361545
188,0.858291473168,2.5291473707
189,0.863124738978,2.53755522467
189,0.867987286475,2.54598225161
190,0.87288602206,2.55441271854
190,0.877815618614,2.56286702855
191,0.882780303038,2.57133769286
191,0.887779180148,2.57983220385
192,0.892816788463,2.58834219556
192,0.897891836363,2.5968761727
192,0.903005258545,2.6054360489
193,0.908157574363,2.61402482274
193,0.913354782198,2.62262964021
194,0.918594560452,2.63126151761
194,0.923878344297,2.63992054912
195,0.929205525201,2.6486125777
195,0.93458213686,2.65732443118
196,0.940006338739,2.66606533382
196,0.945479706822,2.67483468775
196,0.951004315576,2.68363043166
197,0.956580783376,2.6924545625
197,0.962211269691,2.70130467047
198,0.967896067621,2.71018353795
198,0.973635773118,2.7190930147
199,0.97943476066,2.7280243495
199,0.985289897506,2.73698968266
200,0.991205427107,2.74598053553
200,0.997183004126,2.75499562052
201,1.00322250091,2.76403852473
201,1.00932553713,2.77310794718
201,1.01549275438,2.78220523609
202,1.0217270869,2.79132541936
202,1.0280284309,2.80047182013
203,1.03439737364,2.8096458138
203,1.04083746142,2.81884071834
204,1.04734933922,2.8280577431
204,1.05393318918,2.83729931543
205,1.06059150544,2.84656162155
205,1.06732420407,2.85584779377
206,1.07413210901,2.86515851484
206,1.08102035736,2.87448300949
207,1.0879869133,2.88382968094
207,1.09503390149,2.8931958737
208,1.10216399869,2.902577562
208,1.10937677356,2.9119789898
209,1.11667640204,2.92139235861
209,1.12406259009,2.930821701
210,1.13153715997,2.94026557183
210,1.13910329174,2.94971910325
211,1.14675945012,2.95918973029
211,1.15451302789,2.96866188079
211,1.16236172455,2.97814507226
212,1.17030839601,2.98763552542
212,1.17835662621,2.9971276231
213,1.18650851624,3.00661949256
213,1.19476602842,3.01610947335
214,1.20313060991,3.02559697176
214,1.2116062903,3.03507457424
215,1.22019378974,3.04454275566
215,1.228898005,3.05399097462
216,1.23771769885,3.06342324737
216,1.24665920575,3.0728238833
217,1.2557210787,3.08219536986
217,1.26490519773,3.09153062185
218,1.27421560967,3.1008157674
218,1.28364910887,3.11005287115
219,1.29320871215,3.1192268299
219,1.30289262249,3.12833199783
220,1.31269996489,3.13735801944
220,1.32262879457,3.14629444083
221,1.33267465601,3.15513391276
221,1.3428339868,3.16386391377
222,1.35310054995,3.1724750952
223,1.36346869327,3.18095350258
223,1.37392799711,3.1892930715
224,1.38447028743,3.19747925219
224,1.39508244124,3.20550584139
225,1.40575298874,3.21335983877
225,1.41646702339,3.22103343177
226,1.42720696049,3.22852246164
226,1.43795678666,3.23581715673
227,1.44869677156,3.24291458442
227,1.45940653314,3.24981218547
228,1.47006500071,3.25650844818
228,1.48065022052,3.26300396688
229,1.49113954689,3.26930167019
229,1.50150944494,3.27540792531
230,1.51173718555,3.28132952427
230,1.52179808393,3.28708039267
231,1.5316693724,3.29267383455
231,1.5413313263,3.29812085395
232,1.55076014421,3.30344604141
232,1.55993870367,3.30866507137
233,1.56884650934,3.31380666294
234,1.57746930413,3.31889254346
234,1.58579301411,3.32395063422
235,1.59380612359,3.32901022103
235,1.6014990956,3.33410327602
236,1.60886704022,3.33925889911
236,1.61590646343,3.34450999597
237,1.62261758634,3.34988822585
237,1.62900274103,3.35542700244
238,1.635066454,3.36116088187
238,1.6408196726,3.36711636918
239,1.64627118313,3.37332897744
240,1.65143585813,3.3798256254
240,1.65632799684,3.3866376038
241,1.66096751118,3.39378718039
241,1.66537219563,3.40130266962
242,1.66956418211,3.40920449672
242,1.6735654876,3.41751358226
243,1.67739912044,3.42624840602
243,1.68108920179,3.43542414021
244,1.68465795321,3.44505825928
245,1.68812901764,3.45516329709
245,1.69152745006,3.46574649159
246,1.6948742702,3.4768206783
246,1.69819345461,3.48838982469
247,1.70150259795,3.50046816335
247,1.70482574379,3.51305393135
248,1.70817900156,3.52615914924
249,1.71158120905,3.53978802504
249,1.71505065364,3.5539441267
250,1.71860118649,3.56863899807
250,1.72225012287,3.5838764574
251,1.72601041338,3.59966958889
251,1.72989872075,3.61602479119
252,1.73392866559,3.63295675124
253,1.73811610432,3.65047841382
253,1.74247739152,3.66860562077
254,1.7470297074,3.68735748433
254,1.75179351886,3.70675226034
255,1.75678899577,3.72681596876
256,1.76204289671,3.74756884394
256,1.76758336336,3.76903729597
257,1.77344264543,3.79124901237
257,1.77965738107,3.81423310021
258,1.78627043103,3.83801673572
259,1.79332922788,3.86262907748
259,1.80088843026,3.88809571544
260,1.80900726254,3.91444427809
260,1.81775296151,3.94169657764
261,1.82719846234,3.96987284568
262,1.83742306808,3.99898918171
262,1.84851455195,4.02905148898
263,1.8605639759,4.06006489505
263,1.87366961578,4.09202299769
264,1.88793344276,4.12491298044
265,1.90346332358,4.15870795639
265,1.92036766562,4.19337556652
266,1.93875882226,4.22886725728
266,1.95874688426,4.26512843841
267,1.98044479019,4.30208391067
268,2.00395906604,4.33965466302
268,2.02939584495,4.37774153099
269,2.05685341513,4.41623833167
269,2.08642411127,4.45502497392
270,2.11819285514,4.49396819489
271,2.15223371591,4.53292682679
271,2.18861156567,4.57174658043
272,2.22737724129,4.61026892154
273,2.26857058663,4.64832371823
273,2.3122183019,4.68573321712
274,2.35833012623,4.72231949944
274,2.40690414758,4.75789367949
275,2.45792039125,4.79226907528
276,2.51134368725,4.82525580041
276,2.56712363737,4.85666154284
277,2.62519159626,4.8862981308
278,2.68546423006,4.9139757263
278,2.7478387457,4.93951288572
279,2.81219718533,4.96272995315
280,2.87840425796,4.98345475828
280,2.94630635396,5.00152618294
281,3.01573560688,5.01678945653
282,3.08650627312,5.02910512861
282,3.15841893339,5.0383451515
283,3.23125773399,5.04440097432
283,3.30479626789,5.0471781028
284,3.37879367864,5.04660658783
285,3.45300282744,5.04263312079
285,3.52716740591,5.03523040493
286,3.6010262588,5.02439559428
287,3.67431766693,5.01014916326
287,3.74677960253,4.99253931277
288,3.81815438292,4.97163989064
289,3.88819211179,4.94754976157
289,3.95665354186,4.92039243947
290,4.02331165571,4.89031661788
291,4.08795826013,4.85748981509
291,4.15040194621,4.82210191931
292,4.21047340433,4.78435887067
293,4.26802675514,4.74448049541
293,4.32293944901,4.70269908566
294,4.37511671685,4.65925225614
295,4.42448704342,4.6143850623
296,4.47100632384,4.56834210409
296,4.51465485735,4.52136698203
297,4.55543831495,4.47369729314
298,4.59338368019,4.4255645722
298,4.62854081615,4.37718860256
299,4.66097723007,4.32877849866
300,4.69077798456,4.28052895194
300,4.71804163665,4.2326205289
301,4.74288108738,4.18521581479
302,4.76541685152,4.13846280426
302,4.78577877576,4.09249110409
303,4.804101478,4.04741416604
304,4.82052117397,4.00333058224
305,4.83517871746,3.96032059829
305,4.84821316686,3.91845096276
306,4.85976051381,3.87777564039
307,4.86995622744,3.83833380192
307,4.87893184971,3.80015288248
308,4.88681331659,3.76325033765
309,4.89372133547,3.7276339196
309,4.89977176164,3.69330210045
310,4.90507438204,3.66024578236
311,4.90973110464,3.62845043834
312,4.91384094438,3.59789322497
312,4.91749294974,3.56854905239
313,4.92077252547,3.54038672468
314,4.92375654068,3.51337330176
315,4.92651724699,3.48747201885
315,4.92912193425,3.46264330377
316,4.93162996164,3.43884757237
317,4.93409589923,3.41604366425
317,4.93657165222,3.39418803532
318,4.93909968111,3.37324004686
319,4.94172173075,3.35315650177
320,4.94447352387,3.33389583477
320,4.94738851719,3.31541604264
321,4.95049301999,3.29767841438
322,4.95381352101,3.2806430103
323,4.95737155566,3.26427246788
323,4.96118781632,3.24852958677
324,4.96527837862,3.23338009035
325,4.96965788914,3.21879074982
326,4.97434066981,3.20472887445
326,4.97933760694,3.19116448458
327,4.98465937565,3.17806834618
328,4.99031380182,3.16541375856
329,4.99630976829,3.15317413606
329,5.00265424307,3.14132496701
330,5.00935231098,3.12984382905
331,5.01641172909,3.11870759084
332,5.0238356014,3.1078970533
332,5.0316298152,3.09739238108
333,5.03979902368,3.08717570593
334,5.04834696594,3.0772310379
335,5.05727813723,3.06754339305
335,5.06659669221,3.05809965288
336,5.07630804633,3.04888781504
337,5.08641654982,3.03989864647
338,5.09692985456,3.03112333319
339,5.1078544736,3.02255642266
339,5.11920199626,3.01419239564
340,5.13098227854,3.00602993176
341,5.1432124677,2.99806674132
342,5.15591070978,2.9903033116
343,5.16909998356,2.98274051873
343,5.18280926914,2.97537860141
344,5.19707341202,2.96821660741
345,5.21193342543,2.96125124368
346,5.22743505794,2.95447632891
346,5.24363277954,2.94787877375
347,5.26058602142,2.9414385823
348,5.27835978212,2.93512603949
349,5.29702105617,2.92890102327
350,5.31663954518,2.92270988555
351,5.33728272413,2.91648567573
351,5.35901267622,2.91014786208
352,5.38188507212,2.90360173376
353,5.40594155858,2.89674256101
354,5.43121144689,2.88945617503
355,5.45770650721,2.88162492354
355,5.48542306589,2.87313133546
356,5.51434102364,2.86386478981
357,5.54442858943,2.85372594128
358,5.57564991252,2.84262956782
359,5.60796893372,2.83050808954
360,5.64136417766,2.817306878
360,5.67583155368,2.80298173032
361,5.71139712846,2.78748624066
362,5.74811926171,2.77075888005
363,5.78608429022,2.75270766882
364,5.82540710716,2.73318817264
365,5.86620612619,2.7119916086
365,5.90858867452,2.68882884644
366,5.95261931518,2.66332710746
367,5.99828558015,2.63503611097
368,6.04547125646,2.60344238995
369,6.0939268331,2.56799840804
370,6.14324962614,2.52816098896
370,6.19287967008,2.48343483681
371,6.24210809103,2.43341915052
372,6.29009856476,2.37785223658
373,6.33592038859,2.31664926294
374,6.37860191777,2.24992492952
375,6.41717486839,2.17800793819
376,6.45073285368,2.10143559677
376,6.47848015033,2.02093616569
377,6.49977932595,1.93739624117
378,6.51417920452,1.85182087401
379,6.52144169061,1.76528339848
380,6.52154542701,1.67887525631
381,6.51468291676,1.5936546504
382,6.50124085378,1.51060076757
383,6.48177496597,1.43057402319
383,6.45696950854,1.35428750467
384,6.42760153094,1.28228692147
385,6.39449560606,1.21494348692
386,6.35848539841,1.15245627313
387,6.32037442991,1.0948649161
388,6.28090867549,1.04206874987
389,6.24075181711,0.993852058478
390,6.20047022467,0.949911753065
391,6.16052646621,0.909885353009
392,6.12128104312,0.87337717491
392,6.0829931051,0.839982287808
393,6.04583814553,0.809304395859
394,6.00991412226,0.780971091542
395,5.97525931585,0.754642991356
396,5.94186268984,0.730019695634
397,5.90968123666,0.706841228613
398,5.87864883297,0.684887677861
399,5.84868251042,0.663976972137
400,5.81969500942,0.643960525576
401,5.79159830295,0.624719174021
402,5.76430642921,0.606158855055
403,5.73773626358,0.58820653424
403,5.71181539817,0.570805668681
404,5.68647745818,0.55391339271
405,5.66166245889,0.537497591836
406,5.63731970481,0.521534195788
407,5.61340377092,0.506005559692
408,5.58987741141,0.49089855806
409,5.56670736386,0.476203654516
410,5.54386730924,0.461913593808
411,5.52133474952,0.448022855696
412,5.4990917132,0.434526951541
413,5.47712235687,0.42142212055
414,5.45541458045,0.408704817294
415,5.43396045366,0.396371404082
416,5.41275084511,0.384418337595
417,5.39178181441,0.372841543114
418,5.37104781213,0.361636799118
419,5.35054732187,0.350799270658
420,5.33027814287,0.340323795746
421,5.31023924093,0.330204738227
421,5.29043078056,0.320435988663
422,5.27085236987,0.311011084756
423,5.25150402686,0.301923169601
424,5.23238701759,0.293164974117
425,5.21350218338,0.284728948708
426,5.19485004718,0.276607289501
427,5.1764310241,0.268791962375
428,5.15824717598,0.261274651414
429,5.14029782441,0.254047024103
430,5.12258495821,0.247100490951
431,5.10510743378,0.240426530616
432,5.08786669369,0.234016443584
433,5.07086156073,0.227861633281
434,5.05409263719,0.221953429535
435,5.0375594299,0.21628325
436,5.0212601072,0.210842631085
437,5.00519526346,0.205623091454
438,4.9893630618,0.200616360198
439,4.97376309334,0.195814233824
440,4.95839266133,0.191208743177
441,4.94325087999,0.186792004758
442,4.92833543635,0.182556361285
443,4.91364530394,0.178494289255
444,4.89917676445,0.174598554978
445,4.88492822657,0.170862044844
447,4.87089741167,0.16727787553
448,4.8570813456,0.16383939686
449,4.84347749943,0.160540155346
450,4.83008310951,0.15737391995
451,4.81689553807,0.15433467089
452,4.80391251867,0.151416592116
453,4.7911281663,0.148614195051
454,4.77854303908,0.145922000576
455,4.76615172188,0.143334925301
456,4.75395195681,0.140847993744
457,4.74193959614,0.138456489065
458,4.73011352065,0.13615580295
459,4.71846820256,0.133941648182
460,4.70700164736,0.13180982226
461,4.69571041354,0.129756346516
462,4.68459181144,0.127777397652
463,4.67364152713,0.12586936728
464,4.66285776256,0.124028743109
465,4.6522360114,0.122252244317
466,4.64177458709,0.120536667774
468,4.63146903059,0.118879029834
469,4.62131682537,0.117276436614
470,4.61131647271,0.115726104205
471,4.60146287741,0.114225468835
472,4.59175439176,0.112772003264
473,4.58218749939,0.111363345207
474,4.57275953156,0.109997224229
475,4.56346787024,0.108671476611
476,4.55430947386,0.107384051674
477,4.54528269979,0.106132964005
478,4.53638334561,0.104916381875
480,4.52761015622,0.103732494044
481,4.51896032414,0.102579610833
482,4.51043075404,0.101456130026
483,4.50201862617,0.100360520348
484,4.4937231302,0.0992912797619
485,4.48554143993,0.0982470222995
486,4.4774703744,0.0972264367121
487,4.46950772609,0.0962282545654
489,4.461652598,0.0952512411279
490,4.45390187102,0.0942942685289
491,4.44625295706,0.0933562534677
492,4.43870441496,0.0924361424455
493,4.43125449442,0.0915329405482
494,4.42390046689,0.0906457226988
495,4.41664093264,0.0897735839537
496,4.40947332729,0.0889156889649
498,4.40239667867,0.0880712140419
499,4.39540879324,0.0872394025597
500,4.38850728686,0.0864195420223
501,4.38169126858,0.0856109295751
502,4.37495777263,0.084812940715
503,4.36830615562,0.084024941827
505,4.36173472764,0.0832463548445
506,4.3552415659,0.0824766397495
507,4.34882557903,0.0817152732173
508,4.34248395175,0.0809617956303
509,4.33621569663,0.0802157430231
510,4.33002057811,0.0794766669571
512,4.32389513773,0.0787442064926
513,4.3178394675,0.0780179623409
514,4.31185126958,0.0772976049107
515,4.30592940034,0.0765828086294
516,4.30007327595,0.0758732621851
517,4.29428050702,0.0751687094716
519,4.28854998468,0.0744688937238
520,4.28288120049,0.0737735692911
521,4.2772713092,0.0730825512852
522,4.27172111606,0.0723956116608
523,4.26622842544,0.0717125926476
525,4.26079214369,0.0710333354461
526,4.25541119348,0.0703576981194
527,4.25008362376,0.0696855693272
528,4.24481011324,0.0690168100308
530,4.23958856001,0.0683513416808
531,4.23441841789,0.0676890742282
532,4.22929843939,0.0670299422139
533,4.22422733803,0.0663738931247
534,4.21920441374,0.0657208768885
536,4.21422900362,0.0650708540676
537,4.20930022207,0.0644237991299
538,4.20441621855,0.0637797108926
539,4.19957825394,0.0631385499247
541,4.19478290906,0.062500356079
542,4.19003161653,0.0618651039731
543,4.18532246189,0.0612328255832
544,4.1806544606,0.0606035454683
546,4.17602717613,0.059977286213
547,4.17144113665,0.0593540623721
548,4.16689373332,0.0587339383867
549,4.16238548486,0.058116938519
551,4.15791491457,0.0575031192438
552,4.15348251009,0.0568925132735
553,4.14908634851,0.0562851897212
555,4.14472677554,0.0556811892184
556,4.14040293126,0.0550805712181
557,4.13611422377,0.0544833933871
558,4.13185992942,0.0538897166481
560,4.12763999347,0.0532995943815
561,4.12345353107,0.0527130916934
562,4.11930013812,0.0521302679723
564,4.11517938653,0.0515511832431
565,4.11109019614,0.0509759056481
566,4.10703398532,0.0504044721002
567,4.10300746624,0.0498369771578
569,4.09901285636,0.0492734470679
570,4.09504825462,0.0487139574969
571,4.09111356064,0.0481585611054
573,4.08720859865,0.0476073103251
574,4.0833325561,0.047060263637
575,4.07948524321,0.0465174706654
577,4.07566694439,0.0459789741145
578,4.0718765371,0.0454448309182
579,4.0681136183,0.0449150878174
581,4.0643790116,0.044389776172
582,4.06067068914,0.0438689566381
583,4.05698954518,0.0433526557566
585,4.05333499755,0.0428409140701
586,4.04970654511,0.042333768957
587,4.0461037892,0.0418312543912
589,4.04252729426,0.0413333921998
590,4.03897570884,0.0408402216868
591,4.03544972798,0.0403517589222
593,4.0319479751,0.0398680385961
594,4.02847139367,0.039389069936
596,4.02501917701,0.0389148773452
597,4.02159043346,0.0384454835367
598,4.01818668446,0.0379808859006
600,4.0148060965,0.0375211117191
601,4.0114486441,0.0370661687168
602,4.00811468114,0.0366160590919
604,4.0048033461,0.0361707941612
605,4.00151550434,0.0357303674894
607,3.99824978063,0.035294790845
608,3.99500700572,0.0348640543067
609,3.9917859764,0.0344381639993
611,3.98858750469,0.0340171065878
612,3.98540981652,0.0336008891284
614,3.98225467248,0.0331894868443
615,3.97912062706,0.0327829004315
617,3.97600850482,0.0323811099666
618,3.97291660718,0.0319841146271
619,3.96984604862,0.0315918891203
621,3.96679584855,0.0312044236382
622,3.96376737528,0.0308216884028
624,3.96075820178,0.0304436820107
625,3.95776999629,0.0300703698492
627,3.95480163751,0.0297017376605
628,3.95185338566,0.0293377594309
629,3.94892471964,0.028978413897
631,3.94601605098,0.0286236718416
632,3.94312616123,0.0282735149334
634,3.94025600659,0.0279279080982
635,3.93740516702,0.0275868253943
637,3.93457337856,0.0272502388468
638,3.93176070617,0.0269181174046
640,3.92896643494,0.0265904346131
641,3.92619098006,0.0262671555848
643,3.92343423923,0.0259482483805
644,3.92069582195,0.0256336823548
646,3.91797523325,0.0253234269042
647,3.91527301582,0.0250174441812
649,3.91258860476,0.0247157030632
650,3.90992239773,0.0244181658642
652,3.90727371817,0.0241248012914
653,3.90464323118,0.0238355693595
655,3.9020292056,0.0235504444555
656,3.89943242405,0.0232693852415
658,3.89685338523,0.0229923520665
659,3.89429169679,0.022719310434
661,3.89174665745,0.0224502273708
662,3.8892181646,0.0221850661934
664,3.88670705494,0.0219237848036
665,3.88421169726,0.0216663550151
667,3.88173343674,0.0214127317796
668,3.87927185737,0.0211628799713
670,3.87682623494,0.0209167660332
671,3.87439633845,0.0206743536255
673,3.87198290723,0.0204356012872
675,3.86958530457,0.0202004749764
676,3.8672033201,0.0199689383858
678,3.86483736272,0.0197409520978
679,3.86248668237,0.0195164827536
681,3.86015173101,0.0192954909464
682,3.85783211556,0.0190779416893
684,3.85552777036,0.0188637984542
685,3.85323852667,0.01865302536
687,3.85096437743,0.0184455858843
689,3.84870540285,0.0182414432651
690,3.84646134836,0.0180405625052
692,3.84423159255,0.0178429104485
693,3.84201712616,0.017648446601
695,3.83981683897,0.0174571404048
697,3.83763142534,0.0172689531663
698,3.83545988333,0.0170838540679
700,3.8333025682,0.0169018063243
701,3.83115953851,0.0167227746989
703,3.82903104435,0.0165467233276
705,3.82691621691,0.016373621363
706,3.82481505089,0.0162034343273
708,3.82272853475,0.0160361237494
710,3.82065555573,0.0158716602151
711,3.81859568669,0.0157100114645
713,3.81654991522,0.0155511395517
715,3.81451685496,0.0153950164041
716,3.81249775726,0.0152416033127
718,3.81049226291,0.0150908682477
719,3.80849967504,0.014942780543
721,3.80652013719,0.0147973062423
723,3.80455379131,0.0146544114787
724,3.80260066834,0.0145140628704
726,3.80065999895,0.0143762300901
728,3.79873272223,0.0142408763019
729,3.79681748785,0.0141079732834
731,3.79491555524,0.0139774829743
733,3.79302654413,0.0138493733964
735,3.79114930378,0.0137236152126
736,3.78928464541,0.0136001717756
738,3.78743271294,0.0134790087606
740,3.78559267702,0.0133600951075
741,3.78376550432,0.0132433931564
743,3.781950096,0.013128872277
745,3.78014665712,0.0130164969389
746,3.77835546565,0.0129062310638
748,3.77657618682,0.0127980403212
750,3.77480933066,0.0126918871049
752,3.77305383151,0.01258773868
753,3.77131018272,0.0124855565602
755,3.7695782152,0.0123853039635
757,3.76785841353,0.0122869413939
759,3.7661497887,0.0121904335613
760,3.76445245161,0.0120957408918
762,3.76276712176,0.0120028211773
764,3.76109290942,0.0119116366274
766,3.75943059138,0.0118221433325
767,3.75777911223,0.011734302332
769,3.75613958166,0.0116480669703
771,3.7545105939,0.0115633974958
773,3.75289268774,0.0114802471084
775,3.75128620403,0.0113985686272
776,3.74969099566,0.0113183152984
778,3.74810651838,0.0112394404326
780,3.74653250478,0.0111618953154
782,3.74497044041,0.0110856248311
783,3.7434182276,0.0110105832842
785,3.74187759517,0.0109367123767
787,3.7403470888,0.0108639618934
789,3.7388273577,0.0107922741276
791,3.73731829817,0.0107215922459
793,3.73582009023,0.0106518572544
794,3.73433207977,0.0105830111826
796,3.73285453057,0.0105149920788
798,3.73138786578,0.0104477362218
800,3.72993081198,0.0103811833161
802,3.72848445629,0.0103152651533
804,3.72704788268,0.010249917846
805,3.72562240772,0.0101850701314
807,3.72420588936,0.0101206590807
809,3.72280014416,0.0100566098527
811,3.72140408523,0.00999285452841
813,3.72001785107,0.00992932095392
815,3.71864171306,0.00986593585352
817,3.71727507483,0.00980262760728
819,3.71591827887,0.00973932159146
820,3.71457073874,0.00967594527846
822,3.7132331365,0.00961242265054
824,3.71190439692,0.00954868227718
826,3.71058551043,0.0094846476069
828,3.7092756058,0.0094202473334
830,3.70797489539,0.00935540804778
832,3.70668348726,0.00929005755587
834,3.70540043918,0.00922412748867
836,3.70412619601,0.00915754746034
838,3.70286109168,0.00909024915062
840,3.7016043067,0.00902216912756
841,3.70035636903,0.0089532429946
843,3.69911650066,0.00888341218558
845,3.69788501004,0.00881261844651
847,3.69666137656,0.00874080876819
849,3.69544619439,0.00866793104564
851,3.69423819702,0.00859394139639
853,3.69303852066,0.00851879442578
855,3.69184626981,0.00844245386799
857,3.69066145382,0.00836488597777
859,3.68948392354,0.00828606223684
861,3.68831360389,0.00820595902548
863,3.68715036759,0.00812455808638
865,3.68599420716,0.00804184629398
867,3.68484401528,0.00795781841881
869,3.6837013825,0.00787246897273
871,3.68256480476,0.00778580480909
873,3.68143430076,0.00769783512625
875,3.68031023282,0.00760857405462
877,3.67919238756,0.00751804251315
879,3.67808019799,0.00742626759155
881,3.67697366141,0.00733328053636
883,3.67587280068,0.00723911770728
885,3.67477791198,0.00714381988942
887,3.67368821692,0.00704743467439
889,3.67260380574,0.0069500123744
891,3.67152416605,0.00685160858231
893,3.6704498847,0.0067522806434
896,3.66938043544,0.00665209147154
898,3.6683157415,0.00655110625628
900,3.66725620821,0.00644939209953
902,3.66620081858,0.00634702100504
904,3.66515033389,0.00624406385345
906,3.66410406115,0.00614059568875
908,3.66306249773,0.00603669078585
910,3.66202505103,0.00593242614672
912,3.6609915826,0.00582787853626
914,3.65996274398,0.00572312368169
916,3.65893794439,0.00561823918214
918,3.65791711969,0.00551330136342
921,3.65690046398,0.00540838546582
923,3.65588785405,0.00530356625441
925,3.65487936289,0.00519891700566
927,3.65387455688,0.00509451029894
929,3.65287355995,0.0049904163006
931,3.65187669496,0.0048867031533
933,3.65088405656,0.00478343741799
936,3.64989471503,0.00468068493829
938,3.64890906491,0.00457850764988
940,3.64792794376,0.00447696476087
942,3.64694970311,0.0043761162621
944,3.64597581551,0.00427601596331
946,3.64500568095,0.0041767178348
949,3.64403938773,0.0040782726176
951,3.64307656226,0.00398072916479
953,3.64211761833,0.00388413305093
955,3.64116292611,0.00378852755097
957,3.6402116159,0.00369395486665
960,3.63926434991,0.00360045325032
962,3.63832077861,0.00350805968263
964,3.6373810059,0.00341680840284
966,3.63644492845,0.00332673160734
968,3.63551276611,0.00323785899111
971,3.63458466349,0.00315021817361
973,3.6336599792,0.0030638353314
975,3.6327396549,0.00297873320724
977,3.63182282521,0.00289493404008
980,3.63091019521,0.00281245678637
982,3.63000119277,0.00273131948547
984,3.6290962927,0.00265153746464
986,3.62819537996,0.00257312465987
989,3.62729809382,0.00249609336131
991,3.6264051761,0.00242045333451
993,3.62551602194,0.00234621356602
996,3.62463094804,0.00227338075106
998,3.62374957438,0.00220196041756
1000,3.62287232286,0.00213195602536
1003,3.62199913881,0.00206336982143
1005,3.621129963,0.00199620258474
1007,3.62026469082,0.0019304537
1009,3.61940377557,0.00186612089546
1012,3.61854659684,0.00180320115801
1014,3.61769365803,0.00174168963761
1016,3.61684480484,0.00168158062592
1019,3.61599997162,0.00162286722228
1021,3.61515943483,0.00156554128805
1024,3.61432278258,0.00150959396061
1026,3.61349033292,0.00145501508654
1028,3.61266168911,0.00140179389463
1031,3.61183758393,0.00134991831161
1033,3.611017375,0.00129937600016
1035,3.61020126116,0.00125015355236
1038,3.60938947702,0.0012022368715
1040,3.60858173629,0.00115561140705
1043,3.6077779124,0.00111026196625
1045,3.60697853755,0.00106617263013
1047,3.60618332816,0.00102332726313
1050,3.6053918881,0.000981709323664
1052,3.60460496476,0.000941301579551
1055,3.60382163971,0.000902086921733
1057,3.6030429231,0.000864047458264
1060,3.60226835147,0.000827165440371
1062,3.60149759808,0.000791422874764
1064,3.60073111141,0.000756801437534
1067,3.59996866275,0.000723282841085
1069,3.59921056114,0.000690848605517
1072,3.59845623246,0.000659480377217
1074,3.59770605294,0.000629159602735
1077,3.59696008247,0.00059986781051
1079,3.59621801987,0.000571586632909
1082,3.59548024785,0.000544297660825
1084,3.59474656476,0.000517982676898
1087,3.59401673449,0.000492623581229
1089,3.59329088034,0.000468202360675
1092,3.59256923854,0.000444701150927
1094,3.59185161117,0.000422102321673
1097,3.59113767954,0.000400388444069
1099,3.59042802221,0.000379542194761
1102,3.5897224862,0.000359546557563
1104,3.58902057807,0.000340384777369
1107,3.58832305074,0.000322040219732
1109,3.58762903647,0.000304496654628
1112,3.58693920128,0.000287737972123
1115,3.58625306551,0.000271748427894
1117,3.58557093029,0.000256512485586
1120,3.58489275961,0.000242014913635
1122,3.58421861936,0.000228240754066
1125,3.58354814888,0.000215175359104
1128,3.58288163775,0.000202804324772
1130,3.58221886954,0.000191113565308
1133,3.5815601836,0.000180089252156
1135,3.58090521703,0.000169717882038
1138,3.58025399621,0.000159986217524
1141,3.57960684716,0.000150881295376
1143,3.57896344554,0.000142387823958
1146,3.57832397578,0.000134443157284
1148,3.57768817494,0.000127017107116
1151,3.5770564903,0.000120099201531
1154,3.57642863386,0.000113605471433
1156,3.57580467671,0.000107356688261
1159,3.57518443425,0.000101340791852
1162,3.57456789158,9.5552919507e-05
1164,3.57395497144,8.99883037244e-05
1167,3.57334566974,8.46422691513e-05
1170,3.57274000858,7.95102346842e-05
1173,3.5721377413,7.45877198655e-05
1175,3.57153887192,6.98703329119e-05
1178,3.57094345011,6.53537759372e-05
1181,3.57035168208,6.10338428965e-05
1183,3.56976329549,5.69064299067e-05
1186,3.56917810587,5.2966621476e-05
1189,3.56859637132,4.92025273602e-05
1192,3.56801779934,4.56086117766e-05
1194,3.56744256202,4.21813249465e-05
1197,3.56687078752,3.89172015898e-05
1200,3.56630198973,3.58128653174e-05
1203,3.56573649335,3.28650116908e-05
1205,3.56517433311,3.00704196471e-05
1208,3.56461509411,2.7425984498e-05
1211,3.56405903826,2.4929223521e-05
1214,3.56350631705,2.25773345944e-05
1217,3.56295656587,2.0367376813e-05
1219,3.56240986061,1.82964804765e-05
1222,3.56186623302,1.63618491105e-05
1225,3.56132565901,1.4560757846e-05
1228,3.56078805244,1.28905518141e-05
1231,3.56025351372,1.13486434844e-05
1233,3.55972199669,9.92913502922e-06
1236,3.55919332758,8.62637223851e-06
1239,3.55866763722,7.4380814432e-06
1242,3.55814516744,6.36204797261e-06
1245,3.55762539836,5.39611625485e-06
1248,3.55710830407,4.53818577642e-06
1251,3.55659422242,3.78621056136e-06
1254,3.55608300466,3.13819889575e-06
1256,3.55557461947,2.59221106937e-06
1259,3.55506925107,2.14635812232e-06
1262,3.55456637309,1.79880113454e-06
1265,3.55406656869,1.54774883343e-06
1268,3.55356946038,1.3914575852e-06
1271,3.55307516692,1.30511717603e-06
1274,3.55258366602,1.23893871528e-06
1277,3.55209483703,1.19098199392e-06
1280,3.55160881387,1.16091692996e-06
1283,3.55112555769,1.14158125328e-06
1286,3.55064481928,1.1228114925e-06
1289,3.55016677581,1.10450472196e-06
1292,3.54969121864,1.08664695054e-06
1295,3.54921850189,1.06922448462e-06
1298,3.54874824718,1.05222436422e-06
1301,3.54828055638,1.03563392736e-06
1304,3.54781545026,1.01944100524e-06
1307,3.54735273651,1.00363389135e-06
1310,3.5468925245,9.88201225622e-07
1313,3.54643485801,9.73132054572e-07
1316,3.5459797027,9.58415813233e-07
1319,3.54552697008,9.44042336592e-07
1322,3.54507666348,9.30001766868e-07
1325,3.54462869473,9.16284617231e-07
1328,3.54418326803,9.02881641473e-07
1331,3.54374012502,8.89784036964e-07
1334,3.54329918879,8.76983228298e-07
1337,3.54286068488,8.64470869661e-07
1340,3.54242459,8.52238960713e-07
1343,3.54199073758,8.40279789328e-07
1346,3.5415593883,8.28585795656e-07
1349,3.54113018596,8.17149821959e-07
1353,3.5407031695,8.05964852237e-07
1356,3.54027840391,7.95024084864e-07
1359,3.53985599551,7.84320940426e-07
1362,3.53943574349,7.73849111872e-07
1365,3.53901767413,7.63602454678e-07
1368,3.53860195052,7.5357498281e-07
1371,3.53818837932,7.43760977794e-07
1375,3.53777687869,7.3415488936e-07
1378,3.53736768145,7.24751260658e-07
1381,3.53696042771,7.1554494079e-07
1384,3.53655529548,7.06530826735e-07
1387,3.53615254546,6.97703959585e-07
1390,3.53575153137,6.89059704322e-07
1394,3.5353529598,6.80593318596e-07
1397,3.53495623663,6.72300448253e-07
1400,3.53456165634,6.64176709916e-07
1403,3.53416917818,6.56217904055e-07
1407,3.53377875868,6.48419966399e-07
1410,3.53339026986,6.40778977585e-07
1413,3.53300389934,6.33291066203e-07
1416,3.5326193361,6.25952569031e-07
1420,3.53223703643,6.18759805647e-07
1423,3.53185654014,6.11709356569e-07
1426,3.53147804449,6.04797781458e-07
1429,3.53110140053,5.98021818081e-07
1433,3.53072685124,5.91378218817e-07
1436,3.5303541473,5.8486392449e-07
1439,3.52998350182,5.78475875146e-07
1443,3.52961470889,5.7221117812e-07
1446,3.52924782954,5.66066973643e-07
1449,3.52888277781,5.60040508748e-07
1453,3.52851951789,5.54129110339e-07
1456,3.52815829449,5.48330119212e-07
1459,3.52779880372,5.42641047685e-07
1463,3.52744125946,5.37059399818e-07
1466,3.52708546144,5.3158280544e-07
1469,3.5267314562,5.26208929434e-07
1473,3.52637950306,5.20935463819e-07
1476,3.52602906354,5.15760287463e-07
1480,3.52568063176,5.10681182905e-07
1483,3.52533375157,5.05696133575e-07
1487,3.52498884262,5.00803045414e-07
1490,3.5246456162,4.95999994366e-07
1493,3.52430405292,4.91285059306e-07
1497,3.52396434756,4.86656345104e-07
1500,3.52362638157,4.82112051915e-07
1504,3.52329011028,4.77650411323e-07
1507,3.52295552519,4.73269707351e-07
1511,3.5226226106,4.68968259487e-07
1514,3.52229142821,4.64744431113e-07
1518,3.52196193682,4.60596635027e-07
1521,3.5216341304,4.56523323064e-07
1525,3.5213079199,4.52523001027e-07
1528,3.52098340138,4.48594184119e-07
1532,3.52066065665,4.44735431484e-07
1535,3.52033934475,4.40945391797e-07
1539,3.52001968877,4.37222678679e-07
1542,3.51970191185,4.33565939466e-07
1546,3.51938543364,4.29973952785e-07
1549,3.51907058873,4.26445425289e-07
1553,3.51875743248,4.22979117298e-07
1557,3.51844582271,4.19573855827e-07
1560,3.51813561413,4.16228486803e-07
1564,3.51782716157,4.12941838929e-07
1567,3.51752024488,4.09712826029e-07
1571,3.5172149455,4.06540356269e-07
1575,3.51691104514,4.03423402666e-07
1578,3.51660861702,4.00360929705e-07
1582,3.5163079905,3.97351894936e-07
1586,3.51600865306,3.94395377286e-07
1589,3.51571083353,3.91490398689e-07
1593,3.51541456022,3.8863602106e-07
1597,3.51511975489,3.85831347035e-07
1600,3.51482643038,3.83075487072e-07
1604,3.51453457949,3.80367572976e-07
1608,3.51424412075,3.77706772897e-07
1611,3.51395528002,3.75092235094e-07
1615,3.51366771378,3.72523190914e-07
1619,3.51338159717,3.69998834879e-07
1622,3.51309711096,3.67518381663e-07
1626,3.51281362914,3.65081145519e-07
1630,3.51253210978,3.62686294145e-07
1634,3.51225155951,3.60333219411e-07
1637,3.51197255284,3.58021159129e-07
1641,3.51169499983,3.55749442017e-07
1645,3.51141872256,3.5351741956e-07
1649,3.51114401661,3.51324412618e-07
1653,3.51087046065,3.49169826754e-07
1656,3.51059839459,3.47053004935e-07
1660,3.51032764261,3.44973362083e-07
1664,3.51005820032,3.42930301671e-07
1668,3.50979009244,3.40923243247e-07
1672,3.50952348624,3.38951604291e-07
1676,3.50925805236,3.37014862654e-07
1680,3.5089939459,3.35112461987e-07
1683,3.50873104469,3.33243887821e-07
1687,3.50846955829,3.3140860168e-07
1691,3.50820953675,3.29606094194e-07
1695,3.50795056679,3.27835908973e-07
1699,3.50769289738,3.26097543237e-07
1703,3.50743672192,3.24390502778e-07
1707,3.50718159279,3.22714373e-07
1711,3.50692776031,3.21068675157e-07
1715,3.50667525454,3.19452967188e-07
1719,3.50642395906,3.17866828339e-07
1723,3.50617382645,3.16309842077e-07
1727,3.50592516395,3.14781567089e-07
1731,3.50567747213,3.13281645857e-07
1735,3.50543125864,3.11809637942e-07
1739,3.50518595986,3.10365208176e-07
1743,3.50494208965,3.08947931903e-07
1747,3.50469930683,3.07557473863e-07
1751,3.50445777561,3.06193456361e-07
1755,3.5042173729,3.04855537106e-07
1759,3.50397821557,3.03543361471e-07
1763,3.50374026384,3.02256595909e-07
1767,3.50350338642,3.00994919794e-07
1771,3.50326788228,2.99757985275e-07
1775,3.50303324676,2.98545518541e-07
1779,3.50279989309,2.97357176234e-07
1783,3.50256773938,2.96192662778e-07
1787,3.50233678393,2.95051681148e-07
1791,3.50210680673,2.9393396112e-07
1796,3.50187790222,2.92839212308e-07
1800,3.50165043645,2.91767126553e-07
1804,3.5014237985,2.9071748306e-07
1808,3.50119831193,2.89689990392e-07
1812,3.50097389772,2.88684396428e-07
1816,3.5007509037,2.87700417571e-07
1821,3.50052882629,2.86737846882e-07
1825,3.50030771222,2.85796438974e-07
1829,3.50008766927,2.84875946344e-07
1833,3.49986880625,2.83976127187e-07
1837,3.4996508903,2.83096774569e-07
1842,3.49943418011,2.8223764419e-07
1846,3.4992184785,2.81398534346e-07
1850,3.49900383127,2.8057922873e-07
1854,3.49879027436,2.79779516865e-07
1859,3.49857767051,2.78999204416e-07
1863,3.49836630816,2.78238070772e-07
1867,3.49815565314,2.77495963192e-07
1872,3.49794634171,2.76772639987e-07
1876,3.49773787182,2.76067955034e-07
1880,3.49753049854,2.75381705887e-07
1884,3.49732405354,2.74713728531e-07
1889,3.49711857763,2.74063843362e-07
1893,3.496914338,2.73431861332e-07
1898,3.49671099409,2.72817640369e-07
1902,3.49650851077,2.72221021442e-07
1906,3.49630698947,2.71641836879e-07
1911,3.49610666941,2.71079913174e-07
1915,3.4959071289,2.70535129753e-07
1920,3.49570859046,2.70007321303e-07
1924,3.4955110776,2.69496340079e-07
1928,3.49531465169,2.69002039774e-07
1933,3.4951190609,2.68524300086e-07
1937,3.49492436997,2.68062981176e-07
1942,3.49473059138,2.67617949402e-07
1946,3.49453773514,2.67189073514e-07
1951,3.49434599689,2.66776213054e-07
1955,3.49415496334,2.66379275513e-07
1960,3.49396501571,2.65998111529e-07
1964,3.49377601,2.65632614258e-07
1969,3.49358787829,2.65282673367e-07
1973,3.49340049914,2.64948186047e-07
1978,3.49321435046,2.64629006142e-07
1982,3.49302890729,2.64325067095e-07
1987,3.49284435837,2.64036249149e-07
1992,3.49266068233,2.63762453546e-07
1996,3.49247799016,2.63503570925e-07
2001,3.49229618808,2.63259513084e-07
2005,3.49211517374,2.63030192862e-07
2010,3.4919351612,2.62815501145e-07
2015,3.49175602905,2.62615358504e-07
2019,3.49157748268,2.62429699473e-07
2024,3.49139996765,2.62258404675e-07
2029,3.49122345261,2.62101394733e-07
2033,3.49104749122,2.61958621236e-07
2038,3.49087270164,2.61829959761e-07
2043,3.49069858783,2.61715371149e-07
2047,3.49052538064,2.61614763466e-07
2052,3.49035290458,2.61528077525e-07
2057,3.49018127869,2.61455234357e-07
2062,3.49001056799,2.61396160238e-07
2066,3.48984061717,2.61350800861e-07
2071,3.48967144557,2.61319090175e-07
2076,3.48950315909,2.61300957714e-07
2081,3.48933565015,2.61296350318e-07
2085,3.48916905124,2.61305199747e-07
2090,3.48900319817,2.61327461123e-07
2095,3.48883806754,2.61363080832e-07
2100,3.48867374631,2.61411998846e-07
2105,3.48851029986,2.61474158415e-07
2110,3.48834766213,2.61549514255e-07
2115,3.48818569025,2.6163802878e-07
2119,3.48802450612,2.61739645976e-07
2124,3.48786427087,2.61854308572e-07
2129,3.48770458768,2.61982003085e-07
2134,3.48754573291,2.62122666195e-07
2139,3.4873876713,2.62276260622e-07
2144,3.48723024824,2.62442759316e-07
2149,3.48707373647,2.62622103793e-07
2154,3.48691794426,2.62814272913e-07
2159,3.48676297151,2.63019224894e-07
2164,3.48660868909,2.63236936536e-07
2169,3.48645496516,2.6346738603e-07
2174,3.48630234584,2.6371050239e-07
2179,3.48615015793,2.63966307988e-07
2184,3.48599877772,2.64234746323e-07
2189,3.48584807305,2.64515802617e-07
2194,3.48569815894,2.64809442906e-07
2199,3.48554898063,2.65115648365e-07
2204,3.48540065533,2.65434388042e-07
2209,3.48525280369,2.65765670058e-07
2214,3.48510562873,2.66109460089e-07
2219,3.48495935283,2.66465723213e-07
2224,3.48481365185,2.66834466887e-07
2230,3.48466865268,2.67215666076e-07
2235,3.48452433902,2.67609308162e-07
2240,3.48438082662,2.68015370677e-07
2245,3.48423790322,2.68433858261e-07
2250,3.48409563431,2.68864755144e-07
2255,3.48395416463,2.69308041082e-07
2261,3.48381339268,2.69763714819e-07
2266,3.48367311971,2.70231784713e-07
2271,3.48353372307,2.70712215816e-07
2276,3.48339477492,2.71205036331e-07
2281,3.48325661586,2.71710216022e-07
2287,3.48311911845,2.7222776219e-07
2292,3.48298219271,2.72757679549e-07
2297,3.48284604984,2.73299952026e-07
2303,3.48271046619,2.73854597086e-07
2308,3.48257557816,2.74421605917e-07
2313,3.4824413019,2.75000987801e-07
2319,3.48230766174,2.75592744217e-07
2324,3.48217469717,2.76196877253e-07
2329,3.48204230108,2.76813401222e-07
2335,3.48191050802,2.77442319863e-07
2340,3.48177949609,2.78083626854e-07
2345,3.48164901487,2.78737351152e-07
2351,3.4815190855,2.79403501071e-07
2356,3.48138987602,2.80082073399e-07
2362,3.48126126559,2.80773090284e-07
2367,3.48113328173,2.81476561945e-07
2373,3.48100580667,2.82192511253e-07
2378,3.48087903447,2.82920937956e-07
2384,3.4807529858,2.83661855601e-07
2389,3.4806272959,2.84415310152e-07
2395,3.48050229152,2.851812931e-07
2400,3.48037795392,2.85959824062e-07
2406,3.48025413439,2.86750934455e-07
2411,3.48013091835,2.875546379e-07
2417,3.48000826739,2.88371652784e-07
2422,3.47988622019,2.89203304375e-07
2428,3.47976485108,2.90047569379e-07
2433,3.47964387659,2.90904495844e-07
2439,3.479523611,2.91774083722e-07
2445,3.47940386464,2.92656375109e-07
2450,3.47928465485,2.93551396211e-07
2456,3.47916608906,2.94459166268e-07
2462,3.4790479583,2.95379732215e-07
2467,3.47893047617,2.96313105845e-07
2473,3.47881365123,2.97259317416e-07
2479,3.47869713869,2.98218427761e-07
2484,3.47858142013,2.99190428402e-07
2490,3.47846619204,3.00175378827e-07
2496,3.47835131022,3.01173325622e-07
2502,3.47823723725,3.02184263755e-07
2507,3.47812357129,3.0320826412e-07
2513,3.47801049131,3.04245347622e-07
2519,3.47789805703,3.05295546647e-07
2525,3.47778595225,3.06358927088e-07
2531,3.47767450703,3.07435499263e-07
2536,3.47756354592,3.08525318539e-07
2542,3.47745301365,3.09628430512e-07
2548,3.47734299996,3.10744868945e-07
2554,3.4772336503,3.11874663037e-07
2560,3.47712480554,3.13017870198e-07
2566,3.47701648079,3.14174533022e-07
2572,3.47690865955,3.15344697848e-07
2578,3.4768012153,3.16528421607e-07
2584,3.47669437202,3.17725730486e-07
2590,3.47658803891,3.18936679799e-07
2596,3.47648228324,3.20161311432e-07
2602,3.47637696679,3.21399686529e-07
2608,3.47627216311,3.22651848175e-07
2614,3.47616771991,3.23917860559e-07
2620,3.4760639847,3.25197742654e-07
2626,3.47596057395,3.26491582109e-07
2632,3.47585785414,3.27799397317e-07
2638,3.47575541221,3.29121280342e-07
2644,3.47565351065,3.30457260919e-07
2650,3.47555207408,3.31807401126e-07
2656,3.47545112596,3.33171754607e-07
2662,3.47535069016,3.34550375707e-07
2668,3.47525074823,3.35943323473e-07
2674,3.47515113636,3.3735067198e-07
2681,3.4750520818,3.38772458132e-07
2687,3.47495362721,3.40208737343e-07
2693,3.47485547713,3.41659599319e-07
2699,3.47475774056,3.43125094303e-07
2705,3.47466060278,3.44605266609e-07
2712,3.47456396286,3.46100188496e-07
2718,3.47446766499,3.47609939514e-07
2724,3.47437186188,3.49134568511e-07
2730,3.47427640704,3.50674155853e-07
2737,3.4741815326,3.52228743727e-07
2743,3.47408708587,3.53798414455e-07
2749,3.47399304556,3.55383238018e-07
2756,3.47389949578,3.5698327388e-07
2762,3.47380639414,3.58598595476e-07
2768,3.47371370397,3.60229276746e-07
2775,3.47362147261,3.6187538328e-07
2781,3.4735294571,3.63537011993e-07
2788,3.47343823289,3.65214175284e-07
2794,3.47334731199,3.6690699676e-07
2800,3.47325670113,3.68615550018e-07
2807,3.47316666549,3.70339881675e-07
2813,3.47307701009,3.720800878e-07
2820,3.47298766932,3.73836251625e-07
2826,3.47289889562,3.75608423306e-07
2833,3.47281040908,3.77396710691e-07
2839,3.47272242906,3.792011687e-07
2846,3.47263483116,3.81021890267e-07
2853,3.47254755941,3.82858961947e-07
2859,3.47246087173,3.8471243614e-07
2866,3.4723745746,3.86582416301e-07
2872,3.4722885466,3.88468998474e-07
2879,3.4722029973,3.90372242719e-07
2886,3.47211778332,3.92292249545e-07
2892,3.47203305121,3.94229087483e-07
2899,3.47194879143,3.96182843393e-07
2906,3.47186475424,3.98153632484e-07
2912,3.47178115843,4.00141517424e-07
2919,3.4716979859,4.02146588495e-07
2926,3.47161521285,4.041689377e-07
2932,3.47153274004,4.06208666644e-07
2939,3.47145082631,4.08265835866e-07
2946,3.47136918618,4.10340570426e-07
2953,3.47128799942,4.12432941719e-07
2960,3.47120709145,4.14543063842e-07
2966,3.47112662755,4.16671011255e-07
2973,3.4710464952,4.18816892407e-07
2980,3.47096683878,4.20980785875e-07
2987,3.47088750639,4.23162806543e-07
2994,3.47080848829,4.2536305333e-07
3001,3.47072983939,4.27581617925e-07
3008,3.47065162203,4.29818591955e-07
3015,3.47057377164,4.32074083409e-07
3022,3.47049628845,4.34348193163e-07
3029,3.47041918766,4.36641021267e-07
3036,3.47034235626,4.38952684519e-07
3043,3.47026581857,4.41283283708e-07
3050,3.47018985402,4.43632887695e-07
3057,3.47011416395,4.46001639668e-07
3064,3.47003881662,4.4838963714e-07
3071,3.46996379021,4.50796990114e-07
3078,3.46988919869,4.5322379178e-07
3085,3.4698148451,4.55670176506e-07
3092,3.4697408452,4.58136239175e-07
3099,3.46966731888,4.60622074388e-07
3106,3.46959402253,4.63127825838e-07
3113,3.46952118967,4.65653574898e-07
3121,3.46944852493,4.68199474666e-07
3128,3.46937635616,4.70765595138e-07
3135,3.46930444585,4.73352083509e-07
3142,3.46923284074,4.75959049644e-07
3150,3.46916169455,4.78586589424e-07
3157,3.46909071387,4.81234861233e-07
3164,3.46902019096,4.83903943325e-07
3171,3.46894998964,4.86593974505e-07
3179,3.46888000305,4.89305090418e-07
3186,3.4688103599,4.92037394829e-07
3193,3.46874114276,4.94790998366e-07
3201,3.46867216486,4.97566051313e-07
3208,3.46860360084,5.00362653041e-07
3215,3.46853539584,5.03180936769e-07
3223,3.46846736455,5.0602105578e-07
3230,3.46839969462,5.08883110305e-07
3238,3.4683323991,5.11767226679e-07
3245,3.46826530516,5.14673559637e-07
3253,3.46819867598,5.17602200488e-07
3260,3.46813234063,5.20553305737e-07
3268,3.46806619871,5.23527022899e-07
3275,3.46800031515,5.26523475626e-07
3283,3.46793491848,5.29542763387e-07
3290,3.46786976235,5.32585058713e-07
3298,3.4678050415,5.35650467976e-07
3306,3.46774040481,5.3873918258e-07
3313,3.4676761234,5.41851299083e-07
3321,3.46761220014,5.44986956023e-07
3328,3.46754847781,5.48146318537e-07
3336,3.467485116,5.51329502776e-07
3344,3.46742206302,5.54536659099e-07
3352,3.46735938509,5.57767920259e-07
3359,3.46729686507,5.61023465728e-07
3367,3.46723463278,5.6430341998e-07
3375,3.46717276397,5.67607917335e-07
3383,3.46711108647,5.70937133465e-07
3390,3.46704974996,5.74291192534e-07
3398,3.46698866573,5.77670258792e-07
3406,3.46692802803,5.81074450599e-07
3414,3.46686756609,5.84503965068e-07
3422,3.46680733031,5.87958946856e-07
3430,3.46674741583,5.91439533903e-07
3438,3.46668779633,5.94945885769e-07
3445,3.46662836923,5.98478176324e-07
3453,3.46656931486,6.02036531882e-07
3461,3.46651047077,6.05621138865e-07
3469,3.46645200065,6.09232128368e-07
3477,3.46639375013,6.12869688003e-07
3485,3.46633574519,6.1653397505e-07
3493,3.46627815385,6.20225122593e-07
3501,3.46622065145,6.23943352566e-07
3510,3.46616340994,6.27688799666e-07
3518,3.46610653547,6.31461610944e-07
3526,3.46604987956,6.35261980817e-07
3534,3.46599351625,6.39090064388e-07
3542,3.46593738702,6.42946042349e-07
3550,3.46588153103,6.46830078474e-07
3558,3.46582592982,6.50742348358e-07
3567,3.46577057369,6.54683027236e-07
3575,3.46571545252,6.58652291729e-07
3583,3.46566057626,6.62650315634e-07
3591,3.4656060846,6.66677249189e-07
3600,3.46555169442,6.70733324901e-07
3608,3.46549762135,6.74818680681e-07
3616,3.46544379564,6.78933510601e-07
3625,3.46539023448,6.8307799318e-07
3633,3.46533698673,6.87252301668e-07
3641,3.46528397578,6.91456635461e-07
3650,3.46523103168,6.95691214289e-07
3658,3.46517855484,6.99956144758e-07
3666,3.46512614745,7.0425169499e-07
3675,3.4650741037,7.08577994819e-07
3683,3.46502221413,7.12935277438e-07
3692,3.46497054326,7.17323721769e-07
3700,3.4649192478,7.21743488498e-07
3709,3.46486802036,7.26194835885e-07
3718,3.46481713346,7.30677902955e-07
3726,3.46476645736,7.35192913961e-07
3735,3.4647160965,7.39740044997e-07
3743,3.46466594603,7.4431951808e-07
3752,3.46461596639,7.48931542883e-07
3761,3.46456621279,7.53576309981e-07
3769,3.46451670246,7.58254019361e-07
3778,3.4644674101,7.62964881629e-07
3787,3.46441842084,7.6770908433e-07
3795,3.46436944137,7.72486900445e-07
3804,3.46432100804,7.77298419607e-07
3813,3.46427263614,7.8214396047e-07
3822,3.46422446778,7.87023703351e-07
3830,3.46417652082,7.91937857579e-07
3839,3.46412890092,7.96886613501e-07
3848,3.46408128116,8.01870262503e-07
3857,3.4640340233,8.06888938817e-07
3866,3.46398716031,8.11942852996e-07
3875,3.46394037135,8.17032300288e-07
3884,3.46389370213,8.22157492342e-07
3893,3.46384728877,8.273186203e-07
3902,3.46380108656,8.32515919445e-07
3911,3.46375521419,8.37749587232e-07
3920,3.4637095033,8.43019891754e-07
3929,3.46366382992,8.48327092721e-07
3938,3.46361861162,8.53671318533e-07
3947,3.46357343249,8.59052903375e-07
3956,3.46352851295,8.64472026553e-07
3965,3.46348385775,8.6992892168e-07
3974,3.46343929078,8.75423869646e-07
3983,3.46339499609,8.80957062295e-07
3993,3.46335098882,8.86528735055e-07
4002,3.46330714882,8.92139159677e-07
4011,3.46326346614,8.97788581574e-07
4020,3.46321999368,9.03477231559e-07
4030,3.46317668684,9.09205367046e-07
4039,3.46313355697,9.14973232664e-07
4048,3.46309064714,9.2078106604e-07
4057,3.46304803537,9.26629096774e-07
4067,3.46300556933,9.32517617566e-07
4076,3.46296327916,9.38446874217e-07
4086,3.46292132048,9.4441707989e-07
4095,3.46287927973,9.50428604242e-07
4104,3.46283767599,9.56481564115e-07
4114,3.46279609948,9.62576332297e-07
4123,3.46275479314,9.68713103698e-07
4133,3.4627136208,9.74892179794e-07
4142,3.46267276254,9.81113775062e-07
4152,3.46263194057,9.87378235005e-07
4162,3.46259140133,9.93685758256e-07
4171,3.46255104666,1.00003664298e-06
4181,3.46251078722,1.00643118714e-06
4190,3.46247086797,1.01286959318e-06
4200,3.46243097578,1.01935222798e-06
4210,3.46239131186,1.02587930981e-06
4219,3.46235195346,1.03245109427e-06
4229,3.46231263008,1.03906794248e-06
4239,3.46227355899,1.04573007199e-06
4249,3.46223467041,1.05243778775e-06
4259,3.46219586106,1.05919140722e-06
4268,3.46215724322,1.06599118406e-06
4278,3.46211892932,1.07283737287e-06
4288,3.46208074183,1.07973031951e-06
4298,3.46204274621,1.08667029678e-06
4308,3.46200492633,1.09365760461e-06
4318,3.46196720894,1.10069256297e-06
4328,3.46192963207,1.1077754587e-06
4338,3.46189225354,1.11490657374e-06
4348,3.46185511715,1.12208619609e-06
4358,3.4618182189,1.12931463064e-06
4368,3.46178134263,1.13659225396e-06
4378,3.46174466311,1.14391931714e-06
4388,3.46170816777,1.15129613397e-06
4398,3.46167194669,1.15872298584e-06
4408,3.46163571875,1.16620028039e-06
4418,3.46159977749,1.17372823473e-06
4429,3.46156389157,1.18130724446e-06
4439,3.46152823257,1.18893757081e-06
4449,3.4614927943,1.19661953683e-06
4459,3.46145743122,1.20435351611e-06
4470,3.46142221643,1.2121398089e-06
4480,3.46138733463,1.21997867752e-06
4490,3.46135232514,1.22787061346e-06
4501,3.46131772245,1.23581575915e-06
4511,3.46128322882,1.24381455316e-06
4521,3.46124880456,1.2518673455e-06
4532,3.46121460311,1.25997441832e-06
4542,3.46118047695,1.26813616458e-06
4553,3.46114670915,1.27635282194e-06
4563,3.46111291738,1.28462487438e-06
4574,3.46107930237,1.29295259377e-06
4584,3.46104586865,1.301336326e-06
4595,3.46101252814,1.30977645389e-06
4605,3.46097950069,1.31827324612e-06
4616,3.46094641077,1.32682719943e-06
4627,3.46091362369,1.33543853063e-06
4637,3.46088097527,1.34410766061e-06
4648,3.46084840514,1.35283497349e-06
4659,3.4608160473,1.36162077975e-06
4669,3.46078382403,1.37046547462e-06
4680,3.46075165216,1.37936945897e-06
4691,3.46071979955,1.3883329978e-06
4702,3.46068793976,1.39735660124e-06
4713,3.46065635715,1.4064405544e-06
4724,3.46062475149,1.41558542734e-06
4734,3.46059353625,1.42479161571e-06
4745,3.46056225481,1.4340601256e-06
4756,3.46053106348,1.44339221865e-06
4767,3.46050011125,1.45279006686e-06
4778,3.46046940642,1.4622573608e-06
4789,3.46043867281,1.47179998695e-06
4800,3.46040822146,1.48142613638e-06
4811,3.46037780266,1.49114684363e-06
4822,3.46034754108,1.50097493985e-06
4834,3.46031747246,1.51092379611e-06
4845,3.46028742339,1.5210053241e-06
4856,3.46025763032,1.53122757356e-06
4867,3.46022792636,1.54159354612e-06
4878,3.46019832986,1.55210051223e-06
4890,3.46016887738,1.56274091737e-06
4901,3.460139595,1.57350417681e-06
4912,3.46011041575,1.58437884355e-06
4923,3.46008139825,1.59535438517e-06
4935,3.46005254809,1.60642255733e-06
4946,3.46002364873,1.61757830311e-06
4958,3.4599949848,1.62882042094e-06
4969,3.45996656362,1.64015449056e-06
4980,3.45993817419,1.65159939087e-06
4992,3.45990987196,1.66320137963e-06
5003,3.45988174077,1.67506124244e-06
5015,3.45985380106,1.68737854192e-06
5027,3.45982582398,1.70051294724e-06
5038,3.4597981304,1.71505135561e-06
5050,3.45977047577,1.73185570342e-06
5061,3.45974294211,1.75204857112e-06
5073,3.45971552456,1.77689599874e-06
5085,3.45968822693,1.80756814587e-06
5096,3.45966121952,1.84480959851e-06
5108,3.45963410356,1.88861063326e-06
5120,3.45960718211,1.93800435951e-06
5132,3.45958038511,1.99110015349e-06
5144,3.45955379927,2.0453818908e-06
5155,3.45952720277,2.09819734428e-06
5167,3.45950089314,2.14728174186e-06
5179,3.4594746007,2.19114927739e-06
5191,3.45944852229,2.22924324937e-06
5203,3.45942250792,2.26184016558e-06
5215,3.45939644245,2.28978562197e-06
5227,3.45937072178,2.31417938745e-06
5239,3.45934517869,2.33611071144e-06
5251,3.45931941932,2.3564935089e-06
5263,3.45929397495,2.37600372183e-06
5276,3.4592686235,2.39509242394e-06
5288,3.45924334268,2.41403407432e-06
5300,3.45921837419,2.43298316356e-06
5312,3.4591932441,2.45202353212e-06
5324,3.45916833592,2.47120342205e-06
5337,3.45914359725,2.49056247745e-06
5349,3.45911892835,2.51015242275e-06
5361,3.45909428257,2.53005727853e-06
5374,3.45906985288,2.55041515076e-06
5386,3.45904561132,2.57144121505e-06
5398,3.4590213025,2.59344659948e-06
5411,3.45899712737,2.61684559585e-06
5423,3.45897310422,2.64214463819e-06
5436,3.45894910816,2.66990627197e-06
5448,3.45892526863,2.70068938762e-06
5461,3.45890159029,2.73497588672e-06
5474,3.45887794004,2.77309909195e-06
5486,3.45885436461,2.81519220126e-06
5499,3.45883104786,2.8611712685e-06
5512,3.45880768538,2.91075721137e-06
5524,3.45878451271,2.96352799061e-06
5537,3.45876133304,3.01898843183e-06
5550,3.45873840858,3.07663601545e-06
5563,3.45871552209,3.13601019835e-06
5575,3.45869267989,3.19671314822e-06
5588,3.45867005216,3.25840183746e-06
5601,3.45864746904,3.32075465296e-06
5614,3.45862498556,3.38341817814e-06
5627,3.45860260813,3.44594605853e-06
5640,3.45858027842,3.50774269853e-06
5653,3.45855818054,3.56802933675e-06
5666,3.45853607727,3.6258532887e-06
5679,3.45851408386,3.68015347838e-06
5692,3.45849224524,3.7298882372e-06
5705,3.45847047122,3.7742074791e-06
5718,3.45844880056,3.81263197867e-06
5732,3.45842723656,3.84519048956e-06
5745,3.45840568617,3.87246774112e-06
5758,3.45838439419,3.89553875683e-06
5771,3.45836300371,3.91580166162e-06
5785,3.45834181749,3.93474778983e-06
5798,3.45832069953,3.95373484038e-06
5811,3.4582996261,3.97381519659e-06
5825,3.4582786367,3.99565589895e-06
5838,3.45825769868,4.01955316439e-06
5852,3.45823693809,4.04551866392e-06
5865,3.45821620322,4.0734037157e-06
5879,3.45819560747,4.10302558737e-06
5892,3.45817509834,4.13427444364e-06
5906,3.45815460666,4.16718754955e-06
5919,3.45813430336,4.20198862067e-06
5933,3.45811398383,4.23909493139e-06
5947,3.45809373636,4.27909178115e-06
5960,3.45807369443,4.32267958842e-06
5974,3.45805376253,4.37059746737e-06
5988,3.4580336719,4.42353215625e-06
6002,3.45801391394,4.4820257033e-06
6016,3.45799410383,4.54640306656e-06
6029,3.45797433265,4.61672754668e-06
6043,3.45795481049,4.69279865385e-06
6057,3.45793525104,4.77418998136e-06
6071,3.45791580098,4.8603148124e-06
6085,3.45789643806,4.95050782575e-06
6099,3.45787713519,5.04410289573e-06
6113,3.45785800925,5.14049451965e-06
6127,3.45783884202,5.23917648946e-06
6142,3.45781979859,5.33975429446e-06
6156,3.45780087489,5.44193885163e-06
6170,3.45778204814,5.54552470657e-06
6184,3.45776330306,5.65035953545e-06
6198,3.45774457371,5.75630852845e-06
6213,3.45772587211,5.86321449195e-06
6227,3.45770729316,5.97085387541e-06
6241,3.45768890752,6.07888842255e-06
6256,3.45767049088,6.18681408459e-06
6270,3.45765213163,6.29391026226e-06
6285,3.45763386074,6.39920163247e-06
6299,3.45761568896,6.50144244141e-06
6314,3.45759755816,6.59913706703e-06
6328,3.45757956786,6.69060577704e-06
6343,3.45756158848,6.77409953253e-06
6357,3.45754371679,6.84795429294e-06
6372,3.45752592931,6.9107781529e-06
6387,3.45750815786,6.96167393868e-06
6401,3.45749042558,7.00053886286e-06
6416,3.45747280139,7.02849702564e-06
6431,3.45745525018,7.04840801688e-06
6446,3.45743767497,7.06511674711e-06
6461,3.45742018,7.08492777513e-06
6476,3.4574026435,7.11415308506e-06
6490,3.45738507583,7.15742301771e-06
6505,3.45736773472,7.21687864623e-06
6520,3.45735030375,7.29269489946e-06
6535,3.45733289074,7.38431653308e-06
6551,3.45731558222,7.49157374568e-06
6566,3.45729824673,7.61549713675e-06
6581,3.45728096927,7.75919564103e-06
6596,3.45726368118,7.92896692457e-06
6611,3.45724654354,8.13521824867e-06
6626,3.45722906891,8.39250341772e-06
6642,3.45721178877,8.71838569567e-06
6657,3.45719445309,9.13186717145e-06
6672,3.45717704205,9.65296803612e-06
6688,3.45715973819,1.03045909625e-05
6703,3.45714229243,1.11154952484e-05
6719,3.4571249741,1.2120969917e-05
6734,3.45710764526,1.33588181285e-05
6750,3.45709024165,1.48624001952e-05
6765,3.45707311702,1.66551752845e-05
6781,3.45705611305,1.87492693673e-05
6796,3.45703932143,2.11470757323e-05
6812,3.45702283511,2.38440413662e-05
6828,3.45700658969,2.68316448995e-05
6844,3.45699082062,3.00985854057e-05
6859,3.45697560972,3.36250483842e-05
6875,3.45696098194,3.73634906698e-05
6891,3.45694702702,4.12051495008e-05
6907,3.45693408472,4.49467861768e-05
6923,3.45692205968,4.82888832017e-05
6939,3.45691074661,5.08934633152e-05
6955,3.45690004918,5.24926923787e-05
6971,3.4568894672,5.29909572911e-05
6987,3.45687853176,5.24939505628e-05
7003,3.45686714537,5.12483979019e-05
7019,3.45685514553,4.95400439492e-05
7035,3.45684237974,4.76148129064e-05
7051,3.45682915502,4.5652739872e-05
7068,3.45681537777,4.37807939891e-05
7084,3.45680120007,4.20950456967e-05
7100,3.4567866968,4.06727745389e-05
7117,3.45677205476,3.95707538803e-05
7133,3.45675728964,3.88156879182e-05
7150,3.45674241361,3.83962211852e-05
7166,3.45672778842,3.82646983058e-05
7183,3.456713162,3.8350850432e-05
7199,3.45669888546,3.85814762042e-05
7216,3.45668473193,3.88963770359e-05
7232,3.45667078862,3.92541848847e-05
7249,3.45665699486,3.9628848632e-05
7266,3.45664330034,4.00019075694e-05
7282,3.45662968949,4.03554511093e-05
7299,3.45661628517,4.06680308217e-05
7316,3.45660297263,4.09136193897e-05
7333,3.45658980059,4.106302542e-05
7350,3.45657683615,4.10877497926e-05
7367,3.45656364,4.09668714744e-05
7384,3.45655057565,4.06966530319e-05
7401,3.45653739912,4.02998548888e-05
7418,3.45652397239,3.98293020046e-05
7435,3.45651043423,3.93619152295e-05
7452,3.45649673684,3.89849604424e-05
7469,3.45648272776,3.87811505216e-05
7487,3.45646863129,3.8818865814e-05
7504,3.45645451622,3.91487811834e-05
7521,3.45644028052,3.98034561981e-05
7538,3.45642642078,4.07957956307e-05
7556,3.45641250646,4.2115315467e-05
7573,3.45639895902,4.37246747206e-05
7591,3.45638566532,4.55604922991e-05
7608,3.45637288641,4.75405087349e-05
7626,3.45636049449,4.95754354597e-05
7643,3.45634840454,5.15807018213e-05
7661,3.45633682718,5.34834246791e-05
7679,3.45632555863,5.5222962844e-05
7696,3.45631463272,5.67470042579e-05
7714,3.45630397115,5.80070489258e-05
7732,3.45629366067,5.89566040505e-05
7750,3.45628353513,5.95537038212e-05
7768,3.45627329056,5.97674902362e-05
7785,3.45626320185,5.95869962257e-05
7803,3.45625305757,5.9028811371e-05
7821,3.45624257987,5.81394477565e-05
7839,3.45623206174,5.6989644691e-05
7857,3.45622123322,5.56615894236e-05
7876,3.45621016351,5.42338595976e-05
7894,3.45619879154,5.27700722887e-05
7912,3.45618709135,5.13145300993e-05
7930,3.45617541975,4.98942338772e-05
7948,3.45616354764,4.85242423476e-05
7967,3.456151389,4.72133837267e-05
7985,3.4561391381,4.59688435838e-05
8004,3.45612688413,4.47992976744e-05
8022,3.45611453181,4.37163771143e-05
8041,3.45610198235,4.27336867332e-05
8059,3.45608934491,4.18626287938e-05
8078,3.45607662268,4.11062585275e-05
8096,3.45606378548,4.04556336815e-05
8115,3.45605103448,3.98940335127e-05
8134,3.45603821374,3.94095900383e-05
8152,3.4560252277,3.90087711839e-05
8171,3.4560120447,3.87202633605e-05
8190,3.45599884189,3.85860542409e-05
8209,3.45598553507,3.86478615233e-05
8228,3.45597207187,3.89404760283e-05
8247,3.45595852968,3.94952493073e-05
8266,3.45594505545,4.03456795986e-05
8285,3.45593153429,4.15248388095e-05
8304,3.45591803731,4.30535048353e-05
8323,3.45590461164,4.49290533814e-05
8342,3.45589144861,4.71263704798e-05
8361,3.4558786404,4.96109607381e-05
8381,3.45586581565,5.23517232294e-05
8400,3.45585342129,5.5320680847e-05
8419,3.45584130833,5.84805805746e-05
8439,3.45582959911,6.17742060284e-05
8458,3.45581813586,6.51279219009e-05
8478,3.45580720106,6.84683003253e-05
8497,3.45579645903,7.17398388989e-05
8517,3.455785966,7.49129048133e-05
8537,3.45577583194,7.79804047308e-05
8556,3.45576575979,8.09488235207e-05
8576,3.45575578361,8.38299449794e-05
8596,3.45574573003,8.66363861224e-05
8616,3.45573595749,8.93810530124e-05
8635,3.45572623822,9.20799822526e-05
8655,3.45571647179,9.47580418529e-05
8675,3.45570666939,9.74569067934e-05
8695,3.45569692684,0.000100242701507
8715,3.45568713814,0.000103207940092
8735,3.45567728238,0.000106460927487
8756,3.45566761068,0.000110098961404
8776,3.45565823524,0.000114169994975
8796,3.45564937803,0.000118637189164
8816,3.45564130104,0.000123364642385
8837,3.45563383514,0.0001281355381
8857,3.45562737687,0.000132698700967
8877,3.45562161493,0.000136825781277
8898,3.45561638418,0.000140357020973
8918,3.45561162964,0.000143221249244
8939,3.45560701985,0.000145428440946
8960,3.45560237743,0.000147043401247
8980,3.45559777412,0.0001481527696
9001,3.45559317523,0.000148835316967
9022,3.45558843466,0.000149141071667
9042,3.45558379409,0.000149081650571
9063,3.45557915106,0.000148632802041
9084,3.45557443184,0.000147748941413
9105,3.45556952476,0.000146386958438
9126,3.45556452453,0.000144532130544
9147,3.45555922221,0.000142215748391
9168,3.4555534917,0.000139515372353
9189,3.45554744487,0.000136536043161
9211,3.45554088222,0.000133380472917
9232,3.45553387047,0.000130122289947
9253,3.4555266224,0.000126794932882
9274,3.45551902058,0.000123400196215
9296,3.45551103657,0.000119930245788
9317,3.45550264546,0.000116391175201
9339,3.45549400909,0.000112817038247
9360,3.4554848183,0.000109269783821
9382,3.45547526553,0.000105827563665
9403,3.45546522966,0.000102568609733
9425,3.455454915,9.95575858982e-05
9447,3.45544424778,9.68384827016e-05
9469,3.45543335164,9.44342112056e-05
9490,3.45542230968,9.23506802917e-05
9512,3.45541107413,9.05823651568e-05
9534,3.45539971545,8.91170063569e-05
9556,3.45538835797,8.7938335626e-05
9578,3.45537689203,8.702705915e-05
9600,3.45536547703,8.63616983487e-05
9622,3.45535395898,8.59218021962e-05
9645,3.4553425148,8.56948714116e-05
9667,3.45533105466,8.56845440829e-05
9689,3.45531947887,8.59130978198e-05
9712,3.45530773029,8.6412344684e-05
9734,3.45529619013,8.72056003954e-05
9756,3.45528467333,8.82923937126e-05
9779,3.45527327409,8.96461062903e-05
9801,3.45526202742,9.12238634249e-05
9824,3.45525085939,9.29794756376e-05
9847,3.45523983865,9.48724691389e-05
9869,3.45522890329,9.68736929005e-05
9892,3.45521810827,9.8971064611e-05
9915,3.45520727836,0.000101175662934
9938,3.45519650129,0.000103523048919
9961,3.45518552613,0.000106063240154
9984,3.45517488528,0.000108838352623
10007,3.45516405857,0.000111859987889
10030,3.4551533871,0.000115108786794
10053,3.45514275087,0.000118570635491
10076,3.45513219637,0.000122290263946
10099,3.45512149612,0.000126392742846
10123,3.45511080331,0.000131037140327
10146,3.45510044323,0.000136325105729
10169,3.45509065342,0.00014223187457
10193,3.45508150963,0.000148608452673
10216,3.4550731748,0.000155242985152
10240,3.45506570435,0.000161930118261
10263,3.45505902906,0.000168507901663
10287,3.45505303059,0.000174856788742
10311,3.45504765696,0.000180878767175
10335,3.45504296667,0.000186476927859
10358,3.45503875224,0.00019154737771
10382,3.45503499825,0.000195986578628
10406,3.45503153153,0.000199711091066
10430,3.45502831133,0.000202681009879
10454,3.45502484165,0.000204913302302
10478,3.45502131891,0.000206470285157
10502,3.45501760535,0.000207421635037
10527,3.4550134393,0.000207805797714
10551,3.45500870498,0.000207636118367
10575,3.45500339072,0.000206968909754
10600,3.45499734356,0.000205979477496
10624,3.45499029482,0.000204957390651
10649,3.45498225418,0.000204204629859
10673,3.45497353382,0.000203935793372
10698,3.45496423835,0.000204284280111
10722,3.45495438768,0.000205382620735
10747,3.45494431103,0.000207380644497
10772,3.45493410647,0.000210343560672
10797,3.45492424268,0.000214142744114
10822,3.45491491427,0.000218493457966
10847,3.45490580878,0.000223145682044
10872,3.4548968407,0.00022807103536
10897,3.45488797294,0.000233488753188
10922,3.45487901486,0.000239718009773
10947,3.45487046662,0.000246975236816
10972,3.45486269743,0.000255246477201
10997,3.4548561507,0.00026428262433
11023,3.454851255,0.000273682413514
11048,3.45484761237,0.000282999487156
11074,3.45484544995,0.000291828708193
11099,3.45484456255,0.000299858670462
11125,3.45484449442,0.000306895133203
11150,3.45484491889,0.00031286351926
11176,3.4548455821,0.000317795258123
11202,3.45484630174,0.000321800760557
11228,3.45484690657,0.000325033240313
11254,3.45484731256,0.00032765003787
11280,3.45484750032,0.000329779268752
11306,3.45484762509,0.00033149868413
11332,3.45484764172,0.000332831527765
11358,3.45484752956,0.000333761148749
11384,3.45484732442,0.000334262212629
11410,3.45484687505,0.000334339888167
11436,3.45484616295,0.000334060410463
11463,3.45484508575,0.000333552116523
11489,3.45484381096,0.000332962329721
11516,3.45484240354,0.000332376989783
11542,3.45484113833,0.000331738103173
11569,3.45484009465,0.000330810698358
11596,3.45483948447,0.000329236567163
11622,3.45483886191,0.000326668124212
11649,3.45483780759,0.00032292595222
11676,3.4548359431,0.000318103645183
11703,3.45483261586,0.000312567868181
11730,3.45482773197,0.000306855147706
11757,3.45482129982,0.000301515050678
11784,3.4548137957,0.000296964031586
11811,3.45480557274,0.00029339613955
11838,3.4547969474,0.000290764954531
11866,3.45478821706,0.000288828844145
11893,3.4547797338,0.000287245800403
11920,3.45477095071,0.000285706260963
11948,3.45476173015,0.000284086149168
11975,3.45475140177,0.000282581617384
12003,3.45473974171,0.000281760635318
12031,3.45472671489,0.000282466490679
12059,3.45471262069,0.000285558530103
12086,3.45469886402,0.000291569323278
12114,3.45468643137,0.000300437532105
12142,3.45467638359,0.000311467943388
12170,3.4546694217,0.00032355403398
12198,3.45466568357,0.000335540470969
12226,3.45466430905,0.000346522347882
12254,3.45466522435,0.000355940314804
12283,3.45466755844,0.000363487255763
12311,3.4546708705,0.000368963140823
12339,3.45467457461,0.000372213767998
12368,3.45467806313,0.000373183311649
12396,3.45468086299,0.000372004469112
12425,3.45468212558,0.000369026846185
12454,3.45468151159,0.000364744652363
12482,3.45467895803,0.000359664783261
12511,3.4546740721,0.000354200974216
12540,3.45466623455,0.000348765500237
12569,3.45465482438,0.000344534469713
12598,3.45463950423,0.000344640034386
12627,3.45462440483,0.000352090833011
12656,3.45461513585,0.000364525440115
12685,3.45461228263,0.000376116760226
12714,3.45461235286,0.000384238676484
12744,3.45461259878,0.000389629055389
12773,3.45461249455,0.000393444860531
12802,3.45461178456,0.000396336526738
12832,3.45461048586,0.000398664374509
12862,3.45460864393,0.000400693863326
12891,3.45460633409,0.000402648190624
12921,3.45460358251,0.000404702454879
12951,3.45460056967,0.000406972052066
12981,3.45459745567,0.000409515987185
13011,3.45459417433,0.000412347690212
13041,3.45459110449,0.000415444123407
13071,3.45458808681,0.000418755486284
13101,3.45458526542,0.00042221885932
13131,3.45458257014,0.00042577637418
13161,3.45458008657,0.000429394162254
13192,3.45457753325,0.000433075793272
13222,3.45457498133,0.000436865833314
13252,3.45457242003,0.000440845917175
13283,3.45456983969,0.000445126912408
13314,3.45456720376,0.0004498395213
13344,3.45456456521,0.000455126232646
13375,3.45456212595,0.000461139300193
13406,3.45456001412,0.000468045701123
13437,3.45455829939,0.000476030187871
13468,3.45455757807,0.000485288597417
13499,3.45455823856,0.000496018669999
13530,3.45456069019,0.00050841160602
13561,3.45456660773,0.000522549799467
13592,3.45457774528,0.000537735483613
13624,3.45459655639,0.000550795312509
13655,3.45462167869,0.000556022066087
13687,3.45464654675,0.000550679457968
13718,3.45466561828,0.000538859122065
13750,3.45467924111,0.000525798031894
13781,3.45469023655,0.000512931519869
13813,3.45470001005,0.000499694898768
13845,3.45470855374,0.000485654315614
13877,3.45471580916,0.000470699852912
13909,3.4547218709,0.000454820445301
13941,3.45472680797,0.000437983327025
13973,3.45473046645,0.000420042490608
14005,3.4547331017,0.00040068353487
14038,3.45473424261,0.000379466695114
14070,3.45473284948,0.000355991558903
14102,3.45472769672,0.000330264808268
14135,3.45471705101,0.000303419859962
14168,3.45469992066,0.000278243925458
14200,3.45467787432,0.000257777056497
14233,3.45465412422,0.000242657985261
14266,3.45463033205,0.000231523215106
14299,3.45460648571,0.000223521782596
14332,3.45458312352,0.000218479058414
14365,3.45456067921,0.000216029145801
14398,3.45453941384,0.000215711602059
14431,3.45451925973,0.000217238050224
14464,3.45450045636,0.000220452596015
14498,3.45448359641,0.000225138980265
14531,3.45446893551,0.000230764270977
14565,3.45445699002,0.00023629570157
14598,3.45444725606,0.000240410409359
14632,3.45443843612,0.000242239916583
14665,3.45442874414,0.000242058081544
14699,3.4544175762,0.000241057608552
14733,3.45440520829,0.000240378937148
14767,3.45439196987,0.00024045977515
14801,3.45437883229,0.00024117560774
14835,3.45436568287,0.000242270987385
14870,3.4543524261,0.000243582845104
14904,3.45433910426,0.000245044113242
14938,3.45432567917,0.000246632242907
14973,3.454312278,0.000248339068462
15007,3.45429854064,0.000250161443199
15042,3.45428457442,0.000252099173931
15076,3.45427041758,0.000254154272922
15111,3.45425582307,0.000256330100668
15146,3.45424106368,0.000258630500613
15181,3.45422581934,0.000261058779314
15216,3.45421022025,0.000263613923653
15251,3.45419418391,0.000266279353047
15286,3.45417782542,0.0002690015188
15321,3.45416088931,0.000271675530777
15357,3.45414323119,0.000274181096959
15392,3.45412451525,0.000276486668538
15428,3.45410454322,0.000278739082352
15463,3.45408291279,0.000281216463884
15499,3.45405972213,0.000284164197689
15535,3.45403508236,0.000287683701176
15570,3.45400846141,0.000291769766031
15606,3.45398019897,0.000296417294057
15642,3.45394942398,0.000301688442792
15678,3.45391606135,0.000307720242938
15714,3.45387928715,0.000314709621482
15751,3.45383858302,0.000322901610422
15787,3.45379319591,0.000332587670512
15823,3.45374192334,0.000344130295742
15860,3.45368232099,0.00035811575894
15896,3.45361131065,0.000376004509454
15933,3.4535233682,0.000402068661929
15970,3.45341290917,0.000447060156692
16007,3.45328034131,0.000531030068651
16043,3.45314416265,0.000678017973121
16080,3.45304494286,0.000897865489869
16117,3.45302792528,0.0011667380232
16155,3.45311259382,0.00143032445912
16192,3.45327493033,0.00163531285516
16229,3.45346544744,0.00176134977395
16267,3.45364211003,0.00182441844241
16304,3.45378946688,0.00185529850757
16342,3.45391387476,0.00187767672711
16379,3.4540294115,0.00190048313317
16417,3.45414668512,0.0019215751937
16455,3.45426995922,0.00193443860493
16493,3.45439745425,0.00193317027777
16531,3.45452517998,0.00191489145916
16569,3.45464823219,0.00187997632681
16607,3.45476449149,0.00183049767179
16646,3.45487294629,0.00176782188754
16684,3.45497297855,0.00169124620814
16722,3.45506134611,0.00159933971638
16761,3.45513159651,0.00149323677015
16800,3.4551781086,0.0013786881863
16838,3.45519923017,0.00126454788001
16877,3.45519817751,0.00115898592103
16916,3.45518132813,0.00106668650796
16955,3.45515464857,0.000988641145117
16994,3.45512317661,0.00092360028086
17033,3.45508945142,0.000869578887318
17073,3.45505505989,0.000824683592608
17112,3.45502099988,0.000787369388093
17151,3.45498760036,0.000756438685081
17191,3.45495526882,0.000730972974707
17231,3.45492396776,0.000710264402461
17270,3.45489381918,0.000693763674598
17310,3.45486506045,0.00068104822965
17350,3.45483750658,0.000671808370099
17390,3.45481123964,0.000665845868424
17430,3.45478624801,0.000663079819001
17470,3.45476269839,0.000663549563946
17511,3.45474100864,0.000667390893948
17551,3.45472162086,0.000674742261447
17591,3.4547057599,0.000685537760175
17632,3.45469442464,0.000699200582408
17673,3.45468881283,0.000714368132879
17713,3.45468967227,0.000728887194097
17754,3.4546960546,0.000740271087438
17795,3.45470634153,0.000746544111685
17836,3.45471758298,0.000747060749204
17877,3.4547271682,0.000742776479092
17918,3.45473354174,0.000735741803718
17960,3.45473695225,0.000728102599808
18001,3.45473836819,0.000721214136444
18043,3.4547390497,0.000715352994472
18084,3.45473963917,0.000710064738163
18126,3.45474045618,0.000704777855731
18168,3.45474118068,0.000699234938676
18210,3.45474152473,0.000693533903957
18252,3.45474134188,0.000687895052887
18294,3.45474112544,0.00068241901134
18336,3.45474084514,0.000677016494032
18378,3.45474049953,0.000671504863672
18420,3.45474009794,0.000665752220341
18463,3.45473922904,0.000659761135121
18505,3.45473775305,0.000653663118206
18548,3.4547356258,0.000647658796534
18591,3.45473310619,0.000641951881793
18634,3.45472992805,0.000636706211524
18677,3.45472643383,0.000632030502286
18720,3.45472242579,0.000627983406258
18763,3.45471859832,0.000624586995736
18806,3.45471473137,0.000621841334931
18849,3.45471096721,0.000619734287862
18893,3.45470734209,0.000618245792554
18936,3.45470412187,0.000617346483737
18980,3.4547011803,0.000616992339391
19024,3.45469881957,0.000617116508313
19068,3.45469714389,0.000617620276706
19112,3.45469610966,0.000618364600666
19156,3.45469597549,0.000619166279157
19200,3.45469643133,0.000619807559357
19244,3.45469774129,0.000620069799244
19289,3.45469939854,0.000619794693696
19333,3.4547014483,0.000618949550717
19378,3.45470342235,0.00061764909838
19422,3.45470535059,0.000616093784262
19467,3.45470739385,0.000614443515259
19512,3.45470951177,0.000612706083482
19557,3.45471215755,0.000610718554234
19602,3.45471506817,0.000608231019434
19647,3.45471816349,0.000605029449195
19692,3.45472116768,0.00060102434253
19738,3.45472394088,0.000596273367332
19783,3.4547260411,0.000590952718008
19829,3.45472722884,0.00058530767961
19875,3.45472770762,0.000579604858863
19920,3.45472754615,0.000574094669985
19966,3.45472661361,0.000568984556773
20012,3.45472529607,0.000564421727175
20059,3.45472370764,0.000560484884336
20105,3.45472208322,0.000557183806591
20151,3.45472064339,0.000554466014328
20198,3.45471961587,0.000552228799122
20244,3.45471910733,0.000550334607644
20291,3.45471899891,0.000548627541474
20338,3.45471947956,0.000546948829399
20385,3.4547204629,0.00054514993014
20432,3.45472201092,0.00054310189862
20479,3.45472380829,0.00054070094968
20526,3.45472594544,0.000537870099091
20573,3.45472834855,0.000534558027533
20621,3.45473079555,0.000530735901919
20668,3.4547332114,0.000526393358382
20716,3.45473570652,0.0005215347992
20763,3.45473782852,0.000516176889992
20811,3.45473975012,0.000510347264244
20859,3.45474139979,0.000504085001024
20907,3.45474270933,0.000497441908095
20956,3.45474339678,0.000490484015435
21004,3.45474362004,0.000483292087219
21052,3.45474337971,0.000475960530967
21101,3.45474246251,0.000468593837905
21150,3.45474091293,0.000461300479748
21198,3.45473887317,0.000454184952869
21247,3.45473636434,0.000447338977996
21296,3.45473350279,0.000440833245874
21345,3.45473030964,0.000434711324329
21394,3.45472686267,0.000428986828297
21444,3.45472345227,0.000423644501097
21493,3.45471994577,0.000418645142405
21543,3.45471645077,0.000413933229
21592,3.45471300402,0.000409446086502
21642,3.45470974343,0.00040512281454
21692,3.45470639241,0.000400911661752
21742,3.45470323933,0.000396774621922
21792,3.45469991131,0.000392689337857
21842,3.45469669833,0.000388648024699
21893,3.4546933947,0.000384654708678
21943,3.4546900863,0.000380721204468
21994,3.45468665342,0.000376863096056
22045,3.45468312264,0.000373096182405
22095,3.45467958777,0.000369433923434
22146,3.45467613211,0.000365885954257
22197,3.4546724254,0.000362457587615
22249,3.45466883756,0.000359149875679
22300,3.45466511591,0.000355960375621
22351,3.45466144608,0.000352883866784
22403,3.45465782759,0.000349913264843
22454,3.45465425152,0.000347040359745
22506,3.45465061389,0.000344256435489
22558,3.45464704061,0.000341552694094
22610,3.45464344338,0.000338920620073
22662,3.45463989494,0.000336352158909
22714,3.45463634211,0.000333839893075
22767,3.4546328822,0.000331377126665
22819,3.45462948522,0.000328958010603
22872,3.45462598693,0.000326577638098
22925,3.45462252642,0.000324232093255
22977,3.45461910455,0.000321918566317
23030,3.45461556309,0.000319635394365
23083,3.45461219304,0.000317381994747
23137,3.45460863132,0.000315158898826
23190,3.45460516643,0.000312967506588
23243,3.45460161429,0.000310810021254
23297,3.45459814692,0.000308689184598
23351,3.45459449356,0.00030660816828
23405,3.45459102642,0.000304570333498
23459,3.45458740977,0.00030257926541
23513,3.45458373589,0.000300638645878
23567,3.45458006099,0.000298752304768
23621,3.45457634433,0.000296924224622
23676,3.45457269542,0.00029515845282
23730,3.45456890823,0.000293458968998
23785,3.45456513315,0.000291829350044
23840,3.45456137341,0.000290272481648
23895,3.45455758403,0.000288790250225
23950,3.45455377768,0.000287383353461
24005,3.45454996412,0.000286051295116
24060,3.45454616536,0.000284792540602
24116,3.45454237305,0.000283604794146
24171,3.45453856058,0.000282485316214
24227,3.45453478177,0.000281431213929
24283,3.45453111593,0.000280439684786
24339,3.45452735897,0.000279508209524
24395,3.45452358456,0.000278634610658
24451,3.45451991633,0.000277817123282
24508,3.45451621999,0.000277054431223
24564,3.45451238514,0.00027634561815
24621,3.45450868325,0.000275690078828
24678,3.45450501749,0.000275087488508
24734,3.45450132553,0.000274537658606
24791,3.45449766431,0.000274040413804
24849,3.45449404673,0.000273595518219
24906,3.45449034498,0.000273202685982
24963,3.45448662651,0.000272861733361
25021,3.45448295048,0.000272573021997
25079,3.45447932122,0.000272338108583
25136,3.4544755557,0.000272160393706
25194,3.45447191352,0.000272045290529
25252,3.45446819174,0.000271999715397
25311,3.45446455154,0.000272030653335
25369,3.45446080153,0.000272143646618
25427,3.45445700308,0.00027234188487
25486,3.4544532327,0.000272626669784
25545,3.45444956626,0.000272999046953
25604,3.45444581664,0.000273462007465
25663,3.45444198437,0.000274022705399
25722,3.45443832887,0.000274694875346
25781,3.45443432945,0.000275501869215
25841,3.45443043056,0.000276479788543
25900,3.45442646728,0.000277679723315
25960,3.45442255151,0.000279165962932
26020,3.45441853101,0.000281007618481
26080,3.45441476286,0.000283262093049
26140,3.45441127878,0.000285952592212
26200,3.45440805705,0.000289045465655
26260,3.45440556071,0.000292436236569
26321,3.45440381293,0.000295952609835
26382,3.4544025962,0.000299377494825
26442,3.4544020677,0.00030248774587
26503,3.45440223363,0.000305097603316
26565,3.4544027582,0.000307093121988
26626,3.45440309868,0.000308447338723
26687,3.4544036739,0.000309213319015
26749,3.45440390904,0.00030950050469
26810,3.45440398708,0.000309443522454
26872,3.45440350063,0.000309173973419
26934,3.45440283654,0.000308801144411
26996,3.45440198256,0.000308403884685
27058,3.45440095781,0.000308031296483
27121,3.45439966469,0.000307708726203
27183,3.45439828933,0.000307445365464
27246,3.45439679641,0.000307241159354
27309,3.45439531992,0.000307091769963
27372,3.45439373684,0.000306991657862
27435,3.45439218601,0.000306935551163
27498,3.45439064874,0.000306919023607
27561,3.45438896882,0.000306938525019
27625,3.45438732149,0.000306991172052
27689,3.45438563337,0.000307074598701
27753,3.45438390189,0.000307186762828
27817,3.45438223978,0.000307325829089
27881,3.45438057922,0.000307490127461
27945,3.45437892133,0.000307678096153
28009,3.45437717357,0.000307888282916
28074,3.45437548169,0.00030811931617
28139,3.45437378721,0.000308369953768
28203,3.45437204307,0.000308639078174
28269,3.45437035616,0.000308925700185
28334,3.45436876836,0.000309228994124
28399,3.45436699939,0.000309548332945
28464,3.45436542313,0.000309883206664
28530,3.4543636292,0.000310233349317
28596,3.45436202096,0.00031059858574
28662,3.45436039273,0.000310978942558
28728,3.45435871926,0.000311374556478
28794,3.45435703624,0.000311785663035
28860,3.45435541285,0.00031221257909
28927,3.45435364958,0.000312655714762
28994,3.45435203262,0.000313115496254
29061,3.454350392,0.000313592449997
29127,3.45434871584,0.000314087155606
29195,3.45434703473,0.000314600276339
29262,3.45434543939,0.000315132591435
29329,3.45434374686,0.000315685076369
29397,3.45434213802,0.000316258909496
29465,3.45434041993,0.000316855612275
29533,3.45433881652,0.000317477040619
29601,3.45433706962,0.000318125490529
29669,3.45433546641,0.000318803540233
29737,3.4543338052,0.000319513938831
29806,3.45433230157,0.000320259120756
29875,3.45433064972,0.000321040669501
29944,3.45432909383,0.000321858405944
30013,3.45432765533,0.000322709574539
30082,3.45432612526,0.000323588097622
30151,3.45432463158,0.000324484197991
30221,3.45432324787,0.000325384822069
30290,3.45432192499,0.000326274936058
30360,3.45432065989,0.000327139688009
30430,3.45431922836,0.00032796720976
30500,3.45431801363,0.000328751366957
30571,3.45431673249,0.000329494079746
30641,3.45431538388,0.000330206191248
30712,3.45431391105,0.000330906883134
30782,3.45431243089,0.000331621542044
30853,3.4543108909,0.000332378675043
30925,3.45430923073,0.000333206525898
30996,3.45430741847,0.000334130246024
31067,3.45430576355,0.000335170195808
31139,3.45430401939,0.000336341820081
31211,3.45430210958,0.000337656776575
31283,3.45430039097,0.000339125154639
31355,3.45429867959,0.000340758204351
31427,3.45429699222,0.000342570315123
31500,3.45429556187,0.000344579182383
31572,3.45429407145,0.000346802702898
31645,3.45429283788,0.000349251199952
31718,3.45429179512,0.0003519154913
31791,3.45429139542,0.000354752652789
31864,3.45429118318,0.000357674652494
31938,3.45429162038,0.000360545490865
32011,3.4542925223,0.00036319267553
32085,3.45429416347,0.000365433380492
32159,3.45429603409,0.000367110639304
32233,3.4542979821,0.000368128593527
32308,3.45429997502,0.000368475280847
32382,3.45430157597,0.000368224745927
32457,3.45430293874,0.000367517747874
32531,3.45430372597,0.000366528629084
32606,3.45430411209,0.000365429293605
32682,3.45430385224,0.000364361256876
32757,3.45430349245,0.000363421119301
32832,3.45430281292,0.00036265997069
32908,3.45430171988,0.000362091986153
32984,3.45430080339,0.000361706950163
33060,3.45429984652,0.000361482332209
33136,3.45429859197,0.000361391998657
33213,3.45429765858,0.000361411279076
33289,3.45429674156,0.00036151937994
33366,3.45429561996,0.000361699655219
33443,3.45429459164,0.000361939046563
33520,3.45429355483,0.000362227406847
33597,3.45429249247,0.000362556737828
33675,3.45429153879,0.000362920638938
33752,3.45429068758,0.000363313956883
33830,3.45428971423,0.000363732531771
33908,3.45428875754,0.000364172946374
33986,3.45428783689,0.000364632426939
34065,3.45428686702,0.000365108713799
34143,3.45428602405,0.000365599910886
34222,3.45428512376,0.000366104456188
34301,3.45428426752,0.000366620977068
34380,3.45428333994,0.000367148287078
34459,3.45428265497,0.000367685279996
34539,3.45428173411,0.000368231038188
34618,3.45428091803,0.000368784651035
34698,3.4542800341,0.000369345353208
34778,3.45427930205,0.000369912426957
34858,3.45427850501,0.000370485288767
34939,3.45427763013,0.000371063416405
35019,3.4542769667,0.000371646330604
35100,3.45427604059,0.000372233699488
35181,3.45427536314,0.0003728251389
35262,3.45427452636,0.000373420405824
35343,3.45427374685,0.000374019221383
35425,3.45427293567,0.000374621362321
35506,3.45427218858,0.000375226601209
35588,3.45427144779,0.000375834738268
35670,3.45427072936,0.000376445573598
35752,3.45426999195,0.000377058919631
35835,3.45426932876,0.000377674579368
35917,3.45426864276,0.000378292381697
36000,3.45426776353,0.00037891216915
36083,3.45426710719,0.000379533726333
36166,3.45426639529,0.000380156921718
36250,3.45426570363,0.000380781594589
36333,3.45426493222,0.000381407616075
36417,3.45426424252,0.000382034845238
36501,3.45426348666,0.000382663198916
36585,3.45426287199,0.00038329258936
36669,3.45426209861,0.000383923037675
36754,3.45426127956,0.000384554599675
36839,3.45426060147,0.000385187444318
36924,3.45425990499,0.000385821956511
37009,3.45425928335,0.000386458740205
37094,3.45425841758,0.000387098769385
37180,3.45425778767,0.000387743322293
37265,3.4542569505,0.000388394215931
37351,3.45425627981,0.000389053598668
37437,3.45425556576,0.000389724016931
37524,3.45425486865,0.000390408136034
37610,3.45425395478,0.000391108531859
37697,3.45425322643,0.000391827252941
37784,3.45425254806,0.000392565610342
37871,3.45425173005,0.000393323834653
37958,3.454250937,0.000394100858161
38046,3.45425029872,0.000394894348447
38133,3.45424954957,0.000395700910894
38221,3.4542488692,0.000396516298947
38309,3.45424831577,0.000397335872927
38398,3.45424758217,0.000398155037993
38486,3.45424696969,0.000398969489581
38575,3.45424636207,0.000399775590113
38664,3.45424573419,0.000400570454071
38753,3.45424526288,0.000401351976683
38842,3.45424480906,0.000402118867896
38932,3.45424397195,0.00040287059488
39022,3.4542435443,0.000403607173405
39112,3.4542429886,0.000404329460826
39202,3.45424236413,0.000405038975881
39292,3.45424180066,0.000405738040695
39383,3.4542411077,0.000406429921059
39473,3.45424059246,0.000407118805971
39564,3.45423977088,0.000407809979007
39656,3.4542390631,0.000408509544685
39747,3.45423836648,0.000409224395275
39839,3.45423763612,0.000409961788996
39931,3.45423698022,0.000410728823604
40023,3.45423594065,0.000411531858533
40115,3.45423523288,0.000412375539007
40207,3.45423442769,0.000413262275077
40300,3.45423365857,0.000414191324423
40393,3.45423312015,0.000415158355319
40486,3.45423227219,0.000416155400523
40579,3.45423166026,0.000417170961442
40673,3.45423103518,0.000418191071736
40767,3.4542304742,0.000419200475632
40861,3.45422998119,0.000420184325743
40955,3.45422947095,0.000421129944103
41049,3.45422902938,0.000422028382168
41144,3.45422853237,0.000422875622744
41239,3.45422808926,0.000423673046259
41334,3.45422755744,0.000424427294799
41429,3.45422717116,0.000425149341146
41525,3.45422631668,0.000425853305856
41620,3.45422572917,0.000426554626785
41716,3.45422498192,0.000427268845615
41812,3.45422422054,0.000428010123344
41909,3.45422339349,0.000428790441623
42005,3.454222535,0.000429619078239
42102,3.45422158685,0.000430502490185
42199,3.45422066531,0.000431444394187
42297,3.45421973265,0.000432446070847
42394,3.45421878236,0.000433506674059
42492,3.45421785327,0.000434623584977
42590,3.45421708576,0.000435792768026
42688,3.45421625902,0.000437009199371
42786,3.45421530677,0.000438267178897
42885,3.45421447234,0.000439560683647
42984,3.4542138148,0.000440883779232
43083,3.45421292926,0.000442230953807
43182,3.45421223801,0.000443597176227
43282,3.45421155941,0.000444978213792
43382,3.45421092829,0.000446370575042
43482,3.45421032682,0.000447771517596
43582,3.45420972601,0.00044917896331
43682,3.45420917937,0.000450591377316
43783,3.45420853418,0.000452007688812
43884,3.45420814154,0.000453427089021
43985,3.45420750807,0.000454849115109
44086,3.45420727183,0.000456273318448
44188,3.45420657947,0.000457699556737
44290,3.45420626687,0.0004591275376
44392,3.45420587181,0.000460557189228
44494,3.45420528669,0.000461988426661
44597,3.45420488183,0.000463421124974
44700,3.45420456339,0.000464855239122
44803,3.45420408497,0.000466290758994
44906,3.45420385912,0.000467727597207
45010,3.45420350605,0.000469165782912
45113,3.45420335857,0.000470605256879
45217,3.4542028849,0.00047204608433
45322,3.45420249088,0.000473488208723
45426,3.45420219242,0.000474931631573
45531,3.45420194312,0.000476376367512
45636,3.45420160838,0.000477822447647
45741,3.45420155361,0.000479269837919
45846,3.45420133648,0.000480718620024
45952,3.45420101898,0.000482168810077
46058,3.45420080555,0.000483620408509
46164,3.45420056162,0.000485073467877
46271,3.4542002323,0.000486528035345
46377,3.45420000951,0.000487984129996
46484,3.45419989265,0.000489441806111
46591,3.4541996265,0.000490901164583
46699,3.45419954071,0.000492362236792
46806,3.45419942048,0.000493825148864
46914,3.45419918406,0.000495290030982
47023,3.45419906816,0.000496756997192
47131,3.45419878469,0.000498226274589
47240,3.45419880195,0.00049969802876
47348,3.45419850607,0.000501172639677
47458,3.4541984831,0.000502650383133
47567,3.45419829784,0.00050413176309
47677,3.45419812124,0.000505617284662
47787,3.45419814205,0.000507107544982
47897,3.45419788268,0.000508603334878
48007,3.45419785224,0.000510105390869
48118,3.45419758127,0.000511614671268
48229,3.45419752986,0.000513132053889
48340,3.45419739367,0.000514658557443
48451,3.45419740179,0.000516195113326
48563,3.45419713222,0.000517742701022
48675,3.45419729656,0.000519302037982
48787,3.45419712304,0.000520873929437
48900,3.45419711345,0.000522458817031
49012,3.45419703934,0.000524057049979
49125,3.45419711735,0.000525668688487
49239,3.45419682853,0.000527293675831
49352,3.45419706853,0.000528931516623
49466,3.45419689767,0.000530581790734
49580,3.45419691199,0.000532243666836
49694,3.45419686011,0.00053391630361
49809,3.45419692889,0.000535598693684
49924,3.45419696276,0.00053728982663
50039,3.45419719836,0.000538988616071
50154,3.45419721289,0.000540694099866
50270,3.45419727066,0.000542405260569
50386,3.45419722667,0.000544121219371
50502,3.45419774844,0.000545841059347
50618,3.45419780935,0.000547564228859
50735,3.45419793476,0.000549290031332
50852,3.45419813749,0.000551017947394
50969,3.45419832104,0.000552747564597
51086,3.45419839248,0.000554478550201
51204,3.45419888135,0.000556210540958
51322,3.45419927263,0.000557943400094
51441,3.45419955635,0.000559676958665
51559,3.45419980972,0.000561411073006
51678,3.45420011844,0.000563145629396
51797,3.45420023993,0.00056488059248
51917,3.45420068342,0.00056661582354
52036,3.45420115491,0.000568351330216
52156,3.45420135333,0.000570087133791
52276,3.45420189526,0.000571823113532
52397,3.45420248023,0.000573559306997
52518,3.45420277811,0.00057529576289
52639,3.45420323326,0.000577032405416
52760,3.45420370642,0.000578769258656
52882,3.45420423917,0.000580506318412
53004,3.45420464974,0.000582243618774
53126,3.45420499108,0.000583981154142
53248,3.45420560821,0.000585718867797
53371,3.45420609966,0.000587456826704
53494,3.45420654387,0.000589195013105
53617,3.45420718612,0.000590933375811
53741,3.45420783907,0.000592671931633
53865,3.45420822662,0.000594410706359
53989,3.45420872813,0.00059614960571
54114,3.45420930303,0.000597888599127
54238,3.45420995794,0.000599627639169
54363,3.45421042541,0.000601366716941
54489,3.45421113508,0.000603105692996
54614,3.45421219346,0.000604844474186
54740,3.4542125107,0.000606583167965
54866,3.45421349648,0.00060832143483
54993,3.45421391489,0.000610059391202
55120,3.45421469962,0.000611796763844
55247,3.4542154142,0.000613533513853
55374,3.454216416,0.000615269455475
55502,3.45421706386,0.000617004575137
55630,3.45421783202,0.0006187386562
55758,3.45421864841,0.000620471575586
55886,3.45421961016,0.000622203177163
56015,3.45422014607,0.000623933423507
56144,3.45422124798,0.000625661994262
56274,3.4542221753,0.000627388881593
56404,3.4542228496,0.00062911395918
56534,3.45422371876,0.000630837006088
56664,3.45422459413,0.0006325579191
56795,3.45422561108,0.000634276538566
56925,3.45422672904,0.000635992740271
57057,3.45422766909,0.000637706447975
57188,3.45422857136,0.000639417512867
57320,3.45422942628,0.000641125818621
57452,3.45423025304,0.000642831249053
57585,3.45423150293,0.000644533613259
57717,3.45423250701,0.000646232935425
57850,3.45423368098,0.00064792904444
57984,3.45423468606,0.000649621917554
58117,3.45423573384,0.000651311436689
58251,3.45423698121,0.000652997502059
58386,3.45423819177,0.000654680097251
58520,3.4542393105,0.000656359182072
58655,3.45424040856,0.000658034704147
58790,3.45424145621,0.000659706644228
58926,3.45424246438,0.000661374992503
59062,3.454243874,0.000663039678266
59198,3.45424514085,0.000664700847404
59334,3.45424653598,0.000666358525838
59471,3.45424752048,0.000668012942946
59608,3.45424908614,0.000669664094057
59746,3.45425003192,0.000671312478512
59883,3.45425114138,0.000672958313293
60021,3.45425281215,0.000674602017948
60160,3.45425414139,0.000676244425696
60299,3.45425555034,0.000677886306624
60438,3.45425669466,0.000679528813934
60577,3.45425834961,0.000681173153812
60716,3.45425969685,0.00068282115799
60856,3.45426105295,0.000684474781542
60997,3.45426248964,0.000686136400286
61137,3.45426409797,0.000687808770963
61278,3.45426529194,0.000689495162341
61420,3.4542669335,0.000691198897136
61561,3.45426845912,0.00069292385669
61703,3.45426985724,0.000694673978692
61845,3.45427145194,0.000696453145858
61988,3.4542724983,0.000698265266669
62131,3.45427460567,0.000700113332618
62274,3.45427614652,0.000702000249968
62418,3.45427784702,0.000703927371937
62561,3.45427980493,0.000705894736893
62706,3.45428148523,0.000707900695561
62850,3.45428383115,0.000709941113706
62995,3.45428586938,0.000712009736528
63140,3.45428800609,0.000714097242546
63286,3.45429025544,0.000716191423023
63432,3.45429284536,0.00071827698443
63578,3.45429591024,0.000720335669955
63725,3.45429864961,0.000722346637985
63871,3.45430167711,0.00072428632373
64019,3.454304717,0.000726129415631
64166,3.45430838995,0.000727849107738
64314,3.45431194242,0.0007294183091
64462,3.45431585253,0.000730809900831
64611,3.45431916711,0.000731998137551
64760,3.45432361507,0.00073295860867
64909,3.45432781706,0.000733670246252
65059,3.45433186925,0.000734115045918
65209,3.45433648893,0.000734278815903
65359,3.45434069678,0.000734152091203
65510,3.45434522595,0.000733729668805
65661,3.45434905545,0.000733011439348
65812,3.45435344911,0.000732001467522
65964,3.45435768931,0.000730708696621
66116,3.45436111506,0.000729146198661
66268,3.45436483936,0.000727330410546
66421,3.45436847362,0.000725281370038
66574,3.45437167914,0.000723021904671
66728,3.45437474965,0.000720577027397
66882,3.45437749059,0.000717973706778
67036,3.45438025126,0.000715240214931
67190,3.45438214452,0.000712406091157
67345,3.45438406474,0.000709501136934
67500,3.45438627397,0.000706555551554
67656,3.4543873006,0.000703599787814
67812,3.45438860249,0.000700663216545
67968,3.45438926164,0.000697774798632
68125,3.45438972497,0.000694961872215
68282,3.45438997144,0.000692250036149
68440,3.45438972178,0.000689662585934
68597,3.45439018044,0.000687219633152
68755,3.45438987058,0.000684938417477
68914,3.45438919906,0.000682831925151
69073,3.45438848303,0.000680908900495
69232,3.45438790014,0.000679173597345
69392,3.45438684486,0.000677625807222
69552,3.45438629772,0.000676260483142
69712,3.45438517521,0.00067506874681
69873,3.45438459888,0.000674037544627
70034,3.45438371223,0.000673151144793
70195,3.45438297702,0.000672391326628
70357,3.45438201253,0.000671738745968
70519,3.45438117385,0.000671173626539
70682,3.45438020587,0.000670677015267
70845,3.45438016478,0.000670231335615
71008,3.45437937487,0.00066982197569
71172,3.45437848454,0.00066943693965
71336,3.45437786651,0.000669067780929
71500,3.45437753232,0.000668709824096
71665,3.4543770207,0.000668362167059
71830,3.45437600423,0.000668027333603
71996,3.45437524189,0.00066771067664
72162,3.45437445951,0.000667420231236
72328,3.45437396784,0.000667165745908
72495,3.45437320557,0.000666958257844
72662,3.45437195186,0.000666809148985
72829,3.45437172175,0.000666729206586
72997,3.45437002425,0.000666729136217
73166,3.4543689773,0.000666817405421
73334,3.45436816362,0.000667001248268
73503,3.45436669479,0.000667286019825
73673,3.45436588643,0.000667674558722
73843,3.45436474153,0.000668168057509
74013,3.45436328223,0.000668765522746
74183,3.45436252616,0.000669463970893
74354,3.45436106719,0.00067025935202
74526,3.4543602185,0.000671145864554
74698,3.45435883194,0.000672117301506
74870,3.45435797402,0.000673166497179
75042,3.45435705769,0.000674286430477
75215,3.45435581403,0.000675470177079
75389,3.45435539318,0.000676711000731
75563,3.45435432532,0.000678003414161
75737,3.4543532548,0.000679342480191
75911,3.45435324803,0.000680724319767
76086,3.45435243919,0.000682146900008
76262,3.45435180378,0.000683608970462
76438,3.45435122494,0.000685110855651
76614,3.45434982126,0.000686654356893
76790,3.45434993613,0.000688241872176
76967,3.45434962072,0.000689877754255
77145,3.45434879078,0.000691566908242
77323,3.45434796902,0.000693314820692
77501,3.45434843782,0.000695127275812
77680,3.45434746046,0.000697011040735
77859,3.45434696214,0.00069897182603
78038,3.45434594462,0.000701015509215
78218,3.45434580385,0.000703146758562
78398,3.45434564376,0.000705369689703
78579,3.45434559544,0.000707686918499
78760,3.45434575098,0.000710099529342
78942,3.45434491676,0.000712607119671
79124,3.45434584093,0.000715206551343
79306,3.45434485788,0.000717893963904
79489,3.45434520804,0.000720661948663
79672,3.45434620333,0.000723501772728
79856,3.45434667082,0.000726402708793
80040,3.45434768048,0.000729351554834
80225,3.45434928512,0.000732333462392
80410,3.45435019879,0.000735332205813
80595,3.45435115924,0.000738329710531
80781,3.45435307284,0.000741306722057
80967,3.45435423673,0.000744243714657
81154,3.45435587651,0.000747120038665
81341,3.45435851854,0.000749915044357
81528,3.45436124024,0.000752608602533
81716,3.45436298083,0.000755181174563
81904,3.45436674632,0.000757613229543
82093,3.45436969705,0.000759887730373
82283,3.45437212803,0.000761988464375
82472,3.45437473124,0.000763900897441
82662,3.45437751584,0.000765612632676
82853,3.45438173143,0.000767113162646
83044,3.45438473017,0.000768395141876
83235,3.45438786051,0.000769452720296
83427,3.45439106907,0.000770282778198
83619,3.45439505642,0.000770884438919
83812,3.45439874997,0.000771259580265
84005,3.45440266901,0.000771411990745
84199,3.45440589301,0.000771347915998
84393,3.45440886449,0.0007710752708
84588,3.45441245153,0.000770603659582
84783,3.4544145898,0.000769944915185
84978,3.45441870125,0.000769110995377
85174,3.45442047096,0.000768116694068
85370,3.45442416052,0.000766975767643
85567,3.45442638191,0.00076570430612
85765,3.45442848535,0.000764317744417
85962,3.45443168125,0.00076283172463
86160,3.45443234034,0.000761262921316
86359,3.45443448897,0.000759626088744
86558,3.454437491,0.00075793660696
86758,3.45443795329,0.000756209899592
86958,3.45443932902,0.000754459197356
87158,3.45444071352,0.000752697887079
87359,3.45444142206,0.00075093841832
87560,3.45444360063,0.000749191672318
87762,3.45444280741,0.000747468962505
87965,3.45444404832,0.000745778531248
88167,3.45444422515,0.000744129346604
88371,3.45444535536,0.000742528250219
88574,3.45444560849,0.000740981914884
88778,3.45444585213,0.000739495469661
88983,3.45444548862,0.00073807344029
89188,3.45444583617,0.000736719078104
89394,3.45444525599,0.000735435460178
89600,3.45444497798,0.000734224308989
89806,3.45444523643,0.00073308688348
90014,3.4544445408,0.000732024198842
90221,3.45444368329,0.000731036242762
90429,3.45444440099,0.000730122327067
90637,3.45444327308,0.000729282440386
90846,3.45444216983,0.000728515098728
91056,3.45444234352,0.000727818653219
91266,3.45444083634,0.000727192098023
91476,3.45444152168,0.000726632792589
91687,3.45443969123,0.000726139750937
91898,3.45443869564,0.000725710179196
92110,3.45443909877,0.000725341793148
92323,3.45443900593,0.000725032778269
92535,3.45443759947,0.000724781073594
92749,3.45443727418,0.000724583947241
92962,3.45443693931,0.000724439421065
93177,3.45443458103,0.00072434574843
93392,3.45443488011,0.000724299830031
93607,3.45443397637,0.00072430041886
93823,3.45443286963,0.000724345318042
94039,3.45443358261,0.000724432191148
94256,3.45443186134,0.000724560096932
94473,3.45442991315,0.000724726820627
94691,3.45443015599,0.000724930185338
94909,3.45442873433,0.000725169412899
95128,3.4544286332,0.000725442371211
95347,3.45442915007,0.00072574778183
95567,3.45442878929,0.000726084610899
95787,3.45442663352,0.000726451778586
96008,3.45442638438,0.000726847305715
96229,3.45442552972,0.000727270588453
96451,3.45442445609,0.000727720479067
96674,3.45442369137,0.000728195861965
96896,3.45442390982,0.000728695649072
97120,3.4544236647,0.000729219254903
97344,3.45442211256,0.000729766019356
97568,3.45442208887,0.0007303345538
97793,3.45442096631,0.000730924669156
98018,3.4544212865,0.000731535126103
98244,3.45441960553,0.000732165991841
98471,3.45442074776,0.000732815619089
98698,3.45441962401,0.00073348449628
98925,3.45441861355,0.000734171560554
99153,3.45441775241,0.000734876275428
99382,3.4544161062,0.000735598338687
99611,3.45441713423,0.000736336538045
99841,3.45441609936,0.000737091431006
100071,3.45441465704,0.000737862235953
100302,3.45441599944,0.000738647861837
100533,3.45441579005,0.000739448845415
100765,3.45441563282,0.00074026447231
100997,3.45441387951,0.000741094740988
101230,3.45441426969,0.000741938509858
101464,3.45441403493,0.000742796047551
101697,3.45441184599,0.000743667329197
101932,3.45441193714,0.000744551144882
102167,3.45441158277,0.000745447794214
102402,3.4544107174,0.000746357016124
102638,3.45441003829,0.000747278395237
102875,3.45440923939,0.000748211742791
103112,3.45441159924,0.000749156102465
103350,3.45440941697,0.000750112907487
103588,3.45440740709,0.000751080908816
103827,3.45440893115,0.000752059154903
104066,3.45440825791,0.000753048680376
104306,3.45440672935,0.000754048989959
104547,3.45440717067,0.000755059269847
104788,3.45440534816,0.000756080254842
105029,3.45440807166,0.000757110270984
105271,3.45440622819,0.000758151137209
105514,3.4544070058,0.000759201107045
105757,3.45440568314,0.00076026105233
106001,3.45440369132,0.000761330500513
106245,3.45440276168,0.000762408916615
106490,3.45440450845,0.000763495794762
106736,3.45440581396,0.000764591679592
106982,3.45440141217,0.000765697600937
107228,3.45440165492,0.000766811133433
107476,3.45440345533,0.000767932830572
107723,3.45440261841,0.000769063501059
107972,3.45440245878,0.000770202289149
108221,3.45440195176,0.000771349307901
108470,3.4544025237,0.000772504127692
108720,3.45440001942,0.000773667570984
108971,3.45440017435,0.000774838251123
109222,3.4543993155,0.000776016890859
109474,3.45439924859,0.000777202988781
109726,3.45439975834,0.000778396499734
109979,3.45439907881,0.000779597732006
110233,3.45439871496,0.000780806260078
110487,3.45439852748,0.000782022031483
110741,3.45439994236,0.000783244641818
110997,3.45439853087,0.000784475016887
111253,3.45439886888,0.000785712043224
111509,3.45439809465,0.000786956297603
111766,3.45439776273,0.000788207355519
112024,3.45439574548,0.000789465633918
112282,3.45439813802,0.000790729672685
112541,3.45439630214,0.000792001382667
112800,3.45439810142,0.00079327889977
113060,3.45439440149,0.000794564259789
113321,3.45439775766,0.000795854516726
113582,3.45439433983,0.000797152796173
113844,3.45439536705,0.000798456456078
114106,3.4543955919,0.000799766651185
114369,3.45439485531,0.000801083365502
114633,3.45439376897,0.000802406405485
114897,3.45439443391,0.000803735231307
115162,3.45439341987,0.000805070590096
115428,3.45439286776,0.000806411934756
115694,3.45439441659,0.000807758833197
115960,3.45439289262,0.000809112447404
116228,3.45439188423,0.000810471892552
116496,3.45439108731,0.000811837193782
116764,3.45439402475,0.000813207476524
117033,3.45439037994,0.000814585124811
117303,3.45439108572,0.000815967520436
117574,3.45439014423,0.000817356034326
117845,3.45439271625,0.00081874940283
118116,3.45439064268,0.00082014951691
118389,3.45439296843,0.000821554189654
118662,3.45439272299,0.000822965035344
118935,3.45439107629,0.000824381737389
119209,3.45438931515,0.00082580394974
119484,3.45439111021,0.000827230753747
119759,3.45439143438,0.000828663311479
120036,3.45438977368,0.000830101709154
120312,3.45438961673,0.000831545070633
120590,3.45438858557,0.0008329939289
120868,3.45438786242,0.000834447961186
121146,3.4543896108,0.000835906605513
121425,3.45438898615,0.000837370995293
121705,3.45438766579,0.000838840688657
121986,3.45439001512,0.000840314587217
122267,3.45438768624,0.000841794683424
122549,3.45438719603,0.000843279355524
122832,3.45439022398,0.000844768153786
123115,3.45438807126,0.000846263168313
123398,3.4543906604,0.000847761934583
123683,3.4543871777,0.000849267069166
123968,3.45438628155,0.000850776412072
124254,3.4543889553,0.000852289682193
124540,3.45438548421,0.000853809241285
124827,3.45438538472,0.000855332706883
125115,3.45438533463,0.000856860864873
125404,3.45438928141,0.000858392701117
125693,3.45438677007,0.000859930780421
125982,3.45438907506,0.000861472267938
126273,3.45438741853,0.00086301931921
126564,3.4543857003,0.000864570933393
126856,3.45438738955,0.000866126211605
127148,3.45438598867,0.000867686753271
127441,3.45438970307,0.000869250470927
127735,3.45438744123,0.000870820128104
128029,3.45438474194,0.000872394309983
128324,3.45438750607,0.000873971501602
128620,3.45438565216,0.000875554229753
128917,3.45438597654,0.000877140755878
129214,3.45438541688,0.000878731838709
129512,3.45438564139,0.000880327039132
129811,3.45438486506,0.000881926798756
130110,3.45438305765,0.000883531116016
130410,3.45438370531,0.000885139090829
130710,3.45438501726,0.000886751173803
131012,3.45438460466,0.000888367975399
131314,3.45438558513,0.000889988694708
131616,3.45438412492,0.000891614322146
131920,3.45438210297,0.000893244381212
132224,3.45438388401,0.000894877751083
132529,3.45438350734,0.000896515985681
132834,3.454384001,0.000898158316468
133140,3.45438184771,0.000899805677493
133447,3.45438678748,0.000901455553395
133755,3.45438396692,0.00090311184336
134063,3.45438632808,0.000904771198451
134372,3.45438005795,0.000906437269004
134682,3.45437971849,0.000908106276229
134993,3.45438270131,0.000909778938894
135304,3.4543867885,0.000911455881289
135616,3.4543834112,0.000913139414302
135928,3.45438366958,0.00091482666
136242,3.45438243614,0.000916519027629
136556,3.45438284118,0.000918215744678
136871,3.45438253334,0.000919917495372
137186,3.45437979633,0.000921624802098
137502,3.45438156039,0.000923335882293
137819,3.45438354463,0.000925051944508
138137,3.45438221662,0.000926774007436
138455,3.45438084679,0.000928501270546
138775,3.45438124666,0.000930233321668
139094,3.45438135576,0.00093197079143
139415,3.45438254442,0.000933713388817
139737,3.45437924329,0.000935462700652
140059,3.4543802531,0.000937216427327
140382,3.45438133384,0.000938975796879
140705,3.45437902296,0.000940741834763
141029,3.45438432236,0.000942511627194
141355,3.45438330492,0.000944289052345
141680,3.45437900089,0.000946073372515
142007,3.45438355343,0.000947861342662
142334,3.45438197197,0.000949657151102
142663,3.45437850677,0.000951459716567
142991,3.4543792899,0.000953267428241
143321,3.4543806255,0.000955081378047
143651,3.45437852406,0.000956902745071
143983,3.45437585635,0.000958730810682
144314,3.45438199673,0.000960563039337
144647,3.45438005343,0.000962404190779
144981,3.45437351535,0.00096425336895
145315,3.45437691699,0.000966106578213
145650,3.45437761045,0.000967967405437
145986,3.45438002209,0.00096983466773
146322,3.45438142845,0.000971709180423
146659,3.4543786281,0.000973591895918
146997,3.45437662415,0.000975481453104
147336,3.45438222688,0.000977375964894
147676,3.45438020081,0.000979279775127
148016,3.45437575041,0.000981191451615
148358,3.45437777151,0.000983108496282
148700,3.45437759953,0.000985033394836
149042,3.45437723638,0.000986965600867
149386,3.45437588091,0.000988905362115
149730,3.4543778513,0.00099085145592
150076,3.45437265903,0.000992806901669
150421,3.45437931065,0.00099476624509
150768,3.45437630888,0.000996735672212
151116,3.4543741743,0.0009987121578
151464,3.45438101457,0.00100069334824
151813,3.45437672326,0.00100268505756
152163,3.45437280895,0.00100468394809
152514,3.45437771019,0.00100668754732
152866,3.45437470747,0.00100870070658
153218,3.45438051385,0.00101071853152
153571,3.4543789214,0.00101274573787
153925,3.45438137191,0.00101477895457
154280,3.45437530871,0.0010168218456
154636,3.45437248519,0.00101887093247
154992,3.45437718519,0.00102092491461
155350,3.45437390339,0.00102298834
155708,3.45437364506,0.00102505792544
156067,3.45437516405,0.001027134003
156426,3.45437314636,0.00102921811861
156787,3.45437718957,0.00103130737825
157148,3.45437257571,0.0010334061381
157511,3.45437417937,0.00103550991862
157874,3.45436976845,0.00103762234584
158238,3.45436885429,0.00103974053081
158602,3.45437182324,0.00104186431328
158968,3.45437609868,0.00104399442745
159335,3.45437462016,0.00104613297187
159702,3.45437463841,0.0010482777199
160070,3.45436936008,0.00105043069788
160439,3.45437371503,0.00105258733025
160809,3.45437517296,0.00105475138928
161180,3.45437146936,0.00105692353826
161551,3.45437004953,0.00105910147
161923,3.45438083435,0.00106128209876
162297,3.45437268202,0.00106347495615
162671,3.45437277064,0.0010656716622
163046,3.45436859071,0.00106787603769
163422,3.45436565851,0.00107008635242
163798,3.45437307572,0.00107229975016
164176,3.45437930369,0.00107451977282
164555,3.45437442772,0.00107674948687
164934,3.45437401338,0.00107898402684
165314,3.45436995566,0.00108122589707
165695,3.45436784941,0.00108347332717
166077,3.45437545216,0.00108572385367
166460,3.45437242166,0.00108798384426
166844,3.45437459671,0.00109024830183
167228,3.45436771964,0.00109252170762
167614,3.45436805054,0.00109479890956
168000,3.45437419107,0.00109708032205
168388,3.45437000401,0.00109937105503
168776,3.45437138694,0.00110166604589
169165,3.45437074001,0.00110396770033
169555,3.45437075459,0.0011062751496
169946,3.45437182537,0.00110858825591
170337,3.45437047598,0.00111090812636
170730,3.45436933533,0.0011132339109
171124,3.45437503268,0.00111556346151
171518,3.45436721311,0.00111790334581
171913,3.45437966561,0.00112024262875
172310,3.4543721253,0.00112259435028
172707,3.45436921635,0.00112495052908
173105,3.45436346199,0.00112731359349
173504,3.45437238992,0.00112967781588
173904,3.45437421408,0.00113205030506
174305,3.45436472771,0.00113443245726
174707,3.45437246725,0.00113681490554
175110,3.45437528891,0.00113920491844
175513,3.45437165185,0.00114160301751
175918,3.45436216867,0.00114400901612
176323,3.45437339536,0.00114641411665
176730,3.45436667503,0.00114883113589
177137,3.45436237373,0.00115125332852
177546,3.45437372428,0.001153676275
177955,3.45436776874,0.00115611097812
178365,3.45436705853,0.00115854991697
178776,3.45436603664,0.00116099495447
179188,3.4543703768,0.00116344418712
179601,3.4543620357,0.00116590370054
180015,3.45437198505,0.00116836305384
180430,3.45437377134,0.00117083118196
180846,3.45437390444,0.00117330589945
181263,3.45437285411,0.00117578705847
181681,3.45436422075,0.00117827685329
182100,3.45436889754,0.00118076816772
182520,3.45437221883,0.00118326600586
182941,3.45437132116,0.00118577136315
183362,3.45437843507,0.00118828005138
183785,3.45436896923,0.00119080054025
184209,3.45436327395,0.00119332584622
184633,3.45436997519,0.00119585298532
185059,3.45436998491,0.00119838856291
185485,3.45436661191,0.0012009314542
185913,3.45436616798,0.00120347947864
186342,3.4543722934,0.00120603136993
186771,3.45437259629,0.0012085914603
187202,3.45436735202,0.00121115967755
187633,3.45437008812,0.00121373129253
188066,3.45436556604,0.00121631166465
188499,3.45437225789,0.00121889430396
188934,3.45437768234,0.00122148361061
189369,3.45437671298,0.00122408141595
189806,3.45437105807,0.00122668713987
190244,3.45437895433,0.00122929431533
190682,3.4543682472,0.00123191439091
191122,3.45436378577,0.00123453854064
191562,3.45436703994,0.0012371662363
192004,3.45436638984,0.00123980164323
192446,3.45437423946,0.00124244032157
192890,3.454370071,0.00124508965986
193335,3.454374074,0.00124774240586
193780,3.4543689245,0.0012504048244
194227,3.45438070212,0.00125306748914
194675,3.45437231051,0.0012557438591
195124,3.45437197732,0.00125842371085
195573,3.45436576638,0.00126111212644
196024,3.45436383629,0.00126380541614
196476,3.45436846277,0.00126650274872
196929,3.45436771155,0.00126920850691
197383,3.4543672485,0.0012719206304
197838,3.45437898327,0.00127463473725
198294,3.45436801599,0.00127736371729
198751,3.45437147559,0.00128009387878
199209,3.45437180933,0.00128283171942
199669,3.45436123245,0.00128558015732
200129,3.4543703542,0.00128832781619
200590,3.45436625887,0.00129108696495
201053,3.45436412381,0.00129385196417
201516,3.45437088523,0.0012966202193
201981,3.45436964737,0.00129939807819
202446,3.45437277493,0.00130218091284
202913,3.45437114326,0.00130497217359
203381,3.45435963294,0.00130777382401
203850,3.4543622734,0.00131057678539
204320,3.454375779,0.00131338228649
204791,3.45436776689,0.00131620265342
205263,3.45436388561,0.00131902815922
205736,3.45437460942,0.00132185479978
206210,3.45437057335,0.00132469381427
206685,3.45436009458,0.00132754205694
207162,3.45436503532,0.00133039113813
207639,3.45436645903,0.00133324834268
208118,3.45435918829,0.0013361156962
208598,3.45436398927,0.00133898518531
209079,3.4543720741,0.00134186020798
209561,3.45437570447,0.00134474378286
210044,3.45436989992,0.00134763787855
210528,3.45437098141,0.00135053615241
211013,3.454366619,0.00135344343262
211500,3.45436094235,0.00135635812604
211987,3.45437776922,0.00135927087854
212476,3.45436879932,0.00136220069446
212966,3.45437550298,0.00136513126549
213457,3.45437184452,0.00136807287764
213949,3.45436345545,0.00137102333712
214442,3.45436385497,0.00137397729366
214936,3.45438178503,0.00137693125506
215432,3.45436712181,0.00137990521379
215928,3.45435967267,0.00138288333302
216426,3.45437018326,0.00138586129808
216925,3.45436991089,0.00138885063368
217425,3.45437173282,0.00139184619437
217926,3.45435903898,0.00139485469686
218429,3.45437606396,0.00139785829409
218932,3.45438181989,0.00140087354568
219437,3.45438485391,0.00140389702269
219943,3.45436149099,0.00140693839019
220450,3.45437489798,0.00140997195034
220958,3.45436234307,0.00141302328203
221467,3.45436934718,0.00141607380874
221978,3.45437224692,0.00141913321551
222490,3.45436382544,0.00142220450001
223003,3.4543718073,0.00142527626882
223517,3.45436931431,0.00142835960764
224032,3.45437916946,0.00143144510261
224548,3.45437086242,0.00143454540664
225066,3.45437008085,0.00143764989363
225585,3.45437254416,0.0014407603444
226105,3.45435443244,0.0014438867224
226626,3.45437449199,0.00144700449091
227149,3.45437938821,0.00145013595192
227672,3.45436495588,0.00145328291491
228197,3.45437278852,0.00145642791202
228723,3.45438371675,0.00145957899805
229250,3.45435424276,0.00146275459955
229779,3.45437304638,0.001465917211
230308,3.45436536152,0.00146909851256
230839,3.45436293081,0.00147228506454
231372,3.45437678994,0.00147547215492
231905,3.45436067644,0.00147867955777
232439,3.454370842,0.00148188324149
232975,3.45438737148,0.00148509171107
233512,3.45438511483,0.00148831580088
234051,3.45435236512,0.0014915606349
234590,3.454362886,0.00149479439592
235131,3.45437135514,0.00149803663345
235673,3.45436661064,0.00150129222076
236216,3.45436760499,0.00150455295702
236761,3.4543510969,0.00150782898739
237307,3.45437142787,0.00151109660678
237854,3.45436862538,0.00151438201876
238402,3.45437706934,0.00151767020127
238952,3.45438187367,0.00152096769329
239502,3.45438442842,0.00152427390866
240055,3.45439375304,0.00152758488216
240608,3.45437744706,0.00153091497033
241163,3.45437024944,0.00153424883518
241718,3.45438950782,0.00153757874571
242276,3.45436380922,0.00154093649808
242834,3.4543753577,0.00154428549072
243394,3.45435800179,0.00154765526978
243955,3.45437732341,0.00155101649048
244517,3.45437700728,0.00155439440335
245081,3.4543720408,0.00155778232451
245646,3.45435599049,0.00156118319259
246212,3.45436440898,0.00156458095486
246780,3.45438022709,0.00156798330441
247349,3.45436190027,0.00157140913535
247919,3.45436124026,0.00157483494594
248491,3.45435574013,0.00157827098432
249063,3.45435204691,0.00158171423893
249638,3.454391794,0.00158514561711
250213,3.45437237687,0.00158861219229
250790,3.4543561544,0.00159208541966
251368,3.45434649111,0.00159556375335
251947,3.45438374993,0.00159902850723
252528,3.45437271654,0.00160252372818
253110,3.4543686831,0.00160602387382
253694,3.4543908423,0.00160951999825
254279,3.45434665439,0.00161305525153
254865,3.45437190027,0.00161656631207
255452,3.45438141187,0.00162009292929
256041,3.45434733307,0.00162364826247
256630,3.45436602383,0.00162718707337
257223,3.45438293568,0.00163073496895
257815,3.45435538857,0.00163431216518
258410,3.45435739347,0.00163788372612
259005,3.45439417995,0.00164144709348
259603,3.45437441203,0.00164504567322
260202,3.4543638166,0.00164864829138
260801,3.45435778925,0.00165225714009
261403,3.45437487887,0.00165586333209
262005,3.45437558996,0.00165948578707
262609,3.45437280845,0.00166311837115
263215,3.45436086408,0.00166676385
263821,3.45439223131,0.00167039689668
264429,3.45436846366,0.00167406510167
265039,3.45438848265,0.00167772061476
265650,3.45438670355,0.00168139523827
266262,3.45438378353,0.00168507898388
266876,3.45438580668,0.00168876889986
267491,3.45439237306,0.00169246518528
268108,3.45439858587,0.00169617024901
268726,3.45437959447,0.00169989634012
269346,3.45436395317,0.00170362947707
269967,3.4543689979,0.00170736109978
270589,3.45438728264,0.00171109484876
271213,3.45438729682,0.00171484634288
271838,3.45438971543,0.00171860537483
272464,3.45437118032,0.00172238360269
273093,3.45439755531,0.00172614820247
273722,3.45437821145,0.00172994443271
274353,3.45436992135,0.00173374396966
274986,3.45438560018,0.00173754030018
275619,3.45440245359,0.00174134485536
276255,3.45438269968,0.00174517673835
276892,3.45435861937,0.0017490197465
277530,3.45435419805,0.00175286174315
278170,3.45438685136,0.00175669382596
278811,3.4543786277,0.0017605556196
279454,3.45436944096,0.00176442689382
280098,3.45439246091,0.00176829069231
280744,3.45437703006,0.00177218317556
281391,3.45440734016,0.00177606120634
282039,3.4543585661,0.00177998896969
282690,3.45437072691,0.00178389444663
283341,3.45437053038,0.00178781538271
283994,3.45438248385,0.00179173912862
284649,3.45436829384,0.00179568556922
285305,3.45436902633,0.00179963342027
285963,3.45438476499,0.00180358260743
286622,3.45437454743,0.00180755453368
287283,3.4543565765,0.00181153976334
287945,3.45440678401,0.00181549843648
288609,3.45439017932,0.00181950144027
289274,3.45437343297,0.00182351383327
289941,3.45436543058,0.00182753093598
290610,3.45436757698,0.00183155199392
291279,3.45437278664,0.00183558075766
291951,3.45436704828,0.00183962469909
292624,3.45440686681,0.00184365372
293299,3.4543693878,0.00184773339476
293975,3.45436731861,0.00185180359836
294652,3.45438221212,0.00185587413749
295332,3.45438124932,0.00185996264419
296012,3.45439115222,0.00186405477627
296695,3.45435772096,0.00186817982825
297379,3.45437565563,0.00187228664848
298064,3.4543907794,0.00187640450357
298751,3.45436999585,0.0018805514424
299440,3.454386044,0.00188468792967
300130,3.45439368,0.00188883859356
300822,3.45433408189,0.00189303572089
301516,3.4543630408,0.00189719401395
302211,3.45436579302,0.00190137634267
302907,3.45435703859,0.00190557471482
303606,3.45433774235,0.00190978866096
304306,3.45436341522,0.00191398748401
305007,3.45435983317,0.00191821225822
305710,3.45434293821,0.0019224542408
306415,3.45439360732,0.00192666839346
307121,3.454406231,0.00193091352323
307829,3.4543380097,0.00193521376944
308539,3.45437756927,0.00193946354967
309250,3.45442901993,0.00194371644341
309963,3.45433899749,0.00194805891424
