30,0.916650571635,0.0106233533192
31,0.916208199462,0.0107028453979
31,0.915763695768,0.0107829439157
31,0.915317051499,0.010863653548
31,0.914868251226,0.0109449790813
31,0.91441728915,0.0110269252235
31,0.913964150931,0.0111094968208
31,0.913508824664,0.011192698727
31,0.913051299349,0.0112765358216
31,0.912591563335,0.0113610130292
31,0.912129603909,0.0114461353253
31,0.911665411474,0.0115319076838
31,0.911198974601,0.011618335139
31,0.910730280422,0.0117054227818
32,0.910259320058,0.0117931756903
32,0.909786072978,0.0118815991323
32,0.909312406923,0.0119706735598
32,0.908832540717,0.0120604801725
32,0.908355951005,0.0121508985578
32,0.907871480305,0.0122420825216
32,0.907389230051,0.0123339017454
32,0.906901662205,0.012426463256
32,0.906409259252,0.0125197666329
32,0.905920438217,0.012613700815
32,0.905425499045,0.0127084053027
32,0.904927617367,0.0128038418102
32,0.904429043414,0.0128999838586
32,0.903927668932,0.0129968666402
33,0.903425409199,0.0130944680342
33,0.902917581839,0.0131928614625
33,0.902407794044,0.0132920004857
33,0.901893651713,0.0133919261127
33,0.901383271559,0.0134925232031
33,0.900864599068,0.0135939771146
33,0.900345386112,0.013696177799
33,0.899826066344,0.0137991236883
33,0.899304721156,0.0139028493901
33,0.898774621257,0.0140074654714
33,0.898246544004,0.0141128108836
33,0.897714521444,0.0142189843881
33,0.897179238333,0.0143259815982
34,0.896642470927,0.0144337802497
34,0.89609764611,0.0145424926908
34,0.895561512805,0.0146518532102
34,0.895015482556,0.0147621700995
34,0.8944792645,0.0148731247859
34,0.893915002781,0.0149853530931
34,0.893352541555,0.0150983673607
34,0.892812070343,0.0152118281672
34,0.892235535614,0.0153267288955
34,0.891685779933,0.0154420017119
34,0.89112464202,0.0155583069606
34,0.890535794297,0.0156759422819
35,0.889996904113,0.0157935467635
35,0.889410331014,0.0159128511181
35,0.888842719081,0.0160326795737
35,0.888263387251,0.0161535872623
35,0.887674018036,0.0162755541147
35,0.887100376202,0.0163981139927
35,0.886491960203,0.0165222066037
35,0.885924530984,0.0166464299659
35,0.885311408014,0.0167724130165
35,0.884733307468,0.0168986410222
35,0.884134607631,0.0170261744642
35,0.883518268905,0.0171549713805
36,0.882927719366,0.0172841959003
36,0.88231769887,0.0174147347887
36,0.881704714025,0.017546274898
36,0.881098416628,0.0176786299642
36,0.880481686934,0.0178121489658
36,0.879869398928,0.0179465397048
36,0.879246360478,0.0180821183924
36,0.87861038435,0.0182189418928
36,0.877978540214,0.0183566660741
36,0.877354675045,0.0184952138568
36,0.876709745108,0.0186352045682
36,0.876065878779,0.0187761812459
37,0.875438298757,0.0189178206236
37,0.874786931496,0.0190609933889
37,0.874130441766,0.0192053086121
37,0.873492635588,0.019350248071
37,0.872835382542,0.0194966595631
37,0.872175932947,0.0196441717223
37,0.87152482222,0.0197925529515
37,0.870836258222,0.0199428536156
37,0.870193484768,0.0200931794152
37,0.8695169282,0.0202453632981
37,0.868839025359,0.0203986698345
37,0.86816098038,0.0205530779205
38,0.867482871039,0.0207085924179
38,0.866791683109,0.0208655332927
38,0.866113732185,0.021023276347
38,0.865422882925,0.0211824599643
38,0.864723457994,0.0213429920826
38,0.864019536388,0.0215047832847
38,0.863317660824,0.0216676790152
38,0.86261575555,0.0218317373899
38,0.861920966472,0.0219967829364
38,0.861196021207,0.0221637771893
38,0.860478835987,0.0223317625893
39,0.859761881096,0.0225009381508
39,0.85904317267,0.0226713630909
39,0.858313141937,0.0228433002638
39,0.857586272685,0.0230163756122
39,0.856852872246,0.0231908564399
39,0.856100764897,0.0233670866645
39,0.855366869437,0.023544070199
39,0.854622228742,0.023722605397
39,0.853879862342,0.0239023425528
39,0.853128413785,0.0240836078913
39,0.852361529186,0.0242665960673
40,0.851593181855,0.0244509243908
40,0.850831606144,0.0246363629084
40,0.850056713305,0.0248235006768
40,0.84929834077,0.0250114762874
40,0.84851737337,0.0252014465471
40,0.847741017476,0.0253926210462
40,0.84695626801,0.025585396648
40,0.846175256085,0.0257794177497
40,0.845362181301,0.0259757890123
40,0.844566032743,0.0261730250894
40,0.843775754384,0.0263714658338
41,0.842965741982,0.0265719212687
41,0.842164764447,0.026773500354
41,0.841341707208,0.0269772011027
41,0.840532440595,0.0271818893811
41,0.839711101939,0.0273884050914
41,0.838876014918,0.0275968212454
41,0.838049659349,0.0278064114367
41,0.83721802407,0.0280176449857
41,0.836383967823,0.0282304377958
41,0.835545249448,0.0284448761436
42,0.834689042514,0.0286614124355
42,0.833838667549,0.0288792624449
42,0.832978246756,0.0290989836371
42,0.832124506286,0.0293200037372
42,0.831260313651,0.0295429335784
42,0.83037783376,0.0297680716636
42,0.829502728042,0.0299945152012
42,0.82863121925,0.0302224032125
42,0.827747124652,0.0304523357533
42,0.826859372579,0.0306840016349
42,0.825962380001,0.0309176215415
43,0.82506957304,0.0311527057362
43,0.824175283399,0.0313894742169
43,0.823260105338,0.0316286821704
43,0.82235654189,0.0318690991588
43,0.821427654256,0.0321121657504
43,0.820517196787,0.0323561906904
43,0.819589126441,0.0326025970918
43,0.818655142234,0.0328509421187
43,0.817719835303,0.0331010545201
43,0.816781527406,0.0333530126206
44,0.815836695851,0.0336069731265
44,0.814879524799,0.0338631931683
44,0.813924784417,0.0341210754909
44,0.812961828902,0.0343810761098
44,0.811992331251,0.0346431412631
44,0.811033941252,0.0349065271602
44,0.81005081182,0.0351727861309
44,0.809074485449,0.035440573314
44,0.808849500331,0.0356770187772
45,0.806732468624,0.0359990110007
45,0.806655150608,0.0362320399357
45,0.805398960556,0.0365196796259
45,0.804639727677,0.0367866790672
45,0.803310764156,0.037081660569
45,0.802475917834,0.037355805284
45,0.801858820348,0.0376215050073
45,0.800400493556,0.0379286404817
45,0.79987021572,0.0381937410105
45,0.797957306846,0.0385270441225
46,0.797502711395,0.0387920999003
46,0.796800809549,0.0390707961445
46,0.794848774095,0.0394130927015
46,0.794337747988,0.0396861721817
46,0.793545092136,0.0399750076166
46,0.792033514904,0.0403021937483
46,0.791065424612,0.0406039439009
46,0.790379992652,0.0408930330215
46,0.788462158045,0.0412482260397
47,0.787755303408,0.0415424263438
47,0.786614297271,0.0418614805472
47,0.785387908131,0.042187283634
47,0.783648208944,0.0425431922541
47,0.783226618346,0.0428297249534
47,0.7814673311,0.0431916131493
47,0.780366557071,0.0435196223803
47,0.779347021095,0.043845230335
47,0.778687917246,0.0441524883344
48,0.777135567832,0.0445126140469
48,0.77607854783,0.044846785147
48,0.775420898162,0.045159841657
48,0.774074099281,0.0455151589172
48,0.772846332369,0.0458658947778
48,0.770694985933,0.0462743795453
48,0.770848676772,0.0465467949394
48,0.769550995412,0.0469086468417
48,0.767427105763,0.047323859137
49,0.766800383773,0.0476494056188
49,0.765260006516,0.048034007151
49,0.764637167065,0.0483632996306
49,0.76374927396,0.048711268051
49,0.76145839887,0.0491516802843
49,0.76002766846,0.0495398627216
49,0.758733446688,0.0499217648274
49,0.758024860814,0.0502673433548
49,0.756145079506,0.0506931992528
50,0.756202469753,0.0509914511395
50,0.753722874107,0.0514635264169
50,0.752938469082,0.0518230090106
50,0.751355910582,0.0522399002795
50,0.750867701797,0.0525830257562
50,0.749024728372,0.0530235455895
50,0.747958808009,0.0534119083015
50,0.746123394613,0.0538580792113
50,0.745341111271,0.0542309270414
51,0.743742970839,0.0546656627986
51,0.741424133148,0.0551570357013
51,0.740344947815,0.0555595058613
51,0.739861883196,0.0559192529595
51,0.738117403133,0.0563768380677
51,0.737329580088,0.0567640304806
51,0.735632569399,0.0572238648566
51,0.733657088593,0.0577088946917
52,0.732230452154,0.0581540902507
52,0.731842818256,0.0585189881538
52,0.729593052029,0.0590357181788
52,0.728554331303,0.0594577966772
52,0.72688316726,0.0599343239712
52,0.725345568455,0.0604030587346
52,0.724105395052,0.0608499094058
52,0.722585347904,0.0613231564928
53,0.721234078077,0.0617850503298
53,0.71964167379,0.0622706414383
53,0.718265223361,0.0627406141604
53,0.716586515839,0.0632401431901
53,0.714830019715,0.0637500346667
53,0.713011116788,0.0642691340947
53,0.711794247796,0.0647371501742
53,0.710480817714,0.0652166827298
53,0.708491170194,0.0657617386684
54,0.707031455982,0.0662611953945
54,0.706043108878,0.0667191664435
54,0.704285726963,0.0672527849083
54,0.70219967498,0.0678218005133
54,0.700098647796,0.0683966571337
54,0.69921442466,0.0688559152344
54,0.698325768191,0.069317737033
54,0.69562601118,0.0699633629781
55,0.694022198238,0.0705034479333
55,0.692189979114,0.0710704010847
55,0.691176726923,0.0715563858219
55,0.689198431895,0.0721455701935
55,0.686911817186,0.0727716753419
55,0.685588435235,0.0732996997008
55,0.683190755185,0.0739467116849
56,0.681546012836,0.0745167026609
56,0.68039904842,0.0750353331261
56,0.678773088793,0.075609833222
56,0.676313190287,0.0762818198337
56,0.674985839812,0.0768303505666
56,0.673279093331,0.0774253951995
56,0.671039377074,0.0780861639654
56,0.669728315307,0.0786428716174
57,0.667424711692,0.0793202960587
57,0.665735565648,0.0799293702063
57,0.663872025874,0.080563481963
57,0.661686691382,0.081241421049
57,0.6602689958,0.0818293521004
57,0.657708948232,0.082563689113
57,0.656775464553,0.0830981557537
57,0.653909351775,0.0838820024343
58,0.652180431403,0.0845257627211
58,0.649888650885,0.0852473427827
58,0.647973786373,0.0859246260266
58,0.646424755508,0.0865574911532
58,0.644420401059,0.0872555591022
58,0.642224801398,0.0879847047737
58,0.640262818523,0.0886869845377
59,0.638181511192,0.0894107724876
59,0.635849578222,0.0901752761973
59,0.633814549248,0.0909032292765
59,0.631482330378,0.0916793956511
59,0.629722114482,0.0923777022009
59,0.626589826671,0.0932840937417
59,0.624938610502,0.0939766715322
60,0.622869163152,0.0947367959338
60,0.620567333632,0.0955380443935
60,0.618220366252,0.0963525794978
60,0.616024876859,0.0971497148985
60,0.613925333777,0.0979375432285
60,0.611692608652,0.0987526017548
60,0.608750049728,0.099690115307
60,0.606439129317,0.100532367277
61,0.603987407367,0.101405253991
61,0.60134730729,0.10231800536
61,0.598646713264,0.103250149429
61,0.596722337772,0.104056387092
61,0.593695684207,0.105064068233
61,0.591780958783,0.105884718163
61,0.588646231343,0.106934381993
62,0.586323720308,0.107848892168
62,0.583224395182,0.108919606657
62,0.580635364622,0.109910161611
62,0.577825901363,0.110958197543
62,0.575084024994,0.112011050799
62,0.572331019622,0.113085619127
62,0.569359866528,0.114225702787
63,0.566506787356,0.115367316013
63,0.563664307982,0.116534432365
63,0.560423900343,0.11781592704
63,0.55742493191,0.119082813258
63,0.554446513078,0.120384410606
63,0.551250655368,0.121777192631
64,0.547817701852,0.12327254368
64,0.544861471556,0.12471461761
64,0.542039441725,0.126182363853
64,0.53815661937,0.127962553388
64,0.535615382318,0.129493105284
64,0.532042819387,0.1313458291
64,0.528374293557,0.133305183898
65,0.524922888967,0.135296799829
65,0.521664173208,0.137327827254
65,0.51892232999,0.139311618035
65,0.515344969449,0.141613366056
65,0.511734788625,0.144025213056
65,0.508653210842,0.146387769218
65,0.505618251179,0.148833068041
66,0.501971752678,0.151557976512
66,0.498414865258,0.15435779556
66,0.495657268313,0.157003045329
66,0.492708051584,0.159793588859
66,0.489836287569,0.162639577813
66,0.487047834947,0.165531447422
67,0.484225651172,0.168501293306
67,0.481217925959,0.171596704536
67,0.478299532007,0.174714209499
67,0.475753101397,0.177737541163
67,0.473471645155,0.180689513371
67,0.470958287118,0.183748474831
67,0.468924156307,0.186628163874
68,0.466385405283,0.189708081476
68,0.464192342373,0.192639923868
68,0.462158768043,0.195486307406
68,0.460019657435,0.198350717326
68,0.457391407167,0.201398404757
68,0.455231383658,0.204207224508
69,0.453372210356,0.206837592135
69,0.451737432109,0.209314675575
69,0.449153367263,0.212184322124
69,0.447358605099,0.214633474378
69,0.445571824073,0.217024047478
69,0.443076067262,0.21971109234
70,0.440762692281,0.22226396804
70,0.438699978161,0.224644793199
70,0.436447916868,0.227078710412
70,0.434359012558,0.229386888621
70,0.431629346517,0.232000040963
70,0.429614623505,0.234198496733
71,0.426994932865,0.236699138372
71,0.424096321451,0.239338587322
71,0.422035996331,0.241488485862
71,0.419710085269,0.243772681205
71,0.41653418987,0.246547545712
71,0.41383984599,0.249041897644
71,0.411333531619,0.251424770991
72,0.408509409612,0.254008762759
72,0.405941352921,0.256444675522
72,0.402760207864,0.259286688976
72,0.399961424565,0.261907208261
72,0.396930265838,0.264706119479
72,0.394271997677,0.267284107016
73,0.391054762996,0.270274144782
73,0.388004456927,0.273189491691
73,0.384769537854,0.27627865228
73,0.382014387761,0.279066043408
73,0.3788014614,0.282232853983
74,0.375512567616,0.28551119582
74,0.372436034206,0.288683598609
74,0.369149145662,0.292077135052
74,0.366541890888,0.294986648889
74,0.363159799844,0.29857746161
74,0.359715801509,0.302292641437
75,0.357000968512,0.305460191323
75,0.353432026305,0.309428791615
75,0.350660984784,0.312772446191
75,0.347423109452,0.316602428609
75,0.344119414518,0.320574858941
75,0.340843200867,0.324608105923
76,0.337879013033,0.328426975314
76,0.334714743954,0.332523974583
76,0.331758601252,0.336500877609
76,0.32884280118,0.340521553629
76,0.325641019373,0.344932068644
76,0.322329924043,0.349565252285
77,0.319412487701,0.353875939333
77,0.316435688154,0.358352808539
77,0.313663221649,0.362699423714
77,0.310604249944,0.367485118502
77,0.30771826259,0.37218150957
78,0.305169476156,0.376577127835
78,0.302367909278,0.381394352629
78,0.29968994731,0.386173651479
78,0.297005759701,0.391081046448
78,0.294369304987,0.396049964071
78,0.291908323383,0.400906404895
79,0.289379213427,0.405982469699
79,0.286657056316,0.411469151622
79,0.28451185023,0.416262152103
79,0.282156726739,0.421490757978
79,0.279708691811,0.427001151965
80,0.277634016956,0.432081369439
80,0.27547068555,0.437435168503
80,0.273385996744,0.442804459301
80,0.271410187632,0.448135966184
80,0.269640788559,0.453258928921
80,0.267556617335,0.459049905022
81,0.265854455471,0.464324667943
81,0.264093224789,0.469832818337
81,0.262386889034,0.47537472726
81,0.260898311089,0.480645355975
81,0.259317569882,0.48620476648
82,0.257865710602,0.491639692807
82,0.256456809723,0.497103345968
82,0.255123873467,0.502525330675
82,0.253886326156,0.507858201549
82,0.252593843559,0.51339705835
83,0.251281105842,0.519074429108
83,0.25014079128,0.52448728888
83,0.249214345277,0.529530827092
83,0.248103027068,0.535044949715
83,0.247028920963,0.540560852775
84,0.246053283818,0.545939162241
84,0.24513556093,0.551261993691
84,0.244283358198,0.556506414352
84,0.243443768986,0.561787712733
84,0.242669194927,0.566980456415
84,0.241758192226,0.57255267818
85,0.241023617494,0.577762313874
85,0.240305354989,0.582976406754
85,0.239621912526,0.588140674137
85,0.238933345551,0.5933423863
85,0.238200488271,0.598670207387
86,0.237606693109,0.603650824751
86,0.236977622584,0.60870864619
86,0.236332856833,0.613784057132
86,0.235699710601,0.618795473612
86,0.234997234469,0.623946631081
87,0.234323782459,0.628971041167
87,0.233613777815,0.634037544773
87,0.232932307518,0.638966601209
87,0.232222027929,0.643913034002
87,0.231422875449,0.649048824877
88,0.230652560489,0.654052139313
88,0.229906049578,0.658940920159
88,0.229061618229,0.664074283764
88,0.228220935409,0.669174471821
88,0.227342759386,0.67437616429
89,0.22646343084,0.679588624962
89,0.2256712065,0.684560131547
89,0.224745101585,0.689977099315
89,0.223871467663,0.695293399865
90,0.223027667625,0.700593670113
90,0.222195560052,0.705952086629
90,0.221328804991,0.711536407971
90,0.220538061967,0.717010885909
90,0.219757034333,0.722605105032
91,0.21902785706,0.728197371066
91,0.218278674448,0.734042211742
91,0.217653460399,0.739670078998
91,0.217045083903,0.745451670438
91,0.216475344494,0.751324168992
92,0.21599501051,0.757118356833
92,0.215554224155,0.763012369291
92,0.215180311878,0.768913502185
92,0.214872774445,0.774823835993
92,0.214624360961,0.780768255523
93,0.214430276783,0.786761777423
93,0.214304746833,0.792747949937
93,0.214246653886,0.798724274973
93,0.214240770873,0.804740031516
94,0.2142731676,0.810840068946
94,0.21442700269,0.81669971478
94,0.214590644224,0.822731922915
94,0.214834475505,0.828657786226
94,0.215127585604,0.834584263412
95,0.215413796965,0.840719381054
95,0.215808790424,0.846601462194
95,0.216246582885,0.852475521755
95,0.21668976807,0.858478723606
96,0.21724860349,0.86416351213
96,0.21777022235,0.870126297393
96,0.218348628805,0.875983704668
96,0.218974185561,0.881763976061
96,0.219592740455,0.88767640252
97,0.220265727667,0.893465059756
97,0.221009115663,0.899056152908
97,0.221708650091,0.904907200586
97,0.2224517708,0.910656340231
98,0.223221999236,0.916364565547
98,0.224046581151,0.921914281165
98,0.224838151877,0.927660185716
98,0.225645354194,0.93339861173
98,0.226512168975,0.938943705731
99,0.227373704486,0.944560874612
99,0.228222003127,0.950281327715
99,0.229119825267,0.955841946629
99,0.230015446966,0.961456515314
100,0.230918526576,0.967083861537
100,0.231868906833,0.972556272925
100,0.232777857037,0.978245546701
100,0.233750019012,0.983712437626
100,0.234697131863,0.98932835514
101,0.23564495063,0.994985989609
101,0.23666467644,1.00038546876
101,0.237642120995,1.00601037536
101,0.238649109195,1.01155863628
102,0.239653514076,1.01716796673
102,0.240675372331,1.02275529244
102,0.241727342349,1.02826867703
102,0.242795086055,1.03377108209
103,0.243831119647,1.03946712352
103,0.244941248833,1.04490828261
103,0.246042215696,1.05045183147
103,0.247136481801,1.05609000057
104,0.248242464981,1.06174681094
104,0.249386823569,1.06731079688
104,0.250546047818,1.07288510229
104,0.251704319942,1.07854021865
105,0.252878284765,1.08420766406
105,0.254102033043,1.08974402176
105,0.255303677495,1.09546043418
105,0.256554021797,1.10105614385
106,0.25781681833,1.10668969313
106,0.259088366558,1.11238015151
106,0.260380271122,1.11808101681
106,0.261692524114,1.12379580041
106,0.263043711035,1.12944838322
107,0.264408006403,1.13515360907
107,0.265786629398,1.14091046183
107,0.267205181039,1.14661361611
107,0.268631215574,1.15240726581
108,0.270099499388,1.15814761766
108,0.271594558068,1.16390693546
108,0.273126814324,1.1696469547
108,0.27467058542,1.17548460942
109,0.27623601664,1.18138390425
109,0.277842814433,1.18726873611
109,0.279500440509,1.19310770334
109,0.281186067446,1.19900799613
110,0.282908500694,1.20494237815
110,0.284689140298,1.21083094917
110,0.286518084418,1.21672801094
110,0.288378527076,1.22271762847
111,0.290287539003,1.22874068304
111,0.292268762744,1.23471139776
111,0.29429844383,1.24074517293
112,0.29640261382,1.24674758527
112,0.298556656981,1.25283802709
112,0.300803441884,1.25885250661
112,0.303114309581,1.26492731986
113,0.305499952896,1.27103322831
113,0.307992221233,1.27705297577
113,0.31054206365,1.28320419745
113,0.313228696683,1.28917191743
114,0.315986693707,1.29523700987
114,0.318854085205,1.30125092191
114,0.321824735478,1.30724384929
114,0.324901394719,1.31320562271
115,0.328096784193,1.3190815751
115,0.331405005777,1.32488737809
115,0.334824640581,1.33061461826
115,0.338341566858,1.33629866533
116,0.341973882007,1.34184040046
116,0.345683832282,1.34735338631
116,0.349522684443,1.35259568442
117,0.353413030637,1.35781860937
117,0.35738044387,1.36286561456
117,0.361422926988,1.36768150811
117,0.365494356729,1.37237152962
118,0.369598004434,1.37684749452
118,0.373695790298,1.38117175017
118,0.377784192821,1.38527434728
118,0.381820165229,1.38922942802
119,0.385816424615,1.39290767792
119,0.389696663601,1.3965052091
119,0.393507765456,1.39977925887
120,0.397152821413,1.40300988124
120,0.400643407493,1.40609959517
120,0.403982037443,1.40899870111
120,0.407137461914,1.411791562
121,0.410095035719,1.41452069062
121,0.412849106375,1.41721481272
121,0.415416859762,1.41984135912
121,0.417765469198,1.42255383573
122,0.419948060985,1.42522399635
122,0.421936429789,1.4280086749
122,0.423788204912,1.4307771052
123,0.425488827391,1.43364282302
123,0.427063558886,1.4365811191
123,0.42851768031,1.43962915935
123,0.429865981632,1.44278586075
124,0.431121084594,1.44605174779
124,0.432290236812,1.44944102781
124,0.433426143305,1.45281295147
125,0.434469380846,1.45640182841
125,0.435461631527,1.46010353148
125,0.436423639349,1.4638853079
125,0.437351010595,1.46779987173
126,0.438269882051,1.47179805742
126,0.439167859916,1.47595952686
126,0.440085366244,1.4801847399
127,0.44101347427,1.48453689153
127,0.441958152364,1.48902505244
127,0.442954470384,1.49355525016
128,0.443993815979,1.49817520304
128,0.445079276831,1.50288771761
128,0.446223522846,1.5076578217
128,0.44741785847,1.51251765091
129,0.448677489483,1.51741406598
129,0.449988924481,1.5223870582
129,0.45138286264,1.52732394844
130,0.452832057472,1.53230559787
130,0.454328348912,1.53734649124
130,0.4558789024,1.54240803781
131,0.457489732299,1.54745489896
131,0.45914887329,1.55251240395
131,0.460852391286,1.55757893702
131,0.462598445328,1.56264636906
132,0.464387429351,1.5676998524
132,0.466214878195,1.57274196641
132,0.468061256686,1.57782720189
133,0.469959935316,1.58283286072
133,0.471868148932,1.58789406571
133,0.47380836228,1.59292732813
134,0.475782621984,1.59791915491
134,0.477761407195,1.60296303965
134,0.479769051895,1.60797247816
134,0.481804685097,1.61294645853
135,0.483852150258,1.61793566551
135,0.485914139709,1.62292797728
135,0.487993760347,1.62791011905
136,0.49008935581,1.63288470391
136,0.492212224449,1.63781094653
136,0.494343876916,1.64274674713
137,0.496481300867,1.64769758421
137,0.498639918088,1.65260682389
137,0.500808384117,1.6575055311
138,0.502992241581,1.66236741233
138,0.505179973545,1.667221112
138,0.507374999481,1.67204429846
139,0.509560352676,1.6768802598
139,0.511751824684,1.68166287726
139,0.513926518687,1.68645202857
140,0.516114737794,1.69113187612
140,0.518268736122,1.6958419634
140,0.520388850406,1.7005637724
141,0.522490322617,1.7052306711
141,0.524564188205,1.70985635439
141,0.526586202852,1.71450599027
142,0.52856949762,1.71912543719
142,0.530500147255,1.72375196273
142,0.532383123599,1.72836528679
142,0.534203538463,1.73301415338
143,0.53597615031,1.73765604707
143,0.537673748624,1.74238984568
143,0.539330639624,1.74712039552
144,0.540937132837,1.75190048439
144,0.542489316599,1.75676914789
144,0.544010710548,1.7616810977
145,0.545500223431,1.76667455517
145,0.546958229316,1.77178594321
145,0.5484230964,1.776930549
146,0.549877196677,1.78220589234
146,0.551344303874,1.78757507725
146,0.552841486748,1.79302147175
147,0.554374088983,1.79856394358
147,0.555953452466,1.80419841088
148,0.557605462391,1.80986921075
148,0.55931199323,1.81565844051
148,0.561099126825,1.82149910106
149,0.562979682931,1.82736125434
149,0.564946903111,1.83327235668
149,0.566998858186,1.83923796955
150,0.569155238473,1.84518743788
150,0.571405573773,1.85114210843
150,0.573751188633,1.85707953581
151,0.576179640613,1.86301669162
151,0.578700537986,1.8688945007
151,0.581297101247,1.87473498813
152,0.583971990594,1.88049363817
152,0.586703593048,1.88620090668
152,0.589488080216,1.89182711653
153,0.592303543882,1.89739835211
153,0.595158981599,1.90283983755
153,0.598022392992,1.90820688868
154,0.600890041501,1.91346364705
154,0.603734894392,1.91864846017
154,0.606558375707,1.92370966756
155,0.609334757944,1.92868323839
155,0.612049510869,1.93357152972
156,0.614689759076,1.93837452274
156,0.617246712162,1.94308303595
156,0.61969174211,1.9477548312
157,0.62203274556,1.95233804554
157,0.624236384906,1.95691648867
157,0.626310877583,1.96145026694
158,0.628249950362,1.96595238927
158,0.63002597023,1.97051042789
158,0.631663009762,1.97505821741
159,0.633143533199,1.97966788955
159,0.634479008043,1.98432884871
160,0.635663190547,1.9890935181
160,0.636704022587,1.99397330823
160,0.637625557112,1.99893074144
161,0.638416252558,2.00405321823
161,0.639101866611,2.00931578934
161,0.639700402101,2.01472068085
162,0.640213204661,2.02032427685
162,0.640667628375,2.02610144419
163,0.641080442535,2.0320593818
163,0.641469450971,2.03819985317
163,0.641846859115,2.04453918872
164,0.642231226207,2.05106941698
164,0.642641112006,2.05777761701
164,0.643084347207,2.06467985159
165,0.643581662454,2.07174528787
165,0.64414130522,2.07897754849
166,0.644765956412,2.08639306719
166,0.64547462727,2.09395070445
166,0.646276369507,2.1016371851
167,0.647165805397,2.10948281892
167,0.648154164824,2.11746146438
168,0.649247033411,2.12556359889
168,0.650453340452,2.1337678245
168,0.651765240835,2.14210754912
169,0.653200573152,2.15053217284
169,0.654752743971,2.15907185033
169,0.656431916836,2.16770207075
170,0.658244412714,2.1764110212
170,0.66018746881,2.18521641085
171,0.662272259621,2.19408847836
171,0.664500996281,2.20302465197
171,0.666878900408,2.21200880198
172,0.669400392617,2.22105589816
172,0.672077477024,2.23011682749
173,0.674904842351,2.23919336458
173,0.677876777549,2.24828156547
173,0.680990112942,2.25736188553
174,0.684239139303,2.26641634496
174,0.68760872646,2.27545201757
175,0.691095055425,2.28443346332
175,0.694676420427,2.29338076907
175,0.69834189007,2.3022763414
176,0.702079047178,2.31110726154
176,0.705861890827,2.31990677549
177,0.709684998474,2.32864349217
177,0.713523567157,2.33735434637
177,0.717365736962,2.34603986123
178,0.721199000643,2.35471077363
178,0.725005663328,2.36340611869
179,0.728783479384,2.37213236829
179,0.73252542507,2.38094129054
180,0.736240359555,2.38988093381
180,0.739955924643,2.39900839041
180,0.743737187738,2.40834556806
181,0.747665179034,2.41794253839
181,0.75185095409,2.42778677229
182,0.756410416689,2.43779779468
182,0.761417208236,2.44787284098
182,0.766895922793,2.4578277183
183,0.772784314847,2.46750866014
183,0.778948461642,2.4768213328
184,0.785230434828,2.48571667012
184,0.791478413241,2.49423483008
185,0.797589318367,2.50245539313
185,0.80351159035,2.5104966167
185,0.809252644285,2.51843876779
186,0.814840841214,2.52636619969
186,0.820318544533,2.53432312456
187,0.825729245684,2.54231643703
187,0.831103865031,2.55034784885
188,0.836457881425,2.55842874661
188,0.841810284372,2.56653393229
188,0.84716411707,2.57467199952
189,0.85253128992,2.58281690835
189,0.857902315491,2.59100405634
190,0.863286712112,2.5992096938
190,0.868690770026,2.60741944847
191,0.874102134805,2.61567465873
191,0.879535249993,2.62393608699
192,0.884986232945,2.63221940187
192,0.89045895817,2.64051702471
192,0.895947969188,2.64884900907
193,0.901460436821,2.65719790814
193,0.906997146404,2.66556521169
194,0.912555447256,2.67396242376
194,0.918137656218,2.68238636383
195,0.923745825777,2.69083462256
195,0.929383969848,2.69929908534
196,0.935046151669,2.70780051162
196,0.940736851562,2.71632930244
196,0.946458862915,2.72488079032
197,0.952207999847,2.7334703609
197,0.957994958749,2.74207058847
198,0.963811778936,2.75070757964
198,0.969659971688,2.75938015335
199,0.975542033197,2.76808431944
199,0.981461110821,2.7768142669
200,0.98741540671,2.7855781822
200,0.99340707856,2.79437301455
201,0.99943544408,2.80320370273
201,1.00550087103,2.81207218607
201,1.0116073321,2.82097032887
202,1.01775376632,2.82990409229
202,1.02394310527,2.83886831312
203,1.03017105011,2.84787789747
203,1.03644325586,2.8569201709
204,1.04275735047,2.86600470562
204,1.04911887519,2.87511932368
205,1.05552396098,2.88427775963
205,1.06197493488,2.89347677477
206,1.06847460597,2.90271193772
206,1.0750195274,2.91199590705
207,1.08161609325,2.92131472206
207,1.08826066082,2.93068173817
208,1.09495170123,2.94010462494
208,1.10169921858,2.94956025684
209,1.10849409967,2.95907701697
209,1.11534504185,2.96863580259
210,1.12225144266,2.97824272509
210,1.12920911826,2.98791369292
211,1.13622233476,2.99764263568
211,1.14329514172,3.00742477102
211,1.15042314269,3.01727836771
212,1.15761305449,3.02719351885
212,1.16486456758,3.0371801888
213,1.17217788398,3.04724875738
213,1.17955797233,3.05739952498
214,1.18700513387,3.06764790539
214,1.19453242258,3.07798011135
215,1.20213771108,3.08842627654
215,1.2098281854,3.09899810757
216,1.21761895416,3.10969383468
216,1.22552222897,3.12052712172
217,1.23355192325,3.13151627278
217,1.2417297541,3.14266966761
218,1.25008464865,3.15398805784
218,1.2586390608,3.16549928327
219,1.26743301182,3.17719709944
219,1.27650543977,3.18908700549
220,1.28590309517,3.20116155991
220,1.29567821813,3.21340285644
221,1.30588379,3.22578969345
221,1.31657108311,3.23829765837
222,1.32780318763,3.25085890965
223,1.33962417443,3.26343026309
223,1.35208587385,3.27591910265
224,1.36521674738,3.28825102995
224,1.37904627752,3.30030281066
225,1.39357441778,3.31196953278
225,1.40878261566,3.3231327631
226,1.42463479205,3.33365583335
226,1.44106665049,3.34340933797
227,1.4579834407,3.35227912826
227,1.47527042179,3.36014821654
228,1.49278083203,3.36693369395
228,1.51035812402,3.37254802634
229,1.52781495636,3.37696075866
229,1.54495925841,3.38015545037
230,1.56159216388,3.38215122759
230,1.5775121617,3.38301000072
231,1.59253140454,3.382816817
231,1.60646780395,3.38171077942
232,1.61916525075,3.37985330367
232,1.63050236286,3.37741877241
233,1.64038004454,3.37462554872
234,1.64873986951,3.37169878407
234,1.65556678998,3.36886250458
235,1.66087868745,3.3663545167
235,1.66473707968,3.36439455139
236,1.66723804685,3.36318980238
236,1.66851266233,3.36291876757
237,1.668717411,3.36373381478
237,1.66802006392,3.36577230925
238,1.66661252987,3.36911380279
238,1.66468418363,3.37381822893
239,1.66242762615,3.3799008155
240,1.66002507662,3.38734888767
240,1.65764323817,3.39612480923
241,1.65543174344,3.40616495091
241,1.65351891391,3.4173873655
242,1.65200767427,3.42970218791
242,1.65098329567,3.44300000361
243,1.6505017849,3.45718220791
243,1.65060205122,3.47214329242
244,1.65130233558,3.48778644655
245,1.65260438461,3.50402313582
245,1.65449793413,3.52077157772
246,1.65696194781,3.53796137115
246,1.65996517137,3.5555387449
247,1.66347281197,3.57345769384
247,1.66744655972,3.59168424262
248,1.67184677325,3.61019512462
249,1.67663649054,3.6289716132
249,1.68177382611,3.64801773105
250,1.68722706329,3.66732878985
250,1.69296292256,3.68691753817
251,1.69894894923,3.7068095518
251,1.7051617901,3.72702555093
252,1.71158392512,3.74758877828
253,1.71819425708,3.76854598962
253,1.72498553084,3.78992983153
254,1.73195398771,3.81178209376
254,1.73909734719,3.8341590169
255,1.74642535982,3.85710906248
256,1.75395238471,3.88069036623
256,1.76170191962,3.9049619916
257,1.76970823362,3.92998156847
257,1.77800923737,3.95582236252
258,1.78666337837,3.98253683669
259,1.79573343758,4.01019342969
259,1.80529813615,4.03885106784
260,1.81544446381,4.06857594715
260,1.82628231428,4.09940755148
261,1.8379281466,4.13139291727
262,1.85051337022,4.16456434147
262,1.86418370764,4.19893591669
263,1.87909308857,4.234511062
263,1.89540629894,4.27126910749
264,1.91329437501,4.30916715434
265,1.93293158895,4.34813758462
265,1.9544867328,4.38809793812
266,1.97812734069,4.42893156334
266,2.00401604604,4.47048635923
267,2.03229120807,4.51260919918
268,2.06308117648,4.55510599435
268,2.09649054419,4.59776560789
269,2.13259567833,4.64036416064
269,2.17144737733,4.68265525709
270,2.21306226427,4.72438647028
271,2.25742003932,4.765304335
271,2.30446373142,4.80515461805
272,2.35410138951,4.8436817186
273,2.40619525808,4.88065610626
273,2.46057302196,4.915858599
274,2.51701963286,4.94910854854
274,2.57528230975,4.98027009825
275,2.63508076974,5.00925629714
276,2.69611186496,5.03605456219
276,2.75806866904,5.06073702619
277,2.82066030121,5.08348388487
278,2.8836576347,5.10457237929
278,2.94692772465,5.1243939029
279,3.01049187171,5.14342285347
280,3.07458284027,5.16216302231
280,3.13967250149,5.1810946737
281,3.20649907009,5.20054755069
282,3.27602860635,5.22059399078
282,3.34936642247,5.24093607451
283,3.42762119491,5.26081136888
283,3.51170965213,5.27898943831
284,3.60216813362,5.29382312821
285,3.6989847762,5.30339888178
285,3.80150373459,5.30574740714
286,3.90841530454,5.29909534859
287,4.01786028316,5.28208109912
287,4.12759807496,5.25394221219
288,4.23524009036,5.21459957039
289,4.33849064108,5.16465389594
289,4.43535291662,5.10530585412
290,4.52430012508,5.03818601785
291,4.6043425128,4.96518678052
291,4.67505404104,4.88825066556
292,4.73650611552,4.80921465141
293,4.78916879123,4.72968274563
293,4.8337930006,4.6509478669
294,4.87127354648,4.57398317117
295,4.9025583464,4.49944598491
296,4.92855351813,4.42773916436
296,4.95007717123,4.35906651454
297,4.96784866496,4.29348133052
298,4.9824663804,4.23095487353
298,4.99443087752,4.17140364759
299,5.00416138628,4.11471579578
300,5.01200432914,4.0607742075
300,5.0182553484,4.00945896652
301,5.02317264898,3.96064973814
302,5.0269785171,3.91423222746
302,5.02987032763,3.87009367455
303,5.03202592214,3.82812115396
304,5.03360335449,3.78820334057
305,5.03473889903,3.75023311568
305,5.03556011453,3.71409885334
306,5.03617429171,3.67969423823
307,5.03667656355,3.64691334866
307,5.03715236233,3.6156501124
308,5.03767113836,3.58580402089
309,5.03829254148,3.55727675309
309,5.0390643899,3.52997469479
310,5.0400301812,3.50380466744
311,5.04121776239,3.4786828014
312,5.0426549354,3.454524508
312,5.04435707404,3.43125386166
313,5.04633484572,3.40879893644
314,5.04859494886,3.38709195494
315,5.05113940957,3.36607031976
315,5.05396442863,3.34567783009
316,5.05706093933,3.32586465528
317,5.06042479503,3.30658094784
317,5.06404009731,3.28778807085
318,5.067898007,3.26944643779
319,5.07198077747,3.25152604061
320,5.0762787544,3.23399551601
320,5.08077102409,3.21683457289
321,5.08544698081,3.2000201571
322,5.09028781469,3.18353814103
323,5.09528296885,3.16737281108
323,5.10041392948,3.15151689195
324,5.10566852823,3.135962456
325,5.11103676799,3.12070343635
326,5.1165032676,3.10574011663
326,5.12205785708,3.09107253755
327,5.12769145051,3.07670300599
328,5.13339372378,3.06263749274
329,5.13915396833,3.04888516092
329,5.14496620183,3.03545546865
330,5.15082616964,3.02236019948
331,5.1567229802,3.00961863193
332,5.16265769559,2.99724696621
332,5.16862244822,2.98527094179
333,5.17462031188,2.9737146887
334,5.18065127228,2.96260932036
335,5.18672238521,2.951987495
335,5.19283910636,2.94188875226
336,5.19901827169,2.93235240749
337,5.20527597527,2.92342461476
338,5.21163455182,2.91515442242
339,5.2181226433,2.9075936442
339,5.22477317845,2.90079779217
340,5.23163342881,2.89482030565
341,5.23874497808,2.88972366192
342,5.24615787179,2.88557193413
343,5.25393166029,2.88243153921
343,5.2621242046,2.88038006035
344,5.27079894528,2.87950689316
345,5.28003073975,2.87991735481
346,5.28989931059,2.88174667318
346,5.30051405445,2.88516005261
347,5.31201805497,2.8903665817
348,5.32461343183,2.89762206002
349,5.33859695852,2.90722323947
350,5.35439052576,2.9194964411
351,5.37258419502,2.93476379145
351,5.3939697894,2.95329113948
352,5.41955896026,2.97521389879
353,5.45058295563,3.0004386548
354,5.48844676029,3.02853827483
355,5.53463384931,3.05865442977
355,5.59057511199,3.08942147861
356,5.65746705129,3.11894849148
357,5.7360802265,3.144866378
358,5.82659592937,3.16444158806
359,5.92846102957,3.17476996859
360,6.04033567,3.17300029308
360,6.160117428,3.15657243228
361,6.2850380481,3.12343951887
362,6.41182521148,3.07224484418
363,6.53691658667,3.00243319239
364,6.6566758411,2.91430300549
365,6.76762422848,2.80898339376
365,6.866646863,2.68835477331
366,6.95114799944,2.55492783862
367,7.0191917588,2.41167540689
368,7.06956454717,2.26185484267
369,7.10181238603,2.10881401888
370,7.116203302,1.95581252604
370,7.11367056847,1.80585308853
371,7.09569655198,1.66154818269
372,7.06419348786,1.52501622021
373,7.02134288721,1.39782512315
374,6.96945126509,1.28097336109
375,6.91080506106,1.1749138582
376,6.84754640179,1.07961272901
376,6.78157654108,0.994634887195
377,6.71449004818,0.919246252607
378,6.6475491581,0.852519917797
379,6.58168219356,0.793437440383
380,6.51751657313,0.740974238487
381,6.45541984713,0.694165957751
382,6.39556059753,0.652151218847
383,6.33795812584,0.614194579116
383,6.28254391377,0.579690052495
384,6.22918948265,0.548154144871
385,6.17775494755,0.519207904503
386,6.12810005264,0.492557965656
387,6.08009853893,0.467976173963
388,6.03364586269,0.445281237905
389,5.98865893526,0.424323829824
390,5.94507626271,0.404974989959
391,5.90284705671,0.387118556745
392,5.86193341592,0.370645498726
392,5.82230467565,0.355451072674
393,5.78393458422,0.341433441051
394,5.74679333873,0.328493703051
395,5.71085419063,0.316535738047
396,5.67608695339,0.305467192358
397,5.64245571712,0.295200308187
398,5.60992636186,0.28565220974
399,5.57845734528,0.276745964198
400,5.54801092818,0.268410416943
401,5.51854063231,0.26058105621
402,5.4900026646,0.253199513874
403,5.46235026124,0.24621376271
403,5.43554073458,0.239577589908
404,5.40953041189,0.233250534626
405,5.38427572373,0.227197461777
406,5.35973251064,0.221388166489
407,5.33586201272,0.215796676766
408,5.31262668541,0.210400979669
409,5.28999087581,0.205182541457
410,5.26791924347,0.200125932724
411,5.24638104929,0.195218252116
412,5.22534677087,0.19044887978
413,5.2047883863,0.185809117592
414,5.1846818933,0.181291787911
415,5.16500290078,0.176891115918
416,5.14572843587,0.172602418811
417,5.12684387808,0.168421667206
418,5.10832744608,0.164345827331
419,5.09016186501,0.160372311232
420,5.07233337775,0.15649888966
421,5.05482757977,0.152723718539
421,5.03763384342,0.149045114394
422,5.02073809246,0.145461700574
423,5.00412979271,0.141972137715
424,4.98779902073,0.138575167484
425,4.97173719079,0.135269556136
426,4.95593645384,0.132054084393
427,4.94038814164,0.12892756698
428,4.92508341633,0.125888816421
429,4.91001853439,0.122936498144
430,4.89518613098,0.120069348409
431,4.88057806898,0.117286090305
432,4.86619264647,0.114585258519
433,4.85202169056,0.111965510574
434,4.83806159407,0.109425361307
435,4.82430718699,0.106963329776
436,4.8107539855,0.104577888096
437,4.79739832994,0.102267461861
438,4.78423745469,0.10003043271
439,4.77126539313,0.0978652266075
440,4.75847874299,0.0957701943149
441,4.74587698489,0.0937436130433
442,4.73345271687,0.0917838839655
443,4.72120578462,0.0898892537707
444,4.70913125653,0.0880580552245
445,4.69722619542,0.0862885774912
447,4.68548896452,0.0845790848484
448,4.67391545991,0.0829278882754
449,4.66250396304,0.0813332596273
450,4.65125151831,0.0797934999012
451,4.64015579816,0.0783069083351
452,4.62921229424,0.076871832252
453,4.61842176806,0.0754865445931
454,4.60777929658,0.0741494291024
455,4.59728284291,0.072858839235
456,4.58693057169,0.071613145533
457,4.57672120989,0.0704107319888
458,4.56664993824,0.0692500605444
459,4.55671731825,0.0681295352774
460,4.54691849997,0.0670476686376
461,4.53725383735,0.0660029227428
462,4.52771735563,0.0649938812792
463,4.51831112776,0.0640190408358
464,4.50903028029,0.0630770291092
465,4.49987437711,0.0621664422083
466,4.49084141671,0.0612859312615
468,4.48192855595,0.0604341919773
469,4.47313503859,0.0596099255583
470,4.46445502109,0.0588119353463
471,4.45589129465,0.0580389447182
472,4.447439248,0.0572898103699
473,4.43909874205,0.0565633659291
474,4.43086581569,0.0558585298396
475,4.42273837557,0.0551742319247
476,4.41471850147,0.0545093862386
477,4.40679886845,0.053863059614
478,4.39898214483,0.0532342309998
480,4.39126468348,0.0526219928282
481,4.38364464041,0.0520254506774
482,4.37612018004,0.0514437451808
483,4.36869025151,0.0508760426672
484,4.36135170683,0.0503215684705
485,4.35410549201,0.0497795346072
486,4.34694841041,0.0492492347692
487,4.3398766425,0.04873000214
489,4.33289335223,0.0482211239189
490,4.32599314448,0.0477220156275
491,4.31917485889,0.04723207639
492,4.31243859992,0.0467507225327
493,4.30578125071,0.0462774356887
494,4.29920208881,0.0458117007376
495,4.29270047731,0.0453530305608
496,4.28627296088,0.0449009957253
498,4.27992159661,0.0444551359021
499,4.27364054382,0.0440150996206
500,4.26743052209,0.0435804923299
501,4.26129060392,0.0431509615405
502,4.25522057027,0.0427261716091
503,4.24921457372,0.0423058662767
505,4.2432759935,0.0418897187886
506,4.23740421308,0.0414774643455
507,4.23159308976,0.0410689124104
508,4.22584417253,0.040663816378
509,4.22015768575,0.0402619619182
510,4.21452925565,0.0398631965371
512,4.20896138559,0.0394673192538
513,4.20345009433,0.0390742067773
514,4.19799628712,0.0386837052643
515,4.1925977588,0.0382957045359
516,4.18725362627,0.0379100958918
517,4.18196325118,0.0375267815332
519,4.17672682784,0.0371456686619
520,4.17154044027,0.036766712634
521,4.16640331407,0.0363898512524
522,4.1613191727,0.0360149935734
523,4.15628281903,0.0356421360682
525,4.15129476019,0.0352712341616
526,4.14635423365,0.0349022625482
527,4.14145912692,0.0345352147331
528,4.1366103911,0.0341700654472
530,4.13180742434,0.0338068090393
531,4.12704672355,0.0334454692414
532,4.1223302273,0.0330860305424
533,4.11765828543,0.0327284956812
534,4.11302543757,0.0323729177672
536,4.10843587984,0.0320192770286
537,4.10388681729,0.0316676125659
538,4.09937817405,0.031317945056
539,4.09490712097,0.0309703187944
541,4.09047768908,0.0306247282945
542,4.08608584016,0.030281231191
543,4.08172983107,0.0299398688196
544,4.07741278116,0.0296006481446
546,4.07313165196,0.0292636224773
547,4.06888687923,0.0289288204103
548,4.06467706789,0.0285962841917
549,4.06050230313,0.0282660457639
551,4.05636356316,0.027938131141
552,4.05225821316,0.0276125912448
553,4.04818615794,0.0272894589207
555,4.04414795015,0.0269687623216
556,4.04014135445,0.0266505476516
557,4.03616903915,0.026334827842
558,4.0322267645,0.0260216604096
560,4.02831825975,0.0257110499336
561,4.02443740304,0.0254030632637
562,4.02059036692,0.0250976877331
564,4.01677297278,0.0247949751673
565,4.01298413221,0.0244949561748
566,4.0092262319,0.0241976388456
567,4.00549845503,0.0239030497445
569,4.00179946596,0.0236112169398
570,3.99812816739,0.023322165387
571,3.99448557317,0.02303590619
573,3.99087017121,0.0227524637214
574,3.9872826269,0.022471848275
575,3.98372255152,0.0221940747769
577,3.98018979385,0.0219191553316
578,3.97668443493,0.0216470993337
579,3.97320445839,0.0213779260865
581,3.96975135284,0.021111634367
582,3.96632477955,0.0208482315667
583,3.96292203993,0.0205877359111
585,3.95954598354,0.0203301351669
586,3.95619462635,0.0200754410309
587,3.9528682402,0.0198236521522
589,3.94956727381,0.019574765142
590,3.94628920812,0.0193287900589
591,3.94303685884,0.0190857093973
593,3.93980654787,0.0188455362397
594,3.93660175319,0.0186082479214
596,3.9334204801,0.0183738470784
597,3.93026034344,0.0181423366934
598,3.92712501548,0.017913690629
600,3.92401163818,0.0176879120534
601,3.92092234616,0.0174649803902
602,3.91785409567,0.0172448974583
604,3.91480818164,0.0170276447543
605,3.91178369598,0.0168132127428
607,3.90878154264,0.0166015832732
608,3.90580035695,0.0163927472049
609,3.90284223841,0.016186680099
611,3.89990208042,0.0159833868437
612,3.89698649128,0.0157828233032
614,3.89408965921,0.0155849957757
615,3.89121326552,0.0153898793011
617,3.88835813086,0.0151974521245
618,3.88552397329,0.0150076964549
619,3.8827077335,0.0148206046352
621,3.87991367898,0.014636140436
622,3.87713761416,0.0144542995894
624,3.87438266886,0.0142750497742
625,3.87164455296,0.0140983859393
627,3.86892844099,0.0139242679693
628,3.86623054469,0.0137526882658
629,3.86355028965,0.0135836270799
631,3.86089006276,0.0134170540908
632,3.85824778065,0.0132529545523
634,3.85562389362,0.0130913046355
635,3.85301975841,0.0129320774175
637,3.85043255903,0.0127752599243
638,3.84786317464,0.0126208265448
640,3.84531203354,0.0124687531981
641,3.84277842718,0.0123190194613
643,3.84026213783,0.0121716032176
644,3.83776339104,0.0120264809116
646,3.83528161537,0.0118836314849
647,3.83281688956,0.0117430318158
649,3.83036964906,0.0116046577338
650,3.82793856669,0.0114684904396
652,3.82552517439,0.0113345025271
653,3.82312859262,0.0112026739098
655,3.82074692349,0.0110729873957
656,3.81838255472,0.0109454133345
658,3.81603396538,0.0108199335333
659,3.81370217949,0.0106965225513
661,3.81138397771,0.0105751669297
662,3.80908441093,0.0104558302114
664,3.806798497,0.0103385038735
665,3.8045297022,0.0102231562038
667,3.8022749553,0.0101097733626
668,3.8000365634,0.00999832710732
670,3.79781263423,0.0098888004784
671,3.79560510761,0.00978116652578
673,3.79341232205,0.0096754077801
675,3.79123271711,0.00957150642573
676,3.78906959312,0.00946943242114
678,3.78692032244,0.00936917080128
679,3.78478543023,0.00927069868365
681,3.78266496306,0.00917399446062
682,3.7805594105,0.00907903551842
684,3.77846684353,0.00898580508443
685,3.77638935675,0.00889427676441
687,3.77432549272,0.00880443266368
689,3.77227663413,0.0087162482035
690,3.77024070248,0.00862970684468
692,3.76821758527,0.00854478739177
693,3.76620951719,0.00846146333477
695,3.76421420141,0.00837971838641
697,3.76223275383,0.00829952847404
698,3.76026400992,0.00822087451309
700,3.75830851727,0.00814373351004
701,3.75636675014,0.00806808254288
703,3.75443699611,0.0079939032292
705,3.75252203471,0.00792116740264
706,3.75061828715,0.00784986020578
708,3.74872919766,0.00777995172365
710,3.74685065981,0.00771142756843
711,3.74498628329,0.00764425703787
713,3.74313322605,0.00757842242304
715,3.74129442939,0.0075138938685
716,3.73946590208,0.00745065514511
718,3.7376510537,0.0073886747316
719,3.73584768666,0.00732793187387
721,3.73405720992,0.00726839818369
723,3.73227746498,0.00721005173251
724,3.73051097719,0.00715286093167
726,3.72875573538,0.0070968023798
728,3.72701285214,0.00704184602897
729,3.72528196643,0.00698796398676
731,3.72356189227,0.0069351291667
733,3.72185355938,0.00688330975671
735,3.72015859486,0.00683247192213
736,3.71847370603,0.00678259005327
738,3.71679931998,0.00673363076596
740,3.7151368208,0.00668555806767
741,3.71348685576,0.00663833640369
743,3.7118476116,0.0065919336358
745,3.71021817091,0.00654631494312
746,3.7086009617,0.00650143854991
748,3.70699480409,0.00645726799633
750,3.70540019553,0.0064137627617
752,3.70381543976,0.00637088499353
753,3.70224228118,0.00632858974035
755,3.70067934358,0.00628683626936
757,3.69912663192,0.00624558029351
759,3.69758460684,0.00620477559675
760,3.69605375937,0.00616437477316
762,3.69453403707,0.00612433019376
764,3.69302420378,0.00608459505671
766,3.69152433425,0.00604511927566
767,3.69003477515,0.00600585127978
769,3.68855633936,0.00596673776686
771,3.68708680467,0.00592772942131
773,3.68562781238,0.00588876981943
775,3.68417809731,0.00584980646279
776,3.6827398487,0.0058107807026
778,3.68131134765,0.0057716395757
780,3.67989107124,0.00573232935059
782,3.67848089757,0.00569279072664
783,3.67708121676,0.00565296668866
785,3.67568955602,0.00561280471238
787,3.67430877708,0.00557224437988
789,3.67293610795,0.00553123438805
791,3.67157399369,0.00548971625148
793,3.67022008348,0.00544763968401
794,3.66887521005,0.00540495083321
796,3.66754025475,0.00536159730115
798,3.66621290522,0.00531753312328
800,3.66489483625,0.00527270853155
802,3.66358426717,0.00522708109042
804,3.66228349154,0.00518060512607
805,3.66098914728,0.00513324590509
807,3.65970525804,0.00508496144498
809,3.65842724489,0.00503572526962
811,3.65715876437,0.00498550316474
813,3.65589883409,0.00493427135435
815,3.65464472222,0.00488201256952
817,3.65339903372,0.00482870677521
819,3.65215991565,0.00477434454747
820,3.65092985409,0.00471891555162
822,3.64970512703,0.00466242247649
824,3.64848901673,0.00460486399687
826,3.64727930018,0.00454625097536
828,3.64607637059,0.00448659607479
830,3.64487923987,0.00442591881474
832,3.64369034588,0.0043642396578
834,3.64250558253,0.00430159198547
836,3.6413296246,0.00423800358693
838,3.64015763461,0.00417351822058
840,3.63899268825,0.00410817491675
841,3.63783349934,0.00404202207343
843,3.63668007809,0.00397511061481
845,3.6355326406,0.00390749497762
847,3.6343909251,0.00383923352411
849,3.63325422413,0.00377038811263
851,3.63212350448,0.00370102152386
853,3.63099719889,0.00363120144036
855,3.62987726388,0.00356099386702
857,3.62876191905,0.00349047004789
859,3.62765198012,0.00341969973491
861,3.62654655569,0.00334875500963
863,3.62544648008,0.00327770662171
865,3.62435113991,0.00320662658109
867,3.62326084671,0.00313558559771
869,3.6221760876,0.00306465345608
871,3.62109493895,0.00299390084262
873,3.62001880336,0.00292339417634
875,3.61894795007,0.00285319916574
877,3.61788265694,0.00278337956893
879,3.61682000849,0.0027139993724
881,3.61576345906,0.00264511529786
883,3.6147112047,0.00257678552282
885,3.61366289565,0.00250906438782
887,3.61262024885,0.00244200200623
889,3.61158249769,0.0023756473598
891,3.61054887906,0.00231004641972
893,3.60951990307,0.00224524132121
896,3.60849485084,0.00218127197387
898,3.6074755274,0.00211817375527
900,3.60645940893,0.00205598165782
902,3.60545003454,0.00199472421016
904,3.60444412737,0.00193443095178
906,3.60344253031,0.00187512624377
908,3.60244687811,0.00181683136376
910,3.601454824,0.00175956698455
912,3.60046713608,0.00170334959797
914,3.59948437423,0.00164819337959
916,3.59850791772,0.00159410981995
918,3.59753431285,0.00154111031163
921,3.5965649871,0.00148920188634
923,3.5956013664,0.00143838963113
925,3.59464325635,0.00138867741994
927,3.59368862201,0.00134006799269
929,3.59273933955,0.00129256087431
931,3.59179409096,0.00124615520352
933,3.59085426564,0.00120084765789
936,3.58991924508,0.00115663424415
938,3.58898871819,0.00111350955454
940,3.58806330899,0.00107146669441
942,3.58714250695,0.00103049802273
944,3.58622594852,0.000990594821922
946,3.58531404179,0.000951747226342
949,3.58440711253,0.000913944562625
951,3.58350473926,0.000877175584672
953,3.58260753411,0.000841428091377
955,3.58171479776,0.000806689576176
957,3.58082711593,0.000772946670363
960,3.57994333084,0.000740185893068
962,3.5790653503,0.000708392680924
964,3.57819149383,0.000677552839256
966,3.57732167298,0.000647651503729
968,3.57645680926,0.000618673360031
971,3.5755970997,0.000590603017533
973,3.57474216497,0.000563425000864
975,3.57389150374,0.000537123701904
977,3.57304658325,0.0005116831161
980,3.57220454555,0.000487087805775
982,3.57136787154,0.000463321533781
984,3.57053563212,0.000440368551361
986,3.56970872845,0.000418212902582
989,3.56888529195,0.000396839019453
991,3.56806679927,0.000376231020457
993,3.56725325364,0.000356373311387
996,3.56644331518,0.000337250551521
998,3.56563868981,0.000318847245651
1000,3.56483816526,0.000301148343091
1003,3.56404200418,0.000284138830322
1005,3.56325020537,0.000267803911607
1007,3.56246348931,0.000252128945399
1009,3.56168085511,0.000237099633136
1012,3.56090218855,0.000222701829852
1014,3.56012841384,0.000208921562489
1016,3.55935849802,0.000195745221163
1019,3.55859360987,0.000183159315147
1021,3.55783232994,0.000171150747039
1024,3.5570758106,0.000159706541774
1026,3.55632379452,0.000148814057848
1028,3.55557583055,0.000138460920061
1031,3.55483139681,0.000128635014315
1033,3.55409170211,0.000119324427682
1035,3.55335649377,0.000110517569958
1038,3.5526243402,0.000102203146354
1040,3.55189806035,9.43699996352e-05
1043,3.55117527498,8.7007385969e-05
1045,3.5504552345,8.01047648689e-05
1047,3.54974137384,7.36517616471e-05
1050,3.54903023909,6.76384119993e-05
1052,3.54832348988,6.20548908081e-05
1055,3.54762151642,5.68916524112e-05
1057,3.54692310332,5.21394215166e-05
1060,3.54622855178,4.77891370525e-05
1062,3.54553696924,4.38319914655e-05
1064,3.5448515034,4.02593607632e-05
1067,3.5441679165,3.70629387981e-05
1069,3.54348952438,3.42345558241e-05
1072,3.54281553181,3.17449169471e-05
1074,3.54214472055,2.95474103939e-05
1077,3.54147897412,2.76349099927e-05
1079,3.54081609542,2.59701029976e-05
1082,3.54015764738,2.43941413751e-05
1084,3.53950263538,2.28843627837e-05
1087,3.53885186481,2.14392886081e-05
1089,3.53820459302,2.0057481468e-05
1092,3.53756174285,1.87375252826e-05
1094,3.5369220762,1.74780472873e-05
1097,3.53628537927,1.62776995049e-05
1099,3.53565324477,1.51351571268e-05
1102,3.535024739,1.40491383463e-05
1104,3.53439875377,1.3018391528e-05
1107,3.53377718699,1.20416839812e-05
1109,3.53315890725,1.11142950151e-05
1112,3.53254358416,1.02315790964e-05
1115,3.53193323229,9.39253406503e-06
1117,3.53132473088,8.59619692313e-06
1120,3.53071991009,7.84161533798e-06
1122,3.53011897499,7.12786591078e-06
1125,3.52952065518,6.45405175631e-06
1128,3.52892567873,5.81938973427e-06
1130,3.52833418839,5.22382996894e-06
1133,3.52774743707,4.66667813249e-06
1135,3.52716235022,4.14707709169e-06
1138,3.52658063086,3.66418773129e-06
1141,3.52600221457,3.21719760485e-06
1143,3.52542674215,2.80531790851e-06
1146,3.5248544955,2.42778204415e-06
1148,3.52428579994,2.08316646475e-06
1151,3.5237195151,1.76877561472e-06
1154,3.52315657765,1.48382987002e-06
1156,3.52259737213,1.22770015923e-06
1159,3.52203990684,9.99776461005e-07
1162,3.52148641336,7.99465072337e-07
1164,3.52093531203,6.26190712706e-07
1167,3.5203883261,4.79394086563e-07
1170,3.51984355292,3.58532780146e-07
1173,3.51930145868,2.63079715372e-07
1175,3.5187627233,1.92523171684e-07
1178,3.51822665962,1.46366374852e-07
1181,3.51769433716,1.22625069583e-07
1183,3.51716392756,1.06761518221e-07
1186,3.5166370828,9.51425967937e-08
1189,3.51611225631,8.76768195685e-08
1192,3.51559103717,8.31400912137e-08
1194,3.51507192685,7.89356986805e-08
1197,3.51455581886,7.49543871066e-08
1200,3.51404220087,7.11838152863e-08
1203,3.51353216071,6.76123198349e-08
1205,3.51302470211,6.42289481501e-08
1208,3.51251907607,6.10233680833e-08
1211,3.51201656292,5.79858028165e-08
1214,3.5115169474,5.51070597378e-08
1217,3.51101924095,5.2378480463e-08
1219,3.51052523068,4.97918568592e-08
1222,3.5100338209,4.73394884226e-08
1225,3.50954419676,4.50141042922e-08
1228,3.50905785025,4.28088142308e-08
1231,3.50857410285,4.07171436803e-08
1233,3.50809215485,3.87329819606e-08
1236,3.50761258314,3.68505452187e-08
1239,3.50713673762,3.50643662287e-08
1242,3.50666224964,3.33693201082e-08
1245,3.50619136906,3.17605223407e-08
1248,3.50572226042,3.02333978725e-08
1251,3.50525588044,2.87836001282e-08
1254,3.50479168141,2.74070358472e-08
1256,3.50432982976,2.60998317757e-08
1259,3.5038709714,2.48583247501e-08
1262,3.5034139004,2.36790660433e-08
1265,3.50295908943,2.25587840969e-08
1268,3.50250743337,2.14943841829e-08
1271,3.50205826653,2.04829503804e-08
1274,3.5016101555,1.9521729323e-08
1277,3.50116536846,1.86080965643e-08
1280,3.5007227925,1.77395887384e-08
1283,3.50028197594,1.69138718151e-08
1286,3.49984341805,1.61287331019e-08
1289,3.49940747347,1.53820800687e-08
1292,3.49897396869,1.46719350826e-08
1295,3.4985425991,1.39964269947e-08
1298,3.498113531,1.33537828311e-08
1301,3.49768649663,1.27423259582e-08
1304,3.49726155895,1.21604677913e-08
1307,3.496839415,1.16067021264e-08
1310,3.49641911565,1.10796081639e-08
1313,3.49600070181,1.05778369075e-08
1316,3.4955846368,1.01001094051e-08
1319,3.4951717275,9.64521331542e-09
1322,3.49475923134,9.2120096727e-09
1325,3.49434926759,8.79940608248e-09
1328,3.49394170983,8.40637342986e-09
1331,3.49353724859,8.03193442087e-09
1334,3.49313367113,7.67516925891e-09
1337,3.4927323052,7.33519791404e-09
1340,3.49233314915,7.01118904085e-09
1343,3.49193602635,6.70235465595e-09
1346,3.49154058756,6.40794774682e-09
1349,3.49114724417,6.12725837733e-09
1353,3.49075632271,5.85961334893e-09
1356,3.4903678046,5.60437461981e-09
1359,3.48998050049,5.36093859291e-09
1362,3.48959540594,5.12872906554e-09
1365,3.48921170738,4.90720192024e-09
1368,3.48883088235,4.69583748311e-09
1371,3.48845119249,4.49414682715e-09
1375,3.48807447864,4.30166108332e-09
1378,3.48769876452,4.11793984681e-09
1381,3.48732520457,3.94256107642e-09
1384,3.48695344264,3.77512574797e-09
1387,3.4865842395,3.61525364761e-09
1390,3.48621570434,3.46258631639e-09
1394,3.4858495555,3.31677953929e-09
1397,3.48548599405,3.17750783155e-09
1400,3.4851232437,3.04446363672e-09
1403,3.48476300913,2.91735155138e-09
1407,3.48440425149,2.79589316916e-09
1410,3.48404757861,2.67982245782e-09
1413,3.4836929988,2.56888699348e-09
1416,3.4833393382,2.46284759524e-09
1420,3.48298815255,2.36147486239e-09
1423,3.48263841601,2.26455242604e-09
1426,3.48229072294,2.17187338849e-09
1429,3.4819446948,2.08324155861e-09
1433,3.48160036772,1.99847001378e-09
1436,3.48125785515,1.91738085642e-09
1439,3.48091621394,1.83980536201e-09
1443,3.4805772357,1.76558150563e-09
1446,3.48024016157,1.69455641372e-09
1449,3.47990395048,1.62658464602e-09
1453,3.47956997879,1.56152659563e-09
1456,3.47923729611,1.49925040738e-09
1459,3.47890693408,1.43962965277e-09
1463,3.47857778014,1.38254482204e-09
1466,3.4782502977,1.32788143318e-09
1469,3.4779242184,1.2755307186e-09
1473,3.4776004293,1.22538863746e-09
1476,3.47727763179,1.17735683202e-09
1480,3.47695696398,1.13134073364e-09
1483,3.47663728222,1.08725097014e-09
1487,3.4763198692,1.04500158884e-09
1490,3.47600421647,1.00451121573e-09
1493,3.47568962992,9.6570230826e-10
1497,3.47537612189,9.28500722639e-10
1500,3.47506472919,8.92835495912e-10
1504,3.4747551113,8.58639322373e-10
1507,3.47444703995,8.25847971289e-10
1511,3.47413985745,7.94400265438e-10
1514,3.47383510679,7.64237343213e-10
1518,3.47353116187,7.3530375227e-10
1521,3.47322908131,7.07545995776e-10
1525,3.47292857817,6.80913308838e-10
1528,3.47262865987,6.55357367698e-10
1532,3.47233175141,6.30831405826e-10
1535,3.47203546676,6.0729166745e-10
1539,3.47174037925,5.84695835558e-10
1542,3.47144744317,5.63003452158e-10
1546,3.47115494718,5.42176316191e-10
1549,3.47086577283,5.2217722501e-10
1553,3.47057580193,5.02971704112e-10
1557,3.47028833595,4.84525724366e-10
1560,3.47000248506,4.66807387943e-10
1564,3.46971778941,4.49786149281e-10
1567,3.46943431532,4.33432749246e-10
1571,3.46915291201,4.17719132394e-10
1575,3.46887272623,4.02618692377e-10
1578,3.46859391955,3.88105873688e-10
1582,3.46831529648,3.74156394655e-10
1586,3.46803933124,3.60746645063e-10
1589,3.46776443622,3.47854483841e-10
1593,3.46749046071,3.35458582587e-10
1597,3.46721864041,3.23538412551e-10
1600,3.46694818064,3.12074533018e-10
1604,3.46667817243,3.01048349972e-10
1608,3.46641020001,2.90441858823e-10
1611,3.46614289148,2.80238084835e-10
1615,3.4658780396,2.70420527539e-10
1619,3.46561373152,2.60973689132e-10
1622,3.46535077551,2.51882525309e-10
1626,3.46508933849,2.431326868e-10
1630,3.46482859245,2.34710505118e-10
1634,3.46456969842,2.26602759948e-10
1637,3.46431197482,2.18796916341e-10
1641,3.46405546501,2.11280922404e-10
1645,3.46379987913,2.04043256795e-10
1649,3.46354562524,1.97072843087e-10
1653,3.4632931772,1.90359070329e-10
1656,3.46304162377,1.83891849144e-10
1660,3.46279125642,1.77661446952e-10
1664,3.46254191538,1.71658562372e-10
1668,3.4622945631,1.65874227412e-10
1672,3.46204798696,1.6029995265e-10
1676,3.46180236645,1.54927533795e-10
1680,3.46155821093,1.49749092801e-10
1683,3.46131507136,1.44757119524e-10
1687,3.4610733717,1.3994437667e-10
1691,3.46083283314,1.35303953662e-10
1695,3.46059316758,1.3082922323e-10
1699,3.460355345,1.26513781986e-10
1703,3.46011803897,1.22351573229e-10
1707,3.45988218795,1.18336705005e-10
1711,3.45964706094,1.14463583168e-10
1715,3.45941341823,1.10726790887e-10
1719,3.45918088166,1.07121167663e-10
1723,3.4589499643,1.0364173386e-10
1727,3.45871965323,1.00283755897e-10
1731,3.45849053249,9.70426431782e-11
1735,3.45826246351,9.39140099683e-11
1739,3.45803570193,9.08936356554e-11
1743,3.45780947287,8.79774946005e-11
1747,3.45758558317,8.51616559643e-11
1751,3.45736177517,8.24424462385e-11
1755,3.4571395682,7.98162453093e-11
1759,3.45691784067,7.72796382567e-11
1763,3.45669713368,7.4829306679e-11
1767,3.45647839166,7.24620554132e-11
1771,3.45626020052,7.01748641294e-11
1775,3.45604316791,6.79647885149e-11
1779,3.45582685744,6.58290204101e-11
1783,3.45561212615,6.37648362913e-11
1787,3.45539800335,6.17696525642e-11
1791,3.45518477539,5.98409626835e-11
1796,3.45497273011,5.79763574314e-11
1800,3.45476223283,5.61735197555e-11
1804,3.45455232728,5.4430243096e-11
1808,3.45434319513,5.27443871555e-11
1812,3.45413587694,5.11138810522e-11
1816,3.45392914583,4.95367669737e-11
1821,3.45372299754,4.80111432418e-11
1825,3.45351844237,4.65351669183e-11
1829,3.45331450062,4.51070922068e-11
1833,3.45311200507,4.37252153393e-11
1837,3.45290992109,4.23879207115e-11
1842,3.45270896899,4.10936317213e-11
1846,3.45250938086,3.98408374422e-11
1850,3.4523106924,3.862809156e-11
1854,3.45211281772,3.7453997244e-11
1859,3.45191543058,3.6317212575e-11
1863,3.45171942949,3.52164324852e-11
1867,3.45152436976,3.41504147588e-11
1872,3.45133011081,3.31179597333e-11
1876,3.45113711308,3.21179064543e-11
1880,3.45094470186,3.11491474562e-11
1884,3.45075309515,3.02106076609e-11
1889,3.45056343097,2.93012438383e-11
1893,3.45037351446,2.84200790896e-11
1898,3.45018465458,2.75661429544e-11
1902,3.4499973967,2.67385069974e-11
1906,3.4498102212,2.59362923514e-11
1911,3.44962435062,2.51586312595e-11
1915,3.44944018165,2.44046938164e-11
1920,3.44925619099,2.36736935873e-11
1924,3.44907264963,2.29648595227e-11
1928,3.4488903426,2.22774452239e-11
1933,3.44870938991,2.16107356072e-11
1937,3.44852837982,2.09640505711e-11
1942,3.44834884204,2.03367160466e-11
1946,3.44817035523,1.9728094099e-11
1951,3.44799168251,1.91375736515e-11
1955,3.44781493943,1.85645466108e-11
1960,3.44763830669,1.80084480102e-11
1964,3.4474629923,1.74687165215e-11
1969,3.44728889645,1.69448175722e-11
1973,3.44711457239,1.64362417059e-11
1978,3.44694275219,1.59424774077e-11
1982,3.44677051883,1.54630574003e-11
1987,3.44659880416,1.49975128296e-11
1992,3.44642843727,1.45453919363e-11
1996,3.44625896016,1.41062641706e-11
2001,3.44609057276,1.36797110998e-11
2005,3.44592260357,1.32653321351e-11
2010,3.44575560559,1.28627357283e-11
2015,3.44558916349,1.24715473694e-11
2019,3.44542356038,1.20914029226e-11
2024,3.44525864225,1.17219521109e-11
2029,3.44509488141,1.13628546254e-11
2033,3.44493128775,1.1013786465e-11
2038,3.44476962472,1.06744257904e-11
2043,3.44460807654,1.03444729756e-11
2047,3.44444719668,1.00236310453e-11
2052,3.44428714304,9.7116143254e-12
2057,3.44412803227,9.40814686095e-12
2062,3.44396926425,9.11296391491e-12
2066,3.44381204889,8.82580477132e-12
2071,3.44365477725,8.54642472323e-12
2076,3.44349839646,8.27458067497e-12
2081,3.44334282141,8.01004024422e-12
2085,3.4431879304,7.75257877448e-12
2090,3.44303376382,7.50197867671e-12
2095,3.44288085977,7.25802845961e-12
2100,3.44272836974,7.02052655232e-12
2105,3.44257677735,6.7892751795e-12
2110,3.44242561447,6.56408497423e-12
2115,3.44227499061,6.34477155149e-12
2119,3.44212518438,6.13115629201e-12
2124,3.44197643649,5.9230664646e-12
2129,3.44182767997,5.72033716934e-12
2134,3.44168054895,5.52280430592e-12
2139,3.44153372893,5.33031392287e-12
2144,3.4413878512,5.14271387081e-12
2149,3.44124249457,4.95985853518e-12
2154,3.44109721262,4.78160689752e-12
2159,3.44095392319,4.60781921843e-12
2164,3.44081010946,4.43836625624e-12
2169,3.44066826507,4.2731162294e-12
2174,3.44052582984,4.11194794809e-12
2179,3.44038429384,3.95473906653e-12
2184,3.44024370861,3.80137286366e-12
2189,3.44010363687,3.65173683813e-12
2194,3.43996446639,3.50572109893e-12
2199,3.43982608809,3.36321975227e-12
2204,3.4396883556,3.2241302413e-12
2209,3.43955091949,3.08835333659e-12
2214,3.43941393347,2.955792451e-12
2219,3.43927817168,2.82635349385e-12
2224,3.4391430644,2.69994641083e-12
2230,3.43900803393,2.5764839072e-12
2235,3.43887440435,2.45587991315e-12
2240,3.43874099843,2.3380528711e-12
2245,3.43860849441,2.22292239394e-12
2250,3.43847533447,2.11041198552e-12
2255,3.43834427382,2.02798303064e-12
2261,3.43821361042,1.99116286853e-12
2266,3.43808322864,1.95513303811e-12
2271,3.43795355097,1.91987525134e-12
2276,3.43782433229,1.88537203323e-12
2281,3.43769587512,1.85160604534e-12
2287,3.43756833175,1.81856044944e-12
2292,3.43744135639,1.78621911147e-12
2297,3.43731456801,1.75456628456e-12
2303,3.437188305,1.72358623241e-12
2308,3.43706297481,1.69326360165e-12
2313,3.43693834078,1.66358370825e-12
2319,3.43681378171,1.63453242271e-12
2324,3.4366904234,1.60609512067e-12
2329,3.43656743645,1.57825846232e-12
2335,3.4364450838,1.55100891442e-12
2340,3.43632310585,1.52433351384e-12
2345,3.43620175943,1.4982193813e-12
2351,3.4360808949,1.47265411384e-12
2356,3.43596083219,1.44762544194e-12
2362,3.43584125912,1.42312161742e-12
2367,3.43572211781,1.39913109667e-12
2373,3.43560423796,1.37564223475e-12
2378,3.43548598465,1.35264467994e-12
2384,3.43536897294,1.33012700844e-12
2389,3.43525236018,1.3080790527e-12
2395,3.43513562067,1.28649075476e-12
2400,3.43502011913,1.26535158589e-12
2406,3.43490503567,1.24465208387e-12
2411,3.43479021741,1.22438275897e-12
2417,3.43467673377,1.20453392226e-12
2422,3.43456325347,1.18509694362e-12
2428,3.43444978726,1.1660629457e-12
2433,3.43433732318,1.14742291869e-12
2439,3.43422547856,1.12916851846e-12
2445,3.43411431163,1.1112914798e-12
2450,3.43400325643,1.0937839112e-12
2456,3.43389356905,1.07663752909e-12
2462,3.43378353518,1.05984517734e-12
2467,3.43367441111,1.04339895384e-12
2473,3.43356518982,1.02729181904e-12
2479,3.43345724295,1.01151619413e-12
2484,3.43334964066,9.96065363342e-13
2490,3.433242191,9.80932532175e-13
2496,3.43313553371,9.66110838605e-13
2502,3.43302943264,9.51593837572e-13
2507,3.4329238751,9.37375144128e-13
2513,3.43281892766,9.23448528903e-13
2519,3.43271398665,9.09808067072e-13
2525,3.43261013658,8.96447525308e-13
2531,3.43250577923,8.83361523116e-13
2536,3.43240260929,8.70543943048e-13
2542,3.43230032602,8.57989330891e-13
2548,3.4321979722,8.45692512182e-13
2554,3.43209536125,8.33648237363e-13
2560,3.43199511546,8.21850704226e-13
2566,3.43189347874,8.10295766592e-13
2572,3.43179361803,7.98977735533e-13
2578,3.43169368289,7.87892225702e-13
2584,3.43159443214,7.77034344926e-13
2590,3.43149518949,7.66399643011e-13
2596,3.43139709114,7.55983364304e-13
2602,3.43129914602,7.457813321e-13
2608,3.43120152189,7.3578920582e-13
2614,3.43110432029,7.26002763119e-13
2620,3.43100812284,7.16417773588e-13
2626,3.43091125593,7.07030570754e-13
2632,3.4308161599,6.97836727993e-13
2638,3.43072033017,6.88832919399e-13
2644,3.43062597174,6.8001495209e-13
2650,3.43053172361,6.71379428193e-13
2656,3.43043748794,6.62922788444e-13
2662,3.43034435632,6.54641308696e-13
2668,3.43025104959,6.46531818824e-13
2674,3.43015868327,6.38590753214e-13
2681,3.43006620633,6.30815031753e-13
2687,3.42997488007,6.23201229457e-13
2693,3.42988304581,6.15746511303e-13
2699,3.42979242451,6.08447504197e-13
2705,3.42970236554,6.01301340153e-13
2712,3.42961202509,5.94305234397e-13
2718,3.42952236937,5.87456158061e-13
2724,3.4294332352,5.80751345577e-13
2730,3.42934472152,5.74188038528e-13
2737,3.42925650911,5.67763617104e-13
2743,3.42916818612,5.61475534522e-13
2749,3.42908080634,5.55321050182e-13
2756,3.42899381514,5.49297758864e-13
2762,3.42890717606,5.43403214032e-13
2768,3.42882080238,5.37635036952e-13
2775,3.4287347159,5.31990879919e-13
2781,3.42864982349,5.26468313966e-13
2788,3.42856457077,5.21065335798e-13
2794,3.42848021461,5.15779563976e-13
2800,3.42839513904,5.10609096294e-13
2807,3.42831156427,5.05551503337e-13
2813,3.42822824462,5.00604919375e-13
2820,3.42814515406,4.95767341972e-13
2826,3.42806220045,4.91036820158e-13
2833,3.42797984157,4.86411368788e-13
2839,3.42789812326,4.81889102931e-13
2846,3.42781686236,4.77468208733e-13
2853,3.42773578571,4.73146930156e-13
2859,3.42765444869,4.68923563722e-13
2866,3.42757462479,4.64796150507e-13
2872,3.42749423163,4.60763287276e-13
2879,3.42741512718,4.56823076818e-13
2886,3.42733566861,4.52974128109e-13
2892,3.42725655737,4.49214769422e-13
2899,3.42717837868,4.45543381654e-13
2906,3.42710000828,4.41958602681e-13
2912,3.42702226511,4.38458844488e-13
2919,3.42694473084,4.3504272332e-13
2926,3.42686756559,4.31708798973e-13
2932,3.42679068687,4.28455699279e-13
2939,3.42671436204,4.25282038481e-13
2946,3.42663846996,4.22186504236e-13
2953,3.42656309417,4.19167791729e-13
2960,3.42648765826,4.16224703759e-13
2966,3.42641307233,4.13355887992e-13
2973,3.42633797542,4.10560292919e-13
2980,3.42626397692,4.07836537324e-13
2987,3.42619024103,4.05183558257e-13
2994,3.42611663596,4.02600236052e-13
3001,3.42604303864,4.00085466112e-13
3008,3.42597083306,3.97638001591e-13
3015,3.42589818936,3.95256987472e-13
3022,3.42582593901,3.92941283154e-13
3029,3.4257540969,3.90689867262e-13
3036,3.4256825467,3.88501752889e-13
3043,3.4256111811,3.86375976369e-13
3050,3.42554109308,3.84311456295e-13
3057,3.42547018782,3.8230749274e-13
3064,3.42540005023,3.80362991491e-13
3071,3.42533040451,3.78477087682e-13
3078,3.42526059903,3.76648976994e-13
3085,3.42519158779,3.74877695763e-13
3092,3.42512281183,3.73162465382e-13
3099,3.42505409638,3.71502483455e-13
3106,3.42498585135,3.69896902126e-13
3113,3.42491796427,3.68344945152e-13
3121,3.4248506794,3.66845819407e-13
3128,3.4247834252,3.65398831469e-13
3135,3.42471611024,3.64003254972e-13
3142,3.42464978155,3.62658258069e-13
3150,3.42458352311,3.61363232998e-13
3157,3.42451700121,3.6011752382e-13
3164,3.42445174907,3.5892029615e-13
3171,3.42438620266,3.577710521e-13
3179,3.4243208326,3.56669098133e-13
3186,3.4242563136,3.55613731282e-13
3193,3.42419168532,3.5460443425e-13
3201,3.42412774873,3.53640518761e-13
3208,3.42406383291,3.52721464583e-13
3215,3.42400021142,3.51846662951e-13
3223,3.42393727547,3.51015509836e-13
3230,3.42387383726,3.50227574033e-13
3238,3.42381118665,3.4948218128e-13
3245,3.42374847009,3.48778891486e-13
3253,3.42368676078,3.48117077166e-13
3260,3.42362477012,3.47496364466e-13
3268,3.4235634491,3.46916162132e-13
3275,3.4235024772,3.46376018506e-13
3283,3.42344132736,3.45875515447e-13
3290,3.4233804832,3.45414141546e-13
3298,3.4233205034,3.44991389191e-13
3306,3.42326019268,3.44606937132e-13
3313,3.42320014108,3.44260294843e-13
3321,3.42314017971,3.43951057453e-13
3328,3.42308133303,3.43678710554e-13
3336,3.42302236508,3.434429753e-13
3344,3.42296389623,3.43243396757e-13
3352,3.42290522967,3.43079659672e-13
3359,3.42284702548,3.42951322897e-13
3367,3.42278883038,3.42858066147e-13
3375,3.42273130665,3.42799463096e-13
3383,3.42267378731,3.42775232691e-13
3390,3.42261659236,3.42785000622e-13
3398,3.42255975291,3.42828430734e-13
3406,3.42250361314,3.42905162778e-13
3414,3.4224473428,3.43014962348e-13
3422,3.42239158591,3.43157455664e-13
3430,3.42233541493,3.43332432534e-13
3438,3.42227999008,3.43539480861e-13
3445,3.42222482168,3.43778362884e-13
3453,3.42216987591,3.44048800558e-13
3461,3.42211475906,3.44350559988e-13
3469,3.42206019144,3.44683300608e-13
3477,3.422006053,3.45046775346e-13
3485,3.42195237735,3.45440727015e-13
3493,3.42189832678,3.45864991783e-13
3501,3.42184444327,3.46319274291e-13
3510,3.42179161034,3.46803250685e-13
3518,3.42173858845,3.47316817725e-13
3526,3.4216859079,3.47859699218e-13
3534,3.42163301129,3.48431734672e-13
3542,3.42158120637,3.49032579681e-13
3550,3.42152900471,3.49662181766e-13
3558,3.42147731288,3.50320248412e-13
3567,3.42142575907,3.51006623093e-13
3575,3.42137477769,3.51721073127e-13
3583,3.421323588,3.52463494857e-13
3591,3.42127274189,3.53233653615e-13
3600,3.42122195687,3.54031405032e-13
3608,3.42117153025,3.54856551332e-13
3616,3.4211217994,3.55708893452e-13
3625,3.42107177703,3.56588375853e-13
3633,3.42102240948,3.57494747355e-13
3641,3.42097278936,3.58427953619e-13
3650,3.42092308342,3.59387833242e-13
3658,3.42087461606,3.60374108071e-13
3666,3.42082589708,3.61386799594e-13
3675,3.42077764234,3.6242570127e-13
3683,3.42072853256,3.63490827504e-13
3692,3.42068117928,3.64581778887e-13
3700,3.42063306854,3.65698704552e-13
3709,3.42058514607,3.66841391239e-13
3718,3.4205379917,3.68009665955e-13
3726,3.42049082268,3.69203508439e-13
3735,3.42044375002,3.70422803985e-13
3743,3.42039690265,3.7166744246e-13
3752,3.42035097112,3.72937253303e-13
3761,3.4203046065,3.74232294312e-13
3769,3.42025804534,3.75552453229e-13
3778,3.42021246299,3.76897518208e-13
3787,3.42016666868,3.78267541588e-13
3795,3.42012107967,3.79662400716e-13
3804,3.42007591154,3.81082000488e-13
3813,3.42003110744,3.82526278323e-13
3822,3.41998612841,3.83995228417e-13
3830,3.41994131706,3.8548875148e-13
3839,3.41989726766,3.87006721183e-13
3848,3.41985305444,3.88549186818e-13
3857,3.41980891765,3.90116069034e-13
3866,3.41976527019,3.91707271555e-13
3875,3.41972165914,3.93322800381e-13
3884,3.41967802443,3.9496261976e-13
3893,3.41963496313,3.96626620525e-13
3902,3.41959186713,3.98314836032e-13
3911,3.41954919845,4.0002717909e-13
3920,3.41950628858,4.0176369657e-13
3929,3.41946397769,4.0352426201e-13
3938,3.41942211034,4.05308867421e-13
3947,3.41937976846,4.07117599254e-13
3956,3.41933793057,4.08950321876e-13
3965,3.41929705244,4.10806962825e-13
3974,3.4192555453,4.12687698122e-13
3983,3.41921415512,4.14592426733e-13
3993,3.41917304099,4.16521120441e-13
4002,3.41913175131,4.18473827832e-13
4011,3.41909126785,4.20450424478e-13
4020,3.41905092524,4.22450990021e-13
4030,3.41901051501,4.24475551584e-13
4039,3.418970504,4.26524054969e-13
4048,3.41893081899,4.28596514363e-13
4057,3.41889085668,4.30693013892e-13
4067,3.41885200223,4.32813390216e-13
4076,3.41881189753,4.34957953892e-13
4086,3.4187727957,4.37126435178e-13
4095,3.41873379812,4.39318965328e-13
4104,3.4186951046,4.41535539125e-13
4114,3.41865644433,4.43776213163e-13
4123,3.41861799588,4.46040989281e-13
4133,3.41857932625,4.48329950016e-13
4142,3.41854135561,4.50643004292e-13
4152,3.41850378734,4.52980220785e-13
4162,3.41846600276,4.55341714718e-13
4171,3.41842846945,4.57727459273e-13
4181,3.41839103988,4.601375118e-13
4190,3.41835402607,4.62571868845e-13
4200,3.41831663776,4.65030679202e-13
4210,3.41828004812,4.67513827062e-13
4219,3.41824318125,4.70021504249e-13
4229,3.41820648229,4.72553697658e-13
4239,3.41817016868,4.75110426435e-13
4249,3.41813433178,4.77691728543e-13
4259,3.41809793423,4.8029780274e-13
4268,3.41806217475,4.8292853603e-13
4278,3.41802638114,4.85584080454e-13
4288,3.41799096958,4.88264435683e-13
4298,3.41795566976,4.90969701054e-13
4308,3.41792018945,4.93699981695e-13
4318,3.41788531394,4.96455229025e-13
4328,3.41785026422,4.99235622149e-13
4338,3.41781546257,5.02041167924e-13
4348,3.41778093274,5.04871933462e-13
4358,3.41774617685,5.07728063359e-13
4368,3.41771226348,5.10609473217e-13
4378,3.41767802906,5.13516411429e-13
4388,3.41764444172,5.1644881027e-13
4398,3.41761074527,5.19406861836e-13
4408,3.41757674441,5.22390677546e-13
4418,3.41754362303,5.25400159583e-13
4429,3.41751005273,5.28435594605e-13
4439,3.41747635178,5.3149702124e-13
4449,3.41744371206,5.34584340785e-13
4459,3.41741118058,5.37697790432e-13
4470,3.41737824697,5.40837541376e-13
4480,3.41734592599,5.44003526553e-13
4490,3.4173135642,5.47195943149e-13
4501,3.41728120951,5.50414879999e-13
4511,3.41724884711,5.53660437269e-13
4521,3.4172167249,5.56932674068e-13
4532,3.41718516181,5.60231638327e-13
4542,3.41715376023,5.63557497287e-13
4553,3.41712152626,5.66910519392e-13
4563,3.41709025551,5.70290515348e-13
4574,3.41705940388,5.73697695927e-13
4584,3.41702825696,5.77132382293e-13
4595,3.41699723272,5.8059516329e-13
4605,3.41696653373,5.84089064984e-13
4616,3.41693537939,5.87628815332e-13
4627,3.41690512639,5.91279217588e-13
4637,3.41687508181,5.95306312548e-13
4648,3.41684445808,6.00704470097e-13
4659,3.41681447949,6.10870370254e-13
4669,3.41678462297,6.36408648571e-13
4680,3.41675455806,7.07566110603e-13
4691,3.4167250365,9.03147199926e-13
4702,3.41669546147,1.4106248044e-12
4713,3.41666636809,2.63695649569e-12
4724,3.41663679714,5.3873958446e-12
4734,3.41660772974,1.11120343668e-11
4745,3.41657872369,2.21816448211e-11
4756,3.41654956143,4.21021030074e-11
4767,3.4165206562,7.55350169806e-11
4778,3.41649235618,1.27998215331e-10
4789,3.41646384143,2.05200320106e-10
4800,3.41643533952,3.12106688674e-10
4811,3.41640743889,4.51979596995e-10
4822,3.41637913126,6.25699712557e-10
4834,3.41635115211,8.31604720079e-10
4845,3.41632313882,1.06590020514e-09
4856,3.41629566832,1.32348776548e-09
4867,3.41626793132,1.59893113246e-09
4878,3.41624057498,1.88728366893e-09
4890,3.41621329317,2.18463505409e-09
4901,3.41618606376,2.48842249005e-09
4912,3.41615858411,2.79778587953e-09
4923,3.41613191842,3.11453368572e-09
4935,3.41610499893,3.44572621552e-09
4946,3.41607862804,3.80946084392e-09
4958,3.41605177421,4.24601522096e-09
4969,3.41602531893,4.83634703789e-09
4980,3.41599897947,5.72812738499e-09
4992,3.41597262504,7.16493594904e-09
5003,3.41594659425,9.50734899913e-09
5015,3.41592053638,1.32280937414e-08
5027,3.41589506756,1.88625261143e-08
5038,3.41586893156,2.6905871657e-08
5050,3.41584294123,3.76706344088e-08
5061,3.41581776254,5.11440552847e-08
5073,3.41579234184,6.69014302442e-08
5085,3.41576727555,8.41227350901e-08
5096,3.4157418782,1.01725472185e-07
5108,3.41571690243,1.18579176751e-07
5120,3.41569192952,1.33732189976e-07
5132,3.41566705209,1.46576635207e-07
5144,3.41564252562,1.56906557596e-07
5155,3.41561757346,1.6486888619e-07
5167,3.41559329101,1.70844311504e-07
5179,3.41556932913,1.75310553131e-07
5191,3.41554487085,1.78730304811e-07
5203,3.41552039057,1.81484554203e-07
5215,3.41549649286,1.83850367621e-07
5227,3.41547265789,1.86009222331e-07
5239,3.41544895741,1.88069440761e-07
5251,3.41542465149,1.90090816165e-07
5263,3.41540122115,1.92104750773e-07
5276,3.41537803353,1.94129138715e-07
5288,3.41535441689,1.96178529352e-07
5300,3.4153309665,1.98272140197e-07
5312,3.41530812041,2.00441737283e-07
5324,3.41528526969,2.02740168026e-07
5337,3.41526189162,2.05250113248e-07
5349,3.41523907646,2.0809136323e-07
5361,3.41521614543,2.11423993774e-07
5374,3.41519374664,2.15443520936e-07
5386,3.41517111634,2.2036665403e-07
5398,3.41514826687,2.26407435865e-07
5411,3.41512634173,2.33747962312e-07
5423,3.41510375727,2.42510416174e-07
5436,3.41508173338,2.5273684337e-07
5448,3.41505981874,2.64383488889e-07
5461,3.4150379752,2.77330100279e-07
5474,3.41501602733,2.91401804367e-07
5486,3.4149939775,3.06396932613e-07
5499,3.4149728292,3.22113418538e-07
5512,3.41495097335,3.38368177843e-07
5524,3.41492919974,3.55004887321e-07
5537,3.41490794088,3.71891070662e-07
5550,3.41488691437,3.88905080275e-07
5563,3.41486589762,4.05915816332e-07
5575,3.41484475277,4.22759176364e-07
5588,3.41482362378,4.39216252718e-07
5601,3.4148027524,4.54999994703e-07
5614,3.41478235595,4.69757777006e-07
5627,3.41476138813,4.8309618765e-07
5640,3.41474099629,4.94628715046e-07
5653,3.41472027975,5.04041917759e-07
5666,3.41470011741,5.11163476025e-07
5679,3.41467946084,5.16014836308e-07
5692,3.41465932169,5.18828143442e-07
5705,3.41463882376,5.20020515039e-07
5718,3.41461888853,5.20127566273e-07
5732,3.41459867139,5.19715500925e-07
5745,3.41457877916,5.19293457124e-07
5758,3.41455920687,5.19249802709e-07
5771,3.41453944899,5.19823847602e-07
5785,3.41452004872,5.21113603581e-07
5798,3.41450054186,5.231109847e-07
5811,3.41448079519,5.25749439298e-07
5825,3.41446188753,5.28951583881e-07
5838,3.41444230603,5.32668796833e-07
5852,3.41442337199,5.36906789379e-07
5865,3.4144042638,5.4173975862e-07
5879,3.41438512251,5.47311218823e-07
5892,3.41436637962,5.53824406633e-07
5906,3.41434714365,5.61522872133e-07
5919,3.41432873006,5.70662031567e-07
5933,3.41430974875,5.81477247394e-07
5947,3.41429099743,5.94150547132e-07
5960,3.41427278576,6.08784869753e-07
5974,3.41425444092,6.25389600214e-07
5988,3.41423609904,6.43880284918e-07
6002,3.41421715134,6.64093088133e-07
6016,3.41419953384,6.85808741372e-07
6029,3.41418148243,7.0878295299e-07
6043,3.41416356059,7.32772960858e-07
6057,3.41414529767,7.5755972984e-07
6071,3.41412748094,7.82960388751e-07
6085,3.41410959277,8.08833035451e-07
6099,3.41409157645,8.35073503434e-07
6113,3.41407416429,8.61607567101e-07
6127,3.41405662285,8.88380980184e-07
6142,3.41403922795,9.1534678207e-07
6156,3.41402186754,9.42452375898e-07
6170,3.41400398788,9.69624932083e-07
6184,3.41398728857,9.96754439993e-07
6198,3.41396999131,1.02367805174e-06
6213,3.41395280789,1.05016163121e-06
6227,3.41393549801,1.07588759815e-06
6241,3.41391917466,1.10044890909e-06
6256,3.4139015975,1.12335754148e-06
6270,3.41388509016,1.14406452041e-06
6285,3.41386794192,1.16200161742e-06
6299,3.41385136942,1.17663232162e-06
6314,3.413834943,1.18751959577e-06
6328,3.41381833136,1.19441311509e-06
6343,3.41380143784,1.19738829763e-06
6357,3.41378541946,1.19707381466e-06
6372,3.41376955613,1.19494091797e-06
6387,3.41375265824,1.19345953174e-06
6401,3.41373655025,1.19582160759e-06
6416,3.41371986153,1.20514762946e-06
6431,3.41370396292,1.22357118685e-06
6446,3.41368728705,1.25184544845e-06
6461,3.41367170135,1.28969298198e-06
6476,3.41365534641,1.3365284913e-06
6490,3.41363997275,1.39206246372e-06
6505,3.41362395288,1.45671777382e-06
6520,3.41360774511,1.53207515117e-06
6535,3.41359215822,1.62145485697e-06
6551,3.41357637419,1.73039869927e-06
6566,3.41356046806,1.8666639928e-06
6581,3.41354488198,2.03957980635e-06
6596,3.41352891164,2.25916586754e-06
6611,3.41351350514,2.53589244334e-06
6626,3.41349735958,2.88170854756e-06
6642,3.41348202799,3.31166675849e-06
6657,3.41346660654,3.84426272676e-06
6672,3.4134508017,4.4991765416e-06
6688,3.41343517399,5.29346873682e-06
6703,3.41341996106,6.238710134e-06
6719,3.41340425269,7.34035090698e-06
6734,3.4133895504,8.59866941472e-06
6750,3.41337443105,1.00103006734e-05
6765,3.4133592448,1.15698476498e-05
6781,3.41334484662,1.32706123303e-05
6796,3.41333094756,1.51016848468e-05
6812,3.41331726951,1.70378194921e-05
6828,3.41330344916,1.90216071107e-05
6844,3.41329082112,2.09457056945e-05
6859,3.41327779195,2.26520894419e-05
6875,3.41326641938,2.39634661133e-05
6891,3.41325494219,2.47418357568e-05
6907,3.41324259519,2.49423797521e-05
6923,3.41323118452,2.46269376805e-05
6939,3.41321899007,2.39296103553e-05
6955,3.41320664163,2.30015290485e-05
6971,3.41319420845,2.19699984699e-05
6987,3.41318095579,2.0926488659e-05
7003,3.41316828988,1.99346936035e-05
7019,3.41315477981,1.90426499869e-05
7035,3.41314191165,1.82889204207e-05
7051,3.41312823991,1.77015051052e-05
7068,3.4131143126,1.72927234696e-05
7084,3.41310105592,1.70551407271e-05
7100,3.41308732975,1.6962736691e-05
7117,3.41307437702,1.69782805677e-05
7133,3.41306113682,1.70637219116e-05
7150,3.41304813698,1.71883029744e-05
7166,3.41303537885,1.73312900979e-05
7183,3.41302219406,1.74798855715e-05
7199,3.41300957551,1.76251215888e-05
7216,3.41299686114,1.77582842966e-05
7232,3.41298479833,1.78688791772e-05
7249,3.41297191706,1.79441707262e-05
7266,3.41295972694,1.79698841948e-05
7282,3.41294734218,1.79321555572e-05
7299,3.41293504596,1.78209550133e-05
7316,3.41292296507,1.76349350508e-05
7333,3.41291028924,1.73860907375e-05
7350,3.41289832992,1.71014166675e-05
7367,3.41288594991,1.68196900443e-05
7384,3.41287314004,1.65843161555e-05
7401,3.41286055683,1.6435814614e-05
7418,3.41284834196,1.64071115635e-05
7435,3.41283575456,1.65221382408e-05
7452,3.41282265578,1.67958507507e-05
7469,3.41281053299,1.72335711248e-05
7487,3.41279841903,1.78291706719e-05
7504,3.41278596462,1.85633815834e-05
7521,3.41277375007,1.94042991489e-05
7538,3.41276255002,2.03111021247e-05
7556,3.41275042328,2.1240071414e-05
7573,3.41273928224,2.21503996784e-05
7591,3.41272813809,2.30075968928e-05
7608,3.41271738361,2.37835964736e-05
7626,3.41270641027,2.44547245643e-05
7643,3.41269591811,2.49993632215e-05
7661,3.41268527101,2.53969740464e-05
7679,3.41267498557,2.56291413369e-05
7696,3.41266501074,2.56825775786e-05
7714,3.41265439409,2.55531904928e-05
7732,3.41264401642,2.52496163334e-05
7750,3.41263389018,2.47943046317e-05
7768,3.41262304031,2.4220754099e-05
7785,3.41261300061,2.35673853809e-05
7803,3.41260218725,2.28705390966e-05
7821,3.41259170335,2.21592967513e-05
7839,3.41258075046,2.14537725443e-05
7857,3.41257031044,2.07663073031e-05
7876,3.41255885901,2.01041420867e-05
7894,3.41254780882,1.94720637991e-05
7912,3.41253709463,1.88744814471e-05
7930,3.41252619695,1.83167322072e-05
7948,3.41251520912,1.78055783224e-05
7967,3.41250383367,1.73485311277e-05
7985,3.41249322372,1.6951610379e-05
8004,3.41248193671,1.66161948467e-05
8022,3.41247045764,1.63371289594e-05
8041,3.41245941306,1.61048522813e-05
8059,3.41244869343,1.5911762713e-05
8078,3.41243750208,1.57590018061e-05
8096,3.41242623842,1.56584092514e-05
8115,3.4124152831,1.5628130783e-05
8134,3.4124040313,1.56859918992e-05
8152,3.41239263178,1.58463427981e-05
8171,3.41238166717,1.61218305488e-05
8190,3.41237055049,1.6526068771e-05
8209,3.4123597174,1.70722024105e-05
8228,3.41234864566,1.77670808031e-05
8247,3.41233736061,1.86060799408e-05
8266,3.41232639199,1.95740977617e-05
8285,3.41231596042,2.0652572778e-05
8304,3.41230532052,2.18261633639e-05
8323,3.41229484508,2.30827570723e-05
8342,3.41228448062,2.44073680691e-05
8361,3.41227458505,2.57767668957e-05
8381,3.41226458696,2.71608619207e-05
8400,3.41225486964,2.85300966327e-05
8419,3.41224500244,2.98631233112e-05
8439,3.41223588136,3.11497833953e-05
8458,3.41222604336,3.23891163803e-05
8478,3.41221723386,3.35850587321e-05
8497,3.41220769604,3.47429647165e-05
8517,3.41219845843,3.5867873423e-05
8537,3.41218909826,3.69646478434e-05
8556,3.41218046153,3.80394138091e-05
8576,3.41217126651,3.91022726347e-05
8596,3.41216203115,4.01708736294e-05
8616,3.41215332822,4.12738932039e-05
8635,3.41214366289,4.24519622489e-05
8655,3.41213475695,4.3752862907e-05
8675,3.41212553895,4.52195195276e-05
8695,3.41211692074,4.68727157083e-05
8715,3.41210850031,4.8695253251e-05
8735,3.41210027375,5.06259353859e-05
8756,3.41209226083,5.25682257252e-05
8776,3.41208453612,5.44116154589e-05
8796,3.41207793557,5.60573668422e-05
8816,3.41207054505,5.74387846814e-05
8837,3.41206430678,5.85295276111e-05
8857,3.41205725412,5.93399189393e-05
8877,3.41205058131,5.9904811982e-05
8898,3.41204376861,6.02688460826e-05
8918,3.41203694353,6.04729801343e-05
8939,3.41203066041,6.0544741326e-05
8960,3.41202363613,6.04931490505e-05
8980,3.41201687697,6.03087335042e-05
9001,3.41201030146,5.99691779673e-05
9022,3.41200340175,5.94495244035e-05
9042,3.41199650113,5.87340538017e-05
9063,3.41198983438,5.78252399655e-05
9084,3.4119829799,5.67454722898e-05
9105,3.41197594173,5.55304078343e-05
9126,3.41196838659,5.42172342872e-05
9147,3.41196133652,5.28337454845e-05
9168,3.41195367965,5.13937791918e-05
9189,3.41194644414,4.9900437327e-05
9211,3.41193860549,4.83547822233e-05
9232,3.41193017282,4.67647168605e-05
9253,3.41192257838,4.51497403128e-05
9274,3.41191404424,4.35399195875e-05
9296,3.4119058998,4.19702486308e-05
9317,3.41189694144,4.04738303798e-05
9339,3.41188799263,3.90765068795e-05
9360,3.41187922865,3.7794649451e-05
9382,3.41187036809,3.66358176967e-05
9403,3.41186103875,3.56011574251e-05
9425,3.41185192334,3.46881537594e-05
9447,3.41184257114,3.38927704585e-05
9469,3.41183332104,3.32105067119e-05
9490,3.41182442593,3.2636781741e-05
9512,3.41181441013,3.21677378832e-05
9534,3.41180516572,3.18029559723e-05
9556,3.41179540904,3.15509248682e-05
9578,3.4117860557,3.14347828736e-05
9600,3.41177591667,3.14931507757e-05
9622,3.41176579708,3.17715427444e-05
9645,3.41175649612,3.23070085397e-05
9667,3.41174666845,3.31152845981e-05
9689,3.41173640194,3.41884011479e-05
9712,3.41172674482,3.55021343068e-05
9734,3.41171684468,3.7026125325e-05
9756,3.41170722557,3.87311023433e-05
9779,3.41169831277,4.05933251139e-05
9801,3.41168886545,4.25985379172e-05
9824,3.41167997121,4.47452978454e-05
9847,3.41167107231,4.70443952524e-05
9869,3.41166222937,4.95100000974e-05
9892,3.41165342797,5.21429366367e-05
9915,3.41164460183,5.49150109284e-05
9938,3.41163672253,5.77718435802e-05
9961,3.41162823209,6.06636974577e-05
9984,3.41162033059,6.35893097128e-05
10007,3.41161236014,6.66151140954e-05
10030,3.41160445649,6.9842846145e-05
10053,3.4115970833,7.33431322154e-05
10076,3.41158955232,7.71053114736e-05
10099,3.4115828677,8.10386268258e-05
10123,3.41157599245,8.5015272973e-05
10146,3.41157048821,8.89177693428e-05
10169,3.41156490834,9.26631952756e-05
10193,3.41155964524,9.6201169297e-05
10216,3.41155476285,9.94989708404e-05
10240,3.41154997952,0.000102526966911
10263,3.41154556643,0.000105251537029
10287,3.41154107078,0.000107637282484
10311,3.41153741361,0.000109656619982
10335,3.41153305102,0.000111302327745
10358,3.41152889645,0.000112594109544
10382,3.41152416406,0.000113570474567
10406,3.41152020877,0.000114263623708
10430,3.41151546779,0.000114675795278
10454,3.41151041427,0.000114788001502
10478,3.41150579769,0.000114613228248
10502,3.41149997011,0.000114253552496
10527,3.4114938466,0.000113895855111
10551,3.41148719495,0.000113736182615
10575,3.41147970938,0.000113907031864
10600,3.41147343298,0.000114483516615
10624,3.41146553224,0.000115542529985
10649,3.41145765201,0.000117172848373
10673,3.4114498135,0.000119398132461
10698,3.41144292502,0.00012209875451
10722,3.41143598259,0.000125044457673
10747,3.41142955848,0.000128036359536
10772,3.41142317431,0.000131041128925
10797,3.41141689577,0.000134206158709
10822,3.4114100226,0.000137753331361
10847,3.41140396062,0.000141839758652
10872,3.41139849393,0.000146476010602
10897,3.41139305446,0.000151529616424
10922,3.41138876866,0.000156783391777
10947,3.41138467923,0.000162003882295
10972,3.41138185125,0.000166989119949
10997,3.41137955063,0.000171591466914
11023,3.4113781869,0.000175721884695
11048,3.41137679496,0.000179344575778
11074,3.41137556581,0.000182466193173
11099,3.41137509104,0.000185121854436
11125,3.41137376054,0.000187359248808
11150,3.41137347763,0.000189222392637
11176,3.41137289769,0.00019073892029
11202,3.41137178111,0.000191912415936
11228,3.41137148758,0.000192722994125
11254,3.41137104904,0.000193137732625
11280,3.41137027979,0.000193129833976
11306,3.41136996327,0.000192702485255
11332,3.41136887479,0.000191907114577
11358,3.41136811085,0.000190841488272
11384,3.41136679866,0.000189618427306
11410,3.41136562745,0.000188308676837
11436,3.4113643175,0.000186882818852
11463,3.41136313388,0.000185187798641
11489,3.41136227664,0.000182984027371
11516,3.41136094533,0.000180037786472
11542,3.41136033456,0.000176228809834
11569,3.41135773466,0.000171620401105
11596,3.41135482859,0.000166456012853
11622,3.41135124012,0.000161087259694
11649,3.41134646659,0.000155868446616
11676,3.41134061905,0.000151063131844
11703,3.41133349341,0.000146792851935
11730,3.41132709059,0.000143034656327
11757,3.41131961848,0.000139659043204
11784,3.4113124578,0.000136495302272
11811,3.41130485094,0.000133416283306
11838,3.41129636674,0.000130430739793
11866,3.41128707467,0.000127759865799
11893,3.41127672993,0.00012585753888
11920,3.41126539459,0.000125332911451
11948,3.4112532741,0.000126767513915
11975,3.41124154474,0.000130481690943
12003,3.41123122447,0.000136358769804
12031,3.41122272125,0.000143828887295
12059,3.41121717161,0.000152033237472
12086,3.4112129181,0.000160081743086
12114,3.41121108278,0.000167263137662
12142,3.41121152601,0.000173114312658
12170,3.4112126934,0.000177362752518
12198,3.41121448114,0.000179837764795
12226,3.41121645219,0.000180440288782
12254,3.41121812639,0.000179185014484
12283,3.4112184931,0.000176257571923
12311,3.41121801761,0.000172018668676
12339,3.41121602397,0.000166934250736
12368,3.41121154819,0.000161465890347
12396,3.41120599385,0.000155984301814
12425,3.41119798763,0.000150821293743
12454,3.41118739492,0.000146772736196
12482,3.41117472414,0.000145875611814
12511,3.41116158411,0.000149991189144
12540,3.41115314703,0.000157419883982
12569,3.41114856813,0.000164372473033
12598,3.41114570156,0.000169255863182
12627,3.41114338403,0.000172566394111
12656,3.41114081853,0.00017499864213
12685,3.41113762322,0.000176920563404
12714,3.41113436091,0.000178526209443
12744,3.41113109526,0.000179955352403
12773,3.41112754646,0.000181324484023
12802,3.4111235406,0.000182723716511
12832,3.41111982564,0.000184211759106
12862,3.41111601221,0.00018582078899
12891,3.4111117506,0.000187564706278
12921,3.41110831899,0.000189444596807
12951,3.41110438736,0.00019145304713
12981,3.41110018969,0.000193579110035
13011,3.41109658911,0.000195815344621
13041,3.41109290231,0.000198165397124
13071,3.41108905102,0.00020064866734
13101,3.41108527584,0.000203300647985
13131,3.41108146378,0.000206170393895
13161,3.41107794605,0.000209317044786
13192,3.41107433199,0.000212806429708
13222,3.41107106948,0.00021670868467
13252,3.41106751035,0.000221099611618
13283,3.41106464358,0.000226065382967
13314,3.41106178776,0.000231705528486
13344,3.41106004528,0.000238128805066
13375,3.4110592745,0.000245447661727
13406,3.41105917316,0.000253772962886
13437,3.41106144622,0.000263149549224
13468,3.41106717419,0.000273128108391
13499,3.41107784701,0.000281682940052
13530,3.41109197338,0.00028522080621
13561,3.41110630029,0.000282155388884
13592,3.4111173587,0.000275202025631
13624,3.41112401167,0.00026758845736
13655,3.41113004789,0.000260096765092
13687,3.41113487195,0.000252348845312
13718,3.41113938941,0.000244088532728
13750,3.41114258542,0.000235255973521
13781,3.41114498568,0.000225846633124
13813,3.41114723506,0.000215840643549
13845,3.41114870826,0.000205147542882
13877,3.41114947904,0.000193573669619
13909,3.41114928468,0.000180850528643
13941,3.41114760628,0.000166736858147
13973,3.41114332523,0.000151246083524
14005,3.41113627092,0.000135096047238
14038,3.41112406712,0.000120032801793
14070,3.41110975917,0.000107918541543
14102,3.41109482924,9.90713350426e-05
14135,3.41107950658,9.26091549834e-05
14168,3.41106415339,8.80316969339e-05
14200,3.41104970019,8.52413459619e-05
14233,3.41103524691,8.40030039918e-05
14266,3.4110216739,8.40314133467e-05
14299,3.41100890294,8.51522506402e-05
14332,3.41099704973,8.72717583313e-05
14365,3.41098655068,9.02588322425e-05
14398,3.41097668408,9.37890048735e-05
14431,3.41096909371,9.72324456219e-05
14464,3.41096273461,9.97864400206e-05
14498,3.41095671177,0.000100939359612
14531,3.41095026597,0.000100888074514
14565,3.41094299644,0.000100377230352
14598,3.41093514029,0.000100089714254
14632,3.41092671494,0.000100265608905
14665,3.41091864761,0.000100812638894
14699,3.41091019687,0.000101573658209
14733,3.41090203598,0.00010245325755
14767,3.41089363287,0.000103413409433
14801,3.4108853684,0.00010444127038
14835,3.41087703948,0.000105531916978
14870,3.41086818763,0.000106683248666
14904,3.41086013755,0.000107894891445
14938,3.41085184558,0.000109167864185
14973,3.4108421999,0.000110503963201
15007,3.41083406784,0.000111905135429
15042,3.41082504195,0.000113373129641
15076,3.41081537477,0.000114907089153
15111,3.4108060499,0.000116496986358
15146,3.41079659148,0.000118110986236
15181,3.41078652232,0.000119686580236
15216,3.41077649552,0.000121151604077
15251,3.41076568324,0.000122485670586
15286,3.41075511275,0.000123771269646
15321,3.4107426411,0.000125162233374
15357,3.4107299757,0.000126784303987
15392,3.41071622562,0.000128671827009
15428,3.41070214095,0.000130792681684
15463,3.41068721264,0.000133110727386
15499,3.41067083004,0.000135621704622
15535,3.41065333423,0.000138354963921
15570,3.41063346812,0.000141363749397
15606,3.41061228812,0.000144718280882
15642,3.41058860101,0.000148505283556
15678,3.41056174562,0.000152842016708
15714,3.41052946553,0.000157962090603
15751,3.41049197103,0.000164583995628
15787,3.41044359482,0.000175027562352
15823,3.4103821773,0.000195362853898
15860,3.41030740683,0.000237105358131
15896,3.41023032259,0.000314140769442
15933,3.41017348799,0.000432054698423
15970,3.41016208158,0.000576856385875
16007,3.410207379,0.000717354771233
16043,3.41029321995,0.000824014410879
16080,3.41039125875,0.000887244436629
16117,3.41047841923,0.000918285370963
16155,3.41054865713,0.000935830545646
16192,3.41060696982,0.000953179659756
16229,3.41066445534,0.000974052475595
16267,3.4107268451,0.000995063393444
16304,3.41079779777,0.001010061915
16342,3.41087438059,0.00101366238933
16379,3.41095111743,0.00100327528506
16417,3.4110247244,0.000979539223244
16455,3.41109005491,0.000945208554883
16493,3.41114825563,0.000903135951345
16531,3.41119788624,0.000854772319223
16569,3.41123892967,0.000800440559541
16607,3.41127020993,0.000741077044062
16646,3.41128837591,0.000679534688583
16684,3.41129399365,0.000619990983178
16722,3.41128958064,0.000566108705985
16761,3.41127714464,0.000519715831608
16800,3.41126118714,0.000480831717204
16838,3.41124394612,0.000448488988794
16877,3.41122515683,0.000421500953851
16916,3.41120703508,0.000398839886523
16955,3.41118943333,0.000379725805658
16994,3.41117138993,0.000363597852397
17033,3.41115398127,0.000350061669794
17073,3.41113728492,0.000338840977768
17112,3.41112066402,0.000329738861764
17151,3.41110488283,0.00032261197465
17191,3.41108924866,0.000317358719162
17231,3.41107454003,0.000313918124843
17270,3.41105974484,0.000312276706099
17310,3.41104642882,0.000312474959359
17350,3.41103409236,0.00031459965685
17390,3.41102263858,0.000318733844719
17430,3.41101321063,0.0003248387711
17470,3.41100606718,0.000332574607371
17511,3.41100296677,0.00034113766723
17551,3.41100319151,0.000349258764368
17591,3.41100708689,0.000355477818637
17632,3.41101252326,0.000358650410018
17673,3.41101837677,0.000358432940732
17713,3.4110230413,0.000355432908981
17754,3.41102654637,0.00035089214124
17795,3.41102741556,0.000346084224734
17836,3.411027444,0.000341793354988
17877,3.41102691084,0.000338160143439
17918,3.41102681698,0.000334902229199
17960,3.41102624371,0.000331681642873
18001,3.41102597662,0.000328351451185
18043,3.41102524545,0.000324969361809
18084,3.41102494662,0.000321654882225
18126,3.41102383716,0.000318450819996
18168,3.41102345477,0.00031528919482
18210,3.41102204193,0.0003120537155
18252,3.41102129722,0.000308662938547
18294,3.41102036417,0.000305115197634
18336,3.41101962573,0.000301480580572
18378,3.41101769979,0.000297864341953
18420,3.41101586928,0.000294368776282
18463,3.41101364098,0.000291070581111
18505,3.41101193454,0.000288013982718
18548,3.41100924196,0.000285215503789
18591,3.4110064109,0.000282672604219
18634,3.41100449735,0.000280372844636
18677,3.41100191253,0.000278300542847
18720,3.41099938936,0.000276439460435
18763,3.41099764898,0.000274773074036
18806,3.41099552899,0.000273282592961
18849,3.41099357983,0.000271943194643
18893,3.41099200148,0.000270720082689
18936,3.41099030167,0.000269564576533
18980,3.41098929287,0.000268412078653
19024,3.41098794874,0.000267186711388
19068,3.41098687638,0.000265817419981
19112,3.41098577378,0.000264267954094
19156,3.41098498495,0.000262568143574
19200,3.41098370561,0.000260821713998
19244,3.41098236236,0.000259169879543
19289,3.41098101171,0.000257722004104
19333,3.41097947099,0.000256495611758
19378,3.41097882366,0.000255406672842
19422,3.41097804074,0.000254313784872
19467,3.41097756145,0.000253081519028
19512,3.41097719229,0.000251625886325
19557,3.41097691761,0.000249926572025
19602,3.4109762467,0.000248014931752
19647,3.41097553806,0.000245953270859
19692,3.41097525438,0.000243816146759
19738,3.41097411583,0.000241676857433
19783,3.41097313362,0.000239598152705
19829,3.41097225109,0.000237626987441
19875,3.41097113278,0.000235791732045
19920,3.41097018378,0.000234101662153
19966,3.4109684943,0.000232548518341
20012,3.4109680931,0.000231108974433
20059,3.41096692781,0.000229748652229
20105,3.41096627779,0.000228425401367
20151,3.41096584377,0.000227093254623
20198,3.41096533859,0.000225705525705
20244,3.41096547012,0.000224217439426
20291,3.41096518999,0.000222588520022
20338,3.41096513971,0.000220784161332
20385,3.41096552872,0.000218777226411
20432,3.41096552796,0.000216549221871
20479,3.41096561525,0.000214090912733
20526,3.41096603867,0.000211402728554
20573,3.41096606114,0.000208494577497
20621,3.41096581165,0.000205384942292
20668,3.41096571661,0.000202099640345
20716,3.41096499083,0.000198670295849
20763,3.4109645901,0.000195132399422
20811,3.41096362512,0.000191523790024
20859,3.41096191471,0.000187882936804
20907,3.41096096718,0.000184247530415
20956,3.41095926873,0.000180653551906
21004,3.4109574494,0.000177133894982
21052,3.41095510549,0.000173717470627
21101,3.41095298931,0.000170428037877
21150,3.41095109359,0.000167283335077
21198,3.41094888413,0.000164294335424
21247,3.41094616714,0.000161464901243
21296,3.41094315527,0.000158792066933
21345,3.4109406613,0.00015626696558
21394,3.41093800827,0.000153876435438
21444,3.41093534851,0.000151604785828
21493,3.4109331459,0.000149435761381
21543,3.41093042,0.000147354310065
21592,3.41092800851,0.000145347632963
21642,3.41092529229,0.000143405902828
21692,3.41092266992,0.00014152213006
21742,3.41092011712,0.00013969173136
21792,3.41091785077,0.000137911743411
21842,3.41091568176,0.000136180034057
21893,3.41091292431,0.000134494598549
21943,3.41091085432,0.000132852963267
21994,3.41090847933,0.000131252088891
22045,3.41090579171,0.000129688187609
22095,3.41090367947,0.00012815683228
22146,3.41090103217,0.000126653268519
22197,3.41089875266,0.00012517251646
22249,3.41089691043,0.000123709747964
22300,3.41089408881,0.000122260572853
22351,3.41089193659,0.000120821118344
22403,3.4108898038,0.000119388431836
22454,3.4108879448,0.000117960522766
22506,3.4108854305,0.000116536526861
22558,3.41088320104,0.000115116614123
22610,3.41088094472,0.000113702030002
22662,3.41087890317,0.000112294894118
22714,3.41087642856,0.000110898054077
22767,3.41087392219,0.000109514795847
22819,3.41087189799,0.000108148643607
22872,3.41086940706,0.000106803192365
22925,3.41086709328,0.000105481823817
22977,3.41086438248,0.000104187646833
23030,3.4108624858,0.000102923297252
23083,3.41085979162,0.000101691013384
23137,3.4108577868,0.00010049243454
23190,3.41085506055,9.9328805055e-05
23243,3.41085282081,9.82008816218e-05
23297,3.41085015647,9.71091855998e-05
23351,3.41084776138,9.60540327813e-05
23405,3.41084522791,9.50357440362e-05
23459,3.41084289138,9.40546831687e-05
23513,3.41084083319,9.31113032542e-05
23567,3.41083810516,9.22061050971e-05
23621,3.41083535292,9.13394446291e-05
23676,3.41083288728,9.05114498858e-05
23730,3.41083046359,8.97219220143e-05
23785,3.41082815631,8.89702713244e-05
23840,3.41082585764,8.82555574299e-05
23895,3.41082337529,8.75765634327e-05
23950,3.41082055891,8.693188934e-05
24005,3.41081807574,8.6320025376e-05
24060,3.4108160882,8.57394620197e-05
24116,3.41081348274,8.51887678262e-05
24171,3.41081121558,8.466655261e-05
24227,3.41080909935,8.41715885542e-05
24283,3.41080668223,8.37028211344e-05
24339,3.41080408455,8.32593710301e-05
24395,3.4108020283,8.28405401021e-05
24451,3.41079967069,8.24458508417e-05
24508,3.41079736377,8.20749468482e-05
24564,3.41079484341,8.17275919869e-05
24621,3.41079228186,8.14036030631e-05
24678,3.41079038693,8.11028383478e-05
24734,3.41078809541,8.08253186026e-05
24791,3.41078571574,8.05713319278e-05
24849,3.410783789,8.03417452155e-05
24906,3.41078142994,8.01383279743e-05
24963,3.41077871791,7.99637867441e-05
25021,3.41077679595,7.98214790148e-05
25079,3.41077442755,7.97148405629e-05
25136,3.41077207062,7.96465531226e-05
25194,3.4107700631,7.96182016965e-05
25252,3.41076731427,7.96305552629e-05
25311,3.4107652221,7.96842926208e-05
25369,3.41076306451,7.97811921833e-05
25427,3.41076064818,7.99252143791e-05
25486,3.41075863638,8.0123790265e-05
25545,3.41075575944,8.03895365538e-05
25604,3.41075374235,8.07420113307e-05
25663,3.41075125365,8.12091255679e-05
25722,3.41074890588,8.18262004718e-05
25781,3.41074667209,8.2631486817e-05
25841,3.41074391863,8.36571063225e-05
25900,3.41074221139,8.49164493398e-05
25960,3.41074041253,8.63916374456e-05
26020,3.41073825974,8.80256231024e-05
26080,3.41073702553,8.97238272555e-05
26140,3.41073614879,9.136718701e-05
26200,3.41073582199,9.28338394743e-05
26260,3.41073569301,9.40233137692e-05
26321,3.41073549274,9.48753833563e-05
26382,3.41073552471,9.53779484346e-05
26442,3.41073493768,9.55626411862e-05
26503,3.41073539137,9.54910111493e-05
26565,3.41073514349,9.52373307461e-05
26626,3.41073436355,9.48729707639e-05
26687,3.41073360396,9.44563064445e-05
26749,3.41073313979,9.4028713751e-05
26810,3.41073201439,9.3615419183e-05
26872,3.41073131183,9.32289414571e-05
26934,3.4107305092,9.28734541665e-05
26996,3.41072944723,9.25484421889e-05
27058,3.41072824451,9.22513338787e-05
27121,3.41072698818,9.19790632548e-05
27183,3.41072614195,9.17287998013e-05
27246,3.4107249959,9.14982292622e-05
27309,3.41072360602,9.12854891354e-05
27372,3.41072264585,9.10890694031e-05
27435,3.41072114362,9.09077610093e-05
27498,3.41072021639,9.07404677536e-05
27561,3.41071896192,9.0586256812e-05
27625,3.41071829397,9.04442216868e-05
27689,3.41071658189,9.03135802048e-05
27753,3.41071560412,9.01935098655e-05
27817,3.41071486998,9.00832987058e-05
27881,3.41071319696,8.99823080211e-05
27945,3.4107120787,8.98898908879e-05
28009,3.41071107659,8.98055223985e-05
28074,3.41070990139,8.97287528776e-05
28139,3.41070894787,8.96592003081e-05
28203,3.41070747832,8.95966014563e-05
28269,3.41070631835,8.95407403506e-05
28334,3.41070511136,8.94915156374e-05
28399,3.41070438895,8.94488778377e-05
28464,3.41070302524,8.94128855143e-05
28530,3.41070188027,8.93835984011e-05
28596,3.41070088944,8.93611433305e-05
28662,3.41069956501,8.93456928127e-05
28728,3.41069867422,8.93374159436e-05
28794,3.41069787223,8.93365391055e-05
28860,3.41069616097,8.93433371662e-05
28927,3.41069546723,8.93580484367e-05
28994,3.41069400373,8.9381063847e-05
29061,3.41069288935,8.94127763401e-05
29127,3.41069185924,8.94537234332e-05
29195,3.410690877,8.9504579557e-05
29262,3.41068994956,8.95661921081e-05
29329,3.41068816194,8.96396202028e-05
29397,3.4106872097,8.97260156957e-05
29465,3.41068657762,8.9826657159e-05
29533,3.41068526905,8.99427196253e-05
29601,3.41068422813,9.00749198075e-05
29669,3.41068350404,9.02232068853e-05
29737,3.41068205621,9.03863446108e-05
29806,3.41068105312,9.05614613337e-05
29875,3.41067978255,9.07439922609e-05
29944,3.41067919891,9.09277568069e-05
30013,3.41067837861,9.11056571707e-05
30082,3.41067725674,9.12706390351e-05
30151,3.41067645619,9.1417020585e-05
30221,3.41067578686,9.15418840134e-05
30290,3.41067461318,9.16461128062e-05
30360,3.41067321618,9.17347999392e-05
30430,3.41067275563,9.18169311848e-05
30500,3.41067178572,9.19044422622e-05
30571,3.41067065227,9.20105883522e-05
30641,3.41066958951,9.21483775694e-05
30712,3.41066843239,9.23292388826e-05
30782,3.4106673971,9.25622281317e-05
30853,3.41066627573,9.28539755444e-05
30925,3.4106651763,9.32092546951e-05
30996,3.41066407621,9.36320673497e-05
31067,3.41066260927,9.4126900821e-05
31139,3.41066185631,9.46996706684e-05
31211,3.41066092277,9.53579667072e-05
31283,3.41065976409,9.61096228867e-05
31355,3.41065884459,9.69593456406e-05
31427,3.4106583809,9.79033435949e-05
31500,3.41065770484,9.89229441813e-05
31572,3.41065732692,9.99792691862e-05
31645,3.41065713764,0.000101011999635
31718,3.41065711522,0.000101944426407
31791,3.41065799067,0.00010269531888
31864,3.41065795198,0.00010319534937
31938,3.41065897315,0.000103402831071
32011,3.41065912134,0.000103314019127
32085,3.41065998381,0.000102963447687
32159,3.41066008209,0.00010241507326
32233,3.41065991069,0.000101746878359
32308,3.41065999209,0.000101034775774
32382,3.41065967392,0.000100340330752
32457,3.41065936876,9.97046983997e-05
32531,3.41065842338,9.91488135086e-05
32606,3.41065827867,9.86775131386e-05
32682,3.41065694176,9.82854463994e-05
32757,3.41065632396,9.79621362913e-05
32832,3.41065535465,9.7695957203e-05
32908,3.41065513067,9.74761249358e-05
32984,3.41065420456,9.72936921156e-05
33060,3.4106535129,9.71414923374e-05
33136,3.41065253085,9.70139824563e-05
33213,3.41065221163,9.69068050848e-05
33289,3.41065120921,9.68165841506e-05
33366,3.41065017629,9.67405702064e-05
33443,3.41064967137,9.66765398512e-05
33520,3.41064948624,9.66227053244e-05
33597,3.41064843875,9.65776408619e-05
33675,3.41064798138,9.65401168888e-05
33752,3.41064734444,9.65091826352e-05
33830,3.41064696098,9.64840207503e-05
33908,3.4106456217,9.64639865474e-05
33986,3.41064476543,9.64484536529e-05
34065,3.41064445907,9.64369036029e-05
34143,3.41064382467,9.6428897949e-05
34222,3.41064351086,9.64239994885e-05
34301,3.41064265287,9.64218542197e-05
34380,3.41064180426,9.64221072272e-05
34459,3.41064155819,9.64244413486e-05
34539,3.41064063825,9.64286303838e-05
34618,3.41064040199,9.6434409791e-05
34698,3.41063960424,9.64416213606e-05
34778,3.4106389374,9.64500803378e-05
34858,3.41063890409,9.64596304528e-05
34939,3.41063805978,9.6470188513e-05
35019,3.41063739249,9.64816159129e-05
35100,3.41063693995,9.64938104777e-05
35181,3.41063636667,9.65066872434e-05
35262,3.41063540263,9.65201640124e-05
35343,3.41063521082,9.6534121346e-05
35425,3.41063457188,9.65485098025e-05
35506,3.4106336883,9.65632419578e-05
35588,3.41063330321,9.65782172991e-05
35670,3.41063239875,9.65933875912e-05
35752,3.41063241426,9.660863782e-05
35835,3.41063195036,9.66239367542e-05
35917,3.4106314812,9.66392043258e-05
36000,3.410630214,9.66544018032e-05
36083,3.41062997266,9.66694236025e-05
36166,3.41062959495,9.66842590446e-05
36250,3.41062913351,9.66988782248e-05
36333,3.41062855474,9.67132769108e-05
36417,3.41062813578,9.67274779544e-05
36501,3.41062749865,9.67415775709e-05
36585,3.41062711173,9.6755728908e-05
36669,3.41062655855,9.67702241148e-05
36754,3.41062565707,9.67854993467e-05
36839,3.41062522571,9.68021470128e-05
36924,3.41062469972,9.68210044833e-05
37009,3.41062409139,9.6843094071e-05
37094,3.41062362227,9.68695915504e-05
37180,3.41062296228,9.6901760989e-05
37265,3.41062236274,9.69407925666e-05
37351,3.41062202284,9.69876607495e-05
37437,3.41062177877,9.70429682769e-05
37524,3.41062128867,9.71068026747e-05
37610,3.41062021808,9.7178650197e-05
37697,3.41061956096,9.72573560705e-05
37784,3.41061958887,9.73412643618e-05
37871,3.41061892457,9.74283959209e-05
37958,3.41061871399,9.75165218403e-05
38046,3.4106177633,9.76035000963e-05
38133,3.41061764038,9.7687299612e-05
38221,3.4106171788,9.77662772167e-05
38309,3.41061660909,9.7839121978e-05
38398,3.41061606361,9.79049107052e-05
38486,3.4106158713,9.79630798311e-05
38575,3.41061510541,9.80134360338e-05
38664,3.41061444759,9.80560499256e-05
38753,3.41061443588,9.80913012043e-05
38842,3.41061411548,9.81199348187e-05
38932,3.41061359769,9.81430227557e-05
39022,3.41061290587,9.81620398858e-05
39112,3.41061300634,9.81788693831e-05
39202,3.41061192709,9.81959249969e-05
39292,3.41061137526,9.82159294466e-05
39383,3.41061104961,9.82419899506e-05
39473,3.41061088618,9.82773768449e-05
39564,3.41061033547,9.8325314325e-05
39656,3.41060962632,9.83886458194e-05
39747,3.41060919844,9.84695026585e-05
39839,3.41060831859,9.85689814926e-05
39931,3.41060836998,9.86867221963e-05
40023,3.41060700568,9.88208470213e-05
40115,3.41060710362,9.89676327313e-05
40207,3.41060633947,9.91219569228e-05
40300,3.41060618657,9.9277419045e-05
40393,3.41060556622,9.9427126975e-05
40486,3.41060517873,9.95643296765e-05
40579,3.41060529497,9.9683290192e-05
40673,3.4106045849,9.97800494279e-05
40767,3.41060455046,9.98528205977e-05
40861,3.41060381701,9.99023820859e-05
40955,3.41060313547,9.99318226761e-05
41049,3.41060253132,9.9946211496e-05
41144,3.41060267847,9.99519260234e-05
41239,3.41060239604,9.99559966425e-05
41334,3.41060179161,9.99653136999e-05
41429,3.41060133664,9.99860817089e-05
41525,3.41060072768,0.00010002346416
41620,3.41060012523,0.000100081351724
41716,3.41059918045,0.000100162359074
41812,3.41059901135,0.000100267849191
41909,3.41059827828,0.000100398193778
42005,3.41059767539,0.000100552810034
42102,3.41059690692,0.000100730419984
42199,3.41059674273,0.000100929155263
42297,3.41059622464,0.00010114680107
42394,3.4105955045,0.000101380871531
42492,3.41059528105,0.000101628780479
42590,3.41059493871,0.00010188803873
42688,3.41059454857,0.00010215631372
42786,3.41059360462,0.000102431554213
42885,3.41059359494,0.000102711963136
42984,3.41059246834,0.000102996177773
43083,3.41059255591,0.000103283015193
43182,3.41059196744,0.000103571694717
43282,3.41059189098,0.000103861569663
43382,3.41059131631,0.000104152237355
43482,3.41059055306,0.000104443386681
43582,3.41059030312,0.000104734787999
43682,3.41059031979,0.00010502630495
43783,3.41058962912,0.000105317866884
43884,3.41058966758,0.000105609357586
43985,3.41058923722,0.000105900761511
44086,3.41058936186,0.000106192007808
44188,3.41058826265,0.0001064831226
44290,3.41058832812,0.000106774009681
44392,3.41058808848,0.000107064699183
44494,3.41058750643,0.000107355181627
44597,3.41058694028,0.000107645439239
44700,3.41058692709,0.000107935452005
44803,3.41058704484,0.000108225233189
44906,3.41058648646,0.000108514811058
45010,3.4105861737,0.000108804161295
45113,3.4105860348,0.000109093293115
45217,3.4105853925,0.000109382237087
45322,3.41058552754,0.000109670962891
45426,3.41058471409,0.000109959538542
45531,3.41058490003,0.00011024791579
45636,3.41058501365,0.000110536145634
45741,3.41058475682,0.000110824256578
45846,3.41058418296,0.000111112268407
45952,3.41058457607,0.000111400163846
46058,3.41058390083,0.000111688037784
46164,3.41058338054,0.00011197588377
46271,3.41058310258,0.00011226373877
46377,3.41058313434,0.000112551648831
46484,3.41058303308,0.000112839687984
46591,3.41058234808,0.000113127945234
46699,3.41058231377,0.000113416472498
46806,3.41058240384,0.000113705403798
46914,3.41058181571,0.000113994912028
47023,3.41058157937,0.000114285144359
47131,3.41058169953,0.000114576323244
47240,3.41058156395,0.000114868738036
47348,3.41058146448,0.000115162697218
47458,3.41058101814,0.000115458582285
47567,3.41058079371,0.000115756790361
47677,3.41058108738,0.000116057768999
47787,3.41058048493,0.000116362054583
47897,3.41058045406,0.000116670100937
48007,3.41058017403,0.000116982436548
48118,3.41057973461,0.000117299534033
48229,3.4105801054,0.000117621787949
48340,3.41057947196,0.000117949618748
48451,3.41057927955,0.000118283244568
48563,3.41057902809,0.000118622844897
48675,3.41057923041,0.000118968448187
48787,3.41057914401,0.000119320007097
48900,3.4105789882,0.000119677324631
49012,3.41057917441,0.000120040090532
49125,3.41057890719,0.000120407945935
49239,3.41057796252,0.000120780440533
49352,3.41057872524,0.00012115698179
49466,3.41057776383,0.000121537156218
49580,3.41057857734,0.000121920298381
49694,3.41057800128,0.00012230599348
49809,3.41057791282,0.000122693675598
49924,3.41057750852,0.000123082915121
50039,3.41057774244,0.000123473267136
50154,3.41057758785,0.000123864409912
50270,3.41057758603,0.00012425601719
50386,3.4105775006,0.00012464784085
50502,3.41057754192,0.000125039662454
50618,3.41057764664,0.000125431314327
50735,3.4105773953,0.000125822677091
50852,3.41057769418,0.000126213611939
50969,3.41057756588,0.000126604073684
51086,3.41057733913,0.000126993988304
51204,3.41057782514,0.000127383278882
51322,3.41057765256,0.000127771961814
51441,3.41057753156,0.000128159985119
51559,3.41057793842,0.000128547312412
51678,3.41057805935,0.000128933961331
51797,3.4105773892,0.000129319942406
51917,3.410577841,0.000129705177682
52036,3.41057771685,0.000130089728559
52156,3.41057808018,0.000130473553424
52276,3.41057807225,0.000130856685238
52397,3.41057838729,0.000131239098389
52518,3.41057805038,0.000131620831683
52639,3.41057810431,0.000132001846114
52760,3.41057855346,0.000132382141882
52882,3.41057858741,0.000132761749799
53004,3.41057890053,0.000133140640725
53126,3.41057885264,0.000133518835433
53248,3.41057862118,0.000133896320429
53371,3.41057918316,0.000134273047811
53494,3.41057915133,0.000134649059381
53617,3.41057913727,0.000135024314913
53741,3.41057992989,0.000135398763132
53865,3.41057968835,0.000135772453193
53989,3.41057981772,0.000136145301486
54114,3.41057966054,0.000136517302328
54238,3.41057998239,0.00013688838926
54363,3.41057975616,0.000137258563822
54489,3.41058017884,0.000137627734643
54614,3.41058097153,0.000137995866208
54740,3.41058081008,0.000138362962495
54866,3.41058118148,0.000138728911027
54993,3.41058118499,0.000139093693757
55120,3.41058176319,0.000139457215735
55247,3.41058161621,0.000139819472018
55374,3.41058216082,0.000140180345415
55502,3.4105822289,0.0001405398239
55630,3.41058218279,0.000140897832313
55758,3.41058289499,0.000141254274166
55886,3.4105829416,0.000141609148227
56015,3.41058326145,0.000141962356097
56144,3.41058347774,0.000142313854757
56274,3.41058423694,0.000142663559688
56404,3.41058442576,0.000143011461308
56534,3.41058458892,0.000143357482453
56664,3.41058458704,0.000143701576455
56795,3.41058508692,0.000144043664773
56925,3.41058562308,0.000144383718861
57057,3.41058604576,0.000144721699497
57188,3.41058600284,0.000145057578841
57320,3.4105862178,0.000145391286241
57452,3.41058651496,0.000145722792261
57585,3.41058721022,0.000146052049754
57717,3.41058735975,0.000146379069017
57850,3.4105882144,0.000146703770097
57984,3.41058842057,0.000147026189032
58117,3.41058917168,0.000147346257122
58251,3.41058948666,0.000147664005006
58386,3.41058974629,0.000147979411494
58520,3.41058989772,0.000148292482773
58655,3.41059060193,0.000148603205102
58790,3.41059104368,0.000148911643503
58926,3.41059141613,0.000149217838249
59062,3.41059169688,0.000149521863977
59198,3.41059206657,0.000149823818916
59334,3.41059273913,0.000150123841608
59471,3.41059293489,0.000150422167502
59608,3.41059389375,0.000150719009557
59746,3.41059405594,0.000151014785972
59883,3.41059433867,0.000151309904099
60021,3.41059544755,0.000151604896612
60160,3.41059564518,0.000151900538691
60299,3.41059620192,0.000152197622153
60438,3.41059629237,0.000152497195429
60577,3.41059722609,0.000152800382571
60716,3.41059777801,0.000153108591428
60856,3.41059820764,0.000153423322415
60997,3.41059876587,0.000153746209423
61137,3.41059940195,0.000154078990194
61278,3.41059975382,0.000154423444386
61420,3.41060040762,0.000154781252607
61561,3.41060137122,0.000155153959369
61703,3.41060138075,0.000155542877932
61845,3.41060232255,0.000155948743512
61988,3.41060287499,0.000156371844173
62131,3.4106035759,0.000156811624692
62274,3.4106045927,0.00015726662572
62418,3.41060468661,0.000157734382637
62561,3.41060583044,0.000158211087852
62706,3.41060687224,0.000158691795482
62850,3.41060748348,0.000159170198964
62995,3.41060893846,0.000159638610423
63140,3.41060970957,0.00016008824591
63286,3.41061122295,0.000160509101757
63432,3.41061220788,0.00016089042904
63578,3.41061402467,0.000161220751147
63725,3.41061517285,0.000161488438274
63871,3.41061679952,0.000161681796602
64019,3.41061789435,0.00016178966104
64166,3.41061995236,0.000161801537559
64314,3.41062177611,0.00016170819154
64462,3.410623528,0.000161501758514
64611,3.41062469422,0.000161176089788
64760,3.41062693019,0.000160726802358
64909,3.41062852631,0.000160151653734
65059,3.41063014803,0.000159450311675
65209,3.41063205054,0.000158624458141
65359,3.41063309247,0.000157677745835
65510,3.41063554658,0.000156615436805
65661,3.41063640396,0.000155444629425
65812,3.41063823994,0.000154173560722
65964,3.41063995754,0.000152811824716
66116,3.41064034719,0.000151370002372
66268,3.41064164564,0.000149859309627
66421,3.41064292827,0.000148291711665
66574,3.41064359118,0.000146679600309
66728,3.41064474967,0.000145035581667
66882,3.4106450999,0.000143372507262
67036,3.41064593563,0.00014170311187
67190,3.41064597217,0.000140040075874
67345,3.41064646486,0.00013839563931
67500,3.41064660065,0.000136781600831
67656,3.41064666771,0.000135208974319
67812,3.41064688763,0.000133687806837
67968,3.41064628545,0.000132226982266
68125,3.4106461499,0.000130833848751
68282,3.41064611135,0.000129514153276
68440,3.4106454391,0.000128271806836
68597,3.4106455532,0.00012710866192
68755,3.41064474608,0.000126024653642
68914,3.41064440939,0.000125017592813
69073,3.41064412636,0.00012408346659
69232,3.41064371964,0.000123216571477
69392,3.41064332589,0.000122409806164
69552,3.41064272669,0.000121655062839
69712,3.4106423481,0.000120943610281
69873,3.41064211897,0.000120266580731
70034,3.41064209069,0.000119615393035
70195,3.41064184466,0.000118982190348
70357,3.41064148152,0.000118360167957
70519,3.41064067903,0.000117743892949
70682,3.41064021423,0.000117129446777
70845,3.41064037914,0.000116514575756
71008,3.41064030976,0.000115898708146
71172,3.4106398135,0.00011528279181
71336,3.41063950406,0.000114669109192
71500,3.41063963046,0.000114061072062
71665,3.41063947103,0.000113462952693
71830,3.41063895762,0.000112879518808
71996,3.41063773882,0.000112315753804
72162,3.41063728043,0.000111776494655
72328,3.41063740461,0.000111266286899
72495,3.41063685298,0.000110789151011
72662,3.41063649636,0.000110348316268
72829,3.41063633591,0.000109946212669
72997,3.41063532701,0.000109584424529
73166,3.41063445469,0.000109263590726
73334,3.41063446019,0.000108983522113
73503,3.41063369269,0.000108743350429
73673,3.41063354473,0.000108541463491
73843,3.41063312328,0.000108375804173
74013,3.41063217785,0.00010824391722
74183,3.4106321606,0.000108143060336
74354,3.41063116297,0.000108070507113
74526,3.41063079201,0.000108023463572
74698,3.41063020325,0.00010799938013
74870,3.41063004386,0.000107995934104
75042,3.41062980338,0.000108011203374
75215,3.41062918515,0.000108043693254
75389,3.41062919393,0.000108092351817
75563,3.41062840084,0.000108156717001
75737,3.41062789519,0.000108236767443
75911,3.41062814039,0.000108333009204
76086,3.41062750346,0.000108446489993
76262,3.41062747735,0.000108578582237
76438,3.41062740137,0.000108731082927
76614,3.4106259377,0.000108906084316
76790,3.41062682841,0.000109105695041
76967,3.41062658427,0.000109332328651
77145,3.41062626527,0.000109588216378
77323,3.41062579959,0.000109875474137
77501,3.41062635597,0.000110195911977
77680,3.4106255899,0.000110551076707
77859,3.41062528694,0.00011094190124
78038,3.4106243963,0.000111368835935
78218,3.41062438048,0.000111831594204
78398,3.41062455628,0.000112329239237
78579,3.41062458033,0.000112860056143
78760,3.4106251561,0.000113421500637
78942,3.41062445585,0.000114010310788
79124,3.41062534573,0.000114622280549
79306,3.41062424129,0.000115252667179
79489,3.41062480205,0.000115895787097
79672,3.41062541808,0.000116545510756
79856,3.41062549701,0.000117195142601
80040,3.41062638208,0.000117837493966
80225,3.4106279062,0.000118465118318
80410,3.41062824422,0.000119070443908
80595,3.4106286467,0.000119645740613
80781,3.41062946196,0.000120183391065
80967,3.41062987924,0.000120676032766
81154,3.41063015964,0.000121116607336
81341,3.410632167,0.000121498460888
81528,3.41063340481,0.000121815665926
81716,3.41063380681,0.000122062877093
81904,3.41063586352,0.000122235407516
82093,3.41063720784,0.00012232956009
82283,3.41063779799,0.000122342418889
82472,3.41063848453,0.00012227193075
82662,3.41063929042,0.000122116979695
82853,3.41064173944,0.000121877298836
83044,3.41064206595,0.000121553691678
83235,3.41064312254,0.000121147569613
83427,3.41064381654,0.000120661278877
83619,3.4106456182,0.000120097806257
83812,3.41064672984,0.000119460912967
84005,3.41064852667,0.000118754826991
84199,3.41064920695,0.000117984380006
84393,3.41065001374,0.000117154700632
84588,3.41065119912,0.00011627126488
84783,3.41065137897,0.000115339826648
84978,3.41065317343,0.000114366138534
85174,3.41065283453,0.00011335621865
85370,3.41065467462,0.000112315787709
85567,3.41065476641,0.000111250741238
85765,3.41065511333,0.000110166614684
85962,3.41065675266,0.000109068756996
86160,3.41065571945,0.000107962408964
86359,3.41065586565,0.000106852254093
86558,3.41065801322,0.0001057427367
86758,3.41065732746,0.000104638114887
86958,3.41065735895,0.000103542010258
87158,3.41065725168,0.000102457798066
87359,3.41065686339,0.000101388446987
87560,3.41065853256,0.000100336473189
87762,3.41065702359,9.93042469179e-05
87965,3.4106576513,9.82934731919e-05
88167,3.41065755187,9.73057597421e-05
88371,3.41065807516,9.63422758242e-05
88574,3.4106579423,9.54039724768e-05
88778,3.41065768887,9.44914800717e-05
88983,3.41065696992,9.36052097826e-05
89188,3.41065745695,9.27452989508e-05
89394,3.41065660178,9.19118066851e-05
89600,3.41065649512,9.11044965306e-05
89806,3.41065674251,9.0323054083e-05
90014,3.4106565076,8.95670526282e-05
90221,3.41065535658,8.88359514763e-05
90429,3.41065638677,8.81290347973e-05
90637,3.41065529456,8.74457130107e-05
90846,3.4106545966,8.67851693868e-05
91056,3.41065553292,8.61465853633e-05
91266,3.41065364529,8.55292625855e-05
91476,3.41065496924,8.49322255054e-05
91687,3.41065329882,8.43548021827e-05
91898,3.41065311683,8.37960584815e-05
92110,3.41065380635,8.3255198903e-05
92323,3.41065414389,8.27314588731e-05
92535,3.41065331826,8.22240841098e-05
92749,3.41065287866,8.17322876817e-05
92962,3.41065306847,8.1255341576e-05
93177,3.41065087879,8.0792623659e-05
93392,3.41065216516,8.03433312642e-05
93607,3.41065149199,7.99069598269e-05
93823,3.41065079369,7.94828609409e-05
94039,3.41065178814,7.90704226942e-05
94256,3.41065051701,7.86691949074e-05
94473,3.41064897453,7.82786181966e-05
94691,3.41064994109,7.78981444877e-05
94909,3.41064883602,7.75274215109e-05
95128,3.41064920651,7.71659372246e-05
95347,3.41064999949,7.68133095644e-05
95567,3.41064993414,7.64691847289e-05
95787,3.4106482512,7.61332190849e-05
96008,3.41064831528,7.58049981046e-05
96229,3.41064806649,7.54842483846e-05
96451,3.41064725609,7.51706743789e-05
96674,3.41064691756,7.48639696784e-05
96896,3.41064748225,7.45638576337e-05
97120,3.41064741736,7.4270119647e-05
97344,3.4106461816,7.39825291869e-05
97568,3.41064638256,7.37008046299e-05
97793,3.41064655705,7.34247650456e-05
98018,3.41064646456,7.31542141374e-05
98244,3.41064546034,7.28889747021e-05
98471,3.41064711777,7.2628789294e-05
98698,3.41064572167,7.23736077216e-05
98925,3.41064495927,7.21231876903e-05
99153,3.41064483606,7.18773734093e-05
99382,3.41064359529,7.16360533688e-05
99611,3.41064465705,7.13990139546e-05
99841,3.41064454162,7.11661927582e-05
100071,3.41064294291,7.09374662778e-05
100302,3.41064454199,7.07126130125e-05
100533,3.41064516193,7.04916008755e-05
100765,3.41064516753,7.02743079023e-05
100997,3.41064325465,7.00606509982e-05
101230,3.41064437822,6.98504227829e-05
101464,3.41064373604,6.96436202995e-05
101697,3.41064271823,6.94401171033e-05
101932,3.4106426287,6.92397923854e-05
102167,3.41064238373,6.90425773404e-05
102402,3.41064209374,6.88483820058e-05
102638,3.41064180594,6.86571207662e-05
102875,3.41064095937,6.84687231379e-05
103112,3.41064345239,6.82830320236e-05
103350,3.41064167453,6.81001236337e-05
103588,3.4106402395,6.79198316877e-05
103827,3.41064174598,6.77420333796e-05
104066,3.41064124823,6.75667582752e-05
104306,3.4106403085,6.7393908625e-05
104547,3.4106406885,6.72233852872e-05
104788,3.41063918757,6.70551891766e-05
105029,3.41064218891,6.68891346952e-05
105271,3.41064041887,6.67253457928e-05
105514,3.41064197851,6.65636074923e-05
105757,3.41064060733,6.64039878433e-05
106001,3.41063884122,6.62463846861e-05
106245,3.41063746131,6.60907320949e-05
106490,3.41064006317,6.59369115727e-05
106736,3.41064143589,6.57849767627e-05
106982,3.41063689859,6.5634971761e-05
107228,3.41063794586,6.54866307989e-05
107476,3.41063979984,6.53400033162e-05
107723,3.41063895253,6.51951150649e-05
107972,3.41063907714,6.50518555972e-05
108221,3.41063859239,6.49102163919e-05
108470,3.41063981751,6.47701158456e-05
108720,3.41063746256,6.46316181283e-05
108971,3.41063787378,6.44945676669e-05
109222,3.41063721569,6.43590031347e-05
109474,3.41063713391,6.4224860431e-05
109726,3.41063776478,6.40921050762e-05
109979,3.41063736545,6.39607388051e-05
110233,3.41063720565,6.38307076113e-05
110487,3.41063698778,6.37019878179e-05
110741,3.41063838094,6.35745198632e-05
110997,3.41063768507,6.3448345092e-05
111253,3.41063787088,6.33233811877e-05
111509,3.41063713185,6.31996354894e-05
111766,3.41063697588,6.30770544371e-05
112024,3.41063541222,6.29556498915e-05
112282,3.41063785737,6.28352975542e-05
112541,3.41063563406,6.27161336049e-05
112800,3.41063820657,6.25979605729e-05
113060,3.41063470913,6.24809552254e-05
113321,3.41063831258,6.23648537891e-05
113582,3.41063479752,6.22498946352e-05
113844,3.41063573605,6.21358447576e-05
114106,3.41063646183,6.20227683831e-05
114369,3.41063571461,6.1910667654e-05
114633,3.4106347726,6.17994988956e-05
114897,3.4106355946,6.16892066123e-05
115162,3.41063501898,6.15798283121e-05
115428,3.41063428617,6.14713220402e-05
115694,3.41063618409,6.1363618423e-05
115960,3.41063425444,6.12568147506e-05
116228,3.41063371399,6.11507984096e-05
116496,3.410633177,6.10455758274e-05
116764,3.41063625106,6.09410642399e-05
117033,3.41063297354,6.08374235681e-05
117303,3.41063343291,6.07344556419e-05
117574,3.41063278084,6.06322292084e-05
117845,3.41063578229,6.05306419688e-05
118116,3.41063324389,6.04298396427e-05
118389,3.41063573842,6.03296173571e-05
118662,3.4106354206,6.0230096852e-05
118935,3.41063419895,6.01312270978e-05
119209,3.41063284221,6.00329774531e-05
119484,3.41063451405,5.99352753738e-05
119759,3.41063472375,5.983818306e-05
120036,3.41063307379,5.97416905859e-05
120312,3.41063317478,5.96457179684e-05
120590,3.4106325887,5.95502913168e-05
120868,3.41063183066,5.9455385064e-05
121146,3.4106336777,5.93609344062e-05
121425,3.41063341094,5.92670051801e-05
121705,3.41063206553,5.917356295e-05
121986,3.41063465839,5.90805045034e-05
122267,3.41063202659,5.89879725066e-05
122549,3.4106314799,5.88958242731e-05
122832,3.41063485089,5.88040124464e-05
123115,3.41063243905,5.87126885196e-05
123398,3.41063533106,5.86216457894e-05
123683,3.41063239926,5.85310601096e-05
123968,3.41063151027,5.84407808517e-05
124254,3.41063418774,5.83507669244e-05
124540,3.41063080587,5.82611680604e-05
124827,3.41063041836,5.81718146163e-05
125115,3.4106303508,5.80827378867e-05
125404,3.41063459282,5.7993855862e-05
125693,3.4106324309,5.79053368976e-05
125982,3.41063458289,5.78169852903e-05
126273,3.4106331564,5.772892184e-05
126564,3.41063171463,5.76410733609e-05
126856,3.41063308975,5.75533798439e-05
127148,3.41063176946,5.74659226832e-05
127441,3.41063569164,5.7378556989e-05
127735,3.41063375758,5.7291459064e-05
128029,3.41063059217,5.72045410077e-05
128324,3.4106338425,5.71176654783e-05
128620,3.41063223722,5.70310130051e-05
128917,3.41063204282,5.6944470952e-05
129214,3.41063180906,5.68580568072e-05
129512,3.4106322888,5.67717521303e-05
129811,3.41063155089,5.66855841028e-05
130110,3.41062957191,5.65995490335e-05
130410,3.41063032219,5.6513578078e-05
130710,3.41063155782,5.64277066691e-05
131012,3.41063144622,5.63419643223e-05
131314,3.41063242796,5.62563110237e-05
131616,3.41063124669,5.61708019983e-05
131920,3.41062917717,5.60854188314e-05
132224,3.41063074374,5.60000911003e-05
132529,3.41063063414,5.59149113373e-05
132834,3.41063162108,5.58298404504e-05
133140,3.41062905777,5.57449621513e-05
133447,3.41063420236,5.56601013896e-05
133755,3.41063153464,5.55755218396e-05
134063,3.41063376267,5.54910276101e-05
134372,3.41062721372,5.54068538654e-05
134682,3.4106272659,5.53227644065e-05
134993,3.41063032003,5.5238833089e-05
135304,3.41063465834,5.51551041343e-05
135616,3.41063062756,5.50717508337e-05
135928,3.41063160143,5.49885753345e-05
136242,3.41063022832,5.49057157359e-05
136556,3.4106308433,5.4823122509e-05
136871,3.4106305738,5.47408631036e-05
137186,3.4106279862,5.46589824351e-05
137502,3.41062995351,5.45773930859e-05
137819,3.41063176622,5.44961940097e-05
138137,3.41063050507,5.44154557089e-05
138455,3.41062927038,5.43351529829e-05
138775,3.41062984243,5.42552823022e-05
139094,3.41062972187,5.41759085655e-05
139415,3.41063137857,5.40970178072e-05
139737,3.41062795994,5.40187440279e-05
140059,3.41062932222,5.39409563308e-05
140382,3.41063013279,5.38637644793e-05
140705,3.4106280944,5.37872296718e-05
141029,3.41063339035,5.37112160446e-05
141355,3.41063229128,5.36359642812e-05
141680,3.41062848315,5.35614398562e-05
142007,3.41063277604,5.34874962498e-05
142334,3.4106312887,5.34143738813e-05
142663,3.41062779984,5.33420350083e-05
142991,3.4106284736,5.32704041022e-05
143321,3.41063032085,5.31995479922e-05
143651,3.41062765552,5.31295742668e-05
143983,3.41062546399,5.30604229475e-05
144314,3.41063179132,5.29919858089e-05
144647,3.41062991291,5.29245384431e-05
144981,3.41062390264,5.28580315555e-05
145315,3.4106271376,5.27922709025e-05
145650,3.41062778921,5.27274516293e-05
145986,3.41062991834,5.26635212931e-05
146322,3.41063180652,5.26005155291e-05
146659,3.41062926424,5.25385065353e-05
146997,3.4106266301,5.24774336108e-05
147336,3.41063264539,5.24171673194e-05
147676,3.41063104823,5.2357961287e-05
148016,3.41062599615,5.22997535256e-05
148358,3.41062854489,5.22423753233e-05
148700,3.41062866201,5.21859800433e-05
149042,3.41062816879,5.21305379001e-05
149386,3.41062684201,5.20760491743e-05
149730,3.41062938016,5.20224378281e-05
150076,3.41062402989,5.19698776097e-05
150421,3.41063088968,5.1918055538e-05
150768,3.41062759823,5.18673044536e-05
151116,3.41062524946,5.18174465405e-05
151464,3.4106327839,5.17683363304e-05
151813,3.41062865132,5.17202902996e-05
152163,3.41062452417,5.16731194972e-05
152514,3.4106293396,5.1626676215e-05
152866,3.41062651497,5.15811984218e-05
153218,3.41063234964,5.15364256496e-05
153571,3.41063112208,5.14925810939e-05
153925,3.41063353095,5.14494880306e-05
154280,3.41062748228,5.14073133192e-05
154636,3.4106248609,5.13658616547e-05
154992,3.41062950604,5.13250590064e-05
155350,3.41062637001,5.1285115201e-05
155708,3.41062597732,5.12458548717e-05
156067,3.41062752888,5.12072729469e-05
156426,3.4106258278,5.11694301473e-05
156787,3.41062989732,5.11321736802e-05
157148,3.41062542132,5.1095700752e-05
157511,3.41062707988,5.10597738661e-05
157874,3.41062241452,5.10245621965e-05
158238,3.41062181568,5.09898928966e-05
158602,3.41062508796,5.09557518288e-05
158968,3.41062882168,5.09221730037e-05
159335,3.41062783718,5.08892169093e-05
159702,3.41062786899,5.08567813278e-05
160070,3.41062228036,5.0824948882e-05
160439,3.41062725742,5.07934623462e-05
160809,3.4106287773,5.07625150231e-05
161180,3.41062477134,5.07321222275e-05
161551,3.41062341033,5.0702147342e-05
161923,3.41063420075,5.06724345644e-05
162297,3.4106263946,5.06434265285e-05
162671,3.41062660134,5.06147140214e-05
163046,3.41062217267,5.05864714048e-05
163422,3.41061920173,5.0558595216e-05
163798,3.41062678843,5.05309380644e-05
164176,3.41063362194,5.0503655511e-05
164555,3.41062886406,5.04768961828e-05
164934,3.41062829413,5.04504150677e-05
165314,3.41062394089,5.04243192074e-05
165695,3.4106223804,5.03985008566e-05
166077,3.41062992801,5.03728567364e-05
166460,3.41062662736,5.03476719882e-05
166844,3.41062907917,5.03226921816e-05
167228,3.41062203378,5.0298133482e-05
167614,3.41062254595,5.02737358281e-05
168000,3.41062857991,5.02495212923e-05
168388,3.41062435684,5.0225714641e-05
168776,3.41062568273,5.02020756556e-05
169165,3.41062528417,5.0178704461e-05
169555,3.41062593992,5.01555534983e-05
169946,3.41062654693,5.01326326708e-05
170337,3.41062551293,5.01099593576e-05
170730,3.41062400193,5.00875107237e-05
171124,3.41062982102,5.00651667438e-05
171518,3.41062194633,5.00432309062e-05
171913,3.41063471665,5.00211944623e-05
172310,3.41062722704,4.99996528695e-05
172707,3.41062431056,4.99782374947e-05
173105,3.41061808267,4.99570597959e-05
173504,3.41062748493,4.99358384914e-05
173904,3.41062928405,4.99149102154e-05
174305,3.41061935583,4.98943316878e-05
174707,3.41062788794,4.98736579813e-05
175110,3.41063053472,4.98532421947e-05
175513,3.41062659197,4.98330915892e-05
175918,3.41061691232,4.98131908383e-05
176323,3.41062840278,4.97931444118e-05
176730,3.41062167652,4.97735250211e-05
177137,3.41061764692,4.9754024951e-05
177546,3.41062877255,4.97344603867e-05
177955,3.41062314447,4.97152946438e-05
178365,3.41062180253,4.9696218918e-05
178776,3.41062148647,4.9677278926e-05
179188,3.41062570745,4.96584218215e-05
179601,3.41061763571,4.96398909807e-05
180015,3.41062729673,4.96212478032e-05
180430,3.41062891398,4.96028659869e-05
180846,3.41062914611,4.95846471987e-05
181263,3.41062831247,4.95665854506e-05
181681,3.41061997658,4.9548772976e-05
182100,3.41062446339,4.95309132934e-05
182520,3.41062796372,4.95132059403e-05
182941,3.41062691928,4.94957014585e-05
183362,3.41063371075,4.94782191403e-05
183785,3.41062431456,4.94611065121e-05
184209,3.41061877328,4.94440718336e-05
184633,3.41062538441,4.94269940166e-05
185059,3.41062541511,4.94101437671e-05
185485,3.41062201786,4.93934745076e-05
185913,3.41062173123,4.93768907344e-05
186342,3.41062825363,4.93603382055e-05
186771,3.41062806661,4.93440118666e-05
187202,3.41062264264,4.93278896171e-05
187633,3.41062579462,4.93117709884e-05
188066,3.41062101865,4.92958939815e-05
188499,3.41062806382,4.92799724912e-05
188934,3.41063369868,4.92641971807e-05
189369,3.41063238275,4.92486474295e-05
189806,3.41062652025,4.92332878512e-05
190244,3.41063462357,4.9217850666e-05
190682,3.41062431236,4.92028026332e-05
191122,3.41061983689,4.91877932309e-05
191562,3.41062284076,4.9172798309e-05
192004,3.41062182632,4.91579831649e-05
192446,3.41062997846,4.91431572589e-05
192890,3.4106256098,4.91286326083e-05
193335,3.41062975533,4.91141056542e-05
193780,3.4106248871,4.90998283593e-05
194227,3.41063696847,4.90854264768e-05
194675,3.41062810672,4.90714449461e-05
195124,3.41062798265,4.9057456134e-05
195573,3.41062172999,4.90436734705e-05
196024,3.41061954241,4.90299498992e-05
196476,3.41062414287,4.90162458996e-05
196929,3.41062367254,4.90027315071e-05
197383,3.41062287454,4.89893381079e-05
197838,3.4106348487,4.89758771681e-05
198294,3.41062393958,4.89628602897e-05
198751,3.41062741797,4.89497518846e-05
199209,3.41062721235,4.89368110099e-05
199669,3.41061720135,4.89241250324e-05
200129,3.41062633124,4.89112783321e-05
200590,3.41062189176,4.88987397038e-05
201053,3.41062010481,4.88862760933e-05
201516,3.41062651056,4.88738077563e-05
201981,3.41062572034,4.88615548643e-05
202446,3.41062868986,4.88493600481e-05
202913,3.41062738639,4.88373379968e-05
203381,3.41061519542,4.88255829877e-05
203850,3.41061793244,4.88137250637e-05
204320,3.41063177954,4.88018186475e-05
204791,3.41062344816,4.87903396977e-05
205263,3.41061931908,4.87789103342e-05
205736,3.41063042259,4.87673725268e-05
206210,3.41062595807,4.87561663825e-05
206685,3.4106155592,4.8745153714e-05
207162,3.41062056276,4.87340292391e-05
207639,3.41062203661,4.87230632228e-05
208118,3.41061466444,4.87123312208e-05
208598,3.4106193392,4.87015344729e-05
209079,3.41062824053,4.86907844025e-05
209561,3.41063173132,4.86802182669e-05
210044,3.41062555017,4.86698964944e-05
210528,3.41062699665,4.86595718543e-05
211013,3.41062190774,4.86494461111e-05
211500,3.41061665894,4.86394279601e-05
211987,3.41063356066,4.86291989709e-05
212476,3.41062441145,4.86194461411e-05
212966,3.41063134401,4.86095684335e-05
213457,3.41062760792,4.85999468502e-05
213949,3.41061866175,4.85905032181e-05
214442,3.41061946967,4.85810240304e-05
214936,3.41063743093,4.85714036816e-05
215432,3.41062245959,4.85623551494e-05
215928,3.41061501873,4.85533018331e-05
216426,3.41062630041,4.85440841852e-05
216925,3.41062571334,4.85351373798e-05
217425,3.41062737998,4.85262600839e-05
217926,3.41061441614,4.85176921954e-05
218429,3.41063174282,4.85087943931e-05
218932,3.41063734541,4.85001640687e-05
219437,3.41064051628,4.84916687143e-05
219943,3.41061677667,4.8483655987e-05
220450,3.41063025129,4.84752139885e-05
220958,3.41061797318,4.846723749e-05
221467,3.4106245001,4.84590929218e-05
221978,3.41062784461,4.84510924736e-05
222490,3.41061917655,4.84433612482e-05
223003,3.41062742038,4.84354881019e-05
223517,3.41062443458,4.84278724413e-05
224032,3.41063491664,4.84201632708e-05
224548,3.41062587696,4.84128286639e-05
225066,3.41062547214,4.84054685893e-05
225585,3.41062766124,4.83981685354e-05
226105,3.41060956398,4.83912528625e-05
226626,3.41062952713,4.83838934306e-05
227149,3.41063461378,4.83768410571e-05
227672,3.41062029517,4.83701595877e-05
228197,3.41062839229,4.83632555904e-05
228723,3.41063861574,4.83564165795e-05
229250,3.41060933279,4.83502324767e-05
229779,3.41062858321,4.83434548593e-05
230308,3.41062078553,4.83371548986e-05
230839,3.4106182284,4.83308746062e-05
231372,3.41063216188,4.83244543266e-05
231905,3.4106155337,4.83185604563e-05
232439,3.41062611063,4.83123742668e-05
232975,3.4106424092,4.83061999021e-05
233512,3.41064060012,4.83003745714e-05
234051,3.41060738044,4.8295086273e-05
234590,3.41061773841,4.82892728497e-05
235131,3.41062624456,4.82835773759e-05
235673,3.41062144701,4.82781616648e-05
236216,3.4106229801,4.8272747475e-05
236761,3.41060606556,4.82676852228e-05
237307,3.41062673498,4.82621816624e-05
237854,3.41062322724,4.82571105514e-05
238402,3.41063209047,4.82519544349e-05
238952,3.41063658265,4.82469499242e-05
239502,3.41063921912,4.82420611444e-05
240055,3.41064891672,4.82371616988e-05
240608,3.41063213804,4.82327256193e-05
241163,3.4106250896,4.82282405478e-05
241718,3.41064413096,4.82234749369e-05
242276,3.41061884958,4.8219424101e-05
242834,3.41062983655,4.82149483079e-05
243394,3.41061253272,4.82109599953e-05
243955,3.41063202222,4.82065388701e-05
244517,3.4106313716,4.8202489439e-05
245081,3.41062666475,4.81985840632e-05
245646,3.41061040889,4.81949283387e-05
246212,3.41061888005,4.8191009388e-05
246780,3.41063430267,4.81870781703e-05
247349,3.41061603038,4.81837086695e-05
247919,3.41061549999,4.81801738927e-05
248491,3.41060971114,4.81767985204e-05
249063,3.41060639672,4.81734730475e-05
249638,3.41064615341,4.81696238509e-05
250213,3.41062655807,4.8166697262e-05
250790,3.4106102528,4.81638082484e-05
251368,3.41060016007,4.81609152889e-05
251947,3.41063839121,4.81574235289e-05
252528,3.41062724999,4.81547122122e-05
253110,3.41062255706,4.81519928675e-05
253694,3.41064506223,4.81489723196e-05
254279,3.41060034636,4.81469832552e-05
254865,3.41062595712,4.81440836524e-05
255452,3.41063566546,4.81414905578e-05
256041,3.41060098822,4.81396057065e-05
256630,3.41061987571,4.8137046296e-05
257223,3.41063717419,4.81345905831e-05
257815,3.41060883594,4.81328599359e-05
258410,3.41061097682,4.81307798774e-05
259005,3.4106483011,4.81282838331e-05
259603,3.41062826673,4.81266774538e-05
260202,3.41061778098,4.81250163245e-05
260801,3.41061139354,4.81233771179e-05
261403,3.41062876969,4.81214821328e-05
262005,3.41062931093,4.81199039606e-05
262609,3.41062648442,4.81184523369e-05
263215,3.41061466284,4.81172064095e-05
263821,3.41064620293,4.81154273033e-05
264429,3.41062179564,4.81145158025e-05
265039,3.4106422436,4.81130496079e-05
265650,3.41064036942,4.81119761693e-05
266262,3.41063759029,4.81109931188e-05
266876,3.4106391041,4.81100269055e-05
267491,3.4106462061,4.81090590345e-05
268108,3.41065236848,4.81081813606e-05
268726,3.41063329874,4.81077363066e-05
269346,3.41061741413,4.81073228134e-05
269967,3.41062249963,4.81066898036e-05
270589,3.4106404849,4.81059508995e-05
271213,3.41064035336,4.81055433646e-05
271838,3.41064360798,4.81051636873e-05
272464,3.41062452237,4.81051745099e-05
273093,3.41065130635,4.8104613561e-05
273722,3.41063161676,4.81047830723e-05
274353,3.41062306439,4.81048702745e-05
274986,3.41063926034,4.81046829839e-05
275619,3.41065572225,4.81045663058e-05
276255,3.41063606185,4.81050332667e-05
276892,3.41061117783,4.81056478706e-05
277530,3.41060621239,4.81060552957e-05
278170,3.41063997739,4.81059900014e-05
278811,3.4106313791,4.81065956011e-05
279454,3.41062222088,4.81072822816e-05
280098,3.41064554318,4.81075838098e-05
280744,3.41062968693,4.81085107607e-05
281391,3.41066045542,4.81088526665e-05
282039,3.41061079873,4.81104014573e-05
282690,3.41062316976,4.81111475529e-05
283341,3.41062329443,4.8112138471e-05
283994,3.41063506335,4.81130370246e-05
284649,3.41062046946,4.81143791995e-05
285305,3.41062126323,4.81155758562e-05
285963,3.41063765965,4.81166237763e-05
286622,3.41062687396,4.81181263931e-05
287283,3.41060867875,4.81198046121e-05
287945,3.4106594549,4.81205806125e-05
288609,3.4106424989,4.81223829653e-05
289274,3.4106253413,4.81242587546e-05
289941,3.41061739736,4.81260749711e-05
290610,3.41061992961,4.81278136315e-05
291279,3.41062506149,4.81295857211e-05
291951,3.41061923184,4.81315824663e-05
292624,3.41065922323,4.8133002384e-05
293299,3.41062139194,4.81355902693e-05
293975,3.41061878646,4.81377505697e-05
294652,3.41063405779,4.81397279526e-05
295332,3.41063329252,4.81420009466e-05
296012,3.4106429858,4.81441954461e-05
296695,3.41060915264,4.81470733879e-05
297379,3.41062716473,4.81492883339e-05
298064,3.41064286251,4.81516046837e-05
298751,3.41062141306,4.8154514118e-05
299440,3.41063807829,4.81569539292e-05
300130,3.41064552124,4.81595923309e-05
300822,3.41058527992,4.81632547966e-05
301516,3.41061494556,4.81657158326e-05
302211,3.41061713544,4.81686329214e-05
302907,3.41060813268,4.81717760391e-05
303606,3.41058823245,4.81751409436e-05
304306,3.41061467925,4.81779189258e-05
305007,3.41061108507,4.81811888832e-05
305710,3.41059378264,4.81847200564e-05
306415,3.41064488819,4.81873521876e-05
307121,3.41065790723,4.81905897231e-05
307829,3.41058855247,4.81950584892e-05
308539,3.41062927584,4.8198038967e-05
309250,3.4106809208,4.82009321086e-05
309963,3.41058945787,4.82059147899e-05
