27,0.9330428184375,0.09468007585343
27,0.9329370013216,0.09497030509527
27,0.9328302048089,0.09525990433808
27,0.9327223882382,0.09554885636471
27,0.9326135096896,0.09583714392052
27,0.9325035259305,0.09612474971955
27,0.9323923923584,0.0964116564513
27,0.9322800629379,0.09669784678808
28,0.9321664901317,0.09698330339309
28,0.9320516248251,0.09726800892941
28,0.9319354162398,0.09755194607012
28,0.9318178118346,0.09783509750993
28,0.9316987571866,0.09811744597919
28,0.9315781958341,0.09839897426192
28,0.9314560690389,0.09867966522283
28,0.9313323152856,0.09895950186264
28,0.9312068677158,0.09923846759437
28,0.9310796644069,0.09951656302722
28,0.9309506503024,0.09979375817432
28,0.9308197502333,0.1000700363122
28,0.930686890884,0.1003453821506
28,0.9305519964788,0.1006197807842
28,0.9304149882634,0.1008932178097
29,0.9302757842048,0.101165679432
29,0.9301342987271,0.101437152582
29,0.9299904424447,0.101707625054
29,0.9298441218801,0.1019770856666
29,0.9296952391599,0.1022455244534
29,0.9295436916868,0.102512932889
29,0.9293893717831,0.1027793041578
29,0.9292321663052,0.1030446334729
29,0.9290719562266,0.1033089184569
29,0.9289086161897,0.1035721595936
29,0.9287420140251,0.1038343607683
29,0.9285720102403,0.1040955299098
29,0.9283984574816,0.1043556797568
29,0.9282211999731,0.1046148287718
29,0.9280400729424,0.1048730022295
30,0.9278549020467,0.1051302335158
30,0.9276655028179,0.1053865656751
30,0.9274716801558,0.1056420532546
30,0.9272732279088,0.1058967645006
30,0.9270699285982,0.1061507839742
30,0.9268615533645,0.1064042156626
30,0.9266478622446,0.1066571866786
30,0.9264286049313,0.1069098516531
30,0.9262035222304,0.1071623979468
30,0.9259723485159,0.1074150518198
30,0.9257348156209,0.107668085722
30,0.9254906588025,0.1079218268806
30,0.9252396257464,0.1081766673709
30,0.9249814901354,0.1084330758496
31,0.9247160723224,0.1086916110734
31,0.9244432717367,0.1089529371582
31,0.9241631206265,0.1092178400298
31,0.9238758839172,0.1094872428109
31,0.9235823063107,0.1097622088798
31,0.923284375123,0.1100430039837
31,0.9229824256527,0.1103281914873
31,0.9226762651628,0.1106177056228
31,0.9223659831902,0.1109115267346
31,0.9220516954736,0.1112096323538
31,0.9217335168919,0.1115120004274
31,0.9214115552395,0.1118186100779
31,0.92108590987,0.1121294417848
31,0.9207566717835,0.1124444773941
32,0.9204239241595,0.1127637000734
32,0.9200877429997,0.1130870942536
32,0.9197481977613,0.1134146455712
32,0.9194053519385,0.113746340816
32,0.9190592635835,0.1140821678858
32,0.9187099857659,0.1144221157486
32,0.9183575669777,0.1147661744105
32,0.9180020514893,0.1151143348899
32,0.9176434796631,0.1154665891966
32,0.9172818882309,0.1158229303158
32,0.9169173105394,0.1161833521946
32,0.9165497767687,0.116547849734
32,0.9161793141279,0.1169164187818
32,0.9158059470295,0.1172890561296
33,0.9154296972473,0.1176657595116
33,0.9150505840578,0.1180465276053
33,0.9146686243693,0.1184313600348
33,0.9142838328385,0.1188202573749
33,0.9138962219775,0.1192132211575
33,0.9135058022509,0.1196102538791
33,0.9131125821656,0.1200113590099
33,0.912716568353,0.1204165410035
33,0.9123177656454,0.1208258053086
33,0.9119161771459,0.1212391583811
33,0.9115118042945,0.1216566076975
33,0.9111046469289,0.1220781617694
33,0.9106947033412,0.1225038301586
34,0.9102819703317,0.1229336234934
34,0.9098664432591,0.1233675534851
34,0.9094481160878,0.1238056329465
34,0.9090269814327,0.12424787581
34,0.908603030602,0.1246942971471
34,0.9081762536375,0.1251449131884
34,0.9077466393531,0.1255997413445
34,0.9073141753725,0.1260588002277
34,0.9068788481639,0.1265221096739
34,0.9064406430753,0.1269896907658
34,0.9059995443671,0.1274615658564
34,0.9055555352446,0.1279377585935
35,0.9051085978894,0.1284182939443
35,0.9046587134901,0.1289031982214
35,0.9042058622723,0.1293924991087
35,0.9037500235284,0.1298862256889
35,0.9032911756467,0.1303844084705
35,0.9028292961401,0.1308870794161
35,0.9023643616752,0.1313942719718
35,0.9018963481005,0.1319060210961
35,0.9014252304751,0.1324223632902
35,0.9009509830973,0.1329433366291
35,0.9004735795329,0.1334689807926
35,0.8999929926446,0.1339993370974
36,0.8995091946207,0.13453444853
36,0.8990221570046,0.1350743597796
36,0.8985318507248,0.1356191172725
36,0.8980382461249,0.1361687692062
36,0.8975413129946,0.1367233655845
36,0.8970410206011,0.1372829582535
36,0.8965373377209,0.1378476009379
36,0.896030232673,0.1384173492778
36,0.8955196733521,0.1389922608661
36,0.8950056272629,0.1395723952871
36,0.8944880615559,0.1401578141546
36,0.893966943063,0.1407485811515
37,0.8934422383354,0.1413447620696
37,0.8929139136817,0.1419464248497
37,0.8923819352073,0.1425536396229
37,0.8918462688558,0.1431664787515
37,0.8913068804502,0.1437850168715
37,0.8907637357372,0.1444093309346
37,0.8902168004317,0.1450395002511
37,0.8896660402631,0.1456756065334
37,0.8891114210234,0.1463177339399
37,0.8885529086169,0.1469659691186
37,0.8879904691113,0.1476204012526
37,0.8874240687908,0.1482811221039
38,0.8868536742113,0.1489482260597
38,0.8862792522571,0.1496218101772
38,0.8857007702,0.1503019742298
38,0.88511819576,0.1509888207529
38,0.884531497169,0.1516824550904
38,0.8839406432357,0.1523829854404
38,0.883345603414,0.1530905229027
38,0.8827463478725,0.153805181524
38,0.8821428475681,0.1545270783454
38,0.8815350743207,0.1552563334481
38,0.8809230008915,0.1559930699999
39,0.8803066010639,0.1567374143012
39,0.8796858497271,0.1574894958308
39,0.8790607229628,0.1582494472909
39,0.8784311981349,0.1590174046526
39,0.8777972539828,0.1597935071998
39,0.8771588707168,0.1605778975734
39,0.8765160301185,0.1613707218138
39,0.8758687156431,0.1621721294038
39,0.8752169125264,0.1629822733093
39,0.8745606078948,0.1638013100199
39,0.8738997908793,0.1646293995877
40,0.8732344527332,0.165466705665
40,0.872564586954,0.1663133955406
40,0.8718901894094,0.1671696401742
40,0.8712112584668,0.1680356142296
40,0.8705277951282,0.1689114961051
40,0.8698398031681,0.1697974679624
40,0.8691472892771,0.1706937157531
40,0.8684502632091,0.171600429242
40,0.867748737934,0.1725178020292
40,0.8670427297941,0.1734460315673
40,0.8663322586659,0.1743853191766
41,0.8656173481273,0.175335870057
41,0.8648980256286,0.1762978932954
41,0.864174322669,0.1772716018695
41,0.8634462749791,0.1782572126476
41,0.8627139227067,0.1792549463836
41,0.8619773106097,0.1802650277068
41,0.8612364882528,0.1812876851072
41,0.8604915102103,0.1823231509146
41,0.8597424362739,0.1833716612725
41,0.8589893316655,0.1844334561046
42,0.8582322672561,0.1855087790762
42,0.8574713197888,0.186597877547
42,0.8567065721082,0.1877010025174
42,0.8559381133939,0.1888184085667
42,0.8551660394002,0.1899503537823
42,0.8543904526997,0.1910970996812
42,0.8536114629324,0.192258911121
42,0.8528291870596,0.1934360562018
42,0.8520437496222,0.1946288061577
42,0.8512552830032,0.195837435237
42,0.8504639276947,0.1970622205714
43,0.849669832569,0.1983034420331
43,0.8488731551525,0.1995613820791
43,0.8480740619038,0.2008363255831
43,0.8472727284942,0.2021285596525
43,0.8464693400914,0.2034383734322
43,0.8456640916442,0.2047660578928
43,0.8448571881699,0.2061119056035
43,0.8440488450425,0.2074762104885
43,0.8432392882808,0.2088592675671
43,0.8424287548373,0.2102613726758
44,0.8416174928855,0.2116828221725
44,0.8408057621061,0.2131239126227
44,0.8399938339707,0.2145849404648
44,0.8391819920219,0.2160662016576
44,0.8383705321498,0.2175679913054
44,0.8375597628626,0.2190906032634
44,0.8367500055516,0.2206343297207
44,0.8359415947485,0.2221994607621
44,0.8351348783735,0.2237862839063
45,0.8343302179749,0.2253950836221
45,0.8335279889555,0.227026140821
45,0.8327285807881,0.2286797323256
45,0.8319323972156,0.2303561303151
45,0.8311398564356,0.2320556017458
45,0.8303513912676,0.2337784077479
45,0.8295674493013,0.2355248029979
45,0.8287884930228,0.237295035067
45,0.8280149999194,0.2390893437452
45,0.8272474625582,0.2409079603418
46,0.8264863886392,0.2427511069625
46,0.825732301018,0.2446189957639
46,0.8249857376993,0.2465118281858
46,0.8242472517956,0.2484297941614
46,0.823517411452,0.2503730713082
46,0.8227967997324,0.2523418240989
46,0.8220860144671,0.254336203014
46,0.8213856680572,0.2563563436792
46,0.8206963872362,0.2584023659859
47,0.8200188127842,0.2604743732004
47,0.8193535991939,0.2625724510614
47,0.8187014142865,0.2646966668682
47,0.818062938774,0.2668470685638
47,0.8174388657677,0.2690236838135
47,0.8168299002295,0.2712265190828
47,0.8162367583656,0.2734555587184
47,0.81566016696,0.275710764034
47,0.8151008626464,0.2779920724058
48,0.8145595911185,0.2802993963812
48,0.8140371062754,0.2826326228038
48,0.8135341693039,0.2849916119601
48,0.8130515476947,0.2873761967506
48,0.8125900141939,0.2897861818923
48,0.8121503456888,0.2922213431538
48,0.8117333220292,0.2946814266312
48,0.8113397247833,0.297166148067
48,0.8109703359311,0.2996751922186
49,0.8106259364948,0.3022082122811
49,0.8103073051097,0.3047648293689
49,0.8100152165356,0.3073446320614
49,0.8097504401133,0.3099471760191
49,0.8095137381678,0.3125719836727
49,0.8093058643619,0.3152185439931
49,0.8091275620036,0.317886312344
49,0.8089795623129,0.3205747104249
49,0.8088625826499,0.3232831263061
50,0.8087773247124,0.3260109145627
50,0.8087244727055,0.3287573965089
50,0.8087046914911,0.3315218605391
50,0.8087186247219,0.3343035625763
50,0.8087668929682,0.3371017266334
50,0.8088500918414,0.3399155454886
50,0.8089687901254,0.342744181477
50,0.8091235279188,0.3455867674014
50,0.8093148147991,0.3484424075618
51,0.8095431280151,0.3513101789061
51,0.8098089107153,0.3541891323008
51,0.8101125702211,0.3570782939229
51,0.8104544763528,0.3599766667703
51,0.8108349598167,0.3628832322911
51,0.8112543106606,0.3657969521291
51,0.8117127768079,0.3687167699824
51,0.8122105626769,0.3716416135731
52,0.812747827893,0.3745703967233
52,0.8133246861038,0.3775020215352
52,0.8139412039021,0.3804353806673
52,0.8145973998668,0.3833693597049
52,0.8152932437266,0.3863028396166
52,0.8160286556555,0.3892346992925
52,0.8168035057051,0.3921638181553
52,0.8176176133814,0.3950890788392
53,0.8184707473705,0.3980093699274
53,0.8193626254199,0.4009235887415
53,0.8202929143804,0.4038306441739
53,0.8212612304125,0.406729459554
53,0.8222671393628,0.4096189755404
53,0.8233101573135,0.4124981530292
53,0.8243897513087,0.4153659760688
53,0.8255053402602,0.4182214547723
54,0.8266562960366,0.4210636282161
54,0.8278419447366,0.4238915673167
54,0.8290615681493,0.4267043776733
54,0.8303144054022,0.4295012023676
54,0.8315996547992,0.4322812247095
54,0.8329164758487,0.4350436709183
54,0.8342639914827,0.4377878127284
54,0.8356412904673,0.4405129699094
55,0.8370474300053,0.4432185126899
55,0.8384814385307,0.4459038640723
55,0.8399423186956,0.4485685020304
55,0.8414290505505,0.4512119615762
55,0.8429405949176,0.4538338366853
55,0.8444758969594,0.4564337820702
55,0.8460338899438,0.459011514788
55,0.8476134992077,0.4615668156715
56,0.8492136463245,0.4640995305696
56,0.8508332534784,0.4666095713846
56,0.8524712480547,0.4690969168912
56,0.8541265674534,0.4715616133211
56,0.8557981641409,0.4740037746964
56,0.8574850109546,0.4764235828916
56,0.8591861066827,0.4788212874025
56,0.8609004819486,0.4811972047948
57,0.8626272054363,0.4835517178029
57,0.8643653905051,0.4858852740391
57,0.8661142022609,0.4881983842688
57,0.8678728651659,0.490491620191
57,0.8696406713045,0.4927656116499
57,0.8714169894583,0.4950210431772
57,0.873201275203,0.4972586497325
57,0.8749930823246,0.4994792114588
58,0.8767920759768,0.5016835471953
58,0.8785980481969,0.5038725063756
58,0.8804109367107,0.5060469587539
58,0.8822308484756,0.5082077810939
58,0.8840580903294,0.510355839415
58,0.8858932108246,0.5124919643776
58,0.8877370608011,0.5146169153433
59,0.8895908880533,0.5167313240485
59,0.8914565017154,0.5188355969091
59,0.89333660758,0.5209297164318
59,0.8952357350218,0.5230126947584
59,0.8971634736516,0.5250762917737
59,0.8991083911283,0.5271011824885
59,0.9010567479343,0.5290918341193
60,0.903003716352,0.5310524010009
60,0.9049462063853,0.5329861199348
60,0.9068819571093,0.5348958356041
60,0.9088092218995,0.5367841805097
60,0.9107266206204,0.5386536579583
60,0.9126330586452,0.5405066862687
60,0.9145276780365,0.5423456242975
61,0.9164098261423,0.5441727868137
61,0.9182790344374,0.5459904538582
61,0.9201350037752,0.5478008762944
61,0.9219775938472,0.5496062788091
61,0.923806815509,0.5514088611268
61,0.9256228251185,0.5532107979164
61,0.9274259203188,0.5550142377046
62,0.9292165368801,0.5568213010039
62,0.9309952463234,0.5586340777998
62,0.9327627541275,0.5604546244924
62,0.93451989837,0.5622849603641
62,0.9362676486863,0.5641270636167
62,0.9380071054556,0.5659828670117
62,0.9397394991379,0.5678542531332
63,0.9414661896997,0.5697430492874
63,0.9431886660704,0.5716510220435
63,0.9449085455794,0.57357987142
63,0.9466275733256,0.5755312247158
63,0.9483476214318,0.5775066299822
63,0.9500706881383,0.5795075491345
63,0.9517988966885,0.5815353506968
64,0.9535344939574,0.5835913021787
64,0.9552798487727,0.5856765620799
64,0.9570374498761,0.5877921715227
64,0.9588099034686,0.5899390455153
64,0.9605999302805,0.5921179638487
64,0.9624103621058,0.5943295616388
64,0.9642441377333,0.5965743195257
65,0.9661042982091,0.598852553551
65,0.9679939813564,0.6011644047371
65,0.9699164154801,0.6035098284045
65,0.9718749121787,0.6058885832652
65,0.9738728581862,0.6083002203455
65,0.9759137061633,0.6107440717974
65,0.9780009643596,0.613219239671
66,0.9801381850659,0.6157245847323
66,0.9823289517819,0.6182587154218
66,0.9845768650242,0.6208199770668
66,0.9868855267062,0.6234064414706
66,0.9892585230297,0.6260158970206
66,0.9916994058351,0.6286458394703
67,0.9942116723697,0.6312934635681
67,0.9967987434473,0.6339556557202
67,0.9994639399902,0.6366289878914
67,1.002210457964,0.639309712961
67,1.005041341737,0.6419937617676
67,1.007959455929,0.6446767420845
67,1.010967455832,0.6473539397806
68,1.014067756534,0.6500203224278
68,1.017262500899,0.6526705456172
68,1.020553526611,0.6552989622491
68,1.02394233251,0.6578996350531
68,1.027430044522,0.660466352584
68,1.031017381507,0.6629926489204
69,1.034704621396,0.6654718272694
69,1.038491568068,0.6678969876429
69,1.042377519404,0.6702610587331
69,1.046361237062,0.6725568340622
69,1.0504409185,0.6747770124199
69,1.054614171843,0.6769142425342
70,1.058877994197,0.6789611718441
70,1.063228754014,0.6809104991533
70,1.067662178149,0.682755030857
70,1.072173344197,0.68448774033
70,1.076756678693,0.6861018299692
70,1.081405961705,0.6875907952784
71,1.086114338287,0.6889484902874
71,1.090874337183,0.690169193502
71,1.095677897052,0.6912476735007
71,1.100516400388,0.6921792532219
71,1.105380715176,0.6929598719317
71,1.110261244145,0.6935861438316
72,1.115147981364,0.6940554122543
72,1.120030575742,0.6943657984141
72,1.124898400818,0.6945162437229
72,1.129740630099,0.6945065447588
72,1.134546317027,0.6943373800755
72,1.139304478531,0.6940103281718
73,1.144004181013,0.6935278760966
73,1.148634627523,0.6928934183387
73,1.153185244828,0.6921112458422
73,1.157645769055,0.6911865251905
73,1.162006328603,0.6901252682042
73,1.166257523059,0.6889342923993
74,1.170390496955,0.6876211729407
74,1.174397007302,0.6861941869006
74,1.178269483977,0.684662250776
74,1.182001082225,0.6830348523465
74,1.185585726704,0.6813219780373
74,1.189018146691,0.6795340370111
75,1.192293902289,0.6776817832337
75,1.195409401626,0.6757762367419
75,1.198361909272,0.6738286052996
75,1.201149546223,0.6718502075516
75,1.203771281984,0.6698523986869
75,1.206226919379,0.6678464995015
76,1.208517072858,0.6658437296199
76,1.210643141096,0.6638551454875
76,1.212607274768,0.6618915835995
76,1.214412340386,0.659963609286
76,1.216061881073,0.6580814712285
76,1.21756007516,0.6562550617494
77,1.218911693406,0.6544938827972
77,1.220122055615,0.6528070174373
77,1.221196987336,0.6512031065681
77,1.22214277727,0.6496903305044
77,1.222966135905,0.648276395008
78,1.223674155827,0.6469685212998
78,1.22427427405,0.6457734395577
78,1.224774236658,0.6446973853855
78,1.225182065919,0.6437460987332
78,1.225506029986,0.6429248247537
78,1.225754615235,0.6422383160958
79,1.225936501186,0.6416908361537
79,1.22606053793,0.6412861628218
79,1.226135725914,0.6410275923357
79,1.226171197883,0.6409179428163
79,1.226176202765,0.6409595571739
80,1.226160091198,0.6411543050689
80,1.226132302434,0.6415035836682
80,1.226102352262,0.6420083169821
80,1.226079821618,0.6426689536076
80,1.226074345518,0.6434854627513
80,1.226095601913,0.6444573284509
81,1.226153300099,0.6455835419586
81,1.226257168258,0.6468625923006
81,1.226416939749,0.6482924550732
81,1.226642337712,0.6498705795865
81,1.22694305761,0.65159387452
82,1.227328747293,0.6534586923066
82,1.227808984202,0.6554608125166
82,1.228393249338,0.6575954245742
82,1.229090897662,0.6598571101922
82,1.229911124572,0.6622398259785
83,1.230862928221,0.6647368867243
83,1.231955067389,0.6673409499498
83,1.233196014762,0.6700440023433
83,1.234593905482,0.672837348791
83,1.236156480934,0.6757116047528
84,1.237891027825,0.678656692789
84,1.239804312696,0.6816618440933
84,1.241902512152,0.6847156059188
84,1.244191139202,0.6878058558114
84,1.24667496626,0.6909198235721
84,1.249357945504,0.6940441218604
85,1.252243127458,0.6971647863196
85,1.255332578847,0.7002673260448
85,1.25862730094,0.7033367851304
85,1.262127149786,0.706357815908
85,1.265830759921,0.7093147643348
86,1.269735473285,0.7121917677905
86,1.273837275235,0.7149728653108
86,1.278130739662,0.7176421200077
86,1.282608985282,0.7201837531137
86,1.287263645234,0.7225822887418
87,1.292084852053,0.7248227080765
87,1.297061240033,0.7268906113201
87,1.302179966802,0.7287723853179
87,1.307426755692,0.7304553743949
87,1.312785960162,0.7319280515714
88,1.318240651097,0.7331801870005
88,1.323772727327,0.734203010216
88,1.329363049151,0.7349893626015
88,1.334991593998,0.7355338364226
89,1.340637632749,0.7358328968109
89,1.346279924549,0.7358849832645
89,1.351896927308,0.7356905875431
89,1.357467020503,0.7352523052815
89,1.362968736366,0.7345748592199
90,1.368380995167,0.7336650926277
90,1.373683340011,0.7325319322629
90,1.378856166491,0.7311863210316
90,1.383880942559,0.7296411213411
90,1.388740414258,0.7279109909638
91,1.393418793293,0.7260122339803
91,1.397901923009,0.7239626300356
91,1.402177419973,0.7217812456789
91,1.406234789105,0.7194882319466
91,1.410065511137,0.7171046125737
92,1.413663101949,0.7146520672752
92,1.417023144175,0.712152714433
92,1.420143292164,0.7096288972638
92,1.423023252064,0.7071029771554
92,1.425664739332,0.704597137364
93,1.428071416361,0.702133199695
93,1.430248813246,0.6997324561776
93,1.432204234823,0.6974155171125
93,1.433946657154,0.6952021762563
94,1.435486616557,0.6931112933292
94,1.436836094067,0.6911606935042
94,1.438008397981,0.6893670830846
94,1.439018046789,0.6877459801971
94,1.439880654437,0.6863116590353
95,1.440612819495,0.6850771059749
95,1.44123201937,0.6840539857468
95,1.441756510359,0.6832526157966
95,1.442205233922,0.6826819469615
96,1.44259772924,0.682349548657
96,1.442954051782,0.6822615968789
96,1.44329469735,0.6824228634711
96,1.443640530782,0.6828367052966
96,1.444012718344,0.683505052152
97,1.444432662613,0.6844283924945
97,1.444921938561,0.6856057562878
97,1.445502229414,0.6870346945264
97,1.446195260831,0.6887112552535
98,1.447022731869,0.6906299561508
98,1.448006241237,0.6927837540419
98,1.449167207341,0.6951640119221
98,1.450526780686,0.6977604643874
98,1.452105747316,0.7005611826069
99,1.453924422052,0.7035525402402
99,1.456002530504,0.7067191819599
99,1.458359078967,0.7100439964885
99,1.461012211617,0.7135080962919
100,1.463979054631,0.7170908062989
100,1.467275547235,0.7207696642098
100,1.470916260015,0.7245204351333
100,1.474914201264,0.7283171434255
101,1.47928061259,0.7321321246958
101,1.48402475553,0.7359361009791
101,1.489153691474,0.7396982820387
101,1.494672057797,0.7433864956451
101,1.500581843749,0.7469673494585
102,1.506882170274,0.750406426805
102,1.513569078619,0.7536685181704
102,1.520635333224,0.7567178896163
102,1.528070244932,0.7595185885443
103,1.535859521136,0.7620347862843
103,1.543985149749,0.7642311558673
103,1.552425324169,0.766073282062
103,1.561154416289,0.7675280993429
104,1.570143004346,0.768564351945
104,1.579357961696,0.7691530686052
104,1.58876261162,0.7692680430666
104,1.598316951868,0.7688863100165
105,1.607977950828,0.7679886049416
105,1.617699915113,0.7665597955283
105,1.627434925898,0.76458927181
105,1.637133338719,0.76207128237
106,1.646744338763,0.7590052046183
106,1.656216541034,0.7553957385098
106,1.665498622432,0.7512530150652
106,1.674539970831,0.7465926136355
107,1.68329133488,0.7414354849233
107,1.691705457581,0.7358077801816
107,1.699737676877,0.7297405905811
107,1.707346477444,0.7232696042434
107,1.714493979678,0.7164346916862
108,1.721146354399,0.7092794331975
108,1.727274154859,0.7018506037933
108,1.732852561172,0.6941976327905
108,1.737861535943,0.6863720555856
109,1.742285893549,0.678426974959
109,1.746115289008,0.6704165481986
109,1.749344135419,0.66239551464
110,1.751971461588,0.6544187760137
110,1.75400072347,0.646541039424
110,1.755439584553,0.6388165300176
110,1.756299681209,0.6312987775893
111,1.756596389581,0.6240404786273
111,1.756348610662,0.6170934326985
111,1.755578590202,0.6105085496595
111,1.754311789917,0.6043359219138
112,1.752576826385,0.5986249537663
112,1.750405494106,0.5934245377095
112,1.747832889551,0.5887832650366
112,1.744897653648,0.5847496552528
113,1.741642351081,0.5813723850465
113,1.738114005874,0.5787004926756
113,1.734364813725,0.5767835270565
113,1.730453052104,0.5756716020567
114,1.726444208407,0.5754153048439
114,1.722412343497,0.5760653919962
114,1.718441701028,0.577672187819
114,1.714628559651,0.5802845756268
115,1.711083302272,0.5839484448717
115,1.707932639398,0.5887044263484
115,1.705321866661,0.5945847177007
115,1.70341695338,0.6016087787873
116,1.702406143113,0.6097776727871
116,1.702500594638,0.6190668626637
116,1.703933405253,0.6294173706048
117,1.706956153244,0.6407254055065
117,1.711831910996,0.6528309004772
117,1.718823585653,0.6655059129088
117,1.728176553643,0.6784445311279
118,1.740095021374,0.691256749552
118,1.754712532999,0.7034695568923
118,1.772058667871,0.7145389181243
118,1.792026158378,0.7238759570735
119,1.814345008924,0.7308889413163
119,1.838571850223,0.7350393099677
119,1.864102493452,0.7359052462762
120,1.890212336449,0.7332414391875
120,1.916122760645,0.7270208888552
120,1.941083534291,0.7174461445303
120,1.964454743088,0.7049240135706
121,1.985770285568,0.6900077070153
121,2.004769813518,0.6733195673957
121,2.021395243282,0.6554719830516
122,2.035757508738,0.6370023350265
122,2.048085331341,0.6183315061523
122,2.058669040648,0.5997479590304
122,2.067809918735,0.5814135517234
123,2.075781315432,0.5633843188904
123,2.082803758667,0.5456390701676
123,2.089033408099,0.5281098105879
123,2.094561584804,0.5107096841639
124,2.099422449571,0.4933557806822
124,2.103605826803,0.4759854966492
124,2.107072415577,0.4585661860506
125,2.109769054986,0.4410986214995
125,2.111642252652,0.4236153436681
125,2.112648795966,0.4061753109307
126,2.112762885708,0.3888563695512
126,2.111979789769,0.3717469642085
126,2.110316446271,0.3549382462237
126,2.107809712333,0.3385173829948
127,2.104513054605,0.3225625025124
127,2.100492439258,0.3071393834679
127,2.095822048979,0.2922997615068
128,2.090580282134,0.2780809763776
128,2.084846315016,0.2645066234189
128,2.078697358619,0.2515878750809
128,2.072206628882,0.2393251801579
129,2.065441975333,0.2277101091773
129,2.058465072352,0.2167271785257
129,2.051331061806,0.2063555438937
130,2.044088537273,0.1965705009025
130,2.036779771491,0.1873447661973
130,2.02944110463,0.178649536796
131,2.022103427974,0.1704553409525
131,2.014792713572,0.1627327023884
131,2.007530554097,0.1554526434633
131,2.000334688474,0.1485870533348
132,1.993219497538,0.1421089456844
132,1.986196460611,0.135992628048
132,1.979274568641,0.1302138018242
133,1.972460692843,0.1247496090168
133,1.965759909989,0.1195786389322
133,1.95917578685,0.1146809055234
134,1.952710627063,0.1100378038811
134,1.946365684049,0.1056320525323
134,1.940141343665,0.1014476266886
135,1.934037280171,0.09746968635124
135,1.928052588862,0.09368450219628
135,1.922185898447,0.090079381381
135,1.916435465927,0.08664259480452
136,1.910799256446,0.08336330688426
136,1.905275010264,0.08023150854933
136,1.899860298763,0.0772379538802
137,1.894552571095,0.07437410062131
137,1.889349192912,0.0716320546442
137,1.884247478376,0.06900451833224
138,1.879244716494,0.06648474278284
138,1.874338192666,0.06406648367263
138,1.869525206207,0.0617439605989
139,1.864803084471,0.059511819692
139,1.860169194142,0.05736509928491
139,1.855620950142,0.05529919842485
140,1.851155822551,0.05330984801571
140,1.846771341868,0.05139308438737
140,1.8424651029,0.04954522509739
141,1.838234767503,0.04776284678202
141,1.834078066386,0.04604276488459
141,1.829992800136,0.04438201510179
142,1.825976839613,0.04277783639994
142,1.822028125827,0.04122765546497
142,1.818144669396,0.03972907246083
143,1.814324549678,0.03827984798148
143,1.810565913631,0.03687789109145
143,1.806866974478,0.03552124835898
144,1.803226010202,0.03420809379436
144,1.799641361939,0.03293671961378
144,1.79611143227,0.0317055277561
145,1.792634683473,0.03051302208701
145,1.789209635723,0.02935780123042
145,1.785834865291,0.02823855197324
146,1.78250900272,0.02715404319449
146,1.779230731027,0.0261031202746
146,1.775998783901,0.02508469994548
147,1.772811943931,0.02409776554623
147,1.769669040852,0.02314136265365
147,1.76656894981,0.02221459506118
148,1.763510589654,0.02131662108413
148,1.760492921243,0.02044665017386
148,1.757514945773,0.01960393982852
149,1.75457570312,0.01878779279304
149,1.751674270191,0.01799755454719
149,1.748809759296,0.01723261108603
150,1.745981316538,0.01649238700369
150,1.743188120232,0.01577634389724
150,1.740429379374,0.01508397911295
151,1.737704332194,0.01441482486148
151,1.735012244825,0.01376844773082
151,1.732352410161,0.01314444862478
152,1.729724146975,0.01254246314974
152,1.727126799397,0.01196216246174
152,1.72455973687,0.01140325456832
153,1.722022354728,0.01086548605465
153,1.719514075545,0.01034864416974
153,1.717034351415,0.009852559166871
154,1.714582667343,0.009377106743225
154,1.712158545866,0.008922210369103
155,1.709761553059,0.008487843240606
155,1.707391305971,0.008074029535411
155,1.705047481529,0.007680844605156
156,1.702729826809,0.007308413706741
156,1.700438170545,0.006956908865438
156,1.69817243558,0.006626543482317
157,1.695932651923,0.006317564353016
157,1.693718969971,0.006030240858693
157,1.691531673434,0.005764851224403
158,1.689371191538,0.005521665913306
158,1.68723811025,0.005300928430682
159,1.685133182618,0.005102834039177
159,1.683057339003,0.00492750712104
159,1.681011699368,0.004774978145379
160,1.678997592513,0.004645161386305
160,1.677016593676,0.004537834664092
160,1.675070610121,0.004452622405507
161,1.673162114146,0.004388983121222
161,1.671295206786,0.004346198111149
161,1.669476321877,0.004316322929768
162,1.667699856388,0.004291760485179
162,1.665962824839,0.004271261551336
163,1.664263585228,0.004253454972348
163,1.662600824066,0.004236883018
163,1.660973287377,0.004220040938755
164,1.659379662786,0.004201420740056
164,1.657818521331,0.004179557511084
164,1.65628829176,0.004153076222861
165,1.654787256458,0.004120736749502
165,1.653313563423,0.004081474879858
166,1.651865250655,0.004034437255799
166,1.650440279954,0.003979008481548
166,1.649036577335,0.00391482907209
167,1.647652077327,0.003841803416317
167,1.646284768504,0.003760097484951
168,1.644932737713,0.003670126574443
168,1.643594210715,0.003572533906616
168,1.642267587299,0.003468161364591
169,1.640951469336,0.003358014009607
169,1.63964468072,0.003243220271104
169,1.638346278669,0.00312498982348
170,1.637055556321,0.003004571157448
170,1.635772037066,0.002883210730953
171,1.634495461422,0.002762115361242
171,1.6332257676,0.002642419218761
171,1.631963067111,0.002525156431363
172,1.630707616916,0.002411239931299
172,1.6294597896,0.002301446803945
173,1.628220043044,0.002196410049475
173,1.626988890886,0.002096616365572
173,1.625766874882,0.002002409314342
174,1.624554540069,0.001913997057629
174,1.623352413344,0.001831463734284
175,1.622160985859,0.001754783508013
175,1.62098069937,0.001683836328375
175,1.619811936491,0.001618424510907
176,1.618655014625,0.001558289343541
176,1.6175101832,0.001503127053466
177,1.616377623765,0.001452603609499
177,1.615257452436,0.001406367979112
177,1.614149724172,0.001364063597632
178,1.613054438376,0.001325337932566
178,1.611971545338,0.00128985013388
179,1.610900953115,0.001257276848408
179,1.609842534495,0.001227316342563
180,1.608796133744,0.001199691122717
180,1.607761572947,0.001174149268848
180,1.606738657769,0.001150464706914
181,1.605727182557,0.001128436641904
181,1.604726934737,0.001107888359877
182,1.603737698501,0.001088665586604
182,1.602759257816,0.001070634565409
182,1.601791398797,0.00105367998995
183,1.600833911523,0.001037702900782
183,1.599886591353,0.001022618629144
184,1.598949239829,0.001008354848462
184,1.598021665227,0.0009948497741309
185,1.597103682843,0.000982050535519
185,1.596195115045,0.0009699117308142
185,1.595295791184,0.0009583941650999
186,1.594405547368,0.0009474637646033
186,1.593524226178,0.0009370906550057
187,1.592651676314,0.0009272483886167
187,1.591787752237,0.000917913303707
188,1.590932313789,0.000909063998961
188,1.590085225824,0.0009006809065447
188,1.58924635786,0.0008927459483845
189,1.588415583739,0.0008852422617007
189,1.587592781325,0.000878153981459
190,1.586777832216,0.0008714660690557
190,1.585970621487,0.0008651641781537
191,1.585171037455,0.000859234550068
191,1.584378971471,0.0008536639324363
192,1.58359431773,0.000848439516077
192,1.582816973097,0.0008435488859394
192,1.58204683696,0.0008389799828954
193,1.581283811086,0.0008347210738147
193,1.580527799502,0.0008307607279394
194,1.579778708382,0.0008270877980239
194,1.579036445942,0.0008236914050738
195,1.578300922353,0.0008205609257961
195,1.577572049649,0.000817685982097
196,1.57684974166,0.0008150564321308
196,1.576133913929,0.0008126623625301
196,1.575424483656,0.0008104940815474
197,1.57472136963,0.0008085421129069
197,1.574024492177,0.0008067971902204
198,1.573333773104,0.0008052502518594
198,1.57264913565,0.0008038924362041
199,1.571970504439,0.0008027150772113
199,1.571297805438,0.000801709700256
200,1.570630965912,0.000800868018215
200,1.569969914389,0.0008001819277651
201,1.569314580619,0.000799643505877
201,1.568664895541,0.0007992450064865
202,1.568020791247,0.0007989788573317
202,1.567382200955,0.0007988376569403
202,1.566749058972,0.0007988141717611
203,1.56612130067,0.0007989013334265
203,1.565498862456,0.0007990922361382
204,1.564881681744,0.0007993801341702
204,1.564269696935,0.0007997584394772
205,1.563662847384,0.0008002207194061
205,1.563061073385,0.0008007606944995
206,1.562464316144,0.0008013722363871
206,1.561872517756,0.0008020493657586
207,1.561285621189,0.0008027862504112
207,1.560703570261,0.0008035772033662
208,1.56012630962,0.0008044166810506
208,1.559553784727,0.0008052992815363
209,1.558985941839,0.0008062197428341
209,1.55842272799,0.0008071729412356
210,1.557864090973,0.0008081538897009
210,1.557309979329,0.0008091577362857
211,1.556760342328,0.0008101797626042
211,1.556215129952,0.0008112153823258
212,1.555674292887,0.0008122601396981
212,1.555137782502,0.000813309708097
213,1.554605550842,0.0008143598885976
213,1.55407755061,0.0008154066085637
213,1.553553735156,0.0008164459202535
214,1.553034058467,0.000817473999438
214,1.552518475151,0.0008184871440302
215,1.552006940431,0.000819481772722
215,1.551499410127,0.0008204544236268
216,1.550995840652,0.0008214017529267
216,1.550496189,0.0008223205335205
217,1.550000412731,0.0008232076536724
217,1.549508469969,0.0008240601156591
218,1.549020319386,0.0008248750344137
218,1.548535920196,0.0008256496361653
219,1.548055232146,0.0008263812570731
219,1.547578215508,0.000827067341854
220,1.547104831067,0.0008277054424023
221,1.546635040117,0.000828293216401
221,1.546168804451,0.000828828425924
222,1.545706086354,0.000829308936029
222,1.545246848595,0.0008297327133391
223,1.544791054419,0.0008300978246145
223,1.544338667543,0.0008304024353128
224,1.543889652145,0.0008306448081386
224,1.543443972858,0.0008308233015809
225,1.543001594768,0.0008309363684394
225,1.5425624834,0.0008309825543401
226,1.54212660472,0.0008309604962384
226,1.541693925121,0.0008308689209118
227,1.541264411422,0.0008307066434418
227,1.540838030862,0.0008304725656849
228,1.540414751093,0.000830165674733
228,1.539994540172,0.0008297850413653
229,1.539577366561,0.0008293298184893
229,1.539163199119,0.0008287992395738
230,1.538752007093,0.0008281926170739
230,1.538343760121,0.0008275093408472
231,1.53793842822,0.0008267488765644
231,1.537535981784,0.0008259107641124
232,1.537136391578,0.0008249946159924
233,1.536739628735,0.0008240001157125
233,1.53634566475,0.0008229270161769
234,1.535954471476,0.0008217751380709
234,1.535566021119,0.0008205443682438
235,1.535180286233,0.0008192346580898
235,1.534797239719,0.000817846021928
236,1.534416854816,0.0008163785353823
236,1.5340391051,0.0008148323337621
237,1.533663964478,0.0008132076104442
237,1.533291407186,0.0008115046152573
238,1.532921407784,0.0008097236528701
239,1.532553941151,0.0008078650811834
239,1.532188982481,0.0008059293097266
240,1.531826507283,0.0008039167980608
240,1.531466491372,0.0008018280541881
241,1.531108910868,0.000799663632969
241,1.530753742193,0.0007974241345472
242,1.530400962065,0.0007951102027845
242,1.530050547495,0.0007927225237051
243,1.529702475786,0.0007902618239508
244,1.529356724526,0.0007877288692478
244,1.529013271586,0.0007851244628857
245,1.528672095118,0.0007824494442095
245,1.528333173547,0.0007797046871255
246,1.527996485574,0.0007768910986212
246,1.527662010168,0.0007740096173012
247,1.527329726564,0.0007710612119378
247,1.526999614259,0.0007680468800388
248,1.526671653011,0.0007649676464322
249,1.526345822833,0.0007618245618682
249,1.526022103991,0.0007586187016398
250,1.525700477003,0.000755351164222
250,1.525380922631,0.0007520230699302
251,1.525063421882,0.0007486355595984
252,1.524747956004,0.0007451897932777
252,1.52443450648,0.0007416869489556
253,1.524123055032,0.000738128221296
253,1.523813583609,0.0007345148204009
254,1.523506074391,0.0007308479705944
254,1.523200509783,0.0007271289092282
255,1.522896872413,0.00072335888551
256,1.522595145127,0.0007195391593549
256,1.52229531099,0.0007156710002593
257,1.52199735328,0.0007117556861988
257,1.521701255486,0.0007077945025492
258,1.521407001306,0.0007037887410316
259,1.521114574644,0.0006997396986807
259,1.520823959604,0.0006956486768385
260,1.520535140494,0.0006915169801704
260,1.520248101817,0.0006873459157073
261,1.519962828272,0.0006831367919107
262,1.519679304748,0.0006788909177632
262,1.519397516325,0.0006746096018826
263,1.519117448271,0.0006702941516614
263,1.518839086036,0.0006659458724295
264,1.518562415252,0.0006615660666424
265,1.51828742173,0.0006571560330935
265,1.51801409146,0.0006527170661498
266,1.517742410602,0.0006482504550133
266,1.517472365492,0.000643757483005
267,1.517203942631,0.0006392394268741
268,1.51693712869,0.0006346975561297
268,1.516671910503,0.0006301331323976
269,1.516408275065,0.0006255474087993
270,1.516146209532,0.0006209416293551
270,1.515885701217,0.0006163170284097
271,1.515626737588,0.0006116748300813
271,1.515369306265,0.0006070162477325
272,1.51511339502,0.0006023424834646
273,1.51485899177,0.0005976547276329
273,1.514606084582,0.0005929541583845
274,1.514354661664,0.0005882419412179
275,1.514104711366,0.000583519228563
275,1.513856222179,0.000578787159383
276,1.51360918273,0.0005740468587964
276,1.51336358178,0.0005692994377194
277,1.513119408227,0.0005645459925286
278,1.512876651096,0.0005597876047428
278,1.512635299544,0.0005550253407252
279,1.512395342853,0.0005502602514031
280,1.512156770433,0.0005454933720078
280,1.511919571813,0.0005407257218315
281,1.511683736648,0.0005359583040028
282,1.511449254709,0.0005311921052797
282,1.511216115886,0.0005264280958593
283,1.510984310184,0.0005216672292052
284,1.510753827721,0.0005169104418903
284,1.510524658729,0.0005121586534565
285,1.510296793549,0.0005074127662892
286,1.51007022263,0.0005026736655079
286,1.509844936529,0.0004979422188712
287,1.509620925906,0.0004932192766968
288,1.509398181527,0.0004885056717945
288,1.509176694257,0.0004838022194143
289,1.508956455062,0.0004791097172071
290,1.508737455006,0.0004744289451986
290,1.508519685251,0.0004697606657754
291,1.508303137051,0.0004651056236836
292,1.508087801757,0.0004604645460398
292,1.507873670809,0.0004558381423521
293,1.50766073574,0.0004512271045539
294,1.50744898817,0.0004466321070467
294,1.507238419807,0.0004420538067545
295,1.507029022445,0.0004374928431881
296,1.506820787962,0.0004329498385177
296,1.506613708318,0.0004284253976566
297,1.506407775558,0.0004239201083523
298,1.506202981802,0.0004194345412869
298,1.505999319254,0.0004149692501858
299,1.50579678019,0.0004105247719335
300,1.505595356966,0.0004061016266977
300,1.505395042009,0.0004017003180602
301,1.505195827822,0.000397321333155
302,1.504997706977,0.0003929651428123
302,1.504800672118,0.0003886322017097
303,1.504604715956,0.0003843229485283
304,1.50440983127,0.0003800378061151
305,1.504216010904,0.0003757771816506
305,1.504023247768,0.0003715414668211
306,1.503831534832,0.0003673310379963
307,1.503640865128,0.000363146256411
307,1.503451231747,0.0003589874683512
308,1.503262627837,0.0003548550053433
309,1.503075046601,0.0003507491843488
310,1.502888481295,0.0003466703079603
310,1.502702925225,0.0003426186646024
311,1.502518371745,0.0003385945287344
312,1.502334814252,0.0003345981610564
312,1.502152246184,0.0003306298087175
313,1.501970661012,0.000326689705527
314,1.501790052238,0.0003227780721666
315,1.501610413386,0.0003188951164061
315,1.501431737986,0.0003150410333199
316,1.50125401957,0.0003112160055064
317,1.501077251641,0.0003074202033086
317,1.50090142765,0.0003036537850388
318,1.500726540944,0.0002999168972058
319,1.500552584687,0.0002962096747489
320,1.500379551718,0.0002925322412841
320,1.500207434249,0.0002888847093775
321,1.500036223155,0.0002852671808941
322,1.499865905618,0.0002816797476446
323,1.499696443753,0.0002781224955264
323,1.499527881193,0.0002747186969567
324,1.499360273443,0.000271345152378
325,1.499193578345,0.0002680006697206
326,1.499027782818,0.0002646853177202
326,1.498862877768,0.0002613991544148
327,1.498698855614,0.0002581422278433
328,1.498535709535,0.0002549145764163
329,1.498373433159,0.0002517162292018
329,1.49821202041,0.000248547206179
330,1.498051465421,0.0002454075184769
331,1.497891762485,0.0002422971686045
332,1.49773290602,0.000239216150676
332,1.49757489055,0.000236164450631
333,1.49741771069,0.0002331420464524
334,1.49726136113,0.0002301489083809
335,1.497105836633,0.0002271849991264
336,1.496951132023,0.0002242502740774
336,1.496797242184,0.0002213446815077
337,1.496644162055,0.00021846816278
338,1.496491886625,0.0002156206525479
339,1.496340410933,0.0002128020789545
339,1.496189730063,0.0002100123638285
340,1.496039839145,0.0002072514228787
341,1.495890733351,0.0002045191658844
342,1.495742407895,0.000201815496884
343,1.495594858029,0.0001991403143611
343,1.495448079047,0.0001964935114273
344,1.495302066279,0.0001938749760027
345,1.495156815092,0.0001912845909934
346,1.495012320889,0.0001887222344667
347,1.494868579109,0.0001861877798229
347,1.494725585225,0.0001836810959648
348,1.494583334745,0.0001812020474642
349,1.494441823209,0.0001787504947257
350,1.49430104619,0.0001763262941479
351,1.494160999294,0.0001739292982807
351,1.494021678157,0.000171559355982
352,1.493883078448,0.0001692163125686
353,1.493745195865,0.0001669000099676
354,1.493608026136,0.0001646102868617
355,1.493471565022,0.0001623469788344
355,1.493335808308,0.0001601099185111
356,1.493200751814,0.000157898935697
357,1.493066391383,0.0001557138575138
358,1.49293272289,0.0001535545085319
359,1.492799742236,0.0001514207109011
360,1.492667445351,0.0001493122844776
360,1.49253582819,0.0001472290469493
361,1.492404886737,0.0001451708139577
362,1.492274617001,0.0001431373992171
363,1.492145015018,0.0001411286146313
364,1.492016076849,0.0001391442704081
365,1.491887798583,0.0001371841751703
365,1.491760176332,0.0001352481360647
366,1.491633206234,0.0001333359588683
367,1.491506884452,0.0001314474480924
368,1.491381207173,0.0001295824070832
369,1.491256170609,0.0001277406381209
370,1.491131770996,0.0001259219425159
371,1.491008004594,0.0001241261207025
371,1.490884867685,0.0001223529723304
372,1.490762356577,0.0001206022963533
373,1.4906404676,0.0001188738911161
374,1.490519197106,0.0001171675544387
375,1.490398541471,0.0001154830836983
376,1.490278497093,0.0001138202759091
377,1.490159060394,0.0001121789277996
377,1.490040227815,0.0001105588358882
378,1.48992199582,0.000108959796556
379,1.489804360898,0.0001073816061181
380,1.489687319555,0.0001058240608925
381,1.489570868321,0.0001042869572663
382,1.489455003746,0.0001027700917615
383,1.489339722402,0.0001012732610967
384,1.489225020881,9.979626224867e-05
384,1.489110895797,9.833889251083e-05
385,1.488997343782,9.690094955035e-05
386,1.488884361492,9.548223146293e-05
387,1.488771945599,9.408253682639e-05
388,1.488660092798,9.270166475182e-05
389,1.488548799803,9.13394149333e-05
390,1.488438063347,8.999558769589e-05
391,1.488327880184,8.86699840416e-05
392,1.488218247086,8.736240569403e-05
393,1.488109160846,8.60726551412e-05
393,1.488000618274,8.480053567684e-05
394,1.487892616199,8.354585143998e-05
395,1.487785151471,8.230840745317e-05
396,1.487678220958,8.108800965889e-05
397,1.487571821543,7.988446495498e-05
398,1.487465950133,7.869758122798e-05
399,1.487360603651,7.752716738557e-05
400,1.487255779035,7.637303338746e-05
401,1.487151473245,7.52349902747e-05
402,1.487047683259,7.411285019798e-05
403,1.48694440607,7.300642644455e-05
404,1.486841638689,7.191553346369e-05
404,1.486739378147,7.083998689114e-05
405,1.48663762149,6.977960357218e-05
406,1.486536365782,6.873420158375e-05
407,1.486435608105,6.770360025512e-05
408,1.486335345556,6.668762018763e-05
409,1.486235575252,6.568608327329e-05
410,1.486136294322,6.469881271231e-05
411,1.486037499917,6.372563302959e-05
412,1.485939189201,6.276637009009e-05
413,1.485841359354,6.182085111349e-05
414,1.485744007577,6.088890468751e-05
415,1.485647131081,5.997036078063e-05
416,1.485550727098,5.906505075366e-05
417,1.485454792873,5.817280737059e-05
418,1.485359325669,5.729346480844e-05
419,1.485264322763,5.64268586664e-05
420,1.485169781448,5.557282597398e-05
421,1.485075699035,5.473120519859e-05
422,1.484982072846,5.390183625223e-05
423,1.484888900222,5.308456049734e-05
424,1.484796178517,5.227922075211e-05
425,1.484703905103,5.148566129501e-05
425,1.484612077365,5.070372786854e-05
426,1.484520692702,4.993326768262e-05
427,1.48442974853,4.91741294168e-05
428,1.484339242278,4.842616322251e-05
429,1.484249171392,4.768922072422e-05
430,1.48415953333,4.696315502016e-05
431,1.484070325566,4.624782068258e-05
432,1.483981545589,4.554307375735e-05
433,1.483893190898,4.484877176312e-05
434,1.483805259013,4.416477368981e-05
435,1.483717747463,4.349093999684e-05
436,1.483630653793,4.282713261074e-05
437,1.483543975561,4.217321492235e-05
438,1.48345771034,4.152905178353e-05
439,1.483371855716,4.089450950355e-05
440,1.483286409288,4.026945584498e-05
441,1.48320136867,3.965376001925e-05
442,1.483116731489,3.904729268171e-05
444,1.483032495384,3.844992592659e-05
445,1.482948658009,3.786153328129e-05
446,1.482865217031,3.728198970059e-05
447,1.48278217013,3.67111715604e-05
448,1.482699514999,3.614895665127e-05
449,1.482617249343,3.559522417155e-05
450,1.482535370881,3.50498547204e-05
451,1.482453877344,3.451273029029e-05
452,1.482372766477,3.398373425954e-05
453,1.482292036037,3.346275138432e-05
454,1.482211683793,3.294966779072e-05
455,1.482131707526,3.244437096633e-05
456,1.482052105032,3.194674975177e-05
457,1.481972874115,3.145669433197e-05
458,1.481894012597,3.097409622726e-05
459,1.481815518306,3.049884828429e-05
460,1.481737389087,3.003084466676e-05
461,1.481659622795,2.956998084603e-05
462,1.481582217294,2.91161535916e-05
463,1.481505170467,2.866926096124e-05
464,1.481428480201,2.82292022914e-05
466,1.481352144399,2.7795878187e-05
467,1.481276160977,2.736919051149e-05
468,1.481200527856,2.694904237674e-05
469,1.481125242976,2.653533813254e-05
470,1.481050304285,2.612798335634e-05
471,1.48097570974,2.572688484288e-05
472,1.480901457315,2.533195059344e-05
473,1.48082754499,2.494308980543e-05
474,1.480753970757,2.456021286157e-05
475,1.480680732621,2.418323131923e-05
476,1.480607828597,2.381205789961e-05
477,1.48053525671,2.344660647695e-05
479,1.480463014997,2.308679206759e-05
480,1.480391101506,2.273253081911e-05
481,1.480319514293,2.238373999946e-05
482,1.480248251427,2.204033798582e-05
483,1.480177310988,2.170224425384e-05
484,1.480106691065,2.136937936646e-05
485,1.480036389756,2.104166496311e-05
486,1.479966405174,2.071902374848e-05
487,1.479896735437,2.040137948175e-05
489,1.479827378677,2.008865696541e-05
490,1.479758333033,1.978078203442e-05
491,1.479689596658,1.947768154512e-05
492,1.47962116771,1.917928336437e-05
493,1.47955304436,1.888551635853e-05
494,1.479485224791,1.859631038262e-05
495,1.479417707189,1.831159626943e-05
497,1.479350489756,1.803130581859e-05
498,1.479283570702,1.775537178587e-05
499,1.479216948244,1.748372787233e-05
500,1.479150620612,1.721630871358e-05
501,1.479084586044,1.695304986909e-05
502,1.479018842787,1.669388781157e-05
503,1.478953389097,1.643875991632e-05
505,1.478888223241,1.618760445072e-05
506,1.478823343492,1.594036056368e-05
507,1.478758748137,1.569696827523e-05
508,1.478694435468,1.545736846612e-05
509,1.478630403786,1.522150286753e-05
510,1.478566651405,1.498931405069e-05
512,1.478503176642,1.476074541683e-05
513,1.478439977828,1.45357411869e-05
514,1.4783770533,1.431424639156e-05
515,1.478314401405,1.409620686119e-05
516,1.478252020498,1.388156921588e-05
518,1.478189908942,1.367028085566e-05
519,1.478128065108,1.346228995061e-05
520,1.478066487379,1.325754543117e-05
521,1.478005174142,1.305599697852e-05
522,1.477944123797,1.285759501498e-05
524,1.477883334746,1.266229069449e-05
525,1.477822805406,1.247003589322e-05
526,1.477762534198,1.228078320021e-05
527,1.477702519551,1.209448590815e-05
528,1.477642759905,1.191109800409e-05
530,1.477583253704,1.173057416045e-05
531,1.477523999406,1.155286972592e-05
532,1.477464995469,1.137794071655e-05
533,1.477406240366,1.120574380687e-05
535,1.477347732574,1.103623632113e-05
536,1.477289470575,1.086937622461e-05
537,1.477231452869,1.070512211491e-05
538,1.47717367795,1.05434332136e-05
540,1.477116144331,1.038426935758e-05
541,1.477058850525,1.022759099086e-05
542,1.477001795057,1.00733591562e-05
543,1.476944976456,9.921535486947e-06
545,1.476888393262,9.772082198891e-06
546,1.476832044019,9.624962082285e-06
547,1.47677592728,9.480138493858e-06
548,1.476720041606,9.337575348973e-06
550,1.476664385562,9.197237113861e-06
551,1.476608957723,9.059088797909e-06
552,1.476553756672,8.923095946043e-06
553,1.476498780995,8.789224631253e-06
555,1.476444029286,8.6574414471e-06
556,1.476389500149,8.527713500379e-06
557,1.476335192193,8.400008403836e-06
558,1.476281104033,8.274294268983e-06
560,1.476227234293,8.150539698997e-06
561,1.476173581599,8.028713781676e-06
562,1.476120144589,7.908786082492e-06
564,1.476066921904,7.79072663775e-06
565,1.476013912195,7.674505947757e-06
566,1.475961114115,7.560094970194e-06
568,1.475908526327,7.447465113406e-06
569,1.4758561475,7.336588229933e-06
570,1.475803976309,7.227436609997e-06
572,1.475752011432,7.119982975159e-06
573,1.475700251561,7.014200471966e-06
574,1.475648695384,6.910062665776e-06
575,1.475597341607,6.807543534544e-06
577,1.475546188932,6.706617462819e-06
578,1.47549523607,6.607259235707e-06
579,1.475444481742,6.509444032931e-06
581,1.475393924671,6.413147423026e-06
582,1.475343563585,6.318345357558e-06
583,1.475293397221,6.225014165399e-06
585,1.475243424324,6.133130547129e-06
586,1.47519364364,6.042671569484e-06
588,1.475144053916,5.953614659896e-06
589,1.475094653922,5.865937601004e-06
590,1.475045442415,5.779618525439e-06
592,1.47499641817,5.694635910458e-06
593,1.474947579957,5.610968572829e-06
594,1.474898926566,5.528595663613e-06
596,1.474850456777,5.447496663215e-06
597,1.474802169385,5.367651376306e-06
598,1.474754063191,5.289039926935e-06
600,1.474706136997,5.211642753693e-06
601,1.47465838961,5.135440604899e-06
603,1.474610819846,5.060414533878e-06
604,1.474563426521,4.986545894327e-06
605,1.474516208468,4.913816335661e-06
607,1.474469164509,4.842207798578e-06
608,1.474422293482,4.771702510496e-06
610,1.474375594228,4.702282981208e-06
611,1.474329065595,4.633931998497e-06
612,1.474282706425,4.566632623915e-06
614,1.474236515581,4.500368188469e-06
615,1.47419049192,4.435122288539e-06
617,1.474144634311,4.370878781719e-06
618,1.474098941621,4.307621782814e-06
620,1.474053412723,4.245335659828e-06
621,1.474008046502,4.184005030011e-06
622,1.473962841837,4.123614756037e-06
624,1.473917797624,4.064149942125e-06
625,1.473872912751,4.005595930329e-06
627,1.473828186121,3.94793829678e-06
628,1.473783616636,3.891162848065e-06
630,1.473739203204,3.835255617603e-06
631,1.473694944737,3.780202862106e-06
632,1.47365084015,3.72599105807e-06
634,1.47360688837,3.672606898321e-06
635,1.473563088318,3.620037288645e-06
637,1.473519438927,3.568269344411e-06
638,1.473475939131,3.517290387287e-06
640,1.473432587871,3.467087941986e-06
641,1.473389384085,3.417649733083e-06
643,1.473346326727,3.368963681813e-06
644,1.473303414746,3.321017903022e-06
646,1.473260647098,3.273800702079e-06
647,1.473218022745,3.227300571846e-06
649,1.473175540644,3.181506189755e-06
650,1.473133199774,3.136406414809e-06
652,1.473090999104,3.091990284781e-06
653,1.47304893761,3.048247013326e-06
655,1.473007014269,3.005165987215e-06
656,1.472965228072,2.962736763536e-06
658,1.472923578003,2.920949067047e-06
659,1.472882063056,2.879792787457e-06
661,1.472840682226,2.839257976823e-06
662,1.472799434515,2.799334846936e-06
664,1.472758318928,2.760013766801e-06
665,1.472717334463,2.721285260124e-06
667,1.472676480147,2.683140002787e-06
668,1.472635754984,2.6455688205e-06
670,1.472595157997,2.608562686332e-06
672,1.472554688201,2.572112718403e-06
673,1.472514344637,2.536210177493e-06
675,1.472474126317,2.500846464854e-06
676,1.472434032289,2.466013119846e-06
678,1.472394061583,2.431701817811e-06
679,1.472354213234,2.397904367849e-06
681,1.472314486294,2.364612710655e-06
682,1.472274879809,2.331818916434e-06
684,1.472235392823,2.299515182814e-06
686,1.472196024396,2.26769383277e-06
687,1.472156773581,2.236347312639e-06
689,1.472117639442,2.205468190103e-06
690,1.472078621044,2.175049152254e-06
692,1.472039717444,2.14508300368e-06
694,1.472000927719,2.11556266453e-06
695,1.471962250947,2.086481168671e-06
697,1.471923686198,2.057831661876e-06
698,1.471885232548,2.029607399986e-06
700,1.471846889088,2.001801747128e-06
702,1.471808654895,1.974408174001e-06
703,1.471770529064,1.947420256107e-06
705,1.471732510691,1.920831672087e-06
706,1.471694598858,1.894636202065e-06
708,1.471656792672,1.868827725956e-06
710,1.471619091232,1.8434002219e-06
711,1.471581493635,1.818347764652e-06
713,1.471543998995,1.793664524001e-06
715,1.471506606417,1.769344763266e-06
716,1.471469315013,1.745382837751e-06
718,1.471432123904,1.72177319326e-06
720,1.4713950322,1.698510364645e-06
721,1.471358039016,1.675588974355e-06
723,1.471321143488,1.653003730983e-06
725,1.471284344733,1.630749427923e-06
726,1.47124764188,1.608820941959e-06
728,1.471211034068,1.587213231906e-06
730,1.471174520418,1.565921337318e-06
731,1.471138100075,1.544940377127e-06
733,1.47110177217,1.524265548393e-06
735,1.471065535848,1.503892125007e-06
736,1.471029390249,1.483815456469e-06
738,1.470993334525,1.464030966629e-06
740,1.47095736782,1.44453415251e-06
741,1.470921489286,1.4253205831e-06
743,1.470885698071,1.406385898191e-06
745,1.470849993335,1.387725807215e-06
747,1.470814374238,1.369336088126e-06
748,1.470778839939,1.351212586281e-06
750,1.470743389593,1.333351213351e-06
752,1.470708022371,1.315747946226e-06
754,1.470672737436,1.29839882597e-06
755,1.470637533961,1.281299956767e-06
757,1.47060241111,1.264447504908e-06
759,1.470567368061,1.247837697764e-06
761,1.470532403999,1.231466822796e-06
762,1.47049751809,1.2153312266e-06
764,1.470462709506,1.199427313925e-06
766,1.470427977432,1.183751546723e-06
768,1.470393321068,1.168300443212e-06
769,1.470358739587,1.153070577002e-06
771,1.470324232173,1.138058576157e-06
773,1.470289798014,1.123261122319e-06
775,1.470255436316,1.108674949826e-06
776,1.470221146259,1.094296844886e-06
778,1.470186927039,1.080123644704e-06
780,1.470152777857,1.066152236662e-06
782,1.470118697903,1.052379557509e-06
784,1.470084686395,1.038802592542e-06
785,1.470050742512,1.02541837485e-06
787,1.470016865475,1.012223984492e-06
789,1.469983054481,9.992165477726e-07
791,1.469949308739,9.863932364697e-07
793,1.469915627465,9.737512670974e-07
795,1.469882009857,9.612879001945e-07
796,1.469848455136,9.490004395858e-07
798,1.469814962517,9.368862316939e-07
800,1.469781531204,9.249426648531e-07
802,1.469748160415,9.13167168613e-07
804,1.469714849391,9.015572130624e-07
806,1.469681597319,8.901103082206e-07
807,1.469648403447,8.788240033163e-07
809,1.469615266981,8.676958862163e-07
811,1.46958218715,8.567235827588e-07
813,1.469549163181,8.459047561513e-07
815,1.469516194298,8.352371063675e-07
817,1.46948327974,8.247183695377e-07
819,1.469450418722,8.14346317387e-07
821,1.469417610473,8.041187566358e-07
823,1.469384854242,7.9403352843e-07
824,1.469352149247,7.840885078118e-07
826,1.469319494732,7.74281603139e-07
828,1.469286889925,7.646107555665e-07
830,1.469254334065,7.550739385048e-07
832,1.469221826396,7.456691570976e-07
834,1.469189366152,7.363944477165e-07
836,1.469156952578,7.272478774482e-07
838,1.469124584898,7.182275436091e-07
840,1.469092262386,7.093315732249e-07
842,1.469059984252,7.005581226045e-07
844,1.469027749764,6.919053768086e-07
846,1.468995558163,6.833715492256e-07
848,1.468963408683,6.749548811038e-07
849,1.468931300582,6.666536410875e-07
851,1.468899233109,6.584661247916e-07
853,1.468867205513,6.503906543602e-07
855,1.46883521704,6.424255780406e-07
857,1.468803266939,6.345692697599e-07
859,1.468771354463,6.268201287108e-07
861,1.468739478868,6.191765789447e-07
863,1.468707639413,6.116370689709e-07
865,1.468675835333,6.042000713745e-07
867,1.468644065904,5.968640824011e-07
869,1.468612330381,5.896276216023e-07
871,1.468580628001,5.824892314596e-07
873,1.468548958022,5.754474769986e-07
875,1.468517319716,5.68500945431e-07
877,1.468485712335,5.616482458103e-07
879,1.46845413515,5.548880086672e-07
881,1.468422587398,5.482188856833e-07
883,1.468391068357,5.416395493231e-07
885,1.46835957727,5.351486925312e-07
887,1.468328113412,5.287450283772e-07
890,1.468296676036,5.224272897523e-07
892,1.468265264406,5.161942290416e-07
894,1.468233877798,5.100446178098e-07
896,1.468202515445,5.039772465141e-07
898,1.468171176634,4.979909241684e-07
900,1.468139860619,4.920844780751e-07
902,1.468108566664,4.862567535195e-07
904,1.468077294042,4.805066134812e-07
906,1.468046041993,4.748329383661e-07
908,1.468014809808,4.692346257004e-07
910,1.467983596733,4.637105898886e-07
912,1.467952402057,4.582597619153e-07
914,1.467921225017,4.528810891114e-07
917,1.467890064882,4.475735348666e-07
919,1.467858920925,4.423360783823e-07
921,1.467827792429,4.371677144186e-07
923,1.467796678626,4.320674530646e-07
925,1.467765578812,4.270343194589e-07
927,1.467734492221,4.22067353589e-07
929,1.467703418145,4.171656100198e-07
931,1.467672355835,4.123281576897e-07
934,1.467641304552,4.075540796689e-07
936,1.467610263586,4.028424729286e-07
938,1.467579232175,3.981924481437e-07
940,1.467548209608,3.93603129447e-07
942,1.467517195124,3.890736542426e-07
944,1.467486188011,3.846031729699e-07
947,1.467455187496,3.801908489259e-07
949,1.467424192901,3.758358580211e-07
951,1.467393203461,3.715373886267e-07
953,1.467362218415,3.672946413542e-07
955,1.467331237068,3.63106828847e-07
958,1.46730025866,3.589731756221e-07
960,1.467269282472,3.548929178572e-07
962,1.467238307735,3.508653032285e-07
964,1.467207333743,3.468895907022e-07
966,1.467176359748,3.42965050382e-07
969,1.467145384993,3.390909633247e-07
971,1.467114408778,3.352666213541e-07
973,1.467083430317,3.314913269229e-07
975,1.467052448909,3.277643929069e-07
978,1.467021463778,3.240851424785e-07
980,1.46699047421,3.204529089127e-07
982,1.466959479461,3.168670354495e-07
984,1.466928478771,3.133268751347e-07
987,1.466897471417,3.098317906545e-07
989,1.46686645663,3.063811542014e-07
991,1.46683543369,3.029743473068e-07
994,1.466804401824,2.996107607143e-07
996,1.466773360318,2.962897942137e-07
998,1.466742308407,2.930108565215e-07
1000,1.466711245341,2.897733651282e-07
1003,1.466680170383,2.865767461615e-07
1005,1.466649082777,2.834204342582e-07
1007,1.466617981767,2.803038724275e-07
1010,1.466586866593,2.772265119207e-07
1012,1.46655573652,2.741878120983e-07
1014,1.466524590787,2.711872403132e-07
1017,1.466493428658,2.68224271776e-07
1019,1.466462249347,2.65298389448e-07
1021,1.466431052111,2.624090839028e-07
1024,1.466399836183,2.595558532207e-07
1026,1.466368600827,2.567382028625e-07
1028,1.466337345257,2.539556455696e-07
1031,1.466306068724,2.51207701236e-07
1033,1.466274770459,2.484938968076e-07
1036,1.466243449699,2.458137661688e-07
1038,1.466212105687,2.431668500365e-07
1040,1.466180737646,2.405526958579e-07
1043,1.466149344823,2.379708577008e-07
1045,1.466117926421,2.354208961634e-07
1048,1.466086481688,2.329023782594e-07
1050,1.466055009858,2.304148773301e-07
1052,1.466023510125,2.279579729524e-07
1055,1.465991981732,2.255312508306e-07
1057,1.465960423941,2.231343027086e-07
1060,1.465928835905,2.207667262992e-07
1062,1.465897216866,2.184281251653e-07
1065,1.465865566052,2.161181086493e-07
1067,1.465833882689,2.138362917862e-07
1070,1.46580216598,2.115822952255e-07
1072,1.465770415117,2.093557451484e-07
1074,1.465738629347,2.071562731816e-07
1077,1.465706807859,2.049835163377e-07
1079,1.465674949844,2.028371169362e-07
1082,1.465643054529,2.007167225273e-07
1084,1.465611121129,1.986219858353e-07
1087,1.465579148817,1.965525646991e-07
1089,1.465547136781,1.945081220065e-07
1092,1.465515084243,1.924883256387e-07
1094,1.465482990399,1.904928484292e-07
1097,1.465450854414,1.885213681213e-07
1100,1.465418675524,1.865735673187e-07
1102,1.465386452868,1.84649133477e-07
1105,1.465354185647,1.827477588619e-07
1107,1.465321873049,1.808691405459e-07
1110,1.465289514282,1.790129804027e-07
1112,1.465257108463,1.771789851294e-07
1115,1.46522465482,1.753668662452e-07
1117,1.465192152505,1.735763401518e-07
1120,1.465159600656,1.718071281807e-07
1123,1.465126998496,1.700589566572e-07
1125,1.465094345171,1.683315570156e-07
1128,1.46506163981,1.666246659149e-07
1130,1.465028881621,1.649380253791e-07
1133,1.46499606974,1.632713829983e-07
1136,1.464963203313,1.616244921412e-07
1138,1.464930281503,1.599971122172e-07
1141,1.46489730348,1.583890089889e-07
1143,1.464864268304,1.567999549504e-07
1146,1.464831175216,1.552297297226e-07
1149,1.464798023268,1.536781205884e-07
1151,1.464764811662,1.521449230313e-07
1154,1.464731539498,1.506299414239e-07
1157,1.464698205921,1.491329897734e-07
1159,1.464664810002,1.476538926074e-07
1162,1.46463135097,1.461924859484e-07
1165,1.464597827837,1.447486184909e-07
1167,1.464564239739,1.433221528637e-07
1170,1.464530585844,1.419129671122e-07
1173,1.46449686523,1.405209563817e-07
1175,1.464463076961,1.391460348004e-07
1178,1.46442922017,1.377881376085e-07
1181,1.46439529399,1.364472235756e-07
1184,1.464361297433,1.35123277727e-07
1186,1.464327229625,1.338163143756e-07
1189,1.464293089617,1.325263805685e-07
1192,1.464258876569,1.312535599152e-07
1195,1.464224589479,1.299979769184e-07
1197,1.46419022746,1.287598017636e-07
1200,1.464155789522,1.275392557158e-07
1203,1.464121274803,1.263366170959e-07
1206,1.464086682275,1.251522279852e-07
1208,1.46405201106,1.239865016284e-07
1211,1.464017260174,1.228399307088e-07
1214,1.463982428681,1.217130964947e-07
1217,1.46394751563,1.206066789927e-07
1220,1.463912519974,1.195214681874e-07
1222,1.463877440787,1.184583764421e-07
1225,1.463842277081,1.174184522228e-07
1228,1.463807027916,1.164028952094e-07
1231,1.463771692221,1.15413072963e-07
1234,1.463736269092,1.144505392222e-07
1237,1.463700757455,1.135170540612e-07
1239,1.463665156356,1.126146059612e-07
1242,1.463629464739,1.117454360474e-07
1245,1.463593681617,1.109120645954e-07
1248,1.463557805935,1.101173200452e-07
1251,1.463521836662,1.093643706759e-07
1254,1.463485772754,1.086567591777e-07
1257,1.463449613222,1.079984403206e-07
1260,1.463413356958,1.073938219785e-07
1262,1.46337700291,1.06847809708e-07
1265,1.463340550003,1.063658551831e-07
1268,1.463303997204,1.059540087267e-07
1271,1.46326734341,1.056189762441e-07
1274,1.463230587512,1.053681808286e-07
1277,1.463193728461,1.052098293625e-07
1280,1.463156765119,1.051529844479e-07
1283,1.463119696342,1.052076419739e-07
1286,1.463082521011,1.053848146848e-07
1289,1.463045238072,1.056966221098e-07
1292,1.46300784634,1.061563872396e-07
1295,1.462970344639,1.067787402977e-07
1298,1.462932731863,1.075797300291e-07
1301,1.462895006807,1.08576942925e-07
1304,1.462857168347,1.097896307576e-07
1307,1.462819215245,1.112388469023e-07
1310,1.462781146291,1.129475918297e-07
1313,1.462742960369,1.149409682349e-07
1316,1.462704656157,1.172463462755e-07
1319,1.462666232549,1.198935392818e-07
1322,1.462627688183,1.229149905184e-07
1325,1.462589021881,1.263459713088e-07
1328,1.462550232401,1.302247911014e-07
1331,1.462511318411,1.345930198571e-07
1334,1.462472278628,1.394957232041e-07
1337,1.462433111871,1.449817108191e-07
1340,1.462393816749,1.511037984951e-07
1344,1.462354391896,1.579190842224e-07
1347,1.462314836047,1.654892387527e-07
1350,1.462275147869,1.738808110393e-07
1353,1.462235326009,1.831655488761e-07
1356,1.462195369068,1.93420735102e-07
1359,1.4621552756,2.047295396753e-07
1362,1.462115044382,2.171813878677e-07
1365,1.462074673854,2.30872344982e-07
1368,1.462034162646,2.459055175434e-07
1372,1.461993509333,2.623914713951e-07
1375,1.461952712543,2.804486666715e-07
1378,1.461911770576,3.002039098752e-07
1381,1.461870682165,3.217928227779e-07
1384,1.461829445755,3.453603286268e-07
1388,1.461788059774,3.710611551017e-07
1391,1.461746522792,3.990603540769e-07
1394,1.461704833308,4.295338380523e-07
1397,1.461662989611,4.626689328932e-07
1400,1.461620990249,4.986649463356e-07
1404,1.461578833588,5.377337522769e-07
1407,1.461536518079,5.801003898651e-07
1410,1.461494042124,6.260036771336e-07
1413,1.461451403958,6.756968383898e-07
1417,1.461408602185,7.294481442709e-07
1420,1.461365634911,7.875415645489e-07
1423,1.461322500618,8.502774312747e-07
1426,1.461279197549,9.179731127481e-07
1430,1.461235724041,9.90963695957e-07
1433,1.461192078354,1.069602676999e-06
1436,1.461148258783,1.154262657681e-06
1440,1.461104263693,1.245336047065e-06
1443,1.461060091058,1.343235766784e-06
1446,1.461015739391,1.448395956878e-06
1450,1.460971206837,1.561272683133e-06
1453,1.46092649151,1.682344641458e-06
1456,1.460881591733,1.812113858365e-06
1460,1.46083650566,1.951106386204e-06
1463,1.460791231496,2.099872989655e-06
1466,1.460745767452,2.258989822175e-06
1470,1.460700111464,2.429059090186e-06
1473,1.46065426201,2.610709700435e-06
1477,1.46060821708,2.804597892669e-06
1480,1.460561974882,3.011407849387e-06
1483,1.460515533515,3.231852284458e-06
1487,1.460468890981,3.466673005679e-06
1490,1.460422045634,3.716641447917e-06
1494,1.460374995483,3.982559177732e-06
1497,1.460327738793,4.265258360934e-06
1501,1.460280273521,4.565602196169e-06
1504,1.460232597781,4.88448530585e-06
1507,1.460184709889,5.22283408516e-06
1511,1.46013660784,5.581607007303e-06
1514,1.460088289849,5.961794876389e-06
1518,1.460039754028,6.36442103145e-06
1521,1.459990998563,6.790541493965e-06
1525,1.459942021578,7.24124505894e-06
1528,1.459892821123,7.717653325082e-06
1532,1.459843395665,8.220920658809e-06
1536,1.45979374319,8.752234099364e-06
1539,1.459743861832,9.312813187363e-06
1543,1.459693750102,9.903909723185e-06
1546,1.459643406012,1.052680745876e-05
1550,1.459592827946,1.118282170184e-05
1553,1.459542014123,1.18732988508e-05
1557,1.459490962899,1.259961584281e-05
1560,1.459439672398,1.336317952453e-05
1564,1.459388141243,1.416542592855e-05
1568,1.45933636776,1.500781947684e-05
1571,1.459284350205,1.589185208775e-05
1575,1.459232087231,1.681904219044e-05
1579,1.459179577107,1.779093366231e-05
1582,1.459126818322,1.880909466044e-05
1586,1.459073809613,1.98751163665e-05
1590,1.459020549421,2.099061164714e-05
1593,1.458967036287,2.215721361011e-05
1597,1.458913269049,2.337657406882e-05
1601,1.458859246179,2.465036192816e-05
1604,1.458804966629,2.59802614548e-05
1608,1.45875042903,2.736797048272e-05
1612,1.458695632087,2.881519850931e-05
1615,1.458640574896,3.032366470212e-05
1619,1.458585256255,3.189509583805e-05
1623,1.458529675133,3.353122413495e-05
1627,1.4584738304,3.52337850145e-05
1630,1.458417721154,3.700451477075e-05
1634,1.458361346698,3.884514816741e-05
1638,1.458304705829,4.075741597873e-05
1642,1.458247798195,4.274304240332e-05
1645,1.458190622557,4.480374249296e-05
1649,1.45813317851,4.694121941986e-05
1653,1.458075465283,4.915716176604e-05
1657,1.458017482359,5.145324070244e-05
1661,1.457959229144,5.383110714486e-05
1664,1.457900705131,5.629238884612e-05
1668,1.457841909876,5.883868745154e-05
1672,1.457782843015,6.14715755149e-05
1676,1.457723504205,6.41925934854e-05
1680,1.457663893042,6.700324666938e-05
1684,1.457604009371,6.990500215289e-05
1688,1.457543853042,7.289928573329e-05
1692,1.457483423817,7.598747883633e-05
1695,1.457422721474,7.917091542067e-05
1699,1.457361746301,8.24508788625e-05
1703,1.45730049783,8.582859894615e-05
1707,1.457238976392,8.930524871579e-05
1711,1.45717718198,9.288194149886e-05
1715,1.457115114703,9.655972787001e-05
1719,1.457052774515,0.0001003395926938
1723,1.456990161848,0.0001042224521499
1727,1.456927276647,0.0001082091509151
1731,1.456864119129,0.0001123004592846
1735,1.456800689674,0.0001164970704124
1739,1.456736988506,0.0001207995976397
1743,1.456673015898,0.000125208571859
1747,1.456608772054,0.0001297244389853
1751,1.456544257493,0.0001343475574714
1755,1.456479472223,0.0001390781960255
1759,1.456414417009,0.0001439165312378
1763,1.456349091673,0.0001488626455919
1767,1.456283496922,0.0001539165252495
1771,1.456217632733,0.0001590780582899
1775,1.456151499576,0.0001643470327865
1779,1.456085098017,0.0001697231351732
1784,1.456018427692,0.0001752059488268
1788,1.455951489316,0.000180794952433
1792,1.455884282997,0.0001864895189209
1796,1.455816808769,0.0001922889142883
1800,1.455749066975,0.0001981922965836
1804,1.45568105777,0.0002041987151548
1808,1.455612781012,0.0002103071100086
1813,1.455544236561,0.0002165163112707
1817,1.455475424615,0.0002228250387922
1821,1.455406345187,0.0002292319020468
1825,1.455336997704,0.0002357354001837
1829,1.455267382135,0.0002423339220041
1834,1.455197498322,0.0002490257463809
1838,1.455127345392,0.0002558090428496
1842,1.455056922985,0.0002626818720557
1846,1.454986230746,0.0002696421866562
1850,1.454915267413,0.0002766878324807
1855,1.454844033005,0.0002838165492796
1859,1.454772526098,0.0002910259725564
1863,1.454700745385,0.0002983136347666
1868,1.454628690346,0.0003056769668185
1872,1.454556359194,0.0003131133003002
1876,1.454483750835,0.0003206198690415
1881,1.454410863654,0.0003281938114869
1885,1.454337695517,0.0003358321729759
1889,1.45426424533,0.0003435319078054
1894,1.454190510537,0.0003512898823653
1898,1.45411648912,0.0003591028773837
1902,1.454042178913,0.0003669675909209
1907,1.453967577331,0.0003748806414118
1911,1.453892681809,0.0003828385706515
1916,1.453817489261,0.0003908378471565
1920,1.453741997007,0.0003988748692529
1924,1.453666201368,0.0004069459688981
1929,1.453590099623,0.0004150474146941
1933,1.453513687538,0.0004231754162213
1938,1.453436961725,0.000431326127115
1942,1.453359917908,0.0004394956493855
1947,1.453282552134,0.0004476800369698
1951,1.45320485952,0.0004558753000861
1956,1.453126835924,0.0004640774087639
1960,1.453048476246,0.000472282297473
1965,1.452969775569,0.0004804858689208
1969,1.452890728205,0.0004886839985615
1974,1.452811328783,0.0004968725384803
1978,1.452731571527,0.0005050473218967
1983,1.452651450051,0.0005132041675361
1987,1.452570958493,0.0005213388835461
1992,1.452490089933,0.0005294472723713
1997,1.452408837484,0.000537525134699
2001,1.452327194431,0.0005455682737177
2006,1.452245152776,0.0005535724999724
2010,1.452162705581,0.0005615336347776
2015,1.452079844441,0.0005694475154426
2020,1.451996561399,0.0005773099987793
2024,1.451912847726,0.0005851169657753
2029,1.451828694685,0.0005928643254536
2034,1.451744093281,0.0006005480190748
2038,1.451659034012,0.0006081640242934
2043,1.451573507414,0.0006157083589215
2048,1.451487503335,0.0006231770851591
2053,1.451401011178,0.0006305663133463
2057,1.451314020949,0.0006378722052841
2062,1.451226520785,0.0006450909790039
2067,1.451138499948,0.0006522189110697
2072,1.451049946678,0.0006592523410394
2076,1.450960848869,0.0006661876746036
2081,1.450871194191,0.0006730213868723
2086,1.450780970063,0.0006797500256327
2091,1.450690162875,0.0006863702148838
2096,1.450598759722,0.0006928786571042
2100,1.450506746377,0.0006992721372155
2105,1.450414108247,0.000705547525095
2110,1.450320831374,0.0007117017779944
2115,1.450226900063,0.0007177319445967
2120,1.450132298594,0.0007236351671219
2125,1.4500370115,0.0007294086841849
2130,1.449941021718,0.00073504983487
2135,1.449844312162,0.0007405560613308
2139,1.449746865717,0.0007459249125037
2144,1.449648663721,0.0007511540490823
2149,1.449549688104,0.0007562412472725
2154,1.449449919723,0.0007611844053709
2159,1.449349338163,0.0007659815507418
2164,1.449247923182,0.0007706308473901
2169,1.449145653754,0.000775130606645
2174,1.449042507918,0.0007794792997566
2179,1.448938462828,0.000783675573253
2184,1.448833495844,0.0007877182672483
2189,1.448727581723,0.0007916064400932
2194,1.448620695791,0.0007953393948614
2199,1.448512811799,0.0007989167146982
2204,1.448403902765,0.0008023383035369
2210,1.448293940319,0.0008056044357019
2215,1.448182895302,0.0008087158140172
2220,1.44807073718,0.0008116736389188
2225,1.447957434586,0.0008144796884227
2230,1.447842953539,0.0008171364119488
2235,1.447727261058,0.0008196470345954
2240,1.447610319972,0.0008220156805941
2245,1.447492093758,0.0008242475057776
2251,1.447372544299,0.0008263488487552
2256,1.44725163029,0.0008283273960415
2261,1.447129311011,0.0008301923573793
2266,1.44700554293,0.0008319546566862
2271,1.446880282419,0.0008336271284812
2277,1.446753483968,0.0008352247224083
2282,1.446625099835,0.0008367647079994
2287,1.446495082964,0.0008382668730936
2292,1.446363384886,0.0008397537141154
2298,1.446229956655,0.0008412506059287
2303,1.44609474986,0.0008427859443064
2308,1.445957714296,0.000844391253492
2314,1.445818802519,0.0008461012426496
2319,1.445677965806,0.0008479538094966
2324,1.445535159477,0.0008499899697522
2330,1.44539033813,0.0008522537130513
2335,1.445243460591,0.0008547917636125
2340,1.445094487316,0.0008576532467212
2346,1.444943382892,0.0008608892460832
2351,1.444790114536,0.0008645522519744
2357,1.444634654918,0.0008686954923514
2362,1.444476980363,0.0008733721524291
2368,1.444317071461,0.0008786344821898
2373,1.444154914689,0.0008845328001261
2379,1.443990499512,0.0008911144082086
2384,1.443823821092,0.000898422427766
2390,1.443654878033,0.0009064945828407
2395,1.443483671464,0.0009153619514146
2401,1.443310206253,0.0009250477119453
2406,1.44313448926,0.0009355659196869
2412,1.442956523788,0.0009469203474257
2417,1.442776314846,0.0009591034169103
2423,1.44259386373,0.0009720952715058
2428,1.44240916405,0.0009858630189525
2434,1.442222203852,0.001000360176245
2440,1.442032958682,0.001015526359786
2445,1.441841394795,0.001031287237125
2451,1.441647457449,0.001047554782583
2456,1.441451077054,0.001064227833036
2462,1.441252160147,0.001081192980198
2468,1.44105058997,0.001098325787797
2474,1.440846219127,0.001115492345157
2479,1.440638871847,0.001132551135343
2485,1.440428336267,0.001149355216737
2491,1.440214363555,0.001165754682544
2496,1.439996663798,0.001181599377624
2502,1.439774904912,0.001196741835908
2508,1.439548706826,0.001211040413594
2514,1.439317639635,0.001224362589205
2520,1.439081220256,0.001236588439266
2525,1.438838906076,0.001247614353343
2531,1.438590094552,0.00125735715573
2537,1.438334112801,0.001265759017538
2543,1.438070210178,0.001272793815723
2549,1.437797554452,0.001278475988218
2555,1.437515216026,0.001282873311949
2560,1.437222164847,0.001286125093657
2566,1.436917259398,0.001288466729104
2572,1.436599257706,0.001290259796067
2578,1.436266827981,0.001292023624733
2584,1.435918589354,0.001294459644136
2590,1.43555316077,0.001298455104022
2596,1.435169223419,0.00130505020755
2602,1.434765562089,0.001315355494897
2608,1.434341069748,0.001330416966434
2614,1.433894650345,0.001351045273359
2620,1.433425015216,0.001377648463865
2626,1.43293032898,0.001410127725746
2632,1.432407730154,0.001447902934275
2638,1.431852755624,0.001490124753686
2644,1.431258694262,0.001536110462073
2650,1.430615865539,0.001586044046983
2657,1.429910742203,0.001642073680155
2663,1.429124851567,0.00171020359115
2669,1.428233737336,0.001803805768912
2675,1.427207301462,0.001949826908829
2681,1.426014627721,0.002197908543901
2687,1.424637732466,0.002629470242601
2694,1.423096731654,0.003358427583978
2700,1.421480734402,0.004511344755284
2706,1.419965961334,0.006179728782604
2712,1.418795481805,0.008355570486941
2718,1.418207582771,0.01088528476437
2725,1.418334819899,0.01348453532256
2731,1.419130190795,0.01582787031632
2737,1.420374883872,0.01767392145256
2744,1.421772601223,0.01895285488547
2750,1.42307489677,0.01976366131545
2756,1.424162481785,0.02029098988771
2763,1.425044556105,0.02070217762036
2769,1.425796584584,0.02108616370508
2775,1.426489514441,0.02145502070391
2782,1.4271525025,0.02178497103145
2788,1.427776776533,0.02205835588573
2795,1.428341145434,0.02228225432478
2801,1.428835121396,0.02248300429184
2808,1.429267288513,0.02268995875636
2814,1.429660155772,0.02292197729675
2820,1.430039450085,0.02318278274049
2827,1.430425163893,0.02346413657189
2834,1.430827715344,0.02375248668717
2840,1.431248826317,0.02403503885179
2847,1.431684929075,0.02430317283816
2853,1.43213085931,0.02455306219611
2860,1.432582436882,0.02478445745773
2866,1.433037564342,0.02499882077106
2873,1.43349612996,0.02519769536402
2880,1.433959241213,0.02538172728918
2886,1.434428335289,0.02555036868803
2893,1.434904467151,0.0257020735916
2900,1.435387927982,0.02583473207586
2906,1.435878170767,0.02594612557762
2913,1.436373945757,0.02603426764108
2920,1.436873536325,0.02609758026307
2926,1.43737497274,0.02613492382987
2933,1.437876168543,0.02614553698513
2940,1.438374993457,0.02612895261802
2947,1.438869254168,0.02608494525807
2953,1.439356647884,0.02601353797791
2960,1.439834762784,0.0259150673391
2967,1.440301097171,0.02579028212654
2974,1.44075317864,0.02564043561273
2981,1.441188711676,0.02546733269732
2988,1.441605791258,0.02527330171572
2995,1.442003068994,0.02506108141048
3001,1.442379907361,0.02483363121923
3008,1.442736430967,0.02459389275692
3015,1.443073483701,0.02434453944818
3022,1.443392513007,0.02408775352347
3029,1.443695365212,0.02382506460873
3036,1.44398403997,0.02355727140049
3043,1.444260453824,0.0232844532843
3050,1.444526203635,0.02300606528349
3057,1.444782420948,0.02272109646921
3064,1.445029644885,0.02242826745647
3071,1.445267823219,0.02212623750198
3078,1.445496336044,0.02181379742629
3086,1.445714100075,0.02149002752153
3093,1.445919703209,0.02115440859773
3100,1.446111547359,0.02080688141017
3107,1.446288003624,0.02044785599753
3114,1.446447547591,0.02007817805258
3121,1.446588860007,0.01969906232289
3128,1.446710924206,0.01931200374732
3136,1.446813051408,0.01891867827678
3143,1.446894915335,0.01852084206297
3150,1.446956526298,0.01812023796526
3157,1.44699821396,0.01771851441993
3165,1.447020560893,0.01731716136349
3172,1.447024356229,0.01691746444473
3179,1.447010520286,0.01652047868418
3187,1.44698004871,0.01612702023715
3194,1.446933942528,0.01573767487424
3201,1.446873161104,0.01535282016901
3209,1.446798577137,0.01497265848385
3216,1.446710947122,0.01459725709689
3224,1.446610894875,0.01422659186334
3231,1.44649890407,0.01386059091257
3238,1.446375324253,0.01349917512419
3246,1.446240389406,0.01314229273141
3253,1.446094235762,0.01278994623729
3261,1.445936935638,0.01244221039448
3268,1.44576851189,0.01209924135371
3276,1.445588976911,0.01176127719132
3283,1.445398338708,0.01142863155366
3291,1.44519661929,0.01110168163894
3299,1.444983860696,0.01078085239807
3306,1.444760088337,0.01046659857203
3314,1.444525276669,0.01015938511529
3322,1.444279216029,0.009859667850892
3329,1.444021154718,0.009567898887264
3337,1.44374873266,0.009284922081399
3345,1.443455815258,0.009015342594708
3352,1.443137150988,0.008779217121555
3360,1.442821788796,0.008612920499804
3368,1.442592855981,0.008498672645558
3375,1.442467627537,0.008311655898356
3383,1.442307257912,0.007988984142969
3391,1.442012796589,0.007646369413993
3399,1.441648202819,0.007395203597658
3407,1.441310360443,0.007231861160361
3415,1.441043901382,0.007095517168182
3422,1.440834291082,0.006918905990668
3430,1.440620356929,0.006674841295604
3438,1.44035143935,0.006397620702869
3446,1.440030202656,0.006137231801926
3454,1.439688069251,0.005911383838505
3462,1.439345556053,0.005710268018861
3470,1.439005082607,0.005521378953487
3478,1.438660594574,0.005339765761396
3486,1.438302952277,0.005172674535957
3494,1.437944316267,0.005048290700313
3502,1.43764958841,0.004950305293593
3510,1.437396740273,0.004775908489075
3518,1.437071027302,0.004553028952605
3526,1.436696298446,0.004373952160969
3535,1.436327290835,0.004229354689349
3543,1.435966756145,0.004095879996832
3551,1.435609200268,0.003968433458907
3559,1.435252666281,0.003846287645773
3567,1.434896482294,0.00372903462793
3576,1.434540274552,0.003616319041291
3584,1.434183770592,0.003507853414214
3592,1.433826744189,0.003403429488038
3600,1.43346899693,0.003302918655438
3609,1.433110378596,0.003206263324699
3617,1.432750781403,0.003113461834696
3625,1.432390163619,0.003024549433086
3634,1.432028537704,0.002939577965607
3642,1.43166597172,0.002858596314323
3650,1.431302600389,0.002781633280389
3659,1.43093857665,0.002708684221487
3667,1.430574084426,0.002639701884321
3676,1.4302093252,0.002574591850527
3684,1.429844487006,0.002513212432636
3693,1.429479735722,0.002455378502373
3701,1.429115216461,0.002400868604669
3710,1.428751024341,0.002349434597695
3718,1.428387225149,0.002300812769163
3727,1.428023814916,0.002254735688095
3735,1.427660766955,0.002210943665704
3744,1.427297994144,0.002169195322604
3753,1.426935389411,0.002129276359734
3761,1.426572808718,0.002091006277887
3770,1.426210084889,0.002054242626508
3779,1.425847058115,0.002018882717632
3787,1.42548355143,0.001984862997124
3796,1.425119404879,0.001952156154656
3805,1.42475447658,0.001920766476436
3814,1.424388635882,0.001890723858542
3822,1.424021792563,0.001862076923998
3831,1.423653874357,0.00183488586833
3840,1.42328483949,0.001809215391879
3849,1.422914661859,0.001785128216433
3858,1.422543356591,0.001762679431112
3867,1.422170939072,0.001741912039409
3876,1.421797456407,0.001722853669104
3885,1.421422953046,0.001705514658682
3894,1.421047487905,0.001689887329781
3903,1.420671108284,0.001675946445526
3912,1.420293865245,0.001663650583449
3921,1.419915803907,0.00165294429992
3930,1.41953695856,0.001643760831138
3939,1.419157342763,0.001636025124188
3948,1.4187769706,0.001629656952787
3957,1.4183958354,0.001624574023683
3966,1.418013918289,0.001620694841686
3975,1.417631194107,0.001617941257255
3984,1.417247616642,0.00161624063777
3993,1.416863138745,0.001615527552178
4003,1.416477706663,0.00161574502001
4012,1.416091255523,0.001616845299344
4021,1.415703726714,0.001618790213696
4030,1.415315048341,0.001621551121707
4040,1.414925154548,0.001625108488087
4049,1.414533985921,0.001629451170941
4058,1.41414148305,0.00163457546219
4068,1.413747585048,0.001640483916804
4077,1.413352245627,0.001647184002825
4086,1.412955413613,0.001654686677303
4096,1.412557043513,0.00166300485263
4105,1.412157104164,0.001672151827473
4115,1.411755549371,0.001682139760444
4124,1.411352345211,0.001692978108382
4134,1.410947451077,0.001704672182776
4143,1.410540814459,0.001717221785241
4153,1.410132370706,0.001730619962628
4162,1.40972202705,0.001744851936719
4172,1.409309647795,0.001759894216801
4182,1.40889501628,0.001775713952104
4191,1.408477796568,0.001792268520231
4201,1.408057414048,0.001809505475119
4211,1.407632870578,0.001827362858441
4220,1.407202161712,0.001845771092194
4230,1.406760508099,0.001864749504243
4240,1.406292649539,0.001888098226627
4250,1.405766587583,0.00196488611942
4259,1.405286755098,0.002237418099709
4269,1.405174025619,0.002505883116193
4279,1.405099469512,0.002318019805459
4289,1.404645592284,0.002061397987523
4299,1.404106893131,0.00200719502503
4309,1.403623965696,0.002019895652498
4319,1.40316779087,0.002038145478831
4329,1.402720605791,0.002055994771943
4339,1.402276795975,0.002073186474979
4349,1.401834010751,0.002089648129858
4359,1.401390976767,0.002105319674729
4369,1.400946895287,0.002120153484412
4379,1.400501235468,0.002134115484532
4389,1.400053564485,0.002147185930335
4399,1.399603532403,0.00215935964577
4409,1.399150859426,0.002170645947111
4419,1.398695275124,0.002181068338318
4429,1.398236557294,0.002190663767195
4440,1.397774491397,0.002199481745307
4450,1.397308877102,0.002207583170192
4460,1.396839526765,0.002215038976322
4470,1.396366287398,0.00222192861219
4481,1.39588899744,0.00222833853641
4491,1.395407514686,0.002234360573062
4501,1.394921693035,0.002240090379927
4512,1.394431432284,0.002245625894012
4522,1.393936593284,0.002251066153005
4533,1.3934370821,0.002256510073533
4543,1.392932782382,0.002262055773082
4554,1.392423595025,0.002267800092583
4564,1.391909413093,0.002273838673785
4575,1.391390139544,0.002280266495679
4585,1.390865664736,0.002287179082974
4596,1.390335852283,0.002294674382653
4606,1.389800590143,0.002302855280545
4617,1.389259743188,0.00231183307858
4628,1.388713154269,0.002321731718752
4638,1.388160643055,0.002332692828679
4649,1.387602059689,0.0023448814362
4660,1.387037192798,0.002358492571455
4670,1.386465867642,0.002373757997531
4681,1.385887862165,0.002390953413347
4692,1.385302993736,0.002410405149442
4703,1.384711072851,0.002432496390462
4714,1.384111961342,0.002457671936585
4724,1.383505527506,0.002486441200608
4735,1.382891707268,0.002519378354613
4746,1.382270536195,0.002557119121152
4757,1.381642088893,0.002600353627045
4768,1.381006590159,0.002649814226264
4779,1.380364413006,0.002706258366986
4790,1.379716026303,0.002770446204867
4801,1.379062072971,0.002843112724492
4812,1.378403376171,0.002924935242763
4823,1.377740929376,0.003016497106862
4835,1.377075848362,0.003118248993932
4846,1.376409422677,0.003230469287792
4857,1.375743028437,0.003353226206319
4868,1.375078146872,0.003486343577976
4879,1.374416271263,0.003629373362984
4891,1.373758894341,0.003781577053504
4902,1.373107388137,0.003941918824018
4913,1.372463027329,0.004109071768621
4924,1.371826815604,0.00428143958138
4936,1.371199508357,0.004457193229408
4947,1.370581565645,0.004634323103494
4959,1.369973000418,0.004810705610431
4970,1.369373473569,0.004984180804795
4981,1.368782191263,0.005152639348908
4993,1.36819795648,0.005314113628429
5004,1.36761916968,0.005466869110249
5016,1.367043908796,0.005609490482989
5028,1.366469960047,0.005740958021279
5039,1.365894916125,0.005860708914275
5051,1.36531628278,0.00596867953485
5062,1.364731575239,0.006065325342464
5074,1.364138468378,0.006151615843566
5086,1.363534854901,0.006229004233545
5098,1.362918974551,0.006299371370272
5109,1.362289543295,0.006364946152077
5121,1.361645757372,0.006428206011276
5133,1.36098740803,0.006491760766218
5145,1.360314848318,0.006558226359994
5157,1.359629084438,0.006630093255281
5168,1.358931591381,0.006709597866766
5180,1.35822444605,0.006798600700922
5192,1.357510047935,0.006898481003211
5204,1.356791157961,0.007010049963568
5216,1.356070687686,0.007133489972137
5228,1.355351621007,0.007268321508308
5240,1.354636805764,0.007413401091481
5252,1.353928863812,0.00756694955032
5265,1.353230049514,0.007726610464528
5277,1.352542093699,0.007889536049008
5289,1.351866196839,0.00805249556906
5301,1.351202844176,0.008212003016245
5313,1.350551884709,0.008364455430284
5325,1.349912378505,0.008506278187077
5338,1.349282756967,0.008634067164791
5350,1.348660767467,0.00874472439662
5362,1.348043628743,0.008835578498075
5375,1.347428055937,0.008904486806841
5387,1.346810388072,0.008949913655712
5400,1.346186773403,0.008970982234768
5412,1.34555325269,0.008967499699774
5425,1.344905871468,0.008939954649524
5437,1.34424089259,0.008889487797643
5450,1.343554772133,0.008817840564312
5462,1.342844432217,0.008727281499849
5475,1.34210714907,0.00862051922284
5487,1.341340798124,0.008500601625395
5500,1.340543764506,0.008370810687489
5513,1.339715039418,0.008234554251655
5525,1.338854101849,0.008095261740705
5538,1.33796109771,0.007956284568213
5551,1.337036539519,0.007820809282608
5564,1.336081476742,0.00769178019357
5576,1.335097295881,0.007571838307471
5589,1.334085739404,0.007463273998238
5602,1.333048720683,0.007367996078347
5615,1.331988377022,0.007287514281385
5628,1.330906890327,0.007222936771059
5641,1.329806505974,0.007174978790699
5654,1.32868937347,0.00714398274651
5667,1.327557539204,0.007129945974308
5680,1.326412968741,0.007132554907137
5693,1.32525734269,0.007151225183966
5706,1.324092157856,0.007185143314222
5720,1.322918676981,0.007233311278207
5733,1.321737846615,0.007294593003248
5746,1.320550316821,0.007367762392901
5759,1.31935645257,0.007451554881847
5772,1.318156249068,0.007544725454558
5786,1.316949365147,0.007646115297113
5799,1.315735112447,0.007754731800236
5812,1.31451246696,0.007869844888323
5826,1.313280118908,0.007991100911582
5839,1.312036477731,0.008118651840251
5853,1.310779830371,0.008253289274854
5866,1.30950852509,0.008396565970504
5880,1.308221226772,0.008550876657479
5893,1.306917235017,0.00871946135187
5907,1.305596790148,0.008906290047705
5921,1.304261536796,0.009115789362008
5934,1.302914724618,0.009352391175734
5948,1.301561351132,0.009619910819975
5962,1.300208124366,0.009920815545827
5975,1.298862732959,0.01025551965966
5989,1.297533003489,0.01062192448856
6003,1.296225709616,0.01101551017607
6017,1.294945207435,0.01143029485013
6031,1.293692661718,0.01186079328917
6045,1.292467368244,0.01230460420935
6058,1.291269449744,0.01276446940049
6072,1.290105429245,0.0132478558447
6086,1.288993322976,0.01376215927567
6100,1.287964618536,0.01430518209812
6115,1.287058693713,0.01485369092016
6129,1.286308316992,0.01535607398362
6143,1.285720121067,0.01573580157527
6157,1.285258681661,0.01590860934974
6171,1.284843840416,0.01580903611986
6185,1.284365626825,0.0154154031957
6200,1.28371296771,0.01476132493501
6214,1.282803705569,0.01392786156361
6228,1.281603969401,0.01301990992819
6243,1.280129715314,0.01213755955113
6257,1.278433104951,0.01135395102669
6271,1.27658122014,0.01070620597368
6286,1.274637208255,0.01019902276377
6300,1.272648893276,0.009815681080928
6315,1.270645565538,0.009530207916206
6329,1.268641007974,0.009316485024042
6344,1.266638680025,0.009153012204065
6359,1.26463640056,0.009024142110273
6373,1.26262988787,0.008919347444243
6388,1.260614423205,0.008831855369302
6403,1.258585671635,0.008757389643381
6418,1.256539959935,0.008693268484661
6432,1.25447410887,0.008637837052368
6447,1.252385467444,0.008590125034782
6462,1.250271695153,0.008549636999437
6477,1.248130860744,0.008516211144931
6492,1.245961260188,0.008489919452505
6507,1.243761561246,0.008470990874294
6522,1.241530501961,0.008459756223797
6537,1.239267019497,0.008456604906878
6552,1.236970314082,0.008461953811132
6567,1.234639477919,0.008476228175981
6582,1.232274012381,0.008499843042237
6597,1.229873117482,0.008533197832319
6613,1.227436371192,0.008576664603525
6628,1.22496323157,0.008630586527709
6643,1.222453187694,0.008695273273835
6658,1.219905793487,0.008770998039643
6674,1.217320588095,0.008857995924232
6689,1.214697200946,0.00895646131665
6705,1.212035062904,0.009066548393528
6720,1.209333805885,0.00918836674286
6735,1.206592868956,0.009321982982239
6751,1.203811805072,0.009467417294174
6767,1.200990111106,0.009624643672047
6782,1.198127090856,0.009793590185876
6798,1.195222228787,0.009974135293096
6813,1.192274859297,0.01016610995294
6829,1.18928419965,0.0103692971115
6845,1.186249480967,0.01058343050078
6861,1.183169840614,0.01080819568854
6877,1.180044267514,0.01104323100997
6892,1.176871769572,0.01128812670773
6908,1.173651207879,0.01154242738675
6924,1.170381371297,0.01180563256224
6940,1.167060951832,0.01207719841583
6956,1.163688238638,0.01235654287301
6972,1.160261838197,0.01264304031114
6988,1.156779882999,0.0129360322743
7004,1.153240547027,0.01323482484249
7021,1.14964158304,0.01353869694142
7037,1.145980846891,0.01384689787516
7053,1.142255835533,0.01415865645059
7069,1.13846394918,0.01447318209068
7085,1.134602284613,0.01478967192567
7102,1.13066764057,0.01510731584177
7118,1.126656675724,0.01542529987957
7135,1.122565937254,0.01574281165214
7151,1.118391182322,0.01605905647541
7168,1.114128423035,0.01637325030138
7184,1.109772953213,0.01668464183899
7201,1.105319992547,0.01699251298652
7217,1.100764079098,0.01729619915647
7234,1.096099532708,0.01759509559475
7251,1.09132003718,0.01788867967329
7267,1.086419051336,0.01817652328557
7284,1.081389269378,0.01845832454773
7301,1.076222828985,0.01873393245265
7318,1.07091133275,0.01900338042963
7335,1.065445480722,0.01926693425806
7351,1.059815321971,0.0195251382583
7368,1.054010189298,0.01977887765769
7385,1.048018177437,0.02002946260459
7402,1.041826617909,0.02027870897042
7419,1.035421694759,0.02052905283872
7437,1.028788416947,0.02078367906355
7454,1.021910642175,0.02104667231294
7471,1.014770813776,0.02132320078032
7488,1.00734960842,0.02161973257503
7505,0.9996268328079,0.02194425942288
7523,0.9915802660638,0.02230660126967
7540,0.9831863219687,0.02271871366593
7557,0.9744196154616,0.02319506398562
7575,0.9652532486839,0.02375304072169
7592,0.9556587041054,0.0244134246809
7610,0.9456061074836,0.02520090838478
7627,0.9350643131026,0.02614468085761
7645,0.9240006945423,0.02727908759659
7663,0.912382576815,0.02864431495077
7680,0.9001763241058,0.03028721731163
7698,0.8873490769663,0.03226214826515
7716,0.8738687229526,0.03463193253636
7733,0.8597054352263,0.03746887783268
7751,0.8448325615748,0.04085590202458
7769,0.829228497693,0.04488771004961
7787,0.8128787784099,0.04967202647246
7805,0.7957781585668,0.05533086371135
7823,0.7779354059625,0.06200156106656
7841,0.7593769928102,0.06983763304485
7859,0.7401529145742,0.07900892746845
7877,0.7203448939726,0.08970045475998
7895,0.7000752458007,0.1021091179788
7914,0.6795179133556,0.116436792363
7932,0.6589101386318,0.1328778926374
7950,0.6385624971159,0.1515993005568
7968,0.6188626889187,0.1727113119802
7987,0.6002666252102,0.1962308963607
8005,0.583269024092,0.2220441339805
8024,0.5683517912414,0.2498807093701
8042,0.5559163078649,0.2793168205393
8061,0.5462210963592,0.3098144289353
8079,0.5393466741526,0.3407891709831
8098,0.5351997356084,0.3716840744381
8117,0.5335494436089,0.4020260545179
8135,0.5340771726683,0.4314548121898
8154,0.5364241520113,0.4597262341672
8173,0.5402268172244,0.4867011778154
8192,0.5451400920743,0.5123280499343
8211,0.5508515957878,0.5366246436362
8230,0.557088549855,0.5596632320632
8248,0.5636227074233,0.581556705911
8267,0.5702727342524,0.602446946502
8287,0.576906051398,0.6224930424019
8306,0.583437986359,0.6418607062757
8325,0.5898306056442,0.6607095674579
8344,0.5960870239095,0.6791825146413
8363,0.6022433815134,0.6973952475044
8383,0.6083575907733,0.7154284034726
8402,0.6144951119373,0.7333242989197
8421,0.620714514611,0.75108791067
8441,0.6270540892446,0.7686933059588
8460,0.633520827394,0.7860959828113
8480,0.6400859525973,0.8032466978134
8499,0.6466854549259,0.8201076601344
8519,0.6532272337749,0.8366666101109
8538,0.6596033813823,0.8529468885177
8558,0.665705475236,0.8690119253459
8578,0.6714402967059,0.8849632883228
8598,0.676743717359,0.9009317772703
8617,0.6815894937192,0.9170637218352
8637,0.6859912742195,0.9335044619245
8657,0.6899971121991,0.9503817872437
8677,0.6936764838865,0.967793295723
8697,0.6971017727954,0.9858006985108
8717,0.7003276834009,1.004432864209
8737,0.7033723347991,1.023698677025
8757,0.7062038141356,1.043609328367
8778,0.7087367238248,1.064206273163
8798,0.7108395956276,1.085593816549
8818,0.7123570687502,1.107968349686
8838,0.7131442123226,1.131643672361
8859,0.7131139523137,1.157064302012
8879,0.7122941344226,1.184802700323
8900,0.7108893376204,1.215535522712
8920,0.7093403288259,1.249994284014
8941,0.7083713626132,1.288887916893
8961,0.7090122809943,1.332800666403
8982,0.7125831076472,1.382072136184
9003,0.7206303041839,1.436673079877
9024,0.7348083381923,1.496097670141
9044,0.7567090115578,1.559298760779
9065,0.7876554620514,1.624692791423
9086,0.8284933199034,1.690256543085
9107,0.8794263528298,1.753716844583
9128,0.9399439907348,1.812809738152
9149,1.008872144555,1.865557363277
9170,1.084546399848,1.91049616678
9191,1.165068995136,1.946797253785
9212,1.248580790846,1.974253046665
9234,1.33347688737,1.993142041096
9255,1.418513312921,2.004028414671
9276,1.502797082752,2.007566035367
9298,1.585692822484,2.004368147052
9319,1.666705716318,1.994964882223
9341,1.745394802684,1.979832022498
9362,1.821343138403,1.959449353512
9384,1.894179689286,1.934345359647
9405,1.9636258418,1.905104368873
9427,2.029535031934,1.872336459832
9449,2.091907173596,1.836623862339
9471,2.150871123548,1.798466144279
9492,2.2066423074,1.758240441856
9514,2.259468691311,1.716184889344
9536,2.309577259637,1.67240650788
9558,2.357130506901,1.626908654748
9580,2.402200442777,1.579628857713
9602,2.444758057824,1.530481550943
9624,2.484679594784,1.479396792102
9647,2.521763711795,1.426351936825
9669,2.555756379823,1.37139301149
9691,2.586378168681,1.314645942069
9714,2.613351398958,1.256317977736
9736,2.636423854827,1.196691569864
9758,2.655387652478,1.136112800983
9781,2.670092974524,1.074976379239
9803,2.68045613728,1.013709356291
9826,2.686463707336,0.9527545675395
9849,2.688171324632,0.8925556842666
9871,2.685700756609,0.833543500031
9894,2.679234488528,0.7761244411431
9917,2.669007879761,0.7206715527597
9940,2.655300900326,0.6675174194554
9963,2.63843037921,0.6169488295946
9986,2.618740729146,0.5692036109042
10009,2.596595669062,0.5244687887239
10032,2.572369953991,0.4828801749834
10055,2.546442003254,0.4445230297362
10078,2.519186515224,0.4094338324689
10101,2.490968447827,0.3776027718426
10125,2.462136780131,0.3489771204873
10148,2.433019775934,0.3234650962937
10171,2.403920535953,0.3009403152924
10195,2.375113505316,0.2812466279269
10218,2.346841623265,0.2642032781259
10242,2.319314678685,0.2496102034718
10266,2.292708321776,0.2372534220211
10289,2.267163538938,0.2269103833906
10313,2.242787510581,0.2183550487963
10337,2.219655035485,0.2113626536733
10361,2.197810794853,0.2057139935923
10384,2.177271199509,0.2011992391558
10408,2.158028628415,0.1976209287129
10432,2.140053374069,0.1947965216278
10456,2.12329837475,0.1925600156499
10480,2.107701892797,0.190763086067
10505,2.093191364428,0.1892754899032
10529,2.079685965988,0.1879850237296
10553,2.067100307919,0.1867968981258
10577,2.055345890687,0.1856329243574
10602,2.044334080105,0.1844302668404
10626,2.033977840743,0.1831401006298
10651,2.024192374557,0.1817262414346
10675,2.014896824448,0.1801636230918
10700,2.006015173303,0.1784368488697
10725,1.997476115657,0.176538879991
10749,1.989213646889,0.1744697374501
10774,1.98116734606,0.1722353317641
10799,1.973282160231,0.1698464502232
10824,1.965508510007,0.1673178359881
10849,1.957801459457,0.1646674683811
10874,1.950120745637,0.1619158862561
10899,1.942431020156,0.1590856084896
10924,1.93470072865,0.1562007739462
10949,1.92690202074,0.1532867916035
10974,1.91901095405,0.1503700581808
11000,1.911006191303,0.1474778758307
11025,1.902870075306,0.1446382528796
11051,1.894586954986,0.1418799812808
11076,1.886144201267,0.139232557578
11102,1.877531660534,0.1367262670746
11127,1.868742057207,0.1343922276726
11153,1.859769612086,0.1322625816868
11178,1.850611914202,0.1303704580232
11204,1.841268981453,0.1287501304826
11230,1.831744399933,0.127437003997
11256,1.822044166375,0.1264677221578
11282,1.812178854022,0.1258799851372
11308,1.802162439102,0.1257125245675
11334,1.792013979697,0.1260047851915
11360,1.781757842404,0.1267965931094
11386,1.771423379992,0.1281277320024
11413,1.76104657248,0.1300372330131
11439,1.7506699279,0.1325626257048
11465,1.740342599045,0.1357390067753
11492,1.730121383273,0.1395978689814
11518,1.720069807643,0.1441659109752
11545,1.71025918731,0.1494635416273
11571,1.700766860865,0.1555034944778
11598,1.691677190847,0.1622891300493
11625,1.683078166274,0.1698131164751
11652,1.675062669713,0.1780557404643
11678,1.667723909353,0.1869839357524
11705,1.661155534526,0.1965501041818
11732,1.655448027022,0.2066916811851
11759,1.650685206793,0.2173311951268
11786,1.646943664441,0.2283765135847
11814,1.644287540527,0.239722297654
11841,1.642768362835,0.2512514368737
11868,1.642419886049,0.2628378144245
11896,1.643258540763,0.2743488271029
11923,1.645282355508,0.2856485343705
11950,1.648469256735,0.2966012276801
11978,1.652777870456,0.307074722416
12006,1.658148671656,0.3169435270823
12033,1.664505398083,0.3260917566827
12061,1.671757082194,0.3344155933611
12089,1.679800438346,0.3418252406707
12117,1.688522468749,0.3482463369604
12145,1.697803158987,0.3536208302632
12173,1.707518150121,0.3579073465663
12201,1.717541295769,0.3610811040348
12229,1.727747035614,0.3631334377916
12257,1.738012538736,0.3640710044557
12285,1.748219589351,0.3639147345546
12314,1.758256203062,0.3626985960354
12342,1.768017973435,0.3604682250527
12370,1.777409157013,0.3572794723417
12399,1.786343510231,0.3531969056917
12428,1.794744894863,0.3482923018966
12456,1.802547670181,0.3426431553519
12485,1.80969689046,0.3363312252555
12514,1.816148326325,0.3294411391138
12543,1.82186832789,0.3220590668207
12571,1.826833546997,0.3142714768133
12600,1.831030535202,0.3061639835638
12629,1.834455233526,0.2978202938037
12659,1.837112369486,0.2893212572726
12688,1.839014776454,0.280744026353
12717,1.840182650021,0.2721613276268
12746,1.840642755669,0.2636408471114
12776,1.840427601754,0.2552447296841
12805,1.839574591361,0.2470291919561
12835,1.838125166232,0.2390442466119
12864,1.836123955413,0.231333534985
12894,1.83361794067,0.223934263411
12924,1.830655649981,0.2168772376963
12953,1.827286389551,0.2101869888953
12983,1.823559523788,0.2038819825099
13013,1.819523811507,0.1979749022651
13043,1.815226805378,0.1924729987769
13073,1.810714320214,0.187378492766
13103,1.806029974188,0.1826890219968
13134,1.80121480552,0.1783981208667
13164,1.796306965571,0.1744957215503
13194,1.791341487705,0.1709686658305
13225,1.786350129754,0.1678012172201
13255,1.781361286506,0.1649755636814
13286,1.776399967387,0.1624723021758
13316,1.771487833408,0.1602708973721
13347,1.766643286618,0.1583501080893
13378,1.761881604693,0.1566883763794
13409,1.75721511292,0.1552641755413
13440,1.752653385749,0.1540563147211
13471,1.748203470209,0.1530441990704
13502,1.743870123835,0.1522080456452
13533,1.739656060285,0.1515290563058
13564,1.735562196497,0.1509895497914
13595,1.731587896004,0.1505730558828
13627,1.727731203891,0.1502643751154
13658,1.723989069718,0.1500496078818
13689,1.720357555584,0.1499161569588
13721,1.716832027339,0.1498527075479
13753,1.713407327662,0.14984918883
13784,1.710077930431,0.1498967208472
13816,1.706838076326,0.1499875502475
13848,1.703681890139,0.1501149780964
13880,1.700603480583,0.1502732825883
13912,1.69759702373,0.1504576391009
13944,1.694656831366,0.150664039653
13976,1.691777405682,0.1508892134452
14008,1.688953481812,0.1511305498176
14041,1.686180059668,0.1513860246342
14073,1.683452426539,0.1516541308215
14105,1.680766171822,0.1519338135396
14138,1.678117195158,0.1522244102549
14171,1.675501709128,0.152525595811
14203,1.672916237564,0.1528373324544
14236,1.670357610377,0.1531598246668
14269,1.667822955704,0.1534934785712
14302,1.66530969005,0.1538388656302
14335,1.66281550699,0.1541966903136
14368,1.660338364904,0.1545677613976
14401,1.657876474113,0.1549529665539
14434,1.65542828372,0.1553532498888
14467,1.652992468389,0.1557695921128
14501,1.650567915225,0.1562029930343
14534,1.648153710876,0.1566544560994
14568,1.645749128945,0.1571249747233
14601,1.643353617752,0.1576155201853
14635,1.640966788472,0.1581270308876
14669,1.638588403653,0.1586604028021
14702,1.636218366095,0.1592164809553
14736,1.633856708073,0.1597960518235
14770,1.631503580876,0.1603998365315
14804,1.629159244616,0.1610284847677
14838,1.626824058299,0.1616825693433
14873,1.624498470085,0.162362581341
14907,1.62218300775,0.1630689258076
14941,1.619878269282,0.1638019179595
14976,1.617584913605,0.1645617798778
15010,1.615303651415,0.1653486376747
15045,1.613035236091,0.1661625191248
15079,1.610780454691,0.1670033517538
15114,1.608540119009,0.1678709613848
15149,1.606315056702,0.1687650711426
15184,1.604106102488,0.1696853009198
15219,1.601914089402,0.170631167308
15254,1.599739840157,0.1716020839992
15289,1.597584158585,0.1725973626595
15325,1.595447821195,0.1736162142795
15360,1.593331568868,0.1746577510016
15395,1.591236098696,0.1757209884243
15431,1.589162056011,0.1768048483797
15466,1.587110026598,0.1779081621821
15502,1.585080529156,0.1790296743357
15538,1.583074007993,0.1801680466956
15574,1.581090826012,0.1813218630671
15609,1.57913125801,0.1824896342262
15645,1.577195484291,0.1836698033465
15681,1.575283584657,0.1848607518074
15718,1.573395532767,0.1860608053616
15754,1.571531190907,0.1872682406359
15790,1.569690305171,0.1884812919361
15827,1.567872501101,0.1896981583248
15863,1.566077279762,0.1909170109405
15900,1.564304014294,0.1921360005254
15936,1.562551946941,0.1933532651225
15973,1.560820186554,0.1945669379112
16010,1.559107706577,0.1957751551418
16047,1.557413343525,0.1969760641319
16084,1.55573579593,0.1981678312908
16121,1.554073623747,0.199348650134
16158,1.552425248243,0.2005167492527
16195,1.550788952298,0.2016704002067
16233,1.549162881148,0.2028079253065
16270,1.547545043521,0.2039277052566
16308,1.54593331315,0.2050281866315
16345,1.544325430638,0.2061078891592
16383,1.542719005638,0.2071654127927
16421,1.54111151932,0.2081994445474
16458,1.539500327086,0.2092087650928
16496,1.537882661507,0.2101922550854
16534,1.536255635432,0.2111489012347
16573,1.534616245236,0.2120778021022
16611,1.532961374165,0.2129781736312
16649,1.531287795743,0.2138493544149
16687,1.529592177196,0.2146908107124
16726,1.527871082849,0.2155021412281
16764,1.526120977468,0.2162830816722
16803,1.524338229499,0.2170335091305
16842,1.522519114174,0.217753446268
16881,1.520659816434,0.2184430654056
16920,1.518756433664,0.2191026925052
16959,1.51680497818,0.2197328111101
16998,1.514801379456,0.220334066289
17037,1.512741486072,0.2209072686375
17076,1.510621067345,0.2214533983981
17115,1.508435814645,0.2219736097608
17155,1.506181342383,0.2224692354148
17194,1.503853188654,0.2229417914252
17234,1.501446815552,0.2233929825128
17274,1.498957609152,0.2238247078208
17314,1.496380879187,0.224239067255
17354,1.493711858427,0.2246383684921
17394,1.490945701813,0.2250251347482
17434,1.488077485363,0.2254021134118
17474,1.485102204924,0.2257722856395
17514,1.482014774811,0.2261388770273
17555,1.478810026435,0.2265053694598
17595,1.475482706969,0.2268755142544
17636,1.472027478192,0.2272533467113
17676,1.468438915592,0.2276432021858
17717,1.464711507891,0.2280497337946
17758,1.460839657104,0.2284779318788
17799,1.456817679329,0.2289331453312
17840,1.452639806432,0.2294211049067
17881,1.448300188841,0.2299479486267
17922,1.44379289968,0.2305202493832
17963,1.439111940476,0.2311450448526
18005,1.434251248745,0.2318298698149
18046,1.429204707726,0.2325827909757
18088,1.423966158645,0.233412444375
18130,1.418529415833,0.2343280754643
18171,1.412888285136,0.2353395819192
18213,1.407036586067,0.2364575592423
18255,1.40096817818,0.2376933492005
18297,1.394676992242,0.2390590911185
18340,1.388157066804,0.2405677760296
18382,1.381402590867,0.2422333036592
18424,1.374407953404,0.2440705421769
18467,1.367167800616,0.2460953906098
18509,1.359677101888,0.2483248437519
18552,1.351931225544,0.2507770593235
18595,1.343926025677,0.2534714270338
18638,1.335657941432,0.2564286390671
18681,1.327124110383,0.2596707613357
18724,1.31832249779,0.2632213046092
18767,1.309252043809,0.2671052943302
18810,1.299912830891,0.2713493375353
18853,1.29030627392,0.2759816847909
18897,1.280435335796,0.2810322844164
18940,1.270304771376,0.2865328254487
18984,1.259921402712,0.2925167648016
19028,1.249294428496,0.2990193328297
19072,1.238435770264,0.3060775100286
19116,1.227360457233,0.3137299658698
19160,1.216087050536,0.3220169487944
19204,1.204638105715,0.3309801142678
19248,1.193040669726,0.3406622756265
19293,1.181326804915,0.3511070604798
19337,1.169534127427,0.3623584540069
19382,1.157706341157,0.3744602101021
19426,1.145893740648,0.3874551126448
19471,1.134153647599,0.4013840729974
19516,1.122550736525,0.4162850570327
19561,1.111157196857,0.432191846326
19606,1.100052672909,0.4491326540735
19651,1.089323922215,0.4671286365017
19697,1.079064138865,0.4861923637322
19742,1.069371904224,0.5063263374614
19787,1.060349753511,0.5275216623659
19833,1.052102382659,0.5497569886976
19879,1.04473456183,0.5729978401853
19925,1.038348863926,0.5971964206651
19971,1.033043350142,0.6222919547754
20017,1.028909372136,0.6482115665805
20063,1.026029646165,0.6748716432487
20109,1.02447672747,0.7021795792561
20155,1.024311967724,0.7300357598502
20202,1.025584983006,0.7583356272177
20248,1.028333605154,0.7869716803389
20295,1.032584244763,0.8158352862658
20342,1.038352565749,0.8448182191454
20389,1.045644360745,0.8738138855107
20436,1.054456521778,0.9027182327335
20483,1.06477801693,0.9314303674503
20530,1.076590805975,0.9598529300725
20577,1.089870651465,0.9878922807941
20625,1.104587803237,1.015458553394
20672,1.12070755167,1.042465628392
20720,1.138190657813,1.068831068844
20768,1.156993676766,1.094476052528
20816,1.177069195119,1.119325324714
20864,1.198366004855,1.143307187031
20912,1.220829235529,1.166353530673
20960,1.244400464717,1.18839991631
21008,1.269017824054,1.209385698662
21057,1.294616115268,1.22925419049
21105,1.321126947538,1.247952858608
21154,1.348478904665,1.265433543247
21203,1.37659774783,1.281652691423
21252,1.405406657357,1.296571594858
21301,1.434826514795,1.310156623194
21350,1.464776224801,1.322379443822
21399,1.495173074842,1.333217220281
21448,1.5259331294,1.342652782092
21498,1.556971654367,1.350674759818
21547,1.588203566496,1.357277680124
21597,1.619543902149,1.362462016671
21647,1.650908299135,1.36623419371
21697,1.68221348517,1.368606540256
21747,1.71337776636,1.369597193758
21797,1.744321509092,1.369229953146
21847,1.774967608889,1.367534082046
21897,1.805241940003,1.364544063848
21948,1.835073779875,1.360299311109
21998,1.864396203011,1.354843832498
22049,1.893146439382,1.348225861164
22100,1.921266192957,1.340497448964
22151,1.948701916715,1.331714031477
22202,1.975405041056,1.32193396914
22253,2.001332153337,1.311218070099
22304,2.026445126937,1.299629100623
22356,2.050711199001,1.287231288995
22407,2.074102996816,1.274089828836
22459,2.096598513408,1.260270387718
22511,2.118181033744,1.245838626774
22563,2.138839013557,1.230859736736
22615,2.158565913446,1.215397995532
22667,2.17735999151,1.199516352109
22719,2.195224058265,1.183276040742
22771,2.212165198065,1.166736229498
22824,2.228194461631,1.149953705969
22877,2.243326534583,1.132982602746
22929,2.257579387073,1.115874164471
22982,2.27097390976,1.098676557618
23035,2.283533541402,1.081434723469
23088,2.295283893266,1.064190274108
23141,2.306252375415,1.046981430567
23195,2.316467829733,1.029843001669
23248,2.325960174192,1.012806401506
23302,2.334760062504,0.9958997030029
23356,2.34289856286,0.9791477245089
23409,2.35040685894,0.9625721460291
23463,2.357315975849,0.9461916513575
23518,2.36365653304,0.9300220921797
23572,2.369458525737,0.914076670066
23626,2.374751135738,0.8983661322449
23681,2.379562571946,0.8828989770716
23735,2.383919940393,0.8676816652455
23790,2.387849143033,0.8527188330158
23845,2.391374804118,0.8380135038811
23900,2.394520222562,0.8235672956093
23955,2.397307348354,0.8093806197668
24010,2.399756780822,0.7954528713339
24065,2.40188778634,0.7817826064096
24121,2.403718332952,0.7683677064209
24176,2.405265139301,0.7552055276755
24232,2.406543735264,0.7422930354999
24288,2.407568531777,0.729626922583
24344,2.408352897377,0.7172037115003
24400,2.408909239212,0.7050198416996
24456,2.409249086411,0.6930717415078
24513,2.409383173908,0.6813558859427
24569,2.409321525091,0.6698688412979
24626,2.409073531824,0.6586072976117
24683,2.408648030665,0.6475680902278
24740,2.408053374347,0.6367482117118
24797,2.40729749776,0.6261448154199
24854,2.406387977958,0.6157552119944
24911,2.405332087853,0.6055768600404
24968,2.404136843447,0.5956073521705
25026,2.402809044631,0.5858443975301
25084,2.401355309671,0.5762858018349
25142,2.39978210365,0.5669294458407
25200,2.398095761188,0.557773263076
25258,2.396302503878,0.5488152175459
25316,2.39440845286,0.5400532820271
25374,2.392419637058,0.5314854174535
25433,2.390341997571,0.5231095538053
25491,2.388181388743,0.5149235728172
25550,2.38594357641,0.5069252927347
25609,2.383634233835,0.4991124552752
25668,2.381258935769,0.4914827148779
25727,2.378823151111,0.4840336302663
25786,2.376332234554,0.4767626582985
25846,2.373791417577,0.469667150036
25906,2.371205799147,0.4627443489205
25965,2.368580336375,0.4559913909325
26025,2.365919835422,0.4494053065702
26085,2.363228942845,0.4429830244788
26145,2.36051213757,0.4367213765529
26205,2.357773723625,0.4306171043218
26266,2.355017823761,0.4246668664321
26326,2.352248374036,0.4188672470422
26387,2.349469119413,0.4132147649503
26448,2.346683610403,0.4077058832821
26509,2.343895200783,0.4023370195756
26570,2.341107046354,0.3971045561134
26631,2.338322104724,0.392004850361
26693,2.3355431361,0.3870342453827
26754,2.332772705002,0.3821890801243
26816,2.33001318288,0.3774656994577
26878,2.327266751542,0.3728604639011
26940,2.324535407338,0.3683697589377
27002,2.321820966032,0.3639900038694
27064,2.31912506827,0.3597176601538
27126,2.316449185582,0.3555492391816
27189,2.313794626849,0.3514813094639
27252,2.311162545142,0.3475105032068
27314,2.308553944881,0.3436335222596
27377,2.305969689235,0.3398471434318
27441,2.3034105077,0.3361482231772
27504,2.300877003796,0.3325337016559
27567,2.298369662821,0.3290006061824
27631,2.295888859612,0.3255460540815
27694,2.293434866273,0.3221672549677
27758,2.291007859791,0.3188615124785
27822,2.288607929559,0.3156262254822
27886,2.286235084709,0.3124588887942
27951,2.283889261263,0.3093570934297
28015,2.281570329062,0.3063185264263
28080,2.279278098453,0.3033409702666
28144,2.277012326703,0.3004223019363
28209,2.274772724145,0.2975604916489
28274,2.272558960027,0.2947536012681
28340,2.27037066806,0.2919997824639
28405,2.268207451656,0.2892972746289
28470,2.266068888864,0.2866444025865
28536,2.263954536985,0.2840395741207
28602,2.261863936879,0.2814812773534
28668,2.259796616959,0.2789680779975
28734,2.257752096898,0.2764986165061
28800,2.255729891013,0.2740716051476
28866,2.253729511379,0.2716858250223
28933,2.251750470662,0.2693401230424
29000,2.249792284665,0.2670334088963
29067,2.247854474626,0.2647646520113
29134,2.245936569266,0.2625328785304
29201,2.244038106597,0.2603371683184
29268,2.242158635497,0.2581766520093
29335,2.240297717087,0.2560505081051
29403,2.238454925893,0.2539579601382
29471,2.236629850823,0.2518982739033
29539,2.234822095964,0.2498707547681
29607,2.233031281232,0.2478747450675
29675,2.231257042838,0.2459096215883
29744,2.229499033649,0.2439747931462
29812,2.227756923392,0.2420696982616
29881,2.226030398747,0.240193802934
29950,2.224319163351,0.2383465985158
30019,2.222622937672,0.2365275996924
30088,2.220941458824,0.2347363425602
30157,2.21927448029,0.2329723828096
30227,2.217621771576,0.2312352940087
30297,2.215983117813,0.2295246659868
30366,2.214358319298,0.2278401033165
30436,2.212747190988,0.2261812238936
30507,2.211149561961,0.2245476576095
30577,2.209565274852,0.2229390451155
30647,2.20799418524,0.221355036678
30718,2.206436161044,0.2197952911162
30789,2.204891081879,0.2182594748255
30860,2.203358838415,0.216747260879
30931,2.201839331733,0.2152583282049
31002,2.200332472656,0.213792360838
31074,2.198838181125,0.2123490472379
31145,2.197356385525,0.210928079677
31217,2.195887022067,0.2095291536862
31289,2.19443003415,0.2081519675639
31361,2.192985371744,0.2067962219378
31434,2.191552990798,0.2054616193797
31506,2.190132852647,0.2041478640699
31579,2.188724923449,0.202854661507
31651,2.187329173628,0.2015817182608
31724,2.185945577354,0.2003287417644
31798,2.184574112039,0.1990954401426
31871,2.183214757841,0.1978815220767
31944,2.181867497197,0.1966866966987
32018,2.180532314392,0.1955106735145
32092,2.17920919514,0.194353162353
32166,2.177898126174,0.1932138733414
32240,2.176599094883,0.1920925168997
32314,2.175312088956,0.1909888037558
32389,2.174037096046,0.1899024449791
32463,2.172774103482,0.1888331520271
32538,2.171523097959,0.1877806368092
32613,2.17028406529,0.1867446117602
32688,2.169056990143,0.1857247899264
32764,2.167841855849,0.1847208850574
32839,2.166638644152,0.1837326117112
32915,2.165447335063,0.1827596853594
32991,2.164267906668,0.1818018225025
33067,2.163100334985,0.1808587407869
33143,2.161944593831,0.1799301591258
33220,2.160800654703,0.1790157978215
33296,2.159668486675,0.1781153786899
33373,2.158548056309,0.1772286251852
33450,2.15743932758,0.1763552625241
33527,2.156342261827,0.1754950178083
33604,2.15525681769,0.1746476201476
33682,2.15418295108,0.1738128007794
33759,2.153120615158,0.1729902931852
33837,2.152069760312,0.1721798332058
33915,2.151030334168,0.1713811591516
33993,2.150002281571,0.170594011911
34072,2.148985544625,0.1698181350518
34150,2.14798006269,0.1690532749231
34229,2.146985772428,0.1682991807477
34308,2.146002607833,0.1675556047132
34387,2.145030500266,0.1668223020583
34466,2.144069378516,0.1660990311522
34546,2.143119168836,0.1653855535716
34625,2.142179795015,0.164681634171
34705,2.141251178434,0.1639870411484
34785,2.140333238127,0.1633015461072
34865,2.139425890857,0.1626249241114
34946,2.138529051177,0.1619569537381
35026,2.137642631518,0.1612974171217
35107,2.13676654226,0.1606460999972
35188,2.135900691799,0.1600027917367
35269,2.135044986641,0.1593672853809
35350,2.134199331475,0.158739377668
35432,2.133363629258,0.1581188690558
35514,2.132537781297,0.1575055637415
35595,2.131721687325,0.1568992696769
35677,2.130915245592,0.1562997985786
35760,2.130118352944,0.1557069659358
35842,2.129330904899,0.1551205910133
35925,2.128552795739,0.1545404968515
36008,2.127783918587,0.1539665102628
36091,2.127024165483,0.1533984618251
36174,2.126273427457,0.1528361858721
36257,2.125531594627,0.1522795204797
36341,2.124798556256,0.1517283074516
36425,2.124074200829,0.151182392301
36509,2.123358416133,0.1506416242296
36593,2.12265108933,0.1501058561052
36677,2.12195210702,0.1495749444367
36762,2.121261355304,0.1490487493483
36846,2.120578719868,0.1485271345496
36931,2.119904086029,0.1480099673062
37016,2.119237338808,0.1474971184081
37102,2.118578362986,0.1469884621363
37187,2.117927043168,0.1464838762291
37273,2.117283263831,0.1459832418469
37359,2.116646909382,0.1454864435362
37445,2.11601786422,0.1449933691921
37531,2.115396012769,0.1445039100222
37618,2.114781239539,0.144017960508
37705,2.114173429166,0.1435354183665
37792,2.11357246647,0.1430561845118
37879,2.112978236481,0.1425801630168
37966,2.112390624482,0.142107261075
38054,2.111809516071,0.1416373889602
38141,2.111234797163,0.141170459991
38229,2.110666354057,0.1407063904901
38317,2.110104073456,0.1402450997484
38406,2.109547842501,0.1397865099872
38494,2.108997548805,0.1393305463219
38583,2.108453080482,0.1388771367261
38672,2.10791432618,0.1384262119959
38761,2.107381175101,0.1379777057161
38850,2.106853517039,0.1375315542264
38940,2.106331242398,0.1370876965881
39030,2.105814242211,0.1366460745538
39120,2.105302408182,0.1362066325345
39210,2.104795632693,0.1357693175717
39300,2.104293808834,0.1353340793077
39391,2.103796830429,0.1349008699575
39482,2.103304592054,0.1344696442827
39573,2.102816989053,0.1340403595662
39664,2.10233391757,0.1336129755869
39755,2.101855274563,0.1331874545968
39847,2.101380957832,0.1327637612983
39939,2.100910866035,0.1323418628228
40031,2.100444898717,0.1319217287102
40123,2.099982956325,0.1315033308899
40216,2.099524940232,0.131086643662
40308,2.099070752761,0.1306716436799
40401,2.098620297227,0.1302583099322
40494,2.098173477925,0.1298466237288
40588,2.097730200187,0.1294365686836
40681,2.097290370396,0.1290281307009
40775,2.096853896017,0.1286212979601
40869,2.096420685626,0.1282160609026
40963,2.095990648931,0.1278124122182
41058,2.095563696827,0.1274103468306
41152,2.095139741394,0.1270098618867
41247,2.094718695962,0.1266109567405
41342,2.094300475128,0.1262136329419
41438,2.093884994804,0.125817894222
41533,2.093472172247,0.1254237464797
41629,2.093061926096,0.1250311977676
41725,2.092654176432,0.1246402582754
41821,2.092248844798,0.1242509403162
41917,2.091845854251,0.1238632583083
42014,2.091445129424,0.1234772287574
42111,2.091046596545,0.1230928702385
42208,2.090650183508,0.1227102033745
42305,2.090255819911,0.122329250815
42403,2.089863437121,0.1219500372123
42501,2.089472968309,0.1215725891961
42599,2.089084348526,0.1211969353463
42697,2.088697514734,0.1208231061637
42795,2.088312405881,0.1204511340381
42894,2.087928962962,0.1200810532141
42993,2.087547129062,0.1197128997548
43092,2.087166849418,0.1193467115031
43191,2.086788071489,0.1189825280387
43291,2.086410745011,0.118620390634
43391,2.086034822062,0.1182603422056
43491,2.085660257117,0.1179024272637
43591,2.08528700711,0.1175466918582
43691,2.084915031504,0.1171931835203
43792,2.084544292337,0.1168419512024
43893,2.084174754294,0.1164930452136
43994,2.083806384771,0.1161465171508
44096,2.083439153918,0.1158024198287
44197,2.083073034707,0.1154608072041
44299,2.08270800299,0.1151217342967
44401,2.08234403754,0.1147852571078
44504,2.081981120131,0.1144514325327
44606,2.081619235566,0.1141203182725
44709,2.081258371724,0.1137919727403
44812,2.080898519626,0.113466454964
44915,2.080539673464,0.1131438244861
45019,2.080181830645,0.1128241412598
45123,2.079824991833,0.1125074655415
45227,2.07946916097,0.1121938577811
45331,2.079114345327,0.1118833785069
45436,2.078760555516,0.1115760882096
45540,2.078407805515,0.1112720472228
45645,2.078056112677,0.1109713156005
45750,2.077705497783,0.1106739529904
45856,2.077355984997,0.1103800185091
45962,2.077007601902,0.1100895706107
46068,2.076660379494,0.1098026669557
46174,2.076314352177,0.109519364277
46280,2.075969557751,0.1092397182453
46387,2.075626037381,0.1089637833336
46494,2.075283835596,0.1086916126781
46601,2.074943000253,0.1084232579415
46708,2.074603582487,0.1081587691743
46816,2.074265636688,0.1078981946757
46924,2.07392922045,0.1076415808549
47032,2.073594394511,0.1073889720933
47141,2.073261222701,0.1071404106067
47249,2.072929771871,0.1068959363088
47358,2.072600111819,0.1066555866766
47467,2.072272315219,0.1064193966162
47577,2.071946457528,0.1061873983323
47687,2.071622616901,0.1059596211985
47796,2.071300874077,0.1057360916321
47907,2.07098131231,0.105516832969
48017,2.070664017212,0.1053018653462
48128,2.070349076675,0.1050912055836
48239,2.070036580734,0.1048848670729
48350,2.069726621423,0.1046828596701
48461,2.069419292694,0.1044851895903
48573,2.069114690204,0.1042918593129
48685,2.068812911234,0.1041028674857
48797,2.068514054507,0.1039182088394
48910,2.068218220051,0.103737874105
49023,2.067925509012,0.1035618499399
49136,2.067636023539,0.1033901188572
49249,2.067349866571,0.1032226591648
49362,2.067067141702,0.1030594449092
49476,2.066787952978,0.1029004458276
49590,2.066512404742,0.1027456273069
49705,2.06624060144,0.1025949503496
49819,2.065972647476,0.1024483715474
49934,2.065708646961,0.1023058430651
50049,2.065448703588,0.1021673126282
50164,2.065192920428,0.1020327235215
50280,2.064941399735,0.101902014595
50396,2.064694242767,0.101775120278
50512,2.064451549581,0.101651970602
50629,2.064213418881,0.1015324912301
50745,2.063979947802,0.1014166034966
50862,2.063751231728,0.1013042244548
50980,2.063527364123,0.1011952669314
51097,2.063308436336,0.1010896395906
51215,2.063094537433,0.1009872470056
51333,2.062885753992,0.1008879897395
51451,2.062682169984,0.1007917644304
51570,2.062483866539,0.10069846389
51689,2.062290921837,0.1006079772036
51808,2.062103410902,0.1005201898428
51927,2.061921405466,0.1004349837823
52047,2.061744973816,0.100352237624
52167,2.061574180663,0.1002718267284
52287,2.061409086948,0.1001936233545
52408,2.061249749768,0.1001174968013
52529,2.061096222217,0.100043313559
52650,2.060948553256,0.09997093746561
52771,2.060806787624,0.09990022986662
52893,2.060670965701,0.09983104978229
53015,2.060541123442,0.09976325407697
53137,2.060417292219,0.09969669763725
53259,2.060299498826,0.09963123354663
53382,2.060187765319,0.09956671327213
53505,2.060082108984,0.09950298684832
53629,2.059982542283,0.09943990306571
53752,2.059889072767,0.09937730966332
53876,2.059801703067,0.0993150535203
54000,2.059720430823,0.09925298085208
54125,2.059645248681,0.09919093740546
54250,2.059576144266,0.0991287686557
54375,2.059513100159,0.09906632000442
54500,2.059456093924,0.09900343697531
54626,2.059405098059,0.09893996541405
54752,2.059360080065,0.09887575168161
54878,2.059321002451,0.09881064285032
55004,2.059287822742,0.09874448689836
55131,2.059260493541,0.09867713290026
55258,2.059238962578,0.09860843121624
55386,2.059223172741,0.09853823368005
55513,2.059213062167,0.09846639378113
55641,2.059208564294,0.09839276684613
55769,2.059209607943,0.09831721021514
55898,2.059216117394,0.09823958341502
56027,2.059228012484,0.09815974832752
56156,2.059245208706,0.09807756935306
56285,2.059267617331,0.09799291356898
56415,2.059295145472,0.09790565088587
56545,2.059327696242,0.09781565419384
56676,2.059365168858,0.09772279950674
56806,2.059407458772,0.09762696609899
56937,2.059454457801,0.09752803663699
57068,2.059506054264,0.09742589730401
57200,2.059562133129,0.09732043791889
57332,2.059622576162,0.0972115520477
57464,2.059687262047,0.09709913711101
57597,2.05975606658,0.09698309448045
57729,2.059828862787,0.09686332957265
57862,2.059905521126,0.0967397519323
57996,2.059985909578,0.09661227531318
58129,2.060069893899,0.09648081774541
58263,2.06015733771,0.09634530160258
58398,2.060248102709,0.0962056536567
58532,2.060342048813,0.09606180512897
58667,2.060439034334,0.09591369173242
58803,2.060538916144,0.09576125370744
58938,2.060641549852,0.09560443585034
59074,2.060746789978,0.09544318753478
59210,2.060854490099,0.0952774627277
59347,2.060964503034,0.09510721999665
59484,2.061076681005,0.09493242251151
59621,2.061190875798,0.09475303803963
59758,2.061306938944,0.09456903893339
59896,2.061424721859,0.0943804021134
60034,2.061544076001,0.09418710904466
60172,2.06166485306,0.09398914570505
60311,2.061786905097,0.09378650255008
60450,2.061910084655,0.09357917447336
60589,2.062034244989,0.09336716075574
60729,2.062159240136,0.09315046501665
60869,2.062284925106,0.09292909515404
61009,2.062411155998,0.09270306328348
61150,2.062537790155,0.09247238566982
61291,2.062664686264,0.09223708265707
61432,2.062791704513,0.09199717859131
61574,2.062918706697,0.09175270174114
61716,2.063045556375,0.09150368421243
61858,2.063172118911,0.09125016186378
62001,2.063298261662,0.09099217421242
62144,2.063423854042,0.09072976434156
62287,2.063548767617,0.09046297880373
62430,2.063672876255,0.09019186751853
62574,2.063796056146,0.08991648367315
62719,2.063918185943,0.08963688361539
62863,2.06403914681,0.08935312674821
63008,2.064158822541,0.08906527541919
63153,2.064277099589,0.08877339481202
63299,2.064393867168,0.08847755283317
63445,2.064509017298,0.08817781999937
63591,2.064622444857,0.08787426932401
63738,2.064734047657,0.08756697620087
63885,2.064843726497,0.08725601828849
64032,2.064951385159,0.08694147539606
64180,2.065056930514,0.08662342936426
64328,2.065160272511,0.08630196395066
64476,2.065261324242,0.08597716471212
64624,2.065360001905,0.08564911889119
64773,2.065456224928,0.08531791529632
64923,2.065549915882,0.08498364419113
65072,2.065641000553,0.08464639717777
65222,2.065729407971,0.0843062670826
65373,2.065815070344,0.08396334784697
65523,2.065897923116,0.08361773441366
65675,2.065977904936,0.0832695226183
65826,2.066054957688,0.0829188090795
65978,2.066129026429,0.08256569109412
66130,2.066200059433,0.08221026653004
66282,2.066268008103,0.08185263372532
66435,2.066332827042,0.08149289138344
66588,2.066394473937,0.0811311384773
66742,2.066452909605,0.08076747414903
66896,2.066508097914,0.08040199761662
67050,2.066560005782,0.08003480807971
67204,2.066608603131,0.07966600462906
67359,2.066653862842,0.07929568615871
67514,2.066695760735,0.07892395127886
67670,2.066734275514,0.07855089823309
67826,2.066769388716,0.0781766248174
67982,2.066801084678,0.0778012283011
68139,2.066829350485,0.07742480535115
68296,2.066854175905,0.07704745195927
68454,2.066875553376,0.07666926336972
68612,2.066893477902,0.07629033401331
68770,2.066907947038,0.07591075744019
68928,2.066918960819,0.07553062625785
69087,2.066926521703,0.07515003207104
69246,2.066930634496,0.0747690654248
69406,2.066931306326,0.07438781574864
69566,2.066928546573,0.07400637130479
69726,2.066922366766,0.07362481914024
69887,2.066912780598,0.07324324503721
70048,2.06689980378,0.07286173347199
70210,2.066883454056,0.07248036757051
70372,2.066863751075,0.07209922907168
70534,2.066840716368,0.0717183982895
70696,2.066814373251,0.07133795408021
70859,2.066784746825,0.07095797380858
71023,2.066751863813,0.07057853332233
71186,2.066715752574,0.07019970692266
71351,2.066676443034,0.06982156734033
71515,2.066633966575,0.06944418571515
71680,2.066588356012,0.06906763157487
71845,2.066539645534,0.06869197281768
72011,2.066487870593,0.06831727569837
72177,2.066433067911,0.06794360481295
72343,2.06637527534,0.06757102309005
72510,2.066314531879,0.06719959177915
72677,2.066250877551,0.06682937044568
72845,2.066184353407,0.06646041696353
73012,2.066115001377,0.06609278751476
73181,2.066042864318,0.06572653658433
73350,2.065967985859,0.06536171696368
73519,2.065890410443,0.06499837974924
73688,2.065810183138,0.06463657435014
73858,2.065727349743,0.06427634848832
74028,2.065641956591,0.06391774820933
74199,2.065554050617,0.06356081788682
74370,2.065463679202,0.06320560023504
74541,2.065370890193,0.06285213631733
74713,2.06527573182,0.06250046555935
74885,2.065178252661,0.06215062576172
75058,2.065078501594,0.06180265311455
75231,2.064976527747,0.06145658221305
75405,2.064872380465,0.0611124460737
75578,2.064766109256,0.06077027615212
75753,2.064657763729,0.06043010236228
75927,2.064547393597,0.06009195309437
76102,2.064435048608,0.05975585523606
76278,2.064320778519,0.05942183419308
76453,2.06420463304,0.05908991391147
76630,2.064086661817,0.05876011689956
76806,2.063966914388,0.05843246425118
76983,2.063845440155,0.05810697566923
77161,2.063722288353,0.05778366948979
77339,2.063597508008,0.05746256270713
77517,2.063471147895,0.05714367099915
77696,2.063343256555,0.05682700875168
77875,2.063213882228,0.05651258908545
78054,2.06308307284,0.0562004238819
78234,2.062950875967,0.05589052381004
78415,2.062817338818,0.05558289835295
78595,2.062682508245,0.05527755583387
78777,2.062546430617,0.05497450344599
78958,2.06240915195,0.05467374727588
79140,2.062270717772,0.05437529233367
79323,2.062131173117,0.0540791425802
79506,2.061990562563,0.053785300953
79689,2.061848930175,0.05349376939476
79873,2.061706319504,0.05320454888034
80057,2.061562773546,0.05291763944481
80241,2.061418334725,0.0526330402108
80426,2.061273044979,0.05235074941301
80612,2.061126945604,0.05207076442912
80797,2.060980077326,0.05179308180426
80984,2.06083248028,0.05151769727817
81170,2.060684194001,0.05124460581158
81357,2.060535257395,0.05097380161294
81545,2.060385708778,0.05070527816326
81733,2.06023558578,0.05043902824411
81921,2.060084925465,0.05017504395995
82110,2.059933764203,0.0499133167662
82300,2.05978213776,0.04965383749198
82489,2.059630081232,0.04939659636593
82679,2.059477629044,0.04914158304051
82870,2.059324815028,0.04888878661382
83061,2.059171672312,0.0486381956557
83253,2.059018233365,0.0483897982298
83444,2.058864530035,0.04814358191524
83637,2.058710593469,0.04789953383097
83830,2.058556454195,0.04765764065582
84023,2.058402142071,0.04741788865103
84217,2.058247686276,0.04718026368191
84411,2.058093115383,0.04694475123668
84605,2.057938457263,0.04671133644909
84800,2.057783739212,0.0464800041155
84996,2.057628987796,0.0462507387178
85192,2.05747422899,0.04602352443948
85388,2.057319488131,0.04579834518522
85585,2.057164789937,0.04557518459878
85782,2.057010158451,0.04535402608199
85980,2.056855617129,0.04513485281027
86178,2.056701188808,0.04491764775014
86377,2.056546895714,0.04470239367561
86576,2.056392759475,0.04448907318407
86776,2.056238801097,0.04427766871233
86976,2.056085041034,0.04406816255038
87176,2.055931499098,0.04386053685815
87377,2.05577819457,0.04365477367751
87579,2.05562514615,0.04345085494721
87780,2.055472371988,0.04324876251591
87983,2.055319889623,0.04304847815644
88186,2.055167716112,0.04284998357593
88389,2.055015867927,0.04265326043024
88593,2.054864361042,0.04245829033397
88797,2.054713210884,0.04226505487313
89002,2.054562432344,0.04207353561596
89207,2.054412039871,0.04188371412173
89412,2.05426204735,0.04169557195367
89619,2.054112468212,0.04150909068655
89825,2.053963315377,0.04132425191766
90032,2.053814601311,0.04114103727471
90240,2.053666338019,0.04095942842499
90448,2.053518537028,0.04077940708416
90656,2.053371209435,0.04060095502359
90865,2.053224365882,0.04042405407859
91075,2.053078016624,0.04024868615466
91285,2.052932171399,0.04007483323726
91495,2.052786839644,0.0399024773944
91706,2.0526420303,0.03973160078698
91917,2.052497751985,0.03956218567182
92129,2.052354012867,0.03939421440995
92342,2.052210820774,0.03922766947018
92555,2.052068183144,0.03906253343553
92768,2.051926107043,0.03889878900784
92982,2.051784599223,0.03873641901161
93196,2.05164366606,0.03857540639972
93411,2.051503313578,0.03841573425724
93626,2.051363547498,0.03825738580466
93842,2.051224373234,0.03810034440164
94058,2.051085795818,0.03794459355211
94275,2.050947820053,0.03779011690473
94493,2.050810450409,0.03763689825788
94710,2.050673691056,0.03748492156205
94929,2.050537545914,0.03733417092154
95148,2.0504020186,0.03718463059793
95367,2.050267112455,0.0370362850119
95587,2.050132830589,0.03688911874448
95807,2.049999175846,0.03674311653959
96028,2.049866150833,0.03659826330529
96249,2.049733757892,0.03645454411576
96471,2.049601999164,0.03631194421164
96694,2.049470876547,0.03617044900187
96917,2.049340391729,0.0360300440643
97140,2.049210546171,0.03589071514688
97364,2.049081341133,0.03575244816788
97588,2.048952777717,0.03561522921588
97813,2.048824856734,0.03547904455257
98039,2.048697578935,0.03534388060898
98265,2.048570944802,0.03520972398952
98491,2.048444954647,0.03507656147031
98718,2.048319608675,0.03494437999809
98946,2.048194906835,0.03481316669267
99174,2.048070849023,0.03468290884333
99403,2.04794743488,0.03455359391185
99632,2.04782466398,0.03442520952904
99861,2.047702535709,0.03429774349618
100092,2.047581049335,0.03417118378333
100323,2.047460203994,0.03404551852889
100554,2.047339998677,0.03392073603906
100786,2.047220432274,0.0337968247863
101018,2.047101503574,0.03367377340847
101251,2.046983211206,0.03355157070883
101485,2.04686555371,0.0334302056538
101718,2.04674852955,0.03330966737181
101953,2.046632137052,0.03318994515301
102188,2.046516374456,0.03307102844734
102424,2.046401239923,0.03295290686317
102660,2.046286731529,0.03283557016611
102896,2.046172847243,0.03271900827795
103134,2.046059584973,0.0326032112747
103371,2.04594694256,0.03248816938517
103610,2.045834917733,0.03237387299023
103848,2.045723508185,0.03226031262023
104088,2.04561271155,0.03214747895376
104328,2.045502525339,0.03203536281714
104568,2.045392947094,0.03192395518047
104809,2.045283974228,0.03181324715855
105051,2.045175604145,0.03170323000734
105293,2.045067834156,0.03159389512373
105536,2.044960661526,0.03148523404307
105779,2.044854083574,0.0313772384361
106023,2.044748097418,0.03126990011104
106267,2.044642700286,0.0311632110073
106512,2.044537889225,0.03105716319811
106758,2.044433661377,0.03095174888468
107004,2.044330013773,0.03084696039762
107251,2.044226943446,0.03074279019352
107498,2.044124447382,0.03063923085393
107746,2.044022522514,0.03053627508381
107994,2.043921165861,0.03043391570767
108243,2.043820374287,0.03033214567146
108493,2.043720144714,0.03023095803776
108743,2.043620474023,0.0301303459854
108993,2.043521359067,0.03003030280773
109245,2.043422796714,0.02993082191013
109496,2.04332478381,0.02983189680895
109749,2.043227317162,0.02973352113006
110002,2.043130393596,0.02963568860631
110255,2.043034009935,0.02953839307617
110510,2.042938162956,0.02944162848272
110764,2.042842849452,0.02934538887111
111020,2.04274806623,0.02924966838687
111276,2.042653810076,0.0291544612749
111532,2.042560077746,0.02905976187793
111789,2.042466866073,0.02896556463334
112047,2.042374171826,0.02887186407369
112305,2.0422819918,0.02877865482379
112564,2.042190322753,0.02868593160004
112824,2.042099161518,0.02859368920732
113084,2.042008504854,0.02850192253958
113344,2.041918349624,0.02841062657578
113606,2.041828692566,0.02831979638162
113868,2.041739530505,0.02822942710511
114130,2.041650860335,0.02813951397538
114393,2.04156267885,0.02805005230349
114657,2.041474982844,0.02796103747975
114921,2.041387769257,0.02787246497016
115186,2.041301034883,0.0277843303191
115452,2.041214776661,0.02769662914399
115718,2.041128991427,0.02760935713728
115984,2.04104367611,0.02752251006244
116252,2.040958827621,0.02743608375413
116520,2.040874442865,0.02735007411678
116788,2.040790518801,0.02726447712249
117058,2.040707052399,0.02717928881028
117328,2.040624040593,0.02709450528552
117598,2.040541480413,0.02701012271698
117869,2.040459368852,0.02692613733728
118141,2.04037770294,0.02684254544079
118413,2.040296479652,0.02675934338366
118686,2.040215696087,0.02667652758031
118960,2.040135349318,0.02659409450421
119234,2.040055436431,0.02651204068631
119509,2.039975954515,0.02643036271407
119784,2.039896900738,0.02634905722931
120060,2.039818272182,0.02626812092936
120337,2.039740066017,0.02618755056376
120615,2.039662279461,0.02610734293365
120893,2.039584909688,0.02602749489209
121171,2.039507953899,0.02594800334202
121451,2.039431409349,0.025868865235
121731,2.039355273305,0.02579007757077
122011,2.039279542992,0.02571163739701
122293,2.039204215768,0.02563354180613
122574,2.039129288887,0.02555578793746
122857,2.039054759715,0.0254783729735
123140,2.038980625611,0.02540129414067
123424,2.038906883917,0.02532454870847
123709,2.038833532034,0.02524813398777
123994,2.038760567357,0.02517204733066
124280,2.038687987355,0.0250962861288
124566,2.038615789438,0.02502084781415
124853,2.038543971108,0.02494572985637
125141,2.038472529835,0.02487092976357
