120,1.21597313804,1.251165144
120,1.22189389298,1.25570174001
120,1.22794173906,1.26017238822
120,1.2341164731,1.26457143875
121,1.24041760597,1.26889310418
121,1.24684434377,1.27313147263
121,1.25339556924,1.27728052276
122,1.26006982342,1.28133414092
122,1.2668652879,1.28528614047
122,1.27377976778,1.28913028326
122,1.28081067565,1.29286030345
123,1.2879550168,1.29646993358
123,1.29520937591,1.29995293294
123,1.30256990564,1.30330311821
123,1.31003231727,1.30651439628
124,1.31759187375,1.30958079913
124,1.32524338554,1.31249652068
124,1.33298120944,1.31525595544
125,1.34079925083,1.3178537386
125,1.34869096951,1.32028478746
125,1.35664938946,1.32254434379
125,1.36466711286,1.32462801672
126,1.37273633843,1.32653182591
126,1.38084888436,1.32825224428
126,1.38899621604,1.32978624018
127,1.39716947844,1.3311313181
127,1.40535953351,1.33228555768
127,1.4135570022,1.33324765023
128,1.42175231128,1.33401693239
128,1.42993574463,1.33459341614
128,1.43809749878,1.33497781476
128,1.44622774245,1.33517156408
129,1.4543166796,1.33517683854
129,1.4623546156,1.3349965616
129,1.47033202601,1.33463440993
130,1.47823962736,1.33409481112
130,1.4860684494,1.33338293455
130,1.49380990802,1.33250467508
131,1.50145587833,1.33146662939
131,1.50899876718,1.33027606491
131,1.51643158423,1.32894088115
131,1.52374801121,1.32746956342
132,1.53094246834,1.32587112913
132,1.53801017752,1.32415506648
132,1.54494722143,1.32233126596
133,1.55175059794,1.3204099445
133,1.5584182693,1.31840156263
133,1.56494920532,1.31631673467
134,1.57134341987,1.31416613212
134,1.57760200016,1.31196038042
134,1.58372712782,1.30970994909
135,1.58972209098,1.30742503548
135,1.59559128641,1.30511544211
135,1.60134021043,1.30279044797
135,1.60697543731,1.30045867382
136,1.61250458351,1.29812794204
136,1.61793625589,1.29580513159
136,1.62327998183,1.29349602898
137,1.62854611874,1.29120517674
137,1.63374574056,1.28893572113
137,1.63889049822,1.28668926199
138,1.64399245155,1.28446570793
138,1.64906386982,1.28226314173
138,1.65411699888,1.28007770145
139,1.65916379325,1.27790348437
139,1.6642156131,1.27573248193
139,1.66928288728,1.27355455527
140,1.67437474619,1.2713574618
140,1.6794986307,1.26912694372
140,1.68465988682,1.26684688963
141,1.68986135947,1.26449957891
141,1.69510300269,1.26206601683
141,1.700381527,1.2595263645
142,1.70569010823,1.25686046306
142,1.71101818357,1.25404844496
142,1.71635136112,1.25107141767
143,1.7216714667,1.2479121971
143,1.72695674709,1.24455605985
143,1.73218224099,1.24099147636
144,1.73732031844,1.23721078247
144,1.74234137747,1.23321074517
144,1.7472146734,1.2289929808
144,1.75190924385,1.22456419078
145,1.75639488237,1.21993619078
145,1.76064310707,1.21512572346
146,1.76462806908,1.21015406056
146,1.76832734914,1.20504641624
146,1.77172259918,1.19983120709
147,1.7747999983,1.19453920485
147,1.77755050707,1.18920263336
147,1.77996991986,1.18385426206
148,1.78205872855,1.17852654388
148,1.78382182295,1.17325083812
148,1.78526806088,1.16805674777
149,1.78640974505,1.16297158995
149,1.78726204448,1.1580200065
149,1.78784239523,1.15322371238
150,1.78816991073,1.14860137132
150,1.78826482572,1.14416858304
150,1.7881479912,1.13993796296
151,1.78784043169,1.13591929427
151,1.78736297019,1.13211973264
151,1.78673592179,1.1285440456
152,1.78597885331,1.1251948708
152,1.78511040375,1.12207298033
152,1.78414815882,1.11917754079
153,1.78310857227,1.11650636172
153,1.78200692615,1.11405612701
153,1.78085732288,1.11182260611
154,1.77967270229,1.1098008434
154,1.77846487765,1.10798532522
155,1.77724458547,1.10637012513
155,1.77602154481,1.10494902844
155,1.77480452237,1.10371563767
156,1.77360140068,1.10266346051
156,1.77241924702,1.10178598238
156,1.77126438143,1.10107672517
157,1.77014244252,1.10052929424
157,1.76905845034,1.10013741504
157,1.76801686557,1.0998949612
158,1.76702164478,1.09979597514
158,1.76607629163,1.09983468263
158,1.76518390391,1.10000550231
159,1.76434721656,1.10030305102
159,1.76356864079,1.10072214589
160,1.76285029956,1.10125780362
160,1.76219405952,1.10190523779
160,1.76160155977,1.10265985446
161,1.7610742377,1.10351724659
161,1.76061335199,1.10447318751
161,1.76022000324,1.1055236238
162,1.75989515225,1.10666466771
162,1.75963963634,1.10789258942
163,1.75945418372,1.10920380906
163,1.75933942634,1.11059488889
163,1.75929591107,1.1120625255
164,1.75932410972,1.11360354218
164,1.75942442774,1.11521488154
164,1.75959721188,1.11689359831
165,1.75984275694,1.11863685254
165,1.76016131159,1.12044190299
166,1.76055308345,1.12230610086
166,1.76101824357,1.12422688385
166,1.76155693017,1.12620177056
167,1.76216925193,1.12822835508
167,1.7628552908,1.13030430207
168,1.76361510432,1.13242734197
168,1.76444872762,1.13459526661
168,1.76535617505,1.13680592506
169,1.76633744152,1.13905721976
169,1.76739250357,1.14134710293
169,1.76852132019,1.1436735732
170,1.76972383344,1.14603467252
170,1.77099996887,1.14842848329
171,1.77234963583,1.15085312572
171,1.77377272754,1.15330675543
171,1.77526912109,1.15578756117
172,1.77683867734,1.1582937629
172,1.77848124071,1.16082360989
173,1.78019663886,1.16337537914
173,1.7819846823,1.16594737392
173,1.78384516404,1.16853792248
174,1.78577785904,1.17114537692
174,1.78778252372,1.17376811231
175,1.78985889545,1.17640452582
175,1.79200669193,1.1790530361
175,1.79422561071,1.18171208281
176,1.79651532851,1.18438012623
176,1.79887550076,1.18705564703
177,1.80130576097,1.18973714619
177,1.80380572026,1.19242314502
177,1.80637496681,1.19511218534
178,1.80901306544,1.19780282968
178,1.81171955717,1.20049366171
179,1.81449395881,1.20318328667
179,1.81733576272,1.205870332
180,1.82024443648,1.20855344796
180,1.82321942274,1.2112313084
180,1.8262601391,1.21390261162
181,1.82936597807,1.21656608125
181,1.83253630712,1.21922046724
182,1.83577046882,1.22186454691
182,1.83906778107,1.22449712606
182,1.84242753744,1.22711704008
183,1.84584900759,1.22972315516
183,1.84933143784,1.23231436951
184,1.85287405178,1.23488961458
184,1.85647605106,1.23744785632
185,1.86013661627,1.23998809646
185,1.86385490795,1.24250937374
185,1.86763006765,1.24501076516
186,1.87146121922,1.24749138724
186,1.87534747013,1.24995039716
187,1.87928791296,1.25238699394
187,1.88328162695,1.25480041954
188,1.88732767976,1.2571899599
188,1.89142512921,1.25955494593
188,1.89557302526,1.26189475436
189,1.89977041201,1.26420880857
189,1.9040163298,1.26649657931
190,1.90830981749,1.26875758527
190,1.91264991471,1.2709913936
191,1.91703566425,1.27319762021
191,1.92146611455,1.27537593006
192,1.92594032219,1.27752603722
192,1.93045735449,1.27964770484
192,1.93501629209,1.28174074488
193,1.93961623167,1.28380501784
193,1.94425628856,1.28584043216
194,1.9489355995,1.28784694356
194,1.95365332527,1.28982455419
195,1.95840865343,1.29177331161
195,1.96320080097,1.29369330755
196,1.96802901693,1.29558467659
196,1.97289258496,1.29744759461
196,1.97779082593,1.29928227706
197,1.98272310027,1.30108897712
197,1.98768881047,1.30286798363
198,1.99268740324,1.30461961893
198,1.99771837179,1.30634423647
199,2.00278125782,1.30804221836
199,2.00787565348,1.30971397271
200,2.01300120319,1.31135993086
200,2.01815760525,1.3129805445
201,2.0233446134,1.31457628266
201,2.02856203809,1.31614762861
202,2.03380974771,1.31769507665
202,2.03908766958,1.31921912881
202,2.04439579075,1.32072029148
203,2.04973415862,1.32219907204
203,2.05510288145,1.32365597533
204,2.06050212856,1.32509150016
204,2.0659321304,1.3265061358
205,2.07139317845,1.32790035836
205,2.0768856249,1.32927462731
206,2.0824098821,1.33062938191
206,2.08796642187,1.33196503766
207,2.09355577465,1.33328198285
207,2.09917852835,1.33458057507
208,2.10483532716,1.33586113783
208,2.11052687006,1.33712395725
209,2.11625390925,1.33836927876
209,2.12201724836,1.3395973039
210,2.12781774049,1.3408081873
210,2.13365628619,1.34200203362
211,2.13953383114,1.34317889466
211,2.14545136383,1.34433876662
212,2.15140991301,1.34548158739
212,2.15741054511,1.34660723403
212,2.16345436142,1.34771552034
213,2.16954249526,1.34880619457
213,2.17567610901,1.34987893728
214,2.18185639106,1.35093335931
214,2.18808455262,1.3519689999
215,2.19436182452,1.35298532496
215,2.20068945389,1.35398172548
216,2.20706870081,1.35495751604
216,2.21350083484,1.35591193357
217,2.21998713156,1.35684413613
217,2.22652886905,1.3577532019
218,2.23312732428,1.35863812834
218,2.23978376953,1.35949783141
219,2.24649946872,1.36033114502
219,2.25327567378,1.36113682055
220,2.26011362094,1.36191352658
220,2.26701452703,1.36265984869
221,2.27397958575,1.36337428945
222,2.28100996399,1.36405526851
222,2.28810679803,1.36470112289
223,2.29527118987,1.36531010728
223,2.30250420344,1.36588039466
224,2.30980686095,1.36641007685
224,2.31718013907,1.36689716535
225,2.3246249653,1.36733959224
225,2.33214221421,1.36773521124
226,2.33973270381,1.36808179883
226,2.3473971918,1.36837705565
227,2.35513637198,1.36861860787
227,2.3629508706,1.3688040088
228,2.37084124274,1.3689307406
228,2.3788079687,1.36899621612
229,2.38685145051,1.36899778085
229,2.39497200832,1.36893271512
230,2.40316987696,1.36879823626
230,2.41144520249,1.36859150106
231,2.41979803872,1.36830960831
231,2.42822834391,1.36794960145
232,2.43673597739,1.36750847143
233,2.44532069631,1.36698315969
233,2.45398215244,1.36637056128
234,2.46271988897,1.36566752816
234,2.47153333748,1.36487087265
235,2.48042181487,1.363977371
235,2.4893845205,1.36298376718
236,2.49842053326,1.3618867768
236,2.50752880892,1.36068309117
237,2.5167081774,1.35936938159
237,2.5259573403,1.35794230376
238,2.53527486846,1.35639850235
238,2.54465919969,1.35473461577
239,2.55410863662,1.35294728106
240,2.56362134472,1.35103313904
240,2.57319535051,1.3489888395
241,2.58282853983,1.34681104666
241,2.59251865647,1.34449644473
242,2.60226330082,1.34204174364
242,2.61205992886,1.33944368496
243,2.62190585131,1.33669904789
243,2.63179823304,1.33380465548
244,2.64173409272,1.33075738093
245,2.65171030271,1.32755415404
245,2.66172358926,1.32419196773
246,2.67177053301,1.32066788479
246,2.68184756972,1.31697904452
247,2.69195099139,1.31312266971
247,2.70207694766,1.30909607343
248,2.71222144754,1.30489666609
249,2.72238036155,1.3005219624
249,2.73254942414,1.2959695884
250,2.74272423653,1.29123728847
250,2.75290026988,1.2863229324
251,2.76307286889,1.28122452227
251,2.77323725578,1.27594019944
252,2.78338853462,1.27046825128
253,2.7935216961,1.26480711798
253,2.80363162271,1.25895539905
254,2.81371309425,1.25291185976
254,2.82376079385,1.24667543741
255,2.83376931424,1.24024524728
256,2.84373316455,1.23362058846
256,2.8536467774,1.22680094934
257,2.86350451636,1.21978601286
257,2.87330068387,1.21257566133
258,2.88302952937,1.20516998107
259,2.89268525783,1.19756926651
259,2.90226203861,1.18977402401
260,2.91175401457,1.18178497514
260,2.92115531145,1.17360305966
261,2.93046004755,1.16522943787
262,2.9396623435,1.15666549258
262,2.94875633238,1.14791283051
263,2.95773616989,1.13897328316
263,2.96659604465,1.12984890721
264,2.97533018862,1.12054198422
265,2.98393288758,1.11105501993
265,2.99239849163,1.10139074281
266,3.0007214256,1.09155210219
266,3.00889619954,1.08154226568
267,3.01691741897,1.07136461605
268,3.02477979512,1.06102274756
268,3.03247815488,1.05052046166
269,3.04000745068,1.03986176215
270,3.04736276996,1.02905084977
270,3.0545393445,1.01809211627
271,3.06153255935,1.00699013794
271,3.06833796136,0.995749668645
272,3.07495126747,0.984375632368
273,3.08136837242,0.972873115332
273,3.08758535606,0.961247357662
274,3.09359849026,0.949503744676
275,3.09940424516,0.9376477978
275,3.10499929505,0.925685165175
276,3.11038052359,0.913621611955
276,3.11554502855,0.901463010361
277,3.12049012589,0.889215329523
278,3.1252133533,0.876884625144
278,3.12971247319,0.864477029024
279,3.13398547495,0.8519987385
280,3.13803057676,0.839456005821
280,3.14184622667,0.826855127513
281,3.14543110318,0.814202433772
282,3.14878411515,0.801504277912
282,3.15190440122,0.788767025921
283,3.15479132858,0.775997046153
284,3.15744449127,0.763200699187
284,3.15986370784,0.7503843279
285,3.16204901863,0.737554247771
286,3.16400068247,0.724716737451
286,3.16571917295,0.71187802963
287,3.16720517419,0.699044302224
287,3.16845957633,0.686221669894
288,3.16948347048,0.673416175941
289,3.17027814343,0.660633784569
289,3.17084507193,0.647880373551
290,3.17118591682,0.635161727299
291,3.17130251671,0.622483530355
291,3.17119688157,0.609851361308
292,3.17087118608,0.597270687149
293,3.17032776272,0.584746858055
294,3.16956909484,0.572285102619
294,3.16859780954,0.559890523511
295,3.16741667044,0.547568093579
296,3.16602857047,0.535322652378
296,3.16443652453,0.52315890312
297,3.1626436622,0.511081410052
298,3.16065322043,0.499094596224
298,3.15846853628,0.487202741666
299,3.15609303971,0.475409981948
300,3.15353024639,0.463720307103
300,3.1507837507,0.452137560919
301,3.14785721875,0.440665440571
302,3.1447543815,0.429307496576
302,3.14147902812,0.418067133065
303,3.13803499934,0.406947608359
304,3.13442618103,0.395952035815
305,3.13065649795,0.385083384945
305,3.12672990755,0.374344482785
306,3.12265039398,0.363738015501
307,3.11842196228,0.353266530222
307,3.11404863262,0.342932437075
308,3.10953443472,0.332738011439
309,3.10488340237,0.322685396386
310,3.10009956805,0.312776605323
310,3.0951869576,0.303013524838
311,3.09014958494,0.293397917765
312,3.08499144685,0.283931426481
312,3.07971651765,0.27461557649
313,3.07432874391,0.265451780328
314,3.06883203904,0.256441341872
315,3.06323027782,0.24758546114
315,3.05752729085,0.238885239708
316,3.05172685886,0.230341686871
317,3.04583270704,0.221955726741
317,3.03984849947,0.213728206457
318,3.03377783372,0.205659905725
319,3.0276242359,0.19775154792
320,3.02139115652,0.190003812937
320,3.01508196745,0.182417352012
321,3.00869996062,0.174992804603
322,3.00224834896,0.167730817403
323,2.99573027043,0.160632065366
323,2.98914879585,0.1536972745
324,2.98250694147,0.146927245919
325,2.97580768707,0.140322880432
326,2.9690540005,0.133885202602
326,2.96224886924,0.127615382934
327,2.95539533946,0.12151475652
328,2.94849656266,0.115584836173
329,2.94155584944,0.109827317888
329,2.93457672967,0.104244076291
330,2.92756301719,0.098837147786
331,2.92051887709,0.0936086992547
332,2.91344889226,0.088560980531
332,2.90635812588,0.0836962594835
333,2.89925217529,0.07901673932
334,2.89213721287,0.0745244587611
335,2.88502000905,0.070221176904
336,2.87790793277,0.0661082459032
336,2.87080892542,0.0621864759223
337,2.86373144484,0.0584559980827
338,2.8566843776,0.0549161322309
339,2.84967691898,0.0515652671596
339,2.84271842239,0.0484007613364
340,2.83581822167,0.045418872133
341,2.82898543205,0.0426147209396
342,2.82222873751,0.0399823003699
343,2.81555617398,0.0375145280358
343,2.80897491927,0.0352033491533
344,2.80249110136,0.0330398876677
345,2.7961096368,0.0310146427921
346,2.78983411046,0.0291177250479
347,2.78366670675,0.0273391232726
347,2.77760820039,0.0256689918267
348,2.77165801298,0.0240979455739
349,2.76581433907,0.0226173492624
350,2.76007434341,0.0212195878049
351,2.75443443043,0.019898304649
351,2.74889058735,0.0186485969232
352,2.74343880809,0.0174671582143
353,2.73807561951,0.0163523625088
354,2.73279877079,0.0153042857593
355,2.72760826754,0.0143246642593
355,2.72250844137,0.0134167900048
356,2.7175173749,0.0125828752792
357,2.71265044929,0.0117859992279
358,2.7078831051,0.011008159038
359,2.70320139136,0.0102464283262
360,2.69859474369,0.00950008385728
360,2.69405461848,0.00877005995275
361,2.68957420578,0.00805845658733
362,2.68514829618,0.00736810768712
363,2.68077315511,0.00670221157168
364,2.67644637484,0.00606402384497
365,2.67216670348,0.00545661160879
365,2.66793385783,0.00488266645337
366,2.66374832918,0.00434437233821
367,2.65961119049,0.00384332330302
368,2.65552391295,0.00338048501914
369,2.65148819756,0.00295619355407
370,2.64750582659,0.00257018439722
370,2.64357853765,0.00222164477727
371,2.63970792169,0.00190928256688
372,2.63589534529,0.00163140557415
373,2.63214189593,0.00138600571103
374,2.62844834864,0.00117084334731
375,2.62481515129,0.000983528046784
376,2.62124242588,0.000821592785061
377,2.61772998263,0.000682559618448
377,2.61427734384,0.000563995572651
378,2.61088377468,0.000463558220512
379,2.60754831827,0.000379031002641
380,2.60426983275,0.000308348805936
381,2.60104702842,0.000249614653637
382,2.59787850354,0.000201108584473
383,2.59476277754,0.000161289920498
384,2.59169832097,0.000128794159097
384,2.5886835817,0.000102425691955
385,2.5857170072,8.1147469758e-05
386,2.58279706281,6.40686125659e-05
387,2.57992224644,5.04308266073e-05
388,2.57709109966,3.95943409731e-05
389,2.57430221583,3.10239320353e-05
390,2.57155424553,2.42754665901e-05
391,2.56884589975,1.89832716293e-05
392,2.56617595124,1.48485321229e-05
392,2.56354323439,1.16288294556e-05
393,2.56094664404,9.12886205269e-06
394,2.55838513335,7.19233518203e-06
395,2.55585771123,5.69496725445e-06
396,2.55336343933,4.53853305036e-06
397,2.55090142884,3.64584806125e-06
398,2.54847083727,2.9565903297e-06
399,2.54607086518,2.4238548641e-06
400,2.54370075313,2.01133908008e-06
401,2.54135977867,1.69106430211e-06
402,2.53904725358,1.44154689627e-06
403,2.53676252132,1.24634213597e-06
403,2.53450495461,1.0928937082e-06
404,2.53227395329,9.71631277958e-07
405,2.53006894234,8.75267474664e-07
406,2.5278893701,7.98253740195e-07
407,2.52573470659,7.36361667171e-07
408,2.52360444211,6.86362660835e-07
409,2.52149808587,6.45784066554e-07
410,2.51941516479,6.12724336663e-07
411,2.5173552224,5.85713479687e-07
412,2.51531781789,5.6360803301e-07
413,2.51330252514,5.45512199329e-07
414,2.51130893196,5.30718720111e-07
415,2.5093366393,5.18664562533e-07
416,2.50738526058,5.08897690166e-07
417,2.50545442105,5.01052100186e-07
418,2.50354375719,4.94829007367e-07
419,2.5016529162,4.89982603062e-07
420,2.49978155546,4.86309210915e-07
421,2.4979293421,4.83638972296e-07
422,2.49609595256,4.81829420711e-07
423,2.49428107214,4.8076046815e-07
424,2.49248439471,4.80330457628e-07
424,2.49070562226,4.80453023703e-07
425,2.48894446463,4.81054569851e-07
426,2.48720063917,4.82072224365e-07
427,2.48547387048,4.83452166433e-07
428,2.48376389005,4.8514824506e-07
429,2.4820704361,4.87120833069e-07
430,2.48039325325,4.89335864808e-07
431,2.47873209235,4.91764031709e-07
432,2.47708671018,4.94380099507e-07
433,2.47545686933,4.97162328644e-07
434,2.4738423379,5.00091983484e-07
435,2.47224288939,5.03152909827e-07
436,2.47065830249,5.0633117887e-07
437,2.46908836089,5.09614776839e-07
438,2.46753285312,5.12993341652e-07
439,2.46599157241,5.1645793589e-07
440,2.46446431653,5.20000852926e-07
441,2.46295088765,5.23615448097e-07
442,2.46145109217,5.27295993783e-07
443,2.45996474064,5.31037557149e-07
445,2.45849164759,5.34835888856e-07
446,2.45703163145,5.38687334414e-07
447,2.45558451439,5.42588752562e-07
448,2.45415012222,5.46537446655e-07
449,2.45272828433,5.5053110417e-07
450,2.4513188335,5.54567746804e-07
451,2.4499216059,5.58645685168e-07
452,2.44853644092,5.62763480088e-07
453,2.4471631811,5.6691991102e-07
454,2.44580167205,5.71113944483e-07
455,2.44445176238,5.75344712284e-07
456,2.44311330359,5.79611487857e-07
457,2.44178614999,5.83913668397e-07
458,2.44047015866,5.88250759011e-07
459,2.43916518933,5.92622357524e-07
460,2.43787110437,5.97028145103e-07
461,2.43658776863,6.0146787163e-07
462,2.4353150495,6.05941351044e-07
463,2.43405281672,6.10448450027e-07
464,2.4328009424,6.14989082444e-07
465,2.43155930093,6.19563204963e-07
467,2.43032776896,6.2417080721e-07
468,2.42910622526,6.28811914359e-07
469,2.42789455078,6.33486576565e-07
470,2.42669262849,6.38194869063e-07
471,2.42550034342,6.42936888985e-07
472,2.42431758254,6.4771275188e-07
473,2.42314423476,6.5252259057e-07
474,2.42198019087,6.57366551379e-07
475,2.4208253435,6.62244795491e-07
476,2.41967958706,6.6715749468e-07
477,2.41854281771,6.7210483047e-07
479,2.41741493333,6.77086995423e-07
480,2.41629583348,6.8210418859e-07
481,2.41518541933,6.87156617952e-07
482,2.41408359367,6.92244497533e-07
483,2.41299026084,6.97368047375e-07
484,2.41190532671,7.02527493612e-07
485,2.41082869864,7.07723067127e-07
486,2.40976028547,7.12955003585e-07
487,2.40869999744,7.182235429e-07
489,2.40764774622,7.23528929496e-07
490,2.40660344483,7.28871410637e-07
491,2.40556700762,7.34251238172e-07
492,2.40453835028,7.39668666484e-07
493,2.40351738977,7.45123953592e-07
494,2.4025040443,7.50617360096e-07
495,2.40149823331,7.56149149939e-07
497,2.40049987747,7.61719589177e-07
498,2.39950889861,7.67328947442e-07
499,2.39852521972,7.72977495587e-07
500,2.39754876493,7.78665508626e-07
501,2.39657945947,7.84393262635e-07
502,2.39561722968,7.90161036755e-07
503,2.39466200294,7.95969111988e-07
505,2.39371370769,8.01817772604e-07
506,2.39277227341,8.07707304265e-07
507,2.39183763056,8.1363799447e-07
508,2.39090971059,8.19610135194e-07
509,2.38998844594,8.25624017482e-07
510,2.38907376998,8.31679937207e-07
512,2.38816561701,8.37778191116e-07
513,2.38726392224,8.43919078257e-07
514,2.3863686218,8.5010290062e-07
515,2.38547965267,8.56329961392e-07
516,2.3845969527,8.62600566846e-07
518,2.38372046059,8.68915024822e-07
519,2.38285011588,8.7527364532e-07
520,2.38198585892,8.81676741497e-07
521,2.38112763084,8.88124627764e-07
522,2.38027537359,8.94617620896e-07
524,2.37942902986,9.0115604017e-07
525,2.37858854312,9.07740207269e-07
526,2.37775385758,9.14370445911e-07
527,2.37692491818,9.2104708181e-07
528,2.37610167057,9.27770443775e-07
530,2.37528406112,9.34540861806e-07
531,2.37447203689,9.41358669009e-07
532,2.3736655456,9.4822420066e-07
533,2.37286453567,9.55137794974e-07
535,2.37206895617,9.62099791091e-07
536,2.37127875679,9.69110531383e-07
537,2.3704938879,9.76170360482e-07
538,2.36971430045,9.83279626435e-07
539,2.36893994604,9.90438677982e-07
541,2.36817077684,9.97647867044e-07
542,2.36740674565,1.00490754859e-06
543,2.36664780583,1.01221807956e-06
544,2.36589391132,1.01957981886e-06
546,2.36514501662,1.02699312865e-06
547,2.36440107679,1.03445837334e-06
548,2.36366204744,1.04197592052e-06
550,2.3629278847,1.04954613881e-06
551,2.36219854524,1.05716940162e-06
552,2.36147398627,1.06484608222e-06
553,2.36075416546,1.07257655895e-06
555,2.36003904104,1.08036121138e-06
556,2.3593285717,1.08820042298e-06
557,2.35862271663,1.09609457822e-06
558,2.35792143548,1.10404406579e-06
560,2.35722468841,1.11204927546e-06
561,2.35653243601,1.12011060212e-06
562,2.35584463934,1.12822844098e-06
564,2.35516125991,1.1364031916e-06
565,2.35448225968,1.14463525519e-06
566,2.35380760104,1.1529250373e-06
568,2.35313724679,1.16127294478e-06
569,2.3524711602,1.16967938797e-06
570,2.3518093049,1.17814478006e-06
571,2.35115164499,1.18666953719e-06
573,2.35049814492,1.19525407885e-06
574,2.34984876956,1.2038988266e-06
575,2.34920348419,1.21260420503e-06
577,2.34856225445,1.22137064244e-06
578,2.34792504637,1.23019856949e-06
579,2.34729182635,1.23908842079e-06
581,2.34666256117,1.24804063199e-06
582,2.34603721797,1.2570556444e-06
583,2.34541576424,1.2661339004e-06
585,2.34479816783,1.27527584694e-06
586,2.34418439694,1.2844819324e-06
587,2.34357442011,1.29375260993e-06
589,2.34296820622,1.30308833562e-06
590,2.34236572447,1.3124895671e-06
592,2.34176694442,1.32195676792e-06
593,2.34117183592,1.331490403e-06
594,2.34058036916,1.34109094052e-06
596,2.33999251463,1.35075885287e-06
597,2.33940824314,1.36049461498e-06
598,2.33882752582,1.3702987065e-06
600,2.33825033407,1.38017160794e-06
601,2.3376766396,1.39011380605e-06
603,2.33710641443,1.40012578868e-06
604,2.33653963085,1.41020804889e-06
605,2.33597626143,1.42036108103e-06
607,2.33541627905,1.43058538624e-06
608,2.33485965684,1.44088146513e-06
610,2.33430636821,1.45124982627e-06
611,2.33375638686,1.46169097708e-06
612,2.33320968672,1.47220543278e-06
614,2.33266624201,1.48279370984e-06
615,2.3321260272,1.49345632901e-06
617,2.33158901701,1.5041938139e-06
618,2.33105518644,1.51500669429e-06
619,2.3305245107,1.52589549994e-06
621,2.32999696527,1.53686076791e-06
622,2.32947252586,1.54790303678e-06
624,2.32895116843,1.55902285023e-06
625,2.32843286917,1.57022075443e-06
627,2.32791760451,1.58149730107e-06
628,2.32740535109,1.59285304421e-06
630,2.32689608581,1.60428854268e-06
631,2.32638978576,1.61580435927e-06
632,2.32588642826,1.62740106006e-06
634,2.32538599087,1.63907921611e-06
635,2.32488845134,1.65083940183e-06
637,2.32439378765,1.66268219586e-06
638,2.32390197797,1.67460818061e-06
640,2.32341300069,1.68661794321e-06
641,2.32292683442,1.69871207499e-06
643,2.32244345793,1.71089117063e-06
644,2.32196285024,1.72315582958e-06
646,2.32148499052,1.73550665592e-06
647,2.32100985817,1.74794425683e-06
649,2.32053743277,1.76046924508e-06
650,2.32006769408,1.77308223744e-06
652,2.31960062206,1.78578385388e-06
653,2.31913619685,1.79857471997e-06
655,2.31867439877,1.8114554661e-06
656,2.31821520833,1.82442672603e-06
658,2.31775860621,1.83748913803e-06
659,2.31730457327,1.85064334612e-06
661,2.31685309053,1.86388999717e-06
662,2.31640413921,1.87722974412e-06
664,2.31595770068,1.89066324346e-06
665,2.31551375647,1.90419115733e-06
667,2.3150722883,1.91781415181e-06
668,2.31463327804,1.93153289806e-06
670,2.31419670772,1.94534807108e-06
671,2.31376255952,1.95926035257e-06
673,2.31333081581,1.97327042718e-06
675,2.31290145909,1.98737898513e-06
676,2.31247447202,2.00158672244e-06
678,2.31204983741,2.01589433809e-06
679,2.31162753822,2.03030253729e-06
681,2.31120755757,2.04481203097e-06
682,2.31078987872,2.05942353323e-06
684,2.31037448507,2.07413776487e-06
686,2.30996136017,2.08895545092e-06
687,2.30955048771,2.10387732186e-06
689,2.30914185152,2.11890411344e-06
690,2.30873543558,2.13403656584e-06
692,2.30833122398,2.14927542585e-06
694,2.30792920097,2.16462144489e-06
695,2.30752935092,2.18007537933e-06
697,2.30713165836,2.19563799067e-06
698,2.3067361079,2.21131004799e-06
700,2.30634268433,2.22709232332e-06
702,2.30595137255,2.24298559488e-06
703,2.30556215756,2.25899064721e-06
705,2.30517502454,2.27510826962e-06
706,2.30478995874,2.29133925725e-06
708,2.30440694556,2.30768441154e-06
710,2.30402597052,2.3241445383e-06
711,2.30364701925,2.34072045025e-06
713,2.30327007751,2.35741296497e-06
715,2.30289513118,2.37422290668e-06
716,2.30252216622,2.3911511053e-06
718,2.30215116876,2.4081983962e-06
720,2.301782125,2.42536562081e-06
721,2.30141502127,2.44265362713e-06
723,2.301049844,2.46006326851e-06
725,2.30068657975,2.47759540468e-06
726,2.30032521516,2.49525090186e-06
728,2.299965737,2.51303063129e-06
730,2.29960813214,2.53093547193e-06
731,2.29925238755,2.54896630741e-06
733,2.29889849031,2.56712402925e-06
735,2.29854642759,2.5854095342e-06
736,2.29819618669,2.6038237256e-06
738,2.29784775497,2.62236751372e-06
740,2.29750111991,2.64104181467e-06
741,2.29715626911,2.65984755206e-06
743,2.29681319022,2.67878565466e-06
745,2.29647187104,2.69785705892e-06
747,2.29613229941,2.71706270797e-06
748,2.29579446331,2.7364035509e-06
750,2.29545835078,2.7558805445e-06
752,2.29512394998,2.77549465187e-06
753,2.29479124915,2.79524684255e-06
755,2.2944602366,2.81513809425e-06
757,2.29413090076,2.83516939069e-06
759,2.29380323013,2.85534172278e-06
760,2.29347721331,2.87565608804e-06
762,2.29315283898,2.89611349268e-06
764,2.2928300959,2.9167149486e-06
766,2.29250897293,2.93746147528e-06
768,2.29218945899,2.95835409947e-06
769,2.2918715431,2.97939385564e-06
771,2.29155521437,3.00058178523e-06
773,2.29124046198,3.02191893783e-06
775,2.29092727518,3.04340636932e-06
776,2.29061564331,3.06504514427e-06
778,2.2903055558,3.08683633433e-06
780,2.28999700215,3.10878101876e-06
782,2.28968997193,3.13088028458e-06
784,2.28938445479,3.15313522689e-06
785,2.28908044046,3.17554694809e-06
787,2.28877791874,3.1981165595e-06
789,2.28847687951,3.22084517875e-06
791,2.28817731272,3.24373393342e-06
793,2.28787920838,3.26678395779e-06
794,2.28758255661,3.28999639399e-06
796,2.28728734756,3.31337239344e-06
798,2.28699357146,3.33691311543e-06
800,2.28670121863,3.36061972766e-06
802,2.28641027945,3.38449340562e-06
804,2.28612074435,3.40853533359e-06
806,2.28583260384,3.4327467047e-06
807,2.28554584852,3.45712871988e-06
809,2.28526046901,3.4816825895e-06
811,2.28497645604,3.50640953176e-06
813,2.28469380039,3.53131077415e-06
815,2.28441249288,3.55638755318e-06
817,2.28413252443,3.58164111343e-06
819,2.28385388601,3.60707270902e-06
821,2.28357656864,3.63268360319e-06
822,2.28330056343,3.65847506768e-06
824,2.28302586152,3.68444838357e-06
826,2.28275245413,3.71060484173e-06
828,2.28248033254,3.73694574121e-06
830,2.28220948807,3.76347239123e-06
832,2.28193991214,3.79018611008e-06
834,2.28167159618,3.81708822608e-06
836,2.28140453172,3.84418007608e-06
838,2.28113871031,3.8714630069e-06
840,2.28087412359,3.89893837557e-06
842,2.28061076324,3.9266075491e-06
844,2.28034862099,3.95447190197e-06
845,2.28008768863,3.98253282249e-06
847,2.27982795803,4.01079170605e-06
849,2.27956942106,4.03924995798e-06
851,2.2793120697,4.06790899523e-06
853,2.27905589595,4.09677024406e-06
855,2.27880089187,4.12583514181e-06
857,2.27854704958,4.15510513529e-06
859,2.27829436123,4.18458168096e-06
861,2.27804281905,4.21426624863e-06
863,2.27779241531,4.24416031558e-06
865,2.27754314231,4.27426537185e-06
867,2.27729499244,4.30458291674e-06
869,2.2770479581,4.33511446132e-06
871,2.27680203176,4.36586152754e-06
873,2.27655720593,4.39682564702e-06
875,2.27631347317,4.42800836432e-06
877,2.27607082611,4.45941123461e-06
879,2.27582925738,4.49103582312e-06
881,2.27558875969,4.52288370748e-06
883,2.27534932579,4.55495647627e-06
885,2.27511094848,4.58725572962e-06
887,2.2748736206,4.61978307972e-06
889,2.27463733503,4.6525401492e-06
892,2.27440208469,4.68552857383e-06
894,2.27416786257,4.71875000041e-06
896,2.27393466168,4.75220608679e-06
898,2.27370247508,4.78589850545e-06
900,2.27347129588,4.81982893734e-06
902,2.27324111721,4.85399907906e-06
904,2.27301193227,4.88841063678e-06
906,2.27278373429,4.92306533087e-06
908,2.27255651653,4.95796489265e-06
910,2.27233027231,4.99311106704e-06
912,2.27210499498,5.02850561134e-06
914,2.27188067794,5.0641502951e-06
916,2.27165731461,5.10004690146e-06
919,2.27143489846,5.13619722539e-06
921,2.27121342301,5.17260307615e-06
923,2.27099288181,5.2092662751e-06
925,2.27077326844,5.2461886574e-06
927,2.27055457653,5.28337207104e-06
929,2.27033679974,5.32081837747e-06
931,2.27011993178,5.35852945161e-06
934,2.26990396637,5.39650718259e-06
936,2.26968889731,5.43475347271e-06
938,2.26947471838,5.4732702378e-06
940,2.26926142346,5.51205940797e-06
942,2.2690490064,5.55112292732e-06
944,2.26883746114,5.59046275395e-06
947,2.26862678163,5.63008086043e-06
949,2.26841696185,5.66997923302e-06
951,2.26820799582,5.71015987305e-06
953,2.2679998776,5.75062479597e-06
955,2.26779260129,5.79137603263e-06
958,2.267586161,5.83241562715e-06
960,2.26738055089,5.87374563985e-06
962,2.26717576514,5.91536814528e-06
964,2.26697179799,5.95728523389e-06
966,2.26676864369,5.9994990102e-06
969,2.26656629651,6.04201159481e-06
971,2.26636475078,6.08482512425e-06
973,2.26616400086,6.1279417486e-06
975,2.26596404111,6.1713636354e-06
978,2.26576486594,6.21509296776e-06
980,2.26556646981,6.25913194433e-06
982,2.26536884719,6.3034827792e-06
984,2.26517199256,6.34814770391e-06
987,2.26497590048,6.3931289651e-06
989,2.26478056549,6.43842882635e-06
991,2.26458598219,6.48404956738e-06
993,2.2643921452,6.52999348519e-06
996,2.26419904916,6.57626289237e-06
998,2.26400668876,6.62286011988e-06
1000,2.26381505869,6.66978751389e-06
1003,2.2636241537,6.71704743938e-06
1005,2.26343396853,6.76464227822e-06
1007,2.26324449798,6.81257442861e-06
1010,2.26305573686,6.86084630747e-06
1012,2.26286768002,6.90946034785e-06
1014,2.26268032232,6.95841900302e-06
1017,2.26249365866,7.0077247415e-06
1019,2.26230768396,7.05738005225e-06
1021,2.26212239317,7.10738743975e-06
1024,2.26193778125,7.15774942949e-06
1026,2.26175384322,7.20846856412e-06
1028,2.26157057408,7.25954740457e-06
1031,2.26138796889,7.31098853106e-06
1033,2.26120602273,7.36279454238e-06
1036,2.26102473069,7.41496805714e-06
1038,2.2608440879,7.46751171137e-06
1040,2.2606640895,7.52042816296e-06
1043,2.26048473066,7.57372008668e-06
1045,2.26030600657,7.62739017866e-06
1048,2.26012791246,7.68144115367e-06
1050,2.25995044357,7.73587574728e-06
1052,2.25977359515,7.79069671484e-06
1055,2.2595973625,7.84590683117e-06
1057,2.25942174093,7.90150889235e-06
1060,2.25924672577,7.95750571502e-06
1062,2.25907231237,8.01390013569e-06
1065,2.25889849611,8.07069501148e-06
1067,2.25872527238,8.12789322289e-06
1069,2.25855263662,8.18549766875e-06
1072,2.25838058426,8.24351127001e-06
1074,2.25820911075,8.30193697e-06
1077,2.2580382116,8.3607777326e-06
1079,2.25786788229,8.4200365438e-06
1082,2.25769811837,8.4797164119e-06
1084,2.25752891536,8.53982036686e-06
1087,2.25736026884,8.60035146188e-06
1089,2.25719217439,8.66131277078e-06
1092,2.25702462763,8.72270739149e-06
1094,2.25685762417,8.78453844431e-06
1097,2.25669115966,8.84680907295e-06
1099,2.25652522977,8.90952244373e-06
1102,2.25635983018,8.97268174646e-06
1105,2.25619495659,9.03629019402e-06
1107,2.25603060473,9.10035102356e-06
1110,2.25586677033,9.16486749672e-06
1112,2.25570344915,9.22984289801e-06
1115,2.25554063698,9.29528053616e-06
1117,2.2553783296,9.36118374524e-06
1120,2.25521652284,9.42755588302e-06
1122,2.25505521251,9.4944003334e-06
1125,2.25489439447,9.56172050344e-06
1128,2.25473406459,9.62951982681e-06
1130,2.25457421875,9.69780176159e-06
1133,2.25441485285,9.7665697923e-06
1135,2.25425596281,9.83582742919e-06
1138,2.25409754456,9.90557820716e-06
1141,2.25393959405,9.97582568877e-06
1143,2.25378210725,1.00465734622e-05
1146,2.25362508015,1.01178251424e-05
1149,2.25346850874,1.0189584371e-05
1151,2.25331238904,1.02618548169e-05
1154,2.25315671708,1.03346401756e-05
1157,2.25300148891,1.04079441706e-05
1159,2.2528467006,1.04817705526e-05
1162,2.25269234821,1.05561231006e-05
1165,2.25253842785,1.06310056207e-05
1167,2.25238493563,1.07064219478e-05
1170,2.25223186766,1.07823759458e-05
1173,2.25207922008,1.08588715065e-05
1175,2.25192698906,1.09359125508e-05
1178,2.25177517075,1.10135030288e-05
1181,2.25162376134,1.10916469201e-05
1184,2.25147275703,1.11703482334e-05
1186,2.25132215402,1.12496110082e-05
1189,2.25117194854,1.13294393128e-05
1192,2.25102213683,1.14098372459e-05
1195,2.25087271514,1.14908089387e-05
1197,2.25072367973,1.15723585496e-05
1200,2.25057502689,1.16544902721e-05
1203,2.25042675289,1.17372083268e-05
1206,2.25027885406,1.18205169688e-05
1208,2.25013132671,1.19044204839e-05
1211,2.24998416716,1.19889231897e-05
1214,2.24983737177,1.20740294353e-05
1217,2.24969093688,1.21597436048e-05
1220,2.24954485887,1.22460701116e-05
1222,2.24939913411,1.23330134043e-05
1225,2.249253759,1.2420577965e-05
1228,2.24910872995,1.25087683074e-05
1231,2.24896404336,1.25975889802e-05
1234,2.24881969568,1.26870445658e-05
1236,2.24867568333,1.27771396813e-05
1239,2.24853200277,1.28678789774e-05
1242,2.24838865047,1.29592671408e-05
1245,2.24824562289,1.30513088923e-05
1248,2.24810291652,1.31440089876e-05
1251,2.24796052786,1.32373722208e-05
1254,2.24781845342,1.33314034185e-05
1257,2.24767668972,1.34261074442e-05
1259,2.24753523327,1.35214892001e-05
1262,2.24739408063,1.36175536232e-05
1265,2.24725322834,1.37143056872e-05
1268,2.24711267296,1.3811750404e-05
1271,2.24697241106,1.39098928243e-05
1274,2.24683243923,1.4008738034e-05
1277,2.24669275404,1.41082911595e-05
1280,2.24655335211,1.42085573642e-05
1283,2.24641423004,1.43095418514e-05
1286,2.24627538445,1.44112498632e-05
1289,2.24613681196,1.45136866809e-05
1292,2.24599850923,1.46168576251e-05
1295,2.24586047288,1.47207680577e-05
1298,2.24572269959,1.48254233801e-05
1301,2.24558518601,1.49308290354e-05
1304,2.24544792882,1.50369905056e-05
1307,2.2453109247,1.51439133163e-05
1310,2.24517417035,1.52516030333e-05
1313,2.24503766246,1.53600652648e-05
1316,2.24490139774,1.54693056624e-05
1319,2.24476537292,1.55793299182e-05
1322,2.2446295847,1.56901437695e-05
1325,2.24449402984,1.58017529953e-05
1328,2.24435870506,1.59141634192e-05
1331,2.24422360713,1.6027380908e-05
1334,2.24408873279,1.61414113741e-05
1337,2.24395407881,1.62562607739e-05
1340,2.24381964196,1.63719351083e-05
1343,2.24368541903,1.6488440425e-05
1347,2.24355140679,1.66057828159e-05
1350,2.24341760205,1.67239684211e-05
1353,2.24328400161,1.68430034254e-05
1356,2.24315060227,1.6962894061e-05
1359,2.24301740085,1.70836466081e-05
1362,2.24288439417,1.72052673935e-05
1365,2.24275157906,1.73277627931e-05
1368,2.24261895236,1.74511392301e-05
1372,2.24248651092,1.75754031774e-05
1375,2.24235425157,1.7700561157e-05
1378,2.24222217118,1.782661974e-05
1381,2.2420902666,1.79535855474e-05
1384,2.24195853471,1.80814652518e-05
1387,2.24182697237,1.82102655748e-05
1391,2.24169557647,1.83399932909e-05
1394,2.24156434389,1.84706552252e-05
1397,2.24143327153,1.86022582549e-05
1400,2.24130235628,1.87348093097e-05
1404,2.24117159504,1.8868315372e-05
1407,2.24104098473,1.90027834793e-05
1410,2.24091052224,1.91382207194e-05
1413,2.24078020452,1.92746342374e-05
1416,2.24065002846,1.94120312305e-05
1420,2.24051999102,1.95504189529e-05
1423,2.24039008911,1.96898047136e-05
1426,2.24026031969,1.98301958767e-05
1430,2.24013067968,1.9971599864e-05
1433,2.24000116605,2.01140241531e-05
1436,2.23987177574,2.02574762796e-05
1440,2.23974250571,2.04019638359e-05
1443,2.23961335292,2.05474944737e-05
1446,2.23948431434,2.06940759024e-05
1449,2.23935538694,2.08417158913e-05
1453,2.23922656769,2.09904222693e-05
1456,2.23909785358,2.11402029247e-05
1460,2.23896924158,2.12910658069e-05
1463,2.23884072868,2.14430189267e-05
1466,2.23871231187,2.1596070356e-05
1470,2.23858398814,2.17502282288e-05
1473,2.2384557545,2.19055007419e-05
1476,2.23832760794,2.20618961552e-05
1480,2.23819954546,2.22194227922e-05
1483,2.23807156408,2.23780890406e-05
1487,2.23794366081,2.25379033523e-05
1490,2.23781583265,2.26988742448e-05
1494,2.23768807664,2.28610103022e-05
1497,2.23756038977,2.30243201726e-05
1500,2.23743276909,2.31888125732e-05
1504,2.23730521161,2.33544962867e-05
1507,2.23717771437,2.35213801656e-05
1511,2.23705027438,2.36894731291e-05
1514,2.2369228887,2.38587841669e-05
1518,2.23679555435,2.40293223362e-05
1521,2.23666826837,2.4201096767e-05
1525,2.2365410278,2.43741166581e-05
1528,2.23641382969,2.45483912805e-05
1532,2.23628667107,2.47239299763e-05
1535,2.236159549,2.49007421613e-05
1539,2.23603246053,2.50788373229e-05
1543,2.2359054027,2.52582250232e-05
1546,2.23577837257,2.54389148988e-05
1550,2.23565136719,2.56209166604e-05
1553,2.23552438361,2.58042400944e-05
1557,2.2353974189,2.59888950643e-05
1560,2.2352704701,2.61748915085e-05
1564,2.23514353429,2.63622394447e-05
1568,2.23501660852,2.65509489674e-05
1571,2.23488968985,2.67410302506e-05
1575,2.23476277535,2.69324935473e-05
1578,2.23463586207,2.71253491903e-05
1582,2.2345089471,2.73196075936e-05
1586,2.23438202748,2.75152792515e-05
1589,2.23425510028,2.77123747419e-05
1593,2.23412816258,2.79109047243e-05
1597,2.23400121144,2.81108799416e-05
1600,2.23387424393,2.83123112212e-05
1604,2.23374725711,2.85152094751e-05
1608,2.23362024805,2.87195857009e-05
1612,2.23349321383,2.89254509822e-05
1615,2.23336615151,2.91328164891e-05
1619,2.23323905816,2.93416934808e-05
1623,2.23311193085,2.95520933036e-05
1626,2.23298476665,2.97640273929e-05
1630,2.23285756262,2.99775072747e-05
1634,2.23273031583,3.01925445652e-05
1638,2.23260302336,3.04091509723e-05
1641,2.23247568226,3.06273382952e-05
1645,2.23234828961,3.08471184271e-05
1649,2.23222084246,3.10685033541e-05
1653,2.2320933379,3.12915051576e-05
1657,2.23196577297,3.15161360132e-05
1660,2.23183814475,3.17424081935e-05
1664,2.23171045029,3.19703340681e-05
1668,2.23158268665,3.21999261032e-05
1672,2.23145485091,3.24311968648e-05
1676,2.23132694011,3.26641590172e-05
1680,2.23119895131,3.28988253263e-05
1684,2.23107088158,3.31352086566e-05
1687,2.23094272795,3.33733219775e-05
1691,2.2308144875,3.36131783602e-05
1695,2.23068615726,3.38547909778e-05
1699,2.2305577343,3.40981731092e-05
1703,2.23042921565,3.43433381403e-05
1707,2.23030059836,3.45902995606e-05
1711,2.23017187948,3.48390709692e-05
1715,2.23004305604,3.50896660707e-05
1719,2.2299141251,3.53420986811e-05
1723,2.22978508368,3.55963827254e-05
1727,2.22965592882,3.58525322392e-05
1731,2.22952665756,3.61105613715e-05
1735,2.22939726692,3.63704843823e-05
1739,2.22926775393,3.66323156455e-05
1743,2.22913811562,3.68960696515e-05
1747,2.22900834901,3.71617610048e-05
1751,2.22887845111,3.74294044274e-05
1755,2.22874841895,3.76990147579e-05
1759,2.22861824954,3.7970606956e-05
1763,2.22848793989,3.82441960989e-05
1767,2.22835748701,3.85197973853e-05
1771,2.22822688789,3.87974261358e-05
1775,2.22809613955,3.9077097795e-05
1779,2.22796523897,3.93588279292e-05
1783,2.22783418316,3.96426322316e-05
1788,2.2277029691,3.99285265203e-05
1792,2.22757159378,4.02165267413e-05
1796,2.22744005417,4.0506648969e-05
1800,2.22730834727,4.07989094065e-05
1804,2.22717647004,4.1093324388e-05
1808,2.22704441946,4.13899103792e-05
1812,2.22691219249,4.1688683978e-05
1817,2.2267797861,4.19896619173e-05
1821,2.22664719724,4.22928610645e-05
1825,2.22651442287,4.25982984233e-05
1829,2.22638145993,4.29059911347e-05
1833,2.22624830538,4.32159564793e-05
1838,2.22611495615,4.35282118759e-05
1842,2.22598140917,4.38427748856e-05
1846,2.22584766138,4.41596632125e-05
1850,2.22571370971,4.44788947014e-05
1855,2.22557955107,4.4800487346e-05
1859,2.22544518239,4.51244592826e-05
1863,2.22531060056,4.54508287968e-05
1867,2.2251758025,4.57796143221e-05
1872,2.22504078511,4.6110834442e-05
1876,2.22490554528,4.64445078916e-05
1880,2.22477007991,4.67806535589e-05
1885,2.22463438586,4.71192904844e-05
1889,2.22449846003,4.7460437866e-05
1893,2.22436229929,4.78041150562e-05
1898,2.22422590049,4.81503415675e-05
1902,2.22408926051,4.84991370706e-05
1907,2.22395237619,4.88505213969e-05
1911,2.22381524439,4.92045145413e-05
1915,2.22367786194,4.95611366616e-05
1920,2.22354022569,4.99204080803e-05
1924,2.22340233245,5.0282349288e-05
1929,2.22326417906,5.06469809422e-05
1933,2.22312576233,5.101432387e-05
1938,2.22298707907,5.13843990709e-05
1942,2.22284812608,5.17572277155e-05
1947,2.22270890016,5.21328311492e-05
1951,2.2225693981,5.25112308935e-05
1955,2.22242961668,5.2892448647e-05
1960,2.22228955267,5.32765062866e-05
1965,2.22214920284,5.36634258703e-05
1969,2.22200856395,5.40532296385e-05
1974,2.22186763276,5.44459400151e-05
1978,2.22172640601,5.48415796078e-05
1983,2.22158488044,5.52401712142e-05
1987,2.22144305277,5.56417378182e-05
1992,2.22130091974,5.6046302596e-05
1996,2.22115847805,5.64538889142e-05
2001,2.22101572441,5.68645203345e-05
2006,2.22087265552,5.72782206135e-05
2010,2.22072926807,5.76950137056e-05
2015,2.22058555874,5.81149237647e-05
2020,2.22044152421,5.85379751439e-05
2024,2.22029716113,5.89641924015e-05
2029,2.22015246618,5.93936002992e-05
2034,2.22000743599,5.98262238047e-05
2038,2.2198620672,6.02620880947e-05
2043,2.21971635645,6.0701218556e-05
2048,2.21957030035,6.1143640788e-05
2052,2.21942389553,6.15893806033e-05
2057,2.21927713857,6.20384640304e-05
2062,2.21913002608,6.24909173176e-05
2067,2.21898255464,6.2946766931e-05
2071,2.21883472082,6.3406039559e-05
2076,2.2186865212,6.38687621163e-05
2081,2.21853795232,6.43349617406e-05
2086,2.21838901074,6.48046657991e-05
2091,2.21823969298,6.52779018902e-05
2095,2.21808999559,6.57546978424e-05
2100,2.21793991506,6.62350817212e-05
2105,2.21778944791,6.67190818264e-05
2110,2.21763859064,6.72067266984e-05
2115,2.21748733973,6.76980451171e-05
2120,2.21733569166,6.81930661071e-05
2125,2.21718364288,6.86918189375e-05
2129,2.21703118986,6.91943331256e-05
2134,2.21687832904,6.97006384386e-05
2139,2.21672505685,7.02107648956e-05
2144,2.2165713697,7.0724742771e-05
2149,2.21641726402,7.12426025959e-05
2154,2.2162627362,7.17643751616e-05
2159,2.21610778263,7.22900915197e-05
2164,2.21595239968,7.28197829872e-05
2169,2.21579658373,7.33534811486e-05
2174,2.21564033111,7.38912178554e-05
2179,2.21548363818,7.44330252331e-05
2184,2.21532650126,7.49789356796e-05
2189,2.21516891666,7.55289818714e-05
2194,2.21501088071,7.60831967636e-05
2199,2.21485238969,7.66416135922e-05
2204,2.21469343987,7.72042658796e-05
2209,2.21453402753,7.77711874361e-05
2214,2.21437414893,7.83424123596e-05
2220,2.2142138003,7.89179750436e-05
2225,2.21405297789,7.94979101743e-05
2230,2.21389167789,8.00822527388e-05
2235,2.21372989653,8.06710380242e-05
2240,2.21356762999,8.12643016209e-05
2245,2.21340487445,8.18620794275e-05
2250,2.21324162608,8.24644076517e-05
2256,2.21307788102,8.30713228149e-05
2261,2.21291363542,8.36828617527e-05
2266,2.21274888539,8.42990616204e-05
2271,2.21258362705,8.49199598947e-05
2277,2.2124178565,8.55455943768e-05
2282,2.21225156982,8.61760031967e-05
2287,2.21208476307,8.68112248148e-05
2292,2.21191743232,8.74512980249e-05
2298,2.21174957359,8.80962619597e-05
2303,2.21158118292,8.87461560921e-05
2308,2.21141225631,8.9401020237e-05
2314,2.21124278976,9.00608945599e-05
2319,2.21107277925,9.07258195738e-05
2324,2.21090222074,9.13958361464e-05
2330,2.2107311102,9.20709855036e-05
2335,2.21055944354,9.27513092316e-05
2340,2.21038721669,9.34368492793e-05
2346,2.21021442556,9.41276479645e-05
2351,2.21004106603,9.48237479774e-05
2357,2.20986713397,9.55251923811e-05
2362,2.20969262524,9.6232024618e-05
2367,2.20951753569,9.69442885124e-05
2373,2.20934186113,9.76620282747e-05
2378,2.20916559738,9.83852885052e-05
2384,2.20898874021,9.91141141969e-05
2389,2.20881128542,9.98485507402e-05
2395,2.20863322875,0.000100588643927
2400,2.20845456595,0.000101334439954
2406,2.20827529274,0.000102085985426
2411,2.20809540483,0.000102843327362
2417,2.20791489791,0.000103606513199
2423,2.20773376765,0.000104375590791
2428,2.2075520097,0.000105150608422
2434,2.20736961969,0.000105931614802
2439,2.20718659326,0.000106718659077
2445,2.207002926,0.000107511790829
2451,2.20681861349,0.000108311060084
2456,2.20663365129,0.000109116517313
2462,2.20644803495,0.00010992821344
2468,2.20626176001,0.000110746199841
2473,2.20607482196,0.000111570528355
2479,2.2058872163,0.000112401251286
2485,2.20569893849,0.000113238421404
2490,2.20550998399,0.000114082091956
2496,2.20532034823,0.000114932316665
2502,2.20513002662,0.00011578914974
2508,2.20493901455,0.000116652645876
2514,2.2047473074,0.000117522860261
2519,2.20455490052,0.000118399848582
2525,2.20436178925,0.000119283667029
2531,2.20416796888,0.0001201743723
2537,2.20397343473,0.000121072021604
2543,2.20377818205,0.000121976672669
2548,2.2035822061,0.000122888383751
2554,2.2033855021,0.000123807213627
2560,2.20318806528,0.000124733221614
2566,2.2029898908,0.000125666467566
2572,2.20279097385,0.000126607011882
2578,2.20259130955,0.000127554915512
2584,2.20239089305,0.00012851023996
2590,2.20218971943,0.000129473047295
2596,2.20198778377,0.000130443400151
2602,2.20178508114,0.000131421361736
2608,2.20158160656,0.000132406995835
2614,2.20137735504,0.000133400366821
2620,2.20117232158,0.000134401539655
2626,2.20096650114,0.000135410579897
2632,2.20075988866,0.000136427553708
2638,2.20055247906,0.00013745252786
2644,2.20034426724,0.000138485569738
2650,2.20013524806,0.00013952674735
2656,2.19992541638,0.000140576129334
2662,2.19971476702,0.000141633784959
2669,2.19950329478,0.000142699784137
2675,2.19929099443,0.000143774197428
2681,2.19907786073,0.000144857096045
2687,2.1988638884,0.000145948551864
2693,2.19864907214,0.000147048637427
2700,2.19843340663,0.000148157425953
2706,2.19821688652,0.000149274991341
2712,2.19799950643,0.000150401408181
2718,2.19778126097,0.000151536751757
2725,2.19756214469,0.00015268109806
2731,2.19734215216,0.000153834523786
2737,2.1971212779,0.000154997106355
2743,2.19689951639,0.000156168923911
2750,2.19667686211,0.000157350055331
2756,2.19645330949,0.000158540580232
2762,2.19622885295,0.000159740578981
2769,2.19600348688,0.000160950132703
2775,2.19577720564,0.000162169323284
2782,2.19555000354,0.000163398233389
2788,2.19532187491,0.000164636946456
2794,2.19509281401,0.000165885546721
2801,2.19486281508,0.000167144119209
2807,2.19463187236,0.000168412749757
2814,2.19439998002,0.000169691525015
2820,2.19416713222,0.000170980532454
2827,2.1939333231,0.000172279860381
2833,2.19369854676,0.000173589597942
2840,2.19346279727,0.000174909835131
2846,2.19322606866,0.000176240662804
2853,2.19298835496,0.000177582172684
2860,2.19274965014,0.00017893445737
2866,2.19250994815,0.000180297610351
2873,2.19226924291,0.000181671726009
2879,2.19202752832,0.000183056899635
2886,2.19178479822,0.000184453227434
2893,2.19154104645,0.000185860806537
2899,2.19129626679,0.000187279735011
2906,2.19105045301,0.00018871011187
2913,2.19080359883,0.000190152037082
2919,2.19055569797,0.000191605611581
2926,2.19030674407,0.000193070937282
2933,2.19005673077,0.000194548117082
2940,2.18980565167,0.000196037254883
2946,2.18955350033,0.000197538455588
2953,2.18930027029,0.000199051825129
2960,2.18904595503,0.000200577470462
2967,2.18879054803,0.000202115499591
2974,2.1885340427,0.000203666021572
2981,2.18827643245,0.000205229146526
2987,2.18801771062,0.000206804985653
2994,2.18775787055,0.000208393651242
3001,2.18749690552,0.000209995256682
3008,2.18723480878,0.000211609916477
3015,2.18697157354,0.000213237746258
3022,2.18670719298,0.000214878862791
3029,2.18644166025,0.000216533383997
3036,2.18617496846,0.000218201428956
3043,2.18590711065,0.00021988311793
3050,2.18563807988,0.000221578572366
3057,2.18536786912,0.000223287914918
3064,2.18509647134,0.000225011269453
3071,2.18482387944,0.000226748761072
3078,2.18455008631,0.000228500516116
3085,2.18427508478,0.000230266662188
3092,2.18399886765,0.000232047328159
3100,2.18372142768,0.00023384264419
3107,2.18344275759,0.000235652741739
3114,2.18316285006,0.000237477753583
3121,2.18288169772,0.000239317813829
3128,2.18259929317,0.000241173057928
3135,2.18231562897,0.000243043622691
3143,2.18203069763,0.000244929646308
3150,2.18174449163,0.00024683126836
3157,2.18145700339,0.000248748629834
3164,2.18116822531,0.000250681873143
3172,2.18087814972,0.000252631142138
3179,2.18058676894,0.000254596582128
3186,2.18029407522,0.000256578339895
3194,2.18000006077,0.000258576563711
3201,2.17970471777,0.000260591403354
3208,2.17940803834,0.000262623010129
3216,2.17911001457,0.00026467153688
3223,2.17881063849,0.000266737138014
3231,2.17850990208,0.000268819969516
3238,2.1782077973,0.000270920188963
3246,2.17790431605,0.000273037955552
3253,2.17759945018,0.00027517343011
3261,2.17729319149,0.000277326775119
3268,2.17698553173,0.000279498154731
3276,2.17667646263,0.00028168773479
3283,2.17636597584,0.000283895682852
3291,2.17605406298,0.0002861221682
3298,2.1757407156,0.000288367361875
3306,2.17542592524,0.000290631436684
3314,2.17510968335,0.00029291456723
3321,2.17479198135,0.000295216929929
3329,2.1744728106,0.000297538703033
3337,2.17415216243,0.000299880066649
3344,2.17383002808,0.000302241202766
3352,2.17350639878,0.000304622295271
3360,2.17318126569,0.000307023529976
3367,2.17285461991,0.00030944509464
3375,2.17252645249,0.000311887178993
3383,2.17219675445,0.000314349974756
3391,2.17186551674,0.000316833675667
3399,2.17153273022,0.000319338477509
3406,2.17119838576,0.000321864578127
3414,2.17086247414,0.000324412177457
3422,2.17052498608,0.000326981477552
3430,2.17018591225,0.000329572682606
3438,2.16984524328,0.000332185998979
3446,2.16950296973,0.000334821635224
3454,2.16915908209,0.000337479802114
3462,2.16881357081,0.000340160712671
3470,2.16846642629,0.000342864582186
3478,2.16811763884,0.000345591628256
3486,2.16776719874,0.000348342070806
3494,2.16741509619,0.000351116132117
3502,2.16706132135,0.00035391403686
3510,2.16670586431,0.000356736012119
3518,2.16634871509,0.000359582287426
3526,2.16598986366,0.000362453094788
3534,2.16562929992,0.000365348668718
3542,2.16526701372,0.000368269246264
3551,2.16490299483,0.000371215067046
3559,2.16453723298,0.000374186373281
3567,2.1641697178,0.000377183409819
3575,2.1638004389,0.000380206424177
3583,2.16342938578,0.000383255666566
3592,2.16305654791,0.000386331389931
3600,2.16268191468,0.000389433849984
3608,2.1623054754,0.000392563305234
3617,2.16192721933,0.00039572001703
3625,2.16154713567,0.000398904249582
3633,2.16116521353,0.000402116270018
3642,2.16078144195,0.000405356348406
3650,2.16039580992,0.000408624757789
3659,2.16000830636,0.000411921774233
3667,2.15961892009,0.000415247676861
3675,2.15922763989,0.000418602747888
3684,2.15883445446,0.000421987272663
3692,2.15843935241,0.000425401539711
3701,2.15804232231,0.00042884584077
3709,2.15764335261,0.000432320470834
3718,2.15724243173,0.000435825728193
3727,2.156839548,0.000439361914476
3735,2.15643468966,0.000442929334694
3744,2.15602784489,0.000446528297288
3752,2.15561900179,0.000450159114158
3761,2.15520814838,0.000453822100728
3770,2.15479527259,0.000457517575978
3778,2.1543803623,0.000461245862488
3787,2.15396340529,0.000465007286501
3796,2.15354438925,0.000468802177951
3805,2.15312330183,0.000472630870521
3813,2.15270013054,0.000476493701695
3822,2.15227486285,0.000480391012797
3831,2.15184748614,0.000484323149052
3840,2.15141798769,0.00048829045963
3849,2.15098635472,0.000492293297699
3858,2.15055257434,0.000496332020483
3866,2.15011663359,0.000500406989307
3875,2.14967851942,0.000504518569658
3884,2.14923821868,0.000508667131234
3893,2.14879571815,0.000512853048006
3902,2.14835100452,0.000517076698269
3911,2.14790406437,0.000521338464703
3920,2.14745488421,0.000525638734434
3929,2.14700345045,0.000529977899085
3938,2.14654974941,0.000534356354842
3947,2.14609376731,0.000538774502517
3957,2.14563549029,0.000543232747603
3966,2.14517490437,0.000547731500346
3975,2.14471199552,0.000552271175796
3984,2.14424674955,0.000556852193891
3993,2.14377915224,0.0005614749795
4002,2.14330918922,0.000566139962512
4012,2.14283684605,0.000570847577883
4021,2.14236210816,0.000575598265732
4030,2.14188496093,0.000580392471378
4039,2.14140538959,0.000585230645437
4049,2.14092337928,0.000590113243884
4058,2.14043891506,0.000595040728126
4067,2.13995198184,0.000600013565084
4077,2.13946256447,0.000605032227256
4086,2.13897064767,0.000610097192808
4096,2.13847621605,0.00061520894564
4105,2.13797925412,0.000620367975475
4114,2.1374797463,0.000625574777926
4124,2.13697767684,0.000630829854609
4133,2.13647302997,0.000636133713175
4143,2.1359657897,0.000641486867454
4153,2.13545594,0.00064688983749
4162,2.13494346472,0.000652343149658
4172,2.13442834758,0.000657847336744
4181,2.13391057216,0.000663402938033
4191,2.13339012197,0.000669010499406
4201,2.13286698036,0.000674670573432
4210,2.1323411306,0.000680383719452
4220,2.13181255578,0.000686150503695
4230,2.13128123893,0.000691971499354
4240,2.13074716293,0.0006978472867
4249,2.13021031052,0.000703778453185
4259,2.12967066435,0.000709765593524
4269,2.12912820691,0.000715809309829
4279,2.12858292057,0.000721910211687
4289,2.12803478757,0.000728068916289
4298,2.12748379004,0.000734286048521
4308,2.12692990995,0.000740562241094
4318,2.12637312917,0.000746898134638
4328,2.12581342939,0.000753294377838
4338,2.1252507922,0.00075975162753
4348,2.12468519903,0.000766270548836
4358,2.12411663117,0.00077285181528
4368,2.12354506983,0.000779496108892
4378,2.12297049601,0.000786204120363
4389,2.12239289056,0.000792976549178
4399,2.12181223426,0.000799814103683
4409,2.12122850765,0.000806717501303
4419,2.12064169122,0.000813687468598
4429,2.12005176526,0.00082072474145
4439,2.11945870987,0.000827830065192
4450,2.1188625051,0.000835004194717
4460,2.11826313076,0.000842247894663
4470,2.11766056654,0.000849561939538
4480,2.11705479196,0.000856947113869
4491,2.11644578642,0.000864404212337
4501,2.11583352912,0.000871934039974
4511,2.11521799911,0.00087953741227
4522,2.1145991753,0.000887215155358
4532,2.11397703641,0.000894968106168
4543,2.11335156098,0.000902797112609
4553,2.11272272747,0.000910703033678
4564,2.11209051402,0.000918686739728
4574,2.11145489874,0.000926749112535
4585,2.11081585951,0.000934891045541
4595,2.11017337403,0.000943113444016
4606,2.10952741984,0.000951417225235
4617,2.1088779743,0.00095980331866
4627,2.10822501459,0.000968272666143
4638,2.10756851768,0.000976826222116
4649,2.1069084604,0.000985464953766
4659,2.10624481942,0.000994189841232
4670,2.10557757112,0.00100300187787
4681,2.10490669176,0.00101190207039
4692,2.10423215743,0.00102089143905
4702,2.10355394396,0.00102997101798
4713,2.10287202705,0.00103914185526
4724,2.10218638216,0.00104840501324
4735,2.10149698459,0.00105776156873
4746,2.10080380939,0.00106721261323
4757,2.10010683146,0.00107675925316
4768,2.09940602541,0.00108640261013
4779,2.09870136576,0.00109614382111
4790,2.09799282674,0.00110598403876
4801,2.09728038235,0.00111592443165
4812,2.09656400646,0.00112596618449
4823,2.09584367265,0.00113611049841
4834,2.0951193543,0.00114635859126
4845,2.09439102457,0.00115671169777
4856,2.0936586564,0.00116717107003
4868,2.09292222252,0.0011777379775
4879,2.09218169542,0.00118841370756
4890,2.09143704732,0.00119919956558
4901,2.09068825023,0.00121009687546
4913,2.08993527596,0.00122110697966
4924,2.08917809603,0.00123223123967
4935,2.08841668177,0.0012434710363
4947,2.0876510042,0.00125482777006
4958,2.08688103413,0.00126630286134
4970,2.08610674213,0.00127789775085
4981,2.08532809848,0.00128961389996
4993,2.08454507326,0.00130145279097
5004,2.08375763621,0.00131341592756
5016,2.08296575692,0.00132550483506
5027,2.08216940459,0.0013377210609
5039,2.08136854823,0.00135006617495
5050,2.08056315659,0.00136254176982
5062,2.0797531981,0.00137514946137
5074,2.07893864089,0.0013878908891
5085,2.0781194529,0.00140076771644
5097,2.07729560173,0.00141378163126
5109,2.07646705468,0.00142693434626
5121,2.07563377881,0.00144022759942
5132,2.0747957408,0.00145366315442
5144,2.07395290714,0.00146724280105
5156,2.07310524392,0.00148096835576
5168,2.07225271706,0.00149484166198
5180,2.07139529196,0.00150886459076
5192,2.07053293389,0.00152303904115
5204,2.06966560778,0.00153736694068
5216,2.06879327821,0.00155185024591
5228,2.06791590936,0.00156649094301
5240,2.06703346521,0.00158129104808
5252,2.06614590933,0.00159625260788
5264,2.06525320504,0.00161137770032
5276,2.06435531519,0.00162666843494
5288,2.06345220242,0.00164212695362
5301,2.0625438289,0.00165775543105
5313,2.06163015659,0.00167355607528
5325,2.06071114697,0.00168953112855
5337,2.0597867612,0.00170568286764
5350,2.05885696007,0.00172201360467
5362,2.05792170406,0.00173852568767
5374,2.05698095317,0.00175522150132
5387,2.05603466713,0.00177210346749
5399,2.05508280521,0.00178917404603
5412,2.05412532628,0.00180643573549
5424,2.05316218895,0.00182389107367
5437,2.05219335123,0.00184154263864
5449,2.05121877089,0.00185939304921
5462,2.0502384052,0.00187744496585
5474,2.04925221112,0.00189570109133
5487,2.04826014506,0.00191416417175
5500,2.04726216308,0.00193283699712
5512,2.04625822078,0.00195172240242
5525,2.04524827338,0.00197082326813
5538,2.0442322756,0.00199014252147
5550,2.04321018172,0.00200968313705
5563,2.04218194559,0.00202944813785
5576,2.04114752063,0.00204944059611
5589,2.04010685971,0.00206966363439
5602,2.03905991529,0.00209012042644
5615,2.03800663934,0.00211081419825
5628,2.0369469833,0.00213174822909
5641,2.03588089828,0.00215292585227
5654,2.03480833467,0.0021743504568
5667,2.0337292425,0.0021960254879
5680,2.03264357125,0.00221795444836
5693,2.03155126991,0.00224014089969
5706,2.03045228692,0.00226258846323
5719,2.02934657013,0.00228530082148
5732,2.028234067,0.00230828171906
5746,2.02711472428,0.00233153496421
5759,2.02598848827,0.00235506442996
5772,2.0248553047,0.00237887405541
5785,2.0237151187,0.00240296784714
5799,2.02256787481,0.00242734988066
5812,2.02141351703,0.00245202430159
5825,2.02025198871,0.0024769953273
5839,2.01908323267,0.00250226724829
5852,2.01790719104,0.00252784442981
5866,2.01672380543,0.0025537313131
5879,2.0155330167,0.00257993241754
5893,2.01433476519,0.00260645234165
5906,2.01312899046,0.00263329576527
5920,2.01191563152,0.0026604674509
5934,2.01069462667,0.00268797224564
5947,2.00946591364,0.00271581508284
5961,2.00822942925,0.00274400098424
5975,2.00698510984,0.00277253506145
5989,2.00573289092,0.00280142251825
6002,2.00447270736,0.00283066865217
6016,2.00320449319,0.00286027885704
6030,2.00192818187,0.00289025862447
6044,2.00064370595,0.00292061354658
6058,1.99935099733,0.00295134931772
6072,1.99804998704,0.00298247173706
6086,1.99674060543,0.00301398671057
6100,1.99542278201,0.00304590025364
6114,1.99409644539,0.00307821849363
6128,1.99276152354,0.00311094767182
6142,1.99141794348,0.00314409414652
6156,1.99006563132,0.00317766439559
6171,1.98870451248,0.00321166501878
6185,1.98733451138,0.00324610274096
6199,1.98595555164,0.00328098441467
6213,1.98456755582,0.00331631702335
6228,1.98317044576,0.00335210768384
6242,1.98176414224,0.00338836365
6257,1.98034856521,0.00342509231544
6271,1.97892363349,0.00346230121725
6285,1.97748926503,0.0034999980389
6300,1.97604537681,0.0035381906139
6314,1.97459188479,0.00357688692924
6329,1.97312870384,0.00361609512931
6344,1.97165574786,0.00365582351917
6358,1.97017292962,0.00369608056896
6373,1.96868016082,0.00373687491743
6388,1.96717735215,0.00377821537608
6402,1.96566441314,0.00382011093348
6417,1.96414125216,0.00386257075962
6432,1.96260777635,0.00390560421045
6447,1.9610638919,0.0039492208318
6461,1.95950950368,0.00399343036491
6476,1.95794451529,0.00403824275106
6491,1.95636882916,0.00408366813637
6506,1.9547823465,0.00412971687695
6521,1.9531849671,0.00417639954468
6536,1.95157658962,0.00422372693199
6551,1.94995711142,0.00427171005777
6566,1.94832642818,0.00432036017414
6582,1.94668443463,0.00436968877052
6597,1.94503102391,0.00441970758149
6612,1.94336608769,0.00447042859263
6627,1.94168951625,0.00452186404714
6643,1.94000119849,0.00457402645231
6658,1.93830102161,0.00462692858738
6673,1.93658887151,0.00468058350986
6689,1.9348646323,0.00473500456397
6704,1.93312818669,0.00479020538764
6719,1.93137941568,0.00484619992104
6735,1.92961819867,0.00490300241461
6750,1.92784441333,0.00496062743784
6766,1.92605793562,0.00501908988816
6782,1.92425863987,0.00507840499974
6797,1.9224463985,0.00513858835375
6813,1.92062108217,0.00519965588759
6829,1.91878255969,0.00526162390548
6844,1.91693069815,0.00532450908839
6860,1.91506536226,0.0053883285068
6876,1.91318641538,0.00545309962934
6892,1.91129371827,0.00551884033765
6908,1.90938713027,0.00558556893541
6924,1.90746650816,0.00565330416419
6940,1.9055317067,0.00572206521492
6956,1.9035825786,0.00579187174171
6972,1.90161897444,0.00586274387607
6988,1.89964074221,0.00593470224314
7004,1.89764772792,0.00600776797512
7020,1.89563977514,0.0060819627284
7036,1.89361672487,0.00615730870086
7052,1.89157841604,0.00623382864732
7069,1.88952468459,0.00631154590041
7085,1.88745536426,0.00639048438695
7101,1.88537028616,0.00647066864872
7118,1.88326927858,0.00655212386346
7134,1.88115216704,0.00663487586592
7150,1.8790187746,0.00671895116916
7167,1.87686892115,0.00680437698986
7184,1.87470242376,0.00689118127142
7200,1.87251909646,0.0069793927101
7217,1.87031875046,0.00706904078032
7233,1.86810119378,0.0071601557638
7250,1.86586623099,0.00725276877949
7267,1.86361366369,0.00734691181163
7283,1.86134329011,0.00744261774324
7300,1.85905490507,0.00753992038894
7317,1.85674829985,0.00763885453038
7334,1.85442326216,0.00773945595252
7351,1.85207957626,0.00784176148117
7368,1.84971702216,0.00794580902593
7385,1.84733537673,0.00805163761746
7402,1.84493441256,0.00815928745585
7419,1.8425138982,0.00826879995554
7436,1.84007359823,0.00838021779298
7453,1.83761327288,0.00849358495882
7470,1.83513267838,0.00860894680895
7488,1.83263156635,0.00872635012293
7505,1.83010968395,0.00884584316131
7522,1.82756677347,0.00896747572856
7539,1.82500257315,0.00909129923309
7557,1.8224168156,0.00921736676195
7574,1.81980922908,0.00934573314492
7592,1.81717953655,0.00947645503307
7609,1.81452745558,0.00960959097643
7627,1.81185269881,0.00974520150284
7644,1.80915497326,0.00988334920668
7662,1.80643398012,0.010024098839
7680,1.80368941516,0.0101675173987
7697,1.80092096831,0.0103136742329
7715,1.79812832358,0.0104626411395
7733,1.7953111585,0.0106144924782
7751,1.7924691444,0.0107693052809
7769,1.78960194662,0.0109271593682
7786,1.78670922331,0.0110881374797
7804,1.78379062612,0.0112523253984
7822,1.78084579999,0.0114198120863
7840,1.77787438254,0.0115906898292
7858,1.77487600404,0.0117650543832
7877,1.77185028793,0.0119430051248
7895,1.76879684941,0.01212464522
7913,1.76571529648,0.0123100817838
7931,1.76260522887,0.0124994260616
7949,1.75946623829,0.0126927936078
7968,1.75629790803,0.0128903044776
7986,1.75309981332,0.0130920834199
8005,1.74987152038,0.0132982600876
8023,1.74661258669,0.0135089692474
8042,1.74332256043,0.0137243510034
8060,1.74000098126,0.0139445510183
8079,1.7366473788,0.0141697207615
8097,1.73326127299,0.0144000177498
8116,1.72984217418,0.0146356057997
8135,1.72638958293,0.0148766552889
8153,1.72290298889,0.0151233434354
8172,1.71938187217,0.0153758545628
8191,1.71582570111,0.0156343804054
8210,1.71223393428,0.0158991203843
8229,1.70860601843,0.0161702819269
8248,1.70494138925,0.0164480807701
8267,1.70123947111,0.0167327412784
8286,1.69749967665,0.0170244967719
8305,1.69372140622,0.0173235898621
8324,1.68990404834,0.0176302727836
8343,1.68604697909,0.0179448077419
8363,1.68214956164,0.0182674672653
8382,1.67821114679,0.0185985345493
8401,1.67423107198,0.0189383038214
8421,1.67020866147,0.0192870806935
8440,1.66614322589,0.0196451825244
8459,1.66203406203,0.0200129387765
8479,1.65788045284,0.0203906913699
8498,1.65368166631,0.0207787950441
8518,1.6494369568,0.021177617685
8538,1.64514556278,0.0215875406867
8557,1.64080670829,0.0220089592571
8577,1.63641960123,0.0224422827489
8597,1.63198343385,0.0228879349451
8617,1.6274973826,0.0233463543316
8637,1.62296060583,0.0238179943766
8656,1.61837224664,0.0243033237059
8676,1.61373142898,0.0248028263415
8696,1.60903725938,0.0253170018183
8716,1.60428882517,0.0258463653077
8737,1.59948519453,0.0263914476598
8757,1.59462541543,0.0269527954039
8777,1.58970851411,0.0275309706922
8797,1.58473349583,0.028126551128
8817,1.57969934051,0.0287401296033
8838,1.57460500519,0.0293723139273
8858,1.56944941934,0.0300237264868
8879,1.56423148558,0.0306950037103
8899,1.55895007489,0.0313867955306
8920,1.55360402637,0.0320997646643
8940,1.54819214256,0.0328345858805
8961,1.54271318784,0.0335919451288
8981,1.53716588242,0.0343725387005
9002,1.53154889893,0.0351770723134
9023,1.52586085659,0.0360062602771
9044,1.52010031506,0.0368608247653
9064,1.51426576553,0.0377414953481
9085,1.50835562411,0.0386490087929
9106,1.50236822073,0.0395841094539
9127,1.49630178801,0.0405475503503
9148,1.49015444723,0.0415400952621
9169,1.48392419532,0.0425625220391
9191,1.47760888691,0.0436156276619
9212,1.47120621489,0.0447002353922
9233,1.46471369399,0.04581720438
9254,1.45812863219,0.0469674427543
9276,1.45144811308,0.048151924139
9297,1.44466896546,0.0493717090211
9318,1.43778774032,0.0506279710922
9340,1.43080068111,0.0519220298057
9361,1.42370369827,0.0532553895783
9383,1.41649234369,0.0546297865664
9405,1.40916178607,0.0560472437161
9426,1.40170679223,0.0575101345327
9448,1.39412171271,0.0590212561305
9470,1.38640047103,0.0605839118966
9492,1.37853657049,0.0622020032473
9514,1.37052310168,0.0638801309265
9536,1.36235277145,0.0656237043494
9557,1.35401794464,0.0674390583171
9580,1.34551070456,0.0693335753356
9602,1.33682293432,0.0713158114273
9624,1.32794642179,0.0733956227451
9646,1.31887298979,0.0755842898027
9668,1.30959465352,0.0778946355437
9690,1.3001038025,0.0803411332072
9713,1.29039341842,0.0829399985883
9735,1.28045731512,0.0857092622505
9758,1.2702904124,0.0886688153264
9780,1.25988903217,0.0918404235407
9803,1.24925122274,0.095247702687
9825,1.23837710353,0.0989160494065
9848,1.22726922625,0.102872520701
9871,1.21593294414,0.107145655934
9893,1.20437679326,0.111765234004
9916,1.19261285647,0.116761961447
9939,1.18065712507,0.12216708377
9962,1.16852981981,0.12801191782
9985,1.15625567743,0.134327300045
10008,1.14386417379,0.141142950532
10031,1.131389665,0.148486754375
10054,1.11887143088,0.156383964992
10077,1.10635358678,0.164856341053
10101,1.09388484856,0.173921232653
10124,1.08151811859,0.183590642362
10147,1.06930987616,0.19387029406
10171,1.05731935278,0.204758753169
10194,1.04560748525,0.216246650808
10218,1.0342356523,0.228316071885
10241,1.02326422997,0.240940168159
10265,1.01275098749,0.254083062457
10288,1.00274941912,0.267700089585
10312,0.993307068593,0.281738414568
10336,0.984463975887,0.296138028945
10360,0.976251319946,0.310833109788
10384,0.968690374504,0.325753679919
10408,0.96179185532,0.34082748185
10432,0.955555688838,0.355981962752
10456,0.949971240082,0.371146243132
10480,0.945017946793,0.38625296358
10504,0.940666326871,0.401239901624
10528,0.936879260418,0.41605129124
10552,0.933613461598,0.430638798122
10577,0.930821037727,0.44496214072
10601,0.928451051484,0.458989369353
10625,0.926451016165,0.472696835744
10650,0.92476826018,0.486068903889
10675,0.923351132692,0.499097450923
10699,0.922150021735,0.511781215434
10724,0.921118191414,0.524125035806
10749,0.920212413448,0.536139037924
10773,0.919393453238,0.547837781221
10798,0.918626364465,0.559239426863
10823,0.91788067337,0.570364914061
10848,0.917130407402,0.581237198685
10873,0.916354050852,0.591880527158
10898,0.915534384432,0.602319790366
10923,0.914658275124,0.612579931128
10948,0.913716390589,0.622685433373
10974,0.912702877989,0.632659876878
10999,0.911615011808,0.642525561547
11024,0.910452811567,0.652303206608
11050,0.909218652206,0.662011713545
11075,0.907916869372,0.671667994042
11101,0.906553369386,0.681286857886
11126,0.905135248683,0.690880958108
11152,0.903670432952,0.700460785487
11178,0.902167337498,0.710034709803
11203,0.900634550213,0.719609064645
11229,0.899080555177,0.72918825832
11255,0.897513480468,0.738774919461
11281,0.895940877847,0.748370066816
11307,0.894369548388,0.757973286051
11333,0.892805393953,0.767582923992
11359,0.891253301045,0.777196289138
11385,0.88971706409,0.786809846
11412,0.888199329363,0.796419413198
11438,0.886701570382,0.806020350191
11464,0.885224087427,0.815607733372
11491,0.883766021766,0.825176525084
11517,0.882325393388,0.834721723182
11544,0.880899148129,0.844238500166
11570,0.879483214733,0.853722328499
11597,0.878072576111,0.86316908544
11624,0.876661337637,0.872575152028
11651,0.875242801064,0.881937497015
11677,0.873809547196,0.891253741647
11704,0.872353505616,0.900522226865
11731,0.870866035994,0.909742058645
11758,0.869337994837,0.918913158633
11786,0.867759815415,0.928036292399
11813,0.866121566709,0.937113112038
11840,0.86441302628,0.946146177873
11867,0.862623740172,0.955138988954
11895,0.860743087593,0.964096004997
11922,0.858760338695,0.973022673895
11950,0.85666471645,0.98192545428
11977,0.854445456916,0.990811840845
12005,0.852091872019,0.999690389221
12032,0.849593412963,1.00857074394
12060,0.846939737615,1.01746366689
12088,0.844120783085,1.02638106587
12116,0.841126846567,1.03533602052
12144,0.837948663843,1.04434281916
12172,0.834577508295,1.05341697957
12200,0.831005289848,1.06257527873
12228,0.827224665355,1.07183577777
12256,0.823229166737,1.08121783329
12284,0.819013326516,1.09074212044
12313,0.814572836438,1.10043061998
12341,0.809904696314,1.11030662329
12369,0.805007394202,1.12039469823
12398,0.799881085896,1.13072065489
12427,0.794527792543,1.14131148105
12455,0.788951608618,1.15219525207
12484,0.783158906797,1.16340102763
12513,0.777158564263,1.17495869183
12542,0.770962170363,1.18689878544
12570,0.764584244589,1.19925227748
12599,0.758042430564,1.21205031596
12628,0.751357683456,1.22532391933
12658,0.744554422688,1.23910363965
12687,0.737660655463,1.25341917716
12716,0.73070805327,1.26829896357
12745,0.723731980529,1.28376970609
12775,0.716771462901,1.29985590545
12804,0.7098690842,1.31657936378
12834,0.70307081495,1.3339586772
12863,0.696425761664,1.35200873749
12893,0.689985836693,1.37074025387
12923,0.683805352726,1.39015930301
12952,0.67794054367,1.41026692449
12982,0.672449015297,1.43105878164
13012,0.667389140606,1.45252488769
13042,0.662819408994,1.47464941057
13072,0.658797740277,1.4974105677
13102,0.6553807758,1.52078061965
13133,0.652623168697,1.54472594733
13163,0.650576880485,1.56920722761
13193,0.64929049453,1.59417971336
13224,0.648808571174,1.61959358478
13254,0.649171042225,1.64539440003
13285,0.650412669094,1.67152360485
13315,0.652562556686,1.69791913708
13346,0.65564375373,1.7245160614
13377,0.659672925246,1.75124728044
13408,0.664660120253,1.7780442696
13439,0.670608632012,1.80483784516
13470,0.677514953599,1.83155895791
13501,0.685368842065,1.85813947092
13532,0.694153477023,1.88451294807
13563,0.703845727662,1.91061539835
13594,0.714416512641,1.93638599371
13625,0.725831254178,1.96176772638
13657,0.738050418194,1.98670799067
13688,0.751030121206,2.01115909918
13720,0.764722801554,2.03507869328
13752,0.779077932265,2.05843006012
13783,0.79404276333,2.0811823394
13815,0.80956306886,2.10331063684
13847,0.825583895631,2.12479600939
13879,0.84205027985,2.14562537002
13911,0.858907929855,2.16579128517
13943,0.876103854239,2.18529169348
13975,0.893586927589,2.20412954897
14007,0.911308385932,2.22231240101
14040,0.929222240616,2.23985193891
14072,0.947285616128,2.25676349435
14104,0.965459005155,2.27306553162
14137,0.983706448291,2.28877912547
14169,1.00199563537,2.30392745538
14202,1.02029794149,2.31853530877
14235,1.03858839905,2.33262861466
14268,1.05684561935,2.34623400113
14301,1.07505166372,2.35937839992
14334,1.09319188297,2.37208867786
14367,1.11125471907,2.38439132754
14400,1.12923149409,2.39631217992
14433,1.14711617687,2.40787617396
14466,1.16490514199,2.41910716324
14499,1.18259692788,2.430027755
14533,1.20019199468,2.44065918712
14566,1.2176924852,2.45102124107
14600,1.23510199481,2.46113218206
14634,1.25242535413,2.47100871983
14667,1.26966841956,2.48066600098
14701,1.28683788186,2.49011761131
14735,1.30394108462,2.49937560326
14769,1.3209858608,2.50845053002
14803,1.33798038093,2.51735149664
14837,1.35493301797,2.52608621557
14871,1.37185222606,2.53466106937
14906,1.38874643039,2.54308118271
14940,1.40562393152,2.55135049449
14975,1.42249282097,2.55947183357
15009,1.43936091016,2.56744699123
15044,1.45623566571,2.57527680123
15078,1.47312415557,2.58296121624
15113,1.49003300727,2.59049937711
15148,1.5069683664,2.59788969351
15183,1.52393587209,2.60512990503
15218,1.54094062975,2.61221715569
15253,1.55798719362,2.61914805841
15288,1.57507955475,2.62591875585
15323,1.59222113315,2.63252497917
15359,1.60941477332,2.63896210433
15394,1.62666274056,2.64522520993
15430,1.643966727,2.65130912093
15465,1.66132785284,2.65720846158
15501,1.67874667493,2.66291769699
15537,1.69622319662,2.6684311732
15572,1.71375687536,2.67374316058
15608,1.73134663444,2.6788478902
15644,1.74899087901,2.6837395827
15680,1.76668750586,2.68841248623
15716,1.78443392078,2.69286090125
15753,1.80222705074,2.69707921228
15789,1.82006336098,2.70106191063
15825,1.83793887113,2.70480361743
15862,1.85584916657,2.70829911209
15898,1.87378941995,2.71154334438
15935,1.89175440276,2.71453145964
15972,1.90973850018,2.71725881775
16009,1.92773573264,2.71972100096
16046,1.9457397609,2.72191384417
16082,1.96374391042,2.72383343616
16120,1.98174118164,2.72547613992
16157,1.9997242628,2.72683860796
16194,2.01768554496,2.72791779356
16231,2.03561713809,2.72871095992
16269,2.05351088142,2.7292156961
16306,2.07135835768,2.72942992719
16344,2.08915090408,2.72935192833
16382,2.10687962656,2.72898033397
16419,2.12453541444,2.72831414666
16457,2.14210894476,2.72735275913
16495,2.15959070217,2.72609595655
16533,2.17697098738,2.72454393392
16571,2.19423992977,2.72269730891
16609,2.2113874999,2.72055713565
16648,2.22840352399,2.71812491747
16686,2.24527769071,2.71540263025
16725,2.26199957609,2.71239272575
16763,2.2785586481,2.70909816153
16802,2.29494428874,2.70552241223
16840,2.31114581056,2.70166949032
16879,2.32715246919,2.69754397453
16918,2.34295349636,2.69315101784
16957,2.35853811437,2.688496381
16996,2.37389556213,2.68358645664
17035,2.38901512757,2.67842829075
17075,2.40388618374,2.67302960488
17114,2.41849821263,2.66739883722
17154,2.4328408632,2.66154515076
17193,2.44690398166,2.65547847784
17233,2.46067767728,2.64920953106
17272,2.47415236893,2.64274984081
17312,2.48731885937,2.63611176793
17352,2.5001684008,2.62930853062
17392,2.51269277842,2.62235421646
17432,2.52488439078,2.61526380082
17473,2.53673636042,2.60805313571
17513,2.54824261933,2.60073896531
17553,2.55939803403,2.59333889862
17594,2.5701985247,2.5858713846
17634,2.58064118598,2.57835567828
17675,2.59072442248,2.57081178153
17716,2.60044809036,2.56326036341
17756,2.60981363138,2.55572266913
17797,2.61882420997,2.54822040208
17838,2.62748485453,2.54077557276
17880,2.63580257881,2.53341033263
17921,2.64378649587,2.52614677498
17962,2.65144791545,2.5190067065
18003,2.65880041957,2.51201138945
18045,2.66585989501,2.50518127058
18087,2.67264454993,2.49853566788
18128,2.67917486645,2.49209245942
18170,2.6854735292,2.48586773709
18212,2.69156527227,2.47987548205
18254,2.69747668819,2.47412722696
18296,2.70323597383,2.46863173682
18338,2.70887260846,2.46339472447
18380,2.71441698628,2.45841859471
18423,2.71989999038,2.45370224597
18465,2.7253525155,2.44924094183
18508,2.73080497166,2.44502624338
18551,2.7362867621,2.44104602898
18593,2.7418257427,2.43728461402
18636,2.7474477316,2.43372292653
18679,2.75317599835,2.43033881585
18722,2.75903083672,2.42710741089
18765,2.76502920065,2.42400155109
18809,2.77118439211,2.42099229897
18852,2.77750585825,2.41804947681
18895,2.78399908334,2.41514222849
18939,2.79066555469,2.41223960812
18983,2.7975028506,2.40931113325
19026,2.80450481269,2.40632731313
19070,2.81166177656,2.4032601509
19114,2.81896089708,2.4000835649
19158,2.8263865221,2.39677374771
19202,2.83392059108,2.39330946331
19247,2.84154307841,2.38967224983
19291,2.84923243429,2.38584655603
19336,2.85696601489,2.38181980993
19380,2.8647205125,2.37758240657
19425,2.87247235362,2.37312764088
19470,2.88019804707,2.36845160306
19514,2.88787451402,2.36355301423
19559,2.89547937448,2.35843303094
19605,2.90299116742,2.35309504465
19650,2.91038954787,2.34754444933
19695,2.91765544564,2.3417883991
19740,2.92477115899,2.33583558585
19786,2.93172043537,2.32969600295
19832,2.93848852835,2.32338071169
19877,2.94506217383,2.31690166211
19923,2.95142961851,2.31027146826
19969,2.95758057368,2.30350324344
20015,2.96350615895,2.2966104479
20061,2.96919887176,2.28960672408
20107,2.97465248515,2.28250579776
20154,2.97986200262,2.27532134623
20200,2.98482356153,2.26806691894
20247,2.98953436962,2.26075584543
20293,2.99399260541,2.25340118411
20340,2.9981973629,2.24601565
20387,3.00214853792,2.23861159898
20434,3.00584679596,2.2312009624
20481,3.00929346674,2.22379524772
20528,3.01249049747,2.21640550527
20576,3.01544037626,2.2090423267
20623,3.01814608672,2.2017158287
20671,3.02061103543,2.19443566425
20718,3.02283901788,2.1872110126
20766,3.02483416037,2.1800505927
20814,3.02660088011,2.17296266877
20862,3.02814385641,2.16595505254
20910,3.02946797678,2.15903512761
20958,3.03057832101,2.15220984992
21007,3.03148011215,2.14548577509
21055,3.03217872033,2.13886905051
21104,3.03267961107,2.1323654492
21152,3.03298833887,2.12598037336
21201,3.03311051994,2.11971887413
21250,3.03305181195,2.11358566769
21299,3.0328179263,2.10758512973
21348,3.03241457163,2.10172133871
21397,3.03184747448,2.095998066
21447,3.03112235067,2.09041880083
21496,3.03024490672,2.08498675482
21546,3.02922083062,2.07970487421
21595,3.02805576635,2.07457586339
21645,3.0267553227,2.06960218498
21695,3.02532508142,2.06478606058
21745,3.02377055601,2.06012950518
21795,3.02209720905,2.05563432161
21845,3.02031045968,2.05130210165
21896,3.01841564081,2.04713426129
21946,3.01641803959,2.04313201926
21997,3.01432287195,2.03929642028
22047,3.01213526547,2.03562835242
22098,3.00986029902,2.032128526
22149,3.00750295678,2.0287975102
22200,3.00506814689,2.02563572584
22251,3.00256071336,2.02264344273
22303,2.99998540886,2.01982080305
22354,2.9973468989,2.01716782361
22406,2.99464976439,2.01468439901
22457,2.99189852466,2.01237029089
22509,2.98909759012,2.01022516447
22561,2.9862512906,2.00824857404
22613,2.98336387858,2.0064399652
22665,2.98043950909,2.00479869277
22717,2.97748225652,2.00332401372
22770,2.97449609657,2.00201510348
22822,2.97148493539,2.00087104049
22875,2.96845257049,1.99989083651
22928,2.96540273107,1.99907341342
22980,2.96233903315,1.99841763739
23033,2.9592650311,1.99792228802
23086,2.95618416852,1.99758609522
23140,2.95309980865,1.99740772255
23193,2.95001522672,1.99738577604
23247,2.9469336104,1.99751880763
23300,2.94385806188,1.99780531741
23354,2.94079158522,1.99824376585
23408,2.93773710631,1.9988325639
23462,2.93469746082,1.99957008472
23516,2.93167540164,2.00045466225
23570,2.92867358368,2.00148460513
23624,2.92569459813,2.00265817685
23679,2.92274093347,2.00397362595
23733,2.91981500382,2.00542917011
23788,2.91691913285,2.00702301078
23843,2.91405556498,2.00875332893
23898,2.91122647651,2.01061828089
23953,2.90843393915,2.01261602699
24008,2.90567996427,2.01474470449
24063,2.90296647803,2.01700244826
24119,2.90029533741,2.01938738306
24175,2.89766831271,2.02189763918
24230,2.89508710612,2.02453134298
24286,2.89255335208,2.02728661997
24342,2.8900686075,2.03016160505
24398,2.88763435931,2.03315444067
24454,2.88525203218,2.03626327466
24511,2.88292297499,2.03948627315
24567,2.88064848183,2.04282160906
24624,2.87842977642,2.04626747635
24681,2.87626802344,2.04982208527
24738,2.8741643379,2.05348365887
24795,2.87211976373,2.05725045142
24852,2.87013528376,2.06112074451
24909,2.86821185665,2.06509282365
24967,2.86635036472,2.06916501862
25024,2.86455164155,2.07333568687
25082,2.86281648748,2.07760320507
25140,2.86114564803,2.08196598774
25198,2.85953982319,2.08642248324
25256,2.85799969097,2.09097115948
25314,2.85652586504,2.09561053745
25372,2.85511894962,2.10033915381
25431,2.85377948839,2.10515560081
25489,2.85250802001,2.11005848802
25548,2.85130504115,2.11504647191
25607,2.85017102223,2.12011824662
25666,2.8491064105,2.12527254388
25725,2.84811163949,2.13050812807
25785,2.84718711291,2.13582381031
25844,2.84633322156,2.14121843778
25904,2.84555034946,2.14669089096
25963,2.84483885806,2.15224009716
26023,2.84419911625,2.15786500961
26083,2.84363145982,2.16356463956
26143,2.84313624707,2.1693380156
26203,2.842713821,2.17518421357
26264,2.8423645221,2.18110234806
26324,2.8420887032,2.18709156205
26385,2.84188671982,2.19315103514
26446,2.84175893815,2.19927997821
26507,2.84170571727,2.20547764778
26568,2.84172744721,2.21174331713
26629,2.84182452079,2.21807629832
26691,2.84199735078,2.22447592921
26752,2.84224636779,2.23094157505
26814,2.84257202116,2.23747262771
26876,2.84297478788,2.24406849848
26938,2.8434551508,2.25072863477
27000,2.84401364075,2.25745248636
27062,2.84465080061,2.26423953307
27124,2.8453671914,2.27108927922
27187,2.84616343239,2.27800122053
27250,2.84704015918,2.2849748764
27312,2.84799801783,2.29200979338
27375,2.84903773109,2.29910549052
27438,2.8501600137,2.30626152576
27502,2.85136563938,2.31347744025
27565,2.85265542288,2.32075277078
27629,2.85403017823,2.32808708158
27692,2.85549079812,2.33547989767
27756,2.85703818972,2.34293075452
27820,2.85867330625,2.35043916989
27884,2.86039712739,2.35800465714
27949,2.86221066166,2.3656267206
28013,2.86411499452,2.37330481282
28078,2.8661112098,2.38103839638
28142,2.86820042771,2.38882690946
28207,2.87038383433,2.39666973783
28272,2.87266261722,2.40456626511
28337,2.87503799467,2.41251584502
28403,2.8775112548,2.42051776492
28468,2.88008368174,2.42857130397
28534,2.88275659655,2.4366756952
28600,2.88553135269,2.4448301254
28665,2.88840933257,2.45303373413
28732,2.89139194323,2.46128561349
28798,2.89448058379,2.46958483192
28864,2.89767671515,2.47793037086
28931,2.90098180295,2.4863211693
28997,2.9043973062,2.49475612966
29064,2.90792472257,2.503234075
29131,2.911565543,2.51175378401
29198,2.91532129014,2.52031395395
29266,2.91919346068,2.52891324652
29333,2.92318356324,2.53755025145
29401,2.92729312128,2.54622348004
29469,2.93152363764,2.55493139231
29537,2.93587658954,2.56367239783
29605,2.94035349468,2.57244479461
29673,2.94495580402,2.58124685927
29741,2.94968498942,2.59007676724
29810,2.9545424703,2.59893265385
29879,2.95952966551,2.60781256593
29947,2.96464796434,2.61671448436
30016,2.96989871033,2.62563633582
30086,2.97528322223,2.63457597178
30155,2.98080277864,2.64353117984
30225,2.98645861887,2.65249968087
30294,2.99225194896,2.66147912171
30364,2.99818391194,2.67046709994
30434,3.0042555838,2.67946116608
30504,3.01046804412,2.68845875935
30575,3.01682224569,2.69745732289
30645,3.02331914171,2.70645418942
30716,3.02995957671,2.71544667814
30786,3.03674436083,2.72443202795
30857,3.04367419872,2.73340746103
30929,3.05074978225,2.74237009977
31000,3.05797167868,2.75131706747
31071,3.06534038981,2.7602454359
31143,3.07285635037,2.76915222749
31215,3.08051993614,2.77803440899
31287,3.08833137598,2.78688897208
31359,3.09629089031,2.79571280995
31431,3.10439856449,2.80450283325
31504,3.11265440214,2.81325592388
31576,3.12105834876,2.82196891575
31649,3.12961021315,2.83063866812
31722,3.13830975648,2.83926198756
31795,3.14715663548,2.84783568203
31868,3.15615040847,2.8563565583
31942,3.16529054141,2.86482141952
32015,3.17457640258,2.87322707319
32089,3.18400727938,2.88157031937
32163,3.19358237906,2.88984795346
32237,3.20330077725,2.89805681642
32312,3.21316147072,2.90619375076
32386,3.22316340661,2.91425557798
32461,3.23330537274,2.92223920177
32536,3.24358609146,2.93014152711
32611,3.25400423292,2.93795945247
32686,3.26455832812,2.94568995263
32761,3.2752468449,2.95333001428
32837,3.28606815869,2.9608766667
32912,3.29702054954,2.96832698888
32988,3.3081022225,2.9756780955
33064,3.31931131124,2.98292713809
33141,3.3306458549,2.99007133037
33217,3.34210381729,2.99710793533
33294,3.35368308505,3.00403427137
33370,3.36538148041,3.01084770528
33447,3.37719673876,3.01754567669
33524,3.38912652094,3.02412569144
33602,3.40116844548,3.03058529711
33679,3.41332006136,3.03692211168
33757,3.42557879206,3.04313387746
33835,3.43794212164,3.0492182997
33913,3.45040737464,3.05517324653
33991,3.46297184185,3.06099664097
34069,3.47563278426,3.06668646158
34148,3.48838740188,3.07224077393
34226,3.50123285681,3.07765771396
34305,3.51416624176,3.08293551941
34384,3.52718465489,3.08807246757
34464,3.54028507718,3.09306698631
34543,3.55346453237,3.09791751726
34623,3.56671995958,3.10262263063
34702,3.58004834287,3.10718091532
34782,3.59344651664,3.11159115123
34863,3.60691140901,3.11585210063
34943,3.62043983535,3.11996269007
35024,3.63402869305,3.12392184465
35104,3.64767473963,3.12772868184
35185,3.66137481989,3.13138231826
35266,3.67512572101,3.13488199667
35348,3.68892424879,3.13822702271
35429,3.70276716123,3.14141682349
35511,3.7166512753,3.14445085875
35593,3.7305733564,3.1473287165
35675,3.74453019979,3.15005004555
35757,3.75851858548,3.15261459519
35839,3.77253532295,3.15502217886
35922,3.78657722834,3.15727269471
36005,3.80064109633,3.15936615005
36088,3.81472380476,3.16130257522
36171,3.82882218047,3.16308213614
36254,3.84293309467,3.16470505567
36338,3.85705346992,3.16617160888
36422,3.87118020463,3.16748218565
36506,3.88531026981,3.16863721165
36590,3.89944058964,3.16963724626
36674,3.91356821756,3.17048283916
36759,3.92769018125,3.17117465692
36844,3.94180352296,3.17171344972
36928,3.95590535995,3.17210000255
37014,3.96999284772,3.17233516493
37099,3.98406312239,3.17241989648
37184,3.9981134409,3.17235515449
37270,4.01214106008,3.17214199017
37356,4.02614326344,3.17178152641
37442,4.04011740027,3.1712749262
37528,4.0540608854,3.17062339235
37615,4.06797111577,3.16982823203
37702,4.08184559854,3.16889075549
37789,4.09568187555,3.16781233443
37876,4.10947752939,3.16659439606
37963,4.12323015432,3.16523844428
38051,4.13693750318,3.16374594556
38138,4.15059726071,3.16211850199
38226,4.16420720108,3.16035772876
38314,4.17776521152,3.15846523544
38403,4.1912692204,3.15644267971
38491,4.20471707094,3.15429186046
38580,4.21810687145,3.15201445262
38669,4.23143660953,3.14961229585
38758,4.2447044797,3.14708714758
38847,4.25790855916,3.14444092303
38937,4.27104718038,3.14167541711
39027,4.28411854872,3.13879258576
39117,4.29712106023,3.13579430979
39207,4.31005309932,3.13268254217
39297,4.32291312049,3.12945924617
39388,4.33569964218,3.12612639834
39479,4.34841121991,3.12268600612
39570,4.36104649677,3.11914006974
39661,4.37360413741,3.11549062791
39752,4.38608289125,3.11173971077
39844,4.3984815726,3.10788935253
39936,4.41079903743,3.10394160626
40028,4.42303415167,3.09989856403
40120,4.43518592924,3.09576225829
40213,4.44725333444,3.09153479869
40305,4.4592354559,3.0872182485
40398,4.47113142154,3.08281468244
40491,4.48294039531,3.07832618703
40585,4.4946616294,3.07375482285
40678,4.50629440662,3.06910266265
40772,4.51783804245,3.0643717879
40866,4.52929189447,3.05956428049
40960,4.54065543376,3.05468217296
41055,4.55192813283,3.04972752271
41149,4.56310955654,3.04470234918
41244,4.57419921624,3.03960872964
41339,4.58519676118,3.03444866962
41434,4.59610190101,3.02922415368
41530,4.60691432101,3.02393719963
41626,4.617633749,3.01858981238
41722,4.62826001099,3.01318394623
41818,4.63879303949,3.00772149869
41914,4.64923258609,3.00220449553
42011,4.65957868936,2.99663478549
42108,4.66983127679,2.99101429715
42205,4.67999038668,2.985344894
42302,4.69005600384,2.97962847849
42400,4.70002827813,2.97386685125
42497,4.70990730818,2.96806184781
42595,4.71969324867,2.96221526892
42693,4.72938624875,2.95632891809
42792,4.73898662267,2.95040449375
42891,4.74849463756,2.94444372135
42989,4.75791048525,2.9384483687
43089,4.76723456605,2.93242006898
43188,4.77646723186,2.92636047939
43287,4.78560881735,2.9202712601
43387,4.79465973393,2.91415401569
43487,4.80362047768,2.90801028995
43587,4.81249142318,2.9018416901
43688,4.82127315724,2.89564968368
43789,4.8299661868,2.88943577471
43890,4.83857093365,2.88320150484
43991,4.84708801026,2.87694828761
44092,4.85551806999,2.87067749826
44194,4.8638616642,2.8643905574
44296,4.87211939147,2.85808884147
44398,4.88029184926,2.85177371062
44500,4.88837983911,2.8454463885
44603,4.89638388171,2.83910824497
44706,4.90430470242,2.83276051183
44809,4.91214309665,2.8264043618
44912,4.919899719,2.82004102966
45015,4.92757535239,2.81367165631
45119,4.93517059165,2.80729746967
45223,4.942686354,2.80091949283
45328,4.95012342583,2.79453880292
45432,4.95748246923,2.78815652557
45537,4.96476431037,2.78177367163
45642,4.97196981761,2.77539120658
45747,4.97909969951,2.76901016293
45852,4.98615481841,2.76263146455
45958,4.99313607902,2.75625598949
46064,5.00004418342,2.74988470489
46170,5.00688006547,2.74351842671
46277,5.01364447529,2.73715804872
46383,5.02033833463,2.73080434723
46490,5.02696243083,2.72445814853
46597,5.0335176834,2.71812018353
46705,5.04000490211,2.71179121913
46813,5.04642493273,2.70547197901
46920,5.05277866467,2.69916313984
47029,5.05906694013,2.69286538013
47137,5.06529064072,2.68657933381
47246,5.07145057737,2.68030564886
47355,5.07754769324,2.67404487988
47464,5.08358280432,2.66779762554
47573,5.08955668236,2.66156448412
47683,5.09547030127,2.65534592488
47793,5.10132448322,2.64914247383
47903,5.10712005661,2.64295463075
48013,5.11285786493,2.6367828649
48124,5.118538744,2.63062762701
48235,5.12416356661,2.6244893266
48346,5.12973310482,2.61836840282
48458,5.13524830237,2.61226518523
48569,5.14070986524,2.60618010313
48681,5.14611862458,2.60011350038
48794,5.15147552777,2.59406564129
48906,5.15678121016,2.58803692682
49019,5.16203656784,2.58202760573
49132,5.16724232123,2.57603799465
49245,5.17239938866,2.57006829132
49359,5.17750842641,2.56411880435
49472,5.1825702533,2.55818974177
49586,5.18758565589,2.55228130862
49701,5.19255540223,2.5463937002
49815,5.19748009712,2.54052717308
49930,5.20236078062,2.53468175255
50045,5.20719784773,2.52885776103
50161,5.21199221907,2.52305524673
50276,5.21674468498,2.51727430455
50392,5.22145582015,2.51151511654
50508,5.22612623796,2.50577782866
50625,5.23075686404,2.50006242068
50741,5.23534826369,2.49436902942
50858,5.23990116026,2.48869770017
50976,5.24441613892,2.48304852851
51093,5.24889387153,2.47742155354
51211,5.25333504817,2.47181679111
51329,5.25774031085,2.46623426545
51447,5.26211027571,2.46067399877
51566,5.26644548543,2.45513603368
51685,5.27074668552,2.44962030461
51804,5.27501443574,2.44412681968
51923,5.2792492999,2.43865557208
52043,5.28345188753,2.43320652129
52163,5.28762266555,2.42777968021
52283,5.2917624275,2.42237489978
52404,5.29587147778,2.41699224388
52525,5.29995056448,2.41163156186
52646,5.3040000951,2.40629284775
52767,5.30802063915,2.40097601095
52889,5.31201269725,2.39568098181
53011,5.31597686498,2.39040763785
53133,5.31991355701,2.3851559284
53255,5.3238233226,2.37992573268
53378,5.32770655747,2.3747169895
53501,5.33156375053,2.3695295869
53624,5.33539544497,2.36436338031
53748,5.33920205123,2.35921827589
53872,5.34298399955,2.35409416278
53996,5.34674179053,2.34899089127
54121,5.35047578901,2.34390836392
54245,5.35418640008,2.33884645807
54370,5.35787406953,2.33380502621
54496,5.36153928033,2.32878389805
54621,5.36518230216,2.32378298952
54747,5.3688035543,2.318802145
54874,5.37240346744,2.31384119802
55000,5.37598245549,2.30889998372
55127,5.37954070441,2.30397842944
55254,5.38307871465,2.29907632194
55381,5.38659682651,2.29419351169
55509,5.39009531118,2.28932987349
55637,5.39357456742,2.28448522302
55765,5.39703495004,2.27965939024
55894,5.40047668853,2.27485225367
56023,5.40390009772,2.27006365137
56152,5.40730552112,2.26529340544
56281,5.41069322645,2.26054136598
56411,5.41406352082,2.25580736292
56541,5.41741691824,2.25109113684
56671,5.42075332812,2.24639267663
56802,5.42407311494,2.24171177831
56933,5.4273766326,2.23704823975
57064,5.43066410606,2.2324019094
57196,5.43393590035,2.22777257549
57327,5.43719203721,2.22316016463
57460,5.44043278678,2.21856449879
57592,5.44365861497,2.21398531823
57725,5.44686961425,2.20942251363
57858,5.45006583781,2.20487598902
57991,5.45324774508,2.20034548198
58125,5.45641551215,2.19583084345
58259,5.45956915832,2.19133198559
58393,5.46270917637,2.18684862877
58528,5.46583560314,2.18238067529
58663,5.46894845388,2.17792803413
58798,5.47204820868,2.17349042783
58934,5.47513499842,2.16906771743
59069,5.47820885176,2.16465980325
59206,5.48126999359,2.16026650683
59342,5.48431884255,2.15588757305
59479,5.48735507576,2.15152303787
59616,5.49037929188,2.14717257437
59753,5.49339125159,2.14283618377
59891,5.49639154577,2.13851354233
60029,5.49937993051,2.13420465171
60168,5.50235687251,2.12990923669
60306,5.50532231415,2.12562722562
60445,5.50827638309,2.1213584746
60585,5.51121920757,2.11710283946
60724,5.51415103917,2.11286012877
60864,5.51707185992,2.10863025468
61005,5.519981811,2.10441306828
61145,5.52288118176,2.10020836457
61286,5.52576983338,2.0960161019
61428,5.52864816865,2.091836033
61569,5.5315159416,2.08766815693
61711,5.53437347477,2.08351225777
61853,5.53722081376,2.07936822486
61996,5.54005831851,2.07523583006
62139,5.54288548371,2.07111517005
62282,5.545703087,2.06700586161
62426,5.54851069095,2.06290797643
62570,5.55130859312,2.0588213123
62714,5.55409674501,2.05474579645
62858,5.55687545212,2.05068122566
63003,5.55964481012,2.04662747552
63149,5.56240459451,2.04258453997
63294,5.5651551389,2.03855220817
63440,5.56789645132,2.03453039001
63586,5.57062852494,2.03051900134
63733,5.57335174232,2.026517817
63880,5.57606562329,2.02252692673
64027,5.5787705796,2.01854609648
64175,5.58146685391,2.01457515533
64322,5.58415399369,2.01061418424
64471,5.58683252309,2.00666291246
64619,5.58950214257,2.00272136694
64768,5.59216316889,1.99878935402
64918,5.59481562449,1.99486678689
65067,5.59745946137,1.99095360461
65217,5.60009472068,1.98704971526
65368,5.60272151303,1.98315500327
65518,5.60533996929,1.97926934711
65669,5.60794996224,1.97539271745
65821,5.61055167825,1.97152497517
65973,5.61314497564,1.96766609762
66125,5.61573036714,1.96381583369
66277,5.61830740649,1.95997426942
66430,5.62087602141,1.95614136005
66583,5.62343675586,1.95231684754
66736,5.62598920683,1.94850080449
66890,5.62853350613,1.94469311831
67045,5.63107011315,1.94089356477
67199,5.63359857371,1.93710223624
67354,5.63611916549,1.93331897339
67509,5.63863164178,1.92954379818
67665,5.6411362396,1.9257765675
67821,5.6436332723,1.92201711394
67977,5.64612219673,1.91826556297
68134,5.64860357875,1.91452166332
68291,5.6510766486,1.91078561806
68448,5.65354267544,1.90705694089
68606,5.65600029354,1.90333603716
68764,5.65845059022,1.89962248521
68923,5.66089310666,1.89591638554
69082,5.66332813118,1.89221758845
69241,5.66575523435,1.88852618527
69401,5.66817504301,1.88484191558
69561,5.67058702946,1.88116490482
69721,5.67299156917,1.8774949787
69882,5.67538863982,1.87383209633
70043,5.67777804575,1.87017627465
70204,5.6801603376,1.86652728562
70366,5.68253476366,1.86288533065
70528,5.68490198062,1.85925014907
70691,5.6872614633,1.85562186862
70854,5.68961367028,1.85200029606
71017,5.69195832877,1.84838547784
71181,5.69429615761,1.84477713909
71345,5.69662601597,1.84117560901
71509,5.6989486539,1.83758060439
71674,5.7012638997,1.83399214155
71840,5.70357213183,1.83041006053
72005,5.70587298235,1.82683444221
72171,5.70816628683,1.82326530212
72338,5.71045275484,1.8197023775
72504,5.71273175511,1.81614583471
72671,5.71500326479,1.81259564598
72839,5.71726793346,1.8090515714
73007,5.7195249456,1.8055138362
73175,5.72177502834,1.80198217803
73344,5.72401818576,1.79845656455
73513,5.72625350707,1.79493725088
73682,5.728482172,1.79142383637
73852,5.73070382925,1.78791640214
74022,5.73291798214,1.78441507418
74193,5.73512504477,1.78091969482
74364,5.73732516764,1.77743018992
74536,5.73951835238,1.77394653236
74707,5.74170408791,1.77046885376
74880,5.74388304232,1.76699692208
75052,5.74605504013,1.76353076671
75225,5.74821942197,1.76007056526
75399,5.75037688319,1.75661608019
75572,5.75252790584,1.75316714153
75747,5.75467142002,1.74972405307
75921,5.75680829222,1.74628652873
76096,5.75893814,1.74285466338
76272,5.76106090349,1.73942845395
76448,5.76317666293,1.73600785547
76624,5.76528497671,1.73259298056
76800,5.76738713353,1.72918342232
76977,5.76948200493,1.72577950094
77155,5.77157047214,1.72238093422
77333,5.77365099179,1.71898816472
77511,5.77572550949,1.71560059486
77690,5.77779331979,1.71221841851
77869,5.77985363303,1.70884185293
78048,5.78190696324,1.70547072908
78228,5.78395369325,1.70210491839
78409,5.78599436692,1.69874424648
78589,5.78802740482,1.69538916278
78771,5.79005389359,1.69203933373
78952,5.79207344861,1.68869485804
79134,5.79408602567,1.68535573477
79317,5.79609189154,1.68202187298
79499,5.79809147115,1.67869313703
79683,5.80008355027,1.67536986627
79866,5.80206961866,1.67205161789
80050,5.80404851186,1.66873871654
80235,5.80602107778,1.66543090687
80420,5.80798666008,1.66212836659
80605,5.80994498368,1.65883116316
80791,5.81189719366,1.65553895906
80977,5.81384342835,1.65225170625
81164,5.81578194185,1.64896989159
81351,5.81771473045,1.64569293905
81539,5.81963964874,1.64242144701
81727,5.82155849587,1.63915489788
81915,5.82347112003,1.63589332708
82104,5.82537712942,1.63263683717
82293,5.82727655535,1.62938541165
82483,5.82916920024,1.6261390982
82673,5.83105540202,1.6228977952
82864,5.8329344058,1.6196617056
83055,5.83480749562,1.61643046582
83246,5.83667412463,1.6132042218
83438,5.83853393451,1.60998306637
83630,5.84038731231,1.60676688658
83823,5.84223430022,1.60355566533
84016,5.84407430654,1.60034955945
84210,5.84590876558,1.59714817092
84404,5.84773627361,1.59395187917
84599,5.84955810503,1.59076033193
84794,5.85137165048,1.58757423408
84989,5.85318049216,1.58439260814
85185,5.85498230919,1.58121607999
85382,5.85677774001,1.57804447252
85578,5.85856719131,1.57487767268
85776,5.86034966759,1.57171594466
85973,5.86212665436,1.56855888648
86172,5.86389665614,1.56540689577
86370,5.86565976111,1.56225994486
86569,5.86741735131,1.55911766259
86769,5.86916831181,1.55598034335
86969,5.87091323738,1.55284782669
87169,5.87265268471,1.54971996382
87370,5.87438426744,1.54659738225
87572,5.87611038073,1.54347944785
87774,5.87783103563,1.54036615723
87976,5.87954407945,1.53725807285
88179,5.88125143255,1.53415468961
88382,5.88295306273,1.53105601531
88586,5.88464770514,1.52796237783
88790,5.88633711074,1.52487332088
88995,5.88801904405,1.52178942274
89200,5.8896965213,1.51870990227
89405,5.89136682581,1.51563546046
89612,5.89303153485,1.51256568982
89818,5.89469011668,1.50950072672
90025,5.89634173327,1.50644078463
90233,5.89798828757,1.50338537645
90441,5.8996277464,1.5003350206
90649,5.9012624222,1.49728912825
90858,5.90288956695,1.49424839701
91068,5.90451203564,1.4912121031
91278,5.90612834099,1.48818062357
91488,5.90773852397,1.48515394786
91699,5.90934280208,1.48213202132
91910,5.91094071443,1.47911495959
92122,5.91253349314,1.47610245461
92335,5.91411973784,1.47309485694
92547,5.9156997151,1.4700920997
92761,5.91727438728,1.46709394414
92975,5.91884281111,1.46410062515
93189,5.92040540795,1.46111203873
93404,5.92196242315,1.45812812519
93619,5.92351353427,1.45514896492
93835,5.92505859763,1.45217459379
94051,5.92659919821,1.44920462466
94268,5.92813244214,1.4462397667
94485,5.92966039077,1.44327951642
94703,5.93118187525,1.44032415946
94921,5.93269836549,1.43737333951
95140,5.93420916777,1.43442722657
95360,5.93571421169,1.43148583877
95579,5.93721404052,1.42854904644
95800,5.93870754424,1.42561711804
96021,5.94019487763,1.42269001659
96242,5.94167717324,1.41976747189
96464,5.94315373836,1.41684965134
96686,5.94462530388,1.41393638222
96909,5.9460908585,1.41102790686
97132,5.94755072572,1.40812414933
97356,5.94900435372,1.40522524116
97581,5.95045316863,1.40233084657
97806,5.95189615836,1.39944120613
98031,5.95333425775,1.39655610148
98257,5.95476544236,1.39367600892
98484,5.95619267384,1.39080023605
98711,5.95761358019,1.38792933942
98938,5.95902907339,1.38506310716
99166,5.9604387247,1.38220164026
99395,5.96184429332,1.37934453257
99624,5.96324280391,1.37649247455
99854,5.96463790827,1.37364462407
100084,5.96602560098,1.37080190614
100315,5.96740919745,1.36796355902
100546,5.96878730807,1.36512990409
100778,5.97015855919,1.36230125607
101010,5.97152603957,1.35947691092
101243,5.97288787698,1.35665729784
101477,5.97424361738,1.35384252071
101711,5.97559488712,1.35103221207
101945,5.97694145398,1.34822642708
102180,5.97828192803,1.3454254809
102416,5.97961707898,1.3426292009
102652,5.98094748176,1.3398374596
102888,5.98227300938,1.3370502876
103126,5.98359159052,1.33426814875
103363,5.98490660029,1.33149029091
103602,5.98621654121,1.32871705035
103840,5.98751976737,1.32594879315
104080,5.98881958358,1.32318478813
104320,5.99011291991,1.32042571603
104560,5.99140270397,1.31767093229
104801,5.9926865206,1.31492097056
105043,5.99396578445,1.31217552117
105285,5.99523913291,1.30943488383
105528,5.99650726097,1.30669890711
105771,5.99777092986,1.30396742654
106015,5.99902946417,1.30124059074
106259,6.00028382044,1.29851819378
106504,6.00153227616,1.29580061001
106750,6.00277540556,1.29308771558
106996,6.00401513356,1.29037909743
107242,6.00524828185,1.28767544055
107490,6.00647679719,1.28497632716
107737,6.00770197495,1.28228148233
107986,6.00892100768,1.2795915073
108235,6.01013478222,1.27690621288
108484,6.0113439786,1.27422545541
108734,6.01254813607,1.27154933377
108985,6.01374843363,1.2688775999
109236,6.01494307501,1.26621063432
109488,6.01613388791,1.26354805288
109740,6.01731830462,1.26089039595
109993,6.01850056959,1.25823677474
110247,6.01967652034,1.25558806209
110501,6.02084727836,1.25294402321
110756,6.02201499808,1.25030421093
111011,6.02317432876,1.24766973683
111267,6.0243329842,1.24503900219
111523,6.02548445991,1.24241335464
111781,6.02663408354,1.2397916953
112038,6.02777645206,1.23717513778
112297,6.02891413516,1.23456315279
112555,6.03004892995,1.2319553737
112815,6.03117722069,1.22935254053
113075,6.03230232001,1.22675397747
113336,6.03342313106,1.22415990951
113597,6.03453843305,1.22157058466
113859,6.03564943548,1.21898575773
114121,6.03675650444,1.21640535573
114384,6.03785880635,1.21382954741
114648,6.03895674872,1.21125825103
114912,6.04005069692,1.20869139398
115177,6.04113880993,1.20612934477
115443,6.04222398903,1.20357152384
115709,6.04330162377,1.20101884975
115976,6.04437785352,1.1984701011
116243,6.04544957681,1.19592589572
116511,6.04651519826,1.19338654846
116779,6.04757955023,1.19085110549
117049,6.04863735777,1.18832060742
117318,6.04968940645,1.18579489731
117589,6.05073888271,1.18327335009
117860,6.05178496755,1.18075612787
118132,6.05282455363,1.1782438367
118404,6.053861316,1.17573575974
118677,6.05489403582,1.17323213497
118951,6.05592274035,1.17073295723
119225,6.05694532871,1.16823863183
119500,6.05796328945,1.16574886957
119775,6.05898052702,1.16326292
120051,6.0599929322,1.16078157453
120328,6.0609988949,1.15830513966
120605,6.06200011355,1.15583328818
120883,6.06300149128,1.15336508616
121162,6.06399595202,1.15090188179
121441,6.06498495117,1.14844339533
121721,6.06596992765,1.14598935267
122002,6.06695381333,1.14353920072
122283,6.06793167454,1.14109387059
122565,6.06890647487,1.13865280308
122847,6.06987663395,1.13621629463
123131,6.07084152639,1.13378446059
123415,6.07180430761,1.13135671067
123699,6.07276102898,1.12893378061
123984,6.07371778816,1.12651453601
124270,6.07466739299,1.12410031207
124556,6.07561192781,1.12169071905
124844,6.07655488612,1.11928511112
125131,6.07749561558,1.11688361024
125420,6.07842726166,1.11448747438
125709,6.07936119803,1.11209461541
125999,6.08028578801,1.1097071639
126289,6.08120701238,1.10732402285
126580,6.08212814208,1.10494459758
126872,6.08304275057,1.10257005647
127165,6.08395175903,1.10020022843
127458,6.08486018776,1.09783420427
127752,6.08576491447,1.09547254881
128045,6.08666569084,1.09311530548
128341,6.08756079898,1.0907627806
128637,6.08845404724,1.08841428965
128934,6.08934280217,1.0860703033
129231,6.09022564007,1.08373107256
129529,6.09110796824,1.08139563332
129827,6.09198493763,1.07906484693
130127,6.09285822607,1.07673841335
130426,6.09373129557,1.07441572066
130727,6.09459599507,1.07209820533
131029,6.09545844959,1.06978478507
131331,6.0963166956,1.06747580377
131633,6.09717524859,1.0651704702
131937,6.09802775612,1.06286989463
132241,6.0988733434,1.0605742245
132546,6.09972040785,1.05828199712
132851,6.10056123474,1.05599455217
133158,6.10139985188,1.05371118903
133465,6.10223486637,1.05143214743
133772,6.10306389938,1.04915783435
134081,6.10388849506,1.04688798011
134390,6.10471410743,1.0446216484
134700,6.10553270975,1.04236021292
135010,6.10635185585,1.04010238085
135321,6.10716667053,1.03784898337
135633,6.10797671379,1.03560009197
135946,6.1087791678,1.03335617966
136259,6.10958721114,1.0311150153
136573,6.11038232721,1.02887972508
136888,6.11118168324,1.02664741175
137204,6.11196951892,1.02442072348
137520,6.11276216172,1.02219691829
137837,6.11354744833,1.01997803264
138155,6.11432795212,1.01776363126
138473,6.11511257278,1.01555223216
138793,6.11588803555,1.01334604101
139113,6.11665705862,1.01114459938
139433,6.1174323308,1.0089458085
139755,6.11819725107,1.0067524085
140077,6.11895707831,1.00456352547
140400,6.11971771146,1.00237818864
140723,6.12047373433,1.00019728514
141048,6.12122956174,0.998020091079
141373,6.12197712858,0.99584791919
141699,6.12272113229,0.993679998825
142025,6.12346711172,0.99151543008
142353,6.12421024429,0.989354995136
142681,6.12494627153,0.987199378017
143010,6.12567912003,0.985047940185
143340,6.12641431337,0.982899792677
143670,6.12713881288,0.980757025849
144001,6.12786481677,0.978617680478
144333,6.12858267352,0.976483296629
144666,6.12930264172,0.974352235124
144999,6.13001987922,0.972225266758
145334,6.1307333598,0.970102551381
145669,6.13144103893,0.967984408072
146005,6.13215027497,0.965869671865
146341,6.13285584349,0.963759165777
146678,6.13355388688,0.961653490914
147017,6.13424864308,0.95955197644
147355,6.13494412994,0.957453991946
147695,6.13563268707,0.955360731138
148036,6.13632041681,0.95327123867
148377,6.13700914993,0.951185229957
148719,6.1376894444,0.949104166149
149062,6.13837256233,0.947026300682
149405,6.13905172102,0.944952680514
149750,6.13972268556,0.942883951664
150095,6.14039286443,0.940818970169
150441,6.14105635512,0.938758637285
150788,6.14172565172,0.936701040181
151135,6.14238627511,0.934648387879
151484,6.14304072041,0.932600292137
151833,6.14370165694,0.930554827154
152183,6.14435976014,0.928513408402
152534,6.1450038219,0.926477722298
152886,6.14565191551,0.924445035099
153238,6.14629705809,0.922416398433
153591,6.14694449989,0.920391022538
153945,6.14757987414,0.918371055384
154300,6.14822364168,0.916353434306
154656,6.14885188732,0.914341723462
155012,6.1494896076,0.91233219771
155370,6.15011284782,0.910328411718
155728,6.15073473625,0.908328411122
156087,6.15136150005,0.906331276207
156447,6.15198626012,0.904338022275
156807,6.15260190627,0.902349689154
157169,6.15321902188,0.900364718045
157531,6.15383154052,0.898383995065
157894,6.15443662395,0.896407927938
158258,6.15504698584,0.89443466061
158623,6.15565040921,0.892465968529
158989,6.15625838676,0.890500181191
159355,6.15685709734,0.888539296594
159723,6.15744702731,0.886583234255
160091,6.15803647355,0.884630792327
160460,6.15863618537,0.882680428422
160830,6.15922787243,0.880734766806
161200,6.15981578923,0.878793191219
161572,6.16039509489,0.876856385599
161945,6.16097284232,0.874923338482
162318,6.16155591717,0.872993071313
162692,6.16212436393,0.871068408696
163067,6.16270715547,0.869145248704
163443,6.16327723725,0.867227410572
163820,6.16384477215,0.865313453641
164197,6.1644111967,0.863403172626
164576,6.16497372681,0.861496953862
164955,6.16552867899,0.859595305467
165336,6.16609266543,0.857695907707
165717,6.16665557838,0.855800170267
166099,6.16719962046,0.853910554559
166482,6.16775844472,0.852022391861
166865,6.16830614301,0.850139265209
167250,6.16884555847,0.848260771194
167636,6.16939492364,0.846384398732
168022,6.16993558719,0.844512708243
168409,6.17048249714,0.842643648236
168798,6.171014147,0.840780152804
169187,6.17154692174,0.838919978315
169577,6.17207719938,0.837063615015
169968,6.17261947361,0.835209097378
170359,6.17313812247,0.833361243399
170752,6.17367717581,0.831514098666
171146,6.17418230724,0.829674980256
171540,6.1747165098,0.827835409123
171936,6.17523306032,0.826001659701
172332,6.17574031278,0.824172598582
172729,6.17626448443,0.822344724223
173128,6.17677613436,0.82052196083
173527,6.17729096703,0.818702213214
173927,6.17779544255,0.816887272322
174328,6.17829296639,0.815076677063
174730,6.17880129984,0.813268080949
175132,6.17928971994,0.811465525926
175536,6.17978931892,0.809664917867
175941,6.18029392969,0.807867070578
176346,6.18078404521,0.806074530118
176753,6.18127739334,0.804284974237
177160,6.18177552665,0.802498201754
177569,6.18225928704,0.800716695722
177978,6.18275109365,0.798937543678
178388,6.18322444615,0.797164166708
178800,6.18370590539,0.795393129314
179212,6.18418522323,0.793625751209
179625,6.18466245595,0.791862020614
180039,6.18513761287,0.790101931796
180454,6.18561065727,0.788345484878
180870,6.18608160109,0.786592673741
181287,6.18655051515,0.784843484789
181705,6.18701730437,0.78309792549
182124,6.18748209569,0.781355975146
182543,6.18794480525,0.779617639748
182964,6.18840548154,0.77788290854
183386,6.18886414648,0.776151774129
183809,6.18932078199,0.774424234143
184233,6.18977538581,0.772700284195
184657,6.1902280107,0.770979913027
185083,6.19067860396,0.769263122529
185510,6.19112726476,0.767549895684
185937,6.19157390631,0.765840238579
186366,6.19201858643,0.764134139337
186795,6.19246130385,0.762431593407
187226,6.19290206124,0.760732595738
187658,6.19334089632,0.759037136971
188090,6.19377775323,0.757345219215
188524,6.19421271595,0.755656827444
188958,6.19464572534,0.753971964131
189394,6.19507684608,0.75229061663
189831,6.19550606367,0.750612781947
190268,6.19593337734,0.7489384554
190707,6.19635878512,0.747267632434
191146,6.19678235406,0.745600300175
191587,6.19720398577,0.743936465668
192029,6.19762379478,0.742276110336
192471,6.19804173451,0.740619234966
192915,6.19845785195,0.738965829124
193360,6.19887209935,0.737315893685
193806,6.1992845094,0.735669419911
194252,6.19969511059,0.734026399586
194700,6.20010386181,0.732386832732
195149,6.20051083476,0.730750706021
195599,6.20091601234,0.729118016629
196050,6.20131935085,0.727488764823
196502,6.20172092592,0.725862936846
196955,6.20212072062,0.724240529816
197409,6.20251877243,0.722621534483
197864,6.20291504372,0.721005950356
198320,6.2033095343,0.719393772551
198777,6.20370226032,0.717784994282
199235,6.2040932869,0.716179603115
199695,6.2044825629,0.714577600064
200155,6.20487011694,0.712978976913
200616,6.20525591618,0.711383732514
201079,6.20564004414,0.70979185236
201542,6.20602248079,0.708203333841
202007,6.2064031802,0.706618177264
202473,6.20678216503,0.705036375087
202939,6.20715953347,0.70345791122
203407,6.20753518531,0.7018827921
203876,6.20790917176,0.700311006967
204346,6.20828151166,0.69874254875
204817,6.20865216579,0.697177416904
205289,6.20902119777,0.695615599316
205763,6.20938856377,0.694057095938
206237,6.20975431557,0.692501896006
206712,6.21011842678,0.690949997497
207189,6.2104809352,0.689401391227
207666,6.21084183047,0.687856073375
208145,6.21120111665,0.686314038509
208625,6.21155881492,0.684775279303
209106,6.21191488591,0.683239795105
209588,6.21226939314,0.681707573925
210071,6.21262232145,0.680178612442
210555,6.21297368336,0.678652904289
211041,6.21332345651,0.677130446905
211527,6.21367168364,0.675611230619
212015,6.21401836007,0.674095250942
212504,6.21436350898,0.672582500354
212993,6.21470709532,0.671072977643
213484,6.21504916084,0.669566673275
213977,6.21538968312,0.668063584653
214470,6.21572874787,0.666563697553
214964,6.21606623764,0.665067019565
215460,6.21640223518,0.663573536785
215957,6.21673673743,0.662083244526
216454,6.21706972934,0.660596139362
216953,6.21740126214,0.659112210819
217453,6.21773133305,0.657631454182
217955,6.21805990692,0.656153868142
218457,6.21838698371,0.654679447652
218961,6.21871263186,0.653208180467
219466,6.21903686374,0.651740060277
219971,6.2193595784,0.650275092629
220479,6.2196808794,0.648813261632
220987,6.22000073634,0.647354565428
221496,6.22031916698,0.645898997129
222007,6.22063619409,0.644446549336
222519,6.22095178825,0.642997220064
223032,6.2212659451,0.641551004706
223546,6.22157875857,0.640107888537
224061,6.2218901376,0.638667875903
224578,6.22220011197,0.637230958685
225095,6.22250874885,0.635797124965
225614,6.22281596499,0.63436637822
226134,6.22312182673,0.63293870663
226656,6.22342628719,0.631514109918
227178,6.22372943514,0.63009257403
227702,6.22403117984,0.628674103118
228227,6.22433158883,0.6272586853
228753,6.22463066214,0.625846315534
229280,6.2249284155,0.624436987206
229809,6.22522481011,0.623030699165
230338,6.22551985305,0.621627445641
230869,6.22581361917,0.620227214116
231402,6.22610603139,0.618830007238
231935,6.22639717072,0.617435811902
232470,6.22668699457,0.616044627305
233006,6.22697546764,0.614656451879
233543,6.22726270202,0.61327126951
234081,6.22754866051,0.611889078847
234621,6.227833321,0.610509877025
235162,6.22811668215,0.609133659124
235704,6.22839877997,0.607760416576
236247,6.22867967009,0.606390138932
236792,6.22895923073,0.605022833023
237337,6.22923757931,0.603658482387
237885,6.2295146933,0.602297084195
238433,6.22979047255,0.600938643085
238983,6.23006508784,0.599583137528
239534,6.23033847584,0.598230568624
240086,6.2306106407,0.596880930947
240639,6.23088155959,0.595534221657
241194,6.23115125018,0.594190434026
241750,6.23141973956,0.592849560443
242307,6.23168704002,0.591511594725
242866,6.23195313714,0.59017653323
243426,6.23221798785,0.588844375004
243987,6.23248172911,0.587515102085
244549,6.23274423148,0.586188721684
245113,6.23300557259,0.58486522147
245678,6.23326577182,0.583544594626
246244,6.23352476951,0.582226841737
246812,6.23378261439,0.580911953234
247381,6.2340392789,0.57959992668
247951,6.23429477114,0.578290756308
248523,6.23454917854,0.576984429014
249096,6.23480240978,0.575680948272
249670,6.23505450559,0.574380305313
250246,6.23530545372,0.573082496272
250822,6.23555531598,0.571787510481
251401,6.23580401866,0.570495349722
251980,6.23605160484,0.569206005053
252561,6.23629809553,0.567919469581
253143,6.236543395,0.566635747034
253727,6.23678765963,0.565354818205
254312,6.23703088167,0.564076678865
254898,6.23727292183,0.562801336646
255486,6.23751394055,0.561528772079
256074,6.23775380106,0.560258992525
256665,6.23799262372,0.558991982189
257255,6.23823039765,0.55772773711
257850,6.2384669923,0.556466263992
258444,6.23870267259,0.555207534236
259040,6.23893719087,0.553951564973
259637,6.2391706318,0.552698343695
260235,6.23940306358,0.551447859416
260834,6.23963444378,0.550200110962
261437,6.23986479753,0.548955091181
262039,6.24009412168,0.547712795425
262643,6.24032241708,0.546473218694
263249,6.24054965438,0.545236358626
263856,6.24077590004,0.544002204486
264464,6.24100111735,0.542770754566
265073,6.24122528913,0.541542005434
265685,6.24144847106,0.540315947338
266297,6.24167062887,0.539092578342
266911,6.24189173764,0.537871895673
267526,6.24211200719,0.536653876366
268143,6.24233111231,0.535438543508
268761,6.24254937111,0.534225864881
269381,6.24276656395,0.53301585443
270002,6.24298275787,0.531808501511
270624,6.2431980154,0.530603795915
271248,6.24341228535,0.529401737124
271873,6.24362560737,0.528202316901
272500,6.2438380085,0.527005528104
273128,6.24404938456,0.525811374662
273758,6.24425984988,0.52461984207
274389,6.24446927213,0.523430936584
275021,6.24467789872,0.522244632607
275655,6.24488548103,0.521060946118
276291,6.24509211688,0.51987986407
276928,6.2452978483,0.518701378124
277566,6.24550264617,0.517525485874
278206,6.24570662137,0.516352173317
278847,6.24590953237,0.515181455604
279490,6.24611156493,0.514013312542
280134,6.24631265689,0.512847744439
280780,6.24651287818,0.511684740734
281427,6.24671221608,0.510524297678
282076,6.24691062862,0.509366413898
282726,6.24710815139,0.508211081685
283378,6.2473047549,0.507058298638
284031,6.24750053709,0.50590805202
284686,6.24769538388,0.504760346299
285342,6.24788935003,0.503615172247
286000,6.24808250541,0.502472519468
286659,6.24827467707,0.501332397103
287320,6.24846604784,0.500194785686
287983,6.24865651192,0.499059688942
288647,6.24884612753,0.497927097447
289312,6.24903485514,0.496797009602
289979,6.24922288925,0.49566940521
290647,6.24940992091,0.494544304064
291317,6.24959614745,0.493421685763
291989,6.24978150131,0.492301550917
292662,6.24996601475,0.491183892245
293337,6.25014972219,0.490068702323
294013,6.25033263551,0.488955975518
294691,6.25051468042,0.487845712936
295370,6.25069594733,0.486737902804
296051,6.25087628028,0.485632552562
296733,6.25105586035,0.484529643412
297417,6.25123467079,0.483429171993
298103,6.25141267155,0.482331136729
298790,6.25158980674,0.48123553724
299479,6.25176614479,0.480142363561
300169,6.25194171149,0.479051609046
300861,6.25211649635,0.477963269845
301555,6.25229039929,0.476877348937
302250,6.25246365372,0.475793823856
302947,6.25263598085,0.47471271119
303645,6.25280758645,0.473633990634
304345,6.25297839833,0.472557663034
305047,6.25314853916,0.471483714499
305750,6.25331783072,0.470412153859
306455,6.2534863948,0.469342967309
307161,6.25365425244,0.468276148678
307869,6.25382111327,0.467211715074
308579,6.25398742424,0.466149628455
309290,6.25415294095,0.465089902502
310003,6.25431764461,0.464032533991
310718,6.25448160974,0.462977512784
311434,6.25464493057,0.461924827343
312152,6.25480740578,0.460874487972
312872,6.25496933511,0.459826468011
313593,6.25513032586,0.458780791791
314316,6.25529063504,0.457737435839
315040,6.2554502294,0.456696398052
315767,6.25560910662,0.455657674055
316495,6.25576723891,0.454621261327
317224,6.25592463648,0.453587154576
317955,6.25608140652,0.452555341506
318688,6.25623746688,0.451525823565
319423,6.25639272879,0.450498602621
320159,6.25654731918,0.449473664997
320897,6.2567012434,0.448451005816
321637,6.25685443022,0.447430625686
322379,6.25700687741,0.446412520248
323122,6.2571587106,0.445396676046
323867,6.25730977268,0.444383099792
324613,6.25746034939,0.443371766718
325362,6.25760998894,0.442362704388
326112,6.25775897527,0.441355888181
326863,6.25790753425,0.440351297757
327617,6.25805523342,0.439348959141
328372,6.2582023384,0.438348849188
329129,6.25834862758,0.437350978977
329888,6.25849443827,0.436355320483
330648,6.2586394256,0.435361893351
331411,6.25878386128,0.434370674222
332175,6.25892760601,0.433381668373
332940,6.25907072229,0.432394867057
333708,6.2592130932,0.431410273934
334477,6.25935488508,0.430427873122
335248,6.25949615873,0.429447656085
336021,6.25963663697,0.428469637468
336796,6.25977649265,0.427493801009
337572,6.25991577266,0.426520139145
338350,6.26005434737,0.425548656347
339130,6.26019222706,0.424579347517
339912,6.26032960615,0.423612195114
340695,6.26046640864,0.422647199973
341481,6.26060246328,0.421684369305
342268,6.26073799183,0.420723683813
343057,6.26087286059,0.419765148167
343848,6.2610070745,0.418808757692
344640,6.26114077196,0.41785449881
345435,6.26127384023,0.416902374758
346231,6.26140626229,0.415952382347
347029,6.26153805554,0.415004516105
347829,6.26166928024,0.414058767738
348631,6.26179998391,0.413115129837
349435,6.26192999826,0.41217360923
350240,6.26205956434,0.411234185769
351048,6.26218831736,0.410296879148
351857,6.26231658267,0.409361663734
352668,6.26244424762,0.408428542662
353481,6.26257134755,0.407497509373
354296,6.26269786978,0.406568560454
355113,6.26282393352,0.405641683945
355931,6.26294931537,0.404716890102
356752,6.26307417818,0.403794164153
357574,6.26319832991,0.402873514254
358399,6.26332209229,0.401954915481
359225,6.26344509273,0.401038387564
360053,6.26356772549,0.400123901027
360883,6.26368977583,0.399211465449
361715,6.26381122397,0.39830107789
362549,6.26393222793,0.397392724124
363384,6.26405257568,0.396486413445
364222,6.26417226116,0.395582142022
365062,6.26429154789,0.394679889041
365903,6.26441025392,0.393779661847
366747,6.2645284751,0.392881450267
367592,6.26464596869,0.39198526537
368440,6.26476324824,0.39109107088
369289,6.26487967728,0.390198902449
370140,6.26499575353,0.38930872489
370994,6.2651112312,0.388420549401
371849,6.26522626202,0.387534362457
372706,6.26534087579,0.386650158153
373565,6.26545470877,0.385767954831
374426,6.2655681319,0.384887725507
375289,6.26568105956,0.384009471389
376155,6.26579330437,0.38313319987
377022,6.26590518902,0.382258887121
377891,6.26601671665,0.381386528951
378762,6.26612752787,0.380516143193
379635,6.26623790104,0.379647708844
380510,6.26634769175,0.378781230616
381387,6.26645713527,0.377916690251
382267,6.26656599208,0.377054098193
383148,6.26667447066,0.376193437867
384031,6.26678221984,0.375334726335
384916,6.26688949139,0.374477944445
385804,6.26699653312,0.373623073426
386693,6.26710292294,0.372770134491
387584,6.26720886194,0.371919111648
388478,6.26731422389,0.371070008401
389373,6.26741915352,0.370222812182
390271,6.26752370829,0.369377515654
391171,6.2676276497,0.368534128918
392072,6.2677312106,0.367692634299
392976,6.2678343129,0.366853032455
393882,6.26793675202,0.366015331392
394790,6.26803887409,0.365179506927
395700,6.2681404946,0.364345565913
396612,6.26824193699,0.363513485655
397527,6.26834272308,0.362683290014
398443,6.2684429992,0.361854966553
399362,6.26854264261,0.361028518416
